official_store_id,branch_name,google_place_id,sample_position,review_rating,review_text,original_review_text,publish_time,relative_publish_time,author_name,review_url,source,retrieved_at
37,Al Ain,ChIJaVP-IbGtij4REpj8CjkEfdo,1,2,"I got a gel manicure and pedicure on June 15, but the polish started peeling the very next day. It began with my thumb, then spread to four nails within a few days.

I contacted the salon within 4 days and requested a full removal instead of redoing them, as I didn’t want to spend another 2 hours fixing something that might chip again. They refused.

This was very disappointing. The service was great until there was an issue—then the response completely changed.

For context, I don’t do house chores like dishwashing that could cause early chipping.","I got a gel manicure and pedicure on June 15, but the polish started peeling the very next day. It began with my thumb, then spread to four nails within a few days.

I contacted the salon within 4 days and requested a full removal instead of redoing them, as I didn’t want to spend another 2 hours fixing something that might chip again. They refused.

This was very disappointing. The service was great until there was an issue—then the response completely changed.

For context, I don’t do house chores like dishwashing that could cause early chipping.",2026-06-19T09:33:44.059594894Z,2 months ago,H Webbll,https://www.google.com/maps/reviews/data=!4m6!14m5!1m4!2m3!1sCi9DQUlRQUNvZENodHljRjlvT25KSFltMHhURmhOTmxaVExXWXRSVTk0YjBGMGVGRRAB!2m1!1s0x3e8aadb121fe5369:0xda7d04390afc9812,Google Places API (New); API returns up to 5 review samples,2026-09-02T15:15:30+00:00
37,Al Ain,ChIJaVP-IbGtij4REpj8CjkEfdo,2,5,"I had such a lovely experience! She did my nails beautifully with so much attention to detail. She was incredibly kind, friendly, and easy to talk to, which made the whole appointment so comfortable. I’m so happy with the results and will definitely be coming back. Highly recommend her!

Her name is GERALDINE 🤍","I had such a lovely experience! She did my nails beautifully with so much attention to detail. She was incredibly kind, friendly, and easy to talk to, which made the whole appointment so comfortable. I’m so happy with the results and will definitely be coming back. Highly recommend her!

Her name is GERALDINE 🤍",2026-06-26T09:13:22.639973978Z,2 months ago,maitha aldhaheri,https://www.google.com/maps/reviews/data=!4m6!14m5!1m4!2m3!1sCi9DQUlRQUNvZENodHljRjlvT25Wd2RXdDZTSE42ZERCQ0xXRmxNWFpOVkhGeGNGRRAB!2m1!1s0x3e8aadb121fe5369:0xda7d04390afc9812,Google Places API (New); API returns up to 5 review samples,2026-09-02T15:15:30+00:00
37,Al Ain,ChIJaVP-IbGtij4REpj8CjkEfdo,3,5,"Had such a lovely experience💖

Dao and Linh were absolutely amazing. So kind, gentle, and attentive to every detail. They really listened to what I wanted and made sure everything was perfect.

My nails turned out flawless, clean, precise, and beautifully done. I could truly tell they care about their work and their clients.

Highly recommend asking for Dao and Linh if you want perfect nail art and a genuinely pleasant experience.","Had such a lovely experience💖

Dao and Linh were absolutely amazing. So kind, gentle, and attentive to every detail. They really listened to what I wanted and made sure everything was perfect.

My nails turned out flawless, clean, precise, and beautifully done. I could truly tell they care about their work and their clients.

Highly recommend asking for Dao and Linh if you want perfect nail art and a genuinely pleasant experience.",2026-01-25T15:41:12.634453872Z,7 months ago,Mouza Alshamsi,https://www.google.com/maps/reviews/data=!4m6!14m5!1m4!2m3!1sCi9DQUlRQUNvZENodHljRjlvT2tkUWFrc3dTblJ0TURJd1NsaGxOMkZ2WTNadlQzYxAB!2m1!1s0x3e8aadb121fe5369:0xda7d04390afc9812,Google Places API (New); API returns up to 5 review samples,2026-09-02T15:15:30+00:00
37,Al Ain,ChIJaVP-IbGtij4REpj8CjkEfdo,4,5,"⭐️⭐️⭐️⭐️⭐️
I seriously can’t recommend this place enough! Fawziya is AMAZING 🤍 She does my eyebrows, facials, and waxing and she’s always so quick, gentle, and precise. Super friendly, always makes me feel comfortable, and honestly I wouldn’t replace her with anyone, I’d recommend her in a heartbeat!

The staff are all so lovely and welcoming, and I really love how they genuinely try to make life easier for their customers. Every visit is smooth, relaxed, and just a great experience overall. My go-to place every time! 💕","⭐️⭐️⭐️⭐️⭐️
I seriously can’t recommend this place enough! Fawziya is AMAZING 🤍 She does my eyebrows, facials, and waxing and she’s always so quick, gentle, and precise. Super friendly, always makes me feel comfortable, and honestly I wouldn’t replace her with anyone, I’d recommend her in a heartbeat!

The staff are all so lovely and welcoming, and I really love how they genuinely try to make life easier for their customers. Every visit is smooth, relaxed, and just a great experience overall. My go-to place every time! 💕",2025-12-20T08:01:13.162560211Z,8 months ago,Rhand Elkarib,https://www.google.com/maps/reviews/data=!4m6!14m5!1m4!2m3!1sCi9DQUlRQUNvZENodHljRjlvT25CdWEwSTRRbVZCVkVwYU9EVTNTMm94TkdzemVIYxAB!2m1!1s0x3e8aadb121fe5369:0xda7d04390afc9812,Google Places API (New); API returns up to 5 review samples,2026-09-02T15:15:30+00:00
37,Al Ain,ChIJaVP-IbGtij4REpj8CjkEfdo,5,5,"Absolutely loved my nail extensions 😍✨
The shape, finishing and design turned out so beautiful and clean. The nails look elegant and feel super comfortable too. Staff was friendly and very professional. Highly recommended for anyone who wants pretty and classy nails 💅💕","Absolutely loved my nail extensions 😍✨
The shape, finishing and design turned out so beautiful and clean. The nails look elegant and feel super comfortable too. Staff was friendly and very professional. Highly recommended for anyone who wants pretty and classy nails 💅💕",2026-05-19T18:38:17.176338946Z,3 months ago,puja rwt,https://www.google.com/maps/reviews/data=!4m6!14m5!1m4!2m3!1sCi9DQUlRQUNvZENodHljRjlvT2tKRFlUTjZVeTFqV21Kc05rcFNabFZTTVd4dVFrRRAB!2m1!1s0x3e8aadb121fe5369:0xda7d04390afc9812,Google Places API (New); API returns up to 5 review samples,2026-09-02T15:15:30+00:00
30,Al Barsha,ChIJ692_u5NrXz4RTD99fc17TzU,1,5,"I had a wonderful experience at Bedashing, Al Barsha branch! The salon is very spacious and beautifully designed, with a separate section for hair treatments and dedicated areas for different services. I loved how organized everything was.

They also have a wide variety of nail polish colors, which made it so easy to find exactly what I wanted. The team was ready and welcoming as soon as I confirmed my services which is super efficient and friendly!

Prem Maya did my pedicure and was incredibly professional, precise, and patient. She truly takes her time to ensure everything is perfect.

Rogelyn helped me pick out a nail color and did a fantastic job with the application, precision, and thoughtful tips. She works quickly yet pays attention to every detail.

Overall, a great experience with a talented and kind team, I’ll definitely be returning! ✨","I had a wonderful experience at Bedashing, Al Barsha branch! The salon is very spacious and beautifully designed, with a separate section for hair treatments and dedicated areas for different services. I loved how organized everything was.

They also have a wide variety of nail polish colors, which made it so easy to find exactly what I wanted. The team was ready and welcoming as soon as I confirmed my services which is super efficient and friendly!

Prem Maya did my pedicure and was incredibly professional, precise, and patient. She truly takes her time to ensure everything is perfect.

Rogelyn helped me pick out a nail color and did a fantastic job with the application, precision, and thoughtful tips. She works quickly yet pays attention to every detail.

Overall, a great experience with a talented and kind team, I’ll definitely be returning! ✨",2025-11-01T09:38:16.849145399Z,10 months ago,TRD,https://www.google.com/maps/reviews/data=!4m6!14m5!1m4!2m3!1sCi9DQUlRQUNvZENodHljRjlvT25ZeVQyaEZNbmc0VW1ObE0xTndhREpaYVVrNWNuYxAB!2m1!1s0x3e5f6b93bbbfddeb:0x354f7bcd7d7d3f4c,Google Places API (New); API returns up to 5 review samples,2026-09-02T15:15:30+00:00
30,Al Barsha,ChIJ692_u5NrXz4RTD99fc17TzU,2,1,"Extremely disappointing experience. I went in for the most basic service possible (just a blowdry) to relax and pamper myself. I naturally have white hair strands, and after I got home, I noticed some of them had literally turned yellow/brassy.

What’s frustrating is that I use heat on my hair almost every single day and this has NEVER happened before. The only difference was my appointment at this salon.

When I contacted them, instead of properly handling the situation or offering any real solution, they immediately became defensive and started blaming me and even blamed an anti-frizz treatment I had done OVER A YEAR AGO. Their “apology” was basically: “this never happened before” and “the technician didn’t use anything.” That’s not accountability. Just because something “never happened before” does not mean it didn’t happen to me. The issue started immediately after my appointment, yet there was zero effort to investigate properly, fix the damage, or make things right.

For a salon that presents itself as high end, the customer service was shockingly dismissive. I left feeling blamed, unheard, and honestly upset over something that should have been a simple relaxing experience.

Would not recommend if you actually care about the condition of your hair or how clients are treated when something goes wrong.","Extremely disappointing experience. I went in for the most basic service possible (just a blowdry) to relax and pamper myself. I naturally have white hair strands, and after I got home, I noticed some of them had literally turned yellow/brassy.

What’s frustrating is that I use heat on my hair almost every single day and this has NEVER happened before. The only difference was my appointment at this salon.

When I contacted them, instead of properly handling the situation or offering any real solution, they immediately became defensive and started blaming me and even blamed an anti-frizz treatment I had done OVER A YEAR AGO. Their “apology” was basically: “this never happened before” and “the technician didn’t use anything.” That’s not accountability. Just because something “never happened before” does not mean it didn’t happen to me. The issue started immediately after my appointment, yet there was zero effort to investigate properly, fix the damage, or make things right.

For a salon that presents itself as high end, the customer service was shockingly dismissive. I left feeling blamed, unheard, and honestly upset over something that should have been a simple relaxing experience.

Would not recommend if you actually care about the condition of your hair or how clients are treated when something goes wrong.",2026-05-22T11:40:03.392999467Z,3 months ago,Basma Alghanim,https://www.google.com/maps/reviews/data=!4m6!14m5!1m4!2m3!1sCi9DQUlRQUNvZENodHljRjlvT21velpUVTBNM1ZYUjBadWRHRnZaR0V6WDBKR1kxRRAB!2m1!1s0x3e5f6b93bbbfddeb:0x354f7bcd7d7d3f4c,Google Places API (New); API returns up to 5 review samples,2026-09-02T15:15:30+00:00
30,Al Barsha,ChIJ692_u5NrXz4RTD99fc17TzU,3,4,"I had my first visit last week and had a good time. The team were really attentive, offering complimentary drinks and popcorn, which made the whole experience feel welcoming and relaxed. I went for a pedicure this time, but I was especially pleased to see the range of manicures treatments they offer, particularly as I’m not a fan of e-filing.

Bedashing feels like a place that really caters to everyone, especially if you’re more conscious about treatments and nail health.

The space itself is interesting , it can feel a little clinical, with the rows of seats, bright lighting, and lack of music. That said, it didn’t take away from the overall experience, and I’ll definitely be visiting again.","I had my first visit last week and had a good time. The team were really attentive, offering complimentary drinks and popcorn, which made the whole experience feel welcoming and relaxed. I went for a pedicure this time, but I was especially pleased to see the range of manicures treatments they offer, particularly as I’m not a fan of e-filing.

Bedashing feels like a place that really caters to everyone, especially if you’re more conscious about treatments and nail health.

The space itself is interesting , it can feel a little clinical, with the rows of seats, bright lighting, and lack of music. That said, it didn’t take away from the overall experience, and I’ll definitely be visiting again.",2026-05-03T13:48:56.967560530Z,4 months ago,Alicia Eke,https://www.google.com/maps/reviews/data=!4m6!14m5!1m4!2m3!1sCi9DQUlRQUNvZENodHljRjlvT2w5d2JtRjZSbU4yUkRWbGFrTnpYek5qWlVneWVVRRAB!2m1!1s0x3e5f6b93bbbfddeb:0x354f7bcd7d7d3f4c,Google Places API (New); API returns up to 5 review samples,2026-09-02T15:15:30+00:00
30,Al Barsha,ChIJ692_u5NrXz4RTD99fc17TzU,4,5,"Today I visited the Moroccan bath, and it was absolutely wonderful! 🤍 A huge thank you to Samira for her care, kindness, and professionalism. She was so gentle and attentive during the treatment that it brought back childhood memories of being bathed by my mom🤗 Thank you to the entire team for your warm hospitality, attention to detail, and wonderful atmosphere. I will definitely be back!","Today I visited the Moroccan bath, and it was absolutely wonderful! 🤍 A huge thank you to Samira for her care, kindness, and professionalism. She was so gentle and attentive during the treatment that it brought back childhood memories of being bathed by my mom🤗 Thank you to the entire team for your warm hospitality, attention to detail, and wonderful atmosphere. I will definitely be back!",2026-07-11T15:08:57.854908014Z,a month ago,Карина Шкурова,https://www.google.com/maps/reviews/data=!4m6!14m5!1m4!2m3!1sCi9DQUlRQUNvZENodHljRjlvT25ZNWVFdDRSblZLTm1KNlIzcEpTRjh3Y1RSdFkxRRAB!2m1!1s0x3e5f6b93bbbfddeb:0x354f7bcd7d7d3f4c,Google Places API (New); API returns up to 5 review samples,2026-09-02T15:15:30+00:00
30,Al Barsha,ChIJ692_u5NrXz4RTD99fc17TzU,5,5,"Sameera one of the bestttt lady that doing marocan bath!
Shes sooooo kind and friendly!
Try and enjoy it ! 😋✨✨✨","Sameera one of the bestttt lady that doing marocan bath!
Shes sooooo kind and friendly!
Try and enjoy it ! 😋✨✨✨",2026-05-17T16:46:47.410345574Z,3 months ago,M.,https://www.google.com/maps/reviews/data=!4m6!14m5!1m4!2m3!1sCi9DQUlRQUNvZENodHljRjlvT25SbGRIcHhORzlRT0Rkd05ETjJSalp6UjNWUmRXYxAB!2m1!1s0x3e5f6b93bbbfddeb:0x354f7bcd7d7d3f4c,Google Places API (New); API returns up to 5 review samples,2026-09-02T15:15:30+00:00
46,Al Dhafra Branch,ChIJNxX7ddBnZz4RvodXaYBSH6Q,1,5,"Thank you so much, Linh! I love my nails and extensions. You did such a beautiful job. I’m very happy with the result!","Thank you so much, Linh! I love my nails and extensions. You did such a beautiful job. I’m very happy with the result!",2026-06-14T16:01:16.923356395Z,2 months ago,ayesha alhammadi,https://www.google.com/maps/reviews/data=!4m6!14m5!1m4!2m3!1sCi9DQUlRQUNvZENodHljRjlvT2taRWFEUklRVFZNV2pOaWFXUkpNR0pwYm1sTVoyYxAB!2m1!1s0x3e6767d075fb1537:0xa41f5280695787be,Google Places API (New); API returns up to 5 review samples,2026-09-02T15:15:30+00:00
46,Al Dhafra Branch,ChIJNxX7ddBnZz4RvodXaYBSH6Q,2,5,"had such a great experience at the salon! I did a manicure, pedicure, and eyebrow threading, and everything was done perfectly. The place is clean, relaxing, and the staff are very professional. Special thanks to Lynette — she was super gentle, friendly, and made sure I was comfortable the whole time. My nails and brows look amazing! Definitely coming back again! 💅✨","had such a great experience at the salon! I did a manicure, pedicure, and eyebrow threading, and everything was done perfectly. The place is clean, relaxing, and the staff are very professional. Special thanks to Lynette — she was super gentle, friendly, and made sure I was comfortable the whole time. My nails and brows look amazing! Definitely coming back again! 💅✨",2025-11-07T11:02:54.644803394Z,9 months ago,shamos,https://www.google.com/maps/reviews/data=!4m6!14m5!1m4!2m3!1sCi9DQUlRQUNvZENodHljRjlvT25GYWMwczBaVkkzWmtJMmFuVjVOVE5NUjFoeVMzYxAB!2m1!1s0x3e6767d075fb1537:0xa41f5280695787be,Google Places API (New); API returns up to 5 review samples,2026-09-02T15:15:30+00:00
46,Al Dhafra Branch,ChIJNxX7ddBnZz4RvodXaYBSH6Q,3,4,"The nail cleaning service was excellent and the staff were very professional. However, I only requested a small trim for the ends of my hair, as it was already washed and clean. Considering the simplicity of the service, a price of 300 AED feels excessively high.","The nail cleaning service was excellent and the staff were very professional. However, I only requested a small trim for the ends of my hair, as it was already washed and clean. Considering the simplicity of the service, a price of 300 AED feels excessively high.",2025-12-09T12:22:15.892130700Z,8 months ago,Zainab Alhammadi,https://www.google.com/maps/reviews/data=!4m6!14m5!1m4!2m3!1sCi9DQUlRQUNvZENodHljRjlvT2xKd2VHd3RaMnRsYkV4SFdHSlNVR2s0UmtWbVUyYxAB!2m1!1s0x3e6767d075fb1537:0xa41f5280695787be,Google Places API (New); API returns up to 5 review samples,2026-09-02T15:15:30+00:00
46,Al Dhafra Branch,ChIJNxX7ddBnZz4RvodXaYBSH6Q,4,5,"I had a great experience with Kiran. She is extremely skilled, patient, and pays attention to every detail. My eyebrows always look natural and perfectly shaped. I highly recommend her!","I had a great experience with Kiran. She is extremely skilled, patient, and pays attention to every detail. My eyebrows always look natural and perfectly shaped. I highly recommend her!",2026-01-15T10:45:33.707612886Z,7 months ago,Nashwa Almansoori,https://www.google.com/maps/reviews/data=!4m6!14m5!1m4!2m3!1sCi9DQUlRQUNvZENodHljRjlvT25aRVVWOWlaMngwU25GcGVXdGhla0pGUjFGNVVGRRAB!2m1!1s0x3e6767d075fb1537:0xa41f5280695787be,Google Places API (New); API returns up to 5 review samples,2026-09-02T15:15:30+00:00
46,Al Dhafra Branch,ChIJNxX7ddBnZz4RvodXaYBSH6Q,5,1,"I had a manicure and pedicure appointment for myself and my sister at 8:00 PM and arrived exactly on time, yet we were made to wait around 35 minutes while staff kept apologizing and saying they would start soon.

When the technician finally began my service, I was asked to wait again despite having a confirmed appointment and already waiting a long time. This showed very poor appointment management and a lack of respect for customers’ time, so I decided to leave without receiving any service.","I had a manicure and pedicure appointment for myself and my sister at 8:00 PM and arrived exactly on time, yet we were made to wait around 35 minutes while staff kept apologizing and saying they would start soon.

When the technician finally began my service, I was asked to wait again despite having a confirmed appointment and already waiting a long time. This showed very poor appointment management and a lack of respect for customers’ time, so I decided to leave without receiving any service.",2026-03-27T00:50:06.503299564Z,5 months ago,Afra Almazrouei,https://www.google.com/maps/reviews/data=!4m6!14m5!1m4!2m3!1sCi9DQUlRQUNvZENodHljRjlvT2xoTVUxUktSVVJDUjJaNGJXMVRNQzFaWkc5NE4wRRAB!2m1!1s0x3e6767d075fb1537:0xa41f5280695787be,Google Places API (New); API returns up to 5 review samples,2026-09-02T15:15:30+00:00
39,Al Falah,ChIJhST-PqhLXj4R4Ns1HCNIcjA,1,1,"I’m extremely disappointed with the service I received at this this branch

I came in with a clear makeup inspiration photo and specifically asked for that look. What I received was completely different from what I requested. On top of that, the makeup products used felt very cheap and low quality. I paid around AED 500 for my makeup, and I genuinely can’t  believe that this is the standard of products and service provided for that price

To make matters worse, the eyelash glue that was used was absolutely awful. It burned my eyes and caused significant discomfort throughout the appointment. That is completely unacceptable and definitely will take an action

I also had my hair styled in simple waves, yet it turned out to be the worst wavy hairstyle I've ever had. A basic hairstyle should not be this poorly executed.

What upset me the most, however, was the hairstylist's behavior. Instead of being professional, she repeatedly commented on how thin my hair is and told me that I should take better care of it. Those remarks were unnecessary, unprofessional, and disrespectful. No customer should be made to feel judged or criticized during a salon appointment.

Your management seriously needs to train your staff not only on technical skills but also on how to communicate with customers respectfully. I came expecting a premium experience based on your reputation and pricing, but I left feeling frustrated, disappointed, and like I had completely wasted my money

I expect this complaint to be taken seriously","I’m extremely disappointed with the service I received at this this branch

I came in with a clear makeup inspiration photo and specifically asked for that look. What I received was completely different from what I requested. On top of that, the makeup products used felt very cheap and low quality. I paid around AED 500 for my makeup, and I genuinely can’t  believe that this is the standard of products and service provided for that price

To make matters worse, the eyelash glue that was used was absolutely awful. It burned my eyes and caused significant discomfort throughout the appointment. That is completely unacceptable and definitely will take an action

I also had my hair styled in simple waves, yet it turned out to be the worst wavy hairstyle I've ever had. A basic hairstyle should not be this poorly executed.

What upset me the most, however, was the hairstylist's behavior. Instead of being professional, she repeatedly commented on how thin my hair is and told me that I should take better care of it. Those remarks were unnecessary, unprofessional, and disrespectful. No customer should be made to feel judged or criticized during a salon appointment.

Your management seriously needs to train your staff not only on technical skills but also on how to communicate with customers respectfully. I came expecting a premium experience based on your reputation and pricing, but I left feeling frustrated, disappointed, and like I had completely wasted my money

I expect this complaint to be taken seriously",2026-07-11T16:50:17.001853768Z,a month ago,AD,https://www.google.com/maps/reviews/data=!4m6!14m5!1m4!2m3!1sCi9DQUlRQUNvZENodHljRjlvT21aaWNucG9hMGRFZVhKVVlXaE9MVzVYVVd0T1ZXYxAB!2m1!1s0x3e5e4ba83efe2485:0x307248231c35dbe0,Google Places API (New); API returns up to 5 review samples,2026-09-02T15:15:30+00:00
39,Al Falah,ChIJhST-PqhLXj4R4Ns1HCNIcjA,2,5,"I had such a lovely experience. The facial was very relaxing, and the service was so good from beginning to end. Iqra did an amazing job and made me feel very comfortable. She was gentle, professional, and really took her time. I left feeling refreshed, relaxed, and very happy with the result. Thank you, Iqra, for the wonderful service.","I had such a lovely experience. The facial was very relaxing, and the service was so good from beginning to end. Iqra did an amazing job and made me feel very comfortable. She was gentle, professional, and really took her time. I left feeling refreshed, relaxed, and very happy with the result. Thank you, Iqra, for the wonderful service.",2026-04-23T07:15:11.284462934Z,4 months ago,Maryam Bintook,https://www.google.com/maps/reviews/data=!4m6!14m5!1m4!2m3!1sCi9DQUlRQUNvZENodHljRjlvT2xoMFN6QkZUVFJJTFdWeVREbFpRbmd4V2twTFEwRRAB!2m1!1s0x3e5e4ba83efe2485:0x307248231c35dbe0,Google Places API (New); API returns up to 5 review samples,2026-09-02T15:15:30+00:00
39,Al Falah,ChIJhST-PqhLXj4R4Ns1HCNIcjA,3,5,"i had the best experience, Everyone is so sweet and welcoming, and the service is absolutely incredible. I showed Nisairah a picture of the nails I wanted, and she matched it perfectly, I’m beyond satisfied! I highly recommend going to her she’s truly the best💗💗💗💗","i had the best experience, Everyone is so sweet and welcoming, and the service is absolutely incredible. I showed Nisairah a picture of the nails I wanted, and she matched it perfectly, I’m beyond satisfied! I highly recommend going to her she’s truly the best💗💗💗💗",2025-05-02T17:28:35.092528Z,a year ago,f6oom,https://www.google.com/maps/reviews/data=!4m6!14m5!1m4!2m3!1sChZDSUhNMG9nS0VJQ0FnTUNZZ3BPYWZ3EAE!2m1!1s0x3e5e4ba83efe2485:0x307248231c35dbe0,Google Places API (New); API returns up to 5 review samples,2026-09-02T15:15:30+00:00
39,Al Falah,ChIJhST-PqhLXj4R4Ns1HCNIcjA,4,5,"I want to thank Tereesa for her amazing work. I showed her a reference of what I wanted, and she delivered something even better than I expected. The service was always excellent, and the staff were very friendly and welcoming","I want to thank Tereesa for her amazing work. I showed her a reference of what I wanted, and she delivered something even better than I expected. The service was always excellent, and the staff were very friendly and welcoming",2026-05-26T07:43:56.227036347Z,3 months ago,Alaa Safwat,https://www.google.com/maps/reviews/data=!4m6!14m5!1m4!2m3!1sCi9DQUlRQUNvZENodHljRjlvT2psVWJETjFSRFZEZGxORllXaFJjbU5WTVRSdU1GRRAB!2m1!1s0x3e5e4ba83efe2485:0x307248231c35dbe0,Google Places API (New); API returns up to 5 review samples,2026-09-02T15:15:30+00:00
39,Al Falah,ChIJhST-PqhLXj4R4Ns1HCNIcjA,5,5,"The best beauty lounge ever. Whenever I want to relax and pamper myself I find myself in Bedashing all stuff are fairytales they have magical hands, they do everything perfectly, they are kind and also they care about everything about you. Love you endlessly Bedashing 🫶🏻 💕","The best beauty lounge ever. Whenever I want to relax and pamper myself I find myself in Bedashing all stuff are fairytales they have magical hands, they do everything perfectly, they are kind and also they care about everything about you. Love you endlessly Bedashing 🫶🏻 💕",2026-04-10T09:12:10.988976221Z,4 months ago,Khulood Ali,https://www.google.com/maps/reviews/data=!4m6!14m5!1m4!2m3!1sCi9DQUlRQUNvZENodHljRjlvT2xNd2QxZGpPVTFQYm1wRVZrZEdZMmxZU1hkQ05uYxAB!2m1!1s0x3e5e4ba83efe2485:0x307248231c35dbe0,Google Places API (New); API returns up to 5 review samples,2026-09-02T15:15:30+00:00
50,Al Jada,ChIJYcoAMNNfXz4RhygkXYRIdZk,1,1,"The pictures you see are supposed to be “ombre nail art with ballerina cut” and this unprofessional work with paint and glue residue, is what I got in Bedashing Al Jada. I really wish I can rate this (zero). This is the worst nail work I had in my entire life. There are noticeable gaps around the nail, the extension nail type is very cheap and bulky. The technician kept saying this can’t be done and that can’t be done, it doesn’t seem like she has an experience at all. I got a serious back pain after 2.5 hours sitting on a chair that was super uncomfortable and had to pay for this horrible experience 792 dirhams, after the technicians insisted that they add a treatment without mentioning that it will bear extra cost. I went the next morning to another salon in Dubai that transformed my nails into Pinterest worthy. NEVER COMING BACK TO ANY BEDASHING CENTER SOR SURE","The pictures you see are supposed to be “ombre nail art with ballerina cut” and this unprofessional work with paint and glue residue, is what I got in Bedashing Al Jada. I really wish I can rate this (zero). This is the worst nail work I had in my entire life. There are noticeable gaps around the nail, the extension nail type is very cheap and bulky. The technician kept saying this can’t be done and that can’t be done, it doesn’t seem like she has an experience at all. I got a serious back pain after 2.5 hours sitting on a chair that was super uncomfortable and had to pay for this horrible experience 792 dirhams, after the technicians insisted that they add a treatment without mentioning that it will bear extra cost. I went the next morning to another salon in Dubai that transformed my nails into Pinterest worthy. NEVER COMING BACK TO ANY BEDASHING CENTER SOR SURE",2026-01-17T10:32:01.238452373Z,7 months ago,MA 241,https://www.google.com/maps/reviews/data=!4m6!14m5!1m4!2m3!1sCi9DQUlRQUNvZENodHljRjlvT2tKVE4yTkdVVlJ6VHpCVVQxWnVSWEZFT1V0WlpFRRAB!2m1!1s0x3e5f5fd33000ca61:0x997548845d242887,Google Places API (New); API returns up to 5 review samples,2026-09-02T15:15:30+00:00
50,Al Jada,ChIJYcoAMNNfXz4RhygkXYRIdZk,2,1,"Dashing has a great brand reputation, but unfortunately, the service quality doesn’t live up to it. The staff are always friendly and professional, but the actual work is inconsistent. I’ve experienced hair breakage during a blow-dry, cuticles being injured during manicures, and recently I was promised a 30% discount on Kérastase products that was never applied, leaving me paying more than I would have online. The only reason I still visit is because it’s close to where I live when I’m in a hurry. Massage & Moroccan bath normal but expensive.. I am disappointed","Dashing has a great brand reputation, but unfortunately, the service quality doesn’t live up to it. The staff are always friendly and professional, but the actual work is inconsistent. I’ve experienced hair breakage during a blow-dry, cuticles being injured during manicures, and recently I was promised a 30% discount on Kérastase products that was never applied, leaving me paying more than I would have online. The only reason I still visit is because it’s close to where I live when I’m in a hurry. Massage & Moroccan bath normal but expensive.. I am disappointed",2026-07-05T07:02:24.220350235Z,a month ago,Girl Exclusive,https://www.google.com/maps/reviews/data=!4m6!14m5!1m4!2m3!1sCi9DQUlRQUNvZENodHljRjlvT2xvMmVFRm9ibTB0Tm1sQ2IwOHpYMWxVVG5aalZVRRAB!2m1!1s0x3e5f5fd33000ca61:0x997548845d242887,Google Places API (New); API returns up to 5 review samples,2026-09-02T15:15:30+00:00
50,Al Jada,ChIJYcoAMNNfXz4RhygkXYRIdZk,3,5,"A huge thank you to Corazon and Sheirlyn! 🤍
They did our nails perfectly. The gel application was flawless, and the overall work was absolutely amazing. Everything was neat, clean, and professionally done. I’m so happy with the results. Highly recommend!","A huge thank you to Corazon and Sheirlyn! 🤍
They did our nails perfectly. The gel application was flawless, and the overall work was absolutely amazing. Everything was neat, clean, and professionally done. I’m so happy with the results. Highly recommend!",2026-08-04T13:12:24.289379188Z,4 weeks ago,H B,https://www.google.com/maps/reviews/data=!4m6!14m5!1m4!2m3!1sCi9DQUlRQUNvZENodHljRjlvT21odE1WZHFObmt3Ym1Rd2NYcE9iRUUyVEZOcFMyYxAB!2m1!1s0x3e5f5fd33000ca61:0x997548845d242887,Google Places API (New); API returns up to 5 review samples,2026-09-02T15:15:30+00:00
50,Al Jada,ChIJYcoAMNNfXz4RhygkXYRIdZk,4,5,"I had a wonderful experience at Bedashing Beauty Lounge. The service was absolutely amazing, and the atmosphere was very comfortable and welcoming. I got my manicure done, and I’m really happy with the results.

A special thank you to Corazon and Sheirlyn—they were both incredibly professional, patient, and detail-oriented. They took their time to make sure everything was perfect, and their kindness made the whole experience even better.

I highly recommend them if you’re looking for great service and beautiful results. I will definitely be coming back","I had a wonderful experience at Bedashing Beauty Lounge. The service was absolutely amazing, and the atmosphere was very comfortable and welcoming. I got my manicure done, and I’m really happy with the results.

A special thank you to Corazon and Sheirlyn—they were both incredibly professional, patient, and detail-oriented. They took their time to make sure everything was perfect, and their kindness made the whole experience even better.

I highly recommend them if you’re looking for great service and beautiful results. I will definitely be coming back",2026-03-18T13:29:28.480396010Z,5 months ago,Aisha Alsuwaidi,https://www.google.com/maps/reviews/data=!4m6!14m5!1m4!2m3!1sCi9DQUlRQUNvZENodHljRjlvT213MVZFZDZiMGxSUzI5WWMwbHNUbTh5UzFrMGVIYxAB!2m1!1s0x3e5f5fd33000ca61:0x997548845d242887,Google Places API (New); API returns up to 5 review samples,2026-09-02T15:15:30+00:00
50,Al Jada,ChIJYcoAMNNfXz4RhygkXYRIdZk,5,1,"I stopped going to this salon several months ago after a painful manicure and pedicure experience where I was injured and resulted in a serious infection. I contacted customer service at the time, but apart from an apology, nothing seemed to change.

I recently decided to give Badasing in Aljada a second chance, but unfortunately I had the exact same technician and the same experience. I booked a simple, regular manicure, yet during the entire appointment she kept trying to upsell me to other services such as gel and Russian manicure, as well as hand oils and creams. Being asked once is understandable, but repeatedly pushing additional services and products throughout the appointment was overwhelming and very frustrating. If I wanted a different service, I would have booked it. If I wanted to buy products, I would have asked for them.

On top of that, she cut my cuticles so aggressively that every single finger was hurt, and several of them started bleeding. I repeatedly told her that it was painful, but she continued in the same way and insisted that my skin was “just sensitive.” A professional manicure should never leave a client with bleeding fingers and unnecessary pain that could easily lead to an infection!

What is most disappointing is that this is the second time this has happened, despite my previous complaint. I gave this salon another chance because I expected they would improve, but unfortunately nothing seems to have changed. I cannot recommend this salon based on my experience, especially to anyone who values proper nail care, professionalism, and respect for the client’s comfort.","I stopped going to this salon several months ago after a painful manicure and pedicure experience where I was injured and resulted in a serious infection. I contacted customer service at the time, but apart from an apology, nothing seemed to change.

I recently decided to give Badasing in Aljada a second chance, but unfortunately I had the exact same technician and the same experience. I booked a simple, regular manicure, yet during the entire appointment she kept trying to upsell me to other services such as gel and Russian manicure, as well as hand oils and creams. Being asked once is understandable, but repeatedly pushing additional services and products throughout the appointment was overwhelming and very frustrating. If I wanted a different service, I would have booked it. If I wanted to buy products, I would have asked for them.

On top of that, she cut my cuticles so aggressively that every single finger was hurt, and several of them started bleeding. I repeatedly told her that it was painful, but she continued in the same way and insisted that my skin was “just sensitive.” A professional manicure should never leave a client with bleeding fingers and unnecessary pain that could easily lead to an infection!

What is most disappointing is that this is the second time this has happened, despite my previous complaint. I gave this salon another chance because I expected they would improve, but unfortunately nothing seems to have changed. I cannot recommend this salon based on my experience, especially to anyone who values proper nail care, professionalism, and respect for the client’s comfort.",2026-06-10T14:33:56.935594570Z,2 months ago,Maryam Alteneiji,https://www.google.com/maps/reviews/data=!4m6!14m5!1m4!2m3!1sCi9DQUlRQUNvZENodHljRjlvT25KQ05WcHZkRXREZGtGV1lrVmtkRzlaTUZvNVdHYxAB!2m1!1s0x3e5f5fd33000ca61:0x997548845d242887,Google Places API (New); API returns up to 5 review samples,2026-09-02T15:15:30+00:00
45,Al Maqta,ChIJIcgTO9ZDXj4RbWXJ_yrpjuM,1,5,"Amazing experience ❤️

Loriene did my haircut, and she was very fast and understood exactly what I wanted. I really loved the result!

Angela & Januta did my manicure and pedicure, and they were both so kind and professional. Their work was excellent.

Thank you all so much ❤️","Amazing experience ❤️

Loriene did my haircut, and she was very fast and understood exactly what I wanted. I really loved the result!

Angela & Januta did my manicure and pedicure, and they were both so kind and professional. Their work was excellent.

Thank you all so much ❤️",2026-05-25T15:59:43.475177736Z,3 months ago,jawaher aljneibi,https://www.google.com/maps/reviews/data=!4m6!14m5!1m4!2m3!1sCi9DQUlRQUNvZENodHljRjlvT2pSaE5VWnhaM28yUVROeVRYZHdWRlkxYkhoWVYzYxAB!2m1!1s0x3e5e43d63b13c821:0xe38ee92affc9656d,Google Places API (New); API returns up to 5 review samples,2026-09-02T15:15:30+00:00
45,Al Maqta,ChIJIcgTO9ZDXj4RbWXJ_yrpjuM,2,5,"I had a great experience today in the salon , I got my perfect lashes done by Rosalina , my eyebrows by Januka , My mani by Da Tao , the pedi was by Januka too.

My awesome hair treatment and blow-dry were done my Sarita , she really knows how to do the hair ( especially curly hair).

Finally , never forget the massage that was done by Mayel, I felt relaxed 😍","I had a great experience today in the salon , I got my perfect lashes done by Rosalina , my eyebrows by Januka , My mani by Da Tao , the pedi was by Januka too.

My awesome hair treatment and blow-dry were done my Sarita , she really knows how to do the hair ( especially curly hair).

Finally , never forget the massage that was done by Mayel, I felt relaxed 😍",2026-07-09T18:11:26.548784816Z,a month ago,Nouf Aldhaheri,https://www.google.com/maps/reviews/data=!4m6!14m5!1m4!2m3!1sCi9DQUlRQUNvZENodHljRjlvT2twb1lsSmpZWE5JVDNOWGVWRnplbEp1Wm1GUVNWRRAB!2m1!1s0x3e5e43d63b13c821:0xe38ee92affc9656d,Google Places API (New); API returns up to 5 review samples,2026-09-02T15:15:30+00:00
45,Al Maqta,ChIJIcgTO9ZDXj4RbWXJ_yrpjuM,3,5,"I had the best experience with my hair stylist Sumud. She really took care of my hair and gave me a treatment that felt tailored exactly to what I needed. My hair and scalp feel so refreshed, and I truly appreciated the care she puts into her work. You can tell she works with her heart. I’m so grateful to have found someone who genuinely knows what she’s doing. Thank you Sumud for such a beautiful experience, I can’t wait to come back again 🤍","I had the best experience with my hair stylist Sumud. She really took care of my hair and gave me a treatment that felt tailored exactly to what I needed. My hair and scalp feel so refreshed, and I truly appreciated the care she puts into her work. You can tell she works with her heart. I’m so grateful to have found someone who genuinely knows what she’s doing. Thank you Sumud for such a beautiful experience, I can’t wait to come back again 🤍",2026-04-16T18:09:12.919631569Z,4 months ago,shurooq karam,https://www.google.com/maps/reviews/data=!4m6!14m5!1m4!2m3!1sCi9DQUlRQUNvZENodHljRjlvT2xaQ1h6QlRYelowTFhCWVFVNHlVMU5uVVhCemVVRRAB!2m1!1s0x3e5e43d63b13c821:0xe38ee92affc9656d,Google Places API (New); API returns up to 5 review samples,2026-09-02T15:15:30+00:00
45,Al Maqta,ChIJIcgTO9ZDXj4RbWXJ_yrpjuM,4,5,"I went with my friend for mani pedi appointment today. Rojean, Timberly and Roselyn and another lady were our technicians. We enjoyed the service and it was as expected. The staff were professional and the lady at the cashier was very helpful, she kept my phone on charging. Overall the service was excellent.","I went with my friend for mani pedi appointment today. Rojean, Timberly and Roselyn and another lady were our technicians. We enjoyed the service and it was as expected. The staff were professional and the lady at the cashier was very helpful, she kept my phone on charging. Overall the service was excellent.",2026-04-29T16:37:53.268828907Z,4 months ago,U*****b Az,https://www.google.com/maps/reviews/data=!4m6!14m5!1m4!2m3!1sCi9DQUlRQUNvZENodHljRjlvT2xsWE1IVXRNRjl4ZGpoWVFVaDJabFJoZGtaUVMwRRAB!2m1!1s0x3e5e43d63b13c821:0xe38ee92affc9656d,Google Places API (New); API returns up to 5 review samples,2026-09-02T15:15:30+00:00
45,Al Maqta,ChIJIcgTO9ZDXj4RbWXJ_yrpjuM,5,5,"Honestly, one of the best bedashing branches in terms of professionalism, service, and overall positive energy.

First, I would like to thank Sehrish from the Grooming department for her excellent attitude, precision, and attention to detail. Her work is extremely neat, and her commitment to the highest hygiene standards is very clear. You truly feel you’re in safe and professional hands.

Second, a big thank you to Mayriz from the reception team (I hope I spelled the name correctly). I arrived late, and she had every right to cancel my appointment due to another client waiting. However, with her professionalism, kindness, and positive attitude, she managed to accommodate both of us and find a solution that satisfied everyone. I didn’t lose my appointment, and the other client was also happy. Her constant smile and lovely manners made the whole experience even better 🤍

Last but not least, I would like to thank Rojean and Kidest from the nail department for doing an amazing job. My nails turned out beautifully, with deep and thorough cleaning and great attention to detail. They were extremely careful with hygiene standards, and their positive energy made the time pass so quickly and pleasantly.

In short: Al Maqtaa branch is outstanding — highly recommended without hesitation. 🌟","Honestly, one of the best bedashing branches in terms of professionalism, service, and overall positive energy.

First, I would like to thank Sehrish from the Grooming department for her excellent attitude, precision, and attention to detail. Her work is extremely neat, and her commitment to the highest hygiene standards is very clear. You truly feel you’re in safe and professional hands.

Second, a big thank you to Mayriz from the reception team (I hope I spelled the name correctly). I arrived late, and she had every right to cancel my appointment due to another client waiting. However, with her professionalism, kindness, and positive attitude, she managed to accommodate both of us and find a solution that satisfied everyone. I didn’t lose my appointment, and the other client was also happy. Her constant smile and lovely manners made the whole experience even better 🤍

Last but not least, I would like to thank Rojean and Kidest from the nail department for doing an amazing job. My nails turned out beautifully, with deep and thorough cleaning and great attention to detail. They were extremely careful with hygiene standards, and their positive energy made the time pass so quickly and pleasantly.

In short: Al Maqtaa branch is outstanding — highly recommended without hesitation. 🌟",2025-12-26T08:21:31.854104574Z,8 months ago,H.H,https://www.google.com/maps/reviews/data=!4m6!14m5!1m4!2m3!1sCi9DQUlRQUNvZENodHljRjlvT2tkdlEwUm5kRVpXUlVJMFJIRkRWR2N4WkVFd2RrRRAB!2m1!1s0x3e5e43d63b13c821:0xe38ee92affc9656d,Google Places API (New); API returns up to 5 review samples,2026-09-02T15:15:30+00:00
51,Al Taif Mall,ChIJ0ePl4Sz59D4RPDea70PHVSs,1,5,"I had a wonderful experience at Bedashing Beauty Lounge! The service was excellent from start to finish, and everyone was so welcoming and professional. A special thank you to Pamila and Luzviminda for their amazing care and attention to detail. They made me feel comfortable, listened to exactly what I wanted, and did a fantastic job. I’m really happy with the results and will definitely be coming back. Highly recommend Bedashing Beauty Lounge to anyone looking for outstanding service!","I had a wonderful experience at Bedashing Beauty Lounge! The service was excellent from start to finish, and everyone was so welcoming and professional. A special thank you to Pamila and Luzviminda for their amazing care and attention to detail. They made me feel comfortable, listened to exactly what I wanted, and did a fantastic job. I’m really happy with the results and will definitely be coming back. Highly recommend Bedashing Beauty Lounge to anyone looking for outstanding service!",2026-06-27T21:11:01.368826577Z,2 months ago,Margot Romano,https://www.google.com/maps/reviews/data=!4m6!14m5!1m4!2m3!1sCi9DQUlRQUNvZENodHljRjlvT21ZMFdWZGhVR1ZuU1ZOS1pWWlFaM2RETjBWaGQxRRAB!2m1!1s0x3ef4f92ce1e5e3d1:0x2b55c743ef9a373c,Google Places API (New); API returns up to 5 review samples,2026-09-02T15:15:30+00:00
51,Al Taif Mall,ChIJ0ePl4Sz59D4RPDea70PHVSs,2,5,"Thank you, Bedashing Beauty Lounge at Fujairah branch for another amazing experience! My lashes and nails turned out beautifully. The staff were welcoming, kind skilled, professional, and paid great attention to detail. I truly appreciate the excellent service and highly recommend this salon! ✨💕","Thank you, Bedashing Beauty Lounge at Fujairah branch for another amazing experience! My lashes and nails turned out beautifully. The staff were welcoming, kind skilled, professional, and paid great attention to detail. I truly appreciate the excellent service and highly recommend this salon! ✨💕",2026-07-17T11:11:33.067513815Z,a month ago,Rosie Lavadia,https://www.google.com/maps/reviews/data=!4m6!14m5!1m4!2m3!1sCi9DQUlRQUNvZENodHljRjlvT2s1c1MwUkdWeTE0WDJ4a2EwSTRka05tUVZaWU5uYxAB!2m1!1s0x3ef4f92ce1e5e3d1:0x2b55c743ef9a373c,Google Places API (New); API returns up to 5 review samples,2026-09-02T15:15:30+00:00
51,Al Taif Mall,ChIJ0ePl4Sz59D4RPDea70PHVSs,3,5,I am happy with the service I've received from them. Staffs were all kind and humble. They all accommodate me and my friend wonderfully. Special thanks to Ma'am Lanie for doing my excellent gorgeous eyelashes and ma'am vicjy for assisting and accommodating us. Must worth to visit. Fujairah al taif mall,I am happy with the service I've received from them. Staffs were all kind and humble. They all accommodate me and my friend wonderfully. Special thanks to Ma'am Lanie for doing my excellent gorgeous eyelashes and ma'am vicjy for assisting and accommodating us. Must worth to visit. Fujairah al taif mall,2026-07-12T16:42:50.515196804Z,a month ago,Julie Ann Macatigbac,https://www.google.com/maps/reviews/data=!4m6!14m5!1m4!2m3!1sCi9DQUlRQUNvZENodHljRjlvT25kd1FWVmxkVkZFVFhwNlduaFFNREJOVkV0VmVIYxAB!2m1!1s0x3ef4f92ce1e5e3d1:0x2b55c743ef9a373c,Google Places API (New); API returns up to 5 review samples,2026-09-02T15:15:30+00:00
51,Al Taif Mall,ChIJ0ePl4Sz59D4RPDea70PHVSs,4,1,"I’m very disappointed with my experience at this branch. I regularly visit the Abu Dhabi branch and have never faced these issues there. Unfortunately, this branch shows very little respect for customers’ time and seems more focused on taking as many bookings as possible rather than providing quality service. The level of service is noticeably different from the other branches and lacks professionalism. The overall experience was disorganized and far below the standard I would expect from this brand. I hope management takes this feedback seriously and works on improving the customer experience at this location.","I’m very disappointed with my experience at this branch. I regularly visit the Abu Dhabi branch and have never faced these issues there. Unfortunately, this branch shows very little respect for customers’ time and seems more focused on taking as many bookings as possible rather than providing quality service. The level of service is noticeably different from the other branches and lacks professionalism. The overall experience was disorganized and far below the standard I would expect from this brand. I hope management takes this feedback seriously and works on improving the customer experience at this location.",2026-05-26T09:35:34.843175451Z,3 months ago,M K,https://www.google.com/maps/reviews/data=!4m6!14m5!1m4!2m3!1sCi9DQUlRQUNvZENodHljRjlvT25aalVVTlZRMmxCU2s5cFJsRkxORmxXVjB4dU0xRRAB!2m1!1s0x3ef4f92ce1e5e3d1:0x2b55c743ef9a373c,Google Places API (New); API returns up to 5 review samples,2026-09-02T15:15:30+00:00
51,Al Taif Mall,ChIJ0ePl4Sz59D4RPDea70PHVSs,5,1,"They are not punctual at all. I waited for half an hour before they even started, which is unacceptable. This is not a professional salon—especially when I arrived exactly on time for my appointment.
Also, the staff is very limited, which is surprising considering it’s Eid and their prices are higher compared to other salons. On top of that, the staff seem uninterested in their customers. After finishing my nails, no one checked on me—not a single staff member came to see if my nails were dry or if I needed anything.
The receptionist was also inattentive. I sat there for half an hour and no one approached me or acknowledged me. Eventually, I had to get up myself and speak to them.
Overall, a very disappointing experience.","They are not punctual at all. I waited for half an hour before they even started, which is unacceptable. This is not a professional salon—especially when I arrived exactly on time for my appointment.
Also, the staff is very limited, which is surprising considering it’s Eid and their prices are higher compared to other salons. On top of that, the staff seem uninterested in their customers. After finishing my nails, no one checked on me—not a single staff member came to see if my nails were dry or if I needed anything.
The receptionist was also inattentive. I sat there for half an hour and no one approached me or acknowledged me. Eventually, I had to get up myself and speak to them.
Overall, a very disappointing experience.",2026-03-19T19:19:39.522246378Z,5 months ago,Shamma Aljassim,https://www.google.com/maps/reviews/data=!4m6!14m5!1m4!2m3!1sCi9DQUlRQUNvZENodHljRjlvT2tabk5IUm5ZVkprZFhkRlZHUmFaR2t4YzA5T1duYxAB!2m1!1s0x3ef4f92ce1e5e3d1:0x2b55c743ef9a373c,Google Places API (New); API returns up to 5 review samples,2026-09-02T15:15:30+00:00
36,Baniyas,ChIJ5ch6Hag3Xj4RlU_4s1p7o8s,1,5,"Lilibeth always amaze me with her hair technique and always make me feel fresh with the new styles
Thank you Lili thank you Bedashing Baniyas team ❤️ and thank you for the amazing supervisor and receptionist","Lilibeth always amaze me with her hair technique and always make me feel fresh with the new styles
Thank you Lili thank you Bedashing Baniyas team ❤️ and thank you for the amazing supervisor and receptionist",2026-07-20T12:31:54.938255166Z,a month ago,A.M. A.M,https://www.google.com/maps/reviews/data=!4m6!14m5!1m4!2m3!1sCi9DQUlRQUNvZENodHljRjlvT2tWVFNsZEhUa0pxWW1wRVoycGFaamxHYTFCd09XYxAB!2m1!1s0x3e5e37a81d7ac8e5:0xcba37b5ab3f84f95,Google Places API (New); API returns up to 5 review samples,2026-09-02T15:15:30+00:00
36,Baniyas,ChIJ5ch6Hag3Xj4RlU_4s1p7o8s,2,5,"i did my nails with angle. she’s really good at french nails. i really loved them. the service was 10/10, and my manicure is so clean!","i did my nails with angle. she’s really good at french nails. i really loved them. the service was 10/10, and my manicure is so clean!",2026-07-16T14:43:07.232915405Z,a month ago,Osha Alshamsi,https://www.google.com/maps/reviews/data=!4m6!14m5!1m4!2m3!1sCi9DQUlRQUNvZENodHljRjlvT2tSc1kyVjBTVTF2WTFoR1RWUTRjQzFTYzI5aE5XYxAB!2m1!1s0x3e5e37a81d7ac8e5:0xcba37b5ab3f84f95,Google Places API (New); API returns up to 5 review samples,2026-09-02T15:15:30+00:00
36,Baniyas,ChIJ5ch6Hag3Xj4RlU_4s1p7o8s,3,2,"Unfortunately, I was very disappointed with the nail service this time. I got my nails done, and one nail fell off the very next day. I went back to have it fixed, but the following day another nail broke. In the end, I had to go to another salon to fix and remove all of them. I honestly expected much better quality and durability from the service.","Unfortunately, I was very disappointed with the nail service this time. I got my nails done, and one nail fell off the very next day. I went back to have it fixed, but the following day another nail broke. In the end, I had to go to another salon to fix and remove all of them. I honestly expected much better quality and durability from the service.",2026-05-28T16:56:33.470538311Z,3 months ago,Mariam Alzaabi,https://www.google.com/maps/reviews/data=!4m6!14m5!1m4!2m3!1sCi9DQUlRQUNvZENodHljRjlvT2pCM01HRldXR3RLWVZCTE5FWmhNWE10U0ZSbFluYxAB!2m1!1s0x3e5e37a81d7ac8e5:0xcba37b5ab3f84f95,Google Places API (New); API returns up to 5 review samples,2026-09-02T15:15:30+00:00
36,Baniyas,ChIJ5ch6Hag3Xj4RlU_4s1p7o8s,4,1,"my hair experience was extremely disappointing  especially on Eid morning.

I asked for a very simple hairstyle: soft wavy hair. Instead, my hair was burned twice because of improper heat styling, and it ended up looking damaged and over-processed rather than styled.

When I said I didn’t want to pay for a service that ruined my hair, I was told to “wash your hair and leave” even though I was already late i spent over an hour at the saloon!!!.

What upset me most was that the focus became making sure I paid before leaving, rather than caring about the condition of my hair. I literally walked with missy hair on  Eid.

Very upsetting and unprofessional experience. I would never expect this level of treatment or carelessness, especially on such an important day and such well known saloon !!!","my hair experience was extremely disappointing  especially on Eid morning.

I asked for a very simple hairstyle: soft wavy hair. Instead, my hair was burned twice because of improper heat styling, and it ended up looking damaged and over-processed rather than styled.

When I said I didn’t want to pay for a service that ruined my hair, I was told to “wash your hair and leave” even though I was already late i spent over an hour at the saloon!!!.

What upset me most was that the focus became making sure I paid before leaving, rather than caring about the condition of my hair. I literally walked with missy hair on  Eid.

Very upsetting and unprofessional experience. I would never expect this level of treatment or carelessness, especially on such an important day and such well known saloon !!!",2026-05-27T12:19:34.360585831Z,3 months ago,Mahra Salem,https://www.google.com/maps/reviews/data=!4m6!14m5!1m4!2m3!1sCi9DQUlRQUNvZENodHljRjlvT25CU1JHczRhbVp3T1RkMlRrTXlia1pEZVZCdU5VRRAB!2m1!1s0x3e5e37a81d7ac8e5:0xcba37b5ab3f84f95,Google Places API (New); API returns up to 5 review samples,2026-09-02T15:15:30+00:00
36,Baniyas,ChIJ5ch6Hag3Xj4RlU_4s1p7o8s,5,5,"Lily is amazing, I did my hair with her. She’s great in hair cut, I used to do my hair with her long time ago. i am glade I passed by, I was reminded of how great hair can look ! Latterly the best hair stylist","Lily is amazing, I did my hair with her. She’s great in hair cut, I used to do my hair with her long time ago. i am glade I passed by, I was reminded of how great hair can look ! Latterly the best hair stylist",2026-05-07T09:26:17.428101137Z,3 months ago,shaima S,https://www.google.com/maps/reviews/data=!4m6!14m5!1m4!2m3!1sCi9DQUlRQUNvZENodHljRjlvT2pKSWNVeFNkRGRUV25OVFdWOTJRelU0U21kdFRrRRAB!2m1!1s0x3e5e37a81d7ac8e5:0xcba37b5ab3f84f95,Google Places API (New); API returns up to 5 review samples,2026-09-02T15:15:30+00:00
28,City Walk,ChIJgarf82RCXz4Rk5W7_Oh9ZCM,1,5,"My girl friend had a great experience at Be Dashing Beauty Lounge City Walk!

She loved her haircut so much and as per her Special thanks to Janice for her professionalism, attention to detail, and friendly service. Highly recommended, and she’ll ll definitely be back! 😊✂️✨","My girl friend had a great experience at Be Dashing Beauty Lounge City Walk!

She loved her haircut so much and as per her Special thanks to Janice for her professionalism, attention to detail, and friendly service. Highly recommended, and she’ll ll definitely be back! 😊✂️✨",2026-06-09T09:39:16.409714996Z,2 months ago,Ron Alfred Caraig,https://www.google.com/maps/reviews/data=!4m6!14m5!1m4!2m3!1sCi9DQUlRQUNvZENodHljRjlvT25RM05sUnZNVk5YZVZCTmVXaERRbk0xUmt4Q01sRRAB!2m1!1s0x3e5f4264f3dfaa81:0x23647de8fcbb9593,Google Places API (New); API returns up to 5 review samples,2026-09-02T15:15:30+00:00
28,City Walk,ChIJgarf82RCXz4Rk5W7_Oh9ZCM,2,5,"Where do I even begin? ✨

Bedashing City Walk has become one of my favorite salon destinations, and every visit has been a wonderful experience. Honestly, each time I go, the experience is just as good as the last.

From the moment you walk in, you’re welcomed by friendly, respectful, smiling and professional office girls and receptionists who always make you feel comfortable.

My go-to services are the Glow Bar facial, hands and feet services and treatments, hand and foot care starting from Orlyn, Maricirs, Cristabelle & others, massage and hair services. I’ve always been happy with the quality, attention to detail, and overall experience. Adding the new lady came from AbuDhabi (Carla).

One of the things I love most about this branch is the atmosphere comparing to other branches—it’s quiet, peaceful, and relaxing, making it the perfect place to unwind and enjoy a little self-care.

I highly recommend the Bedashing City Walk branch to anyone looking for excellent service, a welcoming team, everything, and a consistently enjoyable salon experience. Looking forward to many more visits! 💖","Where do I even begin? ✨

Bedashing City Walk has become one of my favorite salon destinations, and every visit has been a wonderful experience. Honestly, each time I go, the experience is just as good as the last.

From the moment you walk in, you’re welcomed by friendly, respectful, smiling and professional office girls and receptionists who always make you feel comfortable.

My go-to services are the Glow Bar facial, hands and feet services and treatments, hand and foot care starting from Orlyn, Maricirs, Cristabelle & others, massage and hair services. I’ve always been happy with the quality, attention to detail, and overall experience. Adding the new lady came from AbuDhabi (Carla).

One of the things I love most about this branch is the atmosphere comparing to other branches—it’s quiet, peaceful, and relaxing, making it the perfect place to unwind and enjoy a little self-care.

I highly recommend the Bedashing City Walk branch to anyone looking for excellent service, a welcoming team, everything, and a consistently enjoyable salon experience. Looking forward to many more visits! 💖",2026-07-07T15:20:35.910618133Z,a month ago,R M,https://www.google.com/maps/reviews/data=!4m6!14m5!1m4!2m3!1sCi9DQUlRQUNvZENodHljRjlvT2poNGFuRkRkSGxVWTNoS2VrOWZWR3hqWTFwck9GRRAB!2m1!1s0x3e5f4264f3dfaa81:0x23647de8fcbb9593,Google Places API (New); API returns up to 5 review samples,2026-09-02T15:15:30+00:00
28,City Walk,ChIJgarf82RCXz4Rk5W7_Oh9ZCM,3,5,"My absolute favorite salon! I travel from Ras Al Khaimah every time just to come here, and I would never change my salon. The main reason is Thao, who has been doing my nails for me every visit. She is amazing, incredibly talented, and always makes my nails look flawless. Her kindness, professionalism, and attention to detail keep me coming back every single time. Thank you, Thao, for always making me feel beautiful and confident. Highly recommend! 🌷✨💕","My absolute favorite salon! I travel from Ras Al Khaimah every time just to come here, and I would never change my salon. The main reason is Thao, who has been doing my nails for me every visit. She is amazing, incredibly talented, and always makes my nails look flawless. Her kindness, professionalism, and attention to detail keep me coming back every single time. Thank you, Thao, for always making me feel beautiful and confident. Highly recommend! 🌷✨💕",2026-06-10T12:22:52.468326342Z,2 months ago,Shatha Mhmd,https://www.google.com/maps/reviews/data=!4m6!14m5!1m4!2m3!1sCi9DQUlRQUNvZENodHljRjlvT2tvMVJFMDFkMDFPVTJoV2RYaHdNR1U0YVMxb1psRRAB!2m1!1s0x3e5f4264f3dfaa81:0x23647de8fcbb9593,Google Places API (New); API returns up to 5 review samples,2026-09-02T15:15:30+00:00
28,City Walk,ChIJgarf82RCXz4Rk5W7_Oh9ZCM,4,5,"Janice was amazing! She did my hair so quickly, and it turned out even better than I expected. She’s so kind, and her work is absolutely beautiful. I couldn’t be happier with the result!","Janice was amazing! She did my hair so quickly, and it turned out even better than I expected. She’s so kind, and her work is absolutely beautiful. I couldn’t be happier with the result!",2026-07-01T08:58:09.513051715Z,2 months ago,shema Alh,https://www.google.com/maps/reviews/data=!4m6!14m5!1m4!2m3!1sCi9DQUlRQUNvZENodHljRjlvT25aaGNUTTJWbDlWU2twaU9FSm5NRXRsZDJ0alIxRRAB!2m1!1s0x3e5f4264f3dfaa81:0x23647de8fcbb9593,Google Places API (New); API returns up to 5 review samples,2026-09-02T15:15:30+00:00
28,City Walk,ChIJgarf82RCXz4Rk5W7_Oh9ZCM,5,5,"Janice is the one! ✨✂️ She gave me a haircut that has me checking my reflection every chance I get. Super friendly, talented, and attentive. I left the salon smiling and feeling fabulous. Thank you, Janice! 💕 thxxx city walk team","Janice is the one! ✨✂️ She gave me a haircut that has me checking my reflection every chance I get. Super friendly, talented, and attentive. I left the salon smiling and feeling fabulous. Thank you, Janice! 💕 thxxx city walk team",2026-06-19T08:46:52.874635382Z,2 months ago,Catalia Ashton,https://www.google.com/maps/reviews/data=!4m6!14m5!1m4!2m3!1sCi9DQUlRQUNvZENodHljRjlvT2taSFpubzVabWRqVUZSdmJUVk5ZMUIxTTBvek1HYxAB!2m1!1s0x3e5f4264f3dfaa81:0x23647de8fcbb9593,Google Places API (New); API returns up to 5 review samples,2026-09-02T15:15:30+00:00
38,Delma,ChIJ_Vu7UilmXj4R0AsGTzHwkaU,1,5,"I had such a lovely experience with Ellen from Pedashing Dalma branch and Shanti from Dubai branch (currently at Dalma branch). They did an amazing job with my nails — the work was beautiful, super clean, and very professional. Both of them were so kind, friendly, and made the whole experience really enjoyable. I’m so happy with the result and would definitely recommend them. Thank you so much 🤍","I had such a lovely experience with Ellen from Pedashing Dalma branch and Shanti from Dubai branch (currently at Dalma branch). They did an amazing job with my nails — the work was beautiful, super clean, and very professional. Both of them were so kind, friendly, and made the whole experience really enjoyable. I’m so happy with the result and would definitely recommend them. Thank you so much 🤍",2026-05-26T18:04:36.760057919Z,3 months ago,A,https://www.google.com/maps/reviews/data=!4m6!14m5!1m4!2m3!1sCi9DQUlRQUNvZENodHljRjlvT2xVd2FsVkpiR3RyYTNKVExYazNPWGRmVjFkc2VrRRAB!2m1!1s0x3e5e662952bb5bfd:0xa591f0314f060bd0,Google Places API (New); API returns up to 5 review samples,2026-09-02T15:15:30+00:00
38,Delma,ChIJ_Vu7UilmXj4R0AsGTzHwkaU,2,5,It's my first time with this place and it won't be the last. Since I entered i was amazed with the smile of the lovely staff and their welcoming and attitude  I haven't waited even and everything was done and finished on time as promised.  Big thanks to the lovely Afsheen she has a magical touch and she fixed my eyebrows in a lovely way. Also the ladies who have done for me Padi and Mani it was really amazing,It's my first time with this place and it won't be the last. Since I entered i was amazed with the smile of the lovely staff and their welcoming and attitude  I haven't waited even and everything was done and finished on time as promised.  Big thanks to the lovely Afsheen she has a magical touch and she fixed my eyebrows in a lovely way. Also the ladies who have done for me Padi and Mani it was really amazing,2026-01-08T12:36:07.763470704Z,7 months ago,noor zaki,https://www.google.com/maps/reviews/data=!4m6!14m5!1m4!2m3!1sCi9DQUlRQUNvZENodHljRjlvT21wWGFEUkhXbmhUWkU1eWMwdEJjV3BoU3pGeU1uYxAB!2m1!1s0x3e5e662952bb5bfd:0xa591f0314f060bd0,Google Places API (New); API returns up to 5 review samples,2026-09-02T15:15:30+00:00
38,Delma,ChIJ_Vu7UilmXj4R0AsGTzHwkaU,3,5,"“Elvira” is an amazing nail technician! Her work is very professional, and she pays great attention to every small detail. She is skilled, meticulous, and always delivers beautiful results. I highly recommend her to anyone looking for high-quality manicure services.","“Elvira” is an amazing nail technician! Her work is very professional, and she pays great attention to every small detail. She is skilled, meticulous, and always delivers beautiful results. I highly recommend her to anyone looking for high-quality manicure services.",2026-06-16T09:39:26.744223152Z,2 months ago,Nua Belle,https://www.google.com/maps/reviews/data=!4m6!14m5!1m4!2m3!1sCi9DQUlRQUNvZENodHljRjlvT25NeVZHSm1TV0phWWw4MFdGaDBWbnBWVkdkeWVuYxAB!2m1!1s0x3e5e662952bb5bfd:0xa591f0314f060bd0,Google Places API (New); API returns up to 5 review samples,2026-09-02T15:15:30+00:00
38,Delma,ChIJ_Vu7UilmXj4R0AsGTzHwkaU,4,5,"Amazing experience at Bedashing Salon! 🤍
The massage was one of the best I’ve ever had – so relaxing and calming. Huge thanks to Elvira, she’s truly talented and made the whole experience perfect. Highly recommended!","Amazing experience at Bedashing Salon! 🤍
The massage was one of the best I’ve ever had – so relaxing and calming. Huge thanks to Elvira, she’s truly talented and made the whole experience perfect. Highly recommended!",2026-04-06T12:34:55.229391589Z,4 months ago,Hend Rashed,https://www.google.com/maps/reviews/data=!4m6!14m5!1m4!2m3!1sCi9DQUlRQUNvZENodHljRjlvT2tOS1MwaHRZM1JuT1U5alowNVhVM0pJZG1WWFowRRAB!2m1!1s0x3e5e662952bb5bfd:0xa591f0314f060bd0,Google Places API (New); API returns up to 5 review samples,2026-09-02T15:15:30+00:00
38,Delma,ChIJ_Vu7UilmXj4R0AsGTzHwkaU,5,5,"First time in bedashing and i loved everything!! Salon is super clean, elegant and comfy. Staff are professional and friendly as well. I did the summer package and I’m completely satisfied. Thank to Jhecklenn,
Katrika, Jarilyn ,Analiza for the Massage, hair dry and nails!!!","First time in bedashing and i loved everything!! Salon is super clean, elegant and comfy. Staff are professional and friendly as well. I did the summer package and I’m completely satisfied. Thank to Jhecklenn,
Katrika, Jarilyn ,Analiza for the Massage, hair dry and nails!!!",2024-07-09T17:38:47.276380Z,2 years ago,Noor Aburoumi,https://www.google.com/maps/reviews/data=!4m6!14m5!1m4!2m3!1sChZDSUhNMG9nS0VJQ0FnSUNyMWJyVWVnEAE!2m1!1s0x3e5e662952bb5bfd:0xa591f0314f060bd0,Google Places API (New); API returns up to 5 review samples,2026-09-02T15:15:30+00:00
32,Jumeirah Park,ChIJ-0P7Jf1tXz4Rje7-0YFcM3Q,1,1,"This place used to be one of my go-to places whenever I needed good service, but unfortunately, that is no longer the case. My last visit was extremely disappointing and far below the standard I had come to expect.

The nail technician assigned to me seemed to have very limited experience, and I left with bleeding, pain, and damaged skin around my nails. While I was bleeding, instead of stopping to properly assist me, she continued working on my other nails and kept spraying nail polish remover on the injured area, which caused more discomfort. She also removed a piece of skin from the side of my nail, making the experience even more painful.

I reported the situation to Dunia, the receptionist, and asked to speak with the manager. Unfortunately, her response and attitude were very disappointing. She said the manager was not available and refused to even contact her to inform her about what had happened. I expected at least some concern, an apology, or an attempt to resolve the issue, especially as a loyal customer.

I have recommended this place to many people in the past because of the professionalism and service I previously experienced. It is truly a shame to see such a decline. A loyal customer deserves to feel valued, heard, and reassured not simply asked to pay and leave.","This place used to be one of my go-to places whenever I needed good service, but unfortunately, that is no longer the case. My last visit was extremely disappointing and far below the standard I had come to expect.

The nail technician assigned to me seemed to have very limited experience, and I left with bleeding, pain, and damaged skin around my nails. While I was bleeding, instead of stopping to properly assist me, she continued working on my other nails and kept spraying nail polish remover on the injured area, which caused more discomfort. She also removed a piece of skin from the side of my nail, making the experience even more painful.

I reported the situation to Dunia, the receptionist, and asked to speak with the manager. Unfortunately, her response and attitude were very disappointing. She said the manager was not available and refused to even contact her to inform her about what had happened. I expected at least some concern, an apology, or an attempt to resolve the issue, especially as a loyal customer.

I have recommended this place to many people in the past because of the professionalism and service I previously experienced. It is truly a shame to see such a decline. A loyal customer deserves to feel valued, heard, and reassured not simply asked to pay and leave.",2026-07-13T12:09:45.320272346Z,a month ago,Dr. Asma Jooaan,https://www.google.com/maps/reviews/data=!4m6!14m5!1m4!2m3!1sCi9DQUlRQUNvZENodHljRjlvT2pCdGNYRTFNRXh4YUY5T00yVTBaR3RYVURaUlJWRRAB!2m1!1s0x3e5f6dfd25fb43fb:0x74335c81d1feee8d,Google Places API (New); API returns up to 5 review samples,2026-09-02T15:15:30+00:00
32,Jumeirah Park,ChIJ-0P7Jf1tXz4Rje7-0YFcM3Q,2,5,"I removed my acrylics and did a gel mani pedi. I also got a massage, eyebrow lamination, and half face wax. Services were perfect and all the technicians are very nice, skilled, and helpful. Great experience.","I removed my acrylics and did a gel mani pedi. I also got a massage, eyebrow lamination, and half face wax. Services were perfect and all the technicians are very nice, skilled, and helpful. Great experience.",2026-03-07T13:50:44.559682501Z,5 months ago,Ayse Gül Darendeli,https://www.google.com/maps/reviews/data=!4m6!14m5!1m4!2m3!1sCi9DQUlRQUNvZENodHljRjlvT2tZeU9HVnpiR2hoWnpoVWFHRnVPVjlzZDB4R2VWRRAB!2m1!1s0x3e5f6dfd25fb43fb:0x74335c81d1feee8d,Google Places API (New); API returns up to 5 review samples,2026-09-02T15:15:30+00:00
32,Jumeirah Park,ChIJ-0P7Jf1tXz4Rje7-0YFcM3Q,3,5,"I’ve been going to this salon for a while now and doing my nails with Princess. Honestly the best work and the sweetest nail tech! Always happy to try new things and nail art :)
I keep getting compliments on my nails and I’ve never had a problem. The staff is amazing and very caring!","I’ve been going to this salon for a while now and doing my nails with Princess. Honestly the best work and the sweetest nail tech! Always happy to try new things and nail art :)
I keep getting compliments on my nails and I’ve never had a problem. The staff is amazing and very caring!",2024-02-08T17:20:30.186855Z,2 years ago,RA,https://www.google.com/maps/reviews/data=!4m6!14m5!1m4!2m3!1sChdDSUhNMG9nS0VJQ0FnSUR0NzZTUHlBRRAB!2m1!1s0x3e5f6dfd25fb43fb:0x74335c81d1feee8d,Google Places API (New); API returns up to 5 review samples,2026-09-02T15:15:30+00:00
32,Jumeirah Park,ChIJ-0P7Jf1tXz4Rje7-0YFcM3Q,4,5,"What an amazing experience. From the nice warm welcome from Donia when entered to the nice vibe of the place, then the perfect nail work of Shanti and Glenda who are really talented. Most natural looking hard gel ever had. I’m a very happy customer who will definitely return","What an amazing experience. From the nice warm welcome from Donia when entered to the nice vibe of the place, then the perfect nail work of Shanti and Glenda who are really talented. Most natural looking hard gel ever had. I’m a very happy customer who will definitely return",2025-10-27T09:07:34.175384424Z,10 months ago,Sara Elzayat,https://www.google.com/maps/reviews/data=!4m6!14m5!1m4!2m3!1sCi9DQUlRQUNvZENodHljRjlvT2s1RGExSXhVRWN5YkRCSWRXUm9iWGxOWkZwVFMwRRAB!2m1!1s0x3e5f6dfd25fb43fb:0x74335c81d1feee8d,Google Places API (New); API returns up to 5 review samples,2026-09-02T15:15:30+00:00
32,Jumeirah Park,ChIJ-0P7Jf1tXz4Rje7-0YFcM3Q,5,5,"My go to place everytime anytime for the past 5 yrs in jp great staff very kind warm and friendly also amazing perfectionist professionals no matter who or which technician ive tried results are always wow be it my hair with jyothi who fixed my haircut after i did it elsewhere, eyebrows with jena she does amazing nails too, or nail extensions and mani melina, heidi, jena, for pedi shanti and glenda are great also the sweet accomodating and helpful  dunya and boshra. And we rly liked rajni's blowdry
P.s. todays nails were done by melina","My go to place everytime anytime for the past 5 yrs in jp great staff very kind warm and friendly also amazing perfectionist professionals no matter who or which technician ive tried results are always wow be it my hair with jyothi who fixed my haircut after i did it elsewhere, eyebrows with jena she does amazing nails too, or nail extensions and mani melina, heidi, jena, for pedi shanti and glenda are great also the sweet accomodating and helpful  dunya and boshra. And we rly liked rajni's blowdry
P.s. todays nails were done by melina",2026-04-12T14:28:27.877301672Z,4 months ago,A. S.,https://www.google.com/maps/reviews/data=!4m6!14m5!1m4!2m3!1sCi9DQUlRQUNvZENodHljRjlvT2t0WldscElVSGRLU25KUGEyZEdTbTFtU1dwM2NHYxAB!2m1!1s0x3e5f6dfd25fb43fb:0x74335c81d1feee8d,Google Places API (New); API returns up to 5 review samples,2026-09-02T15:15:30+00:00
40,Khaleej Al Arabi,ChIJ7Q7KjQNmXj4ROEhXBTwMTWk,1,5,"​I had an absolutely wonderful experience at Bedashing Beauty Lounge! From the moment I walked in, the reception team and therapists made me feel so incredibly welcome and at home.
​The attention to detail is unmatched—I am obsessed with how my nails turned out, and I tried the File Pedi for the first time. It was a total game-changer! My feet feel amazing, and the entire process was so relaxing.
​If you’re looking for top-tier service and professional results, I cannot recommend this place enough. It was the perfect treat-yourself moment!","​I had an absolutely wonderful experience at Bedashing Beauty Lounge! From the moment I walked in, the reception team and therapists made me feel so incredibly welcome and at home.
​The attention to detail is unmatched—I am obsessed with how my nails turned out, and I tried the File Pedi for the first time. It was a total game-changer! My feet feel amazing, and the entire process was so relaxing.
​If you’re looking for top-tier service and professional results, I cannot recommend this place enough. It was the perfect treat-yourself moment!",2026-03-06T07:32:02.590445964Z,6 months ago,Jerika Frances Flores,https://www.google.com/maps/reviews/data=!4m6!14m5!1m4!2m3!1sCi9DQUlRQUNvZENodHljRjlvT2xJdFlXSllOMlUyVEcxQ05HRjZlVUV0V2pSWmIyYxAB!2m1!1s0x3e5e66038dca0eed:0x694d0c3c05574838,Google Places API (New); API returns up to 5 review samples,2026-09-02T15:15:30+00:00
40,Khaleej Al Arabi,ChIJ7Q7KjQNmXj4ROEhXBTwMTWk,2,5,"Thank you, Saru and Ms April for an amazing lash session here in Bedashing Al Khaleej Branch! Will definitely be back and recommend you to all my friends.","Thank you, Saru and Ms April for an amazing lash session here in Bedashing Al Khaleej Branch! Will definitely be back and recommend you to all my friends.",2026-04-17T11:34:38.304274669Z,4 months ago,Frances Dy,https://www.google.com/maps/reviews/data=!4m6!14m5!1m4!2m3!1sCi9DQUlRQUNvZENodHljRjlvT25OTFpYQldORFozWWxreVREaFJhRzEzVVVWZlQxRRAB!2m1!1s0x3e5e66038dca0eed:0x694d0c3c05574838,Google Places API (New); API returns up to 5 review samples,2026-09-02T15:15:30+00:00
40,Khaleej Al Arabi,ChIJ7Q7KjQNmXj4ROEhXBTwMTWk,3,5,"I had an absolutely amazing experience today at Bedashing Beauty Salon with the Philip Martins treatment. It was beyond relaxing,so much that I want to do it every month! I recommend it to everyone. I’ve also been using the Philip Martins hair loss treatment for a few months, and my hair is growing! The team there is more than wonderful they have great experience with Philip Martins products. And the branch manager is excellent!","I had an absolutely amazing experience today at Bedashing Beauty Salon with the Philip Martins treatment. It was beyond relaxing,so much that I want to do it every month! I recommend it to everyone. I’ve also been using the Philip Martins hair loss treatment for a few months, and my hair is growing! The team there is more than wonderful they have great experience with Philip Martins products. And the branch manager is excellent!",2026-04-17T13:43:22.531760053Z,4 months ago,Mona Husain,https://www.google.com/maps/reviews/data=!4m6!14m5!1m4!2m3!1sCi9DQUlRQUNvZENodHljRjlvT2xVeWExaEtPRk5LUm0xUlV6TkhlakpoVUZsNmNXYxAB!2m1!1s0x3e5e66038dca0eed:0x694d0c3c05574838,Google Places API (New); API returns up to 5 review samples,2026-09-02T15:15:30+00:00
40,Khaleej Al Arabi,ChIJ7Q7KjQNmXj4ROEhXBTwMTWk,4,3,"Over priced services for mani and pedi and the technicians  are not great - I did my nails on 2 November and didn't like the finishing of the work done for my manicure  noticed that they have black dots  and the nail polish is not put on the nails properly and cleaning of the sides of nail is not clean.

Feel free to zoom in the photos and check the work done.

Also i called the customer service and mentioned my issue and that i sent an email and no response from anyone","Over priced services for mani and pedi and the technicians  are not great - I did my nails on 2 November and didn't like the finishing of the work done for my manicure  noticed that they have black dots  and the nail polish is not put on the nails properly and cleaning of the sides of nail is not clean.

Feel free to zoom in the photos and check the work done.

Also i called the customer service and mentioned my issue and that i sent an email and no response from anyone",2025-11-05T05:32:01.347340515Z,10 months ago,reina hanna,https://www.google.com/maps/reviews/data=!4m6!14m5!1m4!2m3!1sCi9DQUlRQUNvZENodHljRjlvT25VMmNXTmZlbFk1VjFnM1RVbFRZWHBCY0hST1EyYxAB!2m1!1s0x3e5e66038dca0eed:0x694d0c3c05574838,Google Places API (New); API returns up to 5 review samples,2026-09-02T15:15:30+00:00
40,Khaleej Al Arabi,ChIJ7Q7KjQNmXj4ROEhXBTwMTWk,5,5,"Had an amazing gel manicure with Linh! She is absolutely the best – professional, attentive to detail, and made my nails look flawless. Highly recommend her services. Will definitely be coming back!","Had an amazing gel manicure with Linh! She is absolutely the best – professional, attentive to detail, and made my nails look flawless. Highly recommend her services. Will definitely be coming back!",2026-04-29T14:11:05.768840797Z,4 months ago,Safia Alwi,https://www.google.com/maps/reviews/data=!4m6!14m5!1m4!2m3!1sCi9DQUlRQUNvZENodHljRjlvT2sxd2QyY3dVa3RwZEdVMGJWaDJhMVUzVTE4d01XYxAB!2m1!1s0x3e5e66038dca0eed:0x694d0c3c05574838,Google Places API (New); API returns up to 5 review samples,2026-09-02T15:15:30+00:00
41,Khalifa City A,ChIJew69Lv1FXj4RjK59U-COz1k,1,5,"I only get my hands done with Rose Mendoza, her quality is impeccable!! She takes care of your nails like no other, truly. I have been going to Dashing Nails since it began, and finally now, I found someone who is just excellent! I call her style, the Rose Special hahaha
And for pedicure, it’s always Tran, she brought my toes back to life 🥹 and is always practical

Rose and Tran are such stars 🌟","I only get my hands done with Rose Mendoza, her quality is impeccable!! She takes care of your nails like no other, truly. I have been going to Dashing Nails since it began, and finally now, I found someone who is just excellent! I call her style, the Rose Special hahaha
And for pedicure, it’s always Tran, she brought my toes back to life 🥹 and is always practical

Rose and Tran are such stars 🌟",2026-07-25T17:24:42.126727042Z,a month ago,Nazia Rashid,https://www.google.com/maps/reviews/data=!4m6!14m5!1m4!2m3!1sCi9DQUlRQUNvZENodHljRjlvT25NMFozRndhV2hLZDFCTVNUTlRXa2hTV0d4ek9XYxAB!2m1!1s0x3e5e45fd2ebd0e7b:0x59cf8ee0537dae8c,Google Places API (New); API returns up to 5 review samples,2026-09-02T15:15:30+00:00
41,Khalifa City A,ChIJew69Lv1FXj4RjK59U-COz1k,2,5,"I had a great experience with Rose. She is professional, friendly, and pays great attention to detail. Her communication is excellent, and she made me feel comfortable throughout the appointment. I’m very happy with my nails and would definitely recommend her to anyone looking for a skilled nail technician.","I had a great experience with Rose. She is professional, friendly, and pays great attention to detail. Her communication is excellent, and she made me feel comfortable throughout the appointment. I’m very happy with my nails and would definitely recommend her to anyone looking for a skilled nail technician.",2026-07-25T12:55:02.862694008Z,a month ago,abbassi rihab,https://www.google.com/maps/reviews/data=!4m6!14m5!1m4!2m3!1sCi9DQUlRQUNvZENodHljRjlvT201amRISklhSFZWTkdjdGVUZ3lYemxHTVZwdllXYxAB!2m1!1s0x3e5e45fd2ebd0e7b:0x59cf8ee0537dae8c,Google Places API (New); API returns up to 5 review samples,2026-09-02T15:15:30+00:00
41,Khalifa City A,ChIJew69Lv1FXj4RjK59U-COz1k,3,5,"Had such a lovely experience at the salon. Rima did my blow dry and she was so kind and did an amazing job, I really love how my hair turned out. Helen and Jen did my nails, and they were both great, very detailed and professional. I’m so happy with the result. The whole team was friendly and welcoming. I’d definitely recommend coming here for both hair and nails","Had such a lovely experience at the salon. Rima did my blow dry and she was so kind and did an amazing job, I really love how my hair turned out. Helen and Jen did my nails, and they were both great, very detailed and professional. I’m so happy with the result. The whole team was friendly and welcoming. I’d definitely recommend coming here for both hair and nails",2026-05-05T15:26:14.754860039Z,3 months ago,Salma,https://www.google.com/maps/reviews/data=!4m6!14m5!1m4!2m3!1sCi9DQUlRQUNvZENodHljRjlvT25OVVNXVjZRVlJ3VUZweVNFWlNUbkExZVZaWmFFRRAB!2m1!1s0x3e5e45fd2ebd0e7b:0x59cf8ee0537dae8c,Google Places API (New); API returns up to 5 review samples,2026-09-02T15:15:30+00:00
41,Khalifa City A,ChIJew69Lv1FXj4RjK59U-COz1k,4,4,"Jenylie was wonderful and pleasant and had the most gentle hands when she worked on my nails. Will definitely come back for her and recommend her to others as well. Fantastic, clean and beautiful job!
BUT I noticed the receptionist didn’t have a chair to sit on or desk for her work-related items. Maybe other staff members as well I’m not sure. But please give chairs to the staff working full time on their feet so they can rest a little it hurts to stand on your feet all day please and thank you 🙏🏻","Jenylie was wonderful and pleasant and had the most gentle hands when she worked on my nails. Will definitely come back for her and recommend her to others as well. Fantastic, clean and beautiful job!
BUT I noticed the receptionist didn’t have a chair to sit on or desk for her work-related items. Maybe other staff members as well I’m not sure. But please give chairs to the staff working full time on their feet so they can rest a little it hurts to stand on your feet all day please and thank you 🙏🏻",2026-07-02T10:51:42.745879085Z,2 months ago,99MeSmErIzE,https://www.google.com/maps/reviews/data=!4m6!14m5!1m4!2m3!1sCi9DQUlRQUNvZENodHljRjlvT2xJeExWSnhTVU5IVlVaQ2FGZExWQzExYld4cVVXYxAB!2m1!1s0x3e5e45fd2ebd0e7b:0x59cf8ee0537dae8c,Google Places API (New); API returns up to 5 review samples,2026-09-02T15:15:30+00:00
41,Khalifa City A,ChIJew69Lv1FXj4RjK59U-COz1k,5,5,"I had a very pleasant experience at this salon. From the moment I walked in, the staff were incredibly kind and welcoming, which made me feel comfortable right away.
The stylist who cut my hair, Menna, was very skilled and attentive to detail. She knew exactly how much to cut to remove my dry ends and damaged strands, while still keeping the length I wanted. My hair looks much healthier now, beautifully shaped, and easy to style.
I’m really happy with the result and glad I got rid of the dry ends. I will definitely be coming back!","I had a very pleasant experience at this salon. From the moment I walked in, the staff were incredibly kind and welcoming, which made me feel comfortable right away.
The stylist who cut my hair, Menna, was very skilled and attentive to detail. She knew exactly how much to cut to remove my dry ends and damaged strands, while still keeping the length I wanted. My hair looks much healthier now, beautifully shaped, and easy to style.
I’m really happy with the result and glad I got rid of the dry ends. I will definitely be coming back!",2026-04-03T06:50:17.136727711Z,5 months ago,Nana Nana,https://www.google.com/maps/reviews/data=!4m6!14m5!1m4!2m3!1sCi9DQUlRQUNvZENodHljRjlvT21oRlRGaHJNMmxzTFdGcVdUSmZjV2xxTFZkR1NFRRAB!2m1!1s0x3e5e45fd2ebd0e7b:0x59cf8ee0537dae8c,Google Places API (New); API returns up to 5 review samples,2026-09-02T15:15:30+00:00
43,Ministries Complex,ChIJRfTVvZVDXj4RZZRKmMGM9cs,1,5,"I’ve been getting my hair done by Leila for a long time, and I honestly wouldn’t trust anyone else with my hair.
Also when I decided to make a big change to my hairstyle, and I was a little nervous, but Leila did an amazing job. She made the whole experience so comfortable, and the result turned out even better than I imagined.
I highly recommend Leila to anyone looking for a skilled and professional hairstylist. Thank you, Leila!","I’ve been getting my hair done by Leila for a long time, and I honestly wouldn’t trust anyone else with my hair.
Also when I decided to make a big change to my hairstyle, and I was a little nervous, but Leila did an amazing job. She made the whole experience so comfortable, and the result turned out even better than I imagined.
I highly recommend Leila to anyone looking for a skilled and professional hairstylist. Thank you, Leila!",2026-07-03T05:42:47.350965520Z,2 months ago,Safya Almansoori,https://www.google.com/maps/reviews/data=!4m6!14m5!1m4!2m3!1sCi9DQUlRQUNvZENodHljRjlvT20xaWIzUTRVbkUwZW1SUFUzTnFVM1F6UVUxZlJYYxAB!2m1!1s0x3e5e4395bdd5f445:0xcbf58cc1984a9465,Google Places API (New); API returns up to 5 review samples,2026-09-02T15:15:30+00:00
43,Ministries Complex,ChIJRfTVvZVDXj4RZZRKmMGM9cs,2,1,"I have been a loyal customer of Bedashing since its inception, and it was once one of the best nail salons in Abu Dhabi. Unfortunately, the level of service at this branch has significantly declined and has become extremely disappointing.

On more than five occasions, I specifically booked hair services with a particular technician (Lycil) at a confirmed time, only to arrive on time — and often even early — and still be left waiting for over 30 minutes. What is even more frustrating is seeing the same technician begin servicing another client instead of honoring my confirmed appointment. This reflects a complete lack of respect for customers’ time and poor appointment management.

What makes this worse is that raising these concerns with branch management (Julie and Fatima) has resulted in no meaningful action or improvement.

I am also extremely concerned about the integrity of the hair treatments being provided. After receiving a BB Crème treatment, sulfate-containing shampoo was used despite this treatment specifically requiring sulfate-free products to maintain results. This caused the treatment to wear off prematurely. When I raised this issue last year, the branch redid the treatment free of charge — which only confirmed that the mistake should never have happened in the first place. To be clear, the same technician is the one who used sulfate shampoo on my hair again, leaving no room to dismiss this as an innocent oversight.

That said, I would like to acknowledge Retchel, Lalin, and Milarose, who consistently provide excellent nail service and demonstrate professionalism that reflects the standards Bedashing was once known for.

It is disappointing to see such a reputable brand fall short at this branch. I strongly urge higher management to step in, investigate these recurring issues, and restore the quality, professionalism, and customer care that loyal clients have come to expect from Bedashing.","I have been a loyal customer of Bedashing since its inception, and it was once one of the best nail salons in Abu Dhabi. Unfortunately, the level of service at this branch has significantly declined and has become extremely disappointing.

On more than five occasions, I specifically booked hair services with a particular technician (Lycil) at a confirmed time, only to arrive on time — and often even early — and still be left waiting for over 30 minutes. What is even more frustrating is seeing the same technician begin servicing another client instead of honoring my confirmed appointment. This reflects a complete lack of respect for customers’ time and poor appointment management.

What makes this worse is that raising these concerns with branch management (Julie and Fatima) has resulted in no meaningful action or improvement.

I am also extremely concerned about the integrity of the hair treatments being provided. After receiving a BB Crème treatment, sulfate-containing shampoo was used despite this treatment specifically requiring sulfate-free products to maintain results. This caused the treatment to wear off prematurely. When I raised this issue last year, the branch redid the treatment free of charge — which only confirmed that the mistake should never have happened in the first place. To be clear, the same technician is the one who used sulfate shampoo on my hair again, leaving no room to dismiss this as an innocent oversight.

That said, I would like to acknowledge Retchel, Lalin, and Milarose, who consistently provide excellent nail service and demonstrate professionalism that reflects the standards Bedashing was once known for.

It is disappointing to see such a reputable brand fall short at this branch. I strongly urge higher management to step in, investigate these recurring issues, and restore the quality, professionalism, and customer care that loyal clients have come to expect from Bedashing.",2026-05-31T14:42:16.874006996Z,3 months ago,Mariam AlM,https://www.google.com/maps/reviews/data=!4m6!14m5!1m4!2m3!1sCi9DQUlRQUNvZENodHljRjlvT25oTk56RnliblJyTFZCTk9DMDJiekJTUW1WaFRHYxAB!2m1!1s0x3e5e4395bdd5f445:0xcbf58cc1984a9465,Google Places API (New); API returns up to 5 review samples,2026-09-02T15:15:30+00:00
43,Ministries Complex,ChIJRfTVvZVDXj4RZZRKmMGM9cs,3,5,"I had a wonderful experience at Bedashing Beauty Lounge – Ministries Complex. I did my manicure and pedicure with Pamela and Sarila, and I absolutely loved the service.

They were both very professional, friendly, and detail-oriented. They took their time to make sure everything was clean, neat, and perfectly done. The whole experience was relaxing and comfortable, and I truly felt well taken care of.

Thank you, Pamela and Sarila, for the amazing service! I will definitely be coming back again. 💅✨","I had a wonderful experience at Bedashing Beauty Lounge – Ministries Complex. I did my manicure and pedicure with Pamela and Sarila, and I absolutely loved the service.

They were both very professional, friendly, and detail-oriented. They took their time to make sure everything was clean, neat, and perfectly done. The whole experience was relaxing and comfortable, and I truly felt well taken care of.

Thank you, Pamela and Sarila, for the amazing service! I will definitely be coming back again. 💅✨",2026-02-13T08:08:43.024450211Z,6 months ago,Ghareeba Al Mansoori,https://www.google.com/maps/reviews/data=!4m6!14m5!1m4!2m3!1sCi9DQUlRQUNvZENodHljRjlvT2xob2RYWlRkMm8yUjNjMWVuUjJWVmg2VlZGZllsRRAB!2m1!1s0x3e5e4395bdd5f445:0xcbf58cc1984a9465,Google Places API (New); API returns up to 5 review samples,2026-09-02T15:15:30+00:00
43,Ministries Complex,ChIJRfTVvZVDXj4RZZRKmMGM9cs,4,5,"* A special thank you to Miss Alpa for her precise, organized, and thoughtful work. You always make sure everything looks perfect and beautiful, and I truly appreciate the care you put into making me happy and satisfied. I’m genuinely delighted with your service — all my love, gratitude, and appreciation to you.

* A heartfelt thank you to Miss Alzada for her remarkable attention to detail and the wonderful care she gives to my hair. I truly enjoy doing treatments, coloring, and haircuts with her — she always makes me look and feel beautiful. Her cheerful spirit and positive energy make every visit enjoyable, and I honestly wouldn’t trust anyone else with my hair.
All my appreciation and best wishes to her for continued success! 💫","* A special thank you to Miss Alpa for her precise, organized, and thoughtful work. You always make sure everything looks perfect and beautiful, and I truly appreciate the care you put into making me happy and satisfied. I’m genuinely delighted with your service — all my love, gratitude, and appreciation to you.

* A heartfelt thank you to Miss Alzada for her remarkable attention to detail and the wonderful care she gives to my hair. I truly enjoy doing treatments, coloring, and haircuts with her — she always makes me look and feel beautiful. Her cheerful spirit and positive energy make every visit enjoyable, and I honestly wouldn’t trust anyone else with my hair.
All my appreciation and best wishes to her for continued success! 💫",2025-10-17T08:52:25.962578475Z,10 months ago,F Al Ali,https://www.google.com/maps/reviews/data=!4m6!14m5!1m4!2m3!1sCi9DQUlRQUNvZENodHljRjlvT25WSlN5MTJRV3QxVEcxbFkxZEJNa3BuZWxobWRYYxAB!2m1!1s0x3e5e4395bdd5f445:0xcbf58cc1984a9465,Google Places API (New); API returns up to 5 review samples,2026-09-02T15:15:30+00:00
43,Ministries Complex,ChIJRfTVvZVDXj4RZZRKmMGM9cs,5,5,"I would like to thank Leila for her amazing service and kind attitude. She did a beautiful job with my hair color and haircut, and I absolutely loved the result. I left feeling very happy and satisfied. Thank you, Leila, for your professionalism and attention to detail 🫶🏼🫶🏼🫶🏼","I would like to thank Leila for her amazing service and kind attitude. She did a beautiful job with my hair color and haircut, and I absolutely loved the result. I left feeling very happy and satisfied. Thank you, Leila, for your professionalism and attention to detail 🫶🏼🫶🏼🫶🏼",2026-05-04T21:23:14.845447369Z,4 months ago,Metha Alzaabi,https://www.google.com/maps/reviews/data=!4m6!14m5!1m4!2m3!1sCi9DQUlRQUNvZENodHljRjlvT21ORlgyUTFUVEJHVVZwUk1GTnNSMTgwV2pJdFYzYxAB!2m1!1s0x3e5e4395bdd5f445:0xcbf58cc1984a9465,Google Places API (New); API returns up to 5 review samples,2026-09-02T15:15:30+00:00
29,Mirdif 35,ChIJJym1WZlgXz4RDU-v4mRhckE,1,5,"I had a wonderful manicure experience with Fretchie at Bedashing Mirdif 35. She was incredibly patient and helped me choose the perfect nail color. Her experience and sense of color matching were excellent, and she made sure I was completely happy with my choice. She was professional, friendly, and always smiling, which made the whole experience so enjoyable. Thank you, Fretchie, for your outstanding service. I will definitely come back to you again. Highly recommended! ⭐⭐⭐⭐⭐","I had a wonderful manicure experience with Fretchie at Bedashing Mirdif 35. She was incredibly patient and helped me choose the perfect nail color. Her experience and sense of color matching were excellent, and she made sure I was completely happy with my choice. She was professional, friendly, and always smiling, which made the whole experience so enjoyable. Thank you, Fretchie, for your outstanding service. I will definitely come back to you again. Highly recommended! ⭐⭐⭐⭐⭐",2026-06-26T12:32:16.981521671Z,2 months ago,Ayesha Alsuwaidi,https://www.google.com/maps/reviews/data=!4m6!14m5!1m4!2m3!1sCi9DQUlRQUNvZENodHljRjlvT2tvd1gxZzNhMUZJVGt0eWR6UkxWM1o0TjFOVlNHYxAB!2m1!1s0x3e5f609959b52927:0x41726164e2af4f0d,Google Places API (New); API returns up to 5 review samples,2026-09-02T15:15:30+00:00
29,Mirdif 35,ChIJJym1WZlgXz4RDU-v4mRhckE,2,5,I always have such a wonderful experience! The entire team is lovely and incredibly professional. The salon is spotless and relaxing. I always feel  pampered from the moment I walk in. They listen to what you want and deliver great results. I would highly recommend BEDASHING 👌 10/10,I always have such a wonderful experience! The entire team is lovely and incredibly professional. The salon is spotless and relaxing. I always feel  pampered from the moment I walk in. They listen to what you want and deliver great results. I would highly recommend BEDASHING 👌 10/10,2026-07-12T17:09:00.794878062Z,a month ago,Mark Janet McFadyen,https://www.google.com/maps/reviews/data=!4m6!14m5!1m4!2m3!1sCi9DQUlRQUNvZENodHljRjlvT2xaRVlucDBZV3BzVmtoM2FtcGlXbFZTZVVadVNVRRAB!2m1!1s0x3e5f609959b52927:0x41726164e2af4f0d,Google Places API (New); API returns up to 5 review samples,2026-09-02T15:15:30+00:00
29,Mirdif 35,ChIJJym1WZlgXz4RDU-v4mRhckE,3,3,"I’m a regular Bedashing customer, and I visit Bedashing Mirdif 35 most often.
I usually enjoy the services, but I was disappointed to learn that as part of the renovation plan, the receptionist’s seating and reception area were completely removed.

The receptionist is now expected to stand throughout the day, which doesn’t make sense for a front-desk role. It’s even more concerning as she is pregnant. Renovations should not come at the expense of basic staff comfort and wellbeing.

I truly hope management reconsiders this decision and provides a more humane and practical working environment.","I’m a regular Bedashing customer, and I visit Bedashing Mirdif 35 most often.
I usually enjoy the services, but I was disappointed to learn that as part of the renovation plan, the receptionist’s seating and reception area were completely removed.

The receptionist is now expected to stand throughout the day, which doesn’t make sense for a front-desk role. It’s even more concerning as she is pregnant. Renovations should not come at the expense of basic staff comfort and wellbeing.

I truly hope management reconsiders this decision and provides a more humane and practical working environment.",2026-01-25T07:09:18.497689760Z,7 months ago,A A,https://www.google.com/maps/reviews/data=!4m6!14m5!1m4!2m3!1sCi9DQUlRQUNvZENodHljRjlvT25wa1VrbzVMV2syVlcxdGNFYzRVMnRFWTJoM2IzYxAB!2m1!1s0x3e5f609959b52927:0x41726164e2af4f0d,Google Places API (New); API returns up to 5 review samples,2026-09-02T15:15:30+00:00
29,Mirdif 35,ChIJJym1WZlgXz4RDU-v4mRhckE,4,1,"The hair turned out nice, but overall I was disappointed. The pricing was not transparent, and extra products were added without clearly explaining they would cost extra. Only after a long discussion were those charges removed and converted into salon credit instead of a refund. During my appointment, my shirt was also stained with hair dye. I was told the stain would come out, but it didn’t, and I was advised to pay for professional cleaning myself. Unfortunately, the way these issues were handled left me disappointed.","The hair turned out nice, but overall I was disappointed. The pricing was not transparent, and extra products were added without clearly explaining they would cost extra. Only after a long discussion were those charges removed and converted into salon credit instead of a refund. During my appointment, my shirt was also stained with hair dye. I was told the stain would come out, but it didn’t, and I was advised to pay for professional cleaning myself. Unfortunately, the way these issues were handled left me disappointed.",2026-06-30T16:55:15.228910036Z,2 months ago,Cemile Dag,https://www.google.com/maps/reviews/data=!4m6!14m5!1m4!2m3!1sCi9DQUlRQUNvZENodHljRjlvT2trM1JIWk1ORFk1Y1hBelF6bGxUVkZRYjNSNU9WRRAB!2m1!1s0x3e5f609959b52927:0x41726164e2af4f0d,Google Places API (New); API returns up to 5 review samples,2026-09-02T15:15:30+00:00
29,Mirdif 35,ChIJJym1WZlgXz4RDU-v4mRhckE,5,5,"Very professional and accommodating staff. I always get my manicure and pedicure done by Wilma, and she consistently provides excellent service.","Very professional and accommodating staff. I always get my manicure and pedicure done by Wilma, and she consistently provides excellent service.",2026-07-17T09:21:02.622722295Z,a month ago,Sara Bahlooq,https://www.google.com/maps/reviews/data=!4m6!14m5!1m4!2m3!1sCi9DQUlRQUNvZENodHljRjlvT2pnMWNYVmFMVWxFVUZGV1RqQm9iRkF5VmtwUk4yYxAB!2m1!1s0x3e5f609959b52927:0x41726164e2af4f0d,Google Places API (New); API returns up to 5 review samples,2026-09-02T15:15:30+00:00
44,Mohammed Bin Zayed City,ChIJ1acVeH1HXj4RSli59C2hk2k,1,5,"Wendel is truly the BEST nail tech ever! She is so talented and always understands exactly what I want and somehow makes it even better! 😍 She pays attention to every detail and her work always turns out perfect. On top of that, she is the sweetest person and makes every appointment such a relaxing and enjoyable experience. I always leave her chair feeling so happy with my nails! Highly recommend Wendel to anyone looking for beautiful, high-quality nails! 💅✨","Wendel is truly the BEST nail tech ever! She is so talented and always understands exactly what I want and somehow makes it even better! 😍 She pays attention to every detail and her work always turns out perfect. On top of that, she is the sweetest person and makes every appointment such a relaxing and enjoyable experience. I always leave her chair feeling so happy with my nails! Highly recommend Wendel to anyone looking for beautiful, high-quality nails! 💅✨",2025-10-27T15:36:57.486334478Z,10 months ago,an,https://www.google.com/maps/reviews/data=!4m6!14m5!1m4!2m3!1sCi9DQUlRQUNvZENodHljRjlvT25jd1ppMTBiRVZTYlVWdFRTMXBlVFpJVFhWcE1YYxAB!2m1!1s0x3e5e477d7815a7d5:0x6993a12df4b9584a,Google Places API (New); API returns up to 5 review samples,2026-09-02T15:15:30+00:00
44,Mohammed Bin Zayed City,ChIJ1acVeH1HXj4RSli59C2hk2k,2,5,"I had Sherly doing my eyelashes and it was the first time since I moved here to Abu Dhabi that someone has been able to do it exactly the way the Eastern European technicians do it. Completely natural and looking gorgeous. She made me look like the lashes belonged to me and I had makeup on and not fake and plastic Barbie like…
Julie took care of my hands and she made me feel super pampered. She moved fast but she was careful not to make me feel uncomfortable. Great technician!
Jenalyn took care of my feet and made me feel comfortable and safe since I have some problems with pedicure in general. She was amazing!
Tala, the receptionist was very sweet and super helpful and made me feel taken care of in a very beautiful way.
And last but not least, Ana who is the receptionist who helped me make the appointment one day prior to my salon visit was the reason I decided to come and have my treatments done here in this salon. Why? She was sweet, helpful, always smiling and although I showed up after 8 PM, she never made me feel like I was bothering her. On the contrary! She was extremely friendly and sweet but not in a fake way. So thank you girls! From the bottom of my heart.
I will be back as soon as I recover after my surgery.

Andreea Magliano","I had Sherly doing my eyelashes and it was the first time since I moved here to Abu Dhabi that someone has been able to do it exactly the way the Eastern European technicians do it. Completely natural and looking gorgeous. She made me look like the lashes belonged to me and I had makeup on and not fake and plastic Barbie like…
Julie took care of my hands and she made me feel super pampered. She moved fast but she was careful not to make me feel uncomfortable. Great technician!
Jenalyn took care of my feet and made me feel comfortable and safe since I have some problems with pedicure in general. She was amazing!
Tala, the receptionist was very sweet and super helpful and made me feel taken care of in a very beautiful way.
And last but not least, Ana who is the receptionist who helped me make the appointment one day prior to my salon visit was the reason I decided to come and have my treatments done here in this salon. Why? She was sweet, helpful, always smiling and although I showed up after 8 PM, she never made me feel like I was bothering her. On the contrary! She was extremely friendly and sweet but not in a fake way. So thank you girls! From the bottom of my heart.
I will be back as soon as I recover after my surgery.

Andreea Magliano",2026-03-24T11:56:02.683543560Z,5 months ago,Magliano,https://www.google.com/maps/reviews/data=!4m6!14m5!1m4!2m3!1sCi9DQUlRQUNvZENodHljRjlvT2paakxVWTNUVmRFY1VaRmNIWlROMDR4UlcweGFsRRAB!2m1!1s0x3e5e477d7815a7d5:0x6993a12df4b9584a,Google Places API (New); API returns up to 5 review samples,2026-09-02T15:15:30+00:00
44,Mohammed Bin Zayed City,ChIJ1acVeH1HXj4RSli59C2hk2k,3,5,"Nira, Layla, and Aileen were the best at their jobs. They created a whole comfy and welcoming environment. They drowned us with love and hospitality made us feel welcome and happy doing what we came to do. Lastly, everything was way better than we even excepted. Thank you for making every second amazing","Nira, Layla, and Aileen were the best at their jobs. They created a whole comfy and welcoming environment. They drowned us with love and hospitality made us feel welcome and happy doing what we came to do. Lastly, everything was way better than we even excepted. Thank you for making every second amazing",2025-10-25T16:22:10.136581888Z,10 months ago,judy hassan,https://www.google.com/maps/reviews/data=!4m6!14m5!1m4!2m3!1sCi9DQUlRQUNvZENodHljRjlvT2pZNE5ucGFVSGhaVFdWMlYyVkNkMGhQZG5wcmRVRRAB!2m1!1s0x3e5e477d7815a7d5:0x6993a12df4b9584a,Google Places API (New); API returns up to 5 review samples,2026-09-02T15:15:30+00:00
44,Mohammed Bin Zayed City,ChIJ1acVeH1HXj4RSli59C2hk2k,4,5,Nira is the hair stylist is very professional she likes her work and also Shoshma for wax is excellent,Nira is the hair stylist is very professional she likes her work and also Shoshma for wax is excellent,2026-04-28T08:36:23.436300348Z,4 months ago,Mariam alaamri,https://www.google.com/maps/reviews/data=!4m6!14m5!1m4!2m3!1sCi9DQUlRQUNvZENodHljRjlvT2tZMVVFVXdMV0pXUlZVMGQweEtObkJZYTFKNVdHYxAB!2m1!1s0x3e5e477d7815a7d5:0x6993a12df4b9584a,Google Places API (New); API returns up to 5 review samples,2026-09-02T15:15:30+00:00
44,Mohammed Bin Zayed City,ChIJ1acVeH1HXj4RSli59C2hk2k,5,5,"I had an amazing experience with Nira! She really listened to what I wanted and brought it to life even better than I imagined. My hair looks gorgeous, healthy, and styled perfectly. She’s friendly, professional, and truly talented. Highly recommend!","I had an amazing experience with Nira! She really listened to what I wanted and brought it to life even better than I imagined. My hair looks gorgeous, healthy, and styled perfectly. She’s friendly, professional, and truly talented. Highly recommend!",2025-12-19T10:13:12.105359294Z,8 months ago,Shamsa Almazrouei,https://www.google.com/maps/reviews/data=!4m6!14m5!1m4!2m3!1sCi9DQUlRQUNvZENodHljRjlvT2tSMVEzaHZaVUpFV1RNMmJtOXBlVXB2WW5kNFVtYxAB!2m1!1s0x3e5e477d7815a7d5:0x6993a12df4b9584a,Google Places API (New); API returns up to 5 review samples,2026-09-02T15:15:30+00:00
31,Nad Al Sheba,ChIJR6DuRulnXz4RsewBFpNYmzQ,1,5,"First time at Bedashing and I had such a great experience! Paulyn and Nisairah were both very nice, professional, and attentive. They did an amazing job with my manicure and pedicure and made me feel really comfortable. Will definitely be back ❤️","First time at Bedashing and I had such a great experience! Paulyn and Nisairah were both very nice, professional, and attentive. They did an amazing job with my manicure and pedicure and made me feel really comfortable. Will definitely be back ❤️",2026-03-29T18:58:40.566923394Z,5 months ago,Lara Atienza,https://www.google.com/maps/reviews/data=!4m6!14m5!1m4!2m3!1sCi9DQUlRQUNvZENodHljRjlvT2xOUVh6TkhSalYzVmxSMlVXVnVjR1pSTVZKNVdtYxAB!2m1!1s0x3e5f67e946eea047:0x349b58931601ecb1,Google Places API (New); API returns up to 5 review samples,2026-09-02T15:15:30+00:00
31,Nad Al Sheba,ChIJR6DuRulnXz4RsewBFpNYmzQ,2,5,"I had such a great experience with Arlene at Jessalyn Nail Salon. She is absolutely amazing — very professional, skilled, and attentive to detail. My nails turned out perfect, exactly how I wanted. You can really tell she takes pride in her work. There are two ladies at the salon, and Arlene was outstanding. Highly recommended, and I will definitely come back to her again!”","I had such a great experience with Arlene at Jessalyn Nail Salon. She is absolutely amazing — very professional, skilled, and attentive to detail. My nails turned out perfect, exactly how I wanted. You can really tell she takes pride in her work. There are two ladies at the salon, and Arlene was outstanding. Highly recommended, and I will definitely come back to her again!”",2026-01-23T12:05:31.110850285Z,7 months ago,Arsan Botisa,https://www.google.com/maps/reviews/data=!4m6!14m5!1m4!2m3!1sCi9DQUlRQUNvZENodHljRjlvT2pkU1JVZFhUMkpHU0ZwT2RWSmlSRUZXVjNCWFZGRRAB!2m1!1s0x3e5f67e946eea047:0x349b58931601ecb1,Google Places API (New); API returns up to 5 review samples,2026-09-02T15:15:30+00:00
31,Nad Al Sheba,ChIJR6DuRulnXz4RsewBFpNYmzQ,3,5,"I had my haircut done by Jennifer, and she was amazing! She is incredibly skilled and professional at what she does. She gave me exactly the haircut I asked for and also took the time to help me identify the issue with my scalp. I really appreciated her care, attention, and expertise. Thank you so much, Jennifer! Highly recommended!","I had my haircut done by Jennifer, and she was amazing! She is incredibly skilled and professional at what she does. She gave me exactly the haircut I asked for and also took the time to help me identify the issue with my scalp. I really appreciated her care, attention, and expertise. Thank you so much, Jennifer! Highly recommended!",2026-07-03T13:45:04.971763106Z,2 months ago,Tasneem Abou-kassem,https://www.google.com/maps/reviews/data=!4m6!14m5!1m4!2m3!1sCi9DQUlRQUNvZENodHljRjlvT2tOblduTkhZM1J0UXpCNWNVZFdNME5FVVc4NFRIYxAB!2m1!1s0x3e5f67e946eea047:0x349b58931601ecb1,Google Places API (New); API returns up to 5 review samples,2026-09-02T15:15:30+00:00
31,Nad Al Sheba,ChIJR6DuRulnXz4RsewBFpNYmzQ,4,5,Did my graduation nails today with nisairah and joana they did an amazing job the nail art was done perfectly and theres so much color variation,Did my graduation nails today with nisairah and joana they did an amazing job the nail art was done perfectly and theres so much color variation,2026-06-24T14:35:35.702718239Z,2 months ago,Hind Majid,https://www.google.com/maps/reviews/data=!4m6!14m5!1m4!2m3!1sCi9DQUlRQUNvZENodHljRjlvT2pSdlVGYzRXRmhaT1RSbVUzbG1WMlZsTURoQlIxRRAB!2m1!1s0x3e5f67e946eea047:0x349b58931601ecb1,Google Places API (New); API returns up to 5 review samples,2026-09-02T15:15:30+00:00
31,Nad Al Sheba,ChIJR6DuRulnXz4RsewBFpNYmzQ,5,1,"I had a very disappointing experience at Bedashing in Nad Al Sheba. I booked an appointment for a manicure and pedicure, expecting a basic level of service and flexibility. When I arrived, I politely asked if I could add a simple French finish. Instead of accommodating a small request, the staff refused.

As a customer, you expect a salon to listen and respond to what you ask for, especially when the request is quick and reasonable. Adding a French tip would have taken only a few extra minutes, yet they made no effort to adjust or assist. The attitude felt dismissive and unprofessional.

The overall service lacked basic customer care. There was no attempt to make me feel comfortable, no willingness to help, and no flexibility at all. I ended up leaving the salon feeling frustrated and upset, which is the opposite of what a salon visit should be.

This experience felt unfair and unethical. A business should value its customers and try to meet simple requests instead of turning them away. Unfortunately, this visit did not meet even the minimum expectations.

I would not recommend this branch based on my experience.","I had a very disappointing experience at Bedashing in Nad Al Sheba. I booked an appointment for a manicure and pedicure, expecting a basic level of service and flexibility. When I arrived, I politely asked if I could add a simple French finish. Instead of accommodating a small request, the staff refused.

As a customer, you expect a salon to listen and respond to what you ask for, especially when the request is quick and reasonable. Adding a French tip would have taken only a few extra minutes, yet they made no effort to adjust or assist. The attitude felt dismissive and unprofessional.

The overall service lacked basic customer care. There was no attempt to make me feel comfortable, no willingness to help, and no flexibility at all. I ended up leaving the salon feeling frustrated and upset, which is the opposite of what a salon visit should be.

This experience felt unfair and unethical. A business should value its customers and try to meet simple requests instead of turning them away. Unfortunately, this visit did not meet even the minimum expectations.

I would not recommend this branch based on my experience.",2026-03-19T19:46:45.028399219Z,5 months ago,Sara,https://www.google.com/maps/reviews/data=!4m6!14m5!1m4!2m3!1sCi9DQUlRQUNvZENodHljRjlvT25Ob1MzcHVUVVI0YURZMk1tVjZYM0p6VG14R1JWRRAB!2m1!1s0x3e5f67e946eea047:0x349b58931601ecb1,Google Places API (New); API returns up to 5 review samples,2026-09-02T15:15:30+00:00
52,Noya Plaza,ChIJ8ZtA3AhPXj4R9bv4hORDLjI,1,5,"I just want to say a huge thank you to you rizal! ❤️ You always do my lashes perfectly, and I always leave the salon feeling so happy and confident. Your attention to detail, kindness, and professionalism are truly amazing. You’re honestly the only lash technician I fully trust. Thank you for always making me look and feel my best. Keep up the fantastic work! 🥰✨","I just want to say a huge thank you to you rizal! ❤️ You always do my lashes perfectly, and I always leave the salon feeling so happy and confident. Your attention to detail, kindness, and professionalism are truly amazing. You’re honestly the only lash technician I fully trust. Thank you for always making me look and feel my best. Keep up the fantastic work! 🥰✨",2026-07-05T18:41:07.359634232Z,a month ago,Khadeeja Bader,https://www.google.com/maps/reviews/data=!4m6!14m5!1m4!2m3!1sCi9DQUlRQUNvZENodHljRjlvT2pZNVFXRnphbFo0TVc4MmIzbHdkVW81TXkweVZsRRAB!2m1!1s0x3e5e4f08dc409bf1:0x322e43e484f8bbf5,Google Places API (New); API returns up to 5 review samples,2026-09-02T15:15:30+00:00
52,Noya Plaza,ChIJ8ZtA3AhPXj4R9bv4hORDLjI,2,1,"Disappointing Experience at Bedashing Beauty Lounge – Noya Plaza

I recently visited Bedashing Beauty Lounge (Noya Plaza) for a gel manicure service that cost around AED 400, and unfortunately, the experience was very disappointing.

Less than 24 hours after my appointment, the gel polish started peeling and coming off. This is unacceptable for a gel service, which is supposed to last at least 2–3 weeks. What makes this even more frustrating is that this is not the first time this has happened at this salon. I gave them another chance, but the quality has clearly not improved.

For a premium price, I expected premium quality — proper preparation, high-quality products, and long-lasting results. Instead, I received poor durability, rushed work, and low-quality polish, which does not match the brand’s reputation or pricing.

Paying AED 400 for a manicure that fails within a day is simply not acceptable. I am very disappointed and will seriously reconsider returning unless quality and accountability improve.","Disappointing Experience at Bedashing Beauty Lounge – Noya Plaza

I recently visited Bedashing Beauty Lounge (Noya Plaza) for a gel manicure service that cost around AED 400, and unfortunately, the experience was very disappointing.

Less than 24 hours after my appointment, the gel polish started peeling and coming off. This is unacceptable for a gel service, which is supposed to last at least 2–3 weeks. What makes this even more frustrating is that this is not the first time this has happened at this salon. I gave them another chance, but the quality has clearly not improved.

For a premium price, I expected premium quality — proper preparation, high-quality products, and long-lasting results. Instead, I received poor durability, rushed work, and low-quality polish, which does not match the brand’s reputation or pricing.

Paying AED 400 for a manicure that fails within a day is simply not acceptable. I am very disappointed and will seriously reconsider returning unless quality and accountability improve.",2026-01-26T14:34:34.684411249Z,7 months ago,S Alawadhi,https://www.google.com/maps/reviews/data=!4m6!14m5!1m4!2m3!1sCi9DQUlRQUNvZENodHljRjlvT2pGMFVtRlNZbGh3VHpSU2RuWTRTV1ZKWkUxWFQwRRAB!2m1!1s0x3e5e4f08dc409bf1:0x322e43e484f8bbf5,Google Places API (New); API returns up to 5 review samples,2026-09-02T15:15:30+00:00
52,Noya Plaza,ChIJ8ZtA3AhPXj4R9bv4hORDLjI,3,5,"I had such an amazing experience at Bedashing Beauty Salon in Noya Plaza! 💕 I’m genuinely so impressed with the service and will definitely be coming back again.

A huge thank you to Hennessy for doing my nails so beautifully. She was incredibly kind, gentle, friendly, and so lovely to talk to during the whole procedure. She really made my experience here even better and paid attention to every detail with so much care. I absolutely love how my nails turned out. I had an amazing conversation with her

Also, Hazel did my feet and cleaned them with so much passion and care. She was so funny and cute 😂 and made the appointment so enjoyable. Loved both of them so much!!

The Egyptian accountant was also so kind and beautiful. she’s very professional, always checking on the clients to make sure they’re comfortable and truly made me feel at home in the salon, which made the whole experience even more comfortable and welcoming.

And the iced Spanish latte I ordered was absolutely delicious. Highly recommend this salon for both the amazing service and the warm atmosphere!!!!!!!!!🥰🥰","I had such an amazing experience at Bedashing Beauty Salon in Noya Plaza! 💕 I’m genuinely so impressed with the service and will definitely be coming back again.

A huge thank you to Hennessy for doing my nails so beautifully. She was incredibly kind, gentle, friendly, and so lovely to talk to during the whole procedure. She really made my experience here even better and paid attention to every detail with so much care. I absolutely love how my nails turned out. I had an amazing conversation with her

Also, Hazel did my feet and cleaned them with so much passion and care. She was so funny and cute 😂 and made the appointment so enjoyable. Loved both of them so much!!

The Egyptian accountant was also so kind and beautiful. she’s very professional, always checking on the clients to make sure they’re comfortable and truly made me feel at home in the salon, which made the whole experience even more comfortable and welcoming.

And the iced Spanish latte I ordered was absolutely delicious. Highly recommend this salon for both the amazing service and the warm atmosphere!!!!!!!!!🥰🥰",2026-05-07T14:19:38.134776991Z,3 months ago,Noor,https://www.google.com/maps/reviews/data=!4m6!14m5!1m4!2m3!1sCi9DQUlRQUNvZENodHljRjlvT2tWdmFXdHdWM0F6TVhWRWNGcGZaR3RIY1d4Sk5sRRAB!2m1!1s0x3e5e4f08dc409bf1:0x322e43e484f8bbf5,Google Places API (New); API returns up to 5 review samples,2026-09-02T15:15:30+00:00
52,Noya Plaza,ChIJ8ZtA3AhPXj4R9bv4hORDLjI,4,1,"I booked a gel manicure and pedicure. The manicure was done without gel because the lady said the gel would come off my nails after two days (which is strange because this has never happened before). The pedicure was done terribly and I asked to have it removed because the idea was to cut the skin around my toes after everything had already been finished (peach color on the photo)
The lady then said she would remove everything and start again. I didn’t have another 3 hours to spend in the salon.
On top of that, several layers of nail polish were applied because two coats didn’t cover properly and she wanted to send me home with streaks, arguing that my nail plate is uneven. That’s unprofessional, as that’s exactly why I come to the salon- so my nails are properly prepped for the color.
After the polish was removed, another lady started working on my cuticles again, which only confirmed that they were done incorrectly the first time.
They applied regular nail polish as a “compensation”, but after leaving the salon it already looked like this (pink colour in the photo), even though I dried it under the lamp for a long time (longer than recommended, as I mentioned I was in a hurry and had a flight to catch). I was told it would dry in 10 minutes, but it took around 20 and the polish was still wet and got smudged.
A waste of time and money- I do not recommend.","I booked a gel manicure and pedicure. The manicure was done without gel because the lady said the gel would come off my nails after two days (which is strange because this has never happened before). The pedicure was done terribly and I asked to have it removed because the idea was to cut the skin around my toes after everything had already been finished (peach color on the photo)
The lady then said she would remove everything and start again. I didn’t have another 3 hours to spend in the salon.
On top of that, several layers of nail polish were applied because two coats didn’t cover properly and she wanted to send me home with streaks, arguing that my nail plate is uneven. That’s unprofessional, as that’s exactly why I come to the salon- so my nails are properly prepped for the color.
After the polish was removed, another lady started working on my cuticles again, which only confirmed that they were done incorrectly the first time.
They applied regular nail polish as a “compensation”, but after leaving the salon it already looked like this (pink colour in the photo), even though I dried it under the lamp for a long time (longer than recommended, as I mentioned I was in a hurry and had a flight to catch). I was told it would dry in 10 minutes, but it took around 20 and the polish was still wet and got smudged.
A waste of time and money- I do not recommend.",2025-12-08T13:22:24.110926336Z,8 months ago,julita Rzewucka,https://www.google.com/maps/reviews/data=!4m6!14m5!1m4!2m3!1sCi9DQUlRQUNvZENodHljRjlvT2xOT2FYcFNlRTlUTlZKcWR6bERUblJEZURGdVVrRRAB!2m1!1s0x3e5e4f08dc409bf1:0x322e43e484f8bbf5,Google Places API (New); API returns up to 5 review samples,2026-09-02T15:15:30+00:00
52,Noya Plaza,ChIJ8ZtA3AhPXj4R9bv4hORDLjI,5,5,"I had such a lovely experience at Bedashing Beauty Lounge in Noya, Yas.

I enjoyed both a massage and a pedicure, and both treatments were amazing. Regine was so lovely and the massage was so relaxing and exactly what I needed. For my pedicure, Rizel was so pleasant, and professional. They made the whole experience feel calm and enjoyable.

The staff are genuinely lovely therapists who make you feel welcomed and well looked after. I left feeling refreshed, pampered, and very impressed. Will definitely be back soon!","I had such a lovely experience at Bedashing Beauty Lounge in Noya, Yas.

I enjoyed both a massage and a pedicure, and both treatments were amazing. Regine was so lovely and the massage was so relaxing and exactly what I needed. For my pedicure, Rizel was so pleasant, and professional. They made the whole experience feel calm and enjoyable.

The staff are genuinely lovely therapists who make you feel welcomed and well looked after. I left feeling refreshed, pampered, and very impressed. Will definitely be back soon!",2026-02-25T04:13:39.571542161Z,6 months ago,Miss Whyte,https://www.google.com/maps/reviews/data=!4m6!14m5!1m4!2m3!1sCi9DQUlRQUNvZENodHljRjlvT2pGR2EwYzBlRWhXVDI5R2VVVkRaRkJ5VVhoVU5HYxAB!2m1!1s0x3e5e4f08dc409bf1:0x322e43e484f8bbf5,Google Places API (New); API returns up to 5 review samples,2026-09-02T15:15:30+00:00
48,Ras Al Khaimah,ChIJSU1oGll19j4RCktPt_Pr5o0,1,5,"I had an amazing experience at Bedashing RAK, thanks to Medy and Cherinie. Both are extremely talented, professional, and attentive to detail. They took their time to make sure my nails were perfect, and the results were beautiful and long-lasting.","I had an amazing experience at Bedashing RAK, thanks to Medy and Cherinie. Both are extremely talented, professional, and attentive to detail. They took their time to make sure my nails were perfect, and the results were beautiful and long-lasting.",2026-01-11T05:25:06.320587849Z,7 months ago,Kate geronimo,https://www.google.com/maps/reviews/data=!4m6!14m5!1m4!2m3!1sCi9DQUlRQUNvZENodHljRjlvT25SNVVtTTVOMUpQYVVkcVpWOHRXVEZpZVV0VE1HYxAB!2m1!1s0x3ef675591a684d49:0x8de6ebf3b74f4b0a,Google Places API (New); API returns up to 5 review samples,2026-09-02T15:15:30+00:00
48,Ras Al Khaimah,ChIJSU1oGll19j4RCktPt_Pr5o0,2,5,"I had Haneen for makeup and Shaza for hair, and both were absolutely amazing. They really took the time to listen to what I wanted and made me feel so comfortable from start to finish. Their professionalism and friendly attitude truly stood out.

Haneen did my makeup beautifully — it was flawless, lasted perfectly, and was exactly what I had envisioned. You can really tell she’s passionate and talented at what she does. Shaza created a stunning hairstyle that exceeded all my expectations — I honestly couldn’t have dreamed of a better result.

Thank you both for making me feel so confident and special. I truly appreciated the care and attention to detail. Highly recommend!","I had Haneen for makeup and Shaza for hair, and both were absolutely amazing. They really took the time to listen to what I wanted and made me feel so comfortable from start to finish. Their professionalism and friendly attitude truly stood out.

Haneen did my makeup beautifully — it was flawless, lasted perfectly, and was exactly what I had envisioned. You can really tell she’s passionate and talented at what she does. Shaza created a stunning hairstyle that exceeded all my expectations — I honestly couldn’t have dreamed of a better result.

Thank you both for making me feel so confident and special. I truly appreciated the care and attention to detail. Highly recommend!",2026-05-06T18:34:57.702620698Z,3 months ago,Jessica Max,https://www.google.com/maps/reviews/data=!4m6!14m5!1m4!2m3!1sCi9DQUlRQUNvZENodHljRjlvT201dmVraFJla2huTkhWNFVGTk9TM2xDYTNGVExXYxAB!2m1!1s0x3ef675591a684d49:0x8de6ebf3b74f4b0a,Google Places API (New); API returns up to 5 review samples,2026-09-02T15:15:30+00:00
48,Ras Al Khaimah,ChIJSU1oGll19j4RCktPt_Pr5o0,3,1,"My appointment was at 10:00 AM and I was only 10 minutes late. This is the first time I have ever been late. When I arrived, the salon gave my appointment to someone else. The receptionist kept saying “only 10 minutes,” but I saw with my own eyes that they had just started and were about to do the other customer’s nails. Please be realistic.

Now it is 10:34 AM. If the salon is late, they do everything possible so customers do not leave a Google review. This issue happened more than once, and every time I stayed quiet and did not write anything. Even on normal days and during Eid, they are not on time.

This will honestly be my last time dealing with this salon. If you cannot manage appointments properly, then do not take more bookings than you can handle. What is the point of appointments if my service will start much later than my actual time","My appointment was at 10:00 AM and I was only 10 minutes late. This is the first time I have ever been late. When I arrived, the salon gave my appointment to someone else. The receptionist kept saying “only 10 minutes,” but I saw with my own eyes that they had just started and were about to do the other customer’s nails. Please be realistic.

Now it is 10:34 AM. If the salon is late, they do everything possible so customers do not leave a Google review. This issue happened more than once, and every time I stayed quiet and did not write anything. Even on normal days and during Eid, they are not on time.

This will honestly be my last time dealing with this salon. If you cannot manage appointments properly, then do not take more bookings than you can handle. What is the point of appointments if my service will start much later than my actual time",2026-05-26T06:42:47.215670971Z,3 months ago,Budoor Alsuwaidi,https://www.google.com/maps/reviews/data=!4m6!14m5!1m4!2m3!1sCi9DQUlRQUNvZENodHljRjlvT21OR1VtaHNVVXhEU2xSRk5YaHphWFU1TFRBdFFVRRAB!2m1!1s0x3ef675591a684d49:0x8de6ebf3b74f4b0a,Google Places API (New); API returns up to 5 review samples,2026-09-02T15:15:30+00:00
48,Ras Al Khaimah,ChIJSU1oGll19j4RCktPt_Pr5o0,4,5,"The service was absolutely amazing from start to finish. I truly loved every detail. The makeup was done by Haneen, and she did an incredible job — everything looked flawless, elegant, and exactly how I imagined it. She paid attention to every small detail and made sure everything suited me perfectly.

As for the hair, it was styled by Hameeda, and honestly, I couldn’t be happier with the result. The hairstyle was beautiful, long-lasting, and matched perfectly with the makeup and overall look. She was very professional and understood exactly what I wanted.

Overall, the experience was wonderful. Both Haneen and Hameeda were so kind, talented, and professional. I highly recommend them to anyone looking for perfect makeup and hair. I will definitely come back again! ✨","The service was absolutely amazing from start to finish. I truly loved every detail. The makeup was done by Haneen, and she did an incredible job — everything looked flawless, elegant, and exactly how I imagined it. She paid attention to every small detail and made sure everything suited me perfectly.

As for the hair, it was styled by Hameeda, and honestly, I couldn’t be happier with the result. The hairstyle was beautiful, long-lasting, and matched perfectly with the makeup and overall look. She was very professional and understood exactly what I wanted.

Overall, the experience was wonderful. Both Haneen and Hameeda were so kind, talented, and professional. I highly recommend them to anyone looking for perfect makeup and hair. I will definitely come back again! ✨",2026-04-10T22:53:24.114952946Z,4 months ago,amani alteneiji,https://www.google.com/maps/reviews/data=!4m6!14m5!1m4!2m3!1sCi9DQUlRQUNvZENodHljRjlvT2pGdVJUZGhZbHAwTVc5dVIyZENkRTVmUzBSbU5sRRAB!2m1!1s0x3ef675591a684d49:0x8de6ebf3b74f4b0a,Google Places API (New); API returns up to 5 review samples,2026-09-02T15:15:30+00:00
48,Ras Al Khaimah,ChIJSU1oGll19j4RCktPt_Pr5o0,5,5,I would like to thank Shaza for being sweet and flexible with the style I wanted with my hair. I embraced my natural hair with her haircut and styling. The staff were also accommodating and even offered complimentary refreshment. The place was posh and cozy. I just hope there would be good promotions in the future. :),I would like to thank Shaza for being sweet and flexible with the style I wanted with my hair. I embraced my natural hair with her haircut and styling. The staff were also accommodating and even offered complimentary refreshment. The place was posh and cozy. I just hope there would be good promotions in the future. :),2026-05-20T12:12:25.897021122Z,3 months ago,Patrice RA,https://www.google.com/maps/reviews/data=!4m6!14m5!1m4!2m3!1sCi9DQUlRQUNvZENodHljRjlvT2tOSGNFY3dXbmgyYjJaUGNrMXhNVkpNUlcwelgwRRAB!2m1!1s0x3ef675591a684d49:0x8de6ebf3b74f4b0a,Google Places API (New); API returns up to 5 review samples,2026-09-02T15:15:30+00:00
35,Shahama,ChIJh9wAonFPXj4R6P2_rlevv90,1,3,"I’ve had the same issue multiple times with this salon. Every time I book a nail art appointment, there seems to be a problem with the scheduling, and the explanation is always that I booked online. If the online booking system cannot accurately account for the time required for nail art services, then it should be improved. Clients should not be blamed for using the booking method provided by the salon. On several occasions, the appointment felt rushed because the technician had another commitment, such as a home service appointment, scheduled afterward. This creates unnecessary pressure and affects the overall experience.

The only reason I continue to visit is because the technicians are highly skilled, professional, and always do an excellent job. My concern is not with the technicians, but with the appointment management and scheduling process. I hope management takes this feedback seriously and improves the booking system to better support both clients and staff.","I’ve had the same issue multiple times with this salon. Every time I book a nail art appointment, there seems to be a problem with the scheduling, and the explanation is always that I booked online. If the online booking system cannot accurately account for the time required for nail art services, then it should be improved. Clients should not be blamed for using the booking method provided by the salon. On several occasions, the appointment felt rushed because the technician had another commitment, such as a home service appointment, scheduled afterward. This creates unnecessary pressure and affects the overall experience.

The only reason I continue to visit is because the technicians are highly skilled, professional, and always do an excellent job. My concern is not with the technicians, but with the appointment management and scheduling process. I hope management takes this feedback seriously and improves the booking system to better support both clients and staff.",2026-06-15T08:54:32.313003868Z,2 months ago,Khawla Rashed,https://www.google.com/maps/reviews/data=!4m6!14m5!1m4!2m3!1sCi9DQUlRQUNvZENodHljRjlvT2pkNU56SjJSREJIUVdZNFEweExkRFF3YzJjd1UwRRAB!2m1!1s0x3e5e4f71a200dc87:0xddbfaf57aebffde8,Google Places API (New); API returns up to 5 review samples,2026-09-02T15:15:30+00:00
35,Shahama,ChIJh9wAonFPXj4R6P2_rlevv90,2,4,"They were quick, efficient and very friendly staff. I needed a same day appointment in the morning and they took me right away.
My stylist Zahiya was very kind and understood what I wanted to do with my hair.  she did an amazing job. I recommend this salon","They were quick, efficient and very friendly staff. I needed a same day appointment in the morning and they took me right away.
My stylist Zahiya was very kind and understood what I wanted to do with my hair.  she did an amazing job. I recommend this salon",2025-12-06T07:57:00.135114707Z,9 months ago,Sabrina B.,https://www.google.com/maps/reviews/data=!4m6!14m5!1m4!2m3!1sCi9DQUlRQUNvZENodHljRjlvT2pWdlZEQTNYMDF4VDJsVlFVdFVhbWhRT1V4d1dFRRAB!2m1!1s0x3e5e4f71a200dc87:0xddbfaf57aebffde8,Google Places API (New); API returns up to 5 review samples,2026-09-02T15:15:30+00:00
35,Shahama,ChIJh9wAonFPXj4R6P2_rlevv90,3,1,"I usually go to Bedashing and have had good experiences at other branches, but this was disappointing.

The staff were friendly, which I appreciate, but the skill level just wasn't the same as other branches. I did my hair, manicure, and pedicure. The manicure and pedicure were okay.

The main issue was my hair. After an hour and a half, it completely fell apart. I had a really important event to attend, and I ended up having to redo my hair somewhere else just so it would look presentable. Because of that, I was over an hour late, which was stressful.

For the prices being charged, I expect a much higher level of quality and longevity. Wouldn't mind paying premium prices, but only when the service reflects that standard.

I hope this branch works on consistency, as it does not currently reflect the quality associated with Bedashing.","I usually go to Bedashing and have had good experiences at other branches, but this was disappointing.

The staff were friendly, which I appreciate, but the skill level just wasn't the same as other branches. I did my hair, manicure, and pedicure. The manicure and pedicure were okay.

The main issue was my hair. After an hour and a half, it completely fell apart. I had a really important event to attend, and I ended up having to redo my hair somewhere else just so it would look presentable. Because of that, I was over an hour late, which was stressful.

For the prices being charged, I expect a much higher level of quality and longevity. Wouldn't mind paying premium prices, but only when the service reflects that standard.

I hope this branch works on consistency, as it does not currently reflect the quality associated with Bedashing.",2026-04-01T17:49:25.224381774Z,5 months ago,Jawahr Al Shamsi,https://www.google.com/maps/reviews/data=!4m6!14m5!1m4!2m3!1sCi9DQUlRQUNvZENodHljRjlvT21sclFtcEVSMmRQYWw4d1MweDBXak5hVTBScVZIYxAB!2m1!1s0x3e5e4f71a200dc87:0xddbfaf57aebffde8,Google Places API (New); API returns up to 5 review samples,2026-09-02T15:15:30+00:00
35,Shahama,ChIJh9wAonFPXj4R6P2_rlevv90,4,4,"This isn’t my first time with Zahie, and she’s truly the best when it comes to hairstyles. She has a keen eye for detail and works quickly and efficiently, which makes every visit a great experience.

However, the prices are quite high, which can make it a bit hard to justify regular visits.","This isn’t my first time with Zahie, and she’s truly the best when it comes to hairstyles. She has a keen eye for detail and works quickly and efficiently, which makes every visit a great experience.

However, the prices are quite high, which can make it a bit hard to justify regular visits.",2026-04-01T13:30:27.162039102Z,5 months ago,W M,https://www.google.com/maps/reviews/data=!4m6!14m5!1m4!2m3!1sCi9DQUlRQUNvZENodHljRjlvT21wdmRWOVplV3RGZVhwcVQwMVpNM0pYVmpWTU4yYxAB!2m1!1s0x3e5e4f71a200dc87:0xddbfaf57aebffde8,Google Places API (New); API returns up to 5 review samples,2026-09-02T15:15:30+00:00
35,Shahama,ChIJh9wAonFPXj4R6P2_rlevv90,5,5,"Every time I get my nails done by Charlotte or Jamaica, I walk out beyond satisfied. Charlotte has a true artist’s touch — every detail is perfect. And Jamaica is incredibly efficient, fast yet flawless. Their work is clean, long-lasting, and always gets me compliments.

A special shoutout to the amazing manager Sherine — she’s so warm, professional, and genuinely cares about each client. You can feel her positive energy from the moment you walk in, and she makes sure every visit is smooth and enjoyable.

I honestly can’t recommend this salon enough. If you’re looking for quality, care, and perfection — this is the place!","Every time I get my nails done by Charlotte or Jamaica, I walk out beyond satisfied. Charlotte has a true artist’s touch — every detail is perfect. And Jamaica is incredibly efficient, fast yet flawless. Their work is clean, long-lasting, and always gets me compliments.

A special shoutout to the amazing manager Sherine — she’s so warm, professional, and genuinely cares about each client. You can feel her positive energy from the moment you walk in, and she makes sure every visit is smooth and enjoyable.

I honestly can’t recommend this salon enough. If you’re looking for quality, care, and perfection — this is the place!",2025-04-18T12:43:59.190994Z,a year ago,Noura Alsuwaidi,https://www.google.com/maps/reviews/data=!4m6!14m5!1m4!2m3!1sChdDSUhNMG9nS0VJQ0FnTUNvLWJERGdBRRAB!2m1!1s0x3e5e4f71a200dc87:0xddbfaf57aebffde8,Google Places API (New); API returns up to 5 review samples,2026-09-02T15:15:30+00:00
42,Shakhbout City,ChIJDbcz2A9tXz4RnqvVPtIP15c,1,5,Margeline did an amazing job on my nails. She is very skilled at what she does. I love the way she did my extensions and she was so friendly and patient if there was something else that I asked for or wanted to change. My nails look beautiful and I’m very impressed.,Margeline did an amazing job on my nails. She is very skilled at what she does. I love the way she did my extensions and she was so friendly and patient if there was something else that I asked for or wanted to change. My nails look beautiful and I’m very impressed.,2025-12-17T12:06:50.172830173Z,8 months ago,Sureka Salig,https://www.google.com/maps/reviews/data=!4m6!14m5!1m4!2m3!1sCi9DQUlRQUNvZENodHljRjlvT2xCbWJWZHdNM0o0T1VweGRrbG1aWEZKUmxjNFJGRRAB!2m1!1s0x3e5f6d0fd833b70d:0x97d70fd23ed5ab9e,Google Places API (New); API returns up to 5 review samples,2026-09-02T15:15:30+00:00
42,Shakhbout City,ChIJDbcz2A9tXz4RnqvVPtIP15c,2,5,"It was my first time getting my nails done with Zynthaline at Bedashing in Shakhbout, and I’m so happy with the experience! 💅 She was super gentle, attentive, and made sure every detail was perfect. The salon itself is always so clean, welcoming, and professional — I love the atmosphere and the level of care they provide. Definitely one of the best nail experiences I’ve had, and I’ll be coming back for sure! ✨","It was my first time getting my nails done with Zynthaline at Bedashing in Shakhbout, and I’m so happy with the experience! 💅 She was super gentle, attentive, and made sure every detail was perfect. The salon itself is always so clean, welcoming, and professional — I love the atmosphere and the level of care they provide. Definitely one of the best nail experiences I’ve had, and I’ll be coming back for sure! ✨",2025-10-23T17:07:25.654804103Z,10 months ago,MsSAlameri,https://www.google.com/maps/reviews/data=!4m6!14m5!1m4!2m3!1sCi9DQUlRQUNvZENodHljRjlvT2psNlowOWlNa3B1TTJGTFJXWkpkbE10YzJSbGQyYxAB!2m1!1s0x3e5f6d0fd833b70d:0x97d70fd23ed5ab9e,Google Places API (New); API returns up to 5 review samples,2026-09-02T15:15:30+00:00
42,Shakhbout City,ChIJDbcz2A9tXz4RnqvVPtIP15c,3,5,Mikka and Erlinda did my nails they are very friendly did a great job with cleaming and coloring my nails. Shakbout branch is my favorite and go to nail saloon.. its the best branch so far,Mikka and Erlinda did my nails they are very friendly did a great job with cleaming and coloring my nails. Shakbout branch is my favorite and go to nail saloon.. its the best branch so far,2026-01-14T09:12:17.844325369Z,7 months ago,HISNA M.,https://www.google.com/maps/reviews/data=!4m6!14m5!1m4!2m3!1sCi9DQUlRQUNvZENodHljRjlvT2xGelNXMWhZVzFTTkU1SVRucFRSVlJmVERsUFJrRRAB!2m1!1s0x3e5f6d0fd833b70d:0x97d70fd23ed5ab9e,Google Places API (New); API returns up to 5 review samples,2026-09-02T15:15:30+00:00
42,Shakhbout City,ChIJDbcz2A9tXz4RnqvVPtIP15c,4,1,"I did manicure few days back, the nail technician has over-cut the sides of my nails and it was bleeding throughout the session. Today is the fourth day and the side of my nail is inflammated and releasing weird fluids. definitely not visiting back","I did manicure few days back, the nail technician has over-cut the sides of my nails and it was bleeding throughout the session. Today is the fourth day and the side of my nail is inflammated and releasing weird fluids. definitely not visiting back",2026-03-06T06:55:04.880542103Z,6 months ago,noora alali,https://www.google.com/maps/reviews/data=!4m6!14m5!1m4!2m3!1sCi9DQUlRQUNvZENodHljRjlvT2xKdldYUXdXVk0xUnpacFpIQm9PRkJpYmw4MWNXYxAB!2m1!1s0x3e5f6d0fd833b70d:0x97d70fd23ed5ab9e,Google Places API (New); API returns up to 5 review samples,2026-09-02T15:15:30+00:00
42,Shakhbout City,ChIJDbcz2A9tXz4RnqvVPtIP15c,5,1,"I’m really disappointed with my hair service today.

I specifically asked for a senior technician because every time I come for a blow-dry, it ends up flat with no volume. Unfortunately, today’s result was even worse. Some parts are straight, some are curly, and the two sides don’t even match. Only a few sections have the blow-dry volume I asked for.

For 160 AED , I honestly expected better. The result is so uneven that I have to go home and redo my hair myself.

If no senior technician was available, I would have preferred to be told upfront. I would rather go somewhere else and get the result I want than pay for a service and still have to redo it at home.

This was really disappointing.","I’m really disappointed with my hair service today.

I specifically asked for a senior technician because every time I come for a blow-dry, it ends up flat with no volume. Unfortunately, today’s result was even worse. Some parts are straight, some are curly, and the two sides don’t even match. Only a few sections have the blow-dry volume I asked for.

For 160 AED , I honestly expected better. The result is so uneven that I have to go home and redo my hair myself.

If no senior technician was available, I would have preferred to be told upfront. I would rather go somewhere else and get the result I want than pay for a service and still have to redo it at home.

This was really disappointing.",2026-06-07T15:14:14.458206810Z,2 months ago,mariam alameri,https://www.google.com/maps/reviews/data=!4m6!14m5!1m4!2m3!1sCi9DQUlRQUNvZENodHljRjlvT2twUWNGTlZjM3AxTWxGRVpuZE1lbEJxVVhoTFEyYxAB!2m1!1s0x3e5f6d0fd833b70d:0x97d70fd23ed5ab9e,Google Places API (New); API returns up to 5 review samples,2026-09-02T15:15:30+00:00
34,Westyas Branch,ChIJURfcOI9FXj4RQMm5phqBgY8,1,5,"​I had an absolutely wonderful experience at Bedashing Beauty Lounge! From the moment I walked in, the reception team and therapists made me feel so incredibly welcome and at home.

​The attention to detail is unmatched—I am obsessed with how my nails turned out, thank you Ms Jenny Rose for a much love pamper time! 😘","​I had an absolutely wonderful experience at Bedashing Beauty Lounge! From the moment I walked in, the reception team and therapists made me feel so incredibly welcome and at home.

​The attention to detail is unmatched—I am obsessed with how my nails turned out, thank you Ms Jenny Rose for a much love pamper time! 😘",2026-05-12T10:27:23.812557704Z,3 months ago,Jerika Frances Flores,https://www.google.com/maps/reviews/data=!4m6!14m5!1m4!2m3!1sCi9DQUlRQUNvZENodHljRjlvT21kZmQweGtjM3BhTW13MmVtSnBhM1pvVFZOdk5WRRAB!2m1!1s0x3e5e458f38dc1751:0x8f81811aa6b9c940,Google Places API (New); API returns up to 5 review samples,2026-09-02T15:15:30+00:00
34,Westyas Branch,ChIJURfcOI9FXj4RQMm5phqBgY8,2,5,"The atmosphere is truly warm and welcoming. Everyone on the team, including you, is just so sweet. They were all amazing, and I genuinely felt so well taken care of—not because they had to, but because you can tell they truly do everything with love and passion.

They are all incredibly kind and lovely. I had my roots done, covering my whole head, and I honestly didn’t expect such an amazing result.

I decided to try this salon because I was tired of paying so much at the hair salon I had been going to for years. Since I live nearby, I thought I’d give it a try, and I’m so glad I did.

The quality-to-price ratio is outstanding. They didn’t just do a good job—they did an excellent job. I’ll definitely be back. From now on, I’ll be one of their regular clients!","The atmosphere is truly warm and welcoming. Everyone on the team, including you, is just so sweet. They were all amazing, and I genuinely felt so well taken care of—not because they had to, but because you can tell they truly do everything with love and passion.

They are all incredibly kind and lovely. I had my roots done, covering my whole head, and I honestly didn’t expect such an amazing result.

I decided to try this salon because I was tired of paying so much at the hair salon I had been going to for years. Since I live nearby, I thought I’d give it a try, and I’m so glad I did.

The quality-to-price ratio is outstanding. They didn’t just do a good job—they did an excellent job. I’ll definitely be back. From now on, I’ll be one of their regular clients!",2026-07-01T17:50:09.067577274Z,2 months ago,Simona Caruso,https://www.google.com/maps/reviews/data=!4m6!14m5!1m4!2m3!1sCi9DQUlRQUNvZENodHljRjlvT2sxbUxVdzNSWGRYTldKcVVFTlJhbDlZU1hCaWExRRAB!2m1!1s0x3e5e458f38dc1751:0x8f81811aa6b9c940,Google Places API (New); API returns up to 5 review samples,2026-09-02T15:15:30+00:00
34,Westyas Branch,ChIJURfcOI9FXj4RQMm5phqBgY8,3,1,"Despite its well-known and prestigious reputation in the UAE, my experience at this salon was very disappointing.

I booked both a manicure and a pedicure, including an additional callus removal treatment. Unfortunately, the quality of the service was far below the standard I expected. The technician who did my manicure did not shape or trim my nails properly, and the final result looked untidy and unprofessional.

As for the pedicure, the technician did not seem experienced enough. While using the callus removal tool, she actually burned my foot, which was both painful and unacceptable.

To make matters worse, when I was leaving, my shoes were placed inside a paper bag made from recycled supermarket magazines. I found this very surprising. Doesn’t a long-established, premium salon have its own branded bags? Considering the high prices charged for the services, this felt cheap and unprofessional, and certainly not the level of customer experience I expected from such a reputable business.

Overall, I was very disappointed and would not expect this level of service from a salon with
such a strong reputation.

On top of everything else, the nail technician doing my manicure constantly tried to sell me additional services. She repeatedly suggested extra treatments throughout my appointment, even after I made it clear that I was not interested. She simply would not stop, and it became very annoying and uncomfortable. Clients should be able to enjoy their appointment without feeling pressured into purchasing extra services.","Despite its well-known and prestigious reputation in the UAE, my experience at this salon was very disappointing.

I booked both a manicure and a pedicure, including an additional callus removal treatment. Unfortunately, the quality of the service was far below the standard I expected. The technician who did my manicure did not shape or trim my nails properly, and the final result looked untidy and unprofessional.

As for the pedicure, the technician did not seem experienced enough. While using the callus removal tool, she actually burned my foot, which was both painful and unacceptable.

To make matters worse, when I was leaving, my shoes were placed inside a paper bag made from recycled supermarket magazines. I found this very surprising. Doesn’t a long-established, premium salon have its own branded bags? Considering the high prices charged for the services, this felt cheap and unprofessional, and certainly not the level of customer experience I expected from such a reputable business.

Overall, I was very disappointed and would not expect this level of service from a salon with
such a strong reputation.

On top of everything else, the nail technician doing my manicure constantly tried to sell me additional services. She repeatedly suggested extra treatments throughout my appointment, even after I made it clear that I was not interested. She simply would not stop, and it became very annoying and uncomfortable. Clients should be able to enjoy their appointment without feeling pressured into purchasing extra services.",2026-06-26T04:05:34.457599393Z,2 months ago,Ahlam Mubarak,https://www.google.com/maps/reviews/data=!4m6!14m5!1m4!2m3!1sCi9DQUlRQUNvZENodHljRjlvT21nNGRtNDVRV1ZFT0hKVVFtbDJjams0VUdoM1QwRRAB!2m1!1s0x3e5e458f38dc1751:0x8f81811aa6b9c940,Google Places API (New); API returns up to 5 review samples,2026-09-02T15:15:30+00:00
34,Westyas Branch,ChIJURfcOI9FXj4RQMm5phqBgY8,4,1,"If you want your natural nails completely destroyed, go to any Bedashing branch.

I booked an appointment for lash extension removal and soft gel extension removal. Before booking, I specifically asked on WhatsApp whether they knew how to remove soft gel extensions, and they confirmed that they did.

The only positive thing I can say is that the lash removal was done properly.

The nail removal, however, was one of the worst salon experiences I’ve ever had. The technician started by aggressively drilling my nails before applying acetone and foil wraps. When the foils were removed, instead of the product being properly soaked off, she continued filing and drilling my nails, then wrapped them back up in acetone and foil again. This cycle was repeated multiple times.

By the end of the appointment, my natural nails were left paper-thin, weak, damaged, and painful. It genuinely felt like she was drilling away my actual nails rather than removing the product. A professional soft gel removal should not leave someone’s nails in this condition.

What’s even more frustrating is that I specifically checked beforehand that they offered soft gel removal. If this is the standard removal process, then they should not be offering the service at all.

I left with nails that are significantly worse than when I walked in and will now need months to recover. I paid for a removal service, not for my natural nails to be ruined.

The lash removal was good, but the damage done to my nails completely overshadowed any positive part of the visit. I would never trust Bedashing with my nails again and would not recommend their soft gel removal service to anyone.","If you want your natural nails completely destroyed, go to any Bedashing branch.

I booked an appointment for lash extension removal and soft gel extension removal. Before booking, I specifically asked on WhatsApp whether they knew how to remove soft gel extensions, and they confirmed that they did.

The only positive thing I can say is that the lash removal was done properly.

The nail removal, however, was one of the worst salon experiences I’ve ever had. The technician started by aggressively drilling my nails before applying acetone and foil wraps. When the foils were removed, instead of the product being properly soaked off, she continued filing and drilling my nails, then wrapped them back up in acetone and foil again. This cycle was repeated multiple times.

By the end of the appointment, my natural nails were left paper-thin, weak, damaged, and painful. It genuinely felt like she was drilling away my actual nails rather than removing the product. A professional soft gel removal should not leave someone’s nails in this condition.

What’s even more frustrating is that I specifically checked beforehand that they offered soft gel removal. If this is the standard removal process, then they should not be offering the service at all.

I left with nails that are significantly worse than when I walked in and will now need months to recover. I paid for a removal service, not for my natural nails to be ruined.

The lash removal was good, but the damage done to my nails completely overshadowed any positive part of the visit. I would never trust Bedashing with my nails again and would not recommend their soft gel removal service to anyone.",2026-06-15T12:21:09.232568952Z,2 months ago,Hessa Alh,https://www.google.com/maps/reviews/data=!4m6!14m5!1m4!2m3!1sCi9DQUlRQUNvZENodHljRjlvT2taeExUUmFObWMwYzE5SlgxVTJWblIzYlRWb1VIYxAB!2m1!1s0x3e5e458f38dc1751:0x8f81811aa6b9c940,Google Places API (New); API returns up to 5 review samples,2026-09-02T15:15:30+00:00
34,Westyas Branch,ChIJURfcOI9FXj4RQMm5phqBgY8,5,5,"Jenny Rose is truly an exceptional nail artist. From the moment you sit in her chair, you can tell how much care, talent, and passion she puts into her work. She’s incredibly detail-oriented, patient, and genuinely listens to what you want and somehow makes it even better than you imagined.
Her designs are flawless and always beautifully executed. Jenny Rose herself is an absolute joy to be around. She is professional, kind, and so talented. Every appointment feels like a treat, not just a service.","Jenny Rose is truly an exceptional nail artist. From the moment you sit in her chair, you can tell how much care, talent, and passion she puts into her work. She’s incredibly detail-oriented, patient, and genuinely listens to what you want and somehow makes it even better than you imagined.
Her designs are flawless and always beautifully executed. Jenny Rose herself is an absolute joy to be around. She is professional, kind, and so talented. Every appointment feels like a treat, not just a service.",2026-02-02T06:03:13.792550837Z,7 months ago,Cynthia Bartok,https://www.google.com/maps/reviews/data=!4m6!14m5!1m4!2m3!1sCi9DQUlRQUNvZENodHljRjlvT2pOUGFsaEhTalU1YkdKWFozQjJlRm8zZFV4WFZVRRAB!2m1!1s0x3e5e458f38dc1751:0x8f81811aa6b9c940,Google Places API (New); API returns up to 5 review samples,2026-09-02T15:15:30+00:00
49,Zawaya Walk,ChIJNY29cDNZXz4RT5H-KSCWfCo,1,4,"I really like the service and the staff at this place — they are friendly and professional. However, I was quite surprised by the pricing. I was charged 60 AED just for a simple nail polish application (hands only), without any cleaning, shaping, or additional service — just applying color.

To be honest, I found this a bit overpriced, especially considering that I can buy a high-quality Essie nail polish for around 46 AED and use it multiple times. I hope the pricing can be reconsidered to better match the service provided.","I really like the service and the staff at this place — they are friendly and professional. However, I was quite surprised by the pricing. I was charged 60 AED just for a simple nail polish application (hands only), without any cleaning, shaping, or additional service — just applying color.

To be honest, I found this a bit overpriced, especially considering that I can buy a high-quality Essie nail polish for around 46 AED and use it multiple times. I hope the pricing can be reconsidered to better match the service provided.",2026-04-08T04:59:17.233784243Z,4 months ago,Maitha hassan,https://www.google.com/maps/reviews/data=!4m6!14m5!1m4!2m3!1sCi9DQUlRQUNvZENodHljRjlvT2sxUlptazJNWGROUTNCcmJEWkJMVE5DUnpGeGVFRRAB!2m1!1s0x3e5f593370bd8d35:0x2a7c962029fe914f,Google Places API (New); API returns up to 5 review samples,2026-09-02T15:15:30+00:00
49,Zawaya Walk,ChIJNY29cDNZXz4RT5H-KSCWfCo,2,5,Thank u Bedashing Beauty Lounge Zawaya always provide very good services good stuff and amazing hospitality ..,Thank u Bedashing Beauty Lounge Zawaya always provide very good services good stuff and amazing hospitality ..,2026-05-16T14:04:30.058129907Z,3 months ago,Shaikha Salim,https://www.google.com/maps/reviews/data=!4m6!14m5!1m4!2m3!1sCi9DQUlRQUNvZENodHljRjlvT20xTVoxZHdWVnBwWjI5eFpYWlpZVVpJYVV0cFFVRRAB!2m1!1s0x3e5f593370bd8d35:0x2a7c962029fe914f,Google Places API (New); API returns up to 5 review samples,2026-09-02T15:15:30+00:00
49,Zawaya Walk,ChIJNY29cDNZXz4RT5H-KSCWfCo,3,1,"The worst experience ever, I cancelled all my plans just for this appointment for nails and that was very important day for me. The whole experience and service was disaster. The day before I went to salon I had Moroccan hamam which was great and the Moroccan lady there was very nice. And I also checked colors and timing. I exactly confirmed with them which color I want and next day and went lady who was doing my nails she told me that they don’t have actually this color and the just didn’t remove these examples from the stand. When i told her that i spoke with your colleague yesterday and confirmed everything she told me no we don’t have this color and she misguided you and additionally the use the worst glue ever which I have never experience this product smells like a cheap glue in the shop and it is visible under my nails. In this case another lady I think she is reception she offered another color and design so I agree told me that they will charge me 105 only as for the whole thing and at the end the bill became 215 AED and I was so surprised why they are overcharging me she told no mam you misunderstood me and I paid 215 AED for smelly nails. And my nails still smells very bad and glue it’s giving me headache. For is the worst in this story I okay anything can happen but at least if I could have seen empathy and some actions trying to cover situation and my messed up experience NO! They made it worse at the end. I would never recommend this brand for the nails.","The worst experience ever, I cancelled all my plans just for this appointment for nails and that was very important day for me. The whole experience and service was disaster. The day before I went to salon I had Moroccan hamam which was great and the Moroccan lady there was very nice. And I also checked colors and timing. I exactly confirmed with them which color I want and next day and went lady who was doing my nails she told me that they don’t have actually this color and the just didn’t remove these examples from the stand. When i told her that i spoke with your colleague yesterday and confirmed everything she told me no we don’t have this color and she misguided you and additionally the use the worst glue ever which I have never experience this product smells like a cheap glue in the shop and it is visible under my nails. In this case another lady I think she is reception she offered another color and design so I agree told me that they will charge me 105 only as for the whole thing and at the end the bill became 215 AED and I was so surprised why they are overcharging me she told no mam you misunderstood me and I paid 215 AED for smelly nails. And my nails still smells very bad and glue it’s giving me headache. For is the worst in this story I okay anything can happen but at least if I could have seen empathy and some actions trying to cover situation and my messed up experience NO! They made it worse at the end. I would never recommend this brand for the nails.",2026-03-19T09:55:06.623022409Z,5 months ago,Lamyae Ouaray,https://www.google.com/maps/reviews/data=!4m6!14m5!1m4!2m3!1sCi9DQUlRQUNvZENodHljRjlvT2pKS1ZXMVdkakZpZW5WMlZqQTJOMjVvZDNwRmJuYxAB!2m1!1s0x3e5f593370bd8d35:0x2a7c962029fe914f,Google Places API (New); API returns up to 5 review samples,2026-09-02T15:15:30+00:00
49,Zawaya Walk,ChIJNY29cDNZXz4RT5H-KSCWfCo,4,5,"Absolutely the best place in Sharjah for a manicure and pedicure! 💅 The salon is spotless and very hygienic, and the technicians are skilled and efficient — they don’t take too long, yet the results are always flawless.","Absolutely the best place in Sharjah for a manicure and pedicure! 💅 The salon is spotless and very hygienic, and the technicians are skilled and efficient — they don’t take too long, yet the results are always flawless.",2025-11-05T14:51:18.925448216Z,10 months ago,Huda Hammad,https://www.google.com/maps/reviews/data=!4m6!14m5!1m4!2m3!1sCi9DQUlRQUNvZENodHljRjlvT2tOS0xXZHVjRmxCTlhCc1ZVbzFUa2hqZHpkbFJGRRAB!2m1!1s0x3e5f593370bd8d35:0x2a7c962029fe914f,Google Places API (New); API returns up to 5 review samples,2026-09-02T15:15:30+00:00
49,Zawaya Walk,ChIJNY29cDNZXz4RT5H-KSCWfCo,5,1,I got my hair extensions removed  . Paid 15 dhs for each piece yet i left with my hair full of glue and half of my hair was already fallen .. i chose to pay alot with removal to protect my hair yet i found my hair falling so much and the lady was activly pulling the glue when i was telling her ouch it hurts ! She replied bare with me to remove the glue! .. removal with the right product and techniques would not have caused so much pain and hair loss with alot of glue left on my head !!!! Never again!,I got my hair extensions removed  . Paid 15 dhs for each piece yet i left with my hair full of glue and half of my hair was already fallen .. i chose to pay alot with removal to protect my hair yet i found my hair falling so much and the lady was activly pulling the glue when i was telling her ouch it hurts ! She replied bare with me to remove the glue! .. removal with the right product and techniques would not have caused so much pain and hair loss with alot of glue left on my head !!!! Never again!,2026-02-27T19:28:13.289101696Z,6 months ago,Rand Albakry,https://www.google.com/maps/reviews/data=!4m6!14m5!1m4!2m3!1sCi9DQUlRQUNvZENodHljRjlvT21KdFkyWTBTRW80WkdJd1dYRlFUM0E0TkZKcFJXYxAB!2m1!1s0x3e5f593370bd8d35:0x2a7c962029fe914f,Google Places API (New); API returns up to 5 review samples,2026-09-02T15:15:30+00:00
47,Zayed International Airport,ChIJD4c_XalPXj4RdqRn4Ir54qU,1,5,"What an exceptional experience at Bedashing Beauty I just had! Angel done manicure and pedicure for me. It was so much more than just nail treatment! The quality of her work was so much higher than I could imagine. The salon overall and Angel in particular made me feel welcome and pampered. I love my nails and give the Be Dashing beauty lounge 1000 out of 100. It's definitely is The Place to Go at Zayed International Airport, especially if you have a long layover.","What an exceptional experience at Bedashing Beauty I just had! Angel done manicure and pedicure for me. It was so much more than just nail treatment! The quality of her work was so much higher than I could imagine. The salon overall and Angel in particular made me feel welcome and pampered. I love my nails and give the Be Dashing beauty lounge 1000 out of 100. It's definitely is The Place to Go at Zayed International Airport, especially if you have a long layover.",2026-07-24T12:12:47.385321913Z,a month ago,Ellina Nolan,https://www.google.com/maps/reviews/data=!4m6!14m5!1m4!2m3!1sCi9DQUlRQUNvZENodHljRjlvT2xsU04yTktURzEzVGsxaWRUVkpVMVZJUjFscVpuYxAB!2m1!1s0x3e5e4fa95d3f870f:0xa5e2f98ae067a476,Google Places API (New); API returns up to 5 review samples,2026-09-02T15:15:30+00:00
47,Zayed International Airport,ChIJD4c_XalPXj4RdqRn4Ir54qU,2,5,"Exceptional service. Staff is welcoming, friendly and professional. I got a wash and blow dry and the stylist took great care of my hair and gave me some tips on how to care for it. I felt very well taken care off. Really recommend visiting if you have a layover and want to feel pampered.","Exceptional service. Staff is welcoming, friendly and professional. I got a wash and blow dry and the stylist took great care of my hair and gave me some tips on how to care for it. I felt very well taken care off. Really recommend visiting if you have a layover and want to feel pampered.",2026-04-20T07:09:18.069927259Z,4 months ago,Miriam Abdulameer,https://www.google.com/maps/reviews/data=!4m6!14m5!1m4!2m3!1sCi9DQUlRQUNvZENodHljRjlvT2sxNkxXOVZSR2Q0U0c1bWQySTFjV2RWUVRoVWNGRRAB!2m1!1s0x3e5e4fa95d3f870f:0xa5e2f98ae067a476,Google Places API (New); API returns up to 5 review samples,2026-09-02T15:15:30+00:00
47,Zayed International Airport,ChIJD4c_XalPXj4RdqRn4Ir54qU,3,5,"I probably had the best manicure ever here. The staff were incredibly kind, making sure I felt comfortable at all times. Special thanks to Mira for doing such an amazing job on my manicure and being so lovely! I’ll definitely be back every time I fly from AUH.","I probably had the best manicure ever here. The staff were incredibly kind, making sure I felt comfortable at all times. Special thanks to Mira for doing such an amazing job on my manicure and being so lovely! I’ll definitely be back every time I fly from AUH.",2025-04-21T09:02:30.492437Z,a year ago,María,https://www.google.com/maps/reviews/data=!4m6!14m5!1m4!2m3!1sChZDSUhNMG9nS0VJQ0FnTURvNExHTlpREAE!2m1!1s0x3e5e4fa95d3f870f:0xa5e2f98ae067a476,Google Places API (New); API returns up to 5 review samples,2026-09-02T15:15:30+00:00
47,Zayed International Airport,ChIJD4c_XalPXj4RdqRn4Ir54qU,4,5,"A Truly Elegant Experience

If you’re looking for a salon that redefines elegance, this is the place to be! The atmosphere is sophisticated , and the staff are equally remarkable. I had the pleasure of experiencing a luxurious hair scrub and blow-dry session with the talented Maple, who not only delivered exceptional results but also made the experience incredibly relaxing and enjoyable.

The salon also offers manicure and pedicure services, making it a one-stop shop for all your pampering needs.
Highly recommended for anyone looking to treat themselves to a beauty experience!","A Truly Elegant Experience

If you’re looking for a salon that redefines elegance, this is the place to be! The atmosphere is sophisticated , and the staff are equally remarkable. I had the pleasure of experiencing a luxurious hair scrub and blow-dry session with the talented Maple, who not only delivered exceptional results but also made the experience incredibly relaxing and enjoyable.

The salon also offers manicure and pedicure services, making it a one-stop shop for all your pampering needs.
Highly recommended for anyone looking to treat themselves to a beauty experience!",2024-12-08T06:51:23.608059Z,a year ago,Arwa Al Saber,https://www.google.com/maps/reviews/data=!4m6!14m5!1m4!2m3!1sChdDSUhNMG9nS0VJQ0FnSUN2eE9UNjF3RRAB!2m1!1s0x3e5e4fa95d3f870f:0xa5e2f98ae067a476,Google Places API (New); API returns up to 5 review samples,2026-09-02T15:15:30+00:00
47,Zayed International Airport,ChIJD4c_XalPXj4RdqRn4Ir54qU,5,5,"I have a 8 Hr lay over so  what do you do ?? Get a massage 💆🏾‍♀️ of course and nails done 💅🏻 not to mention the eyebrows threaded. And it was the just wonderful. The therapist was fantastic. I love my nails and the massage was really good
Thank you 🙏🏻
Highly recommend","I have a 8 Hr lay over so  what do you do ?? Get a massage 💆🏾‍♀️ of course and nails done 💅🏻 not to mention the eyebrows threaded. And it was the just wonderful. The therapist was fantastic. I love my nails and the massage was really good
Thank you 🙏🏻
Highly recommend",2025-07-20T12:02:40.362702646Z,a year ago,Sheron Gough,https://www.google.com/maps/reviews/data=!4m6!14m5!1m4!2m3!1sCi9DQUlRQUNvZENodHljRjlvT21sVFMySXlWR1EzTlV0RVRUbDNjelprTmsxSFRFRRAB!2m1!1s0x3e5e4fa95d3f870f:0xa5e2f98ae067a476,Google Places API (New); API returns up to 5 review samples,2026-09-02T15:15:30+00:00
