official_store_id,branch_name,branch_google_place_id,branch_latitude,branch_longitude,competitor_place_id,competitor_name,competitor_tier,straight_line_distance_km,search_radius_km,source,retrieved_at
37,Al Ain,ChIJaVP-IbGtij4REpj8CjkEfdo,24.2266835,55.6599794,ChIJdYoDDmKtij4R1CnCBKUsNvI,فيروم سبا - Virum Spa,DIRECT,0.0193,5.0,Google Places API (New),2026-09-02T15:35:56+00:00
37,Al Ain,ChIJaVP-IbGtij4REpj8CjkEfdo,24.2266835,55.6599794,ChIJgWJT_Pqtij4RZQmHlcShzKc,إليجانت بيوتي لونج للسيدات,ADJACENT,0.0335,5.0,Google Places API (New),2026-09-02T15:35:56+00:00
37,Al Ain,ChIJaVP-IbGtij4REpj8CjkEfdo,24.2266835,55.6599794,ChIJMcqDKaKtij4RP-EC5vE9v8E,La Poupee Beauty Center - AL AIN,DIRECT,0.7465,5.0,Google Places API (New),2026-09-02T15:35:56+00:00
37,Al Ain,ChIJaVP-IbGtij4REpj8CjkEfdo,24.2266835,55.6599794,ChIJx77OIACtij4RWaSVGi1r4L4,صالون سونا المرخانية sona salon,DIRECT,0.7966,5.0,Google Places API (New),2026-09-02T15:35:56+00:00
37,Al Ain,ChIJaVP-IbGtij4REpj8CjkEfdo,24.2266835,55.6599794,ChIJzVM6DwCtij4RkvOo_mxu4bw,History Beauty Center مركز التاريخ للتجميل,DIRECT,0.8027,5.0,Google Places API (New),2026-09-02T15:35:56+00:00
37,Al Ain,ChIJaVP-IbGtij4REpj8CjkEfdo,24.2266835,55.6599794,ChIJT9zKTQCtij4R9rasGY62a9s,صالون املوشي,DIRECT,1.0363,5.0,Google Places API (New),2026-09-02T15:35:56+00:00
37,Al Ain,ChIJaVP-IbGtij4REpj8CjkEfdo,24.2266835,55.6599794,ChIJLXJNyeatij4RT2-2Q09JYw4,Oriental Beauty Lounge - Al Ain City,DIRECT,1.1016,5.0,Google Places API (New),2026-09-02T15:35:56+00:00
37,Al Ain,ChIJaVP-IbGtij4REpj8CjkEfdo,24.2266835,55.6599794,ChIJJT6mDpGtij4RQ6hVVFR3VHY,Spa Alain,DIRECT,1.1078,5.0,Google Places API (New),2026-09-02T15:35:56+00:00
37,Al Ain,ChIJaVP-IbGtij4REpj8CjkEfdo,24.2266835,55.6599794,ChIJSW3Wc6Cvij4RVqmVUXRIPfY,369 Beauty Ladies Center,DIRECT,1.671,5.0,Google Places API (New),2026-09-02T15:35:56+00:00
37,Al Ain,ChIJaVP-IbGtij4REpj8CjkEfdo,24.2266835,55.6599794,ChIJUX0YRACzij4RNc56QEVDc20,نادي ريكوفري الصحي Recovery Health Club,DIRECT,1.6788,5.0,Google Places API (New),2026-09-02T15:35:56+00:00
37,Al Ain,ChIJaVP-IbGtij4REpj8CjkEfdo,24.2266835,55.6599794,ChIJXReqYQKuij4RfM51Db0DhR0,Maison De Joelle Al Ain,DIRECT,1.7034,5.0,Google Places API (New),2026-09-02T15:35:56+00:00
37,Al Ain,ChIJaVP-IbGtij4REpj8CjkEfdo,24.2266835,55.6599794,ChIJZ06Rl2evij4RKK5i-cGvy1I,"Zahraa Al Ward, Ladies Salon",DIRECT,1.8069,5.0,Google Places API (New),2026-09-02T15:35:56+00:00
37,Al Ain,ChIJaVP-IbGtij4REpj8CjkEfdo,24.2266835,55.6599794,ChIJBeU6eomzij4RQI0dC_6vJyM,Al jimi mall Brush and Blush Beauty Parlour,DIRECT,1.8336,5.0,Google Places API (New),2026-09-02T15:35:56+00:00
37,Al Ain,ChIJaVP-IbGtij4REpj8CjkEfdo,24.2266835,55.6599794,ChIJJd_Y08Kxij4R755rwM1pNxY,Brush and Blush Beauty Parlour Al Markhaniyyah,DIRECT,1.9318,5.0,Google Places API (New),2026-09-02T15:35:56+00:00
37,Al Ain,ChIJaVP-IbGtij4REpj8CjkEfdo,24.2266835,55.6599794,ChIJqatRyVqtij4RZZjneBXxA_Y,MAISON DU GLAMOUR LADIES BEAUTY SALON,DIRECT,2.0627,5.0,Google Places API (New),2026-09-02T15:35:56+00:00
37,Al Ain,ChIJaVP-IbGtij4REpj8CjkEfdo,24.2266835,55.6599794,ChIJDUAQUwCvij4RxvPzndlEkBs,TAIF BEAUTY SALON ASHARIJ,DIRECT,2.0708,5.0,Google Places API (New),2026-09-02T15:35:56+00:00
37,Al Ain,ChIJaVP-IbGtij4REpj8CjkEfdo,24.2266835,55.6599794,ChIJuUBGT9mtij4RX6VbfPTF0gU,HANA ROYAL BEAUTY SALON,DIRECT,2.1883,5.0,Google Places API (New),2026-09-02T15:35:56+00:00
37,Al Ain,ChIJaVP-IbGtij4REpj8CjkEfdo,24.2266835,55.6599794,ChIJzzbywhyyij4RijXShawdh7I,Amro Ladies Salon,DIRECT,2.195,5.0,Google Places API (New),2026-09-02T15:35:56+00:00
37,Al Ain,ChIJaVP-IbGtij4REpj8CjkEfdo,24.2266835,55.6599794,ChIJ7S7Bhpetij4RMJrRBcMy2X4,Ella Vera Spa Lounge,DIRECT,2.2155,5.0,Google Places API (New),2026-09-02T15:35:56+00:00
37,Al Ain,ChIJaVP-IbGtij4REpj8CjkEfdo,24.2266835,55.6599794,ChIJJVYkZ4Kzij4REDyJZyiYQC8,Shouq Beauty Salon,DIRECT,2.334,5.0,Google Places API (New),2026-09-02T15:35:56+00:00
37,Al Ain,ChIJaVP-IbGtij4REpj8CjkEfdo,24.2266835,55.6599794,ChIJibBV38Gvij4RoFsZ8CCRwPc,King river spa,ADJACENT,2.3824,5.0,Google Places API (New),2026-09-02T15:35:56+00:00
37,Al Ain,ChIJaVP-IbGtij4REpj8CjkEfdo,24.2266835,55.6599794,ChIJeyjXNgCvij4R3MKT6a88heY,TAIF BEAUTY SALON ASHARIJ BRANCH ALAIN,DIRECT,2.5623,5.0,Google Places API (New),2026-09-02T15:35:56+00:00
37,Al Ain,ChIJaVP-IbGtij4REpj8CjkEfdo,24.2266835,55.6599794,ChIJ-Y-shROzij4REi_nYgYTzNs,كارلفت سيدة للسيدات,DIRECT,2.6451,5.0,Google Places API (New),2026-09-02T15:35:56+00:00
37,Al Ain,ChIJaVP-IbGtij4REpj8CjkEfdo,24.2266835,55.6599794,ChIJb34n5hCuij4RqiS1VgZaSnk,Amber Spa & Beauty Lounge LLC,DIRECT,2.8239,5.0,Google Places API (New),2026-09-02T15:35:56+00:00
37,Al Ain,ChIJaVP-IbGtij4REpj8CjkEfdo,24.2266835,55.6599794,ChIJWUyAG3Gzij4RhQBnPkdegb4,Miss elegant,DIRECT,2.8708,5.0,Google Places API (New),2026-09-02T15:35:56+00:00
37,Al Ain,ChIJaVP-IbGtij4REpj8CjkEfdo,24.2266835,55.6599794,ChIJp9ytd6ixij4RjF79c_A7Clk,OCEAN BEAUTY CENTER- Alkhabisi (main branch),DIRECT,2.9062,5.0,Google Places API (New),2026-09-02T15:35:56+00:00
37,Al Ain,ChIJaVP-IbGtij4REpj8CjkEfdo,24.2266835,55.6599794,ChIJ75l9fqixij4RCKBHJGfstZY,Fankosha Beauty Center | مركز فنكوشة للتجميل,DIRECT,2.9656,5.0,Google Places API (New),2026-09-02T15:35:56+00:00
37,Al Ain,ChIJaVP-IbGtij4REpj8CjkEfdo,24.2266835,55.6599794,ChIJU4NjYgCxij4RBcwdPx0x-yU,Yasmeen henna Beauty salon,DIRECT,2.9685,5.0,Google Places API (New),2026-09-02T15:35:56+00:00
37,Al Ain,ChIJaVP-IbGtij4REpj8CjkEfdo,24.2266835,55.6599794,ChIJj_uVRRiuij4RQm0_-G-v1tg,Tmkn fitness,ADJACENT,2.9876,5.0,Google Places API (New),2026-09-02T15:35:56+00:00
37,Al Ain,ChIJaVP-IbGtij4REpj8CjkEfdo,24.2266835,55.6599794,ChIJN5j0wUWxij4R8TN2xJxsI3M,فينثورا الطبي,DIRECT,2.9941,5.0,Google Places API (New),2026-09-02T15:35:56+00:00
37,Al Ain,ChIJaVP-IbGtij4REpj8CjkEfdo,24.2266835,55.6599794,ChIJ17kOD-exij4RJ9DJM4hBxCo,Lavita Beauty Center,DIRECT,3.0044,5.0,Google Places API (New),2026-09-02T15:35:56+00:00
37,Al Ain,ChIJaVP-IbGtij4REpj8CjkEfdo,24.2266835,55.6599794,ChIJs0pW-oqxij4RD1dWYgW7sEQ,Rival Salon,DIRECT,3.049,5.0,Google Places API (New),2026-09-02T15:35:56+00:00
37,Al Ain,ChIJaVP-IbGtij4REpj8CjkEfdo,24.2266835,55.6599794,ChIJ-_Jmvj2vij4Rzs_B58K1mgI,THE GLAM SALON,DIRECT,3.1037,5.0,Google Places API (New),2026-09-02T15:35:56+00:00
37,Al Ain,ChIJaVP-IbGtij4REpj8CjkEfdo,24.2266835,55.6599794,ChIJS_3ToSOvij4Rf1Kgjs1h-4I,Reflection Spa & Saloon franz,ADJACENT,3.134,5.0,Google Places API (New),2026-09-02T15:35:56+00:00
37,Al Ain,ChIJaVP-IbGtij4REpj8CjkEfdo,24.2266835,55.6599794,ChIJ16Zlg3Cvij4RSAL9vtSZD24,AlFal Beauty Center - Alain,DIRECT,3.1438,5.0,Google Places API (New),2026-09-02T15:35:56+00:00
37,Al Ain,ChIJaVP-IbGtij4REpj8CjkEfdo,24.2266835,55.6599794,ChIJG1pmtnGvij4RHhOTDoimxGU,Ondas Ladies Beauty Center مركز أونداس للتجميل للسيدات,DIRECT,3.1532,5.0,Google Places API (New),2026-09-02T15:35:56+00:00
37,Al Ain,ChIJaVP-IbGtij4REpj8CjkEfdo,24.2266835,55.6599794,ChIJhasCFAavij4RTLvJROlIaJc,Hidden beauty Lounge,DIRECT,3.1563,5.0,Google Places API (New),2026-09-02T15:35:56+00:00
37,Al Ain,ChIJaVP-IbGtij4REpj8CjkEfdo,24.2266835,55.6599794,ChIJkbpRWACvij4RvV8mBcToWBE,صالون ميس وررد,DIRECT,3.1693,5.0,Google Places API (New),2026-09-02T15:35:56+00:00
37,Al Ain,ChIJaVP-IbGtij4REpj8CjkEfdo,24.2266835,55.6599794,ChIJkwV77Zmvij4RbWKomCxWpSU,Blue Moon Saloon .gentes,DIRECT,3.1709,5.0,Google Places API (New),2026-09-02T15:35:56+00:00
37,Al Ain,ChIJaVP-IbGtij4REpj8CjkEfdo,24.2266835,55.6599794,ChIJFxt_UT6vij4RRApoki-kaTw,Piano salon,DIRECT,3.1745,5.0,Google Places API (New),2026-09-02T15:35:56+00:00
37,Al Ain,ChIJaVP-IbGtij4REpj8CjkEfdo,24.2266835,55.6599794,ChIJPd269Eivij4RdjSUpOsmWis,Bishkek Beauty salon Al Ain,DIRECT,3.176,5.0,Google Places API (New),2026-09-02T15:35:56+00:00
37,Al Ain,ChIJaVP-IbGtij4REpj8CjkEfdo,24.2266835,55.6599794,ChIJUcv0Wo2vij4RGxp4BAsn7bU,H R World Beauty Salon,DIRECT,3.1817,5.0,Google Places API (New),2026-09-02T15:35:56+00:00
37,Al Ain,ChIJaVP-IbGtij4REpj8CjkEfdo,24.2266835,55.6599794,ChIJoT6bF5-vij4RIQkvhC95ltA,jehan Beauty Salon - صالون جيهان للتجميل,DIRECT,3.1869,5.0,Google Places API (New),2026-09-02T15:35:56+00:00
37,Al Ain,ChIJaVP-IbGtij4REpj8CjkEfdo,24.2266835,55.6599794,ChIJnwr5NkOvij4RmdNyeS6uroo,صالون ريفيرا,DIRECT,3.1904,5.0,Google Places API (New),2026-09-02T15:35:56+00:00
37,Al Ain,ChIJaVP-IbGtij4REpj8CjkEfdo,24.2266835,55.6599794,ChIJ4TNJ_Beuij4RbLLgYvIfAOU,ALTA Styles,DIRECT,3.2568,5.0,Google Places API (New),2026-09-02T15:35:56+00:00
37,Al Ain,ChIJaVP-IbGtij4REpj8CjkEfdo,24.2266835,55.6599794,ChIJ41I_Tm-xij4RGDLRsXuw3Ow,Royal Nails Beauty Lounge,DIRECT,3.435,5.0,Google Places API (New),2026-09-02T15:35:56+00:00
37,Al Ain,ChIJaVP-IbGtij4REpj8CjkEfdo,24.2266835,55.6599794,ChIJGbhzeuexij4Ra090LoMMZkM,بريتي لارينا سبا العين,DIRECT,3.4745,5.0,Google Places API (New),2026-09-02T15:35:56+00:00
37,Al Ain,ChIJaVP-IbGtij4REpj8CjkEfdo,24.2266835,55.6599794,ChIJMU5vP36xij4R7f2yKKT8OOw,MÉLANGE BEAUTÉ,DIRECT,3.4933,5.0,Google Places API (New),2026-09-02T15:35:56+00:00
37,Al Ain,ChIJaVP-IbGtij4REpj8CjkEfdo,24.2266835,55.6599794,ChIJV70DgtGzij4RRh6_4hZV550,Rapunzel spa,DIRECT,3.5021,5.0,Google Places API (New),2026-09-02T15:35:56+00:00
37,Al Ain,ChIJaVP-IbGtij4REpj8CjkEfdo,24.2266835,55.6599794,ChIJAVs5Tluxij4Rr9CuPi7hmPI,Lunar wellness spa,ADJACENT,3.5139,5.0,Google Places API (New),2026-09-02T15:35:56+00:00
37,Al Ain,ChIJaVP-IbGtij4REpj8CjkEfdo,24.2266835,55.6599794,ChIJQ4TtbD2xij4RCMMnJhlNJ5o,The Muse UAE Boutique Spa Al Ain,ADJACENT,3.5212,5.0,Google Places API (New),2026-09-02T15:35:56+00:00
37,Al Ain,ChIJaVP-IbGtij4REpj8CjkEfdo,24.2266835,55.6599794,ChIJz2y9eACxij4RsbndWqEjBRc,Need Spa & Dalkah House,DIRECT,3.5349,5.0,Google Places API (New),2026-09-02T15:35:56+00:00
37,Al Ain,ChIJaVP-IbGtij4REpj8CjkEfdo,24.2266835,55.6599794,ChIJu34BNYyxij4RotZtIy2lDLw,مركز الرغوة الناعمة,DIRECT,3.6743,5.0,Google Places API (New),2026-09-02T15:35:56+00:00
37,Al Ain,ChIJaVP-IbGtij4REpj8CjkEfdo,24.2266835,55.6599794,ChIJFSNK1MOzij4RQf8QpfrN95E,Base beauty and spa,DIRECT,3.7056,5.0,Google Places API (New),2026-09-02T15:35:56+00:00
37,Al Ain,ChIJaVP-IbGtij4REpj8CjkEfdo,24.2266835,55.6599794,ChIJ7ZcjXACxij4Rp1-jfjC1aBo,الأناقة,DIRECT,3.7602,5.0,Google Places API (New),2026-09-02T15:35:56+00:00
37,Al Ain,ChIJaVP-IbGtij4REpj8CjkEfdo,24.2266835,55.6599794,ChIJ6Vqaz22zij4RXNfJYsXsWJA,Most glam ladies salon,DIRECT,3.9202,5.0,Google Places API (New),2026-09-02T15:35:56+00:00
37,Al Ain,ChIJaVP-IbGtij4REpj8CjkEfdo,24.2266835,55.6599794,ChIJp-3AC5Sxij4RtDixqNw1tow,روج البنفسج لتجميل السيدات,DIRECT,3.9638,5.0,Google Places API (New),2026-09-02T15:35:56+00:00
37,Al Ain,ChIJaVP-IbGtij4REpj8CjkEfdo,24.2266835,55.6599794,ChIJj5pu4Jmvij4R8VxjaZq3GhM,City saloon tawam,DIRECT,3.988,5.0,Google Places API (New),2026-09-02T15:35:56+00:00
37,Al Ain,ChIJaVP-IbGtij4REpj8CjkEfdo,24.2266835,55.6599794,ChIJE5gFvtKzij4R686ZJdYDvBM,Salon Reem Al Bawadi,DIRECT,3.9918,5.0,Google Places API (New),2026-09-02T15:35:56+00:00
37,Al Ain,ChIJaVP-IbGtij4REpj8CjkEfdo,24.2266835,55.6599794,ChIJzQADgQ-zij4R4zEDCBluHu8,Kristal beauty salon,ADJACENT,4.0144,5.0,Google Places API (New),2026-09-02T15:35:56+00:00
37,Al Ain,ChIJaVP-IbGtij4REpj8CjkEfdo,24.2266835,55.6599794,ChIJpxOOGEuzij4RuKvHVHiPZDk,Madhah Hair Cutting Saloon,DIRECT,4.0866,5.0,Google Places API (New),2026-09-02T15:35:56+00:00
37,Al Ain,ChIJaVP-IbGtij4REpj8CjkEfdo,24.2266835,55.6599794,ChIJGY_KeQCzij4RqsPrFl-0GpM,Viorica Ladies Beauty Centre,DIRECT,4.4272,5.0,Google Places API (New),2026-09-02T15:35:56+00:00
37,Al Ain,ChIJaVP-IbGtij4REpj8CjkEfdo,24.2266835,55.6599794,ChIJL9iC5tizij4RuyXvlC7IdFo,Addis Ababa salon,DIRECT,4.4649,5.0,Google Places API (New),2026-09-02T15:35:56+00:00
37,Al Ain,ChIJaVP-IbGtij4REpj8CjkEfdo,24.2266835,55.6599794,ChIJaRyRTE-xij4ROKfEGjuBN00,The Space Beauty Lounge Al Ain,DIRECT,4.7263,5.0,Google Places API (New),2026-09-02T15:35:56+00:00
37,Al Ain,ChIJaVP-IbGtij4REpj8CjkEfdo,24.2266835,55.6599794,ChIJ1VSBXQCxij4RNQaz7fTMu2M,صالون تجميل خدمات منزلية,DIRECT,4.7829,5.0,Google Places API (New),2026-09-02T15:35:56+00:00
37,Al Ain,ChIJaVP-IbGtij4REpj8CjkEfdo,24.2266835,55.6599794,ChIJHYmgppuxij4RKP9R7btrgyE,مركز داماس للحناء و تجميل السيدات Damas Henna & Beauty Center,DIRECT,4.7843,5.0,Google Places API (New),2026-09-02T15:35:56+00:00
37,Al Ain,ChIJaVP-IbGtij4REpj8CjkEfdo,24.2266835,55.6599794,ChIJb5yGfgCxij4Rpc-SpgGqT6c,صالون رحاب بيوتي,DIRECT,4.7962,5.0,Google Places API (New),2026-09-02T15:35:56+00:00
37,Al Ain,ChIJaVP-IbGtij4REpj8CjkEfdo,24.2266835,55.6599794,ChIJhWHkbROzij4R3nbF40YZU9s,La Bela Princino Beauty Center,DIRECT,4.9389,5.0,Google Places API (New),2026-09-02T15:35:56+00:00
30,Al Barsha,ChIJ692_u5NrXz4RTD99fc17TzU,25.1131451,55.2156092,ChIJ7SYyfihrXz4RXLClE0wn5Fs,Leilani Beauty Lounge,DIRECT,0.2944,5.0,Google Places API (New),2026-09-02T15:35:56+00:00
30,Al Barsha,ChIJ692_u5NrXz4RTD99fc17TzU,25.1131451,55.2156092,ChIJ4aywXGBrXz4RpFwHB73Aab0,Svan Star Spa Massage Al Barsha,ADJACENT,0.3198,5.0,Google Places API (New),2026-09-02T15:35:56+00:00
30,Al Barsha,ChIJ692_u5NrXz4RTD99fc17TzU,25.1131451,55.2156092,ChIJF_QsY9xrXz4Rgtxfhf0VJr8,Angsana Spa,ADJACENT,0.3631,5.0,Google Places API (New),2026-09-02T15:35:56+00:00
30,Al Barsha,ChIJ692_u5NrXz4RTD99fc17TzU,25.1131451,55.2156092,ChIJUeiUt95tXz4Rem3ynVPA2CM,Nailsbyzinovic,DIRECT,0.4558,5.0,Google Places API (New),2026-09-02T15:35:56+00:00
30,Al Barsha,ChIJ692_u5NrXz4RTD99fc17TzU,25.1131451,55.2156092,ChIJ_d4g4-lrXz4RtpM9Wz9xhsc,Tips and Toes,DIRECT,0.4674,5.0,Google Places API (New),2026-09-02T15:35:56+00:00
30,Al Barsha,ChIJ692_u5NrXz4RTD99fc17TzU,25.1131451,55.2156092,ChIJxzuOSxFDXz4RT0-2SD8fcZg,Blue River Massage,ADJACENT,0.4725,5.0,Google Places API (New),2026-09-02T15:35:56+00:00
30,Al Barsha,ChIJ692_u5NrXz4RTD99fc17TzU,25.1131451,55.2156092,ChIJAc2mBNVrXz4R4eKQ2a-yvLA,March14 Dubai Beauty Residence,DIRECT,0.8437,5.0,Google Places API (New),2026-09-02T15:35:56+00:00
30,Al Barsha,ChIJ692_u5NrXz4RTD99fc17TzU,25.1131451,55.2156092,ChIJj95Qj1VrXz4RO7TXi8TL814,Kimia Salon Dubai | Hair color | Balayage | Hair extensions | Nails,DIRECT,0.8815,5.0,Google Places API (New),2026-09-02T15:35:56+00:00
30,Al Barsha,ChIJ692_u5NrXz4RTD99fc17TzU,25.1131451,55.2156092,ChIJ3R8VfyBrXz4RzQB2VOn8F8w,Reign Beauty Bar Al Barsha,DIRECT,0.8846,5.0,Google Places API (New),2026-09-02T15:35:56+00:00
30,Al Barsha,ChIJ692_u5NrXz4RTD99fc17TzU,25.1131451,55.2156092,ChIJK1hHUcRrXz4RXEJ4FE4pJN4,SARAS Beauty Lounge,DIRECT,0.8977,5.0,Google Places API (New),2026-09-02T15:35:56+00:00
30,Al Barsha,ChIJ692_u5NrXz4RTD99fc17TzU,25.1131451,55.2156092,ChIJLRpXYfprXz4RzAMvLGro7sI,Beauty By Bella Salon,DIRECT,0.9772,5.0,Google Places API (New),2026-09-02T15:35:56+00:00
30,Al Barsha,ChIJ692_u5NrXz4RTD99fc17TzU,25.1131451,55.2156092,ChIJdTfRmEFrXz4RYoHD5ice4Io,Lashes Mona Dubai | lamination | Eyelash Secret Ladies | Secret Home Service | Secret Eyelash | Lash | lash extensions,DIRECT,0.9995,5.0,Google Places API (New),2026-09-02T15:35:56+00:00
30,Al Barsha,ChIJ692_u5NrXz4RTD99fc17TzU,25.1131451,55.2156092,ChIJgf2fLX9rXz4RuznYevEZZvo,WVL Al Barsha 1,ADJACENT,1.0168,5.0,Google Places API (New),2026-09-02T15:35:56+00:00
30,Al Barsha,ChIJ692_u5NrXz4RTD99fc17TzU,25.1131451,55.2156092,ChIJZQxNp4BrXz4RGG36xMjuoJI,ILIOS LADIES SALON,DIRECT,1.0316,5.0,Google Places API (New),2026-09-02T15:35:56+00:00
30,Al Barsha,ChIJ692_u5NrXz4RTD99fc17TzU,25.1131451,55.2156092,ChIJrx2Or8FrXz4RiYWRgp_AiGM,The Iridium Building,DIRECT,1.0399,5.0,Google Places API (New),2026-09-02T15:35:56+00:00
30,Al Barsha,ChIJ692_u5NrXz4RTD99fc17TzU,25.1131451,55.2156092,ChIJmY-VfQFrXz4RWrOTtGOO7m8,Maxwell No.1 Thai Spa,ADJACENT,1.0473,5.0,Google Places API (New),2026-09-02T15:35:56+00:00
30,Al Barsha,ChIJ692_u5NrXz4RTD99fc17TzU,25.1131451,55.2156092,ChIJsRrJTT9DXz4RXl0C48wbrzQ,Crystal Hair Extension Al Barsha | صالون كريستال بيع و تركيب الشعرالمستعار البرشاء,DIRECT,1.0557,5.0,Google Places API (New),2026-09-02T15:35:56+00:00
30,Al Barsha,ChIJ692_u5NrXz4RTD99fc17TzU,25.1131451,55.2156092,ChIJhyULVyxpXz4RDwzQrnFxj0o,Atlantic Pools & Fountains LLC,ADJACENT,1.0588,5.0,Google Places API (New),2026-09-02T15:35:56+00:00
30,Al Barsha,ChIJ692_u5NrXz4RTD99fc17TzU,25.1131451,55.2156092,ChIJfTMoSYBrXz4RwapdxCXLNSQ,Agatha Kennedy,ADJACENT,1.0786,5.0,Google Places API (New),2026-09-02T15:35:56+00:00
30,Al Barsha,ChIJ692_u5NrXz4RTD99fc17TzU,25.1131451,55.2156092,ChIJ27knXfVrXz4R2QIGIIqLN7M,Princess House Ladies Beauty Salon Al Barsha,DIRECT,1.0886,5.0,Google Places API (New),2026-09-02T15:35:56+00:00
30,Al Barsha,ChIJ692_u5NrXz4RTD99fc17TzU,25.1131451,55.2156092,ChIJa4CFpv1rXz4Rb8J-J6i-ArI,Afrina Beauty Club Al Barsha,DIRECT,1.0913,5.0,Google Places API (New),2026-09-02T15:35:56+00:00
30,Al Barsha,ChIJ692_u5NrXz4RTD99fc17TzU,25.1131451,55.2156092,ChIJRR5KxhRrXz4RmTbtrXcj2hI,Trinity Arabic Spa,ADJACENT,1.0916,5.0,Google Places API (New),2026-09-02T15:35:56+00:00
30,Al Barsha,ChIJ692_u5NrXz4RTD99fc17TzU,25.1131451,55.2156092,ChIJRQz-OFVdXz4R9NE21yz_Y6E,Vip Relax Katina,ADJACENT,1.1726,5.0,Google Places API (New),2026-09-02T15:35:56+00:00
30,Al Barsha,ChIJ692_u5NrXz4RTD99fc17TzU,25.1131451,55.2156092,ChIJzRxDlhxodIMRTASUV4JX-9s,Massage in Dubai,ADJACENT,1.1806,5.0,Google Places API (New),2026-09-02T15:35:56+00:00
30,Al Barsha,ChIJ692_u5NrXz4RTD99fc17TzU,25.1131451,55.2156092,ChIJmXmD0yhrXz4RZLjcBRXnJ6o,Just Pretty Ladies Salon,DIRECT,1.1967,5.0,Google Places API (New),2026-09-02T15:35:56+00:00
30,Al Barsha,ChIJ692_u5NrXz4RTD99fc17TzU,25.1131451,55.2156092,ChIJ6w4J8b9rXz4RpQdpnlD62AE,Posh Beauty Center,DIRECT,1.2007,5.0,Google Places API (New),2026-09-02T15:35:56+00:00
30,Al Barsha,ChIJ692_u5NrXz4RTD99fc17TzU,25.1131451,55.2156092,ChIJncM2YABrXz4RgJWKTCNAY4c,Sultana Spa,ADJACENT,1.2343,5.0,Google Places API (New),2026-09-02T15:35:56+00:00
30,Al Barsha,ChIJ692_u5NrXz4RTD99fc17TzU,25.1131451,55.2156092,ChIJdxeryZRrXz4Rkc4vtQFBFcY,Lavana Spa Al Barsha,ADJACENT,1.2505,5.0,Google Places API (New),2026-09-02T15:35:56+00:00
30,Al Barsha,ChIJ692_u5NrXz4RTD99fc17TzU,25.1131451,55.2156092,ChIJSc1XHU9rXz4RZi8wbn7yuzg,Trinity European Spa,ADJACENT,1.2849,5.0,Google Places API (New),2026-09-02T15:35:56+00:00
30,Al Barsha,ChIJ692_u5NrXz4RTD99fc17TzU,25.1131451,55.2156092,ChIJWUJQUHNrXz4RlDkI-mUlJIw,Destiny Care and Spa,ADJACENT,1.3296,5.0,Google Places API (New),2026-09-02T15:35:56+00:00
30,Al Barsha,ChIJ692_u5NrXz4RTD99fc17TzU,25.1131451,55.2156092,ChIJeeouRZNrXz4RhzS7a4kAwK0,"Soul Senses Spa & Wellness - Grandeur Hotel - Al Barsha, Dubai",ADJACENT,1.3354,5.0,Google Places API (New),2026-09-02T15:35:56+00:00
30,Al Barsha,ChIJ692_u5NrXz4RTD99fc17TzU,25.1131451,55.2156092,ChIJQwu9B9dDXz4RGZqLXdWEOQw,Gentle Wave Massage,ADJACENT,1.3761,5.0,Google Places API (New),2026-09-02T15:35:56+00:00
30,Al Barsha,ChIJ692_u5NrXz4RTD99fc17TzU,25.1131451,55.2156092,ChIJZdQCgMZrXz4RaWt7QKrot4I,Evergreen Spa & Massage,ADJACENT,1.3943,5.0,Google Places API (New),2026-09-02T15:35:56+00:00
30,Al Barsha,ChIJ692_u5NrXz4RTD99fc17TzU,25.1131451,55.2156092,ChIJV02HjGxCSWYRogkA-pkRhUA,Nails And More Ladies Salon,DIRECT,1.4389,5.0,Google Places API (New),2026-09-02T15:35:56+00:00
30,Al Barsha,ChIJ692_u5NrXz4RTD99fc17TzU,25.1131451,55.2156092,ChIJ7xuNn8FrXz4RB3dSnDLcPIg,Twist Curly Hair Salon Dubai,DIRECT,1.4427,5.0,Google Places API (New),2026-09-02T15:35:56+00:00
30,Al Barsha,ChIJ692_u5NrXz4RTD99fc17TzU,25.1131451,55.2156092,ChIJd7MPAUBrXz4RubXbT3lM77Q,Quiet Room Spa Massage,ADJACENT,1.4449,5.0,Google Places API (New),2026-09-02T15:35:56+00:00
30,Al Barsha,ChIJ692_u5NrXz4RTD99fc17TzU,25.1131451,55.2156092,ChIJ78QAX75rXz4Reqa7p4C_shs,Orange Spa,ADJACENT,1.4459,5.0,Google Places API (New),2026-09-02T15:35:56+00:00
30,Al Barsha,ChIJ692_u5NrXz4RTD99fc17TzU,25.1131451,55.2156092,ChIJJ0ApP9drXz4Rjbm4Rj1Krss,Hottubkart Showroom,ADJACENT,1.4918,5.0,Google Places API (New),2026-09-02T15:35:56+00:00
30,Al Barsha,ChIJ692_u5NrXz4RTD99fc17TzU,25.1131451,55.2156092,ChIJk8Pik41rXz4ReQjs26aJkFw,RUS ELITE SPA - Best massage and SPA in Dubai,ADJACENT,1.5521,5.0,Google Places API (New),2026-09-02T15:35:56+00:00
30,Al Barsha,ChIJ692_u5NrXz4RTD99fc17TzU,25.1131451,55.2156092,ChIJu50AUABrXz4Re4FwtRMFVuA,Glam and grace beauty salon,DIRECT,1.6522,5.0,Google Places API (New),2026-09-02T15:35:56+00:00
30,Al Barsha,ChIJ692_u5NrXz4RTD99fc17TzU,25.1131451,55.2156092,ChIJx3o07L5rXz4ROX9g1k5On28,Sisters Beauty Lounge Hair Salon - Mall of the Emirates,DIRECT,1.6642,5.0,Google Places API (New),2026-09-02T15:35:56+00:00
30,Al Barsha,ChIJ692_u5NrXz4RTD99fc17TzU,25.1131451,55.2156092,ChIJ11bBm75rXz4RkWtFZTgoTNY,NStyle Beauty Lounge,DIRECT,1.6883,5.0,Google Places API (New),2026-09-02T15:35:56+00:00
30,Al Barsha,ChIJ692_u5NrXz4RTD99fc17TzU,25.1131451,55.2156092,ChIJ3dMkZ51rXz4RbblnFNSf_GM,Blush N Curls Ladies Salon & Spa - Al Barsha - Best Beauty Salon in Barsha - Dubai,DIRECT,1.7753,5.0,Google Places API (New),2026-09-02T15:35:56+00:00
30,Al Barsha,ChIJ692_u5NrXz4RTD99fc17TzU,25.1131451,55.2156092,ChIJl3RV11tzXz4RMCjRl9HReJg,Foxy Lane Russian Nail Studio,DIRECT,1.8083,5.0,Google Places API (New),2026-09-02T15:35:56+00:00
30,Al Barsha,ChIJ692_u5NrXz4RTD99fc17TzU,25.1131451,55.2156092,ChIJ1RsW_GhzXz4RbcP4Zz8s9Do,13:Thirteen Beauty Lounge,DIRECT,1.8161,5.0,Google Places API (New),2026-09-02T15:35:56+00:00
30,Al Barsha,ChIJ692_u5NrXz4RTD99fc17TzU,25.1131451,55.2156092,ChIJP-unmJ9rXz4RFvp-KZTIA-I,House of Enspa (TNS),DIRECT,1.8343,5.0,Google Places API (New),2026-09-02T15:35:56+00:00
30,Al Barsha,ChIJ692_u5NrXz4RTD99fc17TzU,25.1131451,55.2156092,ChIJSTj_IsZrXz4RjkgnU6ZMk2A,LaMer Ladies Salon - Beauty Salon - Hair Salon - Nail Salon - Al Barsha Dubai,DIRECT,1.836,5.0,Google Places API (New),2026-09-02T15:35:56+00:00
30,Al Barsha,ChIJ692_u5NrXz4RTD99fc17TzU,25.1131451,55.2156092,ChIJP-unmJ9rXz4R94hUIXZt-HM,Bio Sculpture Middle East LLC,ADJACENT,1.8394,5.0,Google Places API (New),2026-09-02T15:35:56+00:00
30,Al Barsha,ChIJ692_u5NrXz4RTD99fc17TzU,25.1131451,55.2156092,ChIJJVEHqvFrXz4Rh1hS5CYoakg,The Hair Tribe Salon,DIRECT,1.8456,5.0,Google Places API (New),2026-09-02T15:35:56+00:00
30,Al Barsha,ChIJ692_u5NrXz4RTD99fc17TzU,25.1131451,55.2156092,ChIJ2d4235NrXz4RiYqv8Pg3E0Q,Hair Signature Salon,DIRECT,1.846,5.0,Google Places API (New),2026-09-02T15:35:56+00:00
30,Al Barsha,ChIJ692_u5NrXz4RTD99fc17TzU,25.1131451,55.2156092,ChIJOZBMbdxrXz4RHEeuru_-HQA,Ruspa - Ukrainian and European Massage Al Barsha,ADJACENT,1.8605,5.0,Google Places API (New),2026-09-02T15:35:56+00:00
30,Al Barsha,ChIJ692_u5NrXz4RTD99fc17TzU,25.1131451,55.2156092,ChIJIWujKHtrXz4RE-7llgiR4N0,Arfi Nails Al Barsha,DIRECT,1.8763,5.0,Google Places API (New),2026-09-02T15:35:56+00:00
30,Al Barsha,ChIJ692_u5NrXz4RTD99fc17TzU,25.1131451,55.2156092,ChIJxRRfQC1rXz4RMcJ6Cw8Ho7U,Marolina Beauty Center - Al Barsha,DIRECT,1.8993,5.0,Google Places API (New),2026-09-02T15:35:56+00:00
30,Al Barsha,ChIJ692_u5NrXz4RTD99fc17TzU,25.1131451,55.2156092,ChIJ42CHILlrXz4RuGyVNfmXXDY,Marolina Spa | Massage Spa - Al Barsha,ADJACENT,1.9152,5.0,Google Places API (New),2026-09-02T15:35:56+00:00
30,Al Barsha,ChIJ692_u5NrXz4RTD99fc17TzU,25.1131451,55.2156092,ChIJa_OlIrxrXz4RwRVPdS8D2yI,Kempinski Hotel Mall of the Emirates,ADJACENT,1.9198,5.0,Google Places API (New),2026-09-02T15:35:56+00:00
30,Al Barsha,ChIJ692_u5NrXz4RTD99fc17TzU,25.1131451,55.2156092,ChIJQ8JhaNGxMaMRu3kClxgpN6o,Rewind & Unwind Spa,ADJACENT,1.9225,5.0,Google Places API (New),2026-09-02T15:35:56+00:00
30,Al Barsha,ChIJ692_u5NrXz4RTD99fc17TzU,25.1131451,55.2156092,ChIJa0BZuI5CXz4RXLJJBaBxTKY,Beauty Connection Spa LLC,DIRECT,1.9304,5.0,Google Places API (New),2026-09-02T15:35:56+00:00
30,Al Barsha,ChIJ692_u5NrXz4RTD99fc17TzU,25.1131451,55.2156092,ChIJY6uQjNpcXz4R9pJDKgGswWU,Seve & Co Beauty Lounge,DIRECT,1.9471,5.0,Google Places API (New),2026-09-02T15:35:56+00:00
30,Al Barsha,ChIJ692_u5NrXz4RTD99fc17TzU,25.1131451,55.2156092,ChIJ0RRUsr1rXz4RlKp1lR4JqgU,"Hilton Garden Inn Dubai, Mall Avenue",ADJACENT,1.951,5.0,Google Places API (New),2026-09-02T15:35:56+00:00
30,Al Barsha,ChIJ692_u5NrXz4RTD99fc17TzU,25.1131451,55.2156092,ChIJ9bJ680NrXz4Rj_yWJ0q_eQk,Diamond Beauty Womens Salon LLC,DIRECT,1.9573,5.0,Google Places API (New),2026-09-02T15:35:56+00:00
30,Al Barsha,ChIJ692_u5NrXz4RTD99fc17TzU,25.1131451,55.2156092,ChIJ8y63aQBpXz4RR0M2JKNuISQ,Saloon,DIRECT,2.0219,5.0,Google Places API (New),2026-09-02T15:35:56+00:00
30,Al Barsha,ChIJ692_u5NrXz4RTD99fc17TzU,25.1131451,55.2156092,ChIJW78NYshrXz4RaPSUGNMD9AY,Beauty Point Salon-Dubai-Saratoga Complex-Al Barsha 1(9th BR),DIRECT,2.0278,5.0,Google Places API (New),2026-09-02T15:35:56+00:00
30,Al Barsha,ChIJ692_u5NrXz4RTD99fc17TzU,25.1131451,55.2156092,ChIJ9yBJjwhsXz4RdzOzU_uq7DQ,Mademoiselle House Of Beauty - Al Barsha 2,DIRECT,2.0537,5.0,Google Places API (New),2026-09-02T15:35:56+00:00
30,Al Barsha,ChIJ692_u5NrXz4RTD99fc17TzU,25.1131451,55.2156092,ChIJnfNhhAhsXz4Ri7u_uOPuDZE,Samayel Saloon,DIRECT,2.0554,5.0,Google Places API (New),2026-09-02T15:35:56+00:00
30,Al Barsha,ChIJ692_u5NrXz4RTD99fc17TzU,25.1131451,55.2156092,ChIJFSQXNwBpXz4RJ8J_42zP_4I,Ribi Beauty,ADJACENT,2.0592,5.0,Google Places API (New),2026-09-02T15:35:56+00:00
30,Al Barsha,ChIJ692_u5NrXz4RTD99fc17TzU,25.1131451,55.2156092,ChIJd4XUcr1rXz4ROD6vqDR24sU,Sona Salon albrsha,DIRECT,2.071,5.0,Google Places API (New),2026-09-02T15:35:56+00:00
30,Al Barsha,ChIJ692_u5NrXz4RTD99fc17TzU,25.1131451,55.2156092,ChIJtfbdjhlrXz4RcucOOfcOzTU,Al Yamama Spa,ADJACENT,2.1083,5.0,Google Places API (New),2026-09-02T15:35:56+00:00
30,Al Barsha,ChIJ692_u5NrXz4RTD99fc17TzU,25.1131451,55.2156092,ChIJbVx-iq1rXz4R5wi7QFRwMCA,Miyoshi Korean Salon,DIRECT,2.1262,5.0,Google Places API (New),2026-09-02T15:35:56+00:00
30,Al Barsha,ChIJ692_u5NrXz4RTD99fc17TzU,25.1131451,55.2156092,ChIJh1aZEutrXz4RCx7Qc9uUfeg,Glitz Beauty Center - Al Barsha,DIRECT,2.1581,5.0,Google Places API (New),2026-09-02T15:35:56+00:00
30,Al Barsha,ChIJ692_u5NrXz4RTD99fc17TzU,25.1131451,55.2156092,ChIJLfby84FrXz4ReCf-3ArfkN0,PAINT Beauty Lounge,DIRECT,2.1637,5.0,Google Places API (New),2026-09-02T15:35:56+00:00
30,Al Barsha,ChIJ692_u5NrXz4RTD99fc17TzU,25.1131451,55.2156092,ChIJaVrArG1rXz4RfluqiTnOSEQ,Paradise European Spa -Best massage and Spa Dubai al Barsha,ADJACENT,2.2163,5.0,Google Places API (New),2026-09-02T15:35:56+00:00
30,Al Barsha,ChIJ692_u5NrXz4RTD99fc17TzU,25.1131451,55.2156092,ChIJryJowShDXz4RdjDJanpm4So,The M Beauty Salon صالون ذا ام للتجميل,DIRECT,2.29,5.0,Google Places API (New),2026-09-02T15:35:56+00:00
30,Al Barsha,ChIJ692_u5NrXz4RTD99fc17TzU,25.1131451,55.2156092,ChIJJbUDMXxpXz4RxDAEmJ-kHIU,Quality hairdressing saloon,DIRECT,2.3696,5.0,Google Places API (New),2026-09-02T15:35:56+00:00
30,Al Barsha,ChIJ692_u5NrXz4RTD99fc17TzU,25.1131451,55.2156092,ChIJk2KqHgBpXz4RYI5U-ZUqzXs,Best Massage Spa Royal Zen,ADJACENT,2.3846,5.0,Google Places API (New),2026-09-02T15:35:56+00:00
30,Al Barsha,ChIJ692_u5NrXz4RTD99fc17TzU,25.1131451,55.2156092,ChIJUTdYvm5DXz4RgAPmXI82MVo,Silk Road Massage,ADJACENT,2.4055,5.0,Google Places API (New),2026-09-02T15:35:56+00:00
30,Al Barsha,ChIJ692_u5NrXz4RTD99fc17TzU,25.1131451,55.2156092,ChIJOw_2bhNrXz4R6El-vfiOYp8,Shades Salon,DIRECT,2.4091,5.0,Google Places API (New),2026-09-02T15:35:56+00:00
30,Al Barsha,ChIJ692_u5NrXz4RTD99fc17TzU,25.1131451,55.2156092,ChIJlS90tidrXz4R9sLhUoq2Nw0,Skylark hotel spa massage مساج عربي تايلندي فندقي,ADJACENT,2.4235,5.0,Google Places API (New),2026-09-02T15:35:56+00:00
30,Al Barsha,ChIJ692_u5NrXz4RTD99fc17TzU,25.1131451,55.2156092,ChIJr10-BulrXz4RT4g6YaxNlVE,Mood Spa,ADJACENT,2.4362,5.0,Google Places API (New),2026-09-02T15:35:56+00:00
30,Al Barsha,ChIJ692_u5NrXz4RTD99fc17TzU,25.1131451,55.2156092,ChIJ1WDBHXVpXz4R1dAzL--opU0,Rooh al shabab,DIRECT,2.4424,5.0,Google Places API (New),2026-09-02T15:35:56+00:00
30,Al Barsha,ChIJ692_u5NrXz4RTD99fc17TzU,25.1131451,55.2156092,ChIJf7VZlwJrXz4R_kzxNzuPLL0,Ceylon home massage dubai,ADJACENT,2.4447,5.0,Google Places API (New),2026-09-02T15:35:56+00:00
30,Al Barsha,ChIJ692_u5NrXz4RTD99fc17TzU,25.1131451,55.2156092,ChIJecBBg6JrXz4RVAR1WCdnaiE,Sultana Spa – Al Barsha,DIRECT,2.4463,5.0,Google Places API (New),2026-09-02T15:35:56+00:00
30,Al Barsha,ChIJ692_u5NrXz4RTD99fc17TzU,25.1131451,55.2156092,ChIJXyKr36AyQyUR2As0LQMPFtk,The Rose & Crown Lifestyle Consultants,DIRECT,2.4518,5.0,Google Places API (New),2026-09-02T15:35:56+00:00
30,Al Barsha,ChIJ692_u5NrXz4RTD99fc17TzU,25.1131451,55.2156092,ChIJrR3Ef9prXz4RPa9jzsXsgzE,Art zone,DIRECT,2.4531,5.0,Google Places API (New),2026-09-02T15:35:56+00:00
30,Al Barsha,ChIJ692_u5NrXz4RTD99fc17TzU,25.1131451,55.2156092,ChIJD74yEd9rXz4RqgFzXY0lp_8,Momen Ladies Salon,DIRECT,2.462,5.0,Google Places API (New),2026-09-02T15:35:56+00:00
30,Al Barsha,ChIJ692_u5NrXz4RTD99fc17TzU,25.1131451,55.2156092,ChIJldzzkhZvXz4RqP58EX3zYQ0,Flash Facial,DIRECT,2.4658,5.0,Google Places API (New),2026-09-02T15:35:56+00:00
30,Al Barsha,ChIJ692_u5NrXz4RTD99fc17TzU,25.1131451,55.2156092,ChIJ94qvnXdvXz4RSyovDe-z77Y,Ksenses World Ladies Salon,DIRECT,2.4957,5.0,Google Places API (New),2026-09-02T15:35:56+00:00
30,Al Barsha,ChIJ692_u5NrXz4RTD99fc17TzU,25.1131451,55.2156092,ChIJKVma2d1vXz4RO3KzvSzSBP4,Bianco Spa (Hills Branch),DIRECT,2.5117,5.0,Google Places API (New),2026-09-02T15:35:56+00:00
30,Al Barsha,ChIJ692_u5NrXz4RTD99fc17TzU,25.1131451,55.2156092,ChIJl13_eyVpXz4RuyD2Mdz4dQ0,Nailed Boutique,DIRECT,2.5252,5.0,Google Places API (New),2026-09-02T15:35:56+00:00
30,Al Barsha,ChIJ692_u5NrXz4RTD99fc17TzU,25.1131451,55.2156092,ChIJIZMvZidvXz4RaxpohCoYnsI,izil Moroccan Beauty,ADJACENT,2.5262,5.0,Google Places API (New),2026-09-02T15:35:56+00:00
30,Al Barsha,ChIJ692_u5NrXz4RTD99fc17TzU,25.1131451,55.2156092,ChIJX49k-vVrXz4RwatI1fHJX-A,Shambala European Massage Spa Dubai,ADJACENT,2.5298,5.0,Google Places API (New),2026-09-02T15:35:56+00:00
30,Al Barsha,ChIJ692_u5NrXz4RTD99fc17TzU,25.1131451,55.2156092,ChIJYeLHIKxDXz4Rb1a_NVBlntY,SAMMY GREEN NATURAL BEAUTY,DIRECT,2.5307,5.0,Google Places API (New),2026-09-02T15:35:56+00:00
30,Al Barsha,ChIJ692_u5NrXz4RTD99fc17TzU,25.1131451,55.2156092,ChIJM04ifgBpXz4RPz61qunOiB4,SkyMaid Accommodation,DIRECT,2.5323,5.0,Google Places API (New),2026-09-02T15:35:56+00:00
30,Al Barsha,ChIJ692_u5NrXz4RTD99fc17TzU,25.1131451,55.2156092,ChIJ19VVRQBpXz4RAZSh-Z07jtI,Abid or Abdul Gani,DIRECT,2.5323,5.0,Google Places API (New),2026-09-02T15:35:56+00:00
30,Al Barsha,ChIJ692_u5NrXz4RTD99fc17TzU,25.1131451,55.2156092,ChIJIzPAlsBtXz4R4p5ujyG2oN8,Zen At Home - Best Home Spa Dubai and Abu Dhabi,ADJACENT,2.5378,5.0,Google Places API (New),2026-09-02T15:35:56+00:00
30,Al Barsha,ChIJ692_u5NrXz4RTD99fc17TzU,25.1131451,55.2156092,ChIJZzdsHvxrXz4RDIBIVrBdZ9Y,Tarah massage spa,ADJACENT,2.5553,5.0,Google Places API (New),2026-09-02T15:35:56+00:00
30,Al Barsha,ChIJ692_u5NrXz4RTD99fc17TzU,25.1131451,55.2156092,ChIJo04eOQdrXz4RL3tQ8nXl8Y0,Wode Tulip Spa Massage,ADJACENT,2.565,5.0,Google Places API (New),2026-09-02T15:35:56+00:00
30,Al Barsha,ChIJ692_u5NrXz4RTD99fc17TzU,25.1131451,55.2156092,ChIJxXsXjFNvXz4R1VUTCRdYs1U,Clarins Boutique & Spa (Dubai Hills Mall),ADJACENT,2.5742,5.0,Google Places API (New),2026-09-02T15:35:56+00:00
30,Al Barsha,ChIJ692_u5NrXz4RTD99fc17TzU,25.1131451,55.2156092,ChIJdy7IbqZtXz4RbUNabuRzfZo,Tulip SPA Massage Center,ADJACENT,2.5746,5.0,Google Places API (New),2026-09-02T15:35:56+00:00
30,Al Barsha,ChIJ692_u5NrXz4RTD99fc17TzU,25.1131451,55.2156092,ChIJY-2v1rprXz4Rrl3A33cOpJM,Golden Valley Spa,ADJACENT,2.5878,5.0,Google Places API (New),2026-09-02T15:35:56+00:00
30,Al Barsha,ChIJ692_u5NrXz4RTD99fc17TzU,25.1131451,55.2156092,ChIJL0MGrCdrXz4RRhh6qPWCvYM,MONÉA - Best hair salon in Al Barsha,DIRECT,2.5883,5.0,Google Places API (New),2026-09-02T15:35:56+00:00
30,Al Barsha,ChIJ692_u5NrXz4RTD99fc17TzU,25.1131451,55.2156092,ChIJo-kbGABDXz4RLOM91W6YlDQ,Massage Vip Butha,ADJACENT,2.6072,5.0,Google Places API (New),2026-09-02T15:35:56+00:00
30,Al Barsha,ChIJ692_u5NrXz4RTD99fc17TzU,25.1131451,55.2156092,ChIJ2YzUZ6JrXz4Rh65fqcWa-EE,Asayel Beauty Salon,DIRECT,2.6138,5.0,Google Places API (New),2026-09-02T15:35:56+00:00
30,Al Barsha,ChIJ692_u5NrXz4RTD99fc17TzU,25.1131451,55.2156092,ChIJudwJFgBtXz4RoxCshg605jk,Solèa Glow Studio,DIRECT,2.6236,5.0,Google Places API (New),2026-09-02T15:35:56+00:00
30,Al Barsha,ChIJ692_u5NrXz4RTD99fc17TzU,25.1131451,55.2156092,ChIJuScPMQBrXz4Rwk0ROgdPFPY,Authentic Balinese Home Spa,ADJACENT,2.646,5.0,Google Places API (New),2026-09-02T15:35:56+00:00
30,Al Barsha,ChIJ692_u5NrXz4RTD99fc17TzU,25.1131451,55.2156092,ChIJCVNqbO9rXz4RKjZnAvPT0Mw,Happy Massage in Al Barsha,ADJACENT,2.65,5.0,Google Places API (New),2026-09-02T15:35:56+00:00
30,Al Barsha,ChIJ692_u5NrXz4RTD99fc17TzU,25.1131451,55.2156092,ChIJv4cPCk9vXz4RQpH3j7IBPc0,Hair Salon Pro 24,DIRECT,2.6715,5.0,Google Places API (New),2026-09-02T15:35:56+00:00
30,Al Barsha,ChIJ692_u5NrXz4RTD99fc17TzU,25.1131451,55.2156092,ChIJBX6UmE9vXz4RV-ZDbFD2CH4,CHANEL Fragrance and Beauty,DIRECT,2.6877,5.0,Google Places API (New),2026-09-02T15:35:56+00:00
30,Al Barsha,ChIJ692_u5NrXz4RTD99fc17TzU,25.1131451,55.2156092,ChIJQ44YqBNrXz4RR_DLtbYjO_Y,Locks By Lou Lou Al Wasl,DIRECT,2.7032,5.0,Google Places API (New),2026-09-02T15:35:56+00:00
30,Al Barsha,ChIJ692_u5NrXz4RTD99fc17TzU,25.1131451,55.2156092,ChIJ9zGjqkVrXz4Rs0-DWOciP2w,"Soul Senses Spa & Wellness- Novotel Hotel, Al Barsha",ADJACENT,2.7124,5.0,Google Places API (New),2026-09-02T15:35:56+00:00
30,Al Barsha,ChIJ692_u5NrXz4RTD99fc17TzU,25.1131451,55.2156092,ChIJWUFQYwBrXz4RmnH7ar63h4Q,Rerotti Hair and Beauty Head office,DIRECT,2.7182,5.0,Google Places API (New),2026-09-02T15:35:56+00:00
30,Al Barsha,ChIJ692_u5NrXz4RTD99fc17TzU,25.1131451,55.2156092,ChIJEULr2U1vXz4REyipqD_3eAs,Benefit Cosmetics Brow Bar,DIRECT,2.7275,5.0,Google Places API (New),2026-09-02T15:35:56+00:00
30,Al Barsha,ChIJ692_u5NrXz4RTD99fc17TzU,25.1131451,55.2156092,ChIJ6yo1xAVDXz4RRB-E6eBv3Uk,Benefit Cosmetics Boutique BrowBar & Lounge,DIRECT,2.7867,5.0,Google Places API (New),2026-09-02T15:35:56+00:00
30,Al Barsha,ChIJ692_u5NrXz4RTD99fc17TzU,25.1131451,55.2156092,ChIJ_YpjhmJrXz4RD-SdWVqhWCA,Prive7 Dubai,DIRECT,2.7898,5.0,Google Places API (New),2026-09-02T15:35:56+00:00
30,Al Barsha,ChIJ692_u5NrXz4RTD99fc17TzU,25.1131451,55.2156092,ChIJSbTVIT5vXz4R_IPGdpSzPr0,Al nisr mobile shop,DIRECT,2.7942,5.0,Google Places API (New),2026-09-02T15:35:56+00:00
30,Al Barsha,ChIJ692_u5NrXz4RTD99fc17TzU,25.1131451,55.2156092,ChIJoxuCOwBpXz4RjwqSo_mAsR4,Superior Haircut saloon,DIRECT,2.7982,5.0,Google Places API (New),2026-09-02T15:35:56+00:00
30,Al Barsha,ChIJ692_u5NrXz4RTD99fc17TzU,25.1131451,55.2156092,ChIJp9oLVyVvXz4R7ntevyJlsos,Feetness parking,DIRECT,2.8008,5.0,Google Places API (New),2026-09-02T15:35:56+00:00
30,Al Barsha,ChIJ692_u5NrXz4RTD99fc17TzU,25.1131451,55.2156092,ChIJL1Ba9_BrXz4RPYJWXv6IG1o,UCRYO Wellness - Jumeirah,ADJACENT,2.8077,5.0,Google Places API (New),2026-09-02T15:35:56+00:00
30,Al Barsha,ChIJ692_u5NrXz4RTD99fc17TzU,25.1131451,55.2156092,ChIJZzQyyVFqXz4RIHidgDF01FA,BROWZ,DIRECT,2.8107,5.0,Google Places API (New),2026-09-02T15:35:56+00:00
30,Al Barsha,ChIJ692_u5NrXz4RTD99fc17TzU,25.1131451,55.2156092,ChIJN8pbOHlpXz4R48FmUwSGAlY,Best Spa Massage Dubai Home,ADJACENT,2.8321,5.0,Google Places API (New),2026-09-02T15:35:56+00:00
30,Al Barsha,ChIJ692_u5NrXz4RTD99fc17TzU,25.1131451,55.2156092,ChIJQwBJk8NvXz4RkIx_tAQYo4o,N.Bar Nail Spa & Salon Dubai Hills Mall,DIRECT,2.8405,5.0,Google Places API (New),2026-09-02T15:35:56+00:00
30,Al Barsha,ChIJ692_u5NrXz4RTD99fc17TzU,25.1131451,55.2156092,ChIJf6CO9v9vXz4RPz89YP4GQnk,The Loft Fifth Avenue Beauty Lounge - Dubai Hills Mall,DIRECT,2.8447,5.0,Google Places API (New),2026-09-02T15:35:56+00:00
30,Al Barsha,ChIJ692_u5NrXz4RTD99fc17TzU,25.1131451,55.2156092,ChIJI296UTRpXz4RMRbdqPYaXJ8,SKY ROCK,DIRECT,2.8461,5.0,Google Places API (New),2026-09-02T15:35:56+00:00
30,Al Barsha,ChIJ692_u5NrXz4RTD99fc17TzU,25.1131451,55.2156092,ChIJ7TiGQZNvXz4RsQBI4VvYsnM,NStyle,DIRECT,2.8574,5.0,Google Places API (New),2026-09-02T15:35:56+00:00
30,Al Barsha,ChIJ692_u5NrXz4RTD99fc17TzU,25.1131451,55.2156092,ChIJqwq2NVFpXz4RMjx88Nz2EaU,Tips and Toes - Park Point,DIRECT,2.8644,5.0,Google Places API (New),2026-09-02T15:35:56+00:00
30,Al Barsha,ChIJ692_u5NrXz4RTD99fc17TzU,25.1131451,55.2156092,ChIJryHfZABtXz4R5yObGdb4I2c,Al barsha 3 street no 32 b,DIRECT,2.8852,5.0,Google Places API (New),2026-09-02T15:35:56+00:00
30,Al Barsha,ChIJ692_u5NrXz4RTD99fc17TzU,25.1131451,55.2156092,ChIJUa3LUQBpXz4RsBUCHwk8Cgg,Gardenia Residence Massage Golden,ADJACENT,2.8922,5.0,Google Places API (New),2026-09-02T15:35:56+00:00
30,Al Barsha,ChIJ692_u5NrXz4RTD99fc17TzU,25.1131451,55.2156092,ChIJsyg7CnZsXz4Rk-Yffv8WZoQ,Al Sayah Saloon,DIRECT,2.899,5.0,Google Places API (New),2026-09-02T15:35:56+00:00
30,Al Barsha,ChIJ692_u5NrXz4RTD99fc17TzU,25.1131451,55.2156092,ChIJESVEI1pvXz4RnaoqewrucRI,Zayna Home Massage and Spa,ADJACENT,2.916,5.0,Google Places API (New),2026-09-02T15:35:56+00:00
30,Al Barsha,ChIJ692_u5NrXz4RTD99fc17TzU,25.1131451,55.2156092,ChIJEaWpCQBrXz4RhlHI9gXIz8w,Paus Club,ADJACENT,2.9619,5.0,Google Places API (New),2026-09-02T15:35:56+00:00
30,Al Barsha,ChIJ692_u5NrXz4RTD99fc17TzU,25.1131451,55.2156092,ChIJgVvk4bFrXz4R6F6QLPciLys,"Aoife Beauty Salon - Best ladies salon for Nails, Hair, Waxing, Facial, Eyelash & Massages.",DIRECT,2.9674,5.0,Google Places API (New),2026-09-02T15:35:56+00:00
30,Al Barsha,ChIJ692_u5NrXz4RTD99fc17TzU,25.1131451,55.2156092,ChIJj6xLaulpXz4RAFnUVEYB6ZA,Norbert's Nail Studio,DIRECT,2.9938,5.0,Google Places API (New),2026-09-02T15:35:56+00:00
30,Al Barsha,ChIJ692_u5NrXz4RTD99fc17TzU,25.1131451,55.2156092,ChIJB0boWY5rXz4RPSVi5Kg9irk,Dr. Sura Alamiry | Aesthetic Doctor,ADJACENT,3.004,5.0,Google Places API (New),2026-09-02T15:35:56+00:00
30,Al Barsha,ChIJ692_u5NrXz4RTD99fc17TzU,25.1131451,55.2156092,ChIJD7jeX01vXz4RVRMCBIiPawE,Gladys Beauty Saloon - Dubai Hills,DIRECT,3.015,5.0,Google Places API (New),2026-09-02T15:35:56+00:00
30,Al Barsha,ChIJ692_u5NrXz4RTD99fc17TzU,25.1131451,55.2156092,ChIJ7fN-hTZqXz4RS6CZCKu0IwU,"Zah Beauty Lounge (Al Marasim Ladies Salon) - Best Henna, Facial, Hairspa, Manicure and Pedicure in Dubai",DIRECT,3.0869,5.0,Google Places API (New),2026-09-02T15:35:56+00:00
30,Al Barsha,ChIJ692_u5NrXz4RTD99fc17TzU,25.1131451,55.2156092,ChIJMU_oXmBvXz4RdNaqe3MdeXY,IAZ hair salon,DIRECT,3.0931,5.0,Google Places API (New),2026-09-02T15:35:56+00:00
30,Al Barsha,ChIJ692_u5NrXz4RTD99fc17TzU,25.1131451,55.2156092,ChIJZxi8datrXz4RHIphRY2kC0w,L&A nail room,DIRECT,3.0932,5.0,Google Places API (New),2026-09-02T15:35:56+00:00
30,Al Barsha,ChIJ692_u5NrXz4RTD99fc17TzU,25.1131451,55.2156092,ChIJbev-qwNpXz4R92w3l3EeDN0,Vinca Rosea Ladies Spa - Dubai Hills,DIRECT,3.1038,5.0,Google Places API (New),2026-09-02T15:35:56+00:00
30,Al Barsha,ChIJ692_u5NrXz4RTD99fc17TzU,25.1131451,55.2156092,ChIJO80Gb0pqXz4RfoYKXOdYOCE,Enigma Ladies Salon,DIRECT,3.1594,5.0,Google Places API (New),2026-09-02T15:35:56+00:00
30,Al Barsha,ChIJ692_u5NrXz4RTD99fc17TzU,25.1131451,55.2156092,ChIJ2VCdVQBtXz4RW-BPHpoJXxw,Sultana Spa,ADJACENT,3.1726,5.0,Google Places API (New),2026-09-02T15:35:56+00:00
30,Al Barsha,ChIJ692_u5NrXz4RTD99fc17TzU,25.1131451,55.2156092,ChIJkz0IbwBrXz4RIwqLuYA0bD4,Unique You Al Barsha,DIRECT,3.188,5.0,Google Places API (New),2026-09-02T15:35:56+00:00
30,Al Barsha,ChIJ692_u5NrXz4RTD99fc17TzU,25.1131451,55.2156092,ChIJN6beLyZrXz4RyeVXHz4c7Ck,By H Beauty Ladies Salon,DIRECT,3.2063,5.0,Google Places API (New),2026-09-02T15:35:56+00:00
30,Al Barsha,ChIJ692_u5NrXz4RTD99fc17TzU,25.1131451,55.2156092,ChIJFQzZEQRrXz4RITH4K2ow47c,Sahereh ladies salon,DIRECT,3.2173,5.0,Google Places API (New),2026-09-02T15:35:56+00:00
30,Al Barsha,ChIJ692_u5NrXz4RTD99fc17TzU,25.1131451,55.2156092,ChIJk28ebGBpXz4RfzihJvwWzuw,Madras Salon,DIRECT,3.2275,5.0,Google Places API (New),2026-09-02T15:35:56+00:00
30,Al Barsha,ChIJ692_u5NrXz4RTD99fc17TzU,25.1131451,55.2156092,ChIJofqfhH1rXz4RGxh8jSXZns8,New Times Barsha Spa Massage,ADJACENT,3.2311,5.0,Google Places API (New),2026-09-02T15:35:56+00:00
30,Al Barsha,ChIJ692_u5NrXz4RTD99fc17TzU,25.1131451,55.2156092,ChIJNRSSi0xqXz4RK6puzEPZpA4,Grand Flora Beauty Salon & Spa - Jumeirah,DIRECT,3.2382,5.0,Google Places API (New),2026-09-02T15:35:56+00:00
30,Al Barsha,ChIJ692_u5NrXz4RTD99fc17TzU,25.1131451,55.2156092,ChIJVf_jlp9rXz4RcTacq8xxuUI,Afrobeauty Salon,DIRECT,3.2529,5.0,Google Places API (New),2026-09-02T15:35:56+00:00
30,Al Barsha,ChIJ692_u5NrXz4RTD99fc17TzU,25.1131451,55.2156092,ChIJb542SgBvXz4RV08D4eDYMFo,Massage Relax Body Rejuvoria,ADJACENT,3.2551,5.0,Google Places API (New),2026-09-02T15:35:56+00:00
30,Al Barsha,ChIJ692_u5NrXz4RTD99fc17TzU,25.1131451,55.2156092,ChIJXyZO3NBrXz4RXZf2d5HfGyU,Bahia Beauty Bar Salon,DIRECT,3.2625,5.0,Google Places API (New),2026-09-02T15:35:56+00:00
30,Al Barsha,ChIJ692_u5NrXz4RTD99fc17TzU,25.1131451,55.2156092,ChIJDdwhLgBpXz4RmrKXSx9UDQI,Massage body relax home service Dubai,ADJACENT,3.2736,5.0,Google Places API (New),2026-09-02T15:35:56+00:00
30,Al Barsha,ChIJ692_u5NrXz4RTD99fc17TzU,25.1131451,55.2156092,ChIJ-9qNpUxpXz4R8LBiFZRzURk,Quality Saloon,DIRECT,3.2946,5.0,Google Places API (New),2026-09-02T15:35:56+00:00
30,Al Barsha,ChIJ692_u5NrXz4RTD99fc17TzU,25.1131451,55.2156092,ChIJBW8b_L5rXz4ROct4NjxpLmY,"Tara Rose Salons - Al Quoz, Dubai",DIRECT,3.3434,5.0,Google Places API (New),2026-09-02T15:35:56+00:00
30,Al Barsha,ChIJ692_u5NrXz4RTD99fc17TzU,25.1131451,55.2156092,ChIJF376G8JrXz4RUPPQIzJ8hOI,JARCH,DIRECT,3.3739,5.0,Google Places API (New),2026-09-02T15:35:56+00:00
30,Al Barsha,ChIJ692_u5NrXz4RTD99fc17TzU,25.1131451,55.2156092,ChIJJzvM6h5rXz4RXCkBgiYJZaU,The Nordic International Beauty & Training Centre,DIRECT,3.3873,5.0,Google Places API (New),2026-09-02T15:35:56+00:00
30,Al Barsha,ChIJ692_u5NrXz4RTD99fc17TzU,25.1131451,55.2156092,ChIJuVtFGABrXz4RzzgtNI1g-_s,Asayel 1 MJL,DIRECT,3.3915,5.0,Google Places API (New),2026-09-02T15:35:56+00:00
30,Al Barsha,ChIJ692_u5NrXz4RTD99fc17TzU,25.1131451,55.2156092,ChIJxXHGwSRpXz4RS1eNKFLUlRk,Excellence star saloon,DIRECT,3.4132,5.0,Google Places API (New),2026-09-02T15:35:56+00:00
30,Al Barsha,ChIJ692_u5NrXz4RTD99fc17TzU,25.1131451,55.2156092,ChIJxRgoKjddXz4RERL8ekCTDMs,Gold waves beauty spa est,ADJACENT,3.4476,5.0,Google Places API (New),2026-09-02T15:35:56+00:00
30,Al Barsha,ChIJ692_u5NrXz4RTD99fc17TzU,25.1131451,55.2156092,ChIJTzYuv9FnXz4RkvCnDzbDBfM,Dubai Massage Relax Spa Wellness,ADJACENT,3.4634,5.0,Google Places API (New),2026-09-02T15:35:56+00:00
30,Al Barsha,ChIJ692_u5NrXz4RTD99fc17TzU,25.1131451,55.2156092,ChIJc2Txbq5pXz4RRlzAkygTmhg,ROOH AL SHABAB,DIRECT,3.4799,5.0,Google Places API (New),2026-09-02T15:35:56+00:00
30,Al Barsha,ChIJ692_u5NrXz4RTD99fc17TzU,25.1131451,55.2156092,ChIJ-yd8knprXz4RWgqborDDIfE,Royal nails salon,DIRECT,3.5029,5.0,Google Places API (New),2026-09-02T15:35:56+00:00
30,Al Barsha,ChIJ692_u5NrXz4RTD99fc17TzU,25.1131451,55.2156092,ChIJ08kRfwBvXz4R2b_qZJDN_Qo,Perle beauty center-Dubai branch,DIRECT,3.5079,5.0,Google Places API (New),2026-09-02T15:35:56+00:00
30,Al Barsha,ChIJ692_u5NrXz4RTD99fc17TzU,25.1131451,55.2156092,ChIJz2ApzP5tXz4RR1A2SJQhumg,BellaPharma Beauty Center – Ladies Salon Al Barsha,DIRECT,3.5159,5.0,Google Places API (New),2026-09-02T15:35:56+00:00
30,Al Barsha,ChIJ692_u5NrXz4RTD99fc17TzU,25.1131451,55.2156092,ChIJYV196jZqXz4RiZG90yDY9W8,Aroushi Beauty Salon & Spa,DIRECT,3.5407,5.0,Google Places API (New),2026-09-02T15:35:56+00:00
30,Al Barsha,ChIJ692_u5NrXz4RTD99fc17TzU,25.1131451,55.2156092,ChIJZxbPPRBCXz4RshORjaqEmAc,Salon Ink,DIRECT,3.5451,5.0,Google Places API (New),2026-09-02T15:35:56+00:00
30,Al Barsha,ChIJ692_u5NrXz4RTD99fc17TzU,25.1131451,55.2156092,ChIJXUoCz0ZtXz4Res-r0ofyu3k,Bella Vie Salon and Spa,DIRECT,3.6162,5.0,Google Places API (New),2026-09-02T15:35:56+00:00
30,Al Barsha,ChIJ692_u5NrXz4RTD99fc17TzU,25.1131451,55.2156092,ChIJLyoOEKtrXz4RC68to61RK8Q,Talise Spa at Madinat Jumeirah,ADJACENT,3.6172,5.0,Google Places API (New),2026-09-02T15:35:56+00:00
30,Al Barsha,ChIJ692_u5NrXz4RTD99fc17TzU,25.1131451,55.2156092,ChIJRxWUdgBrXz4Rv7hVj9UWcXA,Tattoo shop,DIRECT,3.6251,5.0,Google Places API (New),2026-09-02T15:35:56+00:00
30,Al Barsha,ChIJ692_u5NrXz4RTD99fc17TzU,25.1131451,55.2156092,ChIJR0do5TZqXz4RF7ibiW3Pcr8,Pastels Salon Jumeirah (Al Wasl),DIRECT,3.628,5.0,Google Places API (New),2026-09-02T15:35:56+00:00
30,Al Barsha,ChIJ692_u5NrXz4RTD99fc17TzU,25.1131451,55.2156092,ChIJaQQQVVNrXz4RsF2g5ruWUfs,We’ve Moved to Pastels Jumeirah,DIRECT,3.6291,5.0,Google Places API (New),2026-09-02T15:35:56+00:00
30,Al Barsha,ChIJ692_u5NrXz4RTD99fc17TzU,25.1131451,55.2156092,ChIJK2kMNQttXz4RSwr6ashIbvw,Bodour Beauty Salon صالون بدور للتجميل,DIRECT,3.6402,5.0,Google Places API (New),2026-09-02T15:35:56+00:00
30,Al Barsha,ChIJ692_u5NrXz4RTD99fc17TzU,25.1131451,55.2156092,ChIJhbXVqRtpXz4RFkKE772AO8Q,HAVIE & MOON,DIRECT,3.641,5.0,Google Places API (New),2026-09-02T15:35:56+00:00
30,Al Barsha,ChIJ692_u5NrXz4RTD99fc17TzU,25.1131451,55.2156092,ChIJD1ePLKdrXz4R4ff-YEShxvs,Angeltripp Hair,DIRECT,3.6418,5.0,Google Places API (New),2026-09-02T15:35:56+00:00
30,Al Barsha,ChIJ692_u5NrXz4RTD99fc17TzU,25.1131451,55.2156092,ChIJq0UBBuhvXz4RTmeulwgAkCQ,eman alamiri beauty salon,DIRECT,3.6762,5.0,Google Places API (New),2026-09-02T15:35:56+00:00
30,Al Barsha,ChIJ692_u5NrXz4RTD99fc17TzU,25.1131451,55.2156092,ChIJdZXAuaFrXz4RQGnewY7H5W8,Glow Pop House,DIRECT,3.6799,5.0,Google Places API (New),2026-09-02T15:35:56+00:00
30,Al Barsha,ChIJ692_u5NrXz4RTD99fc17TzU,25.1131451,55.2156092,ChIJD4bp5lRrXz4RbSHxZ-kIxYM,Enana Ladies Beauty Salon,DIRECT,3.6932,5.0,Google Places API (New),2026-09-02T15:35:56+00:00
30,Al Barsha,ChIJ692_u5NrXz4RTD99fc17TzU,25.1131451,55.2156092,ChIJ2wtENCpqXz4RXapnt8WzLnU,SLaM,DIRECT,3.6935,5.0,Google Places API (New),2026-09-02T15:35:56+00:00
30,Al Barsha,ChIJ692_u5NrXz4RTD99fc17TzU,25.1131451,55.2156092,ChIJW7-voAZtXz4RrC-t74noPnY,Magic Room Ladies Salon LLC.,DIRECT,3.7133,5.0,Google Places API (New),2026-09-02T15:35:56+00:00
30,Al Barsha,ChIJ692_u5NrXz4RTD99fc17TzU,25.1131451,55.2156092,ChIJFTkzIYxtXz4RpTwiUJo3mio,Lengths and Lashes Ladies Beauty Salon Barsha,DIRECT,3.7155,5.0,Google Places API (New),2026-09-02T15:35:56+00:00
30,Al Barsha,ChIJ692_u5NrXz4RTD99fc17TzU,25.1131451,55.2156092,ChIJwVS4G5NrXz4RKW68ddfWAVQ,SFēRA Salon Al Qasr,DIRECT,3.7155,5.0,Google Places API (New),2026-09-02T15:35:56+00:00
30,Al Barsha,ChIJ692_u5NrXz4RTD99fc17TzU,25.1131451,55.2156092,ChIJFd7EeABzXz4RqkqHzBz3KTs,Massage Body Service Journey Spa,ADJACENT,3.7158,5.0,Google Places API (New),2026-09-02T15:35:56+00:00
30,Al Barsha,ChIJ692_u5NrXz4RTD99fc17TzU,25.1131451,55.2156092,ChIJWVOdSRVpXz4RuVCIucyY-as,QUALITY HAIR DRESSING SALOON (BR),DIRECT,3.7241,5.0,Google Places API (New),2026-09-02T15:35:56+00:00
30,Al Barsha,ChIJ692_u5NrXz4RTD99fc17TzU,25.1131451,55.2156092,ChIJfbQad5ZvXz4Rgd7eUD3x7BY,Royanacastle,DIRECT,3.7379,5.0,Google Places API (New),2026-09-02T15:35:56+00:00
30,Al Barsha,ChIJ692_u5NrXz4RTD99fc17TzU,25.1131451,55.2156092,ChIJ39QtjvhrXz4RnHHoVj7pYL4,Jwlan Guzellik,DIRECT,3.7438,5.0,Google Places API (New),2026-09-02T15:35:56+00:00
30,Al Barsha,ChIJ692_u5NrXz4RTD99fc17TzU,25.1131451,55.2156092,ChIJ2-46feVtXz4RW3iOdJEd6ZY,Fetouna Women Salon,DIRECT,3.7511,5.0,Google Places API (New),2026-09-02T15:35:56+00:00
30,Al Barsha,ChIJ692_u5NrXz4RTD99fc17TzU,25.1131451,55.2156092,ChIJLdFuxAxrXz4R2rRRkRmRusQ,Royanacastle,DIRECT,3.7521,5.0,Google Places API (New),2026-09-02T15:35:56+00:00
30,Al Barsha,ChIJ692_u5NrXz4RTD99fc17TzU,25.1131451,55.2156092,ChIJec_eH3VrXz4R7F-kRtcUXaI,"Code Hair Ladies Salon - Al Sufouh Branch | Best Hair Extensions, Nails & Luxury Salon",DIRECT,3.7727,5.0,Google Places API (New),2026-09-02T15:35:56+00:00
30,Al Barsha,ChIJ692_u5NrXz4RTD99fc17TzU,25.1131451,55.2156092,ChIJXbXSJxFCXz4RLmXQ14weJiQ,The Pearl Spa and Wellness Jumeirah,ADJACENT,3.782,5.0,Google Places API (New),2026-09-02T15:35:56+00:00
30,Al Barsha,ChIJ692_u5NrXz4RTD99fc17TzU,25.1131451,55.2156092,ChIJKb2NtlcTXz4RR-rqMeeDrnw,Armonia Spa,DIRECT,3.787,5.0,Google Places API (New),2026-09-02T15:35:56+00:00
30,Al Barsha,ChIJ692_u5NrXz4RTD99fc17TzU,25.1131451,55.2156092,ChIJxWdj6MNrXz4RbL2IH8EYfFo,Yana Grow my Hair,DIRECT,3.7923,5.0,Google Places API (New),2026-09-02T15:35:56+00:00
30,Al Barsha,ChIJ692_u5NrXz4RTD99fc17TzU,25.1131451,55.2156092,ChIJ-zaWLABrXz4RUXO0BPkpNxw,Massage Fidelma,ADJACENT,3.8094,5.0,Google Places API (New),2026-09-02T15:35:56+00:00
30,Al Barsha,ChIJ692_u5NrXz4RTD99fc17TzU,25.1131451,55.2156092,ChIJ0xSdHh5rXz4RWbTJCpUukkA,Rose Blossom Deli Arabic Spa & Massage - مساج عربي وحمام مغربي,ADJACENT,3.8232,5.0,Google Places API (New),2026-09-02T15:35:56+00:00
30,Al Barsha,ChIJ692_u5NrXz4RTD99fc17TzU,25.1131451,55.2156092,ChIJS5XPi3prXz4Rei1aMIOC6ng,"PodoLogic Dubai | Beauty, Foot & Nail Care",DIRECT,3.8412,5.0,Google Places API (New),2026-09-02T15:35:56+00:00
30,Al Barsha,ChIJ692_u5NrXz4RTD99fc17TzU,25.1131451,55.2156092,ChIJASZ2xsZrXz4RqITncG2rgBo,Massage Ama Maia Spa,ADJACENT,3.8466,5.0,Google Places API (New),2026-09-02T15:35:56+00:00
30,Al Barsha,ChIJ692_u5NrXz4RTD99fc17TzU,25.1131451,55.2156092,ChIJGcXffoxrXz4RXktJR3_duiw,Mulan Beauty & Spa,DIRECT,3.8504,5.0,Google Places API (New),2026-09-02T15:35:56+00:00
30,Al Barsha,ChIJ692_u5NrXz4RTD99fc17TzU,25.1131451,55.2156092,ChIJ0UwU9fBDXz4RWQDRp9kWZ3E,Bulgar Beauty Saloon,DIRECT,3.8555,5.0,Google Places API (New),2026-09-02T15:35:56+00:00
30,Al Barsha,ChIJ692_u5NrXz4RTD99fc17TzU,25.1131451,55.2156092,ChIJi0XhEeFrXz4Rt4tw37GjwWk,Creation31 Beauty Salon,DIRECT,3.8568,5.0,Google Places API (New),2026-09-02T15:35:56+00:00
30,Al Barsha,ChIJ692_u5NrXz4RTD99fc17TzU,25.1131451,55.2156092,ChIJn5lxalRqXz4RrBSUiHqpcyw,Carita Paris,DIRECT,3.8613,5.0,Google Places API (New),2026-09-02T15:35:56+00:00
30,Al Barsha,ChIJ692_u5NrXz4RTD99fc17TzU,25.1131451,55.2156092,ChIJP6910blrXz4RDBrB-jf74Zg,N.Bar Nail Spa & Salon The Mall,DIRECT,3.8673,5.0,Google Places API (New),2026-09-02T15:35:56+00:00
30,Al Barsha,ChIJ692_u5NrXz4RTD99fc17TzU,25.1131451,55.2156092,ChIJP4W79LBrXz4R3gNg8oK1oKk,Mondo capelli,DIRECT,3.8718,5.0,Google Places API (New),2026-09-02T15:35:56+00:00
30,Al Barsha,ChIJ692_u5NrXz4RTD99fc17TzU,25.1131451,55.2156092,ChIJnVgaLwBrXz4RhpUHa5ytUHE,Folla,DIRECT,3.8732,5.0,Google Places API (New),2026-09-02T15:35:56+00:00
30,Al Barsha,ChIJ692_u5NrXz4RTD99fc17TzU,25.1131451,55.2156092,ChIJaXJbpKVrXz4R0f4_C14opQM,Massage Relax Jane Spa Therapy,ADJACENT,3.8734,5.0,Google Places API (New),2026-09-02T15:35:56+00:00
30,Al Barsha,ChIJ692_u5NrXz4RTD99fc17TzU,25.1131451,55.2156092,ChIJiVBAiphrXz4RUnPJUNzprQ8,Euphorium Ice Bath & Sauna Dubai - 24/7 Cold Plunge,ADJACENT,3.8745,5.0,Google Places API (New),2026-09-02T15:35:56+00:00
30,Al Barsha,ChIJ692_u5NrXz4RTD99fc17TzU,25.1131451,55.2156092,ChIJQWUxURlrXz4Rw8PsX6p1y-A,INSIDE JUMEIRAH Beauty Salon,DIRECT,3.8774,5.0,Google Places API (New),2026-09-02T15:35:56+00:00
30,Al Barsha,ChIJ692_u5NrXz4RTD99fc17TzU,25.1131451,55.2156092,ChIJA4ejHwBrXz4RdFbHkRPYzTk,Spa Massage Relax European - Dubai,ADJACENT,3.881,5.0,Google Places API (New),2026-09-02T15:35:56+00:00
30,Al Barsha,ChIJ692_u5NrXz4RTD99fc17TzU,25.1131451,55.2156092,ChIJazzteQBrXz4RvoVX5tGP1vc,Golden Arabic Spa,ADJACENT,3.8918,5.0,Google Places API (New),2026-09-02T15:35:56+00:00
30,Al Barsha,ChIJ692_u5NrXz4RTD99fc17TzU,25.1131451,55.2156092,ChIJR1TyakprXz4RFMafdc6xLOA,Irene Toma Women’s Salon,DIRECT,3.8934,5.0,Google Places API (New),2026-09-02T15:35:56+00:00
30,Al Barsha,ChIJ692_u5NrXz4RTD99fc17TzU,25.1131451,55.2156092,ChIJrwHLMpBDXz4RG-p5G02RNLg,Mr & Mrs B Lounge llc,DIRECT,3.8957,5.0,Google Places API (New),2026-09-02T15:35:56+00:00
30,Al Barsha,ChIJ692_u5NrXz4RTD99fc17TzU,25.1131451,55.2156092,ChIJF4k5d_hrXz4R0EjhASdjQu4,COZY POINT BEAUTY SALON LLC,DIRECT,3.8974,5.0,Google Places API (New),2026-09-02T15:35:56+00:00
30,Al Barsha,ChIJ692_u5NrXz4RTD99fc17TzU,25.1131451,55.2156092,ChIJW_vhozhrXz4RmzolAlSh74k,La Bionda Salon,DIRECT,3.8989,5.0,Google Places API (New),2026-09-02T15:35:56+00:00
30,Al Barsha,ChIJ692_u5NrXz4RTD99fc17TzU,25.1131451,55.2156092,ChIJr2VKFixrXz4RiQgP2XD3vw0,Blaura beauty salon,DIRECT,3.9001,5.0,Google Places API (New),2026-09-02T15:35:56+00:00
30,Al Barsha,ChIJ692_u5NrXz4RTD99fc17TzU,25.1131451,55.2156092,ChIJMciDnXRrXz4RTN8ha8OmReA,AZIZAM - Lashes | Brows | Facials,DIRECT,3.9001,5.0,Google Places API (New),2026-09-02T15:35:56+00:00
30,Al Barsha,ChIJ692_u5NrXz4RTD99fc17TzU,25.1131451,55.2156092,ChIJyaBAMwBlXz4ROEjP0AXG-jg,Massage Relax Lily Body Spa,ADJACENT,3.9278,5.0,Google Places API (New),2026-09-02T15:35:56+00:00
30,Al Barsha,ChIJ692_u5NrXz4RTD99fc17TzU,25.1131451,55.2156092,ChIJy6KMmXdrXz4RJXMjTMdLBgk,Robert Alexander Salon,DIRECT,3.9357,5.0,Google Places API (New),2026-09-02T15:35:56+00:00
30,Al Barsha,ChIJ692_u5NrXz4RTD99fc17TzU,25.1131451,55.2156092,ChIJT5pY47RdXz4R23azr6Ja43I,Elysium Spa - Luxury European Spa In Barsha Heights,ADJACENT,3.9431,5.0,Google Places API (New),2026-09-02T15:35:56+00:00
30,Al Barsha,ChIJ692_u5NrXz4RTD99fc17TzU,25.1131451,55.2156092,ChIJG3VpJABrXz4RysA57QMzGn0,Best Spa Massage relaxing lucky,ADJACENT,3.9771,5.0,Google Places API (New),2026-09-02T15:35:56+00:00
30,Al Barsha,ChIJ692_u5NrXz4RTD99fc17TzU,25.1131451,55.2156092,ChIJVVPIGjNrXz4RxuqfZwyB--o,Home Massage Relax Ava,ADJACENT,3.981,5.0,Google Places API (New),2026-09-02T15:35:56+00:00
30,Al Barsha,ChIJ692_u5NrXz4RTD99fc17TzU,25.1131451,55.2156092,ChIJZ4XnE6BpXz4RqBPsaJvJLY0,Falcon Construction Building Contracting Co LLC,DIRECT,3.9832,5.0,Google Places API (New),2026-09-02T15:35:56+00:00
30,Al Barsha,ChIJ692_u5NrXz4RTD99fc17TzU,25.1131451,55.2156092,ChIJAf6vLtZpXz4R5apQG1K1RzI,Safa Dream Ladies Salon LLC,DIRECT,3.9912,5.0,Google Places API (New),2026-09-02T15:35:56+00:00
30,Al Barsha,ChIJ692_u5NrXz4RTD99fc17TzU,25.1131451,55.2156092,ChIJv3NqEQBtXz4RGVN7vQYRs2M,Vip Massage Relax Jenny,ADJACENT,3.9922,5.0,Google Places API (New),2026-09-02T15:35:56+00:00
30,Al Barsha,ChIJ692_u5NrXz4RTD99fc17TzU,25.1131451,55.2156092,ChIJVUUMKHhrXz4RZO1u8Ah_C3U,"Ramee Rose Hotel, Dubai",DIRECT,3.9929,5.0,Google Places API (New),2026-09-02T15:35:56+00:00
30,Al Barsha,ChIJ692_u5NrXz4RTD99fc17TzU,25.1131451,55.2156092,ChIJzx81zK9vXz4RHN3UOtKrKi4,Tress Ladies Salon LLC Albarsha,DIRECT,4.0108,5.0,Google Places API (New),2026-09-02T15:35:56+00:00
30,Al Barsha,ChIJ692_u5NrXz4RTD99fc17TzU,25.1131451,55.2156092,ChIJPRDTDUdvXz4RB2FprX5HeYg,Ashwina Hair & Beauty Salon,DIRECT,4.0144,5.0,Google Places API (New),2026-09-02T15:35:56+00:00
30,Al Barsha,ChIJ692_u5NrXz4RTD99fc17TzU,25.1131451,55.2156092,ChIJP7LafjpqXz4RKCD5zqo97EE,Machka Beauty & Body Design,DIRECT,4.017,5.0,Google Places API (New),2026-09-02T15:35:56+00:00
30,Al Barsha,ChIJ692_u5NrXz4RTD99fc17TzU,25.1131451,55.2156092,ChIJg7u8AOtrXz4RhOGIDnwnz-A,Talise Spa at Jumeirah Beach Hotel,ADJACENT,4.0172,5.0,Google Places API (New),2026-09-02T15:35:56+00:00
30,Al Barsha,ChIJ692_u5NrXz4RTD99fc17TzU,25.1131451,55.2156092,ChIJVYHnt8ZpXz4Ry6O9cWEiyZk,SEVEN Dubai,DIRECT,4.0175,5.0,Google Places API (New),2026-09-02T15:35:56+00:00
30,Al Barsha,ChIJ692_u5NrXz4RTD99fc17TzU,25.1131451,55.2156092,ChIJBSJ8KoX_9T4RO_Q0sGIRIUQ,Massage Phiona Relax Spa,ADJACENT,4.0193,5.0,Google Places API (New),2026-09-02T15:35:56+00:00
30,Al Barsha,ChIJ692_u5NrXz4RTD99fc17TzU,25.1131451,55.2156092,ChIJQZ68RFBqXz4RI451BwBh-2o,French Beauty Centre,DIRECT,4.021,5.0,Google Places API (New),2026-09-02T15:35:56+00:00
30,Al Barsha,ChIJ692_u5NrXz4RTD99fc17TzU,25.1131451,55.2156092,ChIJBSu-wnZrXz4RHSvT0v64i2Q,Jasmine Spa - European Massage Barsha Heights,ADJACENT,4.0456,5.0,Google Places API (New),2026-09-02T15:35:56+00:00
30,Al Barsha,ChIJ692_u5NrXz4RTD99fc17TzU,25.1131451,55.2156092,ChIJAVGpfABpXz4Ru4Le-6tcc-U,Massage Relax Oasis Zolley,ADJACENT,4.0581,5.0,Google Places API (New),2026-09-02T15:35:56+00:00
30,Al Barsha,ChIJ692_u5NrXz4RTD99fc17TzU,25.1131451,55.2156092,ChIJI1hgaiRrXz4R1Jkr0MY-H1Y,Grand Heights Dubai Hotel Apartments,ADJACENT,4.075,5.0,Google Places API (New),2026-09-02T15:35:56+00:00
30,Al Barsha,ChIJ692_u5NrXz4RTD99fc17TzU,25.1131451,55.2156092,ChIJ31IkxixrXz4RhU83EqoQIrI,J Club at Jumeirah Beach Hotel,ADJACENT,4.0831,5.0,Google Places API (New),2026-09-02T15:35:56+00:00
30,Al Barsha,ChIJ692_u5NrXz4RTD99fc17TzU,25.1131451,55.2156092,ChIJJzfDPXdrXz4RoTfdhC626W4,Posh Nails 🌸,DIRECT,4.1045,5.0,Google Places API (New),2026-09-02T15:35:56+00:00
30,Al Barsha,ChIJ692_u5NrXz4RTD99fc17TzU,25.1131451,55.2156092,ChIJtYrVr0xrXz4R8zT-yKKmXgY,Call Away home Spa,ADJACENT,4.1114,5.0,Google Places API (New),2026-09-02T15:35:56+00:00
30,Al Barsha,ChIJ692_u5NrXz4RTD99fc17TzU,25.1131451,55.2156092,ChIJ90D8bwVrXz4RTojxIwwoGGA,Hadaiko Spa,ADJACENT,4.1133,5.0,Google Places API (New),2026-09-02T15:35:56+00:00
30,Al Barsha,ChIJ692_u5NrXz4RTD99fc17TzU,25.1131451,55.2156092,ChIJNZV-h0ppXz4RX1x_21do2ts,lange beauty salon,DIRECT,4.1313,5.0,Google Places API (New),2026-09-02T15:35:56+00:00
30,Al Barsha,ChIJ692_u5NrXz4RTD99fc17TzU,25.1131451,55.2156092,ChIJVVWVQHdrXz4RPyGhBUN7i8g,Sweet Lily Beauty Salon,DIRECT,4.1574,5.0,Google Places API (New),2026-09-02T15:35:56+00:00
30,Al Barsha,ChIJ692_u5NrXz4RTD99fc17TzU,25.1131451,55.2156092,ChIJ-97XZgBpXz4R0_Z0yPBEIhU,Prem,DIRECT,4.1915,5.0,Google Places API (New),2026-09-02T15:35:56+00:00
30,Al Barsha,ChIJ692_u5NrXz4RTD99fc17TzU,25.1131451,55.2156092,ChIJB1eybbhrXz4RfNr5DkIOkvQ,Urban Glam - Barsha Heights,DIRECT,4.2112,5.0,Google Places API (New),2026-09-02T15:35:56+00:00
30,Al Barsha,ChIJ692_u5NrXz4RTD99fc17TzU,25.1131451,55.2156092,ChIJpfLIdP1rXz4R_R7xnlyKBJk,Mirrors Beauty Lounge - Barsha Heights,DIRECT,4.2373,5.0,Google Places API (New),2026-09-02T15:35:56+00:00
30,Al Barsha,ChIJ692_u5NrXz4RTD99fc17TzU,25.1131451,55.2156092,ChIJY0phdN1rXz4REnOYlJUocFA,BRAU,DIRECT,4.2419,5.0,Google Places API (New),2026-09-02T15:35:56+00:00
30,Al Barsha,ChIJ692_u5NrXz4RTD99fc17TzU,25.1131451,55.2156092,ChIJkUyZtuxrXz4RWmh1jznT4GI,Feel Pink - Home Service Beauty Salon,DIRECT,4.2741,5.0,Google Places API (New),2026-09-02T15:35:56+00:00
30,Al Barsha,ChIJ692_u5NrXz4RTD99fc17TzU,25.1131451,55.2156092,ChIJjQuCFQBrXz4R6mMaK9O91E4,Eleven11 Beauty Salon - Al Manara,DIRECT,4.323,5.0,Google Places API (New),2026-09-02T15:35:56+00:00
30,Al Barsha,ChIJ692_u5NrXz4RTD99fc17TzU,25.1131451,55.2156092,ChIJKZG0HrBrXz4RPW6Z0dA8_7g,Massage Rubyyb Spa,ADJACENT,4.3307,5.0,Google Places API (New),2026-09-02T15:35:56+00:00
30,Al Barsha,ChIJ692_u5NrXz4RTD99fc17TzU,25.1131451,55.2156092,ChIJI0_NS7lpXz4RYlnBBr4yge8,Compass Swimming Pool Supplies,ADJACENT,4.3376,5.0,Google Places API (New),2026-09-02T15:35:56+00:00
30,Al Barsha,ChIJ692_u5NrXz4RTD99fc17TzU,25.1131451,55.2156092,ChIJyTrWHnprXz4Rto8FGnV5ZPY,Bellissima Ladies Salon - Tecom (Barsha Heights),DIRECT,4.3698,5.0,Google Places API (New),2026-09-02T15:35:56+00:00
30,Al Barsha,ChIJ692_u5NrXz4RTD99fc17TzU,25.1131451,55.2156092,ChIJgVFQLANpXz4R0zcfb-2Hxhw,FURNISHED APARTMENT AVAILABLE,ADJACENT,4.3764,5.0,Google Places API (New),2026-09-02T15:35:56+00:00
30,Al Barsha,ChIJ692_u5NrXz4RTD99fc17TzU,25.1131451,55.2156092,ChIJp06e4sJrXz4RjFEpJxhU-Jw,Mimosa Beauty Lounge Tecom Barsha Heights - Main Branch,DIRECT,4.3768,5.0,Google Places API (New),2026-09-02T15:35:56+00:00
30,Al Barsha,ChIJ692_u5NrXz4RTD99fc17TzU,25.1131451,55.2156092,ChIJJwYcZC9vXz4RdKWHPProJoA,House of Colour UAE,DIRECT,4.3838,5.0,Google Places API (New),2026-09-02T15:35:56+00:00
30,Al Barsha,ChIJ692_u5NrXz4RTD99fc17TzU,25.1131451,55.2156092,ChIJwa3ajVxvXz4Rr4mTEx30Uo4,nasmat ladies salon,DIRECT,4.3838,5.0,Google Places API (New),2026-09-02T15:35:56+00:00
30,Al Barsha,ChIJ692_u5NrXz4RTD99fc17TzU,25.1131451,55.2156092,ChIJ4xZWk9ZDXz4RHEBBt1Ep8_8,Blaire massage spa,ADJACENT,4.3909,5.0,Google Places API (New),2026-09-02T15:35:56+00:00
30,Al Barsha,ChIJ692_u5NrXz4RTD99fc17TzU,25.1131451,55.2156092,ChIJIbLkbnlrXz4Rrz2TOYJb9gU,EuroSpa Massage Center,ADJACENT,4.3937,5.0,Google Places API (New),2026-09-02T15:35:56+00:00
30,Al Barsha,ChIJ692_u5NrXz4RTD99fc17TzU,25.1131451,55.2156092,ChIJ0-w-wVxrXz4RYc37MlYKCbE,Its Beauty Ladies Salon – Internet City,DIRECT,4.4028,5.0,Google Places API (New),2026-09-02T15:35:56+00:00
30,Al Barsha,ChIJ692_u5NrXz4RTD99fc17TzU,25.1131451,55.2156092,ChIJcUXPUJprXz4R6YlGfsR4Qjk,Effect SPA,ADJACENT,4.4051,5.0,Google Places API (New),2026-09-02T15:35:56+00:00
30,Al Barsha,ChIJ692_u5NrXz4RTD99fc17TzU,25.1131451,55.2156092,ChIJW_1alMprXz4RWRQqld6X660,Full Moon Spa & Massage Center in Jumeirah 3,ADJACENT,4.4072,5.0,Google Places API (New),2026-09-02T15:35:56+00:00
30,Al Barsha,ChIJ692_u5NrXz4RTD99fc17TzU,25.1131451,55.2156092,ChIJd8-LcJ1pXz4RYvhWBYu8d40,Compass - The Swimming Pool Company,ADJACENT,4.4143,5.0,Google Places API (New),2026-09-02T15:35:56+00:00
30,Al Barsha,ChIJ692_u5NrXz4RTD99fc17TzU,25.1131451,55.2156092,ChIJI65tPz9rXz4RJ4U0iVaitYM,Linda massage spa,ADJACENT,4.4172,5.0,Google Places API (New),2026-09-02T15:35:56+00:00
30,Al Barsha,ChIJ692_u5NrXz4RTD99fc17TzU,25.1131451,55.2156092,ChIJ2fLyQXlrXz4Rl6K19ZHZSSc,Hair by Us | Beauty Salon | Hair Salon - Tecom,DIRECT,4.4244,5.0,Google Places API (New),2026-09-02T15:35:56+00:00
30,Al Barsha,ChIJ692_u5NrXz4RTD99fc17TzU,25.1131451,55.2156092,ChIJIbnJ6QRrXz4RU8Gl_myJxz8,Talise Spa at Marsa Al Arab,ADJACENT,4.4308,5.0,Google Places API (New),2026-09-02T15:35:56+00:00
30,Al Barsha,ChIJ692_u5NrXz4RTD99fc17TzU,25.1131451,55.2156092,ChIJA4OPKuhrXz4R20oQFTVHP6I,Ross kim spa,ADJACENT,4.4609,5.0,Google Places API (New),2026-09-02T15:35:56+00:00
30,Al Barsha,ChIJ692_u5NrXz4RTD99fc17TzU,25.1131451,55.2156092,ChIJRbNfwhVrXz4RnpZhckAR_cc,KOMI WOMEN SALON(Komi korean salon),DIRECT,4.4708,5.0,Google Places API (New),2026-09-02T15:35:56+00:00
30,Al Barsha,ChIJ692_u5NrXz4RTD99fc17TzU,25.1131451,55.2156092,ChIJgadI4RtrXz4R8BEcIUEHX9E,Limoz Logli Dubai,DIRECT,4.4725,5.0,Google Places API (New),2026-09-02T15:35:56+00:00
30,Al Barsha,ChIJ692_u5NrXz4RTD99fc17TzU,25.1131451,55.2156092,ChIJo-Ni9KdDXz4RK70LTH8HRdY,Spa Massage Near You,DIRECT,4.473,5.0,Google Places API (New),2026-09-02T15:35:56+00:00
30,Al Barsha,ChIJ692_u5NrXz4RTD99fc17TzU,25.1131451,55.2156092,ChIJExptfb5rXz4RXgQyomkL6lI,Two Seasons Hotel & Apartments,ADJACENT,4.4906,5.0,Google Places API (New),2026-09-02T15:35:56+00:00
30,Al Barsha,ChIJ692_u5NrXz4RTD99fc17TzU,25.1131451,55.2156092,ChIJo3q5flMTXz4RlPYpV6U5_Bs,Gabis Hair Couture - Beauty Salon | Hair Extension | Nails Salon,DIRECT,4.5056,5.0,Google Places API (New),2026-09-02T15:35:56+00:00
30,Al Barsha,ChIJ692_u5NrXz4RTD99fc17TzU,25.1131451,55.2156092,ChIJCezI4P9rXz4R0nwXd4TEEHU,Vue Spa Tecom,ADJACENT,4.512,5.0,Google Places API (New),2026-09-02T15:35:56+00:00
30,Al Barsha,ChIJ692_u5NrXz4RTD99fc17TzU,25.1131451,55.2156092,ChIJVew1lrdpXz4RMXwmYrWcwbI,NAIZ TRADITIONAL SALOON,DIRECT,4.5125,5.0,Google Places API (New),2026-09-02T15:35:56+00:00
30,Al Barsha,ChIJ692_u5NrXz4RTD99fc17TzU,25.1131451,55.2156092,ChIJyTpzQPJrXz4RGFhg4qWbVBM,Da Vinci European SPA,ADJACENT,4.5354,5.0,Google Places API (New),2026-09-02T15:35:56+00:00
30,Al Barsha,ChIJ692_u5NrXz4RTD99fc17TzU,25.1131451,55.2156092,ChIJB3ibexBpXz4RWUiiiIhfd3E,Furless Permanent Al Quoz,DIRECT,4.5527,5.0,Google Places API (New),2026-09-02T15:35:56+00:00
30,Al Barsha,ChIJ692_u5NrXz4RTD99fc17TzU,25.1131451,55.2156092,ChIJswOYEo5rXz4Rdp8eFDE6uuI,Hair By Hossam,DIRECT,4.5669,5.0,Google Places API (New),2026-09-02T15:35:56+00:00
30,Al Barsha,ChIJ692_u5NrXz4RTD99fc17TzU,25.1131451,55.2156092,ChIJxXjaZHprXz4REYnXZsUjqr8,Lavuna Spa - Tecom Barsha,ADJACENT,4.5763,5.0,Google Places API (New),2026-09-02T15:35:56+00:00
30,Al Barsha,ChIJ692_u5NrXz4RTD99fc17TzU,25.1131451,55.2156092,ChIJoc-3jAVrXz4RUdhE9X-6WJA,Bella Spa Dubai | Luxury Russian and European Massage Spa,ADJACENT,4.5806,5.0,Google Places API (New),2026-09-02T15:35:56+00:00
30,Al Barsha,ChIJ692_u5NrXz4RTD99fc17TzU,25.1131451,55.2156092,ChIJwUxRUHBrXz4RtJtvjg7J4Bw,Naumi Hotel Dubai,ADJACENT,4.5818,5.0,Google Places API (New),2026-09-02T15:35:56+00:00
30,Al Barsha,ChIJ692_u5NrXz4RTD99fc17TzU,25.1131451,55.2156092,ChIJrxTUycpDXz4R_z1tNuPd2cA,Mas Nails salon -160 aed extension with design - walk in available,DIRECT,4.5893,5.0,Google Places API (New),2026-09-02T15:35:56+00:00
30,Al Barsha,ChIJ692_u5NrXz4RTD99fc17TzU,25.1131451,55.2156092,ChIJe2YD28BrXz4RKoufr6L2at0,Massage The Royal Touch Dubai,ADJACENT,4.5965,5.0,Google Places API (New),2026-09-02T15:35:56+00:00
30,Al Barsha,ChIJ692_u5NrXz4RTD99fc17TzU,25.1131451,55.2156092,ChIJySp0f5YNXz4RXqsUn_oKuXo,Massage Dubai Outcall Full Service,ADJACENT,4.5986,5.0,Google Places API (New),2026-09-02T15:35:56+00:00
30,Al Barsha,ChIJ692_u5NrXz4RTD99fc17TzU,25.1131451,55.2156092,ChIJZyvLnudpXz4RnDsjp3lLqTQ,Grace Home Service Spa,ADJACENT,4.6085,5.0,Google Places API (New),2026-09-02T15:35:56+00:00
30,Al Barsha,ChIJ692_u5NrXz4RTD99fc17TzU,25.1131451,55.2156092,ChIJYc0RG_hrXz4R_QoB9L-acCU,Marwan & Radwan Salon,DIRECT,4.6205,5.0,Google Places API (New),2026-09-02T15:35:56+00:00
30,Al Barsha,ChIJ692_u5NrXz4RTD99fc17TzU,25.1131451,55.2156092,ChIJp6EpTHprXz4RGABjzaVtGq8,Mashael Beauty Lounge,DIRECT,4.6231,5.0,Google Places API (New),2026-09-02T15:35:56+00:00
30,Al Barsha,ChIJ692_u5NrXz4RTD99fc17TzU,25.1131451,55.2156092,ChIJuXGbodhrXz4RGv7tTWrLEKo,Pine Spa By Wellbeings,ADJACENT,4.6237,5.0,Google Places API (New),2026-09-02T15:35:56+00:00
30,Al Barsha,ChIJ692_u5NrXz4RTD99fc17TzU,25.1131451,55.2156092,ChIJIbl6DmFpXz4R7yGwGA-BCJk,Massage Outcall Dubai Relax Luxury,ADJACENT,4.6279,5.0,Google Places API (New),2026-09-02T15:35:56+00:00
30,Al Barsha,ChIJ692_u5NrXz4RTD99fc17TzU,25.1131451,55.2156092,ChIJhepVPABrXz4RHAGxOZeao0w,Massage Sofia Europaen Relax,ADJACENT,4.642,5.0,Google Places API (New),2026-09-02T15:35:56+00:00
30,Al Barsha,ChIJ692_u5NrXz4RTD99fc17TzU,25.1131451,55.2156092,ChIJ8-2cniRqXz4RxP4N5tsMRIs,Fadia elmendelek,DIRECT,4.6504,5.0,Google Places API (New),2026-09-02T15:35:56+00:00
30,Al Barsha,ChIJ692_u5NrXz4RTD99fc17TzU,25.1131451,55.2156092,ChIJTx0RdcZrXz4Rz8J81BpPl78,Massage In Dubai,ADJACENT,4.6504,5.0,Google Places API (New),2026-09-02T15:35:56+00:00
30,Al Barsha,ChIJ692_u5NrXz4RTD99fc17TzU,25.1131451,55.2156092,ChIJaVrLSQATXz4RaFEZgFJwO2A,The Massage Relax Experience,ADJACENT,4.6515,5.0,Google Places API (New),2026-09-02T15:35:56+00:00
30,Al Barsha,ChIJ692_u5NrXz4RTD99fc17TzU,25.1131451,55.2156092,ChIJtU4NAQBrXz4RA_pZg73hyvI,Dubai spa massage golden,ADJACENT,4.6547,5.0,Google Places API (New),2026-09-02T15:35:56+00:00
30,Al Barsha,ChIJ692_u5NrXz4RTD99fc17TzU,25.1131451,55.2156092,ChIJLdVX6hxpXz4RAq9BvnfdCOc,Fatima Makeup Artist,DIRECT,4.6573,5.0,Google Places API (New),2026-09-02T15:35:56+00:00
30,Al Barsha,ChIJ692_u5NrXz4RTD99fc17TzU,25.1131451,55.2156092,ChIJb3hmvhhpXz4RgFy4CfzNLoE,Chic By 24Hairdxb,DIRECT,4.6644,5.0,Google Places API (New),2026-09-02T15:35:56+00:00
30,Al Barsha,ChIJ692_u5NrXz4RTD99fc17TzU,25.1131451,55.2156092,ChIJP-_wJohpXz4RPmayD9IPhZQ,"VLCC Slimming Beauty Fitness, SZR",DIRECT,4.6782,5.0,Google Places API (New),2026-09-02T15:35:56+00:00
30,Al Barsha,ChIJ692_u5NrXz4RTD99fc17TzU,25.1131451,55.2156092,ChIJ4wIIjUBqXz4RMpLJ4g4MDKk,The Nail Spa - Jumeirah Road,DIRECT,4.6813,5.0,Google Places API (New),2026-09-02T15:35:56+00:00
30,Al Barsha,ChIJ692_u5NrXz4RTD99fc17TzU,25.1131451,55.2156092,ChIJGQHuH9tpXz4RCdhOYe4zaVQ,Juice Salon Dubai Hills,DIRECT,4.6918,5.0,Google Places API (New),2026-09-02T15:35:56+00:00
30,Al Barsha,ChIJ692_u5NrXz4RTD99fc17TzU,25.1131451,55.2156092,ChIJo1Ydk0BqXz4R8slljwdDzrs,Hair By Marquee - Jumeirah Beach Road,DIRECT,4.6933,5.0,Google Places API (New),2026-09-02T15:35:56+00:00
30,Al Barsha,ChIJ692_u5NrXz4RTD99fc17TzU,25.1131451,55.2156092,ChIJ-x2G8eFrXz4RTbYOYqcjbzw,Version Francaise Pour Elle,DIRECT,4.698,5.0,Google Places API (New),2026-09-02T15:35:56+00:00
30,Al Barsha,ChIJ692_u5NrXz4RTD99fc17TzU,25.1131451,55.2156092,ChIJGdo-ke1rXz4RBQwCVk3PbL4,TOUCH LIFE SPA,DIRECT,4.701,5.0,Google Places API (New),2026-09-02T15:35:56+00:00
30,Al Barsha,ChIJ692_u5NrXz4RTD99fc17TzU,25.1131451,55.2156092,ChIJgXm1JUBrXz4RytE-OTZQYvM,VOLNA Beauty Salon,DIRECT,4.7193,5.0,Google Places API (New),2026-09-02T15:35:56+00:00
30,Al Barsha,ChIJ692_u5NrXz4RTD99fc17TzU,25.1131451,55.2156092,ChIJo0XHQuVvXz4RX5Phn837MDY,AL SAADA HAIR DRESSING,DIRECT,4.7212,5.0,Google Places API (New),2026-09-02T15:35:56+00:00
30,Al Barsha,ChIJ692_u5NrXz4RTD99fc17TzU,25.1131451,55.2156092,ChIJC27iniRqXz4Rn5U3WZLv4tc,Gloss Salon and Academy,DIRECT,4.7242,5.0,Google Places API (New),2026-09-02T15:35:56+00:00
30,Al Barsha,ChIJ692_u5NrXz4RTD99fc17TzU,25.1131451,55.2156092,ChIJmxgPzVJrXz4RqTv-dAvS41Q,East Elegance Beauty Salon - Tecom Green Ave,DIRECT,4.7243,5.0,Google Places API (New),2026-09-02T15:35:56+00:00
30,Al Barsha,ChIJ692_u5NrXz4RTD99fc17TzU,25.1131451,55.2156092,ChIJa3LrBBJpXz4RWqNawfuYbbU,Whoz Next,DIRECT,4.7363,5.0,Google Places API (New),2026-09-02T15:35:56+00:00
30,Al Barsha,ChIJ692_u5NrXz4RTD99fc17TzU,25.1131451,55.2156092,ChIJWZqao3xrXz4R9N4evqzP8S8,Chi Foot Spa - JUMEIRAH,ADJACENT,4.7732,5.0,Google Places API (New),2026-09-02T15:35:56+00:00
30,Al Barsha,ChIJ692_u5NrXz4RTD99fc17TzU,25.1131451,55.2156092,ChIJC-Pexj5tXz4RI2NACJ7H3tc,NASAMAT WARD LADIES SALON,DIRECT,4.7767,5.0,Google Places API (New),2026-09-02T15:35:56+00:00
30,Al Barsha,ChIJ692_u5NrXz4RTD99fc17TzU,25.1131451,55.2156092,ChIJMbEyjAxpXz4REHnzrDi162k,Top To Toe Beauty Center Al Khail Gate,DIRECT,4.7809,5.0,Google Places API (New),2026-09-02T15:35:56+00:00
30,Al Barsha,ChIJ692_u5NrXz4RTD99fc17TzU,25.1131451,55.2156092,ChIJlWNJ7G1rXz4RjLW-0wzJSt8,The Cure,DIRECT,4.7922,5.0,Google Places API (New),2026-09-02T15:35:56+00:00
30,Al Barsha,ChIJ692_u5NrXz4RTD99fc17TzU,25.1131451,55.2156092,ChIJU3XoVANrXz4RU30Ih_o90Q0,Sasalon Dubai,DIRECT,4.8263,5.0,Google Places API (New),2026-09-02T15:35:56+00:00
30,Al Barsha,ChIJ692_u5NrXz4RTD99fc17TzU,25.1131451,55.2156092,ChIJnYEOS3JtXz4Rx0pj13cQ1nM,Nails.dubai_7,DIRECT,4.829,5.0,Google Places API (New),2026-09-02T15:35:56+00:00
30,Al Barsha,ChIJ692_u5NrXz4RTD99fc17TzU,25.1131451,55.2156092,ChIJC7CwVwBtXz4RJNiGan1paWE,Massage Spa Thai ABC,ADJACENT,4.84,5.0,Google Places API (New),2026-09-02T15:35:56+00:00
30,Al Barsha,ChIJ692_u5NrXz4RTD99fc17TzU,25.1131451,55.2156092,ChIJsbnsetdtXz4RVK4fXrjuQ4w,Rerotti Hair & Beauty Al barsha South,DIRECT,4.8927,5.0,Google Places API (New),2026-09-02T15:35:56+00:00
30,Al Barsha,ChIJ692_u5NrXz4RTD99fc17TzU,25.1131451,55.2156092,ChIJLSuNj9ZvXz4ROpiSp5yLWNc,VINCI Beauty Salon,DIRECT,4.894,5.0,Google Places API (New),2026-09-02T15:35:56+00:00
30,Al Barsha,ChIJ692_u5NrXz4RTD99fc17TzU,25.1131451,55.2156092,ChIJZ2Q2HgBpXz4RzcKDsMYEBMQ,Massage Magic Touch Spa,ADJACENT,4.9007,5.0,Google Places API (New),2026-09-02T15:35:56+00:00
30,Al Barsha,ChIJ692_u5NrXz4RTD99fc17TzU,25.1131451,55.2156092,ChIJO4HneABtXz4RbFV0Rb5tC5Y,Best Spa Massage Luxury Sunny,ADJACENT,4.9218,5.0,Google Places API (New),2026-09-02T15:35:56+00:00
30,Al Barsha,ChIJ692_u5NrXz4RTD99fc17TzU,25.1131451,55.2156092,ChIJI74b0KBrXz4RmOv_rl8iEWc,Alyaan's Beauty Salon,DIRECT,4.9453,5.0,Google Places API (New),2026-09-02T15:35:56+00:00
30,Al Barsha,ChIJ692_u5NrXz4RTD99fc17TzU,25.1131451,55.2156092,ChIJoU8JavpvXz4RKqvyA_gA57c,Hamzafied Beauty Lounge,DIRECT,4.9472,5.0,Google Places API (New),2026-09-02T15:35:56+00:00
30,Al Barsha,ChIJ692_u5NrXz4RTD99fc17TzU,25.1131451,55.2156092,ChIJX-kVft1rXz4R-LMzUkNlzpo,Unik Hair Studio,DIRECT,4.9792,5.0,Google Places API (New),2026-09-02T15:35:56+00:00
30,Al Barsha,ChIJ692_u5NrXz4RTD99fc17TzU,25.1131451,55.2156092,ChIJ2dlNfU9tXz4RHyHLrYR3QZI,Yasmin Touch Foot Massage Center - FZCO,ADJACENT,4.9913,5.0,Google Places API (New),2026-09-02T15:35:56+00:00
30,Al Barsha,ChIJ692_u5NrXz4RTD99fc17TzU,25.1131451,55.2156092,ChIJ94hk7YZtXz4RtwYGOl1gbWA,Lush Afrique | Beauty & Hair Salon JVC - Dubai | Best African Braids in Dubai,DIRECT,4.992,5.0,Google Places API (New),2026-09-02T15:35:56+00:00
30,Al Barsha,ChIJ692_u5NrXz4RTD99fc17TzU,25.1131451,55.2156092,ChIJdwihgKhtXz4R2AmlKG30nQc,Urban Glam JVC,DIRECT,4.9953,5.0,Google Places API (New),2026-09-02T15:35:56+00:00
46,Al Dhafra Branch,ChIJNxX7ddBnZz4RvodXaYBSH6Q,23.6280524,53.7141144,ChIJFaP01K1nZz4R6RCYDvIow60,Tarif Saloon Branch 2,DIRECT,0.3958,5.0,Google Places API (New),2026-09-02T15:35:56+00:00
46,Al Dhafra Branch,ChIJNxX7ddBnZz4RvodXaYBSH6Q,23.6280524,53.7141144,ChIJ-2RUarlpZz4RkbqejW8J7VI,Oia spa,DIRECT,1.0754,5.0,Google Places API (New),2026-09-02T15:35:56+00:00
46,Al Dhafra Branch,ChIJNxX7ddBnZz4RvodXaYBSH6Q,23.6280524,53.7141144,ChIJSamswnZoZz4RPV0waldsHxA,Lisianthus beauty salon,DIRECT,1.1335,5.0,Google Places API (New),2026-09-02T15:35:56+00:00
46,Al Dhafra Branch,ChIJNxX7ddBnZz4RvodXaYBSH6Q,23.6280524,53.7141144,ChIJQ0b6O_ZpZz4R042RmWWzocs,صالون نونه ستايل للسيدات Salon Nona Style for Ladies,DIRECT,1.1739,5.0,Google Places API (New),2026-09-02T15:35:56+00:00
46,Al Dhafra Branch,ChIJNxX7ddBnZz4RvodXaYBSH6Q,23.6280524,53.7141144,ChIJYx6iMwBpZz4R0fI6fCnKOrA,صالون نسمات ايلول,DIRECT,1.2041,5.0,Google Places API (New),2026-09-02T15:35:56+00:00
46,Al Dhafra Branch,ChIJNxX7ddBnZz4RvodXaYBSH6Q,23.6280524,53.7141144,ChIJ73FGJQBpZz4R_hVp0SDsCrA,صالون ارجانا لتجميل السيداتARJANA LADIES BEAUTY SALOON,DIRECT,1.2151,5.0,Google Places API (New),2026-09-02T15:35:56+00:00
46,Al Dhafra Branch,ChIJNxX7ddBnZz4RvodXaYBSH6Q,23.6280524,53.7141144,ChIJ47lBrIZpZz4R8qMfIF7C0mc,Saloon Jury Baniyas/صالون جوري بني ياس,DIRECT,1.3339,5.0,Google Places API (New),2026-09-02T15:35:56+00:00
46,Al Dhafra Branch,ChIJNxX7ddBnZz4RvodXaYBSH6Q,23.6280524,53.7141144,ChIJtZEXprVpZz4ROlJHQcQefIY,صالون بينك ليبس,DIRECT,1.3939,5.0,Google Places API (New),2026-09-02T15:35:56+00:00
46,Al Dhafra Branch,ChIJNxX7ddBnZz4RvodXaYBSH6Q,23.6280524,53.7141144,ChIJV39jFChnZz4REGForxT_MEg,صالون زهرة ليوا-عائشة,DIRECT,1.3983,5.0,Google Places API (New),2026-09-02T15:35:56+00:00
46,Al Dhafra Branch,ChIJNxX7ddBnZz4RvodXaYBSH6Q,23.6280524,53.7141144,ChIJsbzWiAlpZz4R6-aELCcsv7g,مركز عصفورة الربيع التجميل spring sparrow beauty centre,DIRECT,1.3997,5.0,Google Places API (New),2026-09-02T15:35:56+00:00
46,Al Dhafra Branch,ChIJNxX7ddBnZz4RvodXaYBSH6Q,23.6280524,53.7141144,ChIJd6qp675nZz4RsfdRsLRGiOM,Beauty salon and gym,DIRECT,2.2997,5.0,Google Places API (New),2026-09-02T15:35:56+00:00
46,Al Dhafra Branch,ChIJNxX7ddBnZz4RvodXaYBSH6Q,23.6280524,53.7141144,ChIJN4jY3bVnZz4R_DSQOVuH63Y,Hams Al Harayer Beauty Salon,DIRECT,2.3209,5.0,Google Places API (New),2026-09-02T15:35:56+00:00
46,Al Dhafra Branch,ChIJNxX7ddBnZz4RvodXaYBSH6Q,23.6280524,53.7141144,ChIJv9PAalFnZz4R6TMw9sAbMzM,Al Batul Ladies Salon,DIRECT,2.6179,5.0,Google Places API (New),2026-09-02T15:35:56+00:00
46,Al Dhafra Branch,ChIJNxX7ddBnZz4RvodXaYBSH6Q,23.6280524,53.7141144,ChIJhRcH34NnZz4RiMOEBgVjZDY,FileNStyle Ladies Nail Care,DIRECT,2.6274,5.0,Google Places API (New),2026-09-02T15:35:56+00:00
46,Al Dhafra Branch,ChIJNxX7ddBnZz4RvodXaYBSH6Q,23.6280524,53.7141144,ChIJ_UjhDgpnZz4RIjSYV7ez3HQ,Besties nails & spa,DIRECT,2.6731,5.0,Google Places API (New),2026-09-02T15:35:56+00:00
46,Al Dhafra Branch,ChIJNxX7ddBnZz4RvodXaYBSH6Q,23.6280524,53.7141144,ChIJxZ2_H29nZz4RXvuYJ7UQhOk,Western Flower Hairdresser,DIRECT,3.3646,5.0,Google Places API (New),2026-09-02T15:35:56+00:00
46,Al Dhafra Branch,ChIJNxX7ddBnZz4RvodXaYBSH6Q,23.6280524,53.7141144,ChIJpZ0WhY9nZz4RxhUv1cBgpZs,City Style Salon,DIRECT,3.3816,5.0,Google Places API (New),2026-09-02T15:35:56+00:00
46,Al Dhafra Branch,ChIJNxX7ddBnZz4RvodXaYBSH6Q,23.6280524,53.7141144,ChIJ4z4ri_FnZz4Rr0dEOiGx9FI,Bonoise Beauty Center,DIRECT,3.5495,5.0,Google Places API (New),2026-09-02T15:35:56+00:00
46,Al Dhafra Branch,ChIJNxX7ddBnZz4RvodXaYBSH6Q,23.6280524,53.7141144,ChIJX0gAt6hnZz4R_9MBs3wYxyA,Muhannad Saloon,DIRECT,3.5743,5.0,Google Places API (New),2026-09-02T15:35:56+00:00
46,Al Dhafra Branch,ChIJNxX7ddBnZz4RvodXaYBSH6Q,23.6280524,53.7141144,ChIJKXOaFxhnZz4R47ny1MI7mEo,Kanaan city barbar saloon,DIRECT,3.5839,5.0,Google Places API (New),2026-09-02T15:35:56+00:00
46,Al Dhafra Branch,ChIJNxX7ddBnZz4RvodXaYBSH6Q,23.6280524,53.7141144,ChIJJ_vWKsJnZz4RUvF7Ip7gsIE,Le petit salon,DIRECT,3.6417,5.0,Google Places API (New),2026-09-02T15:35:56+00:00
46,Al Dhafra Branch,ChIJNxX7ddBnZz4RvodXaYBSH6Q,23.6280524,53.7141144,ChIJVf7l4ahnZz4RIJABTsAJ6_Q,Madina Zayed Hair Dressing Saloon,DIRECT,3.6939,5.0,Google Places API (New),2026-09-02T15:35:56+00:00
46,Al Dhafra Branch,ChIJNxX7ddBnZz4RvodXaYBSH6Q,23.6280524,53.7141144,ChIJBc3J_KZnZz4RU9I8sA_DGrI,New Al Dhaif saloon,DIRECT,3.9503,5.0,Google Places API (New),2026-09-02T15:35:56+00:00
46,Al Dhafra Branch,ChIJNxX7ddBnZz4RvodXaYBSH6Q,23.6280524,53.7141144,ChIJmT2fsE9nZz4RSz-vzEMRX8M,salon rafiq ghiyathi,DIRECT,3.9764,5.0,Google Places API (New),2026-09-02T15:35:56+00:00
46,Al Dhafra Branch,ChIJNxX7ddBnZz4RvodXaYBSH6Q,23.6280524,53.7141144,ChIJa3U1UYhnZz4R6BW6XZL_aCg,صالون,DIRECT,4.0528,5.0,Google Places API (New),2026-09-02T15:35:56+00:00
46,Al Dhafra Branch,ChIJNxX7ddBnZz4RvodXaYBSH6Q,23.6280524,53.7141144,ChIJmTtcTABnZz4Rj481GdWv2PI,Unique Spa,ADJACENT,4.5932,5.0,Google Places API (New),2026-09-02T15:35:56+00:00
46,Al Dhafra Branch,ChIJNxX7ddBnZz4RvodXaYBSH6Q,23.6280524,53.7141144,ChIJnRN2EqyjYD4R2TPuiuE5sHk,Royal Moon Beauty Salon,DIRECT,4.6223,5.0,Google Places API (New),2026-09-02T15:35:56+00:00
46,Al Dhafra Branch,ChIJNxX7ddBnZz4RvodXaYBSH6Q,23.6280524,53.7141144,ChIJceRKVNxnZz4RXiuH3Tnnv6Q,Hana massage spa,ADJACENT,4.788,5.0,Google Places API (New),2026-09-02T15:35:56+00:00
46,Al Dhafra Branch,ChIJNxX7ddBnZz4RvodXaYBSH6Q,23.6280524,53.7141144,ChIJ1yhEvWRnZz4Rzd6GUbkGyk0,Trianon Luxury spa,ADJACENT,4.7935,5.0,Google Places API (New),2026-09-02T15:35:56+00:00
39,Al Falah,ChIJhST-PqhLXj4R4Ns1HCNIcjA,24.4428939,54.7396974,ChIJbZ0FPahLXj4RY3TFKG4293c,Taj Al Embrator,DIRECT,0.0804,5.0,Google Places API (New),2026-09-02T15:35:56+00:00
39,Al Falah,ChIJhST-PqhLXj4R4Ns1HCNIcjA,24.4428939,54.7396974,ChIJSxjx45NLXj4RUBGt4U3BzPY,Lucky massage spa,ADJACENT,0.2503,5.0,Google Places API (New),2026-09-02T15:35:56+00:00
39,Al Falah,ChIJhST-PqhLXj4R4Ns1HCNIcjA,24.4428939,54.7396974,ChIJJS9H8odLXj4RMBB1xetn8ZA,صالون سكره للحناء والتجميل,DIRECT,0.3009,5.0,Google Places API (New),2026-09-02T15:35:56+00:00
39,Al Falah,ChIJhST-PqhLXj4R4Ns1HCNIcjA,24.4428939,54.7396974,ChIJwRS3lGZLXj4RBdg5XZufD1Y,Misk wa sadha beauty center,DIRECT,0.6588,5.0,Google Places API (New),2026-09-02T15:35:56+00:00
39,Al Falah,ChIJhST-PqhLXj4R4Ns1HCNIcjA,24.4428939,54.7396974,ChIJiY916chLXj4RDkfGzvC9L9Y,مركز الضفيرة الذهبية للتجميل,DIRECT,0.8849,5.0,Google Places API (New),2026-09-02T15:35:56+00:00
39,Al Falah,ChIJhST-PqhLXj4R4Ns1HCNIcjA,24.4428939,54.7396974,ChIJL3enYZ5LXj4RCZN40EB-Vsc,Al Dafra Al Dahabia Beauty Centre,DIRECT,0.9047,5.0,Google Places API (New),2026-09-02T15:35:56+00:00
39,Al Falah,ChIJhST-PqhLXj4R4Ns1HCNIcjA,24.4428939,54.7396974,ChIJN2WHA61LXj4RDdk-iNPYdsI,Prestige Spa,DIRECT,1.1511,5.0,Google Places API (New),2026-09-02T15:35:56+00:00
39,Al Falah,ChIJhST-PqhLXj4R4Ns1HCNIcjA,24.4428939,54.7396974,ChIJv066Aa1LXj4RLnzJJT43tGQ,Tips And Toes Falah 5,DIRECT,1.1622,5.0,Google Places API (New),2026-09-02T15:35:56+00:00
39,Al Falah,ChIJhST-PqhLXj4R4Ns1HCNIcjA,24.4428939,54.7396974,ChIJ4bpFkLxLXj4RuvHAx35d5a0,صالون وجيم هلا بالخميس للسيدات,DIRECT,1.2619,5.0,Google Places API (New),2026-09-02T15:35:56+00:00
39,Al Falah,ChIJhST-PqhLXj4R4Ns1HCNIcjA,24.4428939,54.7396974,ChIJhTH3IQA3Xj4RxufTBS3mKI0,Sapna LADIES BEAUTY SALON HOME SERVICE ONLY صالون تجميل,DIRECT,1.2959,5.0,Google Places API (New),2026-09-02T15:35:56+00:00
39,Al Falah,ChIJhST-PqhLXj4R4Ns1HCNIcjA,24.4428939,54.7396974,ChIJ2wgq0cKDfq8RI1aJLtodTok,Elyra Touch Beauty Center,DIRECT,1.5088,5.0,Google Places API (New),2026-09-02T15:35:56+00:00
39,Al Falah,ChIJhST-PqhLXj4R4Ns1HCNIcjA,24.4428939,54.7396974,ChIJqTJYp2lLXj4RoBypwhbNdf0,الظبيانيه,DIRECT,1.5829,5.0,Google Places API (New),2026-09-02T15:35:56+00:00
39,Al Falah,ChIJhST-PqhLXj4R4Ns1HCNIcjA,24.4428939,54.7396974,ChIJYQXTWupLXj4Rq7nhwQ2tKK4,صالون روماس للسيدات,DIRECT,1.5939,5.0,Google Places API (New),2026-09-02T15:35:56+00:00
39,Al Falah,ChIJhST-PqhLXj4R4Ns1HCNIcjA,24.4428939,54.7396974,ChIJq-HqDgBLXj4R1dB1FcmhxOo,نجحو حمدوتي,DIRECT,1.6201,5.0,Google Places API (New),2026-09-02T15:35:56+00:00
39,Al Falah,ChIJhST-PqhLXj4R4Ns1HCNIcjA,24.4428939,54.7396974,ChIJdUbDqP9LXj4RSAKS5ScIBrI,aisha,DIRECT,1.6649,5.0,Google Places API (New),2026-09-02T15:35:56+00:00
39,Al Falah,ChIJhST-PqhLXj4R4Ns1HCNIcjA,24.4428939,54.7396974,ChIJt5zCMjRLXj4RpfBYXaplTHw,White lily beauty salon,DIRECT,1.7539,5.0,Google Places API (New),2026-09-02T15:35:56+00:00
39,Al Falah,ChIJhST-PqhLXj4R4Ns1HCNIcjA,24.4428939,54.7396974,ChIJpyiz9sFLXj4R44LdwEBpgA0,Snip N Shape beauty Salon,DIRECT,1.8147,5.0,Google Places API (New),2026-09-02T15:35:56+00:00
39,Al Falah,ChIJhST-PqhLXj4R4Ns1HCNIcjA,24.4428939,54.7396974,ChIJz2ltkixLXj4R7VAg6B_e7jg,Beauty Code Ladies Salon,DIRECT,2.2589,5.0,Google Places API (New),2026-09-02T15:35:56+00:00
39,Al Falah,ChIJhST-PqhLXj4R4Ns1HCNIcjA,24.4428939,54.7396974,ChIJU-Jvx8ZLXj4ROEepDo8c2do,Le Soleil ladies Salon,DIRECT,2.2664,5.0,Google Places API (New),2026-09-02T15:35:56+00:00
39,Al Falah,ChIJhST-PqhLXj4R4Ns1HCNIcjA,24.4428939,54.7396974,ChIJQ26d0qlLXj4RS8WBOhOn19I,صالون سونا الفلاح sona salon,DIRECT,2.2765,5.0,Google Places API (New),2026-09-02T15:35:56+00:00
39,Al Falah,ChIJhST-PqhLXj4R4Ns1HCNIcjA,24.4428939,54.7396974,ChIJ9yCOWgBLXj4RNpETWETZQIs,m2 beauty salon ام 2 بيوتى صالون,DIRECT,2.2907,5.0,Google Places API (New),2026-09-02T15:35:56+00:00
39,Al Falah,ChIJhST-PqhLXj4R4Ns1HCNIcjA,24.4428939,54.7396974,ChIJCWVOVMBLXj4R3mIpsIuRc0w,Tips and Toes Falah 1,DIRECT,2.3569,5.0,Google Places API (New),2026-09-02T15:35:56+00:00
39,Al Falah,ChIJhST-PqhLXj4R4Ns1HCNIcjA,24.4428939,54.7396974,ChIJs44zDgBLXj4Rghy_a-X3VBg,صالون دوتشي لوتشي,DIRECT,2.4154,5.0,Google Places API (New),2026-09-02T15:35:56+00:00
39,Al Falah,ChIJhST-PqhLXj4R4Ns1HCNIcjA,24.4428939,54.7396974,ChIJp-oXb_NLXj4RBDc3QGLm-uE,صالون فاز,DIRECT,2.4332,5.0,Google Places API (New),2026-09-02T15:35:56+00:00
39,Al Falah,ChIJhST-PqhLXj4R4Ns1HCNIcjA,24.4428939,54.7396974,ChIJL34CrU5KXj4RgMSMmWEYPcs,صالون الامبراطورة,DIRECT,2.5283,5.0,Google Places API (New),2026-09-02T15:35:56+00:00
39,Al Falah,ChIJhST-PqhLXj4R4Ns1HCNIcjA,24.4428939,54.7396974,ChIJB9iPPgBLXj4RcvY_sB8WxMA,صالون في فلاحA,DIRECT,2.7257,5.0,Google Places API (New),2026-09-02T15:35:56+00:00
39,Al Falah,ChIJhST-PqhLXj4R4Ns1HCNIcjA,24.4428939,54.7396974,ChIJkcOkHe1LXj4RoGvVx_GBerI,Freesia Beauty Center مركز فريسيا للتجميل,DIRECT,2.7358,5.0,Google Places API (New),2026-09-02T15:35:56+00:00
39,Al Falah,ChIJhST-PqhLXj4R4Ns1HCNIcjA,24.4428939,54.7396974,ChIJmzoJWuVLXj4RqBn0BWJ2yrk,high class beauty center,DIRECT,2.7474,5.0,Google Places API (New),2026-09-02T15:35:56+00:00
39,Al Falah,ChIJhST-PqhLXj4R4Ns1HCNIcjA,24.4428939,54.7396974,ChIJHdY88ulLXj4RxJwFo9jhF2g,Zaman Al Ahlam,DIRECT,2.7642,5.0,Google Places API (New),2026-09-02T15:35:56+00:00
39,Al Falah,ChIJhST-PqhLXj4R4Ns1HCNIcjA,24.4428939,54.7396974,ChIJbTzHK9BLXj4Rkf2blpN_OHs,Lamsat Al shareq saloon Henna,DIRECT,2.7654,5.0,Google Places API (New),2026-09-02T15:35:56+00:00
39,Al Falah,ChIJhST-PqhLXj4R4Ns1HCNIcjA,24.4428939,54.7396974,ChIJ8U8s0m1LXj4Ro5PzKtDofJA,صالون رويال قيرل للسيدات,DIRECT,2.9737,5.0,Google Places API (New),2026-09-02T15:35:56+00:00
39,Al Falah,ChIJhST-PqhLXj4R4Ns1HCNIcjA,24.4428939,54.7396974,ChIJi8b_JRRLXj4RpcuKoAG2qjQ,صالون توب ليدي للسيدات,DIRECT,2.9751,5.0,Google Places API (New),2026-09-02T15:35:56+00:00
39,Al Falah,ChIJhST-PqhLXj4R4Ns1HCNIcjA,24.4428939,54.7396974,ChIJ25NhJwBLXj4RR7-_dUZ3l7k,Makeup artist kholoud altamimi,DIRECT,3.0171,5.0,Google Places API (New),2026-09-02T15:35:56+00:00
39,Al Falah,ChIJhST-PqhLXj4R4Ns1HCNIcjA,24.4428939,54.7396974,ChIJ-yPLqWJnXj4RARhFLzDIQDc,Unwind Beauty Lounge,DIRECT,3.1176,5.0,Google Places API (New),2026-09-02T15:35:56+00:00
39,Al Falah,ChIJhST-PqhLXj4R4Ns1HCNIcjA,24.4428939,54.7396974,ChIJzd7czjZLXj4R3VEfa75yFBw,Lavender Home Massage for Women,ADJACENT,3.1646,5.0,Google Places API (New),2026-09-02T15:35:56+00:00
39,Al Falah,ChIJhST-PqhLXj4R4Ns1HCNIcjA,24.4428939,54.7396974,ChIJSQFcsM5LXj4RSSQoyypSq7Q,Moon marimar beauty salon,DIRECT,3.2945,5.0,Google Places API (New),2026-09-02T15:35:56+00:00
39,Al Falah,ChIJhST-PqhLXj4R4Ns1HCNIcjA,24.4428939,54.7396974,ChIJEyNXSwBLXj4Rryi_vyyFOf4,Neom Saloon,DIRECT,3.2945,5.0,Google Places API (New),2026-09-02T15:35:56+00:00
39,Al Falah,ChIJhST-PqhLXj4R4Ns1HCNIcjA,24.4428939,54.7396974,ChIJmx1MGFJLXj4R1DeoQzykyR8,Tutsha beauty salon,DIRECT,3.2945,5.0,Google Places API (New),2026-09-02T15:35:56+00:00
39,Al Falah,ChIJhST-PqhLXj4R4Ns1HCNIcjA,24.4428939,54.7396974,ChIJf-mskP1LXj4Rwp8hj8OpI4Q,Mimarm Beauty Salon | صالون ميمارم للسيدات,DIRECT,3.4927,5.0,Google Places API (New),2026-09-02T15:35:56+00:00
39,Al Falah,ChIJhST-PqhLXj4R4Ns1HCNIcjA,24.4428939,54.7396974,ChIJH9OQ6MdLXj4RhHK3jSbdvQg,صالون فلولة للتجميل,DIRECT,3.5462,5.0,Google Places API (New),2026-09-02T15:35:56+00:00
39,Al Falah,ChIJhST-PqhLXj4R4Ns1HCNIcjA,24.4428939,54.7396974,ChIJS4LrXUJKXj4R06eLXSFl_HI,صالون لابوبيوتي Labobeauty,DIRECT,3.7129,5.0,Google Places API (New),2026-09-02T15:35:56+00:00
39,Al Falah,ChIJhST-PqhLXj4R4Ns1HCNIcjA,24.4428939,54.7396974,ChIJDUqQz7xLXj4RmjBT0eLZ-aY,صالون غزل للتجميل,DIRECT,3.7542,5.0,Google Places API (New),2026-09-02T15:35:56+00:00
39,Al Falah,ChIJhST-PqhLXj4R4Ns1HCNIcjA,24.4428939,54.7396974,ChIJu0XIBgBLXj4RNXhuRCd-vW8,My Style Salon,DIRECT,3.8408,5.0,Google Places API (New),2026-09-02T15:35:56+00:00
39,Al Falah,ChIJhST-PqhLXj4R4Ns1HCNIcjA,24.4428939,54.7396974,ChIJn2usOgBLXj4RqqEGPXkfTL0,Mia Home Services Salon,DIRECT,4.1315,5.0,Google Places API (New),2026-09-02T15:35:56+00:00
39,Al Falah,ChIJhST-PqhLXj4R4Ns1HCNIcjA,24.4428939,54.7396974,ChIJLYl3wtRLXj4RNRttv9F9nhs,Durrat al hess,DIRECT,4.3094,5.0,Google Places API (New),2026-09-02T15:35:56+00:00
39,Al Falah,ChIJhST-PqhLXj4R4Ns1HCNIcjA,24.4428939,54.7396974,ChIJoehW3PVLXj4RU3UN_7ClLuM,صالون رويال بلوند للسيدات,DIRECT,4.7606,5.0,Google Places API (New),2026-09-02T15:35:56+00:00
50,Al Jada,ChIJYcoAMNNfXz4RhygkXYRIdZk,25.3192096,55.4799114,ChIJ7SSzQkJfXz4RFrgppMVBRuI,Awtar Beauty Center - Muwaileh,DIRECT,0.2752,5.0,Google Places API (New),2026-09-02T15:35:56+00:00
50,Al Jada,ChIJYcoAMNNfXz4RhygkXYRIdZk,25.3192096,55.4799114,ChIJw-GbTwBfXz4RqvkboXfdS38,haha,DIRECT,0.315,5.0,Google Places API (New),2026-09-02T15:35:56+00:00
50,Al Jada,ChIJYcoAMNNfXz4RhygkXYRIdZk,25.3192096,55.4799114,ChIJ9QjoGp1fXz4RZ4w_7Tu1Gcw,Hair LTD. Base 39,DIRECT,0.6932,5.0,Google Places API (New),2026-09-02T15:35:56+00:00
50,Al Jada,ChIJYcoAMNNfXz4RhygkXYRIdZk,25.3192096,55.4799114,ChIJiVO5P-BfXz4RikSUGaTr2XU,Norsh Spa Aljada,DIRECT,0.9104,5.0,Google Places API (New),2026-09-02T15:35:56+00:00
50,Al Jada,ChIJYcoAMNNfXz4RhygkXYRIdZk,25.3192096,55.4799114,ChIJ7QQw8vNfXz4Rw8hKdUFBKto,Boo spa,ADJACENT,1.0042,5.0,Google Places API (New),2026-09-02T15:35:56+00:00
50,Al Jada,ChIJYcoAMNNfXz4RhygkXYRIdZk,25.3192096,55.4799114,ChIJEbbcgdVfXz4RJP4hUx20vbs,Glowy Nails Beauty Saloon L.L.C Sp,DIRECT,1.0635,5.0,Google Places API (New),2026-09-02T15:35:56+00:00
50,Al Jada,ChIJYcoAMNNfXz4RhygkXYRIdZk,25.3192096,55.4799114,ChIJl2BnIelfXz4RJgZZlncmjJQ,Rouge and liner Beauty Salon,DIRECT,1.1127,5.0,Google Places API (New),2026-09-02T15:35:56+00:00
50,Al Jada,ChIJYcoAMNNfXz4RhygkXYRIdZk,25.3192096,55.4799114,ChIJy9j-38VfXz4R-tbo6hKJ2IY,LAMHA ladies salon,DIRECT,1.1154,5.0,Google Places API (New),2026-09-02T15:35:56+00:00
50,Al Jada,ChIJYcoAMNNfXz4RhygkXYRIdZk,25.3192096,55.4799114,ChIJU50SyDtfXz4RB-Gqo67mIxk,Hala Zenobia Beauty Salon,DIRECT,1.118,5.0,Google Places API (New),2026-09-02T15:35:56+00:00
50,Al Jada,ChIJYcoAMNNfXz4RhygkXYRIdZk,25.3192096,55.4799114,ChIJr9DXCOBfXz4Rwj9WKHJI-MI,Lashes House Salon,DIRECT,1.1294,5.0,Google Places API (New),2026-09-02T15:35:56+00:00
50,Al Jada,ChIJYcoAMNNfXz4RhygkXYRIdZk,25.3192096,55.4799114,ChIJFfN9e0RfXz4RHL2GZN8Ean4,OAK SPA,DIRECT,1.1451,5.0,Google Places API (New),2026-09-02T15:35:56+00:00
50,Al Jada,ChIJYcoAMNNfXz4RhygkXYRIdZk,25.3192096,55.4799114,ChIJ5XP09olfXz4RuuUpt2nmxFA,GHAZAL BEAUTY SALOON صالون غــــــزل لـلـتـجـمـيـل,DIRECT,1.1725,5.0,Google Places API (New),2026-09-02T15:35:56+00:00
50,Al Jada,ChIJYcoAMNNfXz4RhygkXYRIdZk,25.3192096,55.4799114,ChIJBzCGSQBfXz4R2kEJKf63JkE,صالون ليانا للتجميل Layana Beauty Salon,DIRECT,1.2048,5.0,Google Places API (New),2026-09-02T15:35:56+00:00
50,Al Jada,ChIJYcoAMNNfXz4RhygkXYRIdZk,25.3192096,55.4799114,ChIJYy1ZBHxfXz4RpGS9b2k2eXo,صالون رمش المها,DIRECT,1.3411,5.0,Google Places API (New),2026-09-02T15:35:56+00:00
50,Al Jada,ChIJYcoAMNNfXz4RhygkXYRIdZk,25.3192096,55.4799114,ChIJe72N3cNfXz4RSiXGHtRMUkA,Sphere,DIRECT,1.3565,5.0,Google Places API (New),2026-09-02T15:35:56+00:00
50,Al Jada,ChIJYcoAMNNfXz4RhygkXYRIdZk,25.3192096,55.4799114,ChIJFZkKF4JfXz4RhqrSSsI3xps,The Herbal Ladies Salon - صالون الأعشاب للسيدات,DIRECT,1.3686,5.0,Google Places API (New),2026-09-02T15:35:56+00:00
50,Al Jada,ChIJYcoAMNNfXz4RhygkXYRIdZk,25.3192096,55.4799114,ChIJ7YAC5uZfXz4RAOK_CywTiUw,Karine Beauty Salon,DIRECT,1.3962,5.0,Google Places API (New),2026-09-02T15:35:56+00:00
50,Al Jada,ChIJYcoAMNNfXz4RhygkXYRIdZk,25.3192096,55.4799114,ChIJWZ5gTL5fXz4RqO4LzvFchyg,Roba Salon,DIRECT,1.4013,5.0,Google Places API (New),2026-09-02T15:35:56+00:00
50,Al Jada,ChIJYcoAMNNfXz4RhygkXYRIdZk,25.3192096,55.4799114,ChIJMeE-dnJfXz4RQivhpNxdXFA,Al zomorod beauty salon,DIRECT,1.4044,5.0,Google Places API (New),2026-09-02T15:35:56+00:00
50,Al Jada,ChIJYcoAMNNfXz4RhygkXYRIdZk,25.3192096,55.4799114,ChIJfUxSTsRfXz4RCsKQ7BV-KbM,Al Naqsha Salon,DIRECT,1.4132,5.0,Google Places API (New),2026-09-02T15:35:56+00:00
50,Al Jada,ChIJYcoAMNNfXz4RhygkXYRIdZk,25.3192096,55.4799114,ChIJQ_iYnghfXz4RCInkdSg3_Sw,Capri Beauty Center,DIRECT,1.4522,5.0,Google Places API (New),2026-09-02T15:35:56+00:00
50,Al Jada,ChIJYcoAMNNfXz4RhygkXYRIdZk,25.3192096,55.4799114,ChIJVT4oZBhfXz4Rix4Oae6YTKc,Aida Beauty Salon LLC,DIRECT,1.483,5.0,Google Places API (New),2026-09-02T15:35:56+00:00
50,Al Jada,ChIJYcoAMNNfXz4RhygkXYRIdZk,25.3192096,55.4799114,ChIJu81xwBpfXz4RRRg116nWxg0,Camellia,DIRECT,1.7136,5.0,Google Places API (New),2026-09-02T15:35:56+00:00
50,Al Jada,ChIJYcoAMNNfXz4RhygkXYRIdZk,25.3192096,55.4799114,ChIJg135IVJfXz4RrnzZCk-satQ,Annie Nunag Beauty Center,DIRECT,2.0448,5.0,Google Places API (New),2026-09-02T15:35:56+00:00
50,Al Jada,ChIJYcoAMNNfXz4RhygkXYRIdZk,25.3192096,55.4799114,ChIJG5O8OD_19T4ReFZfaBhH-T8,Namlah Salon Fze,DIRECT,2.0637,5.0,Google Places API (New),2026-09-02T15:35:56+00:00
50,Al Jada,ChIJYcoAMNNfXz4RhygkXYRIdZk,25.3192096,55.4799114,ChIJd032BwBfXz4RXwG-6BfD_Sg,صالون اوركيد لتجميل,DIRECT,2.129,5.0,Google Places API (New),2026-09-02T15:35:56+00:00
50,Al Jada,ChIJYcoAMNNfXz4RhygkXYRIdZk,25.3192096,55.4799114,ChIJQR_bfiJfXz4R8_7vwfdZEq4,Fly Me Spa,DIRECT,2.1922,5.0,Google Places API (New),2026-09-02T15:35:56+00:00
50,Al Jada,ChIJYcoAMNNfXz4RhygkXYRIdZk,25.3192096,55.4799114,ChIJd1MjLz1fXz4RjRjnzrOqlkg,Walili ladies saloon - صالون وليلي للسيدات / مويلح,DIRECT,2.359,5.0,Google Places API (New),2026-09-02T15:35:56+00:00
50,Al Jada,ChIJYcoAMNNfXz4RhygkXYRIdZk,25.3192096,55.4799114,ChIJVXC4O3hfXz4R-8FOvOA7MUk,Healing Zone Spa,ADJACENT,2.37,5.0,Google Places API (New),2026-09-02T15:35:56+00:00
50,Al Jada,ChIJYcoAMNNfXz4RhygkXYRIdZk,25.3192096,55.4799114,ChIJ0c6sEwBfXz4R2_n1oRWkBRs,Al Remoush Al Thahabiah Beauty Centre,DIRECT,2.3778,5.0,Google Places API (New),2026-09-02T15:35:56+00:00
50,Al Jada,ChIJYcoAMNNfXz4RhygkXYRIdZk,25.3192096,55.4799114,ChIJL03XKh5fXz4RwJrF2R5bbJc,izil Moroccan Beauty | Hammam & SPA - City Centre Al Zahia,ADJACENT,2.3898,5.0,Google Places API (New),2026-09-02T15:35:56+00:00
50,Al Jada,ChIJYcoAMNNfXz4RhygkXYRIdZk,25.3192096,55.4799114,ChIJb2Jckh1fXz4RCdHEBrREFVY,Peace massage center مركز السلام للمساج,ADJACENT,2.4318,5.0,Google Places API (New),2026-09-02T15:35:56+00:00
50,Al Jada,ChIJYcoAMNNfXz4RhygkXYRIdZk,25.3192096,55.4799114,ChIJpVXrOSNfXz4RkF8uK9KPRQc,Anamil Al Nawaiem Ladies Saloon,DIRECT,2.4328,5.0,Google Places API (New),2026-09-02T15:35:56+00:00
50,Al Jada,ChIJYcoAMNNfXz4RhygkXYRIdZk,25.3192096,55.4799114,ChIJR2oDuj5fXz4Rfg8fpq3y1mU,Noure Beauty Center,DIRECT,2.4373,5.0,Google Places API (New),2026-09-02T15:35:56+00:00
50,Al Jada,ChIJYcoAMNNfXz4RhygkXYRIdZk,25.3192096,55.4799114,ChIJC9nNpUJfXz4RnTHPcGIF4Ko,Clarins Boutique & Spa (City Centre Al Zahia),ADJACENT,2.4428,5.0,Google Places API (New),2026-09-02T15:35:56+00:00
50,Al Jada,ChIJYcoAMNNfXz4RhygkXYRIdZk,25.3192096,55.4799114,ChIJyZnvEO5fXz4RYDYSCHd58zU,صالون المقص التركي TURKISH SCISSOP SALOON,DIRECT,2.4549,5.0,Google Places API (New),2026-09-02T15:35:56+00:00
50,Al Jada,ChIJYcoAMNNfXz4RhygkXYRIdZk,25.3192096,55.4799114,ChIJKYc-EWBfXz4RkNN7aXLiX_A,The Loft Fifth Avenue Beauty Lounge - City Centre Al Zahia,DIRECT,2.5419,5.0,Google Places API (New),2026-09-02T15:35:56+00:00
50,Al Jada,ChIJYcoAMNNfXz4RhygkXYRIdZk,25.3192096,55.4799114,ChIJj1HAlOtfXz4RA3vhwo70jEY,Norsh Spa,DIRECT,2.5421,5.0,Google Places API (New),2026-09-02T15:35:56+00:00
50,Al Jada,ChIJYcoAMNNfXz4RhygkXYRIdZk,25.3192096,55.4799114,ChIJr-Xr3SJfXz4R2jUVpCOh9hE,Reesh Muwaileh,DIRECT,2.5463,5.0,Google Places API (New),2026-09-02T15:35:56+00:00
50,Al Jada,ChIJYcoAMNNfXz4RhygkXYRIdZk,25.3192096,55.4799114,ChIJw3WgGHhfXz4RTEtkhaXcmQE,Luster Ladies Salon,DIRECT,2.5673,5.0,Google Places API (New),2026-09-02T15:35:56+00:00
50,Al Jada,ChIJYcoAMNNfXz4RhygkXYRIdZk,25.3192096,55.4799114,ChIJN9iT5I9fXz4Ra9wX-HJfdKQ,Touch Beauty Centre,DIRECT,2.5793,5.0,Google Places API (New),2026-09-02T15:35:56+00:00
50,Al Jada,ChIJYcoAMNNfXz4RhygkXYRIdZk,25.3192096,55.4799114,ChIJp2gR5idfXz4RPjz-9-DprGg,Beverly Hills Beauty Center,DIRECT,2.5924,5.0,Google Places API (New),2026-09-02T15:35:56+00:00
50,Al Jada,ChIJYcoAMNNfXz4RhygkXYRIdZk,25.3192096,55.4799114,ChIJFZ9XEABfXz4R34Q8hsCY-H0,صالون وليد الخليفه,DIRECT,2.6338,5.0,Google Places API (New),2026-09-02T15:35:56+00:00
50,Al Jada,ChIJYcoAMNNfXz4RhygkXYRIdZk,25.3192096,55.4799114,ChIJT81H6yJfXz4RAm6PY4_CtmE,Asmreko Beauty Centre,DIRECT,2.6527,5.0,Google Places API (New),2026-09-02T15:35:56+00:00
50,Al Jada,ChIJYcoAMNNfXz4RhygkXYRIdZk,25.3192096,55.4799114,ChIJLZSUf_5fXz4Rq_byF16_u1w,Adam saloon Muwaileh,DIRECT,2.6594,5.0,Google Places API (New),2026-09-02T15:35:56+00:00
50,Al Jada,ChIJYcoAMNNfXz4RhygkXYRIdZk,25.3192096,55.4799114,ChIJXwWRdABfXz4RnN7GMvtyDOA,Rare Spa,DIRECT,2.6749,5.0,Google Places API (New),2026-09-02T15:35:56+00:00
50,Al Jada,ChIJYcoAMNNfXz4RhygkXYRIdZk,25.3192096,55.4799114,ChIJ-zN-A-lZXz4RvtTGiuchu-A,NStyle Beauty Lounge,DIRECT,2.7033,5.0,Google Places API (New),2026-09-02T15:35:56+00:00
50,Al Jada,ChIJYcoAMNNfXz4RhygkXYRIdZk,25.3192096,55.4799114,ChIJWdrboqJfXz4RsoxDGFAS9Ho,صالون احمد غالب,DIRECT,2.7077,5.0,Google Places API (New),2026-09-02T15:35:56+00:00
50,Al Jada,ChIJYcoAMNNfXz4RhygkXYRIdZk,25.3192096,55.4799114,ChIJba3ay3tfXz4ReallJjjtNy4,Mira Beauty ميرا بيوتي - Beauty Chic,DIRECT,2.7249,5.0,Google Places API (New),2026-09-02T15:35:56+00:00
50,Al Jada,ChIJYcoAMNNfXz4RhygkXYRIdZk,25.3192096,55.4799114,ChIJaTUdmCBfXz4R3UO495zgSlk,Hair LTD.,DIRECT,2.7262,5.0,Google Places API (New),2026-09-02T15:35:56+00:00
50,Al Jada,ChIJYcoAMNNfXz4RhygkXYRIdZk,25.3192096,55.4799114,ChIJo-ZlFgFfXz4RvbE6oorJqH0,Albanat spa salon,DIRECT,2.7377,5.0,Google Places API (New),2026-09-02T15:35:56+00:00
50,Al Jada,ChIJYcoAMNNfXz4RhygkXYRIdZk,25.3192096,55.4799114,ChIJEdGUSohZXz4RnakJtugwiL8,Al Maraa Al Latefah Ladies Saloon,DIRECT,2.7563,5.0,Google Places API (New),2026-09-02T15:35:56+00:00
50,Al Jada,ChIJYcoAMNNfXz4RhygkXYRIdZk,25.3192096,55.4799114,ChIJ6wqSJytfXz4RIsuiHeaU9CE,Al Kadi Beauty (Salon & Spa),DIRECT,2.7642,5.0,Google Places API (New),2026-09-02T15:35:56+00:00
50,Al Jada,ChIJYcoAMNNfXz4RhygkXYRIdZk,25.3192096,55.4799114,ChIJW8oMfABfXz4RIcRUJoLLXbg,Unique Beauty salon,DIRECT,2.778,5.0,Google Places API (New),2026-09-02T15:35:56+00:00
50,Al Jada,ChIJYcoAMNNfXz4RhygkXYRIdZk,25.3192096,55.4799114,ChIJbxwhBQD19T4Ree2T_eVOIPA,Royal Beauty Ladies Salon,DIRECT,2.7861,5.0,Google Places API (New),2026-09-02T15:35:56+00:00
50,Al Jada,ChIJYcoAMNNfXz4RhygkXYRIdZk,25.3192096,55.4799114,ChIJ9__pgMNfXz4RgaUJ1yNmYxg,Broummana Saloon,DIRECT,2.7886,5.0,Google Places API (New),2026-09-02T15:35:56+00:00
50,Al Jada,ChIJYcoAMNNfXz4RhygkXYRIdZk,25.3192096,55.4799114,ChIJ1fk5k8JfXz4RhXaNK864CY4,Shade Beauty center,DIRECT,2.8025,5.0,Google Places API (New),2026-09-02T15:35:56+00:00
50,Al Jada,ChIJYcoAMNNfXz4RhygkXYRIdZk,25.3192096,55.4799114,ChIJ27NNoSxfXz4RzhvOVsqbLlw,Golden Lotus Beauty Salon,DIRECT,2.805,5.0,Google Places API (New),2026-09-02T15:35:56+00:00
50,Al Jada,ChIJYcoAMNNfXz4RhygkXYRIdZk,25.3192096,55.4799114,ChIJofTmTdpfXz4RdMzeH2B-GwU,The Beauty Revival Center مركز إحياء الجمال,DIRECT,2.8292,5.0,Google Places API (New),2026-09-02T15:35:56+00:00
50,Al Jada,ChIJYcoAMNNfXz4RhygkXYRIdZk,25.3192096,55.4799114,ChIJq6qqqv1YXz4RaNpdZFGR3P0,Vanillia Beauty Center,DIRECT,2.8305,5.0,Google Places API (New),2026-09-02T15:35:56+00:00
50,Al Jada,ChIJYcoAMNNfXz4RhygkXYRIdZk,25.3192096,55.4799114,ChIJlx4c34NfXz4RNWeXsP1TyJk,The white spot,DIRECT,2.8925,5.0,Google Places API (New),2026-09-02T15:35:56+00:00
50,Al Jada,ChIJYcoAMNNfXz4RhygkXYRIdZk,25.3192096,55.4799114,ChIJhS4YWLBfXz4RVr0X3Q-igSA,Hide Beauty Center,DIRECT,2.9062,5.0,Google Places API (New),2026-09-02T15:35:56+00:00
50,Al Jada,ChIJYcoAMNNfXz4RhygkXYRIdZk,25.3192096,55.4799114,ChIJKZAkpkhfXz4RGaeW31E9WkY,Al mahra spa المهرة سبا للتجميل,ADJACENT,2.9323,5.0,Google Places API (New),2026-09-02T15:35:56+00:00
50,Al Jada,ChIJYcoAMNNfXz4RhygkXYRIdZk,25.3192096,55.4799114,ChIJO6b71yNfXz4RQ_YTJwK4dFs,Polished Spa,ADJACENT,2.9411,5.0,Google Places API (New),2026-09-02T15:35:56+00:00
50,Al Jada,ChIJYcoAMNNfXz4RhygkXYRIdZk,25.3192096,55.4799114,ChIJS9adGiBfXz4ROf65E4Hk_-U,Nails House,DIRECT,2.9467,5.0,Google Places API (New),2026-09-02T15:35:56+00:00
50,Al Jada,ChIJYcoAMNNfXz4RhygkXYRIdZk,25.3192096,55.4799114,ChIJEWHiVadfXz4R3tvFPPHpaVU,Shemal Al Madina Ladies Salon,DIRECT,2.9475,5.0,Google Places API (New),2026-09-02T15:35:56+00:00
50,Al Jada,ChIJYcoAMNNfXz4RhygkXYRIdZk,25.3192096,55.4799114,ChIJA-EyzRdfXz4RE3t3rQSKlSc,Nail2u Spa,DIRECT,2.9655,5.0,Google Places API (New),2026-09-02T15:35:56+00:00
50,Al Jada,ChIJYcoAMNNfXz4RhygkXYRIdZk,25.3192096,55.4799114,ChIJ0-U5SDVfXz4RjzjD_EyJoHs,Pure beauty ladies salon,DIRECT,2.9933,5.0,Google Places API (New),2026-09-02T15:35:56+00:00
50,Al Jada,ChIJYcoAMNNfXz4RhygkXYRIdZk,25.3192096,55.4799114,ChIJV0YgnyRfXz4RC14mubqOCiE,Royal Spa,ADJACENT,3.0076,5.0,Google Places API (New),2026-09-02T15:35:56+00:00
50,Al Jada,ChIJYcoAMNNfXz4RhygkXYRIdZk,25.3192096,55.4799114,ChIJkf-pb2j59T4RhGpWeSp_mFA,90's Beauty Salon,DIRECT,3.043,5.0,Google Places API (New),2026-09-02T15:35:56+00:00
50,Al Jada,ChIJYcoAMNNfXz4RhygkXYRIdZk,25.3192096,55.4799114,ChIJRd2ILQBfXz4RQoeMtZwc7xY,Tariq Al Tamayoz,DIRECT,3.0439,5.0,Google Places API (New),2026-09-02T15:35:56+00:00
50,Al Jada,ChIJYcoAMNNfXz4RhygkXYRIdZk,25.3192096,55.4799114,ChIJL-m58dNfXz4RAMZ-FxG2Fzo,Haifa Safar Beauty Salon,DIRECT,3.0486,5.0,Google Places API (New),2026-09-02T15:35:56+00:00
50,Al Jada,ChIJYcoAMNNfXz4RhygkXYRIdZk,25.3192096,55.4799114,ChIJn35XMY9fXz4R3Zjk8xl7GB4,Mani & Pedi Sharjah - ماني اند بيدي الشارقة,DIRECT,3.0656,5.0,Google Places API (New),2026-09-02T15:35:56+00:00
50,Al Jada,ChIJYcoAMNNfXz4RhygkXYRIdZk,25.3192096,55.4799114,ChIJS77minNfXz4R2YZQP0h5-UU,HAPPY CUT Salon,DIRECT,3.0676,5.0,Google Places API (New),2026-09-02T15:35:56+00:00
50,Al Jada,ChIJYcoAMNNfXz4RhygkXYRIdZk,25.3192096,55.4799114,ChIJl6aJKidfXz4RMsniM_bpZsM,Al Sarab Saloon,DIRECT,3.091,5.0,Google Places API (New),2026-09-02T15:35:56+00:00
50,Al Jada,ChIJYcoAMNNfXz4RhygkXYRIdZk,25.3192096,55.4799114,ChIJLV39IwBfXz4RfkymV3QNwoM,Tiptoe nailounge,DIRECT,3.0995,5.0,Google Places API (New),2026-09-02T15:35:56+00:00
50,Al Jada,ChIJYcoAMNNfXz4RhygkXYRIdZk,25.3192096,55.4799114,ChIJDVozUgBfXz4R1X5XT6W1Lwg,The beauty district,DIRECT,3.1096,5.0,Google Places API (New),2026-09-02T15:35:56+00:00
50,Al Jada,ChIJYcoAMNNfXz4RhygkXYRIdZk,25.3192096,55.4799114,ChIJPUZqMdFDXz4Rime0wbcP7Cg,Naturals Salon,DIRECT,3.1484,5.0,Google Places API (New),2026-09-02T15:35:56+00:00
50,Al Jada,ChIJYcoAMNNfXz4RhygkXYRIdZk,25.3192096,55.4799114,ChIJ9S5b2oNfXz4R_9ibqLSAeuA,Hind Alamiri Beauty Salon,DIRECT,3.211,5.0,Google Places API (New),2026-09-02T15:35:56+00:00
50,Al Jada,ChIJYcoAMNNfXz4RhygkXYRIdZk,25.3192096,55.4799114,ChIJ1eNhgd9fXz4RuvRh2auxfkM,Linda Khalid Beauty Center,DIRECT,3.2309,5.0,Google Places API (New),2026-09-02T15:35:56+00:00
50,Al Jada,ChIJYcoAMNNfXz4RhygkXYRIdZk,25.3192096,55.4799114,ChIJR2fkRYJfXz4REzmPziZ6qpg,Anisaty Ladies Salon Muweillah Branch,DIRECT,3.2466,5.0,Google Places API (New),2026-09-02T15:35:56+00:00
50,Al Jada,ChIJYcoAMNNfXz4RhygkXYRIdZk,25.3192096,55.4799114,ChIJg6NTysVfXz4RHQLIQndvGv8,Roses Dew Beauty Corner center by Smitha,DIRECT,3.2499,5.0,Google Places API (New),2026-09-02T15:35:56+00:00
50,Al Jada,ChIJYcoAMNNfXz4RhygkXYRIdZk,25.3192096,55.4799114,ChIJiShrsCxfXz4RMGrgk1TyvJc,Ain Al Jaydaa Ladies Salon,DIRECT,3.3504,5.0,Google Places API (New),2026-09-02T15:35:56+00:00
50,Al Jada,ChIJYcoAMNNfXz4RhygkXYRIdZk,25.3192096,55.4799114,ChIJkZEFdNZeXz4R8AGznZ7zfLk,Anamel beauty and nails spa,DIRECT,3.419,5.0,Google Places API (New),2026-09-02T15:35:56+00:00
50,Al Jada,ChIJYcoAMNNfXz4RhygkXYRIdZk,25.3192096,55.4799114,ChIJb8vnGMFYXz4RNDvewkI1L4w,Loolya Beauty Centre,DIRECT,3.4281,5.0,Google Places API (New),2026-09-02T15:35:56+00:00
50,Al Jada,ChIJYcoAMNNfXz4RhygkXYRIdZk,25.3192096,55.4799114,ChIJI8lEDABfXz4Rrw_ts9Dr_og,Al Tamil Al Abyad Hairdressing Saloon,DIRECT,3.4351,5.0,Google Places API (New),2026-09-02T15:35:56+00:00
50,Al Jada,ChIJYcoAMNNfXz4RhygkXYRIdZk,25.3192096,55.4799114,ChIJI6WupXZZXz4R-Uo2IrStg3M,Candela Spa,DIRECT,3.4618,5.0,Google Places API (New),2026-09-02T15:35:56+00:00
50,Al Jada,ChIJYcoAMNNfXz4RhygkXYRIdZk,25.3192096,55.4799114,ChIJwxgS5_NdXz4RZTCfdS-uCYA,ALYOOM ALSHAJAR Home Massage and Spa,ADJACENT,3.5906,5.0,Google Places API (New),2026-09-02T15:35:56+00:00
50,Al Jada,ChIJYcoAMNNfXz4RhygkXYRIdZk,25.3192096,55.4799114,ChIJ_830o2pfXz4R8Qx3ONhwrfE,Kalimat Beauty Center مركز كلمات للتجميل,DIRECT,3.7368,5.0,Google Places API (New),2026-09-02T15:35:56+00:00
50,Al Jada,ChIJYcoAMNNfXz4RhygkXYRIdZk,25.3192096,55.4799114,ChIJWxW2p2dfXz4RqBbXWd-aO2U,Shagufta Ladies Salon,DIRECT,3.767,5.0,Google Places API (New),2026-09-02T15:35:56+00:00
50,Al Jada,ChIJYcoAMNNfXz4RhygkXYRIdZk,25.3192096,55.4799114,ChIJTWl3Wnr19T4RfTl83jrc028,صالون علاء الدين للاطفال,DIRECT,3.7781,5.0,Google Places API (New),2026-09-02T15:35:56+00:00
50,Al Jada,ChIJYcoAMNNfXz4RhygkXYRIdZk,25.3192096,55.4799114,ChIJ8W5lPs_19T4RfkbaAdufyM8,Al Marasim Beauty Salon Sharjah,DIRECT,3.785,5.0,Google Places API (New),2026-09-02T15:35:56+00:00
50,Al Jada,ChIJYcoAMNNfXz4RhygkXYRIdZk,25.3192096,55.4799114,ChIJzYRGHGxfXz4RvTgt5jyI_0I,Al Majarah Al Zarqa Ladies Salon,DIRECT,3.8288,5.0,Google Places API (New),2026-09-02T15:35:56+00:00
50,Al Jada,ChIJYcoAMNNfXz4RhygkXYRIdZk,25.3192096,55.4799114,ChIJJUbFlrz19T4Rmn8pIcJzj30,صالون رويال للسيدات Royal Beauty Salon,DIRECT,3.8875,5.0,Google Places API (New),2026-09-02T15:35:56+00:00
50,Al Jada,ChIJYcoAMNNfXz4RhygkXYRIdZk,25.3192096,55.4799114,ChIJ61YtAwBfXz4RpmHNgixT3Sg,KINGZ SALON,DIRECT,3.9286,5.0,Google Places API (New),2026-09-02T15:35:56+00:00
50,Al Jada,ChIJYcoAMNNfXz4RhygkXYRIdZk,25.3192096,55.4799114,ChIJZQoUXJ9YXz4Rg3woVYGZz0E,Altitude The Spa & Salon,DIRECT,4.0295,5.0,Google Places API (New),2026-09-02T15:35:56+00:00
50,Al Jada,ChIJYcoAMNNfXz4RhygkXYRIdZk,25.3192096,55.4799114,ChIJeQFglOFeXz4REJhcTkhk86k,Jaba Uhad Hairdressing Saloon,DIRECT,4.0502,5.0,Google Places API (New),2026-09-02T15:35:56+00:00
50,Al Jada,ChIJYcoAMNNfXz4RhygkXYRIdZk,25.3192096,55.4799114,ChIJqZR6eBVZXz4RfrFe8JZTrJw,Farah's Beauty Lounge,DIRECT,4.1538,5.0,Google Places API (New),2026-09-02T15:35:56+00:00
50,Al Jada,ChIJYcoAMNNfXz4RhygkXYRIdZk,25.3192096,55.4799114,ChIJIbqEfFlfXz4RXyDQmljIUKo,Al sami hairdrasseng saloon,DIRECT,4.1664,5.0,Google Places API (New),2026-09-02T15:35:56+00:00
50,Al Jada,ChIJYcoAMNNfXz4RhygkXYRIdZk,25.3192096,55.4799114,ChIJNRKy4MVfXz4ROisVR8S9AOs,Al Shamaa Al Thahabiah Ladies Salon,DIRECT,4.2212,5.0,Google Places API (New),2026-09-02T15:35:56+00:00
50,Al Jada,ChIJYcoAMNNfXz4RhygkXYRIdZk,25.3192096,55.4799114,ChIJ-x70m8hfXz4RJp4k9nabaZ4,"Al badr Al Jameel hairdressing Salon Sharjah Haircut, Massage, Pedicure",DIRECT,4.2578,5.0,Google Places API (New),2026-09-02T15:35:56+00:00
50,Al Jada,ChIJYcoAMNNfXz4RhygkXYRIdZk,25.3192096,55.4799114,ChIJQYAIdw5fXz4RsBCXNvyRoCs,Shuaa Al Shams Hairdressing Salon Sharjah Mouhailah,DIRECT,4.2645,5.0,Google Places API (New),2026-09-02T15:35:56+00:00
50,Al Jada,ChIJYcoAMNNfXz4RhygkXYRIdZk,25.3192096,55.4799114,ChIJqc5lqOJeXz4R6okjSKMM44U,Musharif Hairdressing Saloon,DIRECT,4.2741,5.0,Google Places API (New),2026-09-02T15:35:56+00:00
50,Al Jada,ChIJYcoAMNNfXz4RhygkXYRIdZk,25.3192096,55.4799114,ChIJX8dksxlfXz4R1e1sT07AKUI,Elegant Style Ladies Beauty Salon by NIMI,DIRECT,4.2801,5.0,Google Places API (New),2026-09-02T15:35:56+00:00
50,Al Jada,ChIJYcoAMNNfXz4RhygkXYRIdZk,25.3192096,55.4799114,ChIJW3M6-rBZXz4Rn6diDXflPtI,Al Farasha Al Muneera Ladies Saloon,DIRECT,4.3154,5.0,Google Places API (New),2026-09-02T15:35:56+00:00
50,Al Jada,ChIJYcoAMNNfXz4RhygkXYRIdZk,25.3192096,55.4799114,ChIJs-a4h35fXz4Ri-8E6MA4Vlw,AIN AL KHAT HAIRDRESSING SALOON,DIRECT,4.3335,5.0,Google Places API (New),2026-09-02T15:35:56+00:00
50,Al Jada,ChIJYcoAMNNfXz4RhygkXYRIdZk,25.3192096,55.4799114,ChIJj7Jm3t6b9T4RO1TlKMMHK8M,Feelings beauty salon,DIRECT,4.3701,5.0,Google Places API (New),2026-09-02T15:35:56+00:00
50,Al Jada,ChIJYcoAMNNfXz4RhygkXYRIdZk,25.3192096,55.4799114,ChIJxZWfPCFZXz4RrR7kgogRbRs,Afrina Beauty Henna & Training Center Al Khezamia,DIRECT,4.3779,5.0,Google Places API (New),2026-09-02T15:35:56+00:00
50,Al Jada,ChIJYcoAMNNfXz4RhygkXYRIdZk,25.3192096,55.4799114,ChIJmZXOS-FeXz4Rz2UAf-wp9og,Al Yaseen Hairdressing Saloon,DIRECT,4.3854,5.0,Google Places API (New),2026-09-02T15:35:56+00:00
50,Al Jada,ChIJYcoAMNNfXz4RhygkXYRIdZk,25.3192096,55.4799114,ChIJ_QLwmKNfXz4RjCgcb8GCpjw,Al zumrud thahabi hairdressing salon,DIRECT,4.4,5.0,Google Places API (New),2026-09-02T15:35:56+00:00
50,Al Jada,ChIJYcoAMNNfXz4RhygkXYRIdZk,25.3192096,55.4799114,ChIJxVQXTP1eXz4R3cutwVG9DQk,Athar Al Yasmeen Hairdressing Saloon,DIRECT,4.4163,5.0,Google Places API (New),2026-09-02T15:35:56+00:00
50,Al Jada,ChIJYcoAMNNfXz4RhygkXYRIdZk,25.3192096,55.4799114,ChIJzSVJf9ZbXz4RASSqerM0e5Q,Saba Beauty Salon,DIRECT,4.4873,5.0,Google Places API (New),2026-09-02T15:35:56+00:00
50,Al Jada,ChIJYcoAMNNfXz4RhygkXYRIdZk,25.3192096,55.4799114,ChIJG1_3OwD19T4RAvZ6eS3sQxw,ميلس يوسف حسن,DIRECT,4.4886,5.0,Google Places API (New),2026-09-02T15:35:56+00:00
50,Al Jada,ChIJYcoAMNNfXz4RhygkXYRIdZk,25.3192096,55.4799114,ChIJE5wiehRfXz4RUOEscbo2EeY,SAYEDA AL FAAN LADIES SALOON,DIRECT,4.5107,5.0,Google Places API (New),2026-09-02T15:35:56+00:00
50,Al Jada,ChIJYcoAMNNfXz4RhygkXYRIdZk,25.3192096,55.4799114,ChIJRVW3wNpfXz4RBS0sxeihDHw,Rukn Al Ihtiraf Hairdressing Salon,DIRECT,4.515,5.0,Google Places API (New),2026-09-02T15:35:56+00:00
50,Al Jada,ChIJYcoAMNNfXz4RhygkXYRIdZk,25.3192096,55.4799114,ChIJI_nL7uhfXz4RwO5Ll855id4,Golden Mask Hairdressing Salon,DIRECT,4.5168,5.0,Google Places API (New),2026-09-02T15:35:56+00:00
50,Al Jada,ChIJYcoAMNNfXz4RhygkXYRIdZk,25.3192096,55.4799114,ChIJ4-AW0a9fXz4RCEyiveR4XNQ,Al Duha Salon,DIRECT,4.5238,5.0,Google Places API (New),2026-09-02T15:35:56+00:00
50,Al Jada,ChIJYcoAMNNfXz4RhygkXYRIdZk,25.3192096,55.4799114,ChIJ39ts4aJfXz4RLvBpILB1RJY,Bride & Beauty Ladies Salon,DIRECT,4.5497,5.0,Google Places API (New),2026-09-02T15:35:56+00:00
50,Al Jada,ChIJYcoAMNNfXz4RhygkXYRIdZk,25.3192096,55.4799114,ChIJY5yY3ABfXz4RTrXMjns12uQ,Jumairah Al Jadeed Ladies Saloon,DIRECT,4.5817,5.0,Google Places API (New),2026-09-02T15:35:56+00:00
50,Al Jada,ChIJYcoAMNNfXz4RhygkXYRIdZk,25.3192096,55.4799114,ChIJBd3hzeJXfyMRta-fcmfoNuI,Royal Art Beauty Center,DIRECT,4.6107,5.0,Google Places API (New),2026-09-02T15:35:56+00:00
50,Al Jada,ChIJYcoAMNNfXz4RhygkXYRIdZk,25.3192096,55.4799114,ChIJ_a_D5QBfXz4R9C41Iv-KujM,Salooon,DIRECT,4.6118,5.0,Google Places API (New),2026-09-02T15:35:56+00:00
50,Al Jada,ChIJYcoAMNNfXz4RhygkXYRIdZk,25.3192096,55.4799114,ChIJyZLa-MNZXz4RuY4N3AHUYVs,Clove Beauty Center,DIRECT,4.6241,5.0,Google Places API (New),2026-09-02T15:35:56+00:00
50,Al Jada,ChIJYcoAMNNfXz4RhygkXYRIdZk,25.3192096,55.4799114,ChIJuzCH_qlfXz4RZh8WQHgLwd8,Rawaat Al Jamal Sharjah,DIRECT,4.6329,5.0,Google Places API (New),2026-09-02T15:35:56+00:00
50,Al Jada,ChIJYcoAMNNfXz4RhygkXYRIdZk,25.3192096,55.4799114,ChIJm7iVyrMlRqURIp9-0RjFOKc,Red Moon Beauty Center,DIRECT,4.6341,5.0,Google Places API (New),2026-09-02T15:35:56+00:00
50,Al Jada,ChIJYcoAMNNfXz4RhygkXYRIdZk,25.3192096,55.4799114,ChIJ1yByaqdfXz4RHhgEkUvYCZQ,Shams Muwaileh Beauty Center,DIRECT,4.6358,5.0,Google Places API (New),2026-09-02T15:35:56+00:00
50,Al Jada,ChIJYcoAMNNfXz4RhygkXYRIdZk,25.3192096,55.4799114,ChIJEz8KWKD552IR_ZSDLvRqyNU,Grace Beauty At Home Service Salon,DIRECT,4.6393,5.0,Google Places API (New),2026-09-02T15:35:56+00:00
50,Al Jada,ChIJYcoAMNNfXz4RhygkXYRIdZk,25.3192096,55.4799114,ChIJiTrU8QFfXz4RVa4ECRrlLmw,JESR AL LAYAH SALOON,DIRECT,4.6402,5.0,Google Places API (New),2026-09-02T15:35:56+00:00
50,Al Jada,ChIJYcoAMNNfXz4RhygkXYRIdZk,25.3192096,55.4799114,ChIJL5t8N-hfXz4RYzLtf_32rM8,Golden Tulip Beauty Salon,DIRECT,4.6417,5.0,Google Places API (New),2026-09-02T15:35:56+00:00
50,Al Jada,ChIJYcoAMNNfXz4RhygkXYRIdZk,25.3192096,55.4799114,ChIJjQZufONeXz4R8OsmQMDIssc,Rawaiee Beauty Salon,DIRECT,4.6487,5.0,Google Places API (New),2026-09-02T15:35:56+00:00
50,Al Jada,ChIJYcoAMNNfXz4RhygkXYRIdZk,25.3192096,55.4799114,ChIJoZpADgBfXz4RuK8NGjJJApc,Rukn Al Darari Saloon,DIRECT,4.6579,5.0,Google Places API (New),2026-09-02T15:35:56+00:00
50,Al Jada,ChIJYcoAMNNfXz4RhygkXYRIdZk,25.3192096,55.4799114,ChIJGQ0tODJZXz4Rl_nrk7UzIpI,Al Ismailia Hair Dressing Saloon,DIRECT,4.6711,5.0,Google Places API (New),2026-09-02T15:35:56+00:00
50,Al Jada,ChIJYcoAMNNfXz4RhygkXYRIdZk,25.3192096,55.4799114,ChIJ32l3BP1eXz4RJng1U7EQqxc,Bab Al Manakh Hauirdressing Saloon,DIRECT,4.6886,5.0,Google Places API (New),2026-09-02T15:35:56+00:00
50,Al Jada,ChIJYcoAMNNfXz4RhygkXYRIdZk,25.3192096,55.4799114,ChIJf2rzvRhfXz4RzvR4GqMP9Hs,Tiaska Beauty Lounge (Shj.Branch),DIRECT,4.7027,5.0,Google Places API (New),2026-09-02T15:35:56+00:00
50,Al Jada,ChIJYcoAMNNfXz4RhygkXYRIdZk,25.3192096,55.4799114,ChIJ3XD7sFBfXz4RVIb-B8rfjWA,Al Mufadhal Hairdressing Saloon,DIRECT,4.7122,5.0,Google Places API (New),2026-09-02T15:35:56+00:00
50,Al Jada,ChIJYcoAMNNfXz4RhygkXYRIdZk,25.3192096,55.4799114,ChIJgbrxgIFfXz4RZanF2b-OebA,Al Raheath Ladies Salon,DIRECT,4.7182,5.0,Google Places API (New),2026-09-02T15:35:56+00:00
50,Al Jada,ChIJYcoAMNNfXz4RhygkXYRIdZk,25.3192096,55.4799114,ChIJ9Y-o93NfXz4Rm2DWuSR9SQQ,RAEHAT AL WARD LADIES SALON,DIRECT,4.7189,5.0,Google Places API (New),2026-09-02T15:35:56+00:00
50,Al Jada,ChIJYcoAMNNfXz4RhygkXYRIdZk,25.3192096,55.4799114,ChIJ8-KshT5fXz4RFvqgzFfqjeI,Najmat al sabha ladies saloon,DIRECT,4.7213,5.0,Google Places API (New),2026-09-02T15:35:56+00:00
50,Al Jada,ChIJYcoAMNNfXz4RhygkXYRIdZk,25.3192096,55.4799114,ChIJL4sJdvtfXz4RMsvZXencQ0U,ADHWA ZABEEL HAIRDESSING SALON,DIRECT,4.73,5.0,Google Places API (New),2026-09-02T15:35:56+00:00
50,Al Jada,ChIJYcoAMNNfXz4RhygkXYRIdZk,25.3192096,55.4799114,ChIJgXjaAONfXz4REdCrSVyL-xg,صالون العصر الحديث للسيدات,DIRECT,4.7327,5.0,Google Places API (New),2026-09-02T15:35:56+00:00
50,Al Jada,ChIJYcoAMNNfXz4RhygkXYRIdZk,25.3192096,55.4799114,ChIJlwqgEzJfXz4RR6emFcENWZM,Show off ladies saloon,DIRECT,4.7504,5.0,Google Places API (New),2026-09-02T15:35:56+00:00
50,Al Jada,ChIJYcoAMNNfXz4RhygkXYRIdZk,25.3192096,55.4799114,ChIJCfMbbW9fXz4RveIw7fKrTCc,Nabeesa Abdul Wahab Beauty Center ( Ladies Salon ),DIRECT,4.7606,5.0,Google Places API (New),2026-09-02T15:35:56+00:00
50,Al Jada,ChIJYcoAMNNfXz4RhygkXYRIdZk,25.3192096,55.4799114,ChIJSz5imk1fXz4RzGkXLDuEm8E,** SPA OLYMPIA ** سبا اولمبيا **,ADJACENT,4.7742,5.0,Google Places API (New),2026-09-02T15:35:56+00:00
50,Al Jada,ChIJYcoAMNNfXz4RhygkXYRIdZk,25.3192096,55.4799114,ChIJmbGG9mhfXz4RsF6TvXHGj8w,Noor Al Jamal Ladies Salon,DIRECT,4.7887,5.0,Google Places API (New),2026-09-02T15:35:56+00:00
50,Al Jada,ChIJYcoAMNNfXz4RhygkXYRIdZk,25.3192096,55.4799114,ChIJQ1jzTu319T4RslXJOrTSANg,صالون انطاليا القرائن,DIRECT,4.8059,5.0,Google Places API (New),2026-09-02T15:35:56+00:00
50,Al Jada,ChIJYcoAMNNfXz4RhygkXYRIdZk,25.3192096,55.4799114,ChIJ68UI4x1ZXz4RfrZX0vLwTe0,Tharwa ladies saloon,DIRECT,4.8374,5.0,Google Places API (New),2026-09-02T15:35:56+00:00
50,Al Jada,ChIJYcoAMNNfXz4RhygkXYRIdZk,25.3192096,55.4799114,ChIJl3DPcKj19T4Rg2K5JVhf7ck,Mosaic Nail & Beauty Spa - Al Qarayen,DIRECT,4.8459,5.0,Google Places API (New),2026-09-02T15:35:56+00:00
50,Al Jada,ChIJYcoAMNNfXz4RhygkXYRIdZk,25.3192096,55.4799114,ChIJV3Cg85tYXz4RAp6I-Cd4HMs,Al Banoosh Hair Cutting,DIRECT,4.8661,5.0,Google Places API (New),2026-09-02T15:35:56+00:00
50,Al Jada,ChIJYcoAMNNfXz4RhygkXYRIdZk,25.3192096,55.4799114,ChIJNxucuvv39T4RY5NdfQIytkE,Al Maghrbi Beauty Center مركز المغربي للتجميل,DIRECT,4.9837,5.0,Google Places API (New),2026-09-02T15:35:56+00:00
50,Al Jada,ChIJYcoAMNNfXz4RhygkXYRIdZk,25.3192096,55.4799114,ChIJ5z7QNuRYXz4RfwEqF0YOBNY,Altalah beauty& SPA centre,DIRECT,4.9923,5.0,Google Places API (New),2026-09-02T15:35:56+00:00
50,Al Jada,ChIJYcoAMNNfXz4RhygkXYRIdZk,25.3192096,55.4799114,ChIJq7Dq9v5ZXz4RQ4IhL0h77o0,مركز التاله للتجميل,DIRECT,4.9977,5.0,Google Places API (New),2026-09-02T15:35:56+00:00
45,Al Maqta,ChIJIcgTO9ZDXj4RbWXJ_yrpjuM,24.4130516,54.4929556,ChIJgx44ZABDXj4RkgCdpaXGonE,Massage Home Relax Pure,ADJACENT,0.0223,5.0,Google Places API (New),2026-09-02T15:35:56+00:00
45,Al Maqta,ChIJIcgTO9ZDXj4RbWXJ_yrpjuM,24.4130516,54.4929556,ChIJ1Rym03lDXj4Ry8HrwL3DgZQ,The Fix Beauty Lounge,DIRECT,0.0319,5.0,Google Places API (New),2026-09-02T15:35:56+00:00
45,Al Maqta,ChIJIcgTO9ZDXj4RbWXJ_yrpjuM,24.4130516,54.4929556,ChIJr7gou4ZDXj4RTzGdtTGJ_8Q,Massage Thaithai Luxury vip1,ADJACENT,0.1679,5.0,Google Places API (New),2026-09-02T15:35:56+00:00
45,Al Maqta,ChIJIcgTO9ZDXj4RbWXJ_yrpjuM,24.4130516,54.4929556,ChIJJWZLbeY3XagRkR-zsyLkmqg,HD Layer Spa Clinic and Massage Serenity,DIRECT,0.1937,5.0,Google Places API (New),2026-09-02T15:35:56+00:00
45,Al Maqta,ChIJIcgTO9ZDXj4RbWXJ_yrpjuM,24.4130516,54.4929556,ChIJt78xX05DXj4RpXeSo0eeM9c,De Bene Esse European Spa & Massage,ADJACENT,0.209,5.0,Google Places API (New),2026-09-02T15:35:56+00:00
45,Al Maqta,ChIJIcgTO9ZDXj4RbWXJ_yrpjuM,24.4130516,54.4929556,ChIJw2ikwxRDXj4RT2zkIXPGqlM,Massage PvD European Chips,DIRECT,0.2282,5.0,Google Places API (New),2026-09-02T15:35:56+00:00
45,Al Maqta,ChIJIcgTO9ZDXj4RbWXJ_yrpjuM,24.4130516,54.4929556,ChIJkcDxN0gS0YkRW1e2WQQScNA,Home Massage Wellness Paradise Georgia,ADJACENT,0.2835,5.0,Google Places API (New),2026-09-02T15:35:56+00:00
45,Al Maqta,ChIJIcgTO9ZDXj4RbWXJ_yrpjuM,24.4130516,54.4929556,ChIJWQSREl1DXj4RT1eCziWKAts,FIARMNT RBLOWDRY HAIR SALON,DIRECT,0.3064,5.0,Google Places API (New),2026-09-02T15:35:56+00:00
45,Al Maqta,ChIJIcgTO9ZDXj4RbWXJ_yrpjuM,24.4130516,54.4929556,ChIJgYqGPNpDXj4Rav-aSMuS46Q,Fairmont Health Club & Beach Club,ADJACENT,0.3429,5.0,Google Places API (New),2026-09-02T15:35:56+00:00
45,Al Maqta,ChIJIcgTO9ZDXj4RbWXJ_yrpjuM,24.4130516,54.4929556,ChIJ922ZwNhHXj4RWAn_0icDknM,Massage Sun Professional Full Services,ADJACENT,0.3481,5.0,Google Places API (New),2026-09-02T15:35:56+00:00
45,Al Maqta,ChIJIcgTO9ZDXj4RbWXJ_yrpjuM,24.4130516,54.4929556,ChIJIWprIQBDXj4RZpjPF20zG0k,Taiwan Massage VIP - Majestic Care,DIRECT,0.412,5.0,Google Places API (New),2026-09-02T15:35:56+00:00
45,Al Maqta,ChIJIcgTO9ZDXj4RbWXJ_yrpjuM,24.4130516,54.4929556,ChIJTR4Oeh9BXj4Re7dvWUQckQQ,Aroma Ocean Spa Best Massage in Abudhabi & Home Service,ADJACENT,0.4969,5.0,Google Places API (New),2026-09-02T15:35:56+00:00
45,Al Maqta,ChIJIcgTO9ZDXj4RbWXJ_yrpjuM,24.4130516,54.4929556,ChIJNaSYXthDXj4RprtgcxKvnds,nails the modern manicure studio - Souk - Qaryat Al Beri branch,DIRECT,0.502,5.0,Google Places API (New),2026-09-02T15:35:56+00:00
45,Al Maqta,ChIJIcgTO9ZDXj4RbWXJ_yrpjuM,24.4130516,54.4929556,ChIJ2bVES9BDXj4R1GQbwTs4s7U,Hair Factory ladies beauty salon Abudhabi,DIRECT,0.5492,5.0,Google Places API (New),2026-09-02T15:35:56+00:00
45,Al Maqta,ChIJIcgTO9ZDXj4RbWXJ_yrpjuM,24.4130516,54.4929556,ChIJVRSDeNhDXj4RVnxlw3kuMdg,"Chi, The Spa at Shangri-La",ADJACENT,0.5766,5.0,Google Places API (New),2026-09-02T15:35:56+00:00
45,Al Maqta,ChIJIcgTO9ZDXj4RbWXJ_yrpjuM,24.4130516,54.4929556,ChIJw-9nPwBBXj4RaytrObMQ7O8,Massage Korean Luxury Relax Studio,DIRECT,0.639,5.0,Google Places API (New),2026-09-02T15:35:56+00:00
45,Al Maqta,ChIJIcgTO9ZDXj4RbWXJ_yrpjuM,24.4130516,54.4929556,ChIJPUMlkLVBXj4RkepY8QMGr08,Massage spa vodoi ping,ADJACENT,0.6396,5.0,Google Places API (New),2026-09-02T15:35:56+00:00
45,Al Maqta,ChIJIcgTO9ZDXj4RbWXJ_yrpjuM,24.4130516,54.4929556,ChIJZ38nrbZDXj4ROxX_vYH2IC0,Massage Male therapist,DIRECT,0.6525,5.0,Google Places API (New),2026-09-02T15:35:56+00:00
45,Al Maqta,ChIJIcgTO9ZDXj4RbWXJ_yrpjuM,24.4130516,54.4929556,ChIJgXI3g2JBXj4R6K9U-w5987A,Eyelash Extension Center,DIRECT,0.7186,5.0,Google Places API (New),2026-09-02T15:35:56+00:00
45,Al Maqta,ChIJIcgTO9ZDXj4RbWXJ_yrpjuM,24.4130516,54.4929556,ChIJR5sguG1DXj4R1QsghcelhSA,Tara spa,ADJACENT,0.7203,5.0,Google Places API (New),2026-09-02T15:35:56+00:00
45,Al Maqta,ChIJIcgTO9ZDXj4RbWXJ_yrpjuM,24.4130516,54.4929556,ChIJvzguviEgcgwR2E6wPG8q1-Y,HR Quinn Spa Serenity and Massage,DIRECT,0.8063,5.0,Google Places API (New),2026-09-02T15:35:56+00:00
45,Al Maqta,ChIJIcgTO9ZDXj4RbWXJ_yrpjuM,24.4130516,54.4929556,ChIJ-YKeyNZDXj4R5Net_myDZFs,Spa,ADJACENT,0.8093,5.0,Google Places API (New),2026-09-02T15:35:56+00:00
45,Al Maqta,ChIJIcgTO9ZDXj4RbWXJ_yrpjuM,24.4130516,54.4929556,ChIJU8S8DABDXj4RAe-IWI2fqcM,Massage Taiwan Vip Luxury UAE,ADJACENT,0.8244,5.0,Google Places API (New),2026-09-02T15:35:56+00:00
45,Al Maqta,ChIJIcgTO9ZDXj4RbWXJ_yrpjuM,24.4130516,54.4929556,ChIJAffmIQBBXj4RcOC8dEoIHKM,Massage Abu Dhabi Gold,ADJACENT,0.8445,5.0,Google Places API (New),2026-09-02T15:35:56+00:00
45,Al Maqta,ChIJIcgTO9ZDXj4RbWXJ_yrpjuM,24.4130516,54.4929556,ChIJeQ6WGoNBXj4RUWvWXTH93Tc,Massage Europen holiday spa zuzz,DIRECT,0.848,5.0,Google Places API (New),2026-09-02T15:35:56+00:00
45,Al Maqta,ChIJIcgTO9ZDXj4RbWXJ_yrpjuM,24.4130516,54.4929556,ChIJnexvv2BBXj4RGZ-nIdMn_Y8,Nadreen beauty and fitness centre مركز نادرين للرشاقة والتجميل,DIRECT,0.8903,5.0,Google Places API (New),2026-09-02T15:35:56+00:00
45,Al Maqta,ChIJIcgTO9ZDXj4RbWXJ_yrpjuM,24.4130516,54.4929556,ChIJ7aBvpbBBXj4Rrz5YkTw3PKA,Ushi Nail Spa Al Qana Abu Dhabi,DIRECT,1.1215,5.0,Google Places API (New),2026-09-02T15:35:56+00:00
45,Al Maqta,ChIJIcgTO9ZDXj4RbWXJ_yrpjuM,24.4130516,54.4929556,ChIJsxOxLABBXj4RFMqU6kXmf9s,The Massage Luxury Callista,ADJACENT,1.1409,5.0,Google Places API (New),2026-09-02T15:35:56+00:00
45,Al Maqta,ChIJIcgTO9ZDXj4RbWXJ_yrpjuM,24.4130516,54.4929556,ChIJscm3ux9BXj4RxCPJKklwFNA,صالون سبشيل بيرد ستايل,DIRECT,1.257,5.0,Google Places API (New),2026-09-02T15:35:56+00:00
45,Al Maqta,ChIJIcgTO9ZDXj4RbWXJ_yrpjuM,24.4130516,54.4929556,ChIJL_91dABBXj4RRXgH1tgHOSw,Haif - Massage Spa,ADJACENT,1.3715,5.0,Google Places API (New),2026-09-02T15:35:56+00:00
45,Al Maqta,ChIJIcgTO9ZDXj4RbWXJ_yrpjuM,24.4130516,54.4929556,ChIJQ6a1E1xBXj4R1p4e9YiUj7A,Fass Saloon Moroccan Bath & Hairdressing,DIRECT,1.3886,5.0,Google Places API (New),2026-09-02T15:35:56+00:00
45,Al Maqta,ChIJIcgTO9ZDXj4RbWXJ_yrpjuM,24.4130516,54.4929556,ChIJ7YcGHXJBXj4R2XGB_gU-fdU,صالون سونا بين الجسرينsona salon,DIRECT,1.4035,5.0,Google Places API (New),2026-09-02T15:35:56+00:00
45,Al Maqta,ChIJIcgTO9ZDXj4RbWXJ_yrpjuM,24.4130516,54.4929556,ChIJ60POGgBBXj4RZm8XLPPzC3U,ELIXIRA LADIES BEAUTY LOUNGE,DIRECT,1.4116,5.0,Google Places API (New),2026-09-02T15:35:56+00:00
45,Al Maqta,ChIJIcgTO9ZDXj4RbWXJ_yrpjuM,24.4130516,54.4929556,ChIJ6x3D_plBXj4R-qot1dS-WBE,Link M Ladies Beauty Center,DIRECT,1.413,5.0,Google Places API (New),2026-09-02T15:35:56+00:00
45,Al Maqta,ChIJIcgTO9ZDXj4RbWXJ_yrpjuM,24.4130516,54.4929556,ChIJq6qqqtlDXj4RnsoIVdU0CIQ,Maria alsabah,ADJACENT,1.4201,5.0,Google Places API (New),2026-09-02T15:35:56+00:00
45,Al Maqta,ChIJIcgTO9ZDXj4RbWXJ_yrpjuM,24.4130516,54.4929556,ChIJ8Uq1R1lBXj4Rb-6WJo3wDE4,Flair Ladies Beauty Center,DIRECT,1.4212,5.0,Google Places API (New),2026-09-02T15:35:56+00:00
45,Al Maqta,ChIJIcgTO9ZDXj4RbWXJ_yrpjuM,24.4130516,54.4929556,ChIJ1Smf20FBXj4RCeF_yKnRjEI,Ivy beauty and spa studio,DIRECT,1.4234,5.0,Google Places API (New),2026-09-02T15:35:56+00:00
45,Al Maqta,ChIJIcgTO9ZDXj4RbWXJ_yrpjuM,24.4130516,54.4929556,ChIJcb1OvglBXj4Rpj4qKbJJoW0,Le Beautique Spa Center,DIRECT,1.4257,5.0,Google Places API (New),2026-09-02T15:35:56+00:00
45,Al Maqta,ChIJIcgTO9ZDXj4RbWXJ_yrpjuM,24.4130516,54.4929556,ChIJzeXPk_JBXj4R3ruXrllceTM,Pace e Luce Al Qana,DIRECT,1.4367,5.0,Google Places API (New),2026-09-02T15:35:56+00:00
45,Al Maqta,ChIJIcgTO9ZDXj4RbWXJ_yrpjuM,24.4130516,54.4929556,ChIJFRhBdlJBXj4RwYy2RLGionw,Nona Colonna Ladies Salon,DIRECT,1.4388,5.0,Google Places API (New),2026-09-02T15:35:56+00:00
45,Al Maqta,ChIJIcgTO9ZDXj4RbWXJ_yrpjuM,24.4130516,54.4929556,ChIJFeF2FdpDXj4RK3fkhKO6qhw,Brandy .C. Spa,ADJACENT,1.4839,5.0,Google Places API (New),2026-09-02T15:35:56+00:00
45,Al Maqta,ChIJIcgTO9ZDXj4RbWXJ_yrpjuM,24.4130516,54.4929556,ChIJyzQrxX9BXj4R3dgagdsPj3c,SSKY Ladies Beauty Salon | Korean Salon,DIRECT,1.4863,5.0,Google Places API (New),2026-09-02T15:35:56+00:00
45,Al Maqta,ChIJIcgTO9ZDXj4RbWXJ_yrpjuM,24.4130516,54.4929556,ChIJhVzGfV5DXj4RJTBoSLzVPuE,Massage Relax Holidays Professional Harmony,ADJACENT,1.5123,5.0,Google Places API (New),2026-09-02T15:35:56+00:00
45,Al Maqta,ChIJIcgTO9ZDXj4RbWXJ_yrpjuM,24.4130516,54.4929556,ChIJfxeqQk5BXj4RA0PquO-4oMk,Furless Permanent Rabdan Mall - Abu Dhabi,DIRECT,1.5181,5.0,Google Places API (New),2026-09-02T15:35:56+00:00
45,Al Maqta,ChIJIcgTO9ZDXj4RbWXJ_yrpjuM,24.4130516,54.4929556,ChIJ73UPkVxBXj4RYyfjOtI6t_8,Papecha SPA Beauty Center,DIRECT,1.5638,5.0,Google Places API (New),2026-09-02T15:35:56+00:00
45,Al Maqta,ChIJIcgTO9ZDXj4RbWXJ_yrpjuM,24.4130516,54.4929556,ChIJE__JMcNBXj4REcdk-ayGa_4,MYSTIC BEAUTY SALON,DIRECT,1.5933,5.0,Google Places API (New),2026-09-02T15:35:56+00:00
45,Al Maqta,ChIJIcgTO9ZDXj4RbWXJ_yrpjuM,24.4130516,54.4929556,ChIJ283PSsBBXj4REO-rAvURQTo,Continental saloon,DIRECT,1.6104,5.0,Google Places API (New),2026-09-02T15:35:56+00:00
45,Al Maqta,ChIJIcgTO9ZDXj4RbWXJ_yrpjuM,24.4130516,54.4929556,ChIJc22EmKppXj4REIpupbbjOuk,Divine lounge ladies center,DIRECT,1.7594,5.0,Google Places API (New),2026-09-02T15:35:56+00:00
45,Al Maqta,ChIJIcgTO9ZDXj4RbWXJ_yrpjuM,24.4130516,54.4929556,ChIJl7_SMwBBXj4RPp45Y4qDIwc,Massage Sauna Abuvip Home Relaxing,DIRECT,2.184,5.0,Google Places API (New),2026-09-02T15:35:56+00:00
45,Al Maqta,ChIJIcgTO9ZDXj4RbWXJ_yrpjuM,24.4130516,54.4929556,ChIJcTxuQwBBXj4RPzFEJ4VnIT8,Massage Taiwan Muzoun,DIRECT,2.1997,5.0,Google Places API (New),2026-09-02T15:35:56+00:00
45,Al Maqta,ChIJIcgTO9ZDXj4RbWXJ_yrpjuM,24.4130516,54.4929556,ChIJpa6NqhNBXj4ROdCkA5hOvFU,Massage Relax Curia Lisa Enjoy,ADJACENT,2.2664,5.0,Google Places API (New),2026-09-02T15:35:56+00:00
45,Al Maqta,ChIJIcgTO9ZDXj4RbWXJ_yrpjuM,24.4130516,54.4929556,ChIJQ_Zi26BBXj4Rd3sYGNWTuCk,Abu Dhabi Massage Relax Amelia,ADJACENT,2.2871,5.0,Google Places API (New),2026-09-02T15:35:56+00:00
45,Al Maqta,ChIJIcgTO9ZDXj4RbWXJ_yrpjuM,24.4130516,54.4929556,ChIJwayUBS9DXj4Rb4ER-WdufF0,Bodylines Fitness & Spa,ADJACENT,2.2938,5.0,Google Places API (New),2026-09-02T15:35:56+00:00
45,Al Maqta,ChIJIcgTO9ZDXj4RbWXJ_yrpjuM,24.4130516,54.4929556,ChIJR_9gT15BXj4RQGBc3cOMlYU,Massage Relax Home Abudhabi Sunny,ADJACENT,2.3047,5.0,Google Places API (New),2026-09-02T15:35:56+00:00
45,Al Maqta,ChIJIcgTO9ZDXj4RbWXJ_yrpjuM,24.4130516,54.4929556,ChIJt_YVKwBDXj4RmTP-hMMns0A,Massage Taiwan Ruby Relax,ADJACENT,2.3296,5.0,Google Places API (New),2026-09-02T15:35:56+00:00
45,Al Maqta,ChIJIcgTO9ZDXj4RbWXJ_yrpjuM,24.4130516,54.4929556,ChIJdT6XNwBDXj4RZK3syYtiYqQ,Massage Amazing Home Rotana,ADJACENT,2.3522,5.0,Google Places API (New),2026-09-02T15:35:56+00:00
45,Al Maqta,ChIJIcgTO9ZDXj4RbWXJ_yrpjuM,24.4130516,54.4929556,ChIJ_1qZJtVnXj4RrGd1SsB3oUw,Massage Relax The Galleria,ADJACENT,2.3671,5.0,Google Places API (New),2026-09-02T15:35:56+00:00
45,Al Maqta,ChIJIcgTO9ZDXj4RbWXJ_yrpjuM,24.4130516,54.4929556,ChIJZT32XwBpXj4RujheJNWwdH8,Home Massage Relaxion Rose,ADJACENT,2.3699,5.0,Google Places API (New),2026-09-02T15:35:56+00:00
45,Al Maqta,ChIJIcgTO9ZDXj4RbWXJ_yrpjuM,24.4130516,54.4929556,ChIJx5hdNjFDXj4RaCf8w3PXD_w,Sia Beauty Center,DIRECT,2.3736,5.0,Google Places API (New),2026-09-02T15:35:56+00:00
45,Al Maqta,ChIJIcgTO9ZDXj4RbWXJ_yrpjuM,24.4130516,54.4929556,ChIJsUzKsMRpXj4R5NeErIHuQzE,Massage Relax Serenity Abu Dhabi,ADJACENT,2.5066,5.0,Google Places API (New),2026-09-02T15:35:56+00:00
45,Al Maqta,ChIJIcgTO9ZDXj4RbWXJ_yrpjuM,24.4130516,54.4929556,ChIJGfqJG55pXj4R7xT9SIYYmPA,Hijab Clinic,DIRECT,2.651,5.0,Google Places API (New),2026-09-02T15:35:56+00:00
45,Al Maqta,ChIJIcgTO9ZDXj4RbWXJ_yrpjuM,24.4130516,54.4929556,ChIJ98d6OJ1oXj4RGQ8-o1qspv4,Polish Nails Care and More Salon | Best Ladies Salon - Nail Spa,DIRECT,2.6602,5.0,Google Places API (New),2026-09-02T15:35:56+00:00
45,Al Maqta,ChIJIcgTO9ZDXj4RbWXJ_yrpjuM,24.4130516,54.4929556,ChIJ3_iyPrQ5Xj4RH9UwIvrtDss,blusher salon and spa,DIRECT,2.7147,5.0,Google Places API (New),2026-09-02T15:35:56+00:00
45,Al Maqta,ChIJIcgTO9ZDXj4RbWXJ_yrpjuM,24.4130516,54.4929556,ChIJpVMrRgBDXj4REuBYpE0r21Q,Massage Abudhabi Hotel Xekooo,ADJACENT,2.773,5.0,Google Places API (New),2026-09-02T15:35:56+00:00
45,Al Maqta,ChIJIcgTO9ZDXj4RbWXJ_yrpjuM,24.4130516,54.4929556,ChIJD1_g9DpCXj4RWJAagGvwxYA,PAUSE SALON & SPA,DIRECT,2.777,5.0,Google Places API (New),2026-09-02T15:35:56+00:00
45,Al Maqta,ChIJIcgTO9ZDXj4RbWXJ_yrpjuM,24.4130516,54.4929556,ChIJgzuQPwBDXj4RhuwUjQr7RLc,Golden Massage Relax Studio,ADJACENT,2.8583,5.0,Google Places API (New),2026-09-02T15:35:56+00:00
45,Al Maqta,ChIJIcgTO9ZDXj4RbWXJ_yrpjuM,24.4130516,54.4929556,ChIJ_8yhcgBDXj4RGpLR6Zpw2Yo,Massage Sense And Serenity Spa,ADJACENT,2.9186,5.0,Google Places API (New),2026-09-02T15:35:56+00:00
45,Al Maqta,ChIJIcgTO9ZDXj4RbWXJ_yrpjuM,24.4130516,54.4929556,ChIJDaOdIwBDXj4RpYUAdbFvoVw,Massage Opera Services Relax,ADJACENT,2.9666,5.0,Google Places API (New),2026-09-02T15:35:56+00:00
45,Al Maqta,ChIJIcgTO9ZDXj4RbWXJ_yrpjuM,24.4130516,54.4929556,ChIJLzU9cgBDXj4R3Vi6c5LO31E,Taiwanese Massage Aura Space,DIRECT,2.9669,5.0,Google Places API (New),2026-09-02T15:35:56+00:00
45,Al Maqta,ChIJIcgTO9ZDXj4RbWXJ_yrpjuM,24.4130516,54.4929556,ChIJs3UEXetDXj4RHt1DEeZYyhY,Mia Beauty Ladies Salon,DIRECT,2.9762,5.0,Google Places API (New),2026-09-02T15:35:56+00:00
45,Al Maqta,ChIJIcgTO9ZDXj4RbWXJ_yrpjuM,24.4130516,54.4929556,ChIJCVYPBQBDXj4RK9Hr5bvtnKk,Massage Taiwan Luxury Tunb,ADJACENT,3.0008,5.0,Google Places API (New),2026-09-02T15:35:56+00:00
45,Al Maqta,ChIJIcgTO9ZDXj4RbWXJ_yrpjuM,24.4130516,54.4929556,ChIJBYTycABDXj4RDNycJDR_hQ0,The Massage Taiwan Relaxing AB,ADJACENT,3.0609,5.0,Google Places API (New),2026-09-02T15:35:56+00:00
45,Al Maqta,ChIJIcgTO9ZDXj4RbWXJ_yrpjuM,24.4130516,54.4929556,ChIJqxRDl-RHXj4R673QfVkpEws,Massage Repucblic Abudhabi Relax,ADJACENT,3.0687,5.0,Google Places API (New),2026-09-02T15:35:56+00:00
45,Al Maqta,ChIJIcgTO9ZDXj4RbWXJ_yrpjuM,24.4130516,54.4929556,ChIJSbdHHABDXj4Rq30nMon0bKo,Massage Japan Luxury - Nippon Signature,DIRECT,3.1483,5.0,Google Places API (New),2026-09-02T15:35:56+00:00
45,Al Maqta,ChIJIcgTO9ZDXj4RbWXJ_yrpjuM,24.4130516,54.4929556,ChIJFbzk5RNDXj4R3vo4JY7we1U,Teleios Beauty Center,DIRECT,3.1553,5.0,Google Places API (New),2026-09-02T15:35:56+00:00
45,Al Maqta,ChIJIcgTO9ZDXj4RbWXJ_yrpjuM,24.4130516,54.4929556,ChIJb8PERABHXj4RqBX8ETpIz00,The Massage Relax Winner,ADJACENT,3.16,5.0,Google Places API (New),2026-09-02T15:35:56+00:00
45,Al Maqta,ChIJIcgTO9ZDXj4RbWXJ_yrpjuM,24.4130516,54.4929556,ChIJjw-oAIZBXj4RYs_ZF8S82Wc,HD Beauty Salon - Al Qana,DIRECT,3.1678,5.0,Google Places API (New),2026-09-02T15:35:56+00:00
45,Al Maqta,ChIJIcgTO9ZDXj4RbWXJ_yrpjuM,24.4130516,54.4929556,ChIJ_-H4y5h2GoARDEjx3O4SE_8,Heaven Massage Home Private,ADJACENT,3.1698,5.0,Google Places API (New),2026-09-02T15:35:56+00:00
45,Al Maqta,ChIJIcgTO9ZDXj4RbWXJ_yrpjuM,24.4130516,54.4929556,ChIJC0BEUwBBXj4RgJ_SiucGyEw,Taiwan Massage VIP - Forest Rain,DIRECT,3.1769,5.0,Google Places API (New),2026-09-02T15:35:56+00:00
45,Al Maqta,ChIJIcgTO9ZDXj4RbWXJ_yrpjuM,24.4130516,54.4929556,ChIJX-1Us9hBXj4RHm6FG0TGfO4,Niyama Spa - Novotel Abu Dhabi Gate.,ADJACENT,3.1827,5.0,Google Places API (New),2026-09-02T15:35:56+00:00
45,Al Maqta,ChIJIcgTO9ZDXj4RbWXJ_yrpjuM,24.4130516,54.4929556,ChIJtbdvUqdBXj4RuEZ9nD3VrBA,Aurdi best massage spa,ADJACENT,3.1905,5.0,Google Places API (New),2026-09-02T15:35:56+00:00
45,Al Maqta,ChIJIcgTO9ZDXj4RbWXJ_yrpjuM,24.4130516,54.4929556,ChIJEeqr-cqrX0ERM21WrfvrUVQ,By Mila Bella Beauty,DIRECT,3.3436,5.0,Google Places API (New),2026-09-02T15:35:56+00:00
45,Al Maqta,ChIJIcgTO9ZDXj4RbWXJ_yrpjuM,24.4130516,54.4929556,ChIJJT5ZErJGXj4R7VeU-kgIwzI,Gossip Day Spa,DIRECT,3.4233,5.0,Google Places API (New),2026-09-02T15:35:56+00:00
45,Al Maqta,ChIJIcgTO9ZDXj4RbWXJ_yrpjuM,24.4130516,54.4929556,ChIJsZcdI0VCXj4RcqqbomF0j6w,Sugarcoat Ladies Beauty Salon,DIRECT,3.5088,5.0,Google Places API (New),2026-09-02T15:35:56+00:00
45,Al Maqta,ChIJIcgTO9ZDXj4RbWXJ_yrpjuM,24.4130516,54.4929556,ChIJD78jm21DXj4RFJaaFlEWA9U,Elated Beauty Bar,DIRECT,3.5113,5.0,Google Places API (New),2026-09-02T15:35:56+00:00
45,Al Maqta,ChIJIcgTO9ZDXj4RbWXJ_yrpjuM,24.4130516,54.4929556,ChIJaVu-AqlGXj4Rol1jDv2oPSc,Abu Dhabi Golf Resort,ADJACENT,3.5243,5.0,Google Places API (New),2026-09-02T15:35:56+00:00
45,Al Maqta,ChIJIcgTO9ZDXj4RbWXJ_yrpjuM,24.4130516,54.4929556,ChIJJThiRQBDXj4ReHyHBI8ug-c,Bonita Beauty lounge,DIRECT,3.5436,5.0,Google Places API (New),2026-09-02T15:35:56+00:00
45,Al Maqta,ChIJIcgTO9ZDXj4RbWXJ_yrpjuM,24.4130516,54.4929556,ChIJy0gbkiRDXj4RsKUFEhYvICw,Organica by Mirrors Saloon,DIRECT,3.5671,5.0,Google Places API (New),2026-09-02T15:35:56+00:00
45,Al Maqta,ChIJIcgTO9ZDXj4RbWXJ_yrpjuM,24.4130516,54.4929556,ChIJc8nyM5ZFXj4RjbZvvDXRw4I,The Spa - Abu Dhabi Golf Resort,ADJACENT,3.6993,5.0,Google Places API (New),2026-09-02T15:35:56+00:00
45,Al Maqta,ChIJIcgTO9ZDXj4RbWXJ_yrpjuM,24.4130516,54.4929556,ChIJOxVOHQBHXj4RdUVh6hJaRq8,Massage Relax Olivia Lounge,ADJACENT,3.7132,5.0,Google Places API (New),2026-09-02T15:35:56+00:00
45,Al Maqta,ChIJIcgTO9ZDXj4RbWXJ_yrpjuM,24.4130516,54.4929556,ChIJ_yquDwBPXj4R_NWkAgRdUrY,Massage Relax Home Holidays Aura,ADJACENT,3.7345,5.0,Google Places API (New),2026-09-02T15:35:56+00:00
45,Al Maqta,ChIJIcgTO9ZDXj4RbWXJ_yrpjuM,24.4130516,54.4929556,ChIJYzjWJkNFXj4RD7r5L6dPJ3Y,Heavenly Spa,ADJACENT,3.7619,5.0,Google Places API (New),2026-09-02T15:35:56+00:00
45,Al Maqta,ChIJIcgTO9ZDXj4RbWXJ_yrpjuM,24.4130516,54.4929556,ChIJgVU2UABFXj4RrnJ9POOqlsM,Massage Korean Luxury Heaven Touch,DIRECT,3.7708,5.0,Google Places API (New),2026-09-02T15:35:56+00:00
45,Al Maqta,ChIJIcgTO9ZDXj4RbWXJ_yrpjuM,24.4130516,54.4929556,ChIJtViQHFRDXj4RlavCqK3Q1xI,Diivana Massage,ADJACENT,3.7909,5.0,Google Places API (New),2026-09-02T15:35:56+00:00
45,Al Maqta,ChIJIcgTO9ZDXj4RbWXJ_yrpjuM,24.4130516,54.4929556,ChIJuY1dHABHXj4Rj4y9O3JHKLA,Home Massage Relax And Nancy Spa,ADJACENT,3.7955,5.0,Google Places API (New),2026-09-02T15:35:56+00:00
45,Al Maqta,ChIJIcgTO9ZDXj4RbWXJ_yrpjuM,24.4130516,54.4929556,ChIJk0UrfHFDXj4R6zRoN3Bg8G4,Olivia massage spa,ADJACENT,3.8157,5.0,Google Places API (New),2026-09-02T15:35:56+00:00
45,Al Maqta,ChIJIcgTO9ZDXj4RbWXJ_yrpjuM,24.4130516,54.4929556,ChIJgYXJnGVDXj4Rpsp_KC9cIIY,MERAG SPA,ADJACENT,3.8234,5.0,Google Places API (New),2026-09-02T15:35:56+00:00
45,Al Maqta,ChIJIcgTO9ZDXj4RbWXJ_yrpjuM,24.4130516,54.4929556,ChIJBUAM_NhDXj4RRkVDWdeQrAQ,ReLook Ladies Salon,DIRECT,3.8272,5.0,Google Places API (New),2026-09-02T15:35:56+00:00
45,Al Maqta,ChIJIcgTO9ZDXj4RbWXJ_yrpjuM,24.4130516,54.4929556,ChIJbzaVH0xFXj4R4sopMv_a0Ts,Samreen Beauty Saloon,DIRECT,3.9648,5.0,Google Places API (New),2026-09-02T15:35:56+00:00
45,Al Maqta,ChIJIcgTO9ZDXj4RbWXJ_yrpjuM,24.4130516,54.4929556,ChIJEfuAJwBHXj4RldvhWw20cww,Massage Sense And Serenity Hotel Spa,ADJACENT,3.9742,5.0,Google Places API (New),2026-09-02T15:35:56+00:00
45,Al Maqta,ChIJIcgTO9ZDXj4RbWXJ_yrpjuM,24.4130516,54.4929556,ChIJx2i_bABFXj4Rb8x68sEZuJA,Massage Taiwan Relax Vip Menn,ADJACENT,3.9943,5.0,Google Places API (New),2026-09-02T15:35:56+00:00
45,Al Maqta,ChIJIcgTO9ZDXj4RbWXJ_yrpjuM,24.4130516,54.4929556,ChIJ2xHlQA1BXj4RJQNcmkvEqQ0,صالون تجميل,DIRECT,4.0998,5.0,Google Places API (New),2026-09-02T15:35:56+00:00
45,Al Maqta,ChIJIcgTO9ZDXj4RbWXJ_yrpjuM,24.4130516,54.4929556,ChIJlQ9T01pBXj4RMUpF_aDza6U,Massage center,ADJACENT,4.1277,5.0,Google Places API (New),2026-09-02T15:35:56+00:00
45,Al Maqta,ChIJIcgTO9ZDXj4RbWXJ_yrpjuM,24.4130516,54.4929556,ChIJUwh_7hJBXj4RT9ne8taJJjY,Style Star Salon & Spa (Branch),DIRECT,4.1538,5.0,Google Places API (New),2026-09-02T15:35:56+00:00
45,Al Maqta,ChIJIcgTO9ZDXj4RbWXJ_yrpjuM,24.4130516,54.4929556,ChIJTez5vSV_Sy8R0QLz_EVPU-Q,Aurora Massage - Home Massage FunBody Service,ADJACENT,4.192,5.0,Google Places API (New),2026-09-02T15:35:56+00:00
45,Al Maqta,ChIJIcgTO9ZDXj4RbWXJ_yrpjuM,24.4130516,54.4929556,ChIJDTZ_6QRBXj4RofJUIxh5qKc,Massage Russia Relax Spa VIP,ADJACENT,4.2049,5.0,Google Places API (New),2026-09-02T15:35:56+00:00
45,Al Maqta,ChIJIcgTO9ZDXj4RbWXJ_yrpjuM,24.4130516,54.4929556,ChIJi8z-5G1DXj4RtoRCjfegJT4,Serene Spa Massage,ADJACENT,4.2074,5.0,Google Places API (New),2026-09-02T15:35:56+00:00
45,Al Maqta,ChIJIcgTO9ZDXj4RbWXJ_yrpjuM,24.4130516,54.4929556,ChIJV4F6t4VHXj4RFM9DyQdTykQ,Luce E Luna Beauty Lounge Al Rayyana,DIRECT,4.381,5.0,Google Places API (New),2026-09-02T15:35:56+00:00
45,Al Maqta,ChIJIcgTO9ZDXj4RbWXJ_yrpjuM,24.4130516,54.4929556,ChIJHVEMxaRGXj4R85sXAIZsZxA,Nails & Beyond Beauty Lounge,DIRECT,4.3829,5.0,Google Places API (New),2026-09-02T15:35:56+00:00
45,Al Maqta,ChIJIcgTO9ZDXj4RbWXJ_yrpjuM,24.4130516,54.4929556,ChIJOXLHumpBXj4RqIcIGA0g6nI,Massage Relax Home Abudhabi Well,ADJACENT,4.383,5.0,Google Places API (New),2026-09-02T15:35:56+00:00
45,Al Maqta,ChIJIcgTO9ZDXj4RbWXJ_yrpjuM,24.4130516,54.4929556,ChIJHeslLLBHXj4R2k220ct8BWA,Boho Salon,DIRECT,4.3987,5.0,Google Places API (New),2026-09-02T15:35:56+00:00
45,Al Maqta,ChIJIcgTO9ZDXj4RbWXJ_yrpjuM,24.4130516,54.4929556,ChIJF4nttypHXj4ReoHb9BO-Ifg,Crown Spa,ADJACENT,4.402,5.0,Google Places API (New),2026-09-02T15:35:56+00:00
45,Al Maqta,ChIJIcgTO9ZDXj4RbWXJ_yrpjuM,24.4130516,54.4929556,ChIJ_7VnoLNBXj4RAjn-nwWg6Ek,Spring Time Saloon,DIRECT,4.4089,5.0,Google Places API (New),2026-09-02T15:35:56+00:00
45,Al Maqta,ChIJIcgTO9ZDXj4RbWXJ_yrpjuM,24.4130516,54.4929556,ChIJMSPAaYFlXj4Ruu3zlL1_kDM,Yaz ladies salon,DIRECT,4.4591,5.0,Google Places API (New),2026-09-02T15:35:56+00:00
45,Al Maqta,ChIJIcgTO9ZDXj4RbWXJ_yrpjuM,24.4130516,54.4929556,ChIJHy1lWABBXj4RhkWLDS_hlPw,Massage Relax True Perfec,ADJACENT,4.463,5.0,Google Places API (New),2026-09-02T15:35:56+00:00
45,Al Maqta,ChIJIcgTO9ZDXj4RbWXJ_yrpjuM,24.4130516,54.4929556,ChIJV-fwFABDXj4R4GLh2qIid8c,Taiwanese Massage Urban Escape,DIRECT,4.482,5.0,Google Places API (New),2026-09-02T15:35:56+00:00
45,Al Maqta,ChIJIcgTO9ZDXj4RbWXJ_yrpjuM,24.4130516,54.4929556,ChIJc4CzqmBCXj4RQT4BHbkDdaU,Bellacure Nails,DIRECT,4.4957,5.0,Google Places API (New),2026-09-02T15:35:56+00:00
45,Al Maqta,ChIJIcgTO9ZDXj4RbWXJ_yrpjuM,24.4130516,54.4929556,ChIJs5L5tmBCXj4R_YzDA_PrLr0,Her Bar Ladies Salon,DIRECT,4.5035,5.0,Google Places API (New),2026-09-02T15:35:56+00:00
45,Al Maqta,ChIJIcgTO9ZDXj4RbWXJ_yrpjuM,24.4130516,54.4929556,ChIJhdQYIydBXj4RqWi2HUxr2Ok,Get fresh saloon,DIRECT,4.6334,5.0,Google Places API (New),2026-09-02T15:35:56+00:00
45,Al Maqta,ChIJIcgTO9ZDXj4RbWXJ_yrpjuM,24.4130516,54.4929556,ChIJOXCASgBBXj4ReiTJQeiDRD8,Abu Dhabi Mustafa M2,DIRECT,4.6756,5.0,Google Places API (New),2026-09-02T15:35:56+00:00
45,Al Maqta,ChIJIcgTO9ZDXj4RbWXJ_yrpjuM,24.4130516,54.4929556,ChIJoxRqn4RCXj4RxVvskPy8rKw,Beautyspot Salon Al Seef Village,DIRECT,4.6772,5.0,Google Places API (New),2026-09-02T15:35:56+00:00
45,Al Maqta,ChIJIcgTO9ZDXj4RbWXJ_yrpjuM,24.4130516,54.4929556,ChIJBY9muG5DXj4RV-rTK3YN8mc,Salon Al Shafra Al Masiya,DIRECT,4.697,5.0,Google Places API (New),2026-09-02T15:35:56+00:00
45,Al Maqta,ChIJIcgTO9ZDXj4RbWXJ_yrpjuM,24.4130516,54.4929556,ChIJ4ejZDipBXj4R3GVunP6Qwo0,Super fine SALON,DIRECT,4.7008,5.0,Google Places API (New),2026-09-02T15:35:56+00:00
45,Al Maqta,ChIJIcgTO9ZDXj4RbWXJ_yrpjuM,24.4130516,54.4929556,ChIJHQIJeWNBXj4RDpMsSvqlDqI,Saloon M16,DIRECT,4.7171,5.0,Google Places API (New),2026-09-02T15:35:56+00:00
45,Al Maqta,ChIJIcgTO9ZDXj4RbWXJ_yrpjuM,24.4130516,54.4929556,ChIJRQIxgKZpXj4RyQSld2lVgkk,Massage Relax Holidays Professional Oasis,ADJACENT,4.7208,5.0,Google Places API (New),2026-09-02T15:35:56+00:00
45,Al Maqta,ChIJIcgTO9ZDXj4RbWXJ_yrpjuM,24.4130516,54.4929556,ChIJgSu-zBxBXj4Rz8Jg9k1AQK8,Al Zayani Saloon,DIRECT,4.7291,5.0,Google Places API (New),2026-09-02T15:35:56+00:00
45,Al Maqta,ChIJIcgTO9ZDXj4RbWXJ_yrpjuM,24.4130516,54.4929556,ChIJyS7OpFlAXj4RcGTdHxmWan4,Arabian Pools,ADJACENT,4.7347,5.0,Google Places API (New),2026-09-02T15:35:56+00:00
45,Al Maqta,ChIJIcgTO9ZDXj4RbWXJ_yrpjuM,24.4130516,54.4929556,ChIJwTfCb19BXj4Rjav9VmrFmWo,Hearcols gens saloon,DIRECT,4.793,5.0,Google Places API (New),2026-09-02T15:35:56+00:00
45,Al Maqta,ChIJIcgTO9ZDXj4RbWXJ_yrpjuM,24.4130516,54.4929556,ChIJt8i1c6JDXj4RZT68OZOeZA8,Calla Beauty Salon,DIRECT,4.9334,5.0,Google Places API (New),2026-09-02T15:35:56+00:00
51,Al Taif Mall,ChIJ0ePl4Sz59D4RPDea70PHVSs,25.1202606,56.3253503,ChIJc9EQmxD59D4Rcwsk38AoKtw,Mustafa beauty,DIRECT,0.0222,5.0,Google Places API (New),2026-09-02T15:35:56+00:00
51,Al Taif Mall,ChIJ0ePl4Sz59D4RPDea70PHVSs,25.1202606,56.3253503,ChIJVfpdlgj59D4RVVR6CUwFKpM,DoubleTree by Hilton Fujairah City,ADJACENT,0.026,5.0,Google Places API (New),2026-09-02T15:35:56+00:00
51,Al Taif Mall,ChIJ0ePl4Sz59D4RPDea70PHVSs,25.1202606,56.3253503,ChIJ7VTqi0359D4R2_AEsdpK-aE,Katerina Spa,ADJACENT,0.0295,5.0,Google Places API (New),2026-09-02T15:35:56+00:00
51,Al Taif Mall,ChIJ0ePl4Sz59D4RPDea70PHVSs,25.1202606,56.3253503,ChIJq488GgD59D4REZzD3jKoQIc,Ozone Spa & Massage,ADJACENT,0.0416,5.0,Google Places API (New),2026-09-02T15:35:56+00:00
51,Al Taif Mall,ChIJ0ePl4Sz59D4RPDea70PHVSs,25.1202606,56.3253503,ChIJI_nn_cn59D4RuLhSDBG0Z6k,REVLON Hair,DIRECT,0.1131,5.0,Google Places API (New),2026-09-02T15:35:56+00:00
51,Al Taif Mall,ChIJ0ePl4Sz59D4RPDea70PHVSs,25.1202606,56.3253503,ChIJIeJVLtz59D4RHrOhPQ9JV_M,SHATHA BEAUTY & SPA salon,DIRECT,0.1715,5.0,Google Places API (New),2026-09-02T15:35:56+00:00
51,Al Taif Mall,ChIJ0ePl4Sz59D4RPDea70PHVSs,25.1202606,56.3253503,ChIJHTuYaCL59D4RbThcPbv9atk,Eva massage spa,ADJACENT,0.2487,5.0,Google Places API (New),2026-09-02T15:35:56+00:00
51,Al Taif Mall,ChIJ0ePl4Sz59D4RPDea70PHVSs,25.1202606,56.3253503,ChIJgY3UuVP59D4RWvJpHRBeqBs,Pure Diamond European Spa,ADJACENT,0.2566,5.0,Google Places API (New),2026-09-02T15:35:56+00:00
51,Al Taif Mall,ChIJ0ePl4Sz59D4RPDea70PHVSs,25.1202606,56.3253503,ChIJCXmzTZD59D4RRKy-4elTz3Q,Trends Salon (City Tower Hotel),DIRECT,0.2616,5.0,Google Places API (New),2026-09-02T15:35:56+00:00
51,Al Taif Mall,ChIJ0ePl4Sz59D4RPDea70PHVSs,25.1202606,56.3253503,ChIJnWKE06n59D4RKB1QOjNW6mI,Vip exclusive happy massage spa and services,ADJACENT,0.2638,5.0,Google Places API (New),2026-09-02T15:35:56+00:00
51,Al Taif Mall,ChIJ0ePl4Sz59D4RPDea70PHVSs,25.1202606,56.3253503,ChIJhaaREJL49D4RTKYQJmuQJAI,Dar Lama Fashion & Beauty Salon,DIRECT,0.2661,5.0,Google Places API (New),2026-09-02T15:35:56+00:00
51,Al Taif Mall,ChIJ0ePl4Sz59D4RPDea70PHVSs,25.1202606,56.3253503,ChIJE8-xDpL49D4RIh42onGoOIQ,Health Club & Spa,ADJACENT,0.2668,5.0,Google Places API (New),2026-09-02T15:35:56+00:00
51,Al Taif Mall,ChIJ0ePl4Sz59D4RPDea70PHVSs,25.1202606,56.3253503,ChIJ1cezDpL49D4RHBXwfFyRLWQ,Marimar Ladies Saloon,DIRECT,0.2686,5.0,Google Places API (New),2026-09-02T15:35:56+00:00
51,Al Taif Mall,ChIJ0ePl4Sz59D4RPDea70PHVSs,25.1202606,56.3253503,ChIJ36ch5KP59D4RplSmOmPDCi0,Sun Flower VIP Spa Massage Fujairah,ADJACENT,0.2792,5.0,Google Places API (New),2026-09-02T15:35:56+00:00
51,Al Taif Mall,ChIJ0ePl4Sz59D4RPDea70PHVSs,25.1202606,56.3253503,ChIJle4Mb4r59D4RJMzJj85f-fo,Fujairah Massage Service 24x7,ADJACENT,0.2843,5.0,Google Places API (New),2026-09-02T15:35:56+00:00
51,Al Taif Mall,ChIJ0ePl4Sz59D4RPDea70PHVSs,25.1202606,56.3253503,ChIJtzfT2yr59D4RCPXxIkLxN1c,Fujairah Spa massage 8888,DIRECT,0.2889,5.0,Google Places API (New),2026-09-02T15:35:56+00:00
51,Al Taif Mall,ChIJ0ePl4Sz59D4RPDea70PHVSs,25.1202606,56.3253503,ChIJC6Xy06f59D4RmjUxAkjujDU,Gianna,ADJACENT,0.291,5.0,Google Places API (New),2026-09-02T15:35:56+00:00
51,Al Taif Mall,ChIJ0ePl4Sz59D4RPDea70PHVSs,25.1202606,56.3253503,ChIJMb0Hm7X59D4RNYBf8htk1NE,Massage Royal Fujairah,ADJACENT,0.2926,5.0,Google Places API (New),2026-09-02T15:35:56+00:00
51,Al Taif Mall,ChIJ0ePl4Sz59D4RPDea70PHVSs,25.1202606,56.3253503,ChIJa6J2VrP59D4Rh5pKU_28loI,Vu Beo Spa Massage Fujairah,ADJACENT,0.2956,5.0,Google Places API (New),2026-09-02T15:35:56+00:00
51,Al Taif Mall,ChIJ0ePl4Sz59D4RPDea70PHVSs,25.1202606,56.3253503,ChIJGUnnZ1VVz60RjrmFKHTQ1m4,AL Diyar Beauty Centre,DIRECT,0.325,5.0,Google Places API (New),2026-09-02T15:35:56+00:00
51,Al Taif Mall,ChIJ0ePl4Sz59D4RPDea70PHVSs,25.1202606,56.3253503,ChIJi2SMxB1X9D4RCH-oqS0MC1k,Maimoneh Beauty Center,DIRECT,0.3461,5.0,Google Places API (New),2026-09-02T15:35:56+00:00
51,Al Taif Mall,ChIJ0ePl4Sz59D4RPDea70PHVSs,25.1202606,56.3253503,ChIJSa4JVJn59D4RaLSRZHAiphE,Companion Beauty Salon|Fujairah LuLu Mall,DIRECT,0.3482,5.0,Google Places API (New),2026-09-02T15:35:56+00:00
51,Al Taif Mall,ChIJ0ePl4Sz59D4RPDea70PHVSs,25.1202606,56.3253503,ChIJKRkJtP_59D4RheSZoOWtfEA,QASR AL KAWTHAR LADIES SALOON صالون قصر الكوثر للسيدات,DIRECT,0.3541,5.0,Google Places API (New),2026-09-02T15:35:56+00:00
51,Al Taif Mall,ChIJ0ePl4Sz59D4RPDea70PHVSs,25.1202606,56.3253503,ChIJjUGE3j759D4R7tQ9230j_PM,N beauty salon | Best ladies Beauty and hair salon in fujairah | أفضل صالون تجميل وتصفيف شعر للسيدات في الفجيرة,DIRECT,0.377,5.0,Google Places API (New),2026-09-02T15:35:56+00:00
51,Al Taif Mall,ChIJ0ePl4Sz59D4RPDea70PHVSs,25.1202606,56.3253503,ChIJ7TMj__359D4RYS1TCgwZb3g,Glamorous Beauty salon & Spa,DIRECT,0.439,5.0,Google Places API (New),2026-09-02T15:35:56+00:00
51,Al Taif Mall,ChIJ0ePl4Sz59D4RPDea70PHVSs,25.1202606,56.3253503,ChIJuQ_Q74_59D4RRUlZaS6b06g,Regency Spa,ADJACENT,0.4913,5.0,Google Places API (New),2026-09-02T15:35:56+00:00
51,Al Taif Mall,ChIJ0ePl4Sz59D4RPDea70PHVSs,25.1202606,56.3253503,ChIJO8wAEQD59D4R2E5Qp-yU_-8,صالون يدوه فرع الفجيرة,DIRECT,0.512,5.0,Google Places API (New),2026-09-02T15:35:56+00:00
51,Al Taif Mall,ChIJ0ePl4Sz59D4RPDea70PHVSs,25.1202606,56.3253503,ChIJPyAt7zX59D4R030rG7smEho,Royal Thai Spa,DIRECT,0.5998,5.0,Google Places API (New),2026-09-02T15:35:56+00:00
51,Al Taif Mall,ChIJ0ePl4Sz59D4RPDea70PHVSs,25.1202606,56.3253503,ChIJTSXckIz49D4R2U9CwipDDRM,Aamir Saloon,DIRECT,0.6027,5.0,Google Places API (New),2026-09-02T15:35:56+00:00
51,Al Taif Mall,ChIJ0ePl4Sz59D4RPDea70PHVSs,25.1202606,56.3253503,ChIJIYTzOov49D4RyGjsl9Fj1io,Butterfliez Salon,DIRECT,0.8775,5.0,Google Places API (New),2026-09-02T15:35:56+00:00
51,Al Taif Mall,ChIJ0ePl4Sz59D4RPDea70PHVSs,25.1202606,56.3253503,ChIJlQaCIwD59D4RI_eM9HkEybw,صالون اكس مان الفجيرة,DIRECT,0.9476,5.0,Google Places API (New),2026-09-02T15:35:56+00:00
51,Al Taif Mall,ChIJ0ePl4Sz59D4RPDea70PHVSs,25.1202606,56.3253503,ChIJB0V0wxT59D4RPdoQPntHZXQ,Lucky SPA,ADJACENT,0.9476,5.0,Google Places API (New),2026-09-02T15:35:56+00:00
51,Al Taif Mall,ChIJ0ePl4Sz59D4RPDea70PHVSs,25.1202606,56.3253503,ChIJAx-L8Xf59D4R04totUpvvkw,al rifa,DIRECT,0.9575,5.0,Google Places API (New),2026-09-02T15:35:56+00:00
51,Al Taif Mall,ChIJ0ePl4Sz59D4RPDea70PHVSs,25.1202606,56.3253503,ChIJJ22p-_n59D4R0Ohe7jgxxak,Al Hanaa Hair Saloon,DIRECT,0.9575,5.0,Google Places API (New),2026-09-02T15:35:56+00:00
51,Al Taif Mall,ChIJ0ePl4Sz59D4RPDea70PHVSs,25.1202606,56.3253503,ChIJr4Dq0sf59D4RWnsXFhVAl9M,Jenny spa,ADJACENT,0.9575,5.0,Google Places API (New),2026-09-02T15:35:56+00:00
51,Al Taif Mall,ChIJ0ePl4Sz59D4RPDea70PHVSs,25.1202606,56.3253503,ChIJscAvF5n59D4Rio2K29MSl3A,صالون الماغنوليا,DIRECT,0.9575,5.0,Google Places API (New),2026-09-02T15:35:56+00:00
51,Al Taif Mall,ChIJ0ePl4Sz59D4RPDea70PHVSs,25.1202606,56.3253503,ChIJV1DshxdpXz4RaULeP8D5VlE,Benefit Cosmetics Brow Bar,DIRECT,0.9664,5.0,Google Places API (New),2026-09-02T15:35:56+00:00
51,Al Taif Mall,ChIJ0ePl4Sz59D4RPDea70PHVSs,25.1202606,56.3253503,ChIJC1-ClVD59D4RL_S6g-Wh6LM,City Spa wellness,ADJACENT,0.9981,5.0,Google Places API (New),2026-09-02T15:35:56+00:00
51,Al Taif Mall,ChIJ0ePl4Sz59D4RPDea70PHVSs,25.1202606,56.3253503,ChIJ3XQtqGz59D4R-cSQu19crZs,Mustafa beauty 2,DIRECT,1.0044,5.0,Google Places API (New),2026-09-02T15:35:56+00:00
51,Al Taif Mall,ChIJ0ePl4Sz59D4RPDea70PHVSs,25.1202606,56.3253503,ChIJz7n6DnD59D4RRuaQSYRGJE8,city plaza spa,ADJACENT,1.0381,5.0,Google Places API (New),2026-09-02T15:35:56+00:00
51,Al Taif Mall,ChIJ0ePl4Sz59D4RPDea70PHVSs,25.1202606,56.3253503,ChIJBbkGH-v59D4RHwvOA3iXsgA,M Spa,ADJACENT,1.0802,5.0,Google Places API (New),2026-09-02T15:35:56+00:00
51,Al Taif Mall,ChIJ0ePl4Sz59D4RPDea70PHVSs,25.1202606,56.3253503,ChIJMceeZIX49D4R4YbsY9R7Mck,مركز اريام للتجميل - Aryam beauty centre,DIRECT,1.0919,5.0,Google Places API (New),2026-09-02T15:35:56+00:00
51,Al Taif Mall,ChIJ0ePl4Sz59D4RPDea70PHVSs,25.1202606,56.3253503,ChIJjQokrCX59D4R_9TmR2AFkQk,Benefit Cosmetics,DIRECT,1.1033,5.0,Google Places API (New),2026-09-02T15:35:56+00:00
51,Al Taif Mall,ChIJ0ePl4Sz59D4RPDea70PHVSs,25.1202606,56.3253503,ChIJcx_dboX49D4R6v_PPZAcIBs,Mega Ladies Saloon,DIRECT,1.1369,5.0,Google Places API (New),2026-09-02T15:35:56+00:00
51,Al Taif Mall,ChIJ0ePl4Sz59D4RPDea70PHVSs,25.1202606,56.3253503,ChIJ61wQTn759D4RidCBfKi2_HY,صالون لجُيِن للسيدات,DIRECT,1.1458,5.0,Google Places API (New),2026-09-02T15:35:56+00:00
51,Al Taif Mall,ChIJ0ePl4Sz59D4RPDea70PHVSs,25.1202606,56.3253503,ChIJ6cNBTFX59D4Rnu2bDQ1kNaY,Lara beauty salon,DIRECT,1.198,5.0,Google Places API (New),2026-09-02T15:35:56+00:00
51,Al Taif Mall,ChIJ0ePl4Sz59D4RPDea70PHVSs,25.1202606,56.3253503,ChIJgZNaedT59D4RVVq6Vw7Vgw8,صالون روزالين للسيدات,DIRECT,1.2027,5.0,Google Places API (New),2026-09-02T15:35:56+00:00
51,Al Taif Mall,ChIJ0ePl4Sz59D4RPDea70PHVSs,25.1202606,56.3253503,ChIJJWW8hWT59D4Ruapb0URffN8,be you salon,DIRECT,1.2758,5.0,Google Places API (New),2026-09-02T15:35:56+00:00
51,Al Taif Mall,ChIJ0ePl4Sz59D4RPDea70PHVSs,25.1202606,56.3253503,ChIJCZZ1_Eb59D4RYKTIUV-vlnA,صالون حبايبنا,DIRECT,1.2976,5.0,Google Places API (New),2026-09-02T15:35:56+00:00
51,Al Taif Mall,ChIJ0ePl4Sz59D4RPDea70PHVSs,25.1202606,56.3253503,ChIJKVBp9In49D4Rz_9bK-hDUuA,Magic Fingers Ayurveda Wellness Centre,ADJACENT,1.3108,5.0,Google Places API (New),2026-09-02T15:35:56+00:00
51,Al Taif Mall,ChIJ0ePl4Sz59D4RPDea70PHVSs,25.1202606,56.3253503,ChIJc16kuon49D4ROdEl3dj7GlI,New Bustan Saloon,DIRECT,1.3364,5.0,Google Places API (New),2026-09-02T15:35:56+00:00
51,Al Taif Mall,ChIJ0ePl4Sz59D4RPDea70PHVSs,25.1202606,56.3253503,ChIJnbxjq4n49D4RF6_ardE48ok,Marhaba Hairdressers,DIRECT,1.3376,5.0,Google Places API (New),2026-09-02T15:35:56+00:00
51,Al Taif Mall,ChIJ0ePl4Sz59D4RPDea70PHVSs,25.1202606,56.3253503,ChIJvXfiSQD59D4RbB_6obOD3QU,Bin yas saloon,DIRECT,1.3465,5.0,Google Places API (New),2026-09-02T15:35:56+00:00
51,Al Taif Mall,ChIJ0ePl4Sz59D4RPDea70PHVSs,25.1202606,56.3253503,ChIJS-zE0mH49D4R6Q-w7iyxdCo,Four Season Center,DIRECT,1.358,5.0,Google Places API (New),2026-09-02T15:35:56+00:00
51,Al Taif Mall,ChIJ0ePl4Sz59D4RPDea70PHVSs,25.1202606,56.3253503,ChIJHQ2xCmD49D4RBr2L9vPuqhk,Horya Saloon,DIRECT,1.3988,5.0,Google Places API (New),2026-09-02T15:35:56+00:00
51,Al Taif Mall,ChIJ0ePl4Sz59D4RPDea70PHVSs,25.1202606,56.3253503,ChIJN8Qi_WH49D4RQgSeuX-GN2k,مركز لمسات للتجميل والتدريب,DIRECT,1.4048,5.0,Google Places API (New),2026-09-02T15:35:56+00:00
51,Al Taif Mall,ChIJ0ePl4Sz59D4RPDea70PHVSs,25.1202606,56.3253503,ChIJaePvF1X59D4ReJQxzXpRDqA,Shabab AL diwaniyah saloon LLC - Hair Saloon,DIRECT,1.4923,5.0,Google Places API (New),2026-09-02T15:35:56+00:00
51,Al Taif Mall,ChIJ0ePl4Sz59D4RPDea70PHVSs,25.1202606,56.3253503,ChIJyYqAOIj49D4RZuVZ_rpyEOc,Shahed Beauty Centre,DIRECT,1.5059,5.0,Google Places API (New),2026-09-02T15:35:56+00:00
51,Al Taif Mall,ChIJ0ePl4Sz59D4RPDea70PHVSs,25.1202606,56.3253503,ChIJsf6DqUr59D4RSBxkVvlpGxg,صالون الفرنسي المغربي,DIRECT,1.5149,5.0,Google Places API (New),2026-09-02T15:35:56+00:00
51,Al Taif Mall,ChIJ0ePl4Sz59D4RPDea70PHVSs,25.1202606,56.3253503,ChIJEXUBpHz49D4RY5EfpwR9bik,SHARFA BEAUTY CENTER,DIRECT,1.5168,5.0,Google Places API (New),2026-09-02T15:35:56+00:00
51,Al Taif Mall,ChIJ0ePl4Sz59D4RPDea70PHVSs,25.1202606,56.3253503,ChIJnSl0HQb59D4RA6debIfY-Z4,5 stars suaad saloon,DIRECT,1.5718,5.0,Google Places API (New),2026-09-02T15:35:56+00:00
51,Al Taif Mall,ChIJ0ePl4Sz59D4RPDea70PHVSs,25.1202606,56.3253503,ChIJKTFxIwD59D4RFNKVHf4qCFE,صالون بنت الرافدين,DIRECT,1.6124,5.0,Google Places API (New),2026-09-02T15:35:56+00:00
51,Al Taif Mall,ChIJ0ePl4Sz59D4RPDea70PHVSs,25.1202606,56.3253503,ChIJbX-JnGD49D4RtXZ_ZO0Joxg,Al Mas Beauty Saloon,DIRECT,1.6269,5.0,Google Places API (New),2026-09-02T15:35:56+00:00
51,Al Taif Mall,ChIJ0ePl4Sz59D4RPDea70PHVSs,25.1202606,56.3253503,ChIJk77ZeOn59D4R5xsjJQ7NGmw,mabrook ladies beauty salon llc,DIRECT,1.6768,5.0,Google Places API (New),2026-09-02T15:35:56+00:00
51,Al Taif Mall,ChIJ0ePl4Sz59D4RPDea70PHVSs,25.1202606,56.3253503,ChIJ3Urs3bX59D4Rk0XpjdkbARs,Happy Hair Dressers,DIRECT,1.709,5.0,Google Places API (New),2026-09-02T15:35:56+00:00
51,Al Taif Mall,ChIJ0ePl4Sz59D4RPDea70PHVSs,25.1202606,56.3253503,ChIJ32Rmo2D49D4RK0IkD2ObwjY,نايا صالون للسيدات,DIRECT,1.72,5.0,Google Places API (New),2026-09-02T15:35:56+00:00
51,Al Taif Mall,ChIJ0ePl4Sz59D4RPDea70PHVSs,25.1202606,56.3253503,ChIJ9bk34nX59D4RBYRXy7npcO4,Massage Center & Spa Fujairah,ADJACENT,1.7797,5.0,Google Places API (New),2026-09-02T15:35:56+00:00
51,Al Taif Mall,ChIJ0ePl4Sz59D4RPDea70PHVSs,25.1202606,56.3253503,ChIJX4cBY3n59D4R9zbKJaup9mo,Al Zaeem Salon,DIRECT,1.7951,5.0,Google Places API (New),2026-09-02T15:35:56+00:00
51,Al Taif Mall,ChIJ0ePl4Sz59D4RPDea70PHVSs,25.1202606,56.3253503,ChIJZZtgFcH59D4RtEFfN2BF-mM,al razi center for massage,ADJACENT,1.8122,5.0,Google Places API (New),2026-09-02T15:35:56+00:00
51,Al Taif Mall,ChIJ0ePl4Sz59D4RPDea70PHVSs,25.1202606,56.3253503,ChIJbRT00BP59D4Rbv_R_QCqZJ0,Pink & White Saloon Fujairah,DIRECT,1.8199,5.0,Google Places API (New),2026-09-02T15:35:56+00:00
51,Al Taif Mall,ChIJ0ePl4Sz59D4RPDea70PHVSs,25.1202606,56.3253503,ChIJoQ5qQrL59D4RKH4qJvSY-VQ,صالون توته,DIRECT,1.824,5.0,Google Places API (New),2026-09-02T15:35:56+00:00
51,Al Taif Mall,ChIJ0ePl4Sz59D4RPDea70PHVSs,25.1202606,56.3253503,ChIJy3ohBwD59D4RkOfUcgke7XE,Special One Saloon - صالون سبشل ون,DIRECT,1.8254,5.0,Google Places API (New),2026-09-02T15:35:56+00:00
51,Al Taif Mall,ChIJ0ePl4Sz59D4RPDea70PHVSs,25.1202606,56.3253503,ChIJj6IstBr59D4RmOAONa-IiF4,"บ้านHaifa,spa",ADJACENT,1.8272,5.0,Google Places API (New),2026-09-02T15:35:56+00:00
51,Al Taif Mall,ChIJ0ePl4Sz59D4RPDea70PHVSs,25.1202606,56.3253503,ChIJ9YNKkl349D4RAdG2OkMxE08,Anwar Saloon,DIRECT,1.9833,5.0,Google Places API (New),2026-09-02T15:35:56+00:00
51,Al Taif Mall,ChIJ0ePl4Sz59D4RPDea70PHVSs,25.1202606,56.3253503,ChIJO7I5Khj59D4RJDlACuffiqg,The Grey Beauty Center,DIRECT,2.0022,5.0,Google Places API (New),2026-09-02T15:35:56+00:00
51,Al Taif Mall,ChIJ0ePl4Sz59D4RPDea70PHVSs,25.1202606,56.3253503,ChIJIbuOwIL49D4RIgYLKgHFxcU,Abrar Beauty Salon,DIRECT,2.0073,5.0,Google Places API (New),2026-09-02T15:35:56+00:00
51,Al Taif Mall,ChIJ0ePl4Sz59D4RPDea70PHVSs,25.1202606,56.3253503,ChIJ3SO_d2f49D4RIjj9GVilIqI,XLNC saloon,DIRECT,2.1189,5.0,Google Places API (New),2026-09-02T15:35:56+00:00
51,Al Taif Mall,ChIJ0ePl4Sz59D4RPDea70PHVSs,25.1202606,56.3253503,ChIJNcdMMTf59D4RPPSKKcYpsns,Lusiana ladies salon,DIRECT,2.1369,5.0,Google Places API (New),2026-09-02T15:35:56+00:00
51,Al Taif Mall,ChIJ0ePl4Sz59D4RPDea70PHVSs,25.1202606,56.3253503,ChIJ2V9wkP359D4RRTsRYZIUqMg,صالون المزين saloon mizain,DIRECT,2.1538,5.0,Google Places API (New),2026-09-02T15:35:56+00:00
51,Al Taif Mall,ChIJ0ePl4Sz59D4RPDea70PHVSs,25.1202606,56.3253503,ChIJt8RNXHT59D4RfwrwpvaAb0k,Meem Beauty Salon,DIRECT,2.196,5.0,Google Places API (New),2026-09-02T15:35:56+00:00
51,Al Taif Mall,ChIJ0ePl4Sz59D4RPDea70PHVSs,25.1202606,56.3253503,ChIJjfRLcoL49D4Raqg2zj70WuQ,Fatima Beauty Center,DIRECT,2.209,5.0,Google Places API (New),2026-09-02T15:35:56+00:00
51,Al Taif Mall,ChIJ0ePl4Sz59D4RPDea70PHVSs,25.1202606,56.3253503,ChIJD7n4BgD59D4R9bn4w8a3esw,48CW+5CWQ - Al ghurfah - fujairah,DIRECT,2.2141,5.0,Google Places API (New),2026-09-02T15:35:56+00:00
51,Al Taif Mall,ChIJ0ePl4Sz59D4RPDea70PHVSs,25.1202606,56.3253503,ChIJzyN1o-H59D4Rw9iy4vADEeY,awash salon,DIRECT,2.2159,5.0,Google Places API (New),2026-09-02T15:35:56+00:00
51,Al Taif Mall,ChIJ0ePl4Sz59D4RPDea70PHVSs,25.1202606,56.3253503,ChIJPRl4Cpf59D4RySyj10BoT5U,صالون مملكتي,DIRECT,2.315,5.0,Google Places API (New),2026-09-02T15:35:56+00:00
51,Al Taif Mall,ChIJ0ePl4Sz59D4RPDea70PHVSs,25.1202606,56.3253503,ChIJLSalP4r59D4ROpOODwvV9fk,Al Rawab Ladies Salon,DIRECT,2.3844,5.0,Google Places API (New),2026-09-02T15:35:56+00:00
51,Al Taif Mall,ChIJ0ePl4Sz59D4RPDea70PHVSs,25.1202606,56.3253503,ChIJ7aPMZsH59D4ReOtmGf_raWE,Paris Beauty Center,DIRECT,2.3876,5.0,Google Places API (New),2026-09-02T15:35:56+00:00
51,Al Taif Mall,ChIJ0ePl4Sz59D4RPDea70PHVSs,25.1202606,56.3253503,ChIJF7NML_b59D4Rl3FGWbvMQw8,صالون روعه,DIRECT,2.3929,5.0,Google Places API (New),2026-09-02T15:35:56+00:00
51,Al Taif Mall,ChIJ0ePl4Sz59D4RPDea70PHVSs,25.1202606,56.3253503,ChIJ652enmD59D4R5LOlZB3t_Dk,AL ANKABUT hair fixing,DIRECT,2.4486,5.0,Google Places API (New),2026-09-02T15:35:56+00:00
51,Al Taif Mall,ChIJ0ePl4Sz59D4RPDea70PHVSs,25.1202606,56.3253503,ChIJk1hF25f59D4Rtb199gZCNUs,Roma Optical - Fujairah city center,DIRECT,2.5081,5.0,Google Places API (New),2026-09-02T15:35:56+00:00
51,Al Taif Mall,ChIJ0ePl4Sz59D4RPDea70PHVSs,25.1202606,56.3253503,ChIJY_UvsIhX9D4Rek8rAP8EbQc,TAIF BEAUTY SALON,DIRECT,2.5634,5.0,Google Places API (New),2026-09-02T15:35:56+00:00
51,Al Taif Mall,ChIJ0ePl4Sz59D4RPDea70PHVSs,25.1202606,56.3253503,ChIJuQD1A0P49D4RE0lL6wEaaBg,VLCC Fujairah,DIRECT,2.6039,5.0,Google Places API (New),2026-09-02T15:35:56+00:00
51,Al Taif Mall,ChIJ0ePl4Sz59D4RPDea70PHVSs,25.1202606,56.3253503,ChIJuwyURd759D4RqBIxMb5NeZg,Al Sham Beauty Salon صالون الشام للسيدات,DIRECT,2.6881,5.0,Google Places API (New),2026-09-02T15:35:56+00:00
51,Al Taif Mall,ChIJ0ePl4Sz59D4RPDea70PHVSs,25.1202606,56.3253503,ChIJkdbTcoX59D4Rnds8X9bDNBc,SHAMANI BEAUTY CENTRE | مركز شماني للتجميل للسيدات والعناية بالاطفال,DIRECT,2.8234,5.0,Google Places API (New),2026-09-02T15:35:56+00:00
51,Al Taif Mall,ChIJ0ePl4Sz59D4RPDea70PHVSs,25.1202606,56.3253503,ChIJTdKDAwD59D4RYAevvDvIQbg,صالون المشاري,DIRECT,2.8711,5.0,Google Places API (New),2026-09-02T15:35:56+00:00
51,Al Taif Mall,ChIJ0ePl4Sz59D4RPDea70PHVSs,25.1202606,56.3253503,ChIJl9Yf5kP49D4RVUuVyOClAYI,Barbies Beauty Center,DIRECT,2.8763,5.0,Google Places API (New),2026-09-02T15:35:56+00:00
51,Al Taif Mall,ChIJ0ePl4Sz59D4RPDea70PHVSs,25.1202606,56.3253503,ChIJyRKFBgD59D4RfW9dZDMLbqI,صالون سر الفخامة للتجميل,DIRECT,2.8805,5.0,Google Places API (New),2026-09-02T15:35:56+00:00
51,Al Taif Mall,ChIJ0ePl4Sz59D4RPDea70PHVSs,25.1202606,56.3253503,ChIJBf6DH0L49D4R10QW5O8ndR8,Al Bahar Hair Cutting Saloon,DIRECT,2.947,5.0,Google Places API (New),2026-09-02T15:35:56+00:00
51,Al Taif Mall,ChIJ0ePl4Sz59D4RPDea70PHVSs,25.1202606,56.3253503,ChIJQddnVob59D4RxarJsLOn79w,ABU AL FAHAD FISH SALES SHOP,ADJACENT,2.9581,5.0,Google Places API (New),2026-09-02T15:35:56+00:00
51,Al Taif Mall,ChIJ0ePl4Sz59D4RPDea70PHVSs,25.1202606,56.3253503,ChIJKzjtA0L49D4RCE4xB0cAeHc,Al Ameen Hair Dressing Saloon,DIRECT,2.9601,5.0,Google Places API (New),2026-09-02T15:35:56+00:00
51,Al Taif Mall,ChIJ0ePl4Sz59D4RPDea70PHVSs,25.1202606,56.3253503,ChIJM8O_cWP59D4R2wXke1beY9w,Aura Spa,ADJACENT,3.03,5.0,Google Places API (New),2026-09-02T15:35:56+00:00
51,Al Taif Mall,ChIJ0ePl4Sz59D4RPDea70PHVSs,25.1202606,56.3253503,ChIJ4eLkyhb59D4RXu-vHdR8eRc,Thai Spa & Massage,ADJACENT,3.0317,5.0,Google Places API (New),2026-09-02T15:35:56+00:00
51,Al Taif Mall,ChIJ0ePl4Sz59D4RPDea70PHVSs,25.1202606,56.3253503,ChIJl_U-NyX59D4RRtufc8fLEaQ,مركز نفرتيتي للتجميل الفجيرة,DIRECT,3.0492,5.0,Google Places API (New),2026-09-02T15:35:56+00:00
51,Al Taif Mall,ChIJ0ePl4Sz59D4RPDea70PHVSs,25.1202606,56.3253503,ChIJS_bQxnv59D4R_vgvg0DIm7w,Oasis Spa,ADJACENT,3.1249,5.0,Google Places API (New),2026-09-02T15:35:56+00:00
51,Al Taif Mall,ChIJ0ePl4Sz59D4RPDea70PHVSs,25.1202606,56.3253503,ChIJRaP1YAD59D4RmfdcemfO3QI,Dream Spa Massage,ADJACENT,3.1252,5.0,Google Places API (New),2026-09-02T15:35:56+00:00
51,Al Taif Mall,ChIJ0ePl4Sz59D4RPDea70PHVSs,25.1202606,56.3253503,ChIJZYlAMwD59D4RLHYEdWj8ANI,TOTA BEAUTY SALON,DIRECT,3.1289,5.0,Google Places API (New),2026-09-02T15:35:56+00:00
51,Al Taif Mall,ChIJ0ePl4Sz59D4RPDea70PHVSs,25.1202606,56.3253503,ChIJ_____9pX9D4RU7fGy7WyfQY,La Rose Spa,DIRECT,3.1575,5.0,Google Places API (New),2026-09-02T15:35:56+00:00
51,Al Taif Mall,ChIJ0ePl4Sz59D4RPDea70PHVSs,25.1202606,56.3253503,ChIJ4XP-UoH59D4RONVJa93xr04,Fanar,DIRECT,3.1662,5.0,Google Places API (New),2026-09-02T15:35:56+00:00
51,Al Taif Mall,ChIJ0ePl4Sz59D4RPDea70PHVSs,25.1202606,56.3253503,ChIJEfAGBgD59D4R259kuEZtKkE,"Fujairah , Ghurfah",DIRECT,3.1758,5.0,Google Places API (New),2026-09-02T15:35:56+00:00
51,Al Taif Mall,ChIJ0ePl4Sz59D4RPDea70PHVSs,25.1202606,56.3253503,ChIJPx2hVdT59D4RGe6czyZE3PY,صالون الأميرة لمار الفجيرة ( الغرفة ),DIRECT,3.2527,5.0,Google Places API (New),2026-09-02T15:35:56+00:00
51,Al Taif Mall,ChIJ0ePl4Sz59D4RPDea70PHVSs,25.1202606,56.3253503,ChIJ2XbNAsP59D4RDZ0MIP7u55I,WAVES LADIES BEAUTY SALON & SPA صالون ومنتجع صحي ويفز لتجميل السيدات,DIRECT,3.2629,5.0,Google Places API (New),2026-09-02T15:35:56+00:00
51,Al Taif Mall,ChIJ0ePl4Sz59D4RPDea70PHVSs,25.1202606,56.3253503,ChIJYX-o5_759D4RAi5DohyyBl0,"Oxyzen European Spa And Massage, Fujairah",ADJACENT,3.3004,5.0,Google Places API (New),2026-09-02T15:35:56+00:00
51,Al Taif Mall,ChIJ0ePl4Sz59D4RPDea70PHVSs,25.1202606,56.3253503,ChIJL3cZuUH59D4RJR0aKCkIQHg,Beauty and Nail Arts Salon,DIRECT,3.3155,5.0,Google Places API (New),2026-09-02T15:35:56+00:00
51,Al Taif Mall,ChIJ0ePl4Sz59D4RPDea70PHVSs,25.1202606,56.3253503,ChIJc13OVcD59D4RqhfKlmLenB8,Majed Hair Saloon,DIRECT,3.3194,5.0,Google Places API (New),2026-09-02T15:35:56+00:00
51,Al Taif Mall,ChIJ0ePl4Sz59D4RPDea70PHVSs,25.1202606,56.3253503,ChIJ7YOCY0z59D4Rrb1fssFSL8E,Couifr saloon صالون كوافير,DIRECT,3.3243,5.0,Google Places API (New),2026-09-02T15:35:56+00:00
51,Al Taif Mall,ChIJ0ePl4Sz59D4RPDea70PHVSs,25.1202606,56.3253503,ChIJkS2kNAD59D4R1gWfnfj8ApA,JOLINE Beauty Salon,DIRECT,3.34,5.0,Google Places API (New),2026-09-02T15:35:56+00:00
51,Al Taif Mall,ChIJ0ePl4Sz59D4RPDea70PHVSs,25.1202606,56.3253503,ChIJ_wTSBW749D4R0EXIRWiW_5s,Al Dana Saloon,DIRECT,3.3425,5.0,Google Places API (New),2026-09-02T15:35:56+00:00
51,Al Taif Mall,ChIJ0ePl4Sz59D4RPDea70PHVSs,25.1202606,56.3253503,ChIJDdRAonH49D4ReFlkJ6LIlBM,black rose beauty lounge,DIRECT,3.4034,5.0,Google Places API (New),2026-09-02T15:35:56+00:00
51,Al Taif Mall,ChIJ0ePl4Sz59D4RPDea70PHVSs,25.1202606,56.3253503,ChIJt60bk3H49D4RFZP3kkOqUcw,Mabrook Salon,DIRECT,3.4035,5.0,Google Places API (New),2026-09-02T15:35:56+00:00
51,Al Taif Mall,ChIJ0ePl4Sz59D4RPDea70PHVSs,25.1202606,56.3253503,ChIJ-eiEMHz59D4R1eP2m7AVlE0,مركز تالغو للتجميل - Thalgo Beauty Center,DIRECT,3.4302,5.0,Google Places API (New),2026-09-02T15:35:56+00:00
51,Al Taif Mall,ChIJ0ePl4Sz59D4RPDea70PHVSs,25.1202606,56.3253503,ChIJ48ma6yv59D4RAbswPmAgxkI,Olive spa,ADJACENT,3.4708,5.0,Google Places API (New),2026-09-02T15:35:56+00:00
51,Al Taif Mall,ChIJ0ePl4Sz59D4RPDea70PHVSs,25.1202606,56.3253503,ChIJX7eLH1f59D4Remps2wbxm6s,Jasmine Spa,ADJACENT,3.4761,5.0,Google Places API (New),2026-09-02T15:35:56+00:00
51,Al Taif Mall,ChIJ0ePl4Sz59D4RPDea70PHVSs,25.1202606,56.3253503,ChIJoS-Dj3f49D4Rl5iGo4iGZi4,Melody Nails and Spa Ladies Salon Fujairah,DIRECT,3.5087,5.0,Google Places API (New),2026-09-02T15:35:56+00:00
51,Al Taif Mall,ChIJ0ePl4Sz59D4RPDea70PHVSs,25.1202606,56.3253503,ChIJ7UUo6RxX9D4RYHufB-ZSpNc,House of Beauty (Russian Salon),DIRECT,3.5109,5.0,Google Places API (New),2026-09-02T15:35:56+00:00
51,Al Taif Mall,ChIJ0ePl4Sz59D4RPDea70PHVSs,25.1202606,56.3253503,ChIJKf-PbXhX9D4RmGf9MunuoDE,مركر تفانين للتجميل,DIRECT,3.5215,5.0,Google Places API (New),2026-09-02T15:35:56+00:00
51,Al Taif Mall,ChIJ0ePl4Sz59D4RPDea70PHVSs,25.1202606,56.3253503,ChIJfxd-SO759D4RNOogFRhy6QY,Beauty Magic Centre Fujairah,DIRECT,3.6174,5.0,Google Places API (New),2026-09-02T15:35:56+00:00
51,Al Taif Mall,ChIJ0ePl4Sz59D4RPDea70PHVSs,25.1202606,56.3253503,ChIJ40OfV7b59D4RmxNC0cQaWnk,B beauty salon,DIRECT,3.743,5.0,Google Places API (New),2026-09-02T15:35:56+00:00
51,Al Taif Mall,ChIJ0ePl4Sz59D4RPDea70PHVSs,25.1202606,56.3253503,ChIJPVD01JP49D4RVheBiFC89Yc,HairLovie Centre,DIRECT,3.7838,5.0,Google Places API (New),2026-09-02T15:35:56+00:00
51,Al Taif Mall,ChIJ0ePl4Sz59D4RPDea70PHVSs,25.1202606,56.3253503,ChIJW4O0SwBX9D4RbCYvqzzb_wQ,صالون اكس مان Salon X_man صالون الفصيل,DIRECT,3.7965,5.0,Google Places API (New),2026-09-02T15:35:56+00:00
51,Al Taif Mall,ChIJ0ePl4Sz59D4RPDea70PHVSs,25.1202606,56.3253503,ChIJ23rrOgD59D4Rn7VrLSi7r8E,داناي بيوتي Danai beauty&spa,DIRECT,3.8324,5.0,Google Places API (New),2026-09-02T15:35:56+00:00
51,Al Taif Mall,ChIJ0ePl4Sz59D4RPDea70PHVSs,25.1202606,56.3253503,ChIJm9_KjhVX9D4RH5CoevS7NWs,Qasr al henna Faseel,DIRECT,3.8783,5.0,Google Places API (New),2026-09-02T15:35:56+00:00
51,Al Taif Mall,ChIJ0ePl4Sz59D4RPDea70PHVSs,25.1202606,56.3253503,ChIJew18Ljn59D4RPW_itGVtJ5E,Halo spa center مركز هالو للتجميل,DIRECT,3.8852,5.0,Google Places API (New),2026-09-02T15:35:56+00:00
51,Al Taif Mall,ChIJ0ePl4Sz59D4RPDea70PHVSs,25.1202606,56.3253503,ChIJVc308s1X9D4Rl20ej_2WoMA,The Rose Ladies Salon,DIRECT,3.8863,5.0,Google Places API (New),2026-09-02T15:35:56+00:00
51,Al Taif Mall,ChIJ0ePl4Sz59D4RPDea70PHVSs,25.1202606,56.3253503,ChIJLQ3n7rRX9D4RExSVbDRPnTw,cloudy beauty salon,DIRECT,3.8891,5.0,Google Places API (New),2026-09-02T15:35:56+00:00
51,Al Taif Mall,ChIJ0ePl4Sz59D4RPDea70PHVSs,25.1202606,56.3253503,ChIJl5EB_Ir_9D4RUajZc46YwEQ,صالون فيفي,DIRECT,3.9759,5.0,Google Places API (New),2026-09-02T15:35:56+00:00
51,Al Taif Mall,ChIJ0ePl4Sz59D4RPDea70PHVSs,25.1202606,56.3253503,ChIJWcfpH3T49D4RnSdqoRvfb9E,Riviera Salon صالون ريفييرا,DIRECT,3.9786,5.0,Google Places API (New),2026-09-02T15:35:56+00:00
51,Al Taif Mall,ChIJ0ePl4Sz59D4RPDea70PHVSs,25.1202606,56.3253503,ChIJ_bpCHfb59D4R0qHQZozKEY0,Royal nails,DIRECT,4.0927,5.0,Google Places API (New),2026-09-02T15:35:56+00:00
51,Al Taif Mall,ChIJ0ePl4Sz59D4RPDea70PHVSs,25.1202606,56.3253503,ChIJ0cnQ33759D4RQwOlK2BLAgc,BEAUTY SPOT LADIES SALON - صالون بقعة الجمال للسيدات,DIRECT,4.2042,5.0,Google Places API (New),2026-09-02T15:35:56+00:00
51,Al Taif Mall,ChIJ0ePl4Sz59D4RPDea70PHVSs,25.1202606,56.3253503,ChIJT7XyvFb59D4R1Qk_EOAHSZY,Saloon Al Faris,ADJACENT,4.2474,5.0,Google Places API (New),2026-09-02T15:35:56+00:00
51,Al Taif Mall,ChIJ0ePl4Sz59D4RPDea70PHVSs,25.1202606,56.3253503,ChIJ6xHZAAD59D4RdoNFMeICrlY,FIFI LELTAJMEEL SALOON,DIRECT,4.2924,5.0,Google Places API (New),2026-09-02T15:35:56+00:00
51,Al Taif Mall,ChIJ0ePl4Sz59D4RPDea70PHVSs,25.1202606,56.3253503,ChIJ08lYm8T59D4RYTrCU8wk8iE,صالون رهام للسيدات,DIRECT,4.3191,5.0,Google Places API (New),2026-09-02T15:35:56+00:00
51,Al Taif Mall,ChIJ0ePl4Sz59D4RPDea70PHVSs,25.1202606,56.3253503,ChIJwUwcvSn59D4Rdtw1WG3kj2w,Blue saloon and spa,DIRECT,4.3248,5.0,Google Places API (New),2026-09-02T15:35:56+00:00
51,Al Taif Mall,ChIJ0ePl4Sz59D4RPDea70PHVSs,25.1202606,56.3253503,ChIJGUXscAD59D4RqaF9iiysQnw,Amirat Al Layl Ladies Salon,DIRECT,4.3733,5.0,Google Places API (New),2026-09-02T15:35:56+00:00
51,Al Taif Mall,ChIJ0ePl4Sz59D4RPDea70PHVSs,25.1202606,56.3253503,ChIJQw6k-pVX9D4Rq0lZTq4V374,Mirrors Beauty Salon & Spa - Fujairah,DIRECT,4.3758,5.0,Google Places API (New),2026-09-02T15:35:56+00:00
51,Al Taif Mall,ChIJ0ePl4Sz59D4RPDea70PHVSs,25.1202606,56.3253503,ChIJmeKrJgz59D4RdbIK0zGnJ78,صالون ربوع لبنان,DIRECT,4.3871,5.0,Google Places API (New),2026-09-02T15:35:56+00:00
51,Al Taif Mall,ChIJ0ePl4Sz59D4RPDea70PHVSs,25.1202606,56.3253503,ChIJM0ecid359D4Rq20uS8tixXU,صالون القطوف للتجميل,DIRECT,4.4125,5.0,Google Places API (New),2026-09-02T15:35:56+00:00
51,Al Taif Mall,ChIJ0ePl4Sz59D4RPDea70PHVSs,25.1202606,56.3253503,ChIJQ32IFR359D4RA34PgGaWplc,صالون السدن للتجميل,DIRECT,4.413,5.0,Google Places API (New),2026-09-02T15:35:56+00:00
51,Al Taif Mall,ChIJ0ePl4Sz59D4RPDea70PHVSs,25.1202606,56.3253503,ChIJ0wLpSGRX9D4RtgPoNG0xhAU,Ganakshi ladies saloon,DIRECT,4.4945,5.0,Google Places API (New),2026-09-02T15:35:56+00:00
51,Al Taif Mall,ChIJ0ePl4Sz59D4RPDea70PHVSs,25.1202606,56.3253503,ChIJAbpUEzVX9D4RYxko2oeuN1I,Nashr Ladies Salon,DIRECT,4.5403,5.0,Google Places API (New),2026-09-02T15:35:56+00:00
51,Al Taif Mall,ChIJ0ePl4Sz59D4RPDea70PHVSs,25.1202606,56.3253503,ChIJgy_Wo9759D4R2Nv8viI79eY,صالون بيوتي ماجك الفراع الثاني,DIRECT,4.5534,5.0,Google Places API (New),2026-09-02T15:35:56+00:00
51,Al Taif Mall,ChIJ0ePl4Sz59D4RPDea70PHVSs,25.1202606,56.3253503,ChIJZZ-I1FJX9D4RlVcSOOwQOVQ,golden chain beauty salon,DIRECT,4.6214,5.0,Google Places API (New),2026-09-02T15:35:56+00:00
51,Al Taif Mall,ChIJ0ePl4Sz59D4RPDea70PHVSs,25.1202606,56.3253503,ChIJhSGChblX9D4RlDZsX8Y9fwY,صالون عبدو فاشن,DIRECT,4.6256,5.0,Google Places API (New),2026-09-02T15:35:56+00:00
51,Al Taif Mall,ChIJ0ePl4Sz59D4RPDea70PHVSs,25.1202606,56.3253503,ChIJf47Opc9X9D4RU8CdNHz3nRo,Burqau beauty center,DIRECT,4.6306,5.0,Google Places API (New),2026-09-02T15:35:56+00:00
51,Al Taif Mall,ChIJ0ePl4Sz59D4RPDea70PHVSs,25.1202606,56.3253503,ChIJZfOpWiD59D4R06wGEJaIDBE,Sufyan Saloon,DIRECT,4.6839,5.0,Google Places API (New),2026-09-02T15:35:56+00:00
51,Al Taif Mall,ChIJ0ePl4Sz59D4RPDea70PHVSs,25.1202606,56.3253503,ChIJaS_ARAD59D4RxizgunrQirs,BOMBONIERA BEAUTY SALON,DIRECT,4.6924,5.0,Google Places API (New),2026-09-02T15:35:56+00:00
51,Al Taif Mall,ChIJ0ePl4Sz59D4RPDea70PHVSs,25.1202606,56.3253503,ChIJ_626N8VX9D4ROcPvrMlaQ2c,Synergy Healing Centre,DIRECT,4.7444,5.0,Google Places API (New),2026-09-02T15:35:56+00:00
51,Al Taif Mall,ChIJ0ePl4Sz59D4RPDea70PHVSs,25.1202606,56.3253503,ChIJF8bhlQ5X9D4Rb3VdU9Ks7Z4,Olivera spa,ADJACENT,4.8441,5.0,Google Places API (New),2026-09-02T15:35:56+00:00
51,Al Taif Mall,ChIJ0ePl4Sz59D4RPDea70PHVSs,25.1202606,56.3253503,ChIJFSiltltX9D4Rf1ZgCDoKytw,Uptown Spa Massage in Fujairah,ADJACENT,4.849,5.0,Google Places API (New),2026-09-02T15:35:56+00:00
51,Al Taif Mall,ChIJ0ePl4Sz59D4RPDea70PHVSs,25.1202606,56.3253503,ChIJX6mpNQBX9D4RX3xr3tlWwk8,Aura beauty salon & spa,DIRECT,4.8525,5.0,Google Places API (New),2026-09-02T15:35:56+00:00
51,Al Taif Mall,ChIJ0ePl4Sz59D4RPDea70PHVSs,25.1202606,56.3253503,ChIJka7OIQBX9D4RykaSV1HbXDs,Feray beauty salon,DIRECT,4.9487,5.0,Google Places API (New),2026-09-02T15:35:56+00:00
51,Al Taif Mall,ChIJ0ePl4Sz59D4RPDea70PHVSs,25.1202606,56.3253503,ChIJgxS3R2FX9D4RQdcQjkrw3R8,Alia beauty salon,DIRECT,4.9685,5.0,Google Places API (New),2026-09-02T15:35:56+00:00
51,Al Taif Mall,ChIJ0ePl4Sz59D4RPDea70PHVSs,25.1202606,56.3253503,ChIJ46JNaABX9D4RidIJJwkzgZg,Marigold Beauty Centre,DIRECT,4.9695,5.0,Google Places API (New),2026-09-02T15:35:56+00:00
36,Baniyas,ChIJ5ch6Hag3Xj4RlU_4s1p7o8s,24.2973631,54.6332474,ChIJJ_Fou0A3Xj4RrspXocMigT0,Bella Luna Salon Spa,DIRECT,0.2804,5.0,Google Places API (New),2026-09-02T15:35:56+00:00
36,Baniyas,ChIJ5ch6Hag3Xj4RlU_4s1p7o8s,24.2973631,54.6332474,ChIJt1f8pV43Xj4R275r0Rk9rLQ,Uhood Ladies Salon صالون عهود للسيدات,DIRECT,0.3711,5.0,Google Places API (New),2026-09-02T15:35:56+00:00
36,Baniyas,ChIJ5ch6Hag3Xj4RlU_4s1p7o8s,24.2973631,54.6332474,ChIJvwV1Ojg3Xj4RKv8KM-y2oV0,صالون خيالي لونج للسيدات e,DIRECT,0.3743,5.0,Google Places API (New),2026-09-02T15:35:56+00:00
36,Baniyas,ChIJ5ch6Hag3Xj4RlU_4s1p7o8s,24.2973631,54.6332474,ChIJRVfe0oU3Xj4RmUK5bJ_JXds,صالون عهود حنا,ADJACENT,0.3943,5.0,Google Places API (New),2026-09-02T15:35:56+00:00
36,Baniyas,ChIJ5ch6Hag3Xj4RlU_4s1p7o8s,24.2973631,54.6332474,ChIJf6P5UgA3Xj4Rk21DYq5OBYQ,Dream Garden SPA Baniyas,ADJACENT,0.4073,5.0,Google Places API (New),2026-09-02T15:35:56+00:00
36,Baniyas,ChIJ5ch6Hag3Xj4RlU_4s1p7o8s,24.2973631,54.6332474,ChIJ08woPh43Xj4RLQn9RfK_d-g,BROWS BY ALHANOOF,DIRECT,0.424,5.0,Google Places API (New),2026-09-02T15:35:56+00:00
36,Baniyas,ChIJ5ch6Hag3Xj4RlU_4s1p7o8s,24.2973631,54.6332474,ChIJnXM8Kjo3Xj4R0nTG9oRpbxc,صالون اورجنالتي للسيدات,DIRECT,0.4335,5.0,Google Places API (New),2026-09-02T15:35:56+00:00
36,Baniyas,ChIJ5ch6Hag3Xj4RlU_4s1p7o8s,24.2973631,54.6332474,ChIJxZFMcwA3Xj4RKQnM2mnKyaw,House of glow henna and beauty ladies salon صالون,DIRECT,0.4356,5.0,Google Places API (New),2026-09-02T15:35:56+00:00
36,Baniyas,ChIJ5ch6Hag3Xj4RlU_4s1p7o8s,24.2973631,54.6332474,ChIJN2YaKjo3Xj4RP5c-7TO_fxk,صالون سامبا للسيدات,DIRECT,0.4513,5.0,Google Places API (New),2026-09-02T15:35:56+00:00
36,Baniyas,ChIJ5ch6Hag3Xj4RlU_4s1p7o8s,24.2973631,54.6332474,ChIJr0TWFSo3Xj4Rd2IjsTaEgDo,Thai Touch Massage,ADJACENT,0.457,5.0,Google Places API (New),2026-09-02T15:35:56+00:00
36,Baniyas,ChIJ5ch6Hag3Xj4RlU_4s1p7o8s,24.2973631,54.6332474,ChIJ1182DwA3Xj4R-sFwncDFA_s,Kanaan Saloon Spa Bani Yas,ADJACENT,0.4604,5.0,Google Places API (New),2026-09-02T15:35:56+00:00
36,Baniyas,ChIJ5ch6Hag3Xj4RlU_4s1p7o8s,24.2973631,54.6332474,ChIJxfs_Lzo3Xj4RU0tYtvjdnGk,صالون الإخلاص,DIRECT,0.4626,5.0,Google Places API (New),2026-09-02T15:35:56+00:00
36,Baniyas,ChIJ5ch6Hag3Xj4RlU_4s1p7o8s,24.2973631,54.6332474,ChIJaS1n9Do3Xj4RNzenzLcsyxI,OLD SHABANA Ladies Salon - Shabana Lounge Beauty and Spa - MAIN,ADJACENT,0.4639,5.0,Google Places API (New),2026-09-02T15:35:56+00:00
36,Baniyas,ChIJ5ch6Hag3Xj4RlU_4s1p7o8s,24.2973631,54.6332474,ChIJC_38PgA3Xj4RtHKXGietAtY,Vera Lux Beauty Salon صالون فيرا لتجميل السيدات,ADJACENT,0.4656,5.0,Google Places API (New),2026-09-02T15:35:56+00:00
36,Baniyas,ChIJ5ch6Hag3Xj4RlU_4s1p7o8s,24.2973631,54.6332474,ChIJLYzElP03Xj4REreRhHMZUxA,Wardat Buthaina baniyas صالون ورده بثينه,DIRECT,0.4995,5.0,Google Places API (New),2026-09-02T15:35:56+00:00
36,Baniyas,ChIJ5ch6Hag3Xj4RlU_4s1p7o8s,24.2973631,54.6332474,ChIJo43uxzs3Xj4RVXtbF8SINMg,Sisters Ladies Saloon,DIRECT,0.5063,5.0,Google Places API (New),2026-09-02T15:35:56+00:00
36,Baniyas,ChIJ5ch6Hag3Xj4RlU_4s1p7o8s,24.2973631,54.6332474,ChIJ_zKmtTs3Xj4RYRpi9OuNKb0,صالون عبير للتجميل و الحناء Abeer Beauty & Henna Saloon Baniyas,DIRECT,0.5356,5.0,Google Places API (New),2026-09-02T15:35:56+00:00
36,Baniyas,ChIJ5ch6Hag3Xj4RlU_4s1p7o8s,24.2973631,54.6332474,ChIJoxRgnkg3Xj4RIGkHLMuWTCU,كاندل سبا,ADJACENT,0.5669,5.0,Google Places API (New),2026-09-02T15:35:56+00:00
36,Baniyas,ChIJ5ch6Hag3Xj4RlU_4s1p7o8s,24.2973631,54.6332474,ChIJeZNVTTo3Xj4RNboEW6oqe5w,Saloon Shameem,DIRECT,0.5871,5.0,Google Places API (New),2026-09-02T15:35:56+00:00
36,Baniyas,ChIJ5ch6Hag3Xj4RlU_4s1p7o8s,24.2973631,54.6332474,ChIJOUYK5mQ3Xj4RgsLlrhLrwdk,صالون الابتهال للحناء,DIRECT,0.591,5.0,Google Places API (New),2026-09-02T15:35:56+00:00
36,Baniyas,ChIJ5ch6Hag3Xj4RlU_4s1p7o8s,24.2973631,54.6332474,ChIJm1gKcAhpXj4RtVHtytsjU04,The Hair Bar Beauty lounge,DIRECT,0.5943,5.0,Google Places API (New),2026-09-02T15:35:56+00:00
36,Baniyas,ChIJ5ch6Hag3Xj4RlU_4s1p7o8s,24.2973631,54.6332474,ChIJdYcPIiA3Xj4R_ESwePZVZtI,Prestige Palace Massage Spa,ADJACENT,0.6139,5.0,Google Places API (New),2026-09-02T15:35:56+00:00
36,Baniyas,ChIJ5ch6Hag3Xj4RlU_4s1p7o8s,24.2973631,54.6332474,ChIJBSrvv4g3Xj4RDbDoMM4y3IE,Kasia Spa,ADJACENT,0.6139,5.0,Google Places API (New),2026-09-02T15:35:56+00:00
36,Baniyas,ChIJ5ch6Hag3Xj4RlU_4s1p7o8s,24.2973631,54.6332474,ChIJxxnigx03Xj4RSldGUBcB664,Golden Lotus Spa - Baniyas Plaza Hotel,ADJACENT,0.6357,5.0,Google Places API (New),2026-09-02T15:35:56+00:00
36,Baniyas,ChIJ5ch6Hag3Xj4RlU_4s1p7o8s,24.2973631,54.6332474,ChIJewESz9c3Xj4RAIgOAtJjRMc,Sunshine Wellness Man SPA,ADJACENT,0.6448,5.0,Google Places API (New),2026-09-02T15:35:56+00:00
36,Baniyas,ChIJ5ch6Hag3Xj4RlU_4s1p7o8s,24.2973631,54.6332474,ChIJZaPHks03Xj4R6n0H-_TPtQw,Serenity Room Ladies Salon صالون سيرينيتي روم للسيدات بني ياس,DIRECT,0.6681,5.0,Google Places API (New),2026-09-02T15:35:56+00:00
36,Baniyas,ChIJ5ch6Hag3Xj4RlU_4s1p7o8s,24.2973631,54.6332474,ChIJjV4_8zo3Xj4Rimg3RsMt3mU,DESERT CLASSIC LADIES SALON2,DIRECT,0.7197,5.0,Google Places API (New),2026-09-02T15:35:56+00:00
36,Baniyas,ChIJ5ch6Hag3Xj4RlU_4s1p7o8s,24.2973631,54.6332474,ChIJtfowytc5Xj4RNDIQaQ9jm1g,Desert Classic Ladies Salon Branch-1,DIRECT,0.7225,5.0,Google Places API (New),2026-09-02T15:35:56+00:00
36,Baniyas,ChIJ5ch6Hag3Xj4RlU_4s1p7o8s,24.2973631,54.6332474,ChIJv_rQ_UM3Xj4RvZ0kYwJzzC8,صالون حمدان ناصر,DIRECT,0.7743,5.0,Google Places API (New),2026-09-02T15:35:56+00:00
36,Baniyas,ChIJ5ch6Hag3Xj4RlU_4s1p7o8s,24.2973631,54.6332474,ChIJ3ZZfdZE3Xj4RvJC-9ch6Gfo,Blane Ladies Salon,DIRECT,0.7956,5.0,Google Places API (New),2026-09-02T15:35:56+00:00
36,Baniyas,ChIJ5ch6Hag3Xj4RlU_4s1p7o8s,24.2973631,54.6332474,ChIJT_auE3s3Xj4RdXaLdEzxXV4,Jenny elegance spa and massage,ADJACENT,0.9523,5.0,Google Places API (New),2026-09-02T15:35:56+00:00
36,Baniyas,ChIJ5ch6Hag3Xj4RlU_4s1p7o8s,24.2973631,54.6332474,ChIJ7_dsdWo3Xj4RXbS8RI3x6Os,Home Saloon and Henna Services by Mirha ( Henna expert) نقش حناء في المنزل,DIRECT,1.0147,5.0,Google Places API (New),2026-09-02T15:35:56+00:00
36,Baniyas,ChIJ5ch6Hag3Xj4RlU_4s1p7o8s,24.2973631,54.6332474,ChIJL1UIODI3Xj4RCGdEtUUvv2E,Mumtaz Saloon,DIRECT,1.275,5.0,Google Places API (New),2026-09-02T15:35:56+00:00
36,Baniyas,ChIJ5ch6Hag3Xj4RlU_4s1p7o8s,24.2973631,54.6332474,ChIJcayFawA3Xj4RGL4NMt-j9P8,بوقاسم الحضرمي,DIRECT,1.3348,5.0,Google Places API (New),2026-09-02T15:35:56+00:00
36,Baniyas,ChIJ5ch6Hag3Xj4RlU_4s1p7o8s,24.2973631,54.6332474,ChIJySPEeAA3Xj4R86ydETlyKcI,صالون سونا بني ياس sona salon,DIRECT,1.3408,5.0,Google Places API (New),2026-09-02T15:35:56+00:00
36,Baniyas,ChIJ5ch6Hag3Xj4RlU_4s1p7o8s,24.2973631,54.6332474,ChIJxaeFdgA3Xj4RZzOvlvGfAds,Spa Baniyas Home Service,ADJACENT,1.3441,5.0,Google Places API (New),2026-09-02T15:35:56+00:00
36,Baniyas,ChIJ5ch6Hag3Xj4RlU_4s1p7o8s,24.2973631,54.6332474,ChIJSXAjf_o3Xj4RM-Z9rnoLqQM,Sewing corner abudhabi,DIRECT,1.4076,5.0,Google Places API (New),2026-09-02T15:35:56+00:00
36,Baniyas,ChIJ5ch6Hag3Xj4RlU_4s1p7o8s,24.2973631,54.6332474,ChIJc9JWNrA3Xj4Rx2G4o_8krTg,"SALOON,, AL SOUQ, AL MARKAZI",DIRECT,1.5435,5.0,Google Places API (New),2026-09-02T15:35:56+00:00
36,Baniyas,ChIJ5ch6Hag3Xj4RlU_4s1p7o8s,24.2973631,54.6332474,ChIJqbZoi0E3Xj4RqvcwgAiD-I0,Octa ladies beauty center,DIRECT,1.7249,5.0,Google Places API (New),2026-09-02T15:35:56+00:00
36,Baniyas,ChIJ5ch6Hag3Xj4RlU_4s1p7o8s,24.2973631,54.6332474,ChIJCdkvq-G3ij4RlSWto3RUY9Q,Pretty massage spa center,ADJACENT,1.7402,5.0,Google Places API (New),2026-09-02T15:35:56+00:00
36,Baniyas,ChIJ5ch6Hag3Xj4RlU_4s1p7o8s,24.2973631,54.6332474,ChIJDT-yNQA3Xj4Rvn8oUGWg5sc,ciseau blanc salon,DIRECT,1.7426,5.0,Google Places API (New),2026-09-02T15:35:56+00:00
36,Baniyas,ChIJ5ch6Hag3Xj4RlU_4s1p7o8s,24.2973631,54.6332474,ChIJ0-UqaLA3Xj4RQyw3xdUBT8Y,Shine Creation Beauty Ladies Center,DIRECT,1.754,5.0,Google Places API (New),2026-09-02T15:35:56+00:00
36,Baniyas,ChIJ5ch6Hag3Xj4RlU_4s1p7o8s,24.2973631,54.6332474,ChIJLwJz4iE3Xj4RJU4kyWBwJD8,Peony Beauty Center,DIRECT,1.9101,5.0,Google Places API (New),2026-09-02T15:35:56+00:00
36,Baniyas,ChIJ5ch6Hag3Xj4RlU_4s1p7o8s,24.2973631,54.6332474,ChIJ39lgm6M3Xj4RbqH0Ipuq43c,Sugar Beauty Lounge Bawabat,DIRECT,1.9587,5.0,Google Places API (New),2026-09-02T15:35:56+00:00
36,Baniyas,ChIJ5ch6Hag3Xj4RlU_4s1p7o8s,24.2973631,54.6332474,ChIJZbAdeyg3Xj4RhrWxz1sAecs,Turquoise Spa,DIRECT,2.0047,5.0,Google Places API (New),2026-09-02T15:35:56+00:00
36,Baniyas,ChIJ5ch6Hag3Xj4RlU_4s1p7o8s,24.2973631,54.6332474,ChIJcR8_Ag03Xj4RoMKJBgEMuA4,Shaimaa Alghadeer Laydi Saloon,DIRECT,2.0377,5.0,Google Places API (New),2026-09-02T15:35:56+00:00
36,Baniyas,ChIJ5ch6Hag3Xj4RlU_4s1p7o8s,24.2973631,54.6332474,ChIJBfiK_gU3Xj4RveC4lqwKWko,Companion Beauty Salon - AbuDhabi - Bawabat Al Sharq Mall (8th BR),DIRECT,2.0529,5.0,Google Places API (New),2026-09-02T15:35:56+00:00
36,Baniyas,ChIJ5ch6Hag3Xj4RlU_4s1p7o8s,24.2973631,54.6332474,ChIJTQLaGGwxXj4RtC5iJ9F4WH4,Dana Al Yawazi Women Beauty Center LLC SPC,DIRECT,2.1142,5.0,Google Places API (New),2026-09-02T15:35:56+00:00
36,Baniyas,ChIJ5ch6Hag3Xj4RlU_4s1p7o8s,24.2973631,54.6332474,ChIJ6Zahg84xXj4RWrLGHhmXVFU,صالون الساقيه,DIRECT,2.122,5.0,Google Places API (New),2026-09-02T15:35:56+00:00
36,Baniyas,ChIJ5ch6Hag3Xj4RlU_4s1p7o8s,24.2973631,54.6332474,ChIJQ5qjYpc3Xj4RTAn_1hI76aI,izil Moroccan Beauty | Hammam & SPA - Bawabat Al Sharq Mall,DIRECT,2.1295,5.0,Google Places API (New),2026-09-02T15:35:56+00:00
36,Baniyas,ChIJ5ch6Hag3Xj4RlU_4s1p7o8s,24.2973631,54.6332474,ChIJL-4MydMwXj4RwCG1pUPCqBE,Mohd Akram Din Saloon,DIRECT,2.172,5.0,Google Places API (New),2026-09-02T15:35:56+00:00
36,Baniyas,ChIJ5ch6Hag3Xj4RlU_4s1p7o8s,24.2973631,54.6332474,ChIJS3E1SQAxXj4RxnPr3mawtWI,Floral Touch Ladies Beauty Salon (صالون فلورال تاتش ليديز بيوتي),DIRECT,2.2111,5.0,Google Places API (New),2026-09-02T15:35:56+00:00
36,Baniyas,ChIJ5ch6Hag3Xj4RlU_4s1p7o8s,24.2973631,54.6332474,ChIJOyibkek3Xj4RNtUWnHkJcHs,صالون روز نيلز للسيدات,DIRECT,2.2696,5.0,Google Places API (New),2026-09-02T15:35:56+00:00
36,Baniyas,ChIJ5ch6Hag3Xj4RlU_4s1p7o8s,24.2973631,54.6332474,ChIJ40-DSf43Xj4RiE7IGLOBm9k,جنة مركز نسائي للتدليك والاسترخاء Jannah women massage and relaxation center,DIRECT,2.3067,5.0,Google Places API (New),2026-09-02T15:35:56+00:00
36,Baniyas,ChIJ5ch6Hag3Xj4RlU_4s1p7o8s,24.2973631,54.6332474,ChIJRYqhWAA3Xj4RHPWhQzSfkWI,Etoile beauty salon,DIRECT,2.3261,5.0,Google Places API (New),2026-09-02T15:35:56+00:00
36,Baniyas,ChIJ5ch6Hag3Xj4RlU_4s1p7o8s,24.2973631,54.6332474,ChIJ2Vb-EwA3Xj4Rvihc0dAhjho,صالون رويال Royal Saloon,DIRECT,2.3275,5.0,Google Places API (New),2026-09-02T15:35:56+00:00
36,Baniyas,ChIJ5ch6Hag3Xj4RlU_4s1p7o8s,24.2973631,54.6332474,ChIJKYgzG_g3Xj4Ro3U1KPZAqbI,لافيرت بيوتي صالون La verte Beauty salon,DIRECT,2.3409,5.0,Google Places API (New),2026-09-02T15:35:56+00:00
36,Baniyas,ChIJ5ch6Hag3Xj4RlU_4s1p7o8s,24.2973631,54.6332474,ChIJV6YIh8k3Xj4RrOj5e4LpLng,Cateye beauty كات اي بيوتي,DIRECT,2.3606,5.0,Google Places API (New),2026-09-02T15:35:56+00:00
36,Baniyas,ChIJ5ch6Hag3Xj4RlU_4s1p7o8s,24.2973631,54.6332474,ChIJn8JqQR03Xj4REWqgFbMUIYQ,صالون شباب سناب,DIRECT,2.44,5.0,Google Places API (New),2026-09-02T15:35:56+00:00
36,Baniyas,ChIJ5ch6Hag3Xj4RlU_4s1p7o8s,24.2973631,54.6332474,ChIJg-4lyOM3Xj4RjXGHH6n7wOw,House of Hair Cutt,DIRECT,2.5786,5.0,Google Places API (New),2026-09-02T15:35:56+00:00
36,Baniyas,ChIJ5ch6Hag3Xj4RlU_4s1p7o8s,24.2973631,54.6332474,ChIJNUWVaoM3Xj4RHWdV5LZ8nYM,Arous al Sahara Saloon,DIRECT,2.5854,5.0,Google Places API (New),2026-09-02T15:35:56+00:00
36,Baniyas,ChIJ5ch6Hag3Xj4RlU_4s1p7o8s,24.2973631,54.6332474,ChIJcZqDBgAxXj4RARRPAyKMcKM,Zeeshan,DIRECT,2.6539,5.0,Google Places API (New),2026-09-02T15:35:56+00:00
36,Baniyas,ChIJ5ch6Hag3Xj4RlU_4s1p7o8s,24.2973631,54.6332474,ChIJP62LnMA3Xj4RIszOUCkof-4,Crown worthy beauty center مركز كراون ويرثي للتجميل,DIRECT,2.8424,5.0,Google Places API (New),2026-09-02T15:35:56+00:00
36,Baniyas,ChIJ5ch6Hag3Xj4RlU_4s1p7o8s,24.2973631,54.6332474,ChIJtZvbeaE5Xj4RcFGOifDqc9A,صالون الفارس البيض لرجال,DIRECT,3.0042,5.0,Google Places API (New),2026-09-02T15:35:56+00:00
36,Baniyas,ChIJ5ch6Hag3Xj4RlU_4s1p7o8s,24.2973631,54.6332474,ChIJtxEsPYA3Xj4RxcW4fkSzM3c,Romantic Salon for Ladies-صالون رومانتك للسيدات,DIRECT,3.2245,5.0,Google Places API (New),2026-09-02T15:35:56+00:00
36,Baniyas,ChIJ5ch6Hag3Xj4RlU_4s1p7o8s,24.2973631,54.6332474,ChIJMf7gtVM3Xj4RVkTZQc-IkxI,Saloon Abu Hamdan1,DIRECT,3.2319,5.0,Google Places API (New),2026-09-02T15:35:56+00:00
36,Baniyas,ChIJ5ch6Hag3Xj4RlU_4s1p7o8s,24.2973631,54.6332474,ChIJY9wBUAA3Xj4RHgCm5aISavs,عروس الصحراء,DIRECT,3.2412,5.0,Google Places API (New),2026-09-02T15:35:56+00:00
36,Baniyas,ChIJ5ch6Hag3Xj4RlU_4s1p7o8s,24.2973631,54.6332474,ChIJfdd0XWc5Xj4R7X8N9miotYw,Zahrat Al Batul Ladies Beauty Center,DIRECT,3.245,5.0,Google Places API (New),2026-09-02T15:35:56+00:00
36,Baniyas,ChIJ5ch6Hag3Xj4RlU_4s1p7o8s,24.2973631,54.6332474,ChIJo-M-QIM3Xj4R6Kb4dHbsx_E,Posh Beauty Center,DIRECT,3.2452,5.0,Google Places API (New),2026-09-02T15:35:56+00:00
36,Baniyas,ChIJ5ch6Hag3Xj4RlU_4s1p7o8s,24.2973631,54.6332474,ChIJsRoSa4M3Xj4RfpDYwYxKiBM,صالون الصريديه,DIRECT,3.2487,5.0,Google Places API (New),2026-09-02T15:35:56+00:00
36,Baniyas,ChIJ5ch6Hag3Xj4RlU_4s1p7o8s,24.2973631,54.6332474,ChIJBxiWyZE3Xj4RC8cf-0yK3kQ,Salon Arous al sahra al gabat branch,DIRECT,3.2509,5.0,Google Places API (New),2026-09-02T15:35:56+00:00
36,Baniyas,ChIJ5ch6Hag3Xj4RlU_4s1p7o8s,24.2973631,54.6332474,ChIJt_rot6w3Xj4RywzijzxGx14,صالون سونا الشوامخ,DIRECT,3.5872,5.0,Google Places API (New),2026-09-02T15:35:56+00:00
36,Baniyas,ChIJ5ch6Hag3Xj4RlU_4s1p7o8s,24.2973631,54.6332474,ChIJhyCqeQA3Xj4R_lcerU-oqbY,Massage Emily Relax Body,ADJACENT,3.5991,5.0,Google Places API (New),2026-09-02T15:35:56+00:00
36,Baniyas,ChIJ5ch6Hag3Xj4RlU_4s1p7o8s,24.2973631,54.6332474,ChIJK1Ok9FY3Xj4RCP6gmI_LbbI,Best moments salon,DIRECT,3.6627,5.0,Google Places API (New),2026-09-02T15:35:56+00:00
36,Baniyas,ChIJ5ch6Hag3Xj4RlU_4s1p7o8s,24.2973631,54.6332474,ChIJH24wKv1RXj4RvSYUszn_Y_A,Sonic Spa,ADJACENT,3.7739,5.0,Google Places API (New),2026-09-02T15:35:56+00:00
36,Baniyas,ChIJ5ch6Hag3Xj4RlU_4s1p7o8s,24.2973631,54.6332474,ChIJbURih5o3Xj4R4qP2Jcu8C8k,Metropolitan Al Mafraq Hotel,ADJACENT,3.8018,5.0,Google Places API (New),2026-09-02T15:35:56+00:00
36,Baniyas,ChIJ5ch6Hag3Xj4RlU_4s1p7o8s,24.2973631,54.6332474,ChIJx5_ERCppXj4RW2jFEvDfvPc,Sensation Spa at Metropolitan Al Mafraq Hotel,ADJACENT,3.81,5.0,Google Places API (New),2026-09-02T15:35:56+00:00
36,Baniyas,ChIJ5ch6Hag3Xj4RlU_4s1p7o8s,24.2973631,54.6332474,ChIJY0VC2YY3Xj4R6IxzHw9HKIo,Mari massage spa,ADJACENT,3.826,5.0,Google Places API (New),2026-09-02T15:35:56+00:00
36,Baniyas,ChIJ5ch6Hag3Xj4RlU_4s1p7o8s,24.2973631,54.6332474,ChIJhzTbC103Xj4RjodcumrbGZw,Freesia Beauty Center-Luxury Services (Madinati Mall),DIRECT,3.9004,5.0,Google Places API (New),2026-09-02T15:35:56+00:00
36,Baniyas,ChIJ5ch6Hag3Xj4RlU_4s1p7o8s,24.2973631,54.6332474,ChIJr4V2Aik3Xj4RIFoc6EUP4bk,Tripping spa,ADJACENT,3.92,5.0,Google Places API (New),2026-09-02T15:35:56+00:00
36,Baniyas,ChIJ5ch6Hag3Xj4RlU_4s1p7o8s,24.2973631,54.6332474,ChIJp39vgc8xXj4R0enSOIbQ8YM,Golden Braids Ladies Saloon,DIRECT,4.227,5.0,Google Places API (New),2026-09-02T15:35:56+00:00
28,City Walk,ChIJgarf82RCXz4Rk5W7_Oh9ZCM,25.2019849,55.2638147,ChIJnSNwimRCXz4RFzl5J6yPzDU,N.Bar Nail Spa & Salon City Walk Boulevard,DIRECT,0.2537,5.0,Google Places API (New),2026-09-02T15:35:56+00:00
28,City Walk,ChIJgarf82RCXz4Rk5W7_Oh9ZCM,25.2019849,55.2638147,ChIJlcpfSXxCXz4RSCAq5R26n3c,Furless Permanent Coca-Cola Arena/City Walk - SZR,DIRECT,0.3756,5.0,Google Places API (New),2026-09-02T15:35:56+00:00
28,City Walk,ChIJgarf82RCXz4Rk5W7_Oh9ZCM,25.2019849,55.2638147,ChIJffEPtoBDXz4RsOE7keGeUY0,Aurrum Spa - Ukrainian and Russian Massage Center,ADJACENT,0.4008,5.0,Google Places API (New),2026-09-02T15:35:56+00:00
28,City Walk,ChIJgarf82RCXz4Rk5W7_Oh9ZCM,25.2019849,55.2638147,ChIJjwmGh3xdXz4RkyRUy7IXAAY,InterContinental Dubai Festival City by IHG,ADJACENT,0.77,5.0,Google Places API (New),2026-09-02T15:35:56+00:00
28,City Walk,ChIJgarf82RCXz4Rk5W7_Oh9ZCM,25.2019849,55.2638147,ChIJb0_9DABhXz4Rp_39Xb4CO4A,Micro Vip CENTER,ADJACENT,0.9964,5.0,Google Places API (New),2026-09-02T15:35:56+00:00
28,City Walk,ChIJgarf82RCXz4Rk5W7_Oh9ZCM,25.2019849,55.2638147,ChIJsx8-I0FCXz4RkF31mTk1790,Hello Kitty Beauty Spa Dubai,DIRECT,1.0921,5.0,Google Places API (New),2026-09-02T15:35:56+00:00
28,City Walk,ChIJgarf82RCXz4Rk5W7_Oh9ZCM,25.2019849,55.2638147,ChIJ-06zQGlCXz4RxoQycX_Se1c,Aveda Dubai Flagship Salon,DIRECT,1.1261,5.0,Google Places API (New),2026-09-02T15:35:56+00:00
28,City Walk,ChIJgarf82RCXz4Rk5W7_Oh9ZCM,25.2019849,55.2638147,ChIJ__-vrIlCXz4RU6n0DOZPvK0,Bespoke Beauty Studio,DIRECT,1.1684,5.0,Google Places API (New),2026-09-02T15:35:56+00:00
28,City Walk,ChIJgarf82RCXz4Rk5W7_Oh9ZCM,25.2019849,55.2638147,ChIJx9ilFtRpXz4RPC6ViJ_i-2E,Tips and Toes - Business Bay - Dubai,DIRECT,1.2054,5.0,Google Places API (New),2026-09-02T15:35:56+00:00
28,City Walk,ChIJgarf82RCXz4Rk5W7_Oh9ZCM,25.2019849,55.2638147,ChIJl-AkqdxDXz4RAVkon7zOmaw,Plume Studio,ADJACENT,1.3452,5.0,Google Places API (New),2026-09-02T15:35:56+00:00
28,City Walk,ChIJgarf82RCXz4Rk5W7_Oh9ZCM,25.2019849,55.2638147,ChIJYYU_KS1DXz4RdcjCg_AwXeE,"Matryoshka Russian Beauty Salon – Nails, Lashes & Brows - DIFC, Dubai",DIRECT,1.3752,5.0,Google Places API (New),2026-09-02T15:35:56+00:00
28,City Walk,ChIJgarf82RCXz4Rk5W7_Oh9ZCM,25.2019849,55.2638147,ChIJoeYRXyppXz4REpDkKt-XK80,Armonia Spa,ADJACENT,1.3948,5.0,Google Places API (New),2026-09-02T15:35:56+00:00
28,City Walk,ChIJgarf82RCXz4Rk5W7_Oh9ZCM,25.2019849,55.2638147,ChIJ13g1usVDXz4RdLinKpuurv0,Amaraya Beauty Center,DIRECT,1.4187,5.0,Google Places API (New),2026-09-02T15:35:56+00:00
28,City Walk,ChIJgarf82RCXz4Rk5W7_Oh9ZCM,25.2019849,55.2638147,ChIJ6c2AYoFpXz4RilwGCaf6d1k,Hair Creators Salon,DIRECT,1.484,5.0,Google Places API (New),2026-09-02T15:35:56+00:00
28,City Walk,ChIJgarf82RCXz4Rk5W7_Oh9ZCM,25.2019849,55.2638147,ChIJlcRPQdNDXz4RifA_BEVi50A,Laguna SPA - Sheikh Zayed,ADJACENT,1.4853,5.0,Google Places API (New),2026-09-02T15:35:56+00:00
28,City Walk,ChIJgarf82RCXz4Rk5W7_Oh9ZCM,25.2019849,55.2638147,ChIJUQgqGVBDXz4RgJvfZWWdG-Y,KQ Spa and Massage Center,ADJACENT,1.5077,5.0,Google Places API (New),2026-09-02T15:35:56+00:00
28,City Walk,ChIJgarf82RCXz4Rk5W7_Oh9ZCM,25.2019849,55.2638147,ChIJK1VAzatDXz4Rq-4cA4BIN14,ELAN Lash & Brow Beauty Lounge,DIRECT,1.5334,5.0,Google Places API (New),2026-09-02T15:35:56+00:00
28,City Walk,ChIJgarf82RCXz4Rk5W7_Oh9ZCM,25.2019849,55.2638147,ChIJU6AlfpVbXz4RGFbwztuNhVQ,Mirna Kassab Beauty Center,DIRECT,1.5464,5.0,Google Places API (New),2026-09-02T15:35:56+00:00
28,City Walk,ChIJgarf82RCXz4Rk5W7_Oh9ZCM,25.2019849,55.2638147,ChIJC-YJFChoXz4Ru7vsBmyQHMg,Sisters Beauty Lounge Hair Salon - Dubai Mall,DIRECT,1.5564,5.0,Google Places API (New),2026-09-02T15:35:56+00:00
28,City Walk,ChIJgarf82RCXz4Rk5W7_Oh9ZCM,25.2019849,55.2638147,ChIJq25dk3tdXz4RCkHAN57lCqk,izil Moroccan Beauty | Hammam & SPA - Dubai Mall,DIRECT,1.587,5.0,Google Places API (New),2026-09-02T15:35:56+00:00
28,City Walk,ChIJgarf82RCXz4Rk5W7_Oh9ZCM,25.2019849,55.2638147,ChIJA4o41LVDXz4RcA2P_3VqBsU,Browns & Co.,DIRECT,1.6629,5.0,Google Places API (New),2026-09-02T15:35:56+00:00
28,City Walk,ChIJgarf82RCXz4Rk5W7_Oh9ZCM,25.2019849,55.2638147,ChIJ90ydelZDXz4RQc9i3swo3eU,CHADO SPA,DIRECT,1.6692,5.0,Google Places API (New),2026-09-02T15:35:56+00:00
28,City Walk,ChIJgarf82RCXz4Rk5W7_Oh9ZCM,25.2019849,55.2638147,ChIJcd3K8NdDXz4RR1h8ZuKn2dQ,Yinyang Connection Platinum Spa Dubai Mall,ADJACENT,1.7322,5.0,Google Places API (New),2026-09-02T15:35:56+00:00
28,City Walk,ChIJgarf82RCXz4Rk5W7_Oh9ZCM,25.2019849,55.2638147,ChIJrTf_vR9pXz4RuOYL30djD64,Symphony Beauty Clinic,DIRECT,1.7481,5.0,Google Places API (New),2026-09-02T15:35:56+00:00
28,City Walk,ChIJgarf82RCXz4Rk5W7_Oh9ZCM,25.2019849,55.2638147,ChIJOUYpPYVpXz4RkqrQ0oCXA3U,Cozy Bay SPA - Massage in Dubai,ADJACENT,1.7832,5.0,Google Places API (New),2026-09-02T15:35:56+00:00
28,City Walk,ChIJgarf82RCXz4Rk5W7_Oh9ZCM,25.2019849,55.2638147,ChIJIfaNTpJpXz4Rf2hAPr4ITJY,Its Beauty Ladies Salon – Business Bay,DIRECT,1.8237,5.0,Google Places API (New),2026-09-02T15:35:56+00:00
28,City Walk,ChIJgarf82RCXz4Rk5W7_Oh9ZCM,25.2019849,55.2638147,ChIJ6ao1YI_6Q6ERsjOXjcPwFsY,Lamore European Spa,DIRECT,1.8429,5.0,Google Places API (New),2026-09-02T15:35:56+00:00
28,City Walk,ChIJgarf82RCXz4Rk5W7_Oh9ZCM,25.2019849,55.2638147,ChIJjTTlILtpXz4R9D--AtcxpyI,Hair Avenue Beauty Salon,DIRECT,1.8726,5.0,Google Places API (New),2026-09-02T15:35:56+00:00
28,City Walk,ChIJgarf82RCXz4Rk5W7_Oh9ZCM,25.2019849,55.2638147,ChIJw5hG6zZqXz4RMwxx2F-B6QE,Salon Afrina Beauty & Henna - Jumeirah,DIRECT,1.9291,5.0,Google Places API (New),2026-09-02T15:35:56+00:00
28,City Walk,ChIJgarf82RCXz4Rk5W7_Oh9ZCM,25.2019849,55.2638147,ChIJCQGHccxDXz4RjNHgqI9pZDE,Hair Corner Salon,DIRECT,1.9301,5.0,Google Places API (New),2026-09-02T15:35:56+00:00
28,City Walk,ChIJgarf82RCXz4Rk5W7_Oh9ZCM,25.2019849,55.2638147,ChIJj7jMk9dpXz4RpgWmZysF8Mk,Adelya Beauty Salon,DIRECT,1.9309,5.0,Google Places API (New),2026-09-02T15:35:56+00:00
28,City Walk,ChIJgarf82RCXz4Rk5W7_Oh9ZCM,25.2019849,55.2638147,ChIJXeCMTcNDXz4RUk-wbt21xQc,Cora Spa Massage Center - Sheikh Zayed Road Dubai,ADJACENT,1.9655,5.0,Google Places API (New),2026-09-02T15:35:56+00:00
28,City Walk,ChIJgarf82RCXz4Rk5W7_Oh9ZCM,25.2019849,55.2638147,ChIJ00cEbsBpXz4RP7zwiBHcMCY,Bash Lab,DIRECT,1.9785,5.0,Google Places API (New),2026-09-02T15:35:56+00:00
28,City Walk,ChIJgarf82RCXz4Rk5W7_Oh9ZCM,25.2019849,55.2638147,ChIJiTDAc45CXz4R1sFRBmmcgdg,Y12 Hair Salon,DIRECT,1.9813,5.0,Google Places API (New),2026-09-02T15:35:56+00:00
28,City Walk,ChIJgarf82RCXz4Rk5W7_Oh9ZCM,25.2019849,55.2638147,ChIJwZpk-11DXz4RpXWNPfc_7j0,Al khair 3 building,DIRECT,1.9846,5.0,Google Places API (New),2026-09-02T15:35:56+00:00
28,City Walk,ChIJgarf82RCXz4Rk5W7_Oh9ZCM,25.2019849,55.2638147,ChIJx0WdTdtpXz4R-rWz9lgwd8I,Le Michel Salons Downtown Dubai,DIRECT,2.0262,5.0,Google Places API (New),2026-09-02T15:35:56+00:00
28,City Walk,ChIJgarf82RCXz4Rk5W7_Oh9ZCM,25.2019849,55.2638147,ChIJR4QYtRZCXz4Rrj6Pg9cUZ3Y,Dubai: 306 Spa | Award-Winning Hair & Beauty Salon Jumeirah,DIRECT,2.0684,5.0,Google Places API (New),2026-09-02T15:35:56+00:00
28,City Walk,ChIJgarf82RCXz4Rk5W7_Oh9ZCM,25.2019849,55.2638147,ChIJAX38lnhDXz4R6NfrS3bY6yo,Waldorf Astoria Dubai International Financial Centre,ADJACENT,2.083,5.0,Google Places API (New),2026-09-02T15:35:56+00:00
28,City Walk,ChIJgarf82RCXz4Rk5W7_Oh9ZCM,25.2019849,55.2638147,ChIJGby4pNtpXz4RBWuG57JncIE,Hilton Dubai Al Habtoor City,ADJACENT,2.1268,5.0,Google Places API (New),2026-09-02T15:35:56+00:00
28,City Walk,ChIJgarf82RCXz4Rk5W7_Oh9ZCM,25.2019849,55.2638147,ChIJwaW8zlVpXz4R_QxOLPP2a1s,"HIGH22 – Beauty Salon, Dubai, Business Bay, Marquise Square Tower",DIRECT,2.1896,5.0,Google Places API (New),2026-09-02T15:35:56+00:00
28,City Walk,ChIJgarf82RCXz4Rk5W7_Oh9ZCM,25.2019849,55.2638147,ChIJwx_IedtpXz4Rwt7XtQ0r7IU,Al Habtoor City,ADJACENT,2.1986,5.0,Google Places API (New),2026-09-02T15:35:56+00:00
28,City Walk,ChIJgarf82RCXz4Rk5W7_Oh9ZCM,25.2019849,55.2638147,ChIJaTs5JpZDXz4RWVY_icT2GvA,It's Beauty,DIRECT,2.2079,5.0,Google Places API (New),2026-09-02T15:35:56+00:00
28,City Walk,ChIJgarf82RCXz4Rk5W7_Oh9ZCM,25.2019849,55.2638147,ChIJk7BNq4JpXz4R32UzidiqOF8,Ivy Beauty & Bubbles Hub Marquise Square,DIRECT,2.2243,5.0,Google Places API (New),2026-09-02T15:35:56+00:00
28,City Walk,ChIJgarf82RCXz4Rk5W7_Oh9ZCM,25.2019849,55.2638147,ChIJb24L7yhDXz4R7HnpINFRsqc,Oasis Day Spa & Massage,ADJACENT,2.2278,5.0,Google Places API (New),2026-09-02T15:35:56+00:00
28,City Walk,ChIJgarf82RCXz4Rk5W7_Oh9ZCM,25.2019849,55.2638147,ChIJp5gj9o1CXz4Rde77RZWQvKs,Four Seasons Hotel Dubai International Financial Centre,ADJACENT,2.2575,5.0,Google Places API (New),2026-09-02T15:35:56+00:00
28,City Walk,ChIJgarf82RCXz4Rk5W7_Oh9ZCM,25.2019849,55.2638147,ChIJS15ZNqBDXz4RWD6tXpCSYCk,Hair Repair Salon,DIRECT,2.2638,5.0,Google Places API (New),2026-09-02T15:35:56+00:00
28,City Walk,ChIJgarf82RCXz4Rk5W7_Oh9ZCM,25.2019849,55.2638147,ChIJ19P5yoVpXz4Re7UB_llumAk,La Perla Luxury Russian & European SPA,ADJACENT,2.3066,5.0,Google Places API (New),2026-09-02T15:35:56+00:00
28,City Walk,ChIJgarf82RCXz4Rk5W7_Oh9ZCM,25.2019849,55.2638147,ChIJm8KuZNtpXz4RoA06ag1r5Tw,"Al Habtoor Palace, Preferred Hotels & Resorts",ADJACENT,2.3074,5.0,Google Places API (New),2026-09-02T15:35:56+00:00
28,City Walk,ChIJgarf82RCXz4Rk5W7_Oh9ZCM,25.2019849,55.2638147,ChIJ56d0uz5pXz4RM71e2F5ErjM,Wishah Spa | Massage Center Business Bay Dubai,ADJACENT,2.3094,5.0,Google Places API (New),2026-09-02T15:35:56+00:00
28,City Walk,ChIJgarf82RCXz4Rk5W7_Oh9ZCM,25.2019849,55.2638147,ChIJKw2VzWpdXz4R9Fjni2GIp7Y,Pandora Spa and Massage,ADJACENT,2.3514,5.0,Google Places API (New),2026-09-02T15:35:56+00:00
28,City Walk,ChIJgarf82RCXz4Rk5W7_Oh9ZCM,25.2019849,55.2638147,ChIJAwtwSgBpXz4RkvpdqtfmZzA,InterContinental Residences Dubai Business Bay by IHG,ADJACENT,2.3573,5.0,Google Places API (New),2026-09-02T15:35:56+00:00
28,City Walk,ChIJgarf82RCXz4Rk5W7_Oh9ZCM,25.2019849,55.2638147,ChIJW4eo-VFCXz4RieFckb95Wqo,Four Seasons Resort Dubai at Jumeirah Beach,ADJACENT,2.3749,5.0,Google Places API (New),2026-09-02T15:35:56+00:00
28,City Walk,ChIJgarf82RCXz4Rk5W7_Oh9ZCM,25.2019849,55.2638147,ChIJPdTUEzBoXz4Rrslyy-2ko0s,DoubleTree by Hilton Dubai - Business Bay,ADJACENT,2.3879,5.0,Google Places API (New),2026-09-02T15:35:56+00:00
28,City Walk,ChIJgarf82RCXz4Rk5W7_Oh9ZCM,25.2019849,55.2638147,ChIJRajt97dpXz4RuIjsa4QOCL0,Velvet Massage Spa,ADJACENT,2.4262,5.0,Google Places API (New),2026-09-02T15:35:56+00:00
28,City Walk,ChIJgarf82RCXz4Rk5W7_Oh9ZCM,25.2019849,55.2638147,ChIJN6HokZ1pXz4RwflvRKh7e9o,Cuts & Nails Beauty Salon,DIRECT,2.4666,5.0,Google Places API (New),2026-09-02T15:35:56+00:00
28,City Walk,ChIJgarf82RCXz4Rk5W7_Oh9ZCM,25.2019849,55.2638147,ChIJPd_il09CXz4RNCGy4Mah_Mo,Zieda Beauty Lounge,DIRECT,2.5105,5.0,Google Places API (New),2026-09-02T15:35:56+00:00
28,City Walk,ChIJgarf82RCXz4Rk5W7_Oh9ZCM,25.2019849,55.2638147,ChIJ74TuJThpXz4R0grQUFgC4YU,Ivy Beauty & Bubbles Hotel Indigo Business Bay,DIRECT,2.546,5.0,Google Places API (New),2026-09-02T15:35:56+00:00
28,City Walk,ChIJgarf82RCXz4Rk5W7_Oh9ZCM,25.2019849,55.2638147,ChIJQWakM0BpXz4RWiHoZdv1lVA,Blossom & Berry Beauty Salon,DIRECT,2.6247,5.0,Google Places API (New),2026-09-02T15:35:56+00:00
28,City Walk,ChIJgarf82RCXz4Rk5W7_Oh9ZCM,25.2019849,55.2638147,ChIJ59Ev7_FrXz4RogB4jZ3p6Tw,Brow&Beauty Aesthetic Clinic,DIRECT,2.6587,5.0,Google Places API (New),2026-09-02T15:35:56+00:00
28,City Walk,ChIJgarf82RCXz4Rk5W7_Oh9ZCM,25.2019849,55.2638147,ChIJ7ddNpqppXz4RUcsINlXKdig,Nails LAB Salon - Hair & Body (Business Bay Branch),DIRECT,2.6601,5.0,Google Places API (New),2026-09-02T15:35:56+00:00
28,City Walk,ChIJgarf82RCXz4Rk5W7_Oh9ZCM,25.2019849,55.2638147,ChIJySbKg_JCXz4RXmzFM-GRpv8,"Nazih Beauty | Blue Tower, SZR | Dubai",DIRECT,2.7061,5.0,Google Places API (New),2026-09-02T15:35:56+00:00
28,City Walk,ChIJgarf82RCXz4Rk5W7_Oh9ZCM,25.2019849,55.2638147,ChIJU9tRFZBpXz4RCtjRVR5Mbrs,Unique You Downtown,DIRECT,2.7093,5.0,Google Places API (New),2026-09-02T15:35:56+00:00
28,City Walk,ChIJgarf82RCXz4Rk5W7_Oh9ZCM,25.2019849,55.2638147,ChIJcbLNDQJpXz4RB63_J6d14_o,Embassy Suites by Hilton Dubai Business Bay,ADJACENT,2.7498,5.0,Google Places API (New),2026-09-02T15:35:56+00:00
28,City Walk,ChIJgarf82RCXz4Rk5W7_Oh9ZCM,25.2019849,55.2638147,ChIJI4elhJxpXz4RxxBRnNA489w,Lilia Magic Beauty Salon - Beauty Salon,DIRECT,2.8028,5.0,Google Places API (New),2026-09-02T15:35:56+00:00
28,City Walk,ChIJgarf82RCXz4Rk5W7_Oh9ZCM,25.2019849,55.2638147,ChIJ8QQdkq5pXz4RX3FnLte83Rk,BAE Russian beauty salon Lashes Hair Nails,DIRECT,2.9109,5.0,Google Places API (New),2026-09-02T15:35:56+00:00
28,City Walk,ChIJgarf82RCXz4Rk5W7_Oh9ZCM,25.2019849,55.2638147,ChIJPfQtSJZDXz4R-NYmM5I4aus,We Young Wellness,DIRECT,2.9534,5.0,Google Places API (New),2026-09-02T15:35:56+00:00
28,City Walk,ChIJgarf82RCXz4Rk5W7_Oh9ZCM,25.2019849,55.2638147,ChIJkzEOYOJpXz4RlbTuDgHA32w,Mary Foot Spa Al Wasl,ADJACENT,3.0043,5.0,Google Places API (New),2026-09-02T15:35:56+00:00
28,City Walk,ChIJgarf82RCXz4Rk5W7_Oh9ZCM,25.2019849,55.2638147,ChIJj4ruxS5DXz4Rnwa0xss7RRc,The Hideaway,DIRECT,3.0215,5.0,Google Places API (New),2026-09-02T15:35:56+00:00
28,City Walk,ChIJgarf82RCXz4Rk5W7_Oh9ZCM,25.2019849,55.2638147,ChIJVVVlwe1CXz4RU6KsOwz5b-E,Nassima Tower Hotel Apartments | Sheikh Zayed Road | Dubai,ADJACENT,3.0514,5.0,Google Places API (New),2026-09-02T15:35:56+00:00
28,City Walk,ChIJgarf82RCXz4Rk5W7_Oh9ZCM,25.2019849,55.2638147,ChIJSZ_21VNCXz4RF_RUOtD_cEQ,Yinyang Connection Spa - Massage in Dubai,ADJACENT,3.1084,5.0,Google Places API (New),2026-09-02T15:35:56+00:00
28,City Walk,ChIJgarf82RCXz4Rk5W7_Oh9ZCM,25.2019849,55.2638147,ChIJg-vO4o9DXz4RF4g8xHbIys4,Simple Float,ADJACENT,3.114,5.0,Google Places API (New),2026-09-02T15:35:56+00:00
28,City Walk,ChIJgarf82RCXz4Rk5W7_Oh9ZCM,25.2019849,55.2638147,ChIJBfU02ylDXz4Rr7qQphgIgzg,Crystal Hair Extensions salon Al Karama / صالون كريستال لتركيب الشعر المستعارالكرامة,DIRECT,3.1795,5.0,Google Places API (New),2026-09-02T15:35:56+00:00
28,City Walk,ChIJgarf82RCXz4Rk5W7_Oh9ZCM,25.2019849,55.2638147,ChIJnXnqttZDXz4RvEdHTZdkRT0,Chic Future Beauty Salon,DIRECT,3.1838,5.0,Google Places API (New),2026-09-02T15:35:56+00:00
28,City Walk,ChIJgarf82RCXz4Rk5W7_Oh9ZCM,25.2019849,55.2638147,ChIJS-V5iO5CXz4RBNn7K8JMwBg,Conrad Dubai,ADJACENT,3.3304,5.0,Google Places API (New),2026-09-02T15:35:56+00:00
28,City Walk,ChIJgarf82RCXz4Rk5W7_Oh9ZCM,25.2019849,55.2638147,ChIJI_Ppl_JCXz4RyW7l5QTBQjs,House of Nails,DIRECT,3.3853,5.0,Google Places API (New),2026-09-02T15:35:56+00:00
28,City Walk,ChIJgarf82RCXz4Rk5W7_Oh9ZCM,25.2019849,55.2638147,ChIJZQ_40hlDXz4RQ6Z4M_bxfaA,Lamar House Salon spa - Massage Center in Dubai & Best Moroccan Bath,DIRECT,3.4291,5.0,Google Places API (New),2026-09-02T15:35:56+00:00
28,City Walk,ChIJgarf82RCXz4Rk5W7_Oh9ZCM,25.2019849,55.2638147,ChIJ6Yk7geZDXz4RkvwcofX-1SQ,La Villa Banya Dubai,ADJACENT,3.5306,5.0,Google Places API (New),2026-09-02T15:35:56+00:00
28,City Walk,ChIJgarf82RCXz4Rk5W7_Oh9ZCM,25.2019849,55.2638147,ChIJvTaxX2xDXz4RUOwNY4jxvQQ,Taj Wellness,ADJACENT,3.607,5.0,Google Places API (New),2026-09-02T15:35:56+00:00
28,City Walk,ChIJgarf82RCXz4Rk5W7_Oh9ZCM,25.2019849,55.2638147,ChIJh1suPOdpXz4RSxCY97bhkNM,The Most Hair Design Ladies Salon,DIRECT,3.6248,5.0,Google Places API (New),2026-09-02T15:35:56+00:00
28,City Walk,ChIJgarf82RCXz4Rk5W7_Oh9ZCM,25.2019849,55.2638147,ChIJPSv6UmVpXz4RD8D6scSDhmI,Pause Salon & Spa,DIRECT,3.7278,5.0,Google Places API (New),2026-09-02T15:35:56+00:00
28,City Walk,ChIJgarf82RCXz4Rk5W7_Oh9ZCM,25.2019849,55.2638147,ChIJSczn7OhDXz4Rx15psO4LBMc,Ivy Beauty & Bubbles Sheraton Grand Dubai,DIRECT,3.8186,5.0,Google Places API (New),2026-09-02T15:35:56+00:00
28,City Walk,ChIJgarf82RCXz4Rk5W7_Oh9ZCM,25.2019849,55.2638147,ChIJmbQT5Q9pXz4RTcITLViIWjM,The Salon Dubai | Yin Yang Al Wasl,DIRECT,3.9096,5.0,Google Places API (New),2026-09-02T15:35:56+00:00
28,City Walk,ChIJgarf82RCXz4Rk5W7_Oh9ZCM,25.2019849,55.2638147,ChIJ-wBScttpXz4RC_Y8SYLe7VU,Yinyang Connection Spa,ADJACENT,3.9243,5.0,Google Places API (New),2026-09-02T15:35:56+00:00
28,City Walk,ChIJgarf82RCXz4Rk5W7_Oh9ZCM,25.2019849,55.2638147,ChIJHVXH-_ZpXz4R-yZ5Da8l_fI,Snob Salon & Boutique,DIRECT,4.1662,5.0,Google Places API (New),2026-09-02T15:35:56+00:00
28,City Walk,ChIJgarf82RCXz4Rk5W7_Oh9ZCM,25.2019849,55.2638147,ChIJj9Mr4JBDXz4Rv6KTbCsoszY,"Elata Beauty Salon - Jumeirah 3, Dubai",DIRECT,4.2785,5.0,Google Places API (New),2026-09-02T15:35:56+00:00
28,City Walk,ChIJgarf82RCXz4Rk5W7_Oh9ZCM,25.2019849,55.2638147,ChIJhaG4jh5pXz4RRgJr20PuSWo,Salon Dubai | Essential Beauty,DIRECT,4.3651,5.0,Google Places API (New),2026-09-02T15:35:56+00:00
28,City Walk,ChIJgarf82RCXz4Rk5W7_Oh9ZCM,25.2019849,55.2638147,ChIJsbCdvm5pXz4RTknaiFZ5zxc,Lucky Star Massage Center Al Quoz,ADJACENT,4.6327,5.0,Google Places API (New),2026-09-02T15:35:56+00:00
28,City Walk,ChIJgarf82RCXz4Rk5W7_Oh9ZCM,25.2019849,55.2638147,ChIJY4opXABpXz4Rl61lvo6VQz8,Massage Spa Dubai Golden Relax,ADJACENT,4.7151,5.0,Google Places API (New),2026-09-02T15:35:56+00:00
28,City Walk,ChIJgarf82RCXz4Rk5W7_Oh9ZCM,25.2019849,55.2638147,ChIJMfsniUf1mCARZV0ym7fjIfs,"Plush Beauty Salon, Al Quoz",DIRECT,4.719,5.0,Google Places API (New),2026-09-02T15:35:56+00:00
28,City Walk,ChIJgarf82RCXz4Rk5W7_Oh9ZCM,25.2019849,55.2638147,ChIJxyAzoT1pXz4R2M7Fdq3eOnY,Deluxe Best Spa,ADJACENT,4.7309,5.0,Google Places API (New),2026-09-02T15:35:56+00:00
28,City Walk,ChIJgarf82RCXz4Rk5W7_Oh9ZCM,25.2019849,55.2638147,ChIJDQXcqHxpXz4Ra9pyAJDPdmg,Perfect Look Ladies Salon,DIRECT,4.7664,5.0,Google Places API (New),2026-09-02T15:35:56+00:00
28,City Walk,ChIJgarf82RCXz4Rk5W7_Oh9ZCM,25.2019849,55.2638147,ChIJZ1P8OnppXz4R7pCunM1oEuE,Al nebras salon,DIRECT,4.905,5.0,Google Places API (New),2026-09-02T15:35:56+00:00
28,City Walk,ChIJgarf82RCXz4Rk5W7_Oh9ZCM,25.2019849,55.2638147,ChIJFwlHIVVDXz4RDOazhfWIlFI,Ivy Beauty & Bubbles Nikki Beach Resort&Spa Dubai,DIRECT,4.9245,5.0,Google Places API (New),2026-09-02T15:35:56+00:00
28,City Walk,ChIJgarf82RCXz4Rk5W7_Oh9ZCM,25.2019849,55.2638147,ChIJKZkhvGZpXz4RAh6GUh-RtmQ,Haircut,DIRECT,4.9267,5.0,Google Places API (New),2026-09-02T15:35:56+00:00
28,City Walk,ChIJgarf82RCXz4Rk5W7_Oh9ZCM,25.2019849,55.2638147,ChIJCS1uoLtDXz4R8xPbD4VJNC8,Nikki Beach Resort & Spa Dubai,ADJACENT,4.9635,5.0,Google Places API (New),2026-09-02T15:35:56+00:00
38,Delma,ChIJ_Vu7UilmXj4R0AsGTzHwkaU,24.467954,54.3847796,ChIJo1n-M0JnXj4R7PLlSnGxI_Y,Impala Salon Al Nahyan,DIRECT,0.1052,5.0,Google Places API (New),2026-09-02T15:35:56+00:00
38,Delma,ChIJ_Vu7UilmXj4R0AsGTzHwkaU,24.467954,54.3847796,ChIJwyHoaClmXj4Rqgsjdqc_LVw,Al Diar Sawa Hotel Apartments,ADJACENT,0.1637,5.0,Google Places API (New),2026-09-02T15:35:56+00:00
38,Delma,ChIJ_Vu7UilmXj4R0AsGTzHwkaU,24.467954,54.3847796,ChIJJ6LXlC5mXj4R44QNWiucYr0,Delma Medical Center & Spa,DIRECT,0.1697,5.0,Google Places API (New),2026-09-02T15:35:56+00:00
38,Delma,ChIJ_Vu7UilmXj4R0AsGTzHwkaU,24.467954,54.3847796,ChIJDWnhOghnXj4RggbK8JGHeqw,Massage Time Spa A18-ABU DHABI,ADJACENT,0.1972,5.0,Google Places API (New),2026-09-02T15:35:56+00:00
38,Delma,ChIJ_Vu7UilmXj4R0AsGTzHwkaU,24.467954,54.3847796,ChIJl_nk5cNnXj4RwjYoWDZgh6g,Voila Beauty & Co Lounge - Abu Dhabi,DIRECT,0.2112,5.0,Google Places API (New),2026-09-02T15:35:56+00:00
38,Delma,ChIJ_Vu7UilmXj4R0AsGTzHwkaU,24.467954,54.3847796,ChIJF6vyYSlmXj4RZYdK2jK0NF0,Sossi Beauty Centre,DIRECT,0.2126,5.0,Google Places API (New),2026-09-02T15:35:56+00:00
38,Delma,ChIJ_Vu7UilmXj4R0AsGTzHwkaU,24.467954,54.3847796,ChIJ4YHdZ75nXj4R1oJHRQSR14o,Vision Links Spa Abu Dhabi,ADJACENT,0.2127,5.0,Google Places API (New),2026-09-02T15:35:56+00:00
38,Delma,ChIJ_Vu7UilmXj4R0AsGTzHwkaU,24.467954,54.3847796,ChIJ4fR_TItnXj4RnGZhnrjAIvI,Belle Care Luxury Spa Abu Dhabi,ADJACENT,0.2127,5.0,Google Places API (New),2026-09-02T15:35:56+00:00
38,Delma,ChIJ_Vu7UilmXj4R0AsGTzHwkaU,24.467954,54.3847796,ChIJjY-w8MlnXj4RR2_KhKfzwdQ,Oud Massage Center,ADJACENT,0.3495,5.0,Google Places API (New),2026-09-02T15:35:56+00:00
38,Delma,ChIJ_Vu7UilmXj4R0AsGTzHwkaU,24.467954,54.3847796,ChIJ44q9goBDXj4Rw1_ZJL2LHcE,Chic and Sheen Women Salon,DIRECT,0.4311,5.0,Google Places API (New),2026-09-02T15:35:56+00:00
38,Delma,ChIJ_Vu7UilmXj4R0AsGTzHwkaU,24.467954,54.3847796,ChIJa_5SjvRnXj4RYjFue3DePuk,Le Noir Beauty Center | مركز لي نوار للتجميل,DIRECT,0.4863,5.0,Google Places API (New),2026-09-02T15:35:56+00:00
38,Delma,ChIJ_Vu7UilmXj4R0AsGTzHwkaU,24.467954,54.3847796,ChIJUcaxMQ1nXj4R95H4ausVth8,Thai House Beauty And Spa / Massage & Home Spa,DIRECT,0.5002,5.0,Google Places API (New),2026-09-02T15:35:56+00:00
38,Delma,ChIJ_Vu7UilmXj4R0AsGTzHwkaU,24.467954,54.3847796,ChIJ5dTWY9xnXj4RlafUdht72C8,BeauTyka Beauty Salon,DIRECT,0.5762,5.0,Google Places API (New),2026-09-02T15:35:56+00:00
38,Delma,ChIJ_Vu7UilmXj4R0AsGTzHwkaU,24.467954,54.3847796,ChIJi0V3S_BnXj4RlUt2dgvKDkg,مركز روزاليا للتجميل | Rosealia Beauty Center,DIRECT,0.6247,5.0,Google Places API (New),2026-09-02T15:35:56+00:00
38,Delma,ChIJ_Vu7UilmXj4R0AsGTzHwkaU,24.467954,54.3847796,ChIJFyiZ0CNpXj4RyziQ0BZlrFQ,Adept Saloon,DIRECT,0.6412,5.0,Google Places API (New),2026-09-02T15:35:56+00:00
38,Delma,ChIJ_Vu7UilmXj4R0AsGTzHwkaU,24.467954,54.3847796,ChIJs3vVRWJpXj4RWFSLjKWVMig,Vesna Beauty Lounge,DIRECT,0.7442,5.0,Google Places API (New),2026-09-02T15:35:56+00:00
38,Delma,ChIJ_Vu7UilmXj4R0AsGTzHwkaU,24.467954,54.3847796,ChIJ8z35MOhnXj4RBz5wq89B23E,Brunetta & Blonde ladies Beauty saloon | Al kwar st - Al Nahyan Abu Dhabi,DIRECT,0.7932,5.0,Google Places API (New),2026-09-02T15:35:56+00:00
38,Delma,ChIJ_Vu7UilmXj4R0AsGTzHwkaU,24.467954,54.3847796,ChIJASsD9DJmXj4ROzoEGOtYpgA,GLOW Beauty Center,DIRECT,0.8492,5.0,Google Places API (New),2026-09-02T15:35:56+00:00
38,Delma,ChIJ_Vu7UilmXj4R0AsGTzHwkaU,24.467954,54.3847796,ChIJkzlGXCZmXj4Rv0Ng_vrsMsI,صالون عروس الخليج - Gulf Bride Saloon,DIRECT,0.8995,5.0,Google Places API (New),2026-09-02T15:35:56+00:00
38,Delma,ChIJ_Vu7UilmXj4R0AsGTzHwkaU,24.467954,54.3847796,ChIJa4VmSDRmXj4RXl-D7qDHQIM,Violet Rose Ladies Salon,DIRECT,1.0042,5.0,Google Places API (New),2026-09-02T15:35:56+00:00
38,Delma,ChIJ_Vu7UilmXj4R0AsGTzHwkaU,24.467954,54.3847796,ChIJ7T-37x5pXj4R_yv-rjg24gg,Luxury spa,DIRECT,1.0048,5.0,Google Places API (New),2026-09-02T15:35:56+00:00
38,Delma,ChIJ_Vu7UilmXj4R0AsGTzHwkaU,24.467954,54.3847796,ChIJaZLIe45pXj4RLBlKFe7qm3Q,NNS Spa - Abudhabi,ADJACENT,1.0135,5.0,Google Places API (New),2026-09-02T15:35:56+00:00
38,Delma,ChIJ_Vu7UilmXj4R0AsGTzHwkaU,24.467954,54.3847796,ChIJnbuwwDZGXj4R2MuK02ZL3RQ,La Poupee Beauty Center - Abu Dhabi,DIRECT,1.0155,5.0,Google Places API (New),2026-09-02T15:35:56+00:00
38,Delma,ChIJ_Vu7UilmXj4R0AsGTzHwkaU,24.467954,54.3847796,ChIJL1v2CGhnXj4Rh-n6AbWCGBM,SPARKLE MASSAGE SPA CENTER IN ABU DHABI | Best massage center abu dhabi,ADJACENT,1.0159,5.0,Google Places API (New),2026-09-02T15:35:56+00:00
38,Delma,ChIJ_Vu7UilmXj4R0AsGTzHwkaU,24.467954,54.3847796,ChIJKeFmXABnXj4RgwAP-cxBXgs,regents spa,DIRECT,1.0264,5.0,Google Places API (New),2026-09-02T15:35:56+00:00
38,Delma,ChIJ_Vu7UilmXj4R0AsGTzHwkaU,24.467954,54.3847796,ChIJt2ESedVnXj4R5yriNQ5CZFs,Murjan Spa Abu Dhabi,ADJACENT,1.0493,5.0,Google Places API (New),2026-09-02T15:35:56+00:00
38,Delma,ChIJ_Vu7UilmXj4R0AsGTzHwkaU,24.467954,54.3847796,ChIJG22JYydnXj4RzPs3kGyaXsc,Belle Care Luxury Spa Abu Dhabi (Grand Villaggio Hotel),ADJACENT,1.0607,5.0,Google Places API (New),2026-09-02T15:35:56+00:00
38,Delma,ChIJ_Vu7UilmXj4R0AsGTzHwkaU,24.467954,54.3847796,ChIJ-ZUDEelnXj4RtjYW_w6XpAk,Amani Spa,ADJACENT,1.0691,5.0,Google Places API (New),2026-09-02T15:35:56+00:00
38,Delma,ChIJ_Vu7UilmXj4R0AsGTzHwkaU,24.467954,54.3847796,ChIJE954bXBnXj4R0i-p2WyA0dk,صالون قبل و بعد Q and B beauty salon,DIRECT,1.1058,5.0,Google Places API (New),2026-09-02T15:35:56+00:00
38,Delma,ChIJ_Vu7UilmXj4R0AsGTzHwkaU,24.467954,54.3847796,ChIJmYvLrgdnXj4RKfeS2ebgKkA,Happy Time Spa Center,ADJACENT,1.1097,5.0,Google Places API (New),2026-09-02T15:35:56+00:00
38,Delma,ChIJ_Vu7UilmXj4R0AsGTzHwkaU,24.467954,54.3847796,ChIJZ3N3CtRnXj4RdnRgx-BTN8k,صالون نور الشام,DIRECT,1.1424,5.0,Google Places API (New),2026-09-02T15:35:56+00:00
38,Delma,ChIJ_Vu7UilmXj4R0AsGTzHwkaU,24.467954,54.3847796,ChIJx1BuZIdpXj4RYy4-cDCDdS0,Furless Permanent Muroor Rd (Abu Dhabi),DIRECT,1.1924,5.0,Google Places API (New),2026-09-02T15:35:56+00:00
38,Delma,ChIJ_Vu7UilmXj4R0AsGTzHwkaU,24.467954,54.3847796,ChIJ3dyLL_hpXj4RY54HfB5SeGk,JAW Salon,DIRECT,1.2486,5.0,Google Places API (New),2026-09-02T15:35:56+00:00
38,Delma,ChIJ_Vu7UilmXj4R0AsGTzHwkaU,24.467954,54.3847796,ChIJPyQ_-xVpXj4RkJ-p2SBjK8w,مركز برايم تايم لتجميل السيدات,DIRECT,1.2492,5.0,Google Places API (New),2026-09-02T15:35:56+00:00
38,Delma,ChIJ_Vu7UilmXj4R0AsGTzHwkaU,24.467954,54.3847796,ChIJpX_OJYJoXj4Rpjz8-daA5RA,Ivana Beauty Centre,DIRECT,1.3234,5.0,Google Places API (New),2026-09-02T15:35:56+00:00
38,Delma,ChIJ_Vu7UilmXj4R0AsGTzHwkaU,24.467954,54.3847796,ChIJFxtbP8hpXj4RXDOQeU8pYuU,Lafamme Beaty,DIRECT,1.4404,5.0,Google Places API (New),2026-09-02T15:35:56+00:00
38,Delma,ChIJ_Vu7UilmXj4R0AsGTzHwkaU,24.467954,54.3847796,ChIJ857h14VoXj4R-MivhTIp0zA,Beauty Touch Ladies Salon,DIRECT,1.5153,5.0,Google Places API (New),2026-09-02T15:35:56+00:00
38,Delma,ChIJ_Vu7UilmXj4R0AsGTzHwkaU,24.467954,54.3847796,ChIJl-g87yFmXj4RjLwB6QyBCDo,La Fleur Blanche,DIRECT,1.5263,5.0,Google Places API (New),2026-09-02T15:35:56+00:00
38,Delma,ChIJ_Vu7UilmXj4R0AsGTzHwkaU,24.467954,54.3847796,ChIJMTJk1YBpXj4Rr8PtSnvwj5M,Gold and Ash Shadow Beauty Salon,DIRECT,1.5397,5.0,Google Places API (New),2026-09-02T15:35:56+00:00
38,Delma,ChIJ_Vu7UilmXj4R0AsGTzHwkaU,24.467954,54.3847796,ChIJl5huYkBpXj4RX9faSAjd-iA,RITUALS BEAUTY SPA,DIRECT,1.6145,5.0,Google Places API (New),2026-09-02T15:35:56+00:00
38,Delma,ChIJ_Vu7UilmXj4R0AsGTzHwkaU,24.467954,54.3847796,ChIJxw_jYCBmXj4R4W15MAFN0z8,306 Spa | Award-Winning Hair Nails Beauty Salon Abu Dhabi,DIRECT,1.6419,5.0,Google Places API (New),2026-09-02T15:35:56+00:00
38,Delma,ChIJ_Vu7UilmXj4R0AsGTzHwkaU,24.467954,54.3847796,ChIJV-MZgqZnXj4RqyrxMfMdd98,Naturals Salon,DIRECT,1.978,5.0,Google Places API (New),2026-09-02T15:35:56+00:00
38,Delma,ChIJ_Vu7UilmXj4R0AsGTzHwkaU,24.467954,54.3847796,ChIJS61JbB5mXj4RgF-hmsgxuBs,Gloss & Glitter Ladies Beauty Lounge,DIRECT,2.3457,5.0,Google Places API (New),2026-09-02T15:35:56+00:00
38,Delma,ChIJ_Vu7UilmXj4R0AsGTzHwkaU,24.467954,54.3847796,ChIJX1RX4wo8YW0RWfZ4IhmQ910,Luxurious Beauty Ladies Salon and Spa(Moroccan Bath & Heena)HIDDEN GEM OF ABUDHABI,DIRECT,2.3564,5.0,Google Places API (New),2026-09-02T15:35:56+00:00
38,Delma,ChIJ_Vu7UilmXj4R0AsGTzHwkaU,24.467954,54.3847796,ChIJY4wBXBRpXj4RBg_Rbh0h_Rg,STYLO SPA & BEAUTY SALON,DIRECT,2.3829,5.0,Google Places API (New),2026-09-02T15:35:56+00:00
38,Delma,ChIJ_Vu7UilmXj4R0AsGTzHwkaU,24.467954,54.3847796,ChIJk8hQALtnXj4R0sneJuNBZPc,Konjet Beauty Saloon,DIRECT,2.4309,5.0,Google Places API (New),2026-09-02T15:35:56+00:00
38,Delma,ChIJ_Vu7UilmXj4R0AsGTzHwkaU,24.467954,54.3847796,ChIJHYAIMgBnXj4RLEfhkv4gRHg,Najda street Abu Dhabi home,DIRECT,2.4372,5.0,Google Places API (New),2026-09-02T15:35:56+00:00
38,Delma,ChIJ_Vu7UilmXj4R0AsGTzHwkaU,24.467954,54.3847796,ChIJcdzVQ0lmXj4R8LF1iNswxUY,صالون حلا للسيدات Hala ladys Saloon,DIRECT,2.4565,5.0,Google Places API (New),2026-09-02T15:35:56+00:00
38,Delma,ChIJ_Vu7UilmXj4R0AsGTzHwkaU,24.467954,54.3847796,ChIJD5qI_k5mXj4ROtxYMptO8FM,Dalla Beauty Saloon,DIRECT,2.4663,5.0,Google Places API (New),2026-09-02T15:35:56+00:00
38,Delma,ChIJ_Vu7UilmXj4R0AsGTzHwkaU,24.467954,54.3847796,ChIJs5DkWwBnXj4RjX60jlaF42E,Top massage Abu Dhabi,ADJACENT,2.5504,5.0,Google Places API (New),2026-09-02T15:35:56+00:00
38,Delma,ChIJ_Vu7UilmXj4R0AsGTzHwkaU,24.467954,54.3847796,ChIJs5Kbi09mXj4RSS_o7BH2b1U,CRISTAL SPA - Ramada Downtown Hotel Abu Dhabi,DIRECT,2.5772,5.0,Google Places API (New),2026-09-02T15:35:56+00:00
38,Delma,ChIJ_Vu7UilmXj4R0AsGTzHwkaU,24.467954,54.3847796,ChIJNS4mnhZnXj4ROmaMfmpRpog,Summer colour's ladies salon,DIRECT,2.5932,5.0,Google Places API (New),2026-09-02T15:35:56+00:00
38,Delma,ChIJ_Vu7UilmXj4R0AsGTzHwkaU,24.467954,54.3847796,ChIJkUYZJK5nXj4RiJ9Ku8bXwdM,Its Beauty Ladies Salon – Waterfront Tower A,DIRECT,2.6036,5.0,Google Places API (New),2026-09-02T15:35:56+00:00
38,Delma,ChIJ_Vu7UilmXj4R0AsGTzHwkaU,24.467954,54.3847796,ChIJZRZg0ihnXj4R_Pq2INmrLgQ,La Juicy Spa and Beauty Center,DIRECT,2.6252,5.0,Google Places API (New),2026-09-02T15:35:56+00:00
38,Delma,ChIJ_Vu7UilmXj4R0AsGTzHwkaU,24.467954,54.3847796,ChIJl0EfKNxnXj4RE_7LPFfBu_U,Top Level Lady Beauty Salon,DIRECT,2.6769,5.0,Google Places API (New),2026-09-02T15:35:56+00:00
38,Delma,ChIJ_Vu7UilmXj4R0AsGTzHwkaU,24.467954,54.3847796,ChIJWbEXrURmXj4RqTlvNIxNwMg,Makeover beauty center,DIRECT,2.7072,5.0,Google Places API (New),2026-09-02T15:35:56+00:00
38,Delma,ChIJ_Vu7UilmXj4R0AsGTzHwkaU,24.467954,54.3847796,ChIJ1_XlqW5mXj4R2AysySiBqcQ,صالون سونا مدينة زايد Sona salon,DIRECT,2.748,5.0,Google Places API (New),2026-09-02T15:35:56+00:00
38,Delma,ChIJ_Vu7UilmXj4R0AsGTzHwkaU,24.467954,54.3847796,ChIJ-bj4weBlXj4RYa1MziOiO6c,Karkafi Hair Extension Abu Dhabi قرقفي للشعر المستعار (اكستنشن) ابوظبي,DIRECT,2.7948,5.0,Google Places API (New),2026-09-02T15:35:56+00:00
38,Delma,ChIJ_Vu7UilmXj4R0AsGTzHwkaU,24.467954,54.3847796,ChIJW1ZZSkNmXj4ROlTwRMqMJUc,Desert Wave Beauty Center,DIRECT,2.8283,5.0,Google Places API (New),2026-09-02T15:35:56+00:00
38,Delma,ChIJ_Vu7UilmXj4R0AsGTzHwkaU,24.467954,54.3847796,ChIJu4D5CeRnXj4R8vIUvFK-rmw,NailOn Beauty & Spa Ladies Center,DIRECT,2.8587,5.0,Google Places API (New),2026-09-02T15:35:56+00:00
38,Delma,ChIJ_Vu7UilmXj4R0AsGTzHwkaU,24.467954,54.3847796,ChIJIYAxKfpnXj4RttR5NvR6D0Q,Ladroma Royal House of Beauty,DIRECT,2.8709,5.0,Google Places API (New),2026-09-02T15:35:56+00:00
38,Delma,ChIJ_Vu7UilmXj4R0AsGTzHwkaU,24.467954,54.3847796,ChIJVbstSFBmXj4R449I_E3vMkY,Lulu Beauty Centre,DIRECT,2.9006,5.0,Google Places API (New),2026-09-02T15:35:56+00:00
38,Delma,ChIJ_Vu7UilmXj4R0AsGTzHwkaU,24.467954,54.3847796,ChIJB-I6JTpnXj4Rx-7KHUyxc3w,Ivory spa abu dhabi,ADJACENT,2.9423,5.0,Google Places API (New),2026-09-02T15:35:56+00:00
38,Delma,ChIJ_Vu7UilmXj4R0AsGTzHwkaU,24.467954,54.3847796,ChIJYe0rouVnXj4RBQKS16aIjdc,Fairy Queen Beauty Salon & Spa,DIRECT,2.9503,5.0,Google Places API (New),2026-09-02T15:35:56+00:00
38,Delma,ChIJ_Vu7UilmXj4R0AsGTzHwkaU,24.467954,54.3847796,ChIJk9Owd1FmXj4RjsvTFRagkiE,Beach Rotana,ADJACENT,2.9654,5.0,Google Places API (New),2026-09-02T15:35:56+00:00
38,Delma,ChIJ_Vu7UilmXj4R0AsGTzHwkaU,24.467954,54.3847796,ChIJF7H8YnxnXj4R1lfGfS5UKBs,"Noor Beauty Salon | Beach Rotana Hotel Abu Dhabi Manicure and Pedicure, Hair Care .Body Care Nails Eyelashes and more",DIRECT,2.9677,5.0,Google Places API (New),2026-09-02T15:35:56+00:00
38,Delma,ChIJ_Vu7UilmXj4R0AsGTzHwkaU,24.467954,54.3847796,ChIJHxBP9VBmXj4R-TjL_3y1qfc,Ricky's Ladies' Salon,DIRECT,3.0301,5.0,Google Places API (New),2026-09-02T15:35:56+00:00
38,Delma,ChIJ_Vu7UilmXj4R0AsGTzHwkaU,24.467954,54.3847796,ChIJUWapcftnXj4RTSK_QQhrZ0o,Tranquil Spa Abu Dhabi,ADJACENT,3.0478,5.0,Google Places API (New),2026-09-02T15:35:56+00:00
38,Delma,ChIJ_Vu7UilmXj4R0AsGTzHwkaU,24.467954,54.3847796,ChIJObqOeatnXj4RUVADkgbVkQc,Ins Spa Abu Dhabi,ADJACENT,3.0521,5.0,Google Places API (New),2026-09-02T15:35:56+00:00
38,Delma,ChIJ_Vu7UilmXj4R0AsGTzHwkaU,24.467954,54.3847796,ChIJtVkyz-ZlXj4ReMihoxjPp7M,"Royal Rose Hotel Abu Dhabi, Curio Collection by Hilton",ADJACENT,3.0601,5.0,Google Places API (New),2026-09-02T15:35:56+00:00
38,Delma,ChIJ_Vu7UilmXj4R0AsGTzHwkaU,24.467954,54.3847796,ChIJkfB4BgVmXj4RCj9l9s0IATk,Sisters Beauty Lounge Hair Salon - Al Bateen Villa,DIRECT,3.0782,5.0,Google Places API (New),2026-09-02T15:35:56+00:00
38,Delma,ChIJ_Vu7UilmXj4R0AsGTzHwkaU,24.467954,54.3847796,ChIJeaglB3JmXj4RSN8BMPTWbZw,nails the modern manicure studio - Nayel & Bin Harmal Tower (Previously known as Al Muhairy Center),DIRECT,3.1158,5.0,Google Places API (New),2026-09-02T15:35:56+00:00
38,Delma,ChIJ_Vu7UilmXj4R0AsGTzHwkaU,24.467954,54.3847796,ChIJNcEbcyNpXj4RN7bElDhvr2U,MIA BELLA BEAUTY LOUNGE,DIRECT,3.1393,5.0,Google Places API (New),2026-09-02T15:35:56+00:00
38,Delma,ChIJ_Vu7UilmXj4R0AsGTzHwkaU,24.467954,54.3847796,ChIJ34x1dVFmXj4RzlqFjifV9XQ,nails the modern manicure studio Abu Dhabi Mall,DIRECT,3.1742,5.0,Google Places API (New),2026-09-02T15:35:56+00:00
38,Delma,ChIJ_Vu7UilmXj4R0AsGTzHwkaU,24.467954,54.3847796,ChIJmY8cvnHui2sRb7FTWZ29zT8,Bishkek Ladies Salon,DIRECT,3.2571,5.0,Google Places API (New),2026-09-02T15:35:56+00:00
38,Delma,ChIJ_Vu7UilmXj4R0AsGTzHwkaU,24.467954,54.3847796,ChIJhVWfudppXj4RW1NJDUldjnk,Tips and Toes Khaleej,DIRECT,3.2579,5.0,Google Places API (New),2026-09-02T15:35:56+00:00
38,Delma,ChIJ_Vu7UilmXj4R0AsGTzHwkaU,24.467954,54.3847796,ChIJqTeaHthnXj4R4mu23EJamJY,Eternity Beauty Studio Russian Salon - Abu Dhabi ستوديو تجميل الخلود,DIRECT,3.3114,5.0,Google Places API (New),2026-09-02T15:35:56+00:00
38,Delma,ChIJ_Vu7UilmXj4R0AsGTzHwkaU,24.467954,54.3847796,ChIJ5R5zm15mXj4RRrTpMfjvLO4,Thai Oasis Spa & Beauty Center (Home Service Available),DIRECT,3.3197,5.0,Google Places API (New),2026-09-02T15:35:56+00:00
38,Delma,ChIJ_Vu7UilmXj4R0AsGTzHwkaU,24.467954,54.3847796,ChIJydYdq3RmXj4Rpupwrl-WGT8,Concord Saloon,DIRECT,3.3781,5.0,Google Places API (New),2026-09-02T15:35:56+00:00
38,Delma,ChIJ_Vu7UilmXj4R0AsGTzHwkaU,24.467954,54.3847796,ChIJ-YhJtkppXj4Rabaoqq1SQSw,Pink Me Up Beauty Lounge By Julia,DIRECT,3.384,5.0,Google Places API (New),2026-09-02T15:35:56+00:00
38,Delma,ChIJ_Vu7UilmXj4R0AsGTzHwkaU,24.467954,54.3847796,ChIJZ-M2UgBnXj4RscZnYuRSk1Y,Razor republic saloon,DIRECT,3.3953,5.0,Google Places API (New),2026-09-02T15:35:56+00:00
38,Delma,ChIJ_Vu7UilmXj4R0AsGTzHwkaU,24.467954,54.3847796,ChIJjwQqBABpXj4REuTQ2Av-a9Q,Glow in Grace Ladies Salon,DIRECT,3.4061,5.0,Google Places API (New),2026-09-02T15:35:56+00:00
38,Delma,ChIJ_Vu7UilmXj4R0AsGTzHwkaU,24.467954,54.3847796,ChIJKVa6gnRmXj4RL_OS33S3ZME,Sana Beauty Salon,DIRECT,3.4343,5.0,Google Places API (New),2026-09-02T15:35:56+00:00
38,Delma,ChIJ_Vu7UilmXj4R0AsGTzHwkaU,24.467954,54.3847796,ChIJGQcdzZNnXj4REEerUGl7wDg,Kozma Curl Al Reem Island,DIRECT,3.4461,5.0,Google Places API (New),2026-09-02T15:35:56+00:00
38,Delma,ChIJ_Vu7UilmXj4R0AsGTzHwkaU,24.467954,54.3847796,ChIJS57HFVdmXj4RK43V6xQCnVE,"Eden Luxury Spa – Authentic European & Russian Massage | Al Zahiyah, Abu Dhabi",ADJACENT,3.4686,5.0,Google Places API (New),2026-09-02T15:35:56+00:00
38,Delma,ChIJ_Vu7UilmXj4R0AsGTzHwkaU,24.467954,54.3847796,ChIJf5dFRgBnXj4RprIV0NTpKe8,EliteSun Oasis LTD,ADJACENT,3.4698,5.0,Google Places API (New),2026-09-02T15:35:56+00:00
38,Delma,ChIJ_Vu7UilmXj4R0AsGTzHwkaU,24.467954,54.3847796,ChIJg6FONuBnXj4RkIDJUY_jwfU,Magio Hair Experience - Al Bateen,DIRECT,3.5338,5.0,Google Places API (New),2026-09-02T15:35:56+00:00
38,Delma,ChIJ_Vu7UilmXj4R0AsGTzHwkaU,24.467954,54.3847796,ChIJjbK--SlnXj4RJT5sF__r31g,Yinyang Connection Platinum Spa Abu Dhabi,ADJACENT,3.5417,5.0,Google Places API (New),2026-09-02T15:35:56+00:00
38,Delma,ChIJ_Vu7UilmXj4R0AsGTzHwkaU,24.467954,54.3847796,ChIJ21OyfVRmXj4RVMDJkavATHQ,Rosewood Abu Dhabi,ADJACENT,3.552,5.0,Google Places API (New),2026-09-02T15:35:56+00:00
38,Delma,ChIJ_Vu7UilmXj4R0AsGTzHwkaU,24.467954,54.3847796,ChIJoyeUiolnXj4RKtpzJPjHC1k,Ocean Beauty Spa,ADJACENT,3.5531,5.0,Google Places API (New),2026-09-02T15:35:56+00:00
38,Delma,ChIJ_Vu7UilmXj4R0AsGTzHwkaU,24.467954,54.3847796,ChIJEYmO6XRmXj4Rh_EnzUUtp7w,Majestic saloon,DIRECT,3.5636,5.0,Google Places API (New),2026-09-02T15:35:56+00:00
38,Delma,ChIJ_Vu7UilmXj4R0AsGTzHwkaU,24.467954,54.3847796,ChIJn-VSqNlnXj4R47V-_I-fBjI,Phenomenal Ladies Salon,DIRECT,3.5747,5.0,Google Places API (New),2026-09-02T15:35:56+00:00
38,Delma,ChIJ_Vu7UilmXj4R0AsGTzHwkaU,24.467954,54.3847796,ChIJ_S01UQVnXj4Rp9gKj2D00ws,"My Look Ladies Beauty Lounge, City Branch, Abudhabi",DIRECT,3.5791,5.0,Google Places API (New),2026-09-02T15:35:56+00:00
38,Delma,ChIJ_Vu7UilmXj4R0AsGTzHwkaU,24.467954,54.3847796,ChIJZThe-mBmXj4R0m9t6MKRRVk,Tryp by Wyndham Abu Dhabi,ADJACENT,3.6016,5.0,Google Places API (New),2026-09-02T15:35:56+00:00
38,Delma,ChIJ_Vu7UilmXj4R0AsGTzHwkaU,24.467954,54.3847796,ChIJRdPrEWFmXj4Rvlnp1T7Lwjo,Corniche Hotel Abu Dhabi,ADJACENT,3.6162,5.0,Google Places API (New),2026-09-02T15:35:56+00:00
38,Delma,ChIJ_Vu7UilmXj4R0AsGTzHwkaU,24.467954,54.3847796,ChIJQ8ljpdVnXj4RXbKAYsbdZ4A,Venere by Ann Ladies Salon,DIRECT,3.6213,5.0,Google Places API (New),2026-09-02T15:35:56+00:00
38,Delma,ChIJ_Vu7UilmXj4R0AsGTzHwkaU,24.467954,54.3847796,ChIJfS8fdSdnXj4Re-Hd6z48PNs,Remedy Room,DIRECT,3.6242,5.0,Google Places API (New),2026-09-02T15:35:56+00:00
38,Delma,ChIJ_Vu7UilmXj4R0AsGTzHwkaU,24.467954,54.3847796,ChIJO6ejzVtnXj4R_42xMGCC1Ro,Leelawadee Spa - by Sheraton Khalidiya Abu Dhabi,ADJACENT,3.6567,5.0,Google Places API (New),2026-09-02T15:35:56+00:00
38,Delma,ChIJ_Vu7UilmXj4R0AsGTzHwkaU,24.467954,54.3847796,ChIJq6oao2RmXj4RyER0bSVnCfQ,Glamour Touch Nails Spa,DIRECT,3.6723,5.0,Google Places API (New),2026-09-02T15:35:56+00:00
38,Delma,ChIJ_Vu7UilmXj4R0AsGTzHwkaU,24.467954,54.3847796,ChIJ2R_mwgpmXj4RFBUQ0mAaS0g,Al Riqqa Ladies Beauty Centre,DIRECT,3.6726,5.0,Google Places API (New),2026-09-02T15:35:56+00:00
38,Delma,ChIJ_Vu7UilmXj4R0AsGTzHwkaU,24.467954,54.3847796,ChIJ2dIzEpVnXj4Rac-Ecr9LGvc,AlHiba Saloon,DIRECT,3.6917,5.0,Google Places API (New),2026-09-02T15:35:56+00:00
38,Delma,ChIJ_Vu7UilmXj4R0AsGTzHwkaU,24.467954,54.3847796,ChIJX9yrtmRmXj4R0XuMyz81jnc,Eclipse Spa at Eclipse Boutique Suites | Best Massage Spa in abu dhabi |,ADJACENT,3.6978,5.0,Google Places API (New),2026-09-02T15:35:56+00:00
38,Delma,ChIJ_Vu7UilmXj4R0AsGTzHwkaU,24.467954,54.3847796,ChIJA08z79VnXj4RDoBZEk7Amgs,Get Lashed Beauty Lounge,DIRECT,3.7224,5.0,Google Places API (New),2026-09-02T15:35:56+00:00
38,Delma,ChIJ_Vu7UilmXj4R0AsGTzHwkaU,24.467954,54.3847796,ChIJ7WWr079nXj4R7A5PaJIu4Eo,Faina Ladies Salon ( RUSSIAN SALON ),DIRECT,3.7269,5.0,Google Places API (New),2026-09-02T15:35:56+00:00
38,Delma,ChIJ_Vu7UilmXj4R0AsGTzHwkaU,24.467954,54.3847796,ChIJiZPMTaJnXj4RHOK4tARmadY,The Wave Lounge Beauty Spa Al Bateen,DIRECT,3.7645,5.0,Google Places API (New),2026-09-02T15:35:56+00:00
38,Delma,ChIJ_Vu7UilmXj4R0AsGTzHwkaU,24.467954,54.3847796,ChIJV_fiWINnXj4RSVmfyhdlhnI,Maiyas Beauty Salon - By Maiyas Makeup Artist,DIRECT,3.7756,5.0,Google Places API (New),2026-09-02T15:35:56+00:00
38,Delma,ChIJ_Vu7UilmXj4R0AsGTzHwkaU,24.467954,54.3847796,ChIJf4Q_K-tnXj4Rhaoq4e3jNMM,Hi Nails Russian Beauty Salon,DIRECT,3.7885,5.0,Google Places API (New),2026-09-02T15:35:56+00:00
38,Delma,ChIJ_Vu7UilmXj4R0AsGTzHwkaU,24.467954,54.3847796,ChIJJ5Q1lF9mXj4RTuzfreZrCRo,Ti Amo Ladies Beauty Salon,DIRECT,3.7999,5.0,Google Places API (New),2026-09-02T15:35:56+00:00
38,Delma,ChIJ_Vu7UilmXj4R0AsGTzHwkaU,24.467954,54.3847796,ChIJ4Z-vWw5nXj4Rm6ZRisBiPvs,Finest Massage Spa Abu Dhabi,ADJACENT,3.8028,5.0,Google Places API (New),2026-09-02T15:35:56+00:00
38,Delma,ChIJ_Vu7UilmXj4R0AsGTzHwkaU,24.467954,54.3847796,ChIJBeBfHHdmXj4RAjqjR7BPDHQ,Chamomile Salon and Spa,DIRECT,3.8082,5.0,Google Places API (New),2026-09-02T15:35:56+00:00
38,Delma,ChIJ_Vu7UilmXj4R0AsGTzHwkaU,24.467954,54.3847796,ChIJsa0vizFnXj4RdKePMZEwcsY,Kamala tower,DIRECT,3.8239,5.0,Google Places API (New),2026-09-02T15:35:56+00:00
38,Delma,ChIJ_Vu7UilmXj4R0AsGTzHwkaU,24.467954,54.3847796,ChIJ22xMClVmXj4R1L53MQnc3jM,Four Seasons Hotel Abu Dhabi at Al Maryah Island,ADJACENT,3.8727,5.0,Google Places API (New),2026-09-02T15:35:56+00:00
38,Delma,ChIJ_Vu7UilmXj4R0AsGTzHwkaU,24.467954,54.3847796,ChIJkdWrG9JlXj4RhlpiF4Ciwe8,The Colorful Spa Center,ADJACENT,3.8736,5.0,Google Places API (New),2026-09-02T15:35:56+00:00
38,Delma,ChIJ_Vu7UilmXj4R0AsGTzHwkaU,24.467954,54.3847796,ChIJd3yM9tpnXj4RqcsO0ErB-sg,ZenSation Massage & Spa,ADJACENT,3.8797,5.0,Google Places API (New),2026-09-02T15:35:56+00:00
38,Delma,ChIJ_Vu7UilmXj4R0AsGTzHwkaU,24.467954,54.3847796,ChIJz6dobOJlXj4RX9XDqXofqHE,House of Allure Beauty and Spa,DIRECT,3.947,5.0,Google Places API (New),2026-09-02T15:35:56+00:00
38,Delma,ChIJ_Vu7UilmXj4R0AsGTzHwkaU,24.467954,54.3847796,ChIJs_hgBj9pXj4RMjKgpQn20Uk,Lou Lou Asfar Spa in Abu Dhabi,ADJACENT,4.007,5.0,Google Places API (New),2026-09-02T15:35:56+00:00
38,Delma,ChIJ_Vu7UilmXj4R0AsGTzHwkaU,24.467954,54.3847796,ChIJ8TsCxJ1nXj4RbbrhicyE6kc,Marjorie Spa & Beauty Ladies Salon,DIRECT,4.0434,5.0,Google Places API (New),2026-09-02T15:35:56+00:00
38,Delma,ChIJ_Vu7UilmXj4R0AsGTzHwkaU,24.467954,54.3847796,ChIJKZkeSv1lXj4RxF3R8tzJNU8,Oriental Beauty Lounge,DIRECT,4.0455,5.0,Google Places API (New),2026-09-02T15:35:56+00:00
38,Delma,ChIJ_Vu7UilmXj4R0AsGTzHwkaU,24.467954,54.3847796,ChIJVc-BCDhoXj4RWTz75oIlYOQ,Harrods Beauty Center,DIRECT,4.206,5.0,Google Places API (New),2026-09-02T15:35:56+00:00
38,Delma,ChIJ_Vu7UilmXj4R0AsGTzHwkaU,24.467954,54.3847796,ChIJAyfXoohnXj4R5BDINg1dmug,BE RELAX SPA - L.L.C,ADJACENT,4.3627,5.0,Google Places API (New),2026-09-02T15:35:56+00:00
38,Delma,ChIJ_Vu7UilmXj4R0AsGTzHwkaU,24.467954,54.3847796,ChIJ5Q2p8hxpXj4RW1aP3BZOk1o,صالون عيون المها,DIRECT,4.3826,5.0,Google Places API (New),2026-09-02T15:35:56+00:00
38,Delma,ChIJ_Vu7UilmXj4R0AsGTzHwkaU,24.467954,54.3847796,ChIJ_XHbJhZmXj4RZEoLST18fRY,Beautiful Henna Centre (صالون النقوش الجميلة),DIRECT,4.3903,5.0,Google Places API (New),2026-09-02T15:35:56+00:00
38,Delma,ChIJ_Vu7UilmXj4R0AsGTzHwkaU,24.467954,54.3847796,ChIJUy6LoMNlXj4RbjQD6nE6-kQ,Syda Beauty Lounge,DIRECT,4.4808,5.0,Google Places API (New),2026-09-02T15:35:56+00:00
38,Delma,ChIJ_Vu7UilmXj4R0AsGTzHwkaU,24.467954,54.3847796,ChIJiUbLcQBpXj4Rrh82_QbLpHQ,صالون الياقوت,DIRECT,4.5026,5.0,Google Places API (New),2026-09-02T15:35:56+00:00
38,Delma,ChIJ_Vu7UilmXj4R0AsGTzHwkaU,24.467954,54.3847796,ChIJfcklFudlXj4R5PJ2tTD_oCA,Caramel Beauty Lounge,DIRECT,4.5473,5.0,Google Places API (New),2026-09-02T15:35:56+00:00
38,Delma,ChIJ_Vu7UilmXj4R0AsGTzHwkaU,24.467954,54.3847796,ChIJqWAauUtlXj4R5CEvqGsTNdk,Aphrodite Beauty & SPA,DIRECT,4.7611,5.0,Google Places API (New),2026-09-02T15:35:56+00:00
38,Delma,ChIJ_Vu7UilmXj4R0AsGTzHwkaU,24.467954,54.3847796,ChIJ0aqt6ztz_a8Rrw4sUQPIb8c,Rose Petals Ladies Salon,DIRECT,4.8866,5.0,Google Places API (New),2026-09-02T15:35:56+00:00
38,Delma,ChIJ_Vu7UilmXj4R0AsGTzHwkaU,24.467954,54.3847796,ChIJQ_vZET7Dpg8RsL5NwmtVv4c,Massage PVD gold plated Happy,DIRECT,4.8895,5.0,Google Places API (New),2026-09-02T15:35:56+00:00
38,Delma,ChIJ_Vu7UilmXj4R0AsGTzHwkaU,24.467954,54.3847796,ChIJ46n5PadnXj4RQxaG0H7wG1c,Princess Lounge Ladies Salon,DIRECT,4.8955,5.0,Google Places API (New),2026-09-02T15:35:56+00:00
38,Delma,ChIJ_Vu7UilmXj4R0AsGTzHwkaU,24.467954,54.3847796,ChIJvaNOssVpXj4R-wYQupCRsPs,Cleopatra Spa,ADJACENT,4.914,5.0,Google Places API (New),2026-09-02T15:35:56+00:00
38,Delma,ChIJ_Vu7UilmXj4R0AsGTzHwkaU,24.467954,54.3847796,ChIJI3rrrZBpXj4RCXx_MJegTL8,Hush And Glow Beauty Lounge,ADJACENT,4.9221,5.0,Google Places API (New),2026-09-02T15:35:56+00:00
32,Jumeirah Park,ChIJ-0P7Jf1tXz4Rje7-0YFcM3Q,25.039154000000003,55.1659736,ChIJQ20Q4t9sXz4RXdmqnHykV_o,N.Bar Nail Spa & Salon The Pavilion Jumeirah Park,DIRECT,0.7572,5.0,Google Places API (New),2026-09-02T15:35:56+00:00
32,Jumeirah Park,ChIJ-0P7Jf1tXz4Rje7-0YFcM3Q,25.039154000000003,55.1659736,ChIJZR_lhhhtXz4RqarjuJzbGtc,Cabello Lounge,DIRECT,0.7658,5.0,Google Places API (New),2026-09-02T15:35:56+00:00
32,Jumeirah Park,ChIJ-0P7Jf1tXz4Rje7-0YFcM3Q,25.039154000000003,55.1659736,ChIJEy4q3t9sXz4RoIIRLAFe1PI,"Sasha Beauty Salon, Jumeirah Park Pavilion",DIRECT,0.7839,5.0,Google Places API (New),2026-09-02T15:35:56+00:00
32,Jumeirah Park,ChIJ-0P7Jf1tXz4Rje7-0YFcM3Q,25.039154000000003,55.1659736,ChIJLR4ydBRtXz4R4D643joO_Ig,AAINA SIGNATURE SHIMMERS SALON,DIRECT,1.6634,5.0,Google Places API (New),2026-09-02T15:35:56+00:00
32,Jumeirah Park,ChIJ-0P7Jf1tXz4Rje7-0YFcM3Q,25.039154000000003,55.1659736,ChIJ45xY87JtXz4RIBxtsE92shg,Nails ART,DIRECT,1.6845,5.0,Google Places API (New),2026-09-02T15:35:56+00:00
32,Jumeirah Park,ChIJ-0P7Jf1tXz4Rje7-0YFcM3Q,25.039154000000003,55.1659736,ChIJ_2dAe2htXz4RJSXzIw_vBCE,Olena nails,DIRECT,1.6845,5.0,Google Places API (New),2026-09-02T15:35:56+00:00
32,Jumeirah Park,ChIJ-0P7Jf1tXz4Rje7-0YFcM3Q,25.039154000000003,55.1659736,ChIJiZsbz5ZtXz4RhAc9F3Y0SMk,House of Hair,DIRECT,1.7888,5.0,Google Places API (New),2026-09-02T15:35:56+00:00
32,Jumeirah Park,ChIJ-0P7Jf1tXz4Rje7-0YFcM3Q,25.039154000000003,55.1659736,ChIJn_rhhwdtXz4RVxPr2F7oTxA,Soul to Soul salon,DIRECT,1.7961,5.0,Google Places API (New),2026-09-02T15:35:56+00:00
32,Jumeirah Park,ChIJ-0P7Jf1tXz4Rje7-0YFcM3Q,25.039154000000003,55.1659736,ChIJ2bny5oZtXz4RmHYfIgIp-c0,OLÉA Wellness Beauty Salon,DIRECT,1.8436,5.0,Google Places API (New),2026-09-02T15:35:56+00:00
32,Jumeirah Park,ChIJ-0P7Jf1tXz4Rje7-0YFcM3Q,25.039154000000003,55.1659736,ChIJ0SctRSVtXz4RCZyZRHoRUgU,Mi Amor Beauty salon,DIRECT,1.9996,5.0,Google Places API (New),2026-09-02T15:35:56+00:00
32,Jumeirah Park,ChIJ-0P7Jf1tXz4Rje7-0YFcM3Q,25.039154000000003,55.1659736,ChIJ3U8vBrLE3EURYgGfiQV6HHU,Sukhpreetkaur (preet) makeup artist,DIRECT,2.0144,5.0,Google Places API (New),2026-09-02T15:35:56+00:00
32,Jumeirah Park,ChIJ-0P7Jf1tXz4Rje7-0YFcM3Q,25.039154000000003,55.1659736,ChIJgVSh6TttXz4RiaTD9nqtyCw,Tips and Toes - Al Furjan - Dubai,DIRECT,2.0358,5.0,Google Places API (New),2026-09-02T15:35:56+00:00
32,Jumeirah Park,ChIJ-0P7Jf1tXz4Rje7-0YFcM3Q,25.039154000000003,55.1659736,ChIJ2_GykD65_yYRQXUg2xXkjPQ,Massage Al Furjan Home Service,ADJACENT,2.0417,5.0,Google Places API (New),2026-09-02T15:35:56+00:00
32,Jumeirah Park,ChIJ-0P7Jf1tXz4Rje7-0YFcM3Q,25.039154000000003,55.1659736,ChIJYz5VGJVDXz4Rnm-Fq2l1WjY,Lena beauty nails Dubai,DIRECT,2.1653,5.0,Google Places API (New),2026-09-02T15:35:56+00:00
32,Jumeirah Park,ChIJ-0P7Jf1tXz4Rje7-0YFcM3Q,25.039154000000003,55.1659736,ChIJsY_AUmltXz4RMQShbaQGQCY,"Soul Senses Spa & Wellness - Mövenpick/Novotel Hotel Jumeirah Village Triangle, Dubai",DIRECT,2.1863,5.0,Google Places API (New),2026-09-02T15:35:56+00:00
32,Jumeirah Park,ChIJ-0P7Jf1tXz4Rje7-0YFcM3Q,25.039154000000003,55.1659736,ChIJbx3zbs1tXz4RYWuD2zQHnBI,"Soul Senses Salon - Mövenpick Hotel JVT, Dubai",DIRECT,2.1863,5.0,Google Places API (New),2026-09-02T15:35:56+00:00
32,Jumeirah Park,ChIJ-0P7Jf1tXz4Rje7-0YFcM3Q,25.039154000000003,55.1659736,ChIJdzDwuXv3NAoRpv5ZrUa0FHM,NS89 Beauty Bee,DIRECT,2.2925,5.0,Google Places API (New),2026-09-02T15:35:56+00:00
32,Jumeirah Park,ChIJ-0P7Jf1tXz4Rje7-0YFcM3Q,25.039154000000003,55.1659736,ChIJiR3zySttXz4ROXOEbag1FJw,Blue Personal Care Spa Massage,ADJACENT,2.3156,5.0,Google Places API (New),2026-09-02T15:35:56+00:00
32,Jumeirah Park,ChIJ-0P7Jf1tXz4Rje7-0YFcM3Q,25.039154000000003,55.1659736,ChIJq2_GrGBtXz4Rb3uoss5ALuo,Yang Place Beauty Salon,DIRECT,2.5353,5.0,Google Places API (New),2026-09-02T15:35:56+00:00
32,Jumeirah Park,ChIJ-0P7Jf1tXz4Rje7-0YFcM3Q,25.039154000000003,55.1659736,ChIJPWvkYH1tXz4RXf0Zcca1LwE,Cloud For Beauty Salon,DIRECT,2.606,5.0,Google Places API (New),2026-09-02T15:35:56+00:00
32,Jumeirah Park,ChIJ-0P7Jf1tXz4Rje7-0YFcM3Q,25.039154000000003,55.1659736,ChIJlwWPjZVtXz4RYtSOvRLO4XQ,NailchemyDXB,DIRECT,2.7439,5.0,Google Places API (New),2026-09-02T15:35:56+00:00
32,Jumeirah Park,ChIJ-0P7Jf1tXz4Rje7-0YFcM3Q,25.039154000000003,55.1659736,ChIJvyAnXABtXz4RAPIlDUMQsnk,𝙶𝙾𝙻𝙳 𝚂𝙸𝙶𝙽𝙰𝚃𝚄𝚁𝙴 𝙶𝙴𝙽𝚃𝚂 𝚂𝙰𝙸𝙾𝙽,DIRECT,2.79,5.0,Google Places API (New),2026-09-02T15:35:56+00:00
32,Jumeirah Park,ChIJ-0P7Jf1tXz4Rje7-0YFcM3Q,25.039154000000003,55.1659736,ChIJ_5X8R2VdXz4ROt1e0h_Rehw,Amity Spa,ADJACENT,2.7909,5.0,Google Places API (New),2026-09-02T15:35:56+00:00
32,Jumeirah Park,ChIJ-0P7Jf1tXz4Rje7-0YFcM3Q,25.039154000000003,55.1659736,ChIJFYILWUhtXz4R9ftaSETqZbA,Create Beauty Spa,DIRECT,2.8336,5.0,Google Places API (New),2026-09-02T15:35:56+00:00
32,Jumeirah Park,ChIJ-0P7Jf1tXz4Rje7-0YFcM3Q,25.039154000000003,55.1659736,ChIJM7-UJbptXz4R3yQ6jeUWHsg,The Dollie Sisters - Ladies Salon,DIRECT,2.8957,5.0,Google Places API (New),2026-09-02T15:35:56+00:00
32,Jumeirah Park,ChIJ-0P7Jf1tXz4Rje7-0YFcM3Q,25.039154000000003,55.1659736,ChIJH6BhdmttXz4R6qFnHkj5XSw,Lash House Beauty Salon,DIRECT,2.9653,5.0,Google Places API (New),2026-09-02T15:35:56+00:00
32,Jumeirah Park,ChIJ-0P7Jf1tXz4Rje7-0YFcM3Q,25.039154000000003,55.1659736,ChIJE_dhgLptXz4RlaDyN3_Dtdw,Tips and Toes - City Center Me'aisem - Dubai,ADJACENT,2.9704,5.0,Google Places API (New),2026-09-02T15:35:56+00:00
32,Jumeirah Park,ChIJ-0P7Jf1tXz4Rje7-0YFcM3Q,25.039154000000003,55.1659736,ChIJW-0RDINtXz4R-PR22ETHCI4,Rejuvic Couture Beauty Salon ( Ladies),DIRECT,3.0713,5.0,Google Places API (New),2026-09-02T15:35:56+00:00
32,Jumeirah Park,ChIJ-0P7Jf1tXz4Rje7-0YFcM3Q,25.039154000000003,55.1659736,ChIJW4wwOd9tXz4RyYU_5slz5Lg,Over The Moon Beauty Salon,DIRECT,3.0765,5.0,Google Places API (New),2026-09-02T15:35:56+00:00
32,Jumeirah Park,ChIJ-0P7Jf1tXz4Rje7-0YFcM3Q,25.039154000000003,55.1659736,ChIJvaDnjb1tXz4Rx0XkYIh7BK8,Ikeda Beauty Salon,DIRECT,3.1001,5.0,Google Places API (New),2026-09-02T15:35:56+00:00
32,Jumeirah Park,ChIJ-0P7Jf1tXz4Rje7-0YFcM3Q,25.039154000000003,55.1659736,ChIJcVGtLXNtXz4Rtx8Yct-WzcA,Sun Shine Spa,ADJACENT,3.1181,5.0,Google Places API (New),2026-09-02T15:35:56+00:00
32,Jumeirah Park,ChIJ-0P7Jf1tXz4Rje7-0YFcM3Q,25.039154000000003,55.1659736,ChIJGVsHtbNtXz4RrOYLqo7Jcuc,Gladys Beauty Saloon- Jumeriah Village Triangle,DIRECT,3.1389,5.0,Google Places API (New),2026-09-02T15:35:56+00:00
32,Jumeirah Park,ChIJ-0P7Jf1tXz4Rje7-0YFcM3Q,25.039154000000003,55.1659736,ChIJ2Tvgu5htXz4RwvnUzaHZHFE,Niyama Spa - Aloft Me'siam Production City,ADJACENT,3.1414,5.0,Google Places API (New),2026-09-02T15:35:56+00:00
32,Jumeirah Park,ChIJ-0P7Jf1tXz4Rje7-0YFcM3Q,25.039154000000003,55.1659736,ChIJ6ZNQrbNtXz4RcJs8XZxFPT4,Chi Nail Spa - JVT,DIRECT,3.1495,5.0,Google Places API (New),2026-09-02T15:35:56+00:00
32,Jumeirah Park,ChIJ-0P7Jf1tXz4Rje7-0YFcM3Q,25.039154000000003,55.1659736,ChIJMzPF6ZZtXz4Rx0s_zlZyioE,MUKTA BEAUTY SALON ( AL FURJAN),DIRECT,3.1563,5.0,Google Places API (New),2026-09-02T15:35:56+00:00
32,Jumeirah Park,ChIJ-0P7Jf1tXz4Rje7-0YFcM3Q,25.039154000000003,55.1659736,ChIJBysz76JtXz4Rt3PQPgGMdpY,yasmin spa,ADJACENT,3.1601,5.0,Google Places API (New),2026-09-02T15:35:56+00:00
32,Jumeirah Park,ChIJ-0P7Jf1tXz4Rje7-0YFcM3Q,25.039154000000003,55.1659736,ChIJTfzZayNtXz4RL4qTi9TeeOQ,Peony Relax Spa and Massage Center DIP 牡丹放松水疗按摩中心,ADJACENT,3.2426,5.0,Google Places API (New),2026-09-02T15:35:56+00:00
32,Jumeirah Park,ChIJ-0P7Jf1tXz4Rje7-0YFcM3Q,25.039154000000003,55.1659736,ChIJtzyjC11tXz4R08b2NWPcr-Q,名仁洗浴TXL SPA&MASSAGE【Oriental Bath】,ADJACENT,3.2824,5.0,Google Places API (New),2026-09-02T15:35:56+00:00
32,Jumeirah Park,ChIJ-0P7Jf1tXz4Rje7-0YFcM3Q,25.039154000000003,55.1659736,ChIJiZQzQd5tXz4RpZpIxBBEbIc,The Salon | Al Furjan,DIRECT,3.289,5.0,Google Places API (New),2026-09-02T15:35:56+00:00
32,Jumeirah Park,ChIJ-0P7Jf1tXz4Rje7-0YFcM3Q,25.039154000000003,55.1659736,ChIJ2dOYog5tXz4RNRXxxhUcw4E,Cloud Elite European SPA,ADJACENT,3.294,5.0,Google Places API (New),2026-09-02T15:35:56+00:00
32,Jumeirah Park,ChIJ-0P7Jf1tXz4Rje7-0YFcM3Q,25.039154000000003,55.1659736,ChIJ-88nQwBtXz4RquyTqQ1lOb0,AL AHDAB GANTS SALOON,DIRECT,3.3186,5.0,Google Places API (New),2026-09-02T15:35:56+00:00
32,Jumeirah Park,ChIJ-0P7Jf1tXz4Rje7-0YFcM3Q,25.039154000000003,55.1659736,ChIJk-Jadx1tXz4RSBAGD3vusJU,Mayflower Spa and Massage,ADJACENT,3.3474,5.0,Google Places API (New),2026-09-02T15:35:56+00:00
32,Jumeirah Park,ChIJ-0P7Jf1tXz4Rje7-0YFcM3Q,25.039154000000003,55.1659736,ChIJKYlQSqJtXz4RjLVjmnsAJic,Tranquil Wellness Tower by Wellcube.life,ADJACENT,3.4024,5.0,Google Places API (New),2026-09-02T15:35:56+00:00
32,Jumeirah Park,ChIJ-0P7Jf1tXz4Rje7-0YFcM3Q,25.039154000000003,55.1659736,ChIJ3RiWBWdtXz4RMxjFdoI8lM0,Chance Beauty Lounge 🌸 تشانس بيوتي لاونج,DIRECT,3.4042,5.0,Google Places API (New),2026-09-02T15:35:56+00:00
32,Jumeirah Park,ChIJ-0P7Jf1tXz4Rje7-0YFcM3Q,25.039154000000003,55.1659736,ChIJFxrEMPhSiiQRRkTNEUkUeQw,MYSTT Hair & Beauty Salon,DIRECT,3.4253,5.0,Google Places API (New),2026-09-02T15:35:56+00:00
32,Jumeirah Park,ChIJ-0P7Jf1tXz4Rje7-0YFcM3Q,25.039154000000003,55.1659736,ChIJqdkDA1ptXz4R0gkF-iVef2Q,"Soul Senses Spa & Wellness - Delta Hotels, DIP",ADJACENT,3.4548,5.0,Google Places API (New),2026-09-02T15:35:56+00:00
32,Jumeirah Park,ChIJ-0P7Jf1tXz4Rje7-0YFcM3Q,25.039154000000003,55.1659736,ChIJiwe0qHBrXz4RjEMJraSg8cI,Natural Touch Beauty Salon – Top Rated Ladies Salon in Discovery Gardens,DIRECT,3.5258,5.0,Google Places API (New),2026-09-02T15:35:56+00:00
32,Jumeirah Park,ChIJ-0P7Jf1tXz4Rje7-0YFcM3Q,25.039154000000003,55.1659736,ChIJqdvBFgBtXz4RAl0AqmCKg14,Massage Venus Relax Body,ADJACENT,3.5374,5.0,Google Places API (New),2026-09-02T15:35:56+00:00
32,Jumeirah Park,ChIJ-0P7Jf1tXz4Rje7-0YFcM3Q,25.039154000000003,55.1659736,ChIJG_IHobttXz4R0wnszJ-SPAA,Diamond Star Spa,ADJACENT,3.5839,5.0,Google Places API (New),2026-09-02T15:35:56+00:00
32,Jumeirah Park,ChIJ-0P7Jf1tXz4Rje7-0YFcM3Q,25.039154000000003,55.1659736,ChIJzynOTXJtXz4R-WtRuvgtE5Y,Casa Rio Beauty Salon,DIRECT,3.6334,5.0,Google Places API (New),2026-09-02T15:35:56+00:00
32,Jumeirah Park,ChIJ-0P7Jf1tXz4Rje7-0YFcM3Q,25.039154000000003,55.1659736,ChIJj1ve_eldXz4RGjEWSq6f9Z0,Shams.nailz,DIRECT,3.682,5.0,Google Places API (New),2026-09-02T15:35:56+00:00
32,Jumeirah Park,ChIJ-0P7Jf1tXz4Rje7-0YFcM3Q,25.039154000000003,55.1659736,ChIJZZXaZHptXz4RMTL5eRbcKcI,Royal Wellness SPA,ADJACENT,3.7105,5.0,Google Places API (New),2026-09-02T15:35:56+00:00
32,Jumeirah Park,ChIJ-0P7Jf1tXz4Rje7-0YFcM3Q,25.039154000000003,55.1659736,ChIJvcTyx0NtXz4Rac1Gnsk9Jzc,Divine Beauty Lounge | Best Hair & Nails Beauty Salon JVC | 20% OFF,DIRECT,3.72,5.0,Google Places API (New),2026-09-02T15:35:56+00:00
32,Jumeirah Park,ChIJ-0P7Jf1tXz4Rje7-0YFcM3Q,25.039154000000003,55.1659736,ChIJO96ntmJtXz4RR1nUd6qXzIo,Glamour Mark Ladies Salon – JVC,DIRECT,3.7361,5.0,Google Places API (New),2026-09-02T15:35:56+00:00
32,Jumeirah Park,ChIJ-0P7Jf1tXz4Rje7-0YFcM3Q,25.039154000000003,55.1659736,ChIJqyZ19uATXz4RYCATcv32vsY,Outlook Spa and Salon,ADJACENT,3.7426,5.0,Google Places API (New),2026-09-02T15:35:56+00:00
32,Jumeirah Park,ChIJ-0P7Jf1tXz4Rje7-0YFcM3Q,25.039154000000003,55.1659736,ChIJx0WW-QttXz4RfK48dbuRmug,Ritual Luxe Spa,ADJACENT,3.8268,5.0,Google Places API (New),2026-09-02T15:35:56+00:00
32,Jumeirah Park,ChIJ-0P7Jf1tXz4Rje7-0YFcM3Q,25.039154000000003,55.1659736,ChIJxVt4blkTXz4Rd2u_R0AqBVs,MUKTA BEAUTY SALOON ( Discovery Gardens),DIRECT,3.8369,5.0,Google Places API (New),2026-09-02T15:35:56+00:00
32,Jumeirah Park,ChIJ-0P7Jf1tXz4Rje7-0YFcM3Q,25.039154000000003,55.1659736,ChIJFYM39WFtXz4RmuHdt8OHkaU,"N.Bar Nail Spa & Salon Green Community, The Market Mall",DIRECT,3.838,5.0,Google Places API (New),2026-09-02T15:35:56+00:00
32,Jumeirah Park,ChIJ-0P7Jf1tXz4Rje7-0YFcM3Q,25.039154000000003,55.1659736,ChIJQTr0s6ltXz4R0uyU90fu2wE,Essence Healing Spa LLC - Jumeirah Golf Estates,ADJACENT,3.8448,5.0,Google Places API (New),2026-09-02T15:35:56+00:00
32,Jumeirah Park,ChIJ-0P7Jf1tXz4Rje7-0YFcM3Q,25.039154000000003,55.1659736,ChIJr9EK9MxtXz4ROoqks9aGM7o,Sweet Rose Spa Massage Center,ADJACENT,3.852,5.0,Google Places API (New),2026-09-02T15:35:56+00:00
32,Jumeirah Park,ChIJ-0P7Jf1tXz4Rje7-0YFcM3Q,25.039154000000003,55.1659736,ChIJzfTmQp9zXz4RRFbQii_caho,Wellnes Spa Massages Centre,ADJACENT,3.8556,5.0,Google Places API (New),2026-09-02T15:35:56+00:00
32,Jumeirah Park,ChIJ-0P7Jf1tXz4Rje7-0YFcM3Q,25.039154000000003,55.1659736,ChIJe6sxLvttXz4Re7ijGxRbSD4,"Soul Side Wellness – Yoga, Sound Healing & Holistic Therapy in JLT",ADJACENT,3.8735,5.0,Google Places API (New),2026-09-02T15:35:56+00:00
32,Jumeirah Park,ChIJ-0P7Jf1tXz4Rje7-0YFcM3Q,25.039154000000003,55.1659736,ChIJa1InCzVtXz4Rihe5RIz6XGc,KOKO MOKO Russian Beauty Salon JVC,DIRECT,3.9192,5.0,Google Places API (New),2026-09-02T15:35:56+00:00
32,Jumeirah Park,ChIJ-0P7Jf1tXz4Rje7-0YFcM3Q,25.039154000000003,55.1659736,ChIJQQ9HfGFtXz4Rcqp-MgnFtYs,Hair Lounge Ladies Salon,DIRECT,3.9379,5.0,Google Places API (New),2026-09-02T15:35:56+00:00
32,Jumeirah Park,ChIJ-0P7Jf1tXz4Rje7-0YFcM3Q,25.039154000000003,55.1659736,ChIJEwTTcR5tXz4Ri5PwJbyG_-M,Pine Spa by Versailles,ADJACENT,3.953,5.0,Google Places API (New),2026-09-02T15:35:56+00:00
32,Jumeirah Park,ChIJ-0P7Jf1tXz4Rje7-0YFcM3Q,25.039154000000003,55.1659736,ChIJpUudORtlXz4RxyIosLAUEBo,Massage luxury & Dubai 6886,ADJACENT,3.9548,5.0,Google Places API (New),2026-09-02T15:35:56+00:00
32,Jumeirah Park,ChIJ-0P7Jf1tXz4Rje7-0YFcM3Q,25.039154000000003,55.1659736,ChIJkUYWVIZdXz4Rbp0hSFKY6XE,Massage Relax Mia Pure Luxurion,ADJACENT,3.9577,5.0,Google Places API (New),2026-09-02T15:35:56+00:00
32,Jumeirah Park,ChIJ-0P7Jf1tXz4Rje7-0YFcM3Q,25.039154000000003,55.1659736,ChIJjXtdokFtXz4RL83O2a0D6ZE,Lish Beauty Bar - JLT,DIRECT,3.9583,5.0,Google Places API (New),2026-09-02T15:35:56+00:00
32,Jumeirah Park,ChIJ-0P7Jf1tXz4Rje7-0YFcM3Q,25.039154000000003,55.1659736,ChIJx5BOfa5sXz4RXNsRSY2lun4,Essa Beauty,DIRECT,3.9664,5.0,Google Places API (New),2026-09-02T15:35:56+00:00
32,Jumeirah Park,ChIJ-0P7Jf1tXz4Rje7-0YFcM3Q,25.039154000000003,55.1659736,ChIJa17sR5ZtXz4RMNhHiMM0Zsw,Brau,DIRECT,3.9985,5.0,Google Places API (New),2026-09-02T15:35:56+00:00
32,Jumeirah Park,ChIJ-0P7Jf1tXz4Rje7-0YFcM3Q,25.039154000000003,55.1659736,ChIJvQQ3qF5tXz4R6oLW8rkmU5c,VOTRE Beauty Crafted with Care,DIRECT,4.0259,5.0,Google Places API (New),2026-09-02T15:35:56+00:00
32,Jumeirah Park,ChIJ-0P7Jf1tXz4Rje7-0YFcM3Q,25.039154000000003,55.1659736,ChIJBa4VrhZtXz4RBILEucrVUEc,Neferthena Ladies Salon,DIRECT,4.0428,5.0,Google Places API (New),2026-09-02T15:35:56+00:00
32,Jumeirah Park,ChIJ-0P7Jf1tXz4Rje7-0YFcM3Q,25.039154000000003,55.1659736,ChIJ77aaBlxtXz4R4oX4EvOJZU8,HV Spa Happy Valley - DIP Branch,ADJACENT,4.0448,5.0,Google Places API (New),2026-09-02T15:35:56+00:00
32,Jumeirah Park,ChIJ-0P7Jf1tXz4Rje7-0YFcM3Q,25.039154000000003,55.1659736,ChIJm1pVp0BtXz4Rpgo2ztoaZEA,Kozma Curl JLT Branch,DIRECT,4.0924,5.0,Google Places API (New),2026-09-02T15:35:56+00:00
32,Jumeirah Park,ChIJ-0P7Jf1tXz4Rje7-0YFcM3Q,25.039154000000003,55.1659736,ChIJaXRKzyhhXz4Rgco-Kv7KkGw,Freya beauty salon,DIRECT,4.103,5.0,Google Places API (New),2026-09-02T15:35:56+00:00
32,Jumeirah Park,ChIJ-0P7Jf1tXz4Rje7-0YFcM3Q,25.039154000000003,55.1659736,ChIJ_YwubzttXz4RGev5v4SNJ68,Willow Lane Hair & Beauty,DIRECT,4.2216,5.0,Google Places API (New),2026-09-02T15:35:56+00:00
32,Jumeirah Park,ChIJ-0P7Jf1tXz4Rje7-0YFcM3Q,25.039154000000003,55.1659736,ChIJ0e-xeL7Jb0QRSEJYVRTSDno,Feminista Beauty Salon,DIRECT,4.2482,5.0,Google Places API (New),2026-09-02T15:35:56+00:00
32,Jumeirah Park,ChIJ-0P7Jf1tXz4Rje7-0YFcM3Q,25.039154000000003,55.1659736,ChIJqxkK2ypDXz4RAN5Y3XKXiU4,SunShine Spa,ADJACENT,4.2678,5.0,Google Places API (New),2026-09-02T15:35:56+00:00
32,Jumeirah Park,ChIJ-0P7Jf1tXz4Rje7-0YFcM3Q,25.039154000000003,55.1659736,ChIJF14F-a1zXz4RPyYrdHQupUQ,华艺养身馆,ADJACENT,4.2846,5.0,Google Places API (New),2026-09-02T15:35:56+00:00
32,Jumeirah Park,ChIJ-0P7Jf1tXz4Rje7-0YFcM3Q,25.039154000000003,55.1659736,ChIJDfWiCfltXz4Rusomg1MTsa4,Nails LAB Salon (JLT Branch),DIRECT,4.3046,5.0,Google Places API (New),2026-09-02T15:35:56+00:00
32,Jumeirah Park,ChIJ-0P7Jf1tXz4Rje7-0YFcM3Q,25.039154000000003,55.1659736,ChIJ4yiZA4JtXz4RyHOqaHDbi2Q,Sasha Beauty Salon,DIRECT,4.3208,5.0,Google Places API (New),2026-09-02T15:35:56+00:00
32,Jumeirah Park,ChIJ-0P7Jf1tXz4Rje7-0YFcM3Q,25.039154000000003,55.1659736,ChIJC4J6G2VtXz4R4RsTT8qB6ac,The Curl Therapy,DIRECT,4.3383,5.0,Google Places API (New),2026-09-02T15:35:56+00:00
32,Jumeirah Park,ChIJ-0P7Jf1tXz4Rje7-0YFcM3Q,25.039154000000003,55.1659736,ChIJTyp94lNtXz4RP_0_p6gNwIE,Top View Spa,ADJACENT,4.3718,5.0,Google Places API (New),2026-09-02T15:35:56+00:00
32,Jumeirah Park,ChIJ-0P7Jf1tXz4Rje7-0YFcM3Q,25.039154000000003,55.1659736,ChIJT0aO83JtXz4R0VkTd6I7eFI,Royal valley Spa JVC,ADJACENT,4.376,5.0,Google Places API (New),2026-09-02T15:35:56+00:00
32,Jumeirah Park,ChIJ-0P7Jf1tXz4Rje7-0YFcM3Q,25.039154000000003,55.1659736,ChIJVVVA7JhsXz4RpDbMLQunIKU,Hair By Marquee - The Lakes Club,DIRECT,4.3841,5.0,Google Places API (New),2026-09-02T15:35:56+00:00
32,Jumeirah Park,ChIJ-0P7Jf1tXz4Rje7-0YFcM3Q,25.039154000000003,55.1659736,ChIJzXuUo5tsXz4RzzSoaPXEn5c,The Nail Spa - The Lakes/Emirates Hills,DIRECT,4.4047,5.0,Google Places API (New),2026-09-02T15:35:56+00:00
32,Jumeirah Park,ChIJ-0P7Jf1tXz4Rje7-0YFcM3Q,25.039154000000003,55.1659736,ChIJK-7lVO1tXz4RMr9whME7dJY,Ombre Salon JVC,DIRECT,4.4444,5.0,Google Places API (New),2026-09-02T15:35:56+00:00
32,Jumeirah Park,ChIJ-0P7Jf1tXz4Rje7-0YFcM3Q,25.039154000000003,55.1659736,ChIJl2qKJgltXz4ReuBuwKKMYvw,The Salon Dubai | FIVE Jumeirah Village,DIRECT,4.4679,5.0,Google Places API (New),2026-09-02T15:35:56+00:00
32,Jumeirah Park,ChIJ-0P7Jf1tXz4Rje7-0YFcM3Q,25.039154000000003,55.1659736,ChIJU9L0HABzXz4RZeyesg08rMo,Mainails.ae( home base ),DIRECT,4.5049,5.0,Google Places API (New),2026-09-02T15:35:56+00:00
32,Jumeirah Park,ChIJ-0P7Jf1tXz4Rje7-0YFcM3Q,25.039154000000003,55.1659736,ChIJhcKcWRRtXz4RXiiJH5_yPgQ,SASHA AESTHETIC AND WELLNESS POLY CLINIC,DIRECT,4.5052,5.0,Google Places API (New),2026-09-02T15:35:56+00:00
32,Jumeirah Park,ChIJ-0P7Jf1tXz4Rje7-0YFcM3Q,25.039154000000003,55.1659736,ChIJf0B76atrXz4RqnlMK8X8TKo,Massage Home Dubai Relax,ADJACENT,4.5114,5.0,Google Places API (New),2026-09-02T15:35:56+00:00
32,Jumeirah Park,ChIJ-0P7Jf1tXz4Rje7-0YFcM3Q,25.039154000000003,55.1659736,ChIJbQepX4NtXz4R8Xcv4BeD8mg,"Sasha Beauty Salon, JVC",DIRECT,4.5177,5.0,Google Places API (New),2026-09-02T15:35:56+00:00
32,Jumeirah Park,ChIJ-0P7Jf1tXz4Rje7-0YFcM3Q,25.039154000000003,55.1659736,ChIJNwCtFc5tXz4RUBZw-oMdf3k,Ombre Salon Tulip,DIRECT,4.5343,5.0,Google Places API (New),2026-09-02T15:35:56+00:00
32,Jumeirah Park,ChIJ-0P7Jf1tXz4Rje7-0YFcM3Q,25.039154000000003,55.1659736,ChIJcdHOwqZsXz4RI8VN755zYyA,"Supreme Energy Spa - Russian Spa in JLT, Dubai",ADJACENT,4.5378,5.0,Google Places API (New),2026-09-02T15:35:56+00:00
32,Jumeirah Park,ChIJ-0P7Jf1tXz4Rje7-0YFcM3Q,25.039154000000003,55.1659736,ChIJy1JfMEtzXz4RsZMQzfZFpy0,MUKTA BEAUTY SALOON (DIP-1),DIRECT,4.5583,5.0,Google Places API (New),2026-09-02T15:35:56+00:00
32,Jumeirah Park,ChIJ-0P7Jf1tXz4Rje7-0YFcM3Q,25.039154000000003,55.1659736,ChIJiUZ7vhptXz4RhSDYQ0L45Rs,Gallery spa,ADJACENT,4.5649,5.0,Google Places API (New),2026-09-02T15:35:56+00:00
32,Jumeirah Park,ChIJ-0P7Jf1tXz4Rje7-0YFcM3Q,25.039154000000003,55.1659736,ChIJpf9cxi1tXz4RbtgU9W1DO4I,"Sasha Beauty Salon, Vida Hills",DIRECT,4.6013,5.0,Google Places API (New),2026-09-02T15:35:56+00:00
32,Jumeirah Park,ChIJ-0P7Jf1tXz4Rje7-0YFcM3Q,25.039154000000003,55.1659736,ChIJd9-BXqhsXz4Rd3JGUpR8C-w,Al Waleed Paradise JLT Cluster R,DIRECT,4.6712,5.0,Google Places API (New),2026-09-02T15:35:56+00:00
32,Jumeirah Park,ChIJ-0P7Jf1tXz4Rje7-0YFcM3Q,25.039154000000003,55.1659736,ChIJYfXpV6tsXz4RKKjGHXHCBpc,Dreamworks Spa | Cascades Tower Dubai Marina,DIRECT,4.6816,5.0,Google Places API (New),2026-09-02T15:35:56+00:00
32,Jumeirah Park,ChIJ-0P7Jf1tXz4Rje7-0YFcM3Q,25.039154000000003,55.1659736,ChIJnayY5GBtXz4RKym4qjw4Z94,ATILA Ladies Beauty Salon,DIRECT,4.6821,5.0,Google Places API (New),2026-09-02T15:35:56+00:00
32,Jumeirah Park,ChIJ-0P7Jf1tXz4Rje7-0YFcM3Q,25.039154000000003,55.1659736,ChIJdwLBNr5tXz4RM4eJJskzHu8,Al Bustan Spa,ADJACENT,4.6842,5.0,Google Places API (New),2026-09-02T15:35:56+00:00
32,Jumeirah Park,ChIJ-0P7Jf1tXz4Rje7-0YFcM3Q,25.039154000000003,55.1659736,ChIJwaaXuTNtXz4RjEA_RaTUJhg,Cutting Edge,DIRECT,4.7472,5.0,Google Places API (New),2026-09-02T15:35:56+00:00
32,Jumeirah Park,ChIJ-0P7Jf1tXz4Rje7-0YFcM3Q,25.039154000000003,55.1659736,ChIJXURFoL5zXz4R85fbxdh8Hfw,Golden Spa and Massage Center Dip (Dubai Investment Park),ADJACENT,4.7561,5.0,Google Places API (New),2026-09-02T15:35:56+00:00
32,Jumeirah Park,ChIJ-0P7Jf1tXz4Rje7-0YFcM3Q,25.039154000000003,55.1659736,ChIJv_FEbKdsXz4RS0OpAt_a7WA,Brow Studio,DIRECT,4.7687,5.0,Google Places API (New),2026-09-02T15:35:56+00:00
32,Jumeirah Park,ChIJ-0P7Jf1tXz4Rje7-0YFcM3Q,25.039154000000003,55.1659736,ChIJI6BjaVETXz4RSkZOXGwJiAY,Signature Hotel Apartments & Spa Marina,ADJACENT,4.8207,5.0,Google Places API (New),2026-09-02T15:35:56+00:00
32,Jumeirah Park,ChIJ-0P7Jf1tXz4Rje7-0YFcM3Q,25.039154000000003,55.1659736,ChIJyR0D6zZsXz4RHT0ZIk1MVKs,Azema Ladies Salon,DIRECT,4.8843,5.0,Google Places API (New),2026-09-02T15:35:56+00:00
32,Jumeirah Park,ChIJ-0P7Jf1tXz4Rje7-0YFcM3Q,25.039154000000003,55.1659736,ChIJH32H67ZtXz4R8CNbPtkHgtg,The Perfect Blend Dubai JVC,DIRECT,4.889,5.0,Google Places API (New),2026-09-02T15:35:56+00:00
32,Jumeirah Park,ChIJ-0P7Jf1tXz4Rje7-0YFcM3Q,25.039154000000003,55.1659736,ChIJRfyYtMhtXz4RGYZummtxywk,Banyan Thai Spa,ADJACENT,4.919,5.0,Google Places API (New),2026-09-02T15:35:56+00:00
32,Jumeirah Park,ChIJ-0P7Jf1tXz4Rje7-0YFcM3Q,25.039154000000003,55.1659736,ChIJ8a14IlZrXz4RGsZ0xqnyzMM,Nail Candy Beauty Spa,DIRECT,4.9548,5.0,Google Places API (New),2026-09-02T15:35:56+00:00
32,Jumeirah Park,ChIJ-0P7Jf1tXz4Rje7-0YFcM3Q,25.039154000000003,55.1659736,ChIJAeX3S6htXz4RprfwZfXyLcY,"Itsu Nails Beauty Salon, JVC",DIRECT,4.9685,5.0,Google Places API (New),2026-09-02T15:35:56+00:00
32,Jumeirah Park,ChIJ-0P7Jf1tXz4Rje7-0YFcM3Q,25.039154000000003,55.1659736,ChIJvVXZyygTXz4RoMJC0fPAHSY,KARKAFI HAIR Extension Dubai Marina قرقفي للشعر المستعار (اكستنشن) دبي مارينا,DIRECT,4.9917,5.0,Google Places API (New),2026-09-02T15:35:56+00:00
32,Jumeirah Park,ChIJ-0P7Jf1tXz4Rje7-0YFcM3Q,25.039154000000003,55.1659736,ChIJrz3XvhptXz4R4wDdcB9IE_Y,Sky Beauty Salon,DIRECT,4.999,5.0,Google Places API (New),2026-09-02T15:35:56+00:00
40,Khaleej Al Arabi,ChIJ7Q7KjQNmXj4ROEhXBTwMTWk,24.458870200000003,54.3537762,ChIJkfB4BgVmXj4RCj9l9s0IATk,Sisters Beauty Lounge Hair Salon - Al Bateen Villa,DIRECT,0.4575,5.0,Google Places API (New),2026-09-02T15:35:56+00:00
40,Khaleej Al Arabi,ChIJ7Q7KjQNmXj4ROEhXBTwMTWk,24.458870200000003,54.3537762,ChIJg6FONuBnXj4RkIDJUY_jwfU,Magio Hair Experience - Al Bateen,DIRECT,0.4847,5.0,Google Places API (New),2026-09-02T15:35:56+00:00
40,Khaleej Al Arabi,ChIJ7Q7KjQNmXj4ROEhXBTwMTWk,24.458870200000003,54.3537762,ChIJfS8fdSdnXj4Re-Hd6z48PNs,Remedy Room,DIRECT,0.5152,5.0,Google Places API (New),2026-09-02T15:35:56+00:00
40,Khaleej Al Arabi,ChIJ7Q7KjQNmXj4ROEhXBTwMTWk,24.458870200000003,54.3537762,ChIJ-bj4weBlXj4RYa1MziOiO6c,Karkafi Hair Extension Abu Dhabi قرقفي للشعر المستعار (اكستنشن) ابوظبي,DIRECT,0.5244,5.0,Google Places API (New),2026-09-02T15:35:56+00:00
40,Khaleej Al Arabi,ChIJ7Q7KjQNmXj4ROEhXBTwMTWk,24.458870200000003,54.3537762,ChIJiZPMTaJnXj4RHOK4tARmadY,The Wave Lounge Beauty Spa Al Bateen,DIRECT,0.8115,5.0,Google Places API (New),2026-09-02T15:35:56+00:00
40,Khaleej Al Arabi,ChIJ7Q7KjQNmXj4ROEhXBTwMTWk,24.458870200000003,54.3537762,ChIJKZkeSv1lXj4RxF3R8tzJNU8,Oriental Beauty Lounge,DIRECT,0.9105,5.0,Google Places API (New),2026-09-02T15:35:56+00:00
40,Khaleej Al Arabi,ChIJ7Q7KjQNmXj4ROEhXBTwMTWk,24.458870200000003,54.3537762,ChIJS61JbB5mXj4RgF-hmsgxuBs,Gloss & Glitter Ladies Beauty Lounge,DIRECT,1.0444,5.0,Google Places API (New),2026-09-02T15:35:56+00:00
40,Khaleej Al Arabi,ChIJ7Q7KjQNmXj4ROEhXBTwMTWk,24.458870200000003,54.3537762,ChIJjwQqBABpXj4REuTQ2Av-a9Q,Glow in Grace Ladies Salon,DIRECT,1.1195,5.0,Google Places API (New),2026-09-02T15:35:56+00:00
40,Khaleej Al Arabi,ChIJ7Q7KjQNmXj4ROEhXBTwMTWk,24.458870200000003,54.3537762,ChIJz6dobOJlXj4RX9XDqXofqHE,House of Allure Beauty and Spa,DIRECT,1.1264,5.0,Google Places API (New),2026-09-02T15:35:56+00:00
40,Khaleej Al Arabi,ChIJ7Q7KjQNmXj4ROEhXBTwMTWk,24.458870200000003,54.3537762,ChIJ7WWr079nXj4R7A5PaJIu4Eo,Faina Ladies Salon ( RUSSIAN SALON ),DIRECT,1.342,5.0,Google Places API (New),2026-09-02T15:35:56+00:00
40,Khaleej Al Arabi,ChIJ7Q7KjQNmXj4ROEhXBTwMTWk,24.458870200000003,54.3537762,ChIJ2R_mwgpmXj4RFBUQ0mAaS0g,Al Riqqa Ladies Beauty Centre,DIRECT,1.5703,5.0,Google Places API (New),2026-09-02T15:35:56+00:00
40,Khaleej Al Arabi,ChIJ7Q7KjQNmXj4ROEhXBTwMTWk,24.458870200000003,54.3537762,ChIJQ_vZET7Dpg8RsL5NwmtVv4c,Massage PVD gold plated Happy,DIRECT,1.596,5.0,Google Places API (New),2026-09-02T15:35:56+00:00
40,Khaleej Al Arabi,ChIJ7Q7KjQNmXj4ROEhXBTwMTWk,24.458870200000003,54.3537762,ChIJkdWrG9JlXj4RhlpiF4Ciwe8,The Colorful Spa Center,ADJACENT,1.6091,5.0,Google Places API (New),2026-09-02T15:35:56+00:00
40,Khaleej Al Arabi,ChIJ7Q7KjQNmXj4ROEhXBTwMTWk,24.458870200000003,54.3537762,ChIJvaNOssVpXj4R-wYQupCRsPs,Cleopatra Spa,ADJACENT,1.6176,5.0,Google Places API (New),2026-09-02T15:35:56+00:00
40,Khaleej Al Arabi,ChIJ7Q7KjQNmXj4ROEhXBTwMTWk,24.458870200000003,54.3537762,ChIJZ-M2UgBnXj4RscZnYuRSk1Y,Razor republic saloon,DIRECT,1.665,5.0,Google Places API (New),2026-09-02T15:35:56+00:00
40,Khaleej Al Arabi,ChIJ7Q7KjQNmXj4ROEhXBTwMTWk,24.458870200000003,54.3537762,ChIJQ8ljpdVnXj4RXbKAYsbdZ4A,Venere by Ann Ladies Salon,DIRECT,1.6759,5.0,Google Places API (New),2026-09-02T15:35:56+00:00
40,Khaleej Al Arabi,ChIJ7Q7KjQNmXj4ROEhXBTwMTWk,24.458870200000003,54.3537762,ChIJUy6LoMNlXj4RbjQD6nE6-kQ,Syda Beauty Lounge,DIRECT,1.6939,5.0,Google Places API (New),2026-09-02T15:35:56+00:00
40,Khaleej Al Arabi,ChIJ7Q7KjQNmXj4ROEhXBTwMTWk,24.458870200000003,54.3537762,ChIJydYdq3RmXj4Rpupwrl-WGT8,Concord Saloon,DIRECT,1.7333,5.0,Google Places API (New),2026-09-02T15:35:56+00:00
40,Khaleej Al Arabi,ChIJ7Q7KjQNmXj4ROEhXBTwMTWk,24.458870200000003,54.3537762,ChIJsa0vizFnXj4RdKePMZEwcsY,Kamala tower,DIRECT,1.7586,5.0,Google Places API (New),2026-09-02T15:35:56+00:00
40,Khaleej Al Arabi,ChIJ7Q7KjQNmXj4ROEhXBTwMTWk,24.458870200000003,54.3537762,ChIJxw_jYCBmXj4R4W15MAFN0z8,306 Spa | Award-Winning Hair Nails Beauty Salon Abu Dhabi,DIRECT,1.7589,5.0,Google Places API (New),2026-09-02T15:35:56+00:00
40,Khaleej Al Arabi,ChIJ7Q7KjQNmXj4ROEhXBTwMTWk,24.458870200000003,54.3537762,ChIJfcklFudlXj4R5PJ2tTD_oCA,Caramel Beauty Lounge,DIRECT,1.8238,5.0,Google Places API (New),2026-09-02T15:35:56+00:00
40,Khaleej Al Arabi,ChIJ7Q7KjQNmXj4ROEhXBTwMTWk,24.458870200000003,54.3537762,ChIJEYmO6XRmXj4Rh_EnzUUtp7w,Majestic saloon,DIRECT,1.8499,5.0,Google Places API (New),2026-09-02T15:35:56+00:00
40,Khaleej Al Arabi,ChIJ7Q7KjQNmXj4ROEhXBTwMTWk,24.458870200000003,54.3537762,ChIJpwaHxnZlXj4Rxgp7ZP4HeFA,The Muse UAE Boutique Spa,DIRECT,1.8508,5.0,Google Places API (New),2026-09-02T15:35:56+00:00
40,Khaleej Al Arabi,ChIJ7Q7KjQNmXj4ROEhXBTwMTWk,24.458870200000003,54.3537762,ChIJO6ejzVtnXj4R_42xMGCC1Ro,Leelawadee Spa - by Sheraton Khalidiya Abu Dhabi,ADJACENT,1.8591,5.0,Google Places API (New),2026-09-02T15:35:56+00:00
40,Khaleej Al Arabi,ChIJ7Q7KjQNmXj4ROEhXBTwMTWk,24.458870200000003,54.3537762,ChIJ6y8mSL9lXj4RGDXCzHCh0mc,Rossano Ferretti Hair Spa,DIRECT,1.9016,5.0,Google Places API (New),2026-09-02T15:35:56+00:00
40,Khaleej Al Arabi,ChIJ7Q7KjQNmXj4ROEhXBTwMTWk,24.458870200000003,54.3537762,ChIJjw1AXF9vXj4Re6zC68ROUNg,"Al Bateen Spa, Villa A10, Royal M Hotel & Resort Abu Dhabi",ADJACENT,1.9112,5.0,Google Places API (New),2026-09-02T15:35:56+00:00
40,Khaleej Al Arabi,ChIJ7Q7KjQNmXj4ROEhXBTwMTWk,24.458870200000003,54.3537762,ChIJi135LPRlXj4REqYFVZHI2Ec,Young Massage Spa Abu Dhabi,ADJACENT,1.9155,5.0,Google Places API (New),2026-09-02T15:35:56+00:00
40,Khaleej Al Arabi,ChIJ7Q7KjQNmXj4ROEhXBTwMTWk,24.458870200000003,54.3537762,ChIJKVa6gnRmXj4RL_OS33S3ZME,Sana Beauty Salon,DIRECT,1.9224,5.0,Google Places API (New),2026-09-02T15:35:56+00:00
40,Khaleej Al Arabi,ChIJ7Q7KjQNmXj4ROEhXBTwMTWk,24.458870200000003,54.3537762,ChIJIZcsBEFvXj4RwOm5PlnuNtw,Elvara Luxury Spa Abu Dhabi,ADJACENT,1.9291,5.0,Google Places API (New),2026-09-02T15:35:56+00:00
40,Khaleej Al Arabi,ChIJ7Q7KjQNmXj4ROEhXBTwMTWk,24.458870200000003,54.3537762,ChIJdeU-c_JlXj4Rki8SWllWktw,InterContinental Abu Dhabi by IHG,ADJACENT,1.9376,5.0,Google Places API (New),2026-09-02T15:35:56+00:00
40,Khaleej Al Arabi,ChIJ7Q7KjQNmXj4ROEhXBTwMTWk,24.458870200000003,54.3537762,ChIJqWAauUtlXj4R5CEvqGsTNdk,Aphrodite Beauty & SPA,DIRECT,1.9709,5.0,Google Places API (New),2026-09-02T15:35:56+00:00
40,Khaleej Al Arabi,ChIJ7Q7KjQNmXj4ROEhXBTwMTWk,24.458870200000003,54.3537762,ChIJl-g87yFmXj4RjLwB6QyBCDo,La Fleur Blanche,DIRECT,2.0412,5.0,Google Places API (New),2026-09-02T15:35:56+00:00
40,Khaleej Al Arabi,ChIJ7Q7KjQNmXj4ROEhXBTwMTWk,24.458870200000003,54.3537762,ChIJX1PpzvFlXj4RdTfKWj-yCKo,Kingdom Of Beauty,DIRECT,2.1401,5.0,Google Places API (New),2026-09-02T15:35:56+00:00
40,Khaleej Al Arabi,ChIJ7Q7KjQNmXj4ROEhXBTwMTWk,24.458870200000003,54.3537762,ChIJQdR3YXhlXj4Rs1lVb0ScdqY,hairitage lounge salon,DIRECT,2.1469,5.0,Google Places API (New),2026-09-02T15:35:56+00:00
40,Khaleej Al Arabi,ChIJ7Q7KjQNmXj4ROEhXBTwMTWk,24.458870200000003,54.3537762,ChIJ7THdY-hlXj4RMVnV5sVzJ5k,Physiomins Center,DIRECT,2.1527,5.0,Google Places API (New),2026-09-02T15:35:56+00:00
40,Khaleej Al Arabi,ChIJ7Q7KjQNmXj4ROEhXBTwMTWk,24.458870200000003,54.3537762,ChIJMTJk1YBpXj4Rr8PtSnvwj5M,Gold and Ash Shadow Beauty Salon,DIRECT,2.1607,5.0,Google Places API (New),2026-09-02T15:35:56+00:00
40,Khaleej Al Arabi,ChIJ7Q7KjQNmXj4ROEhXBTwMTWk,24.458870200000003,54.3537762,ChIJNcEbcyNpXj4RN7bElDhvr2U,MIA BELLA BEAUTY LOUNGE,DIRECT,2.2253,5.0,Google Places API (New),2026-09-02T15:35:56+00:00
40,Khaleej Al Arabi,ChIJ7Q7KjQNmXj4ROEhXBTwMTWk,24.458870200000003,54.3537762,ChIJhVWfudppXj4RW1NJDUldjnk,Tips and Toes Khaleej,DIRECT,2.2254,5.0,Google Places API (New),2026-09-02T15:35:56+00:00
40,Khaleej Al Arabi,ChIJ7Q7KjQNmXj4ROEhXBTwMTWk,24.458870200000003,54.3537762,ChIJ-ZUDEelnXj4RtjYW_w6XpAk,Amani Spa,ADJACENT,2.2282,5.0,Google Places API (New),2026-09-02T15:35:56+00:00
40,Khaleej Al Arabi,ChIJ7Q7KjQNmXj4ROEhXBTwMTWk,24.458870200000003,54.3537762,ChIJG22JYydnXj4RzPs3kGyaXsc,Belle Care Luxury Spa Abu Dhabi (Grand Villaggio Hotel),ADJACENT,2.2368,5.0,Google Places API (New),2026-09-02T15:35:56+00:00
40,Khaleej Al Arabi,ChIJ7Q7KjQNmXj4ROEhXBTwMTWk,24.458870200000003,54.3537762,ChIJKeFmXABnXj4RgwAP-cxBXgs,regents spa,DIRECT,2.2777,5.0,Google Places API (New),2026-09-02T15:35:56+00:00
40,Khaleej Al Arabi,ChIJ7Q7KjQNmXj4ROEhXBTwMTWk,24.458870200000003,54.3537762,ChIJL1v2CGhnXj4Rh-n6AbWCGBM,SPARKLE MASSAGE SPA CENTER IN ABU DHABI | Best massage center abu dhabi,ADJACENT,2.2953,5.0,Google Places API (New),2026-09-02T15:35:56+00:00
40,Khaleej Al Arabi,ChIJ7Q7KjQNmXj4ROEhXBTwMTWk,24.458870200000003,54.3537762,ChIJn-VSqNlnXj4R47V-_I-fBjI,Phenomenal Ladies Salon,DIRECT,2.2974,5.0,Google Places API (New),2026-09-02T15:35:56+00:00
40,Khaleej Al Arabi,ChIJ7Q7KjQNmXj4ROEhXBTwMTWk,24.458870200000003,54.3537762,ChIJkzlGXCZmXj4Rv0Ng_vrsMsI,صالون عروس الخليج - Gulf Bride Saloon,DIRECT,2.4179,5.0,Google Places API (New),2026-09-02T15:35:56+00:00
40,Khaleej Al Arabi,ChIJ7Q7KjQNmXj4ROEhXBTwMTWk,24.458870200000003,54.3537762,ChIJeaglB3JmXj4RSN8BMPTWbZw,nails the modern manicure studio - Nayel & Bin Harmal Tower (Previously known as Al Muhairy Center),DIRECT,2.4352,5.0,Google Places API (New),2026-09-02T15:35:56+00:00
40,Khaleej Al Arabi,ChIJ7Q7KjQNmXj4ROEhXBTwMTWk,24.458870200000003,54.3537762,ChIJ2dIzEpVnXj4Rac-Ecr9LGvc,AlHiba Saloon,DIRECT,2.4521,5.0,Google Places API (New),2026-09-02T15:35:56+00:00
40,Khaleej Al Arabi,ChIJ7Q7KjQNmXj4ROEhXBTwMTWk,24.458870200000003,54.3537762,ChIJD-N6ki1lXj4RAJ3DMpPyPXQ,InterContinental Residences Abu Dhabi by IHG,ADJACENT,2.4791,5.0,Google Places API (New),2026-09-02T15:35:56+00:00
40,Khaleej Al Arabi,ChIJ7Q7KjQNmXj4ROEhXBTwMTWk,24.458870200000003,54.3537762,ChIJl5huYkBpXj4RX9faSAjd-iA,RITUALS BEAUTY SPA,DIRECT,2.4989,5.0,Google Places API (New),2026-09-02T15:35:56+00:00
40,Khaleej Al Arabi,ChIJ7Q7KjQNmXj4ROEhXBTwMTWk,24.458870200000003,54.3537762,ChIJ_cZqExxlXj4RnLj-HXL397o,CAYENNE Beauty Salon by Milad Raji,DIRECT,2.5303,5.0,Google Places API (New),2026-09-02T15:35:56+00:00
40,Khaleej Al Arabi,ChIJ7Q7KjQNmXj4ROEhXBTwMTWk,24.458870200000003,54.3537762,ChIJBeBfHHdmXj4RAjqjR7BPDHQ,Chamomile Salon and Spa,DIRECT,2.5661,5.0,Google Places API (New),2026-09-02T15:35:56+00:00
40,Khaleej Al Arabi,ChIJ7Q7KjQNmXj4ROEhXBTwMTWk,24.458870200000003,54.3537762,ChIJ-YhJtkppXj4Rabaoqq1SQSw,Pink Me Up Beauty Lounge By Julia,DIRECT,2.5961,5.0,Google Places API (New),2026-09-02T15:35:56+00:00
40,Khaleej Al Arabi,ChIJ7Q7KjQNmXj4ROEhXBTwMTWk,24.458870200000003,54.3537762,ChIJf4Q_K-tnXj4Rhaoq4e3jNMM,Hi Nails Russian Beauty Salon,DIRECT,2.6101,5.0,Google Places API (New),2026-09-02T15:35:56+00:00
40,Khaleej Al Arabi,ChIJ7Q7KjQNmXj4ROEhXBTwMTWk,24.458870200000003,54.3537762,ChIJh4HSu-tlXj4RRX-S-W5CKio,nails the modern manicure studio - Nation Towers Galleria branch,DIRECT,2.6285,5.0,Google Places API (New),2026-09-02T15:35:56+00:00
40,Khaleej Al Arabi,ChIJ7Q7KjQNmXj4ROEhXBTwMTWk,24.458870200000003,54.3537762,ChIJd3yM9tpnXj4RqcsO0ErB-sg,ZenSation Massage & Spa,ADJACENT,2.6574,5.0,Google Places API (New),2026-09-02T15:35:56+00:00
40,Khaleej Al Arabi,ChIJ7Q7KjQNmXj4ROEhXBTwMTWk,24.458870200000003,54.3537762,ChIJxQc-metlXj4RA2Np0qHrA70,Sisters Beauty Lounge Hair Salon - St. Regis Nation Towers,DIRECT,2.6628,5.0,Google Places API (New),2026-09-02T15:35:56+00:00
40,Khaleej Al Arabi,ChIJ7Q7KjQNmXj4ROEhXBTwMTWk,24.458870200000003,54.3537762,ChIJt2ESedVnXj4R5yriNQ5CZFs,Murjan Spa Abu Dhabi,ADJACENT,2.6726,5.0,Google Places API (New),2026-09-02T15:35:56+00:00
40,Khaleej Al Arabi,ChIJ7Q7KjQNmXj4ROEhXBTwMTWk,24.458870200000003,54.3537762,ChIJpX_OJYJoXj4Rpjz8-daA5RA,Ivana Beauty Centre,DIRECT,2.709,5.0,Google Places API (New),2026-09-02T15:35:56+00:00
40,Khaleej Al Arabi,ChIJ7Q7KjQNmXj4ROEhXBTwMTWk,24.458870200000003,54.3537762,ChIJ8Vq3mOtlXj4RdN0Pi3Vw1Os,The Spa at The St. Regis Abu Dhabi,ADJACENT,2.724,5.0,Google Places API (New),2026-09-02T15:35:56+00:00
40,Khaleej Al Arabi,ChIJ7Q7KjQNmXj4ROEhXBTwMTWk,24.458870200000003,54.3537762,ChIJUQmc5sVlXj4R2PCDAWYrzt0,Tips and Toes - Nation Towers,DIRECT,2.7284,5.0,Google Places API (New),2026-09-02T15:35:56+00:00
40,Khaleej Al Arabi,ChIJ7Q7KjQNmXj4ROEhXBTwMTWk,24.458870200000003,54.3537762,ChIJYXvJfPdlXj4RmcqPihLlFT8,G CLASS SALON,DIRECT,2.7493,5.0,Google Places API (New),2026-09-02T15:35:56+00:00
40,Khaleej Al Arabi,ChIJ7Q7KjQNmXj4ROEhXBTwMTWk,24.458870200000003,54.3537762,ChIJ1_XlqW5mXj4R2AysySiBqcQ,صالون سونا مدينة زايد Sona salon,DIRECT,2.7634,5.0,Google Places API (New),2026-09-02T15:35:56+00:00
40,Khaleej Al Arabi,ChIJ7Q7KjQNmXj4ROEhXBTwMTWk,24.458870200000003,54.3537762,ChIJUcaxMQ1nXj4R95H4ausVth8,Thai House Beauty And Spa / Massage & Home Spa,DIRECT,2.8025,5.0,Google Places API (New),2026-09-02T15:35:56+00:00
40,Khaleej Al Arabi,ChIJ7Q7KjQNmXj4ROEhXBTwMTWk,24.458870200000003,54.3537762,ChIJnbuwwDZGXj4R2MuK02ZL3RQ,La Poupee Beauty Center - Abu Dhabi,DIRECT,2.8049,5.0,Google Places API (New),2026-09-02T15:35:56+00:00
40,Khaleej Al Arabi,ChIJ7Q7KjQNmXj4ROEhXBTwMTWk,24.458870200000003,54.3537762,ChIJa_5SjvRnXj4RYjFue3DePuk,Le Noir Beauty Center | مركز لي نوار للتجميل,DIRECT,2.8103,5.0,Google Places API (New),2026-09-02T15:35:56+00:00
40,Khaleej Al Arabi,ChIJ7Q7KjQNmXj4ROEhXBTwMTWk,24.458870200000003,54.3537762,ChIJ7T-37x5pXj4R_yv-rjg24gg,Luxury spa,DIRECT,2.8199,5.0,Google Places API (New),2026-09-02T15:35:56+00:00
40,Khaleej Al Arabi,ChIJ7Q7KjQNmXj4ROEhXBTwMTWk,24.458870200000003,54.3537762,ChIJlylBKmtlXj4R-W3MROPilhg,West Bay Club,ADJACENT,2.8813,5.0,Google Places API (New),2026-09-02T15:35:56+00:00
40,Khaleej Al Arabi,ChIJ7Q7KjQNmXj4ROEhXBTwMTWk,24.458870200000003,54.3537762,ChIJV_fiWINnXj4RSVmfyhdlhnI,Maiyas Beauty Salon - By Maiyas Makeup Artist,DIRECT,2.9938,5.0,Google Places API (New),2026-09-02T15:35:56+00:00
40,Khaleej Al Arabi,ChIJ7Q7KjQNmXj4ROEhXBTwMTWk,24.458870200000003,54.3537762,ChIJqTeaHthnXj4R4mu23EJamJY,Eternity Beauty Studio Russian Salon - Abu Dhabi ستوديو تجميل الخلود,DIRECT,3.0454,5.0,Google Places API (New),2026-09-02T15:35:56+00:00
40,Khaleej Al Arabi,ChIJ7Q7KjQNmXj4ROEhXBTwMTWk,24.458870200000003,54.3537762,ChIJYe0rouVnXj4RBQKS16aIjdc,Fairy Queen Beauty Salon & Spa,DIRECT,3.053,5.0,Google Places API (New),2026-09-02T15:35:56+00:00
40,Khaleej Al Arabi,ChIJ7Q7KjQNmXj4ROEhXBTwMTWk,24.458870200000003,54.3537762,ChIJi0V3S_BnXj4RlUt2dgvKDkg,مركز روزاليا للتجميل | Rosealia Beauty Center,DIRECT,3.0841,5.0,Google Places API (New),2026-09-02T15:35:56+00:00
40,Khaleej Al Arabi,ChIJ7Q7KjQNmXj4ROEhXBTwMTWk,24.458870200000003,54.3537762,ChIJ5dTWY9xnXj4RlafUdht72C8,BeauTyka Beauty Salon,DIRECT,3.0872,5.0,Google Places API (New),2026-09-02T15:35:56+00:00
40,Khaleej Al Arabi,ChIJ7Q7KjQNmXj4ROEhXBTwMTWk,24.458870200000003,54.3537762,ChIJ3dyLL_hpXj4RY54HfB5SeGk,JAW Salon,DIRECT,3.1105,5.0,Google Places API (New),2026-09-02T15:35:56+00:00
40,Khaleej Al Arabi,ChIJ7Q7KjQNmXj4ROEhXBTwMTWk,24.458870200000003,54.3537762,ChIJs3vVRWJpXj4RWFSLjKWVMig,Vesna Beauty Lounge,DIRECT,3.1412,5.0,Google Places API (New),2026-09-02T15:35:56+00:00
40,Khaleej Al Arabi,ChIJ7Q7KjQNmXj4ROEhXBTwMTWk,24.458870200000003,54.3537762,ChIJ857h14VoXj4R-MivhTIp0zA,Beauty Touch Ladies Salon,DIRECT,3.1723,5.0,Google Places API (New),2026-09-02T15:35:56+00:00
40,Khaleej Al Arabi,ChIJ7Q7KjQNmXj4ROEhXBTwMTWk,24.458870200000003,54.3537762,ChIJIX9-hZNlXj4RvO2QAgB5g18,Conrad Abu Dhabi Etihad Towers,ADJACENT,3.1857,5.0,Google Places API (New),2026-09-02T15:35:56+00:00
40,Khaleej Al Arabi,ChIJ7Q7KjQNmXj4ROEhXBTwMTWk,24.458870200000003,54.3537762,ChIJCbQtY9plXj4RSJE2PbCL06g,Conrad Spa at Conrad Abu Dhabi Etihad Towers,DIRECT,3.1974,5.0,Google Places API (New),2026-09-02T15:35:56+00:00
40,Khaleej Al Arabi,ChIJ7Q7KjQNmXj4ROEhXBTwMTWk,24.458870200000003,54.3537762,ChIJ8z35MOhnXj4RBz5wq89B23E,Brunetta & Blonde ladies Beauty saloon | Al kwar st - Al Nahyan Abu Dhabi,DIRECT,3.205,5.0,Google Places API (New),2026-09-02T15:35:56+00:00
40,Khaleej Al Arabi,ChIJ7Q7KjQNmXj4ROEhXBTwMTWk,24.458870200000003,54.3537762,ChIJDWnhOghnXj4RggbK8JGHeqw,Massage Time Spa A18-ABU DHABI,ADJACENT,3.2126,5.0,Google Places API (New),2026-09-02T15:35:56+00:00
40,Khaleej Al Arabi,ChIJ7Q7KjQNmXj4ROEhXBTwMTWk,24.458870200000003,54.3537762,ChIJF6vyYSlmXj4RZYdK2jK0NF0,Sossi Beauty Centre,DIRECT,3.2239,5.0,Google Places API (New),2026-09-02T15:35:56+00:00
40,Khaleej Al Arabi,ChIJ7Q7KjQNmXj4ROEhXBTwMTWk,24.458870200000003,54.3537762,ChIJ4fR_TItnXj4RnGZhnrjAIvI,Belle Care Luxury Spa Abu Dhabi,ADJACENT,3.2247,5.0,Google Places API (New),2026-09-02T15:35:56+00:00
40,Khaleej Al Arabi,ChIJ7Q7KjQNmXj4ROEhXBTwMTWk,24.458870200000003,54.3537762,ChIJ4YHdZ75nXj4R1oJHRQSR14o,Vision Links Spa Abu Dhabi,ADJACENT,3.2249,5.0,Google Places API (New),2026-09-02T15:35:56+00:00
40,Khaleej Al Arabi,ChIJ7Q7KjQNmXj4ROEhXBTwMTWk,24.458870200000003,54.3537762,ChIJjY-w8MlnXj4RR2_KhKfzwdQ,Oud Massage Center,ADJACENT,3.2289,5.0,Google Places API (New),2026-09-02T15:35:56+00:00
40,Khaleej Al Arabi,ChIJ7Q7KjQNmXj4ROEhXBTwMTWk,24.458870200000003,54.3537762,ChIJFxtbP8hpXj4RXDOQeU8pYuU,Lafamme Beaty,DIRECT,3.2573,5.0,Google Places API (New),2026-09-02T15:35:56+00:00
40,Khaleej Al Arabi,ChIJ7Q7KjQNmXj4ROEhXBTwMTWk,24.458870200000003,54.3537762,ChIJa4VmSDRmXj4RXl-D7qDHQIM,Violet Rose Ladies Salon,DIRECT,3.2733,5.0,Google Places API (New),2026-09-02T15:35:56+00:00
40,Khaleej Al Arabi,ChIJ7Q7KjQNmXj4ROEhXBTwMTWk,24.458870200000003,54.3537762,ChIJwyHoaClmXj4Rqgsjdqc_LVw,Al Diar Sawa Hotel Apartments,ADJACENT,3.2785,5.0,Google Places API (New),2026-09-02T15:35:56+00:00
40,Khaleej Al Arabi,ChIJ7Q7KjQNmXj4ROEhXBTwMTWk,24.458870200000003,54.3537762,ChIJ44q9goBDXj4Rw1_ZJL2LHcE,Chic and Sheen Women Salon,DIRECT,3.2808,5.0,Google Places API (New),2026-09-02T15:35:56+00:00
40,Khaleej Al Arabi,ChIJ7Q7KjQNmXj4ROEhXBTwMTWk,24.458870200000003,54.3537762,ChIJJ6LXlC5mXj4R44QNWiucYr0,Delma Medical Center & Spa,DIRECT,3.2811,5.0,Google Places API (New),2026-09-02T15:35:56+00:00
40,Khaleej Al Arabi,ChIJ7Q7KjQNmXj4ROEhXBTwMTWk,24.458870200000003,54.3537762,ChIJIdnAcBtlXj4ReLhQ8LafChQ,Beautlux Beauty Salon Abu Dhabi,DIRECT,3.3083,5.0,Google Places API (New),2026-09-02T15:35:56+00:00
40,Khaleej Al Arabi,ChIJ7Q7KjQNmXj4ROEhXBTwMTWk,24.458870200000003,54.3537762,ChIJJ5Q1lF9mXj4RTuzfreZrCRo,Ti Amo Ladies Beauty Salon,DIRECT,3.3431,5.0,Google Places API (New),2026-09-02T15:35:56+00:00
40,Khaleej Al Arabi,ChIJ7Q7KjQNmXj4ROEhXBTwMTWk,24.458870200000003,54.3537762,ChIJ935DJ0BnXj4REi93Www6b6w,Simon Beauty Salon,DIRECT,3.3443,5.0,Google Places API (New),2026-09-02T15:35:56+00:00
40,Khaleej Al Arabi,ChIJ7Q7KjQNmXj4ROEhXBTwMTWk,24.458870200000003,54.3537762,ChIJo1n-M0JnXj4R7PLlSnGxI_Y,Impala Salon Al Nahyan,DIRECT,3.3494,5.0,Google Places API (New),2026-09-02T15:35:56+00:00
40,Khaleej Al Arabi,ChIJ7Q7KjQNmXj4ROEhXBTwMTWk,24.458870200000003,54.3537762,ChIJm5L3bxxnXj4R2bVCq7eRdF0,Rami beauty’s,DIRECT,3.3537,5.0,Google Places API (New),2026-09-02T15:35:56+00:00
40,Khaleej Al Arabi,ChIJ7Q7KjQNmXj4ROEhXBTwMTWk,24.458870200000003,54.3537762,ChIJFyiZ0CNpXj4RyziQ0BZlrFQ,Adept Saloon,DIRECT,3.3743,5.0,Google Places API (New),2026-09-02T15:35:56+00:00
40,Khaleej Al Arabi,ChIJ7Q7KjQNmXj4ROEhXBTwMTWk,24.458870200000003,54.3537762,ChIJl_nk5cNnXj4RwjYoWDZgh6g,Voila Beauty & Co Lounge - Abu Dhabi,DIRECT,3.3926,5.0,Google Places API (New),2026-09-02T15:35:56+00:00
40,Khaleej Al Arabi,ChIJ7Q7KjQNmXj4ROEhXBTwMTWk,24.458870200000003,54.3537762,ChIJNYLTB-tlXj4RSEYSqRV0fDE,Allure Beauty Centre,DIRECT,3.3931,5.0,Google Places API (New),2026-09-02T15:35:56+00:00
40,Khaleej Al Arabi,ChIJ7Q7KjQNmXj4ROEhXBTwMTWk,24.458870200000003,54.3537762,ChIJdWdZcEJlXj4RaxAMjWCl1as,Ahmad ayoub best hair dresser in abu dhabi,DIRECT,3.397,5.0,Google Places API (New),2026-09-02T15:35:56+00:00
40,Khaleej Al Arabi,ChIJ7Q7KjQNmXj4ROEhXBTwMTWk,24.458870200000003,54.3537762,ChIJBfXylsplXj4RpmCpQIjjev8,Ayana Spa,ADJACENT,3.4204,5.0,Google Places API (New),2026-09-02T15:35:56+00:00
40,Khaleej Al Arabi,ChIJ7Q7KjQNmXj4ROEhXBTwMTWk,24.458870200000003,54.3537762,ChIJaZLIe45pXj4RLBlKFe7qm3Q,NNS Spa - Abudhabi,ADJACENT,3.4978,5.0,Google Places API (New),2026-09-02T15:35:56+00:00
40,Khaleej Al Arabi,ChIJ7Q7KjQNmXj4ROEhXBTwMTWk,24.458870200000003,54.3537762,ChIJX9yrtmRmXj4R0XuMyz81jnc,Eclipse Spa at Eclipse Boutique Suites | Best Massage Spa in abu dhabi |,ADJACENT,3.5158,5.0,Google Places API (New),2026-09-02T15:35:56+00:00
40,Khaleej Al Arabi,ChIJ7Q7KjQNmXj4ROEhXBTwMTWk,24.458870200000003,54.3537762,ChIJId_FDZtoXj4RtLMGvvUMFc0,HAIRWAVES by Charbel,DIRECT,3.5197,5.0,Google Places API (New),2026-09-02T15:35:56+00:00
40,Khaleej Al Arabi,ChIJ7Q7KjQNmXj4ROEhXBTwMTWk,24.458870200000003,54.3537762,ChIJvzTI6fZlXj4RF8U8gHHjyio,Le Cle Beauty and Wellness Center,DIRECT,3.5683,5.0,Google Places API (New),2026-09-02T15:35:56+00:00
40,Khaleej Al Arabi,ChIJ7Q7KjQNmXj4ROEhXBTwMTWk,24.458870200000003,54.3537762,ChIJx1BuZIdpXj4RYy4-cDCDdS0,Furless Permanent Muroor Rd (Abu Dhabi),DIRECT,3.5718,5.0,Google Places API (New),2026-09-02T15:35:56+00:00
40,Khaleej Al Arabi,ChIJ7Q7KjQNmXj4ROEhXBTwMTWk,24.458870200000003,54.3537762,ChIJoyeUiolnXj4RKtpzJPjHC1k,Ocean Beauty Spa,ADJACENT,3.5888,5.0,Google Places API (New),2026-09-02T15:35:56+00:00
40,Khaleej Al Arabi,ChIJ7Q7KjQNmXj4ROEhXBTwMTWk,24.458870200000003,54.3537762,ChIJA08z79VnXj4RDoBZEk7Amgs,Get Lashed Beauty Lounge,DIRECT,3.6046,5.0,Google Places API (New),2026-09-02T15:35:56+00:00
40,Khaleej Al Arabi,ChIJ7Q7KjQNmXj4ROEhXBTwMTWk,24.458870200000003,54.3537762,ChIJq6oao2RmXj4RyER0bSVnCfQ,Glamour Touch Nails Spa,DIRECT,3.61,5.0,Google Places API (New),2026-09-02T15:35:56+00:00
40,Khaleej Al Arabi,ChIJ7Q7KjQNmXj4ROEhXBTwMTWk,24.458870200000003,54.3537762,ChIJHYAIMgBnXj4RLEfhkv4gRHg,Najda street Abu Dhabi home,DIRECT,3.6126,5.0,Google Places API (New),2026-09-02T15:35:56+00:00
40,Khaleej Al Arabi,ChIJ7Q7KjQNmXj4ROEhXBTwMTWk,24.458870200000003,54.3537762,ChIJM38BGwBlXj4RXvM9xafewTw,Pedi:Mani:Cure Studio by Bastien Gonzalez,DIRECT,3.6287,5.0,Google Places API (New),2026-09-02T15:35:56+00:00
40,Khaleej Al Arabi,ChIJ7Q7KjQNmXj4ROEhXBTwMTWk,24.458870200000003,54.3537762,ChIJV-MZgqZnXj4RqyrxMfMdd98,Naturals Salon,DIRECT,3.6313,5.0,Google Places API (New),2026-09-02T15:35:56+00:00
40,Khaleej Al Arabi,ChIJ7Q7KjQNmXj4ROEhXBTwMTWk,24.458870200000003,54.3537762,ChIJPyQ_-xVpXj4RkJ-p2SBjK8w,مركز برايم تايم لتجميل السيدات,DIRECT,3.6641,5.0,Google Places API (New),2026-09-02T15:35:56+00:00
40,Khaleej Al Arabi,ChIJ7Q7KjQNmXj4ROEhXBTwMTWk,24.458870200000003,54.3537762,ChIJ4Z-vWw5nXj4Rm6ZRisBiPvs,Finest Massage Spa Abu Dhabi,ADJACENT,3.6833,5.0,Google Places API (New),2026-09-02T15:35:56+00:00
40,Khaleej Al Arabi,ChIJ7Q7KjQNmXj4ROEhXBTwMTWk,24.458870200000003,54.3537762,ChIJZ3N3CtRnXj4RdnRgx-BTN8k,صالون نور الشام,DIRECT,3.6834,5.0,Google Places API (New),2026-09-02T15:35:56+00:00
40,Khaleej Al Arabi,ChIJ7Q7KjQNmXj4ROEhXBTwMTWk,24.458870200000003,54.3537762,ChIJE954bXBnXj4R0i-p2WyA0dk,صالون قبل و بعد Q and B beauty salon,DIRECT,3.687,5.0,Google Places API (New),2026-09-02T15:35:56+00:00
40,Khaleej Al Arabi,ChIJ7Q7KjQNmXj4ROEhXBTwMTWk,24.458870200000003,54.3537762,ChIJmYvLrgdnXj4RKfeS2ebgKkA,Happy Time Spa Center,ADJACENT,3.7117,5.0,Google Places API (New),2026-09-02T15:35:56+00:00
40,Khaleej Al Arabi,ChIJ7Q7KjQNmXj4ROEhXBTwMTWk,24.458870200000003,54.3537762,ChIJASsD9DJmXj4ROzoEGOtYpgA,GLOW Beauty Center,DIRECT,3.8623,5.0,Google Places API (New),2026-09-02T15:35:56+00:00
40,Khaleej Al Arabi,ChIJ7Q7KjQNmXj4ROEhXBTwMTWk,24.458870200000003,54.3537762,ChIJW1ZZSkNmXj4ROlTwRMqMJUc,Desert Wave Beauty Center,DIRECT,3.8635,5.0,Google Places API (New),2026-09-02T15:35:56+00:00
40,Khaleej Al Arabi,ChIJ7Q7KjQNmXj4ROEhXBTwMTWk,24.458870200000003,54.3537762,ChIJ65WC-ZZlXj4RueYhagtatO0,"The Spa at Mandarin Oriental, Emirates Palace",ADJACENT,3.9023,5.0,Google Places API (New),2026-09-02T15:35:56+00:00
40,Khaleej Al Arabi,ChIJ7Q7KjQNmXj4ROEhXBTwMTWk,24.458870200000003,54.3537762,ChIJoxmRIP5lXj4R-63Z_QfnFrw,Bioskinspa Marina,ADJACENT,3.9683,5.0,Google Places API (New),2026-09-02T15:35:56+00:00
40,Khaleej Al Arabi,ChIJ7Q7KjQNmXj4ROEhXBTwMTWk,24.458870200000003,54.3537762,ChIJRdPrEWFmXj4Rvlnp1T7Lwjo,Corniche Hotel Abu Dhabi,ADJACENT,4.1116,5.0,Google Places API (New),2026-09-02T15:35:56+00:00
40,Khaleej Al Arabi,ChIJ7Q7KjQNmXj4ROEhXBTwMTWk,24.458870200000003,54.3537762,ChIJWbEXrURmXj4RqTlvNIxNwMg,Makeover beauty center,DIRECT,4.1178,5.0,Google Places API (New),2026-09-02T15:35:56+00:00
40,Khaleej Al Arabi,ChIJ7Q7KjQNmXj4ROEhXBTwMTWk,24.458870200000003,54.3537762,ChIJZThe-mBmXj4R0m9t6MKRRVk,Tryp by Wyndham Abu Dhabi,ADJACENT,4.2832,5.0,Google Places API (New),2026-09-02T15:35:56+00:00
40,Khaleej Al Arabi,ChIJ7Q7KjQNmXj4ROEhXBTwMTWk,24.458870200000003,54.3537762,ChIJtVkyz-ZlXj4ReMihoxjPp7M,"Royal Rose Hotel Abu Dhabi, Curio Collection by Hilton",ADJACENT,4.2887,5.0,Google Places API (New),2026-09-02T15:35:56+00:00
40,Khaleej Al Arabi,ChIJ7Q7KjQNmXj4ROEhXBTwMTWk,24.458870200000003,54.3537762,ChIJZRZg0ihnXj4R_Pq2INmrLgQ,La Juicy Spa and Beauty Center,DIRECT,4.3443,5.0,Google Places API (New),2026-09-02T15:35:56+00:00
40,Khaleej Al Arabi,ChIJ7Q7KjQNmXj4ROEhXBTwMTWk,24.458870200000003,54.3537762,ChIJX1RX4wo8YW0RWfZ4IhmQ910,Luxurious Beauty Ladies Salon and Spa(Moroccan Bath & Heena)HIDDEN GEM OF ABUDHABI,DIRECT,4.3545,5.0,Google Places API (New),2026-09-02T15:35:56+00:00
40,Khaleej Al Arabi,ChIJ7Q7KjQNmXj4ROEhXBTwMTWk,24.458870200000003,54.3537762,ChIJs5Kbi09mXj4RSS_o7BH2b1U,CRISTAL SPA - Ramada Downtown Hotel Abu Dhabi,DIRECT,4.4305,5.0,Google Places API (New),2026-09-02T15:35:56+00:00
40,Khaleej Al Arabi,ChIJ7Q7KjQNmXj4ROEhXBTwMTWk,24.458870200000003,54.3537762,ChIJIYAxKfpnXj4RttR5NvR6D0Q,Ladroma Royal House of Beauty,DIRECT,4.4738,5.0,Google Places API (New),2026-09-02T15:35:56+00:00
40,Khaleej Al Arabi,ChIJ7Q7KjQNmXj4ROEhXBTwMTWk,24.458870200000003,54.3537762,ChIJ5R5zm15mXj4RRrTpMfjvLO4,Thai Oasis Spa & Beauty Center (Home Service Available),DIRECT,4.5004,5.0,Google Places API (New),2026-09-02T15:35:56+00:00
40,Khaleej Al Arabi,ChIJ7Q7KjQNmXj4ROEhXBTwMTWk,24.458870200000003,54.3537762,ChIJUWapcftnXj4RTSK_QQhrZ0o,Tranquil Spa Abu Dhabi,ADJACENT,4.5016,5.0,Google Places API (New),2026-09-02T15:35:56+00:00
40,Khaleej Al Arabi,ChIJ7Q7KjQNmXj4ROEhXBTwMTWk,24.458870200000003,54.3537762,ChIJObqOeatnXj4RUVADkgbVkQc,Ins Spa Abu Dhabi,ADJACENT,4.505,5.0,Google Places API (New),2026-09-02T15:35:56+00:00
40,Khaleej Al Arabi,ChIJ7Q7KjQNmXj4ROEhXBTwMTWk,24.458870200000003,54.3537762,ChIJcdzVQ0lmXj4R8LF1iNswxUY,صالون حلا للسيدات Hala ladys Saloon,DIRECT,4.5172,5.0,Google Places API (New),2026-09-02T15:35:56+00:00
40,Khaleej Al Arabi,ChIJ7Q7KjQNmXj4ROEhXBTwMTWk,24.458870200000003,54.3537762,ChIJs5DkWwBnXj4RjX60jlaF42E,Top massage Abu Dhabi,ADJACENT,4.5395,5.0,Google Places API (New),2026-09-02T15:35:56+00:00
40,Khaleej Al Arabi,ChIJ7Q7KjQNmXj4ROEhXBTwMTWk,24.458870200000003,54.3537762,ChIJB-I6JTpnXj4Rx-7KHUyxc3w,Ivory spa abu dhabi,ADJACENT,4.5524,5.0,Google Places API (New),2026-09-02T15:35:56+00:00
40,Khaleej Al Arabi,ChIJ7Q7KjQNmXj4ROEhXBTwMTWk,24.458870200000003,54.3537762,ChIJk8hQALtnXj4R0sneJuNBZPc,Konjet Beauty Saloon,DIRECT,4.5705,5.0,Google Places API (New),2026-09-02T15:35:56+00:00
40,Khaleej Al Arabi,ChIJ7Q7KjQNmXj4ROEhXBTwMTWk,24.458870200000003,54.3537762,ChIJNS4mnhZnXj4ROmaMfmpRpog,Summer colour's ladies salon,DIRECT,4.6234,5.0,Google Places API (New),2026-09-02T15:35:56+00:00
40,Khaleej Al Arabi,ChIJ7Q7KjQNmXj4ROEhXBTwMTWk,24.458870200000003,54.3537762,ChIJD5qI_k5mXj4ROtxYMptO8FM,Dalla Beauty Saloon,DIRECT,4.6625,5.0,Google Places API (New),2026-09-02T15:35:56+00:00
40,Khaleej Al Arabi,ChIJ7Q7KjQNmXj4ROEhXBTwMTWk,24.458870200000003,54.3537762,ChIJmY8cvnHui2sRb7FTWZ29zT8,Bishkek Ladies Salon,DIRECT,4.6849,5.0,Google Places API (New),2026-09-02T15:35:56+00:00
40,Khaleej Al Arabi,ChIJ7Q7KjQNmXj4ROEhXBTwMTWk,24.458870200000003,54.3537762,ChIJVbstSFBmXj4R449I_E3vMkY,Lulu Beauty Centre,DIRECT,4.8037,5.0,Google Places API (New),2026-09-02T15:35:56+00:00
40,Khaleej Al Arabi,ChIJ7Q7KjQNmXj4ROEhXBTwMTWk,24.458870200000003,54.3537762,ChIJHxBP9VBmXj4R-TjL_3y1qfc,Ricky's Ladies' Salon,DIRECT,4.8234,5.0,Google Places API (New),2026-09-02T15:35:56+00:00
40,Khaleej Al Arabi,ChIJ7Q7KjQNmXj4ROEhXBTwMTWk,24.458870200000003,54.3537762,ChIJkUYZJK5nXj4RiJ9Ku8bXwdM,Its Beauty Ladies Salon – Waterfront Tower A,DIRECT,4.89,5.0,Google Places API (New),2026-09-02T15:35:56+00:00
40,Khaleej Al Arabi,ChIJ7Q7KjQNmXj4ROEhXBTwMTWk,24.458870200000003,54.3537762,ChIJ_S01UQVnXj4Rp9gKj2D00ws,"My Look Ladies Beauty Lounge, City Branch, Abudhabi",DIRECT,4.9659,5.0,Google Places API (New),2026-09-02T15:35:56+00:00
41,Khalifa City A,ChIJew69Lv1FXj4RjK59U-COz1k,24.4399805,54.5989056,ChIJrTinLv1FXj4R8rARR5eoDAA,صالون داشنج,DIRECT,0.0021,5.0,Google Places API (New),2026-09-02T15:35:56+00:00
41,Khalifa City A,ChIJew69Lv1FXj4RjK59U-COz1k,24.4399805,54.5989056,ChIJ32dV6-JFXj4RirMzddSWiYA,BLONDE LUXURY BEAUTY LOUNGE,DIRECT,0.1351,5.0,Google Places API (New),2026-09-02T15:35:56+00:00
41,Khalifa City A,ChIJew69Lv1FXj4RjK59U-COz1k,24.4399805,54.5989056,ChIJVdq-wf5HXj4RAyEN29J_D4Q,Vogue beauty salon for ladies,DIRECT,0.3587,5.0,Google Places API (New),2026-09-02T15:35:56+00:00
41,Khalifa City A,ChIJew69Lv1FXj4RjK59U-COz1k,24.4399805,54.5989056,ChIJge9vNABHXj4RONOnLtEBvLM,Massage Service Facial - Massage Body,ADJACENT,0.3918,5.0,Google Places API (New),2026-09-02T15:35:56+00:00
41,Khalifa City A,ChIJew69Lv1FXj4RjK59U-COz1k,24.4399805,54.5989056,ChIJxyUlX85FXj4RXRI9AG9LISg,Skin Glow Facial Center,DIRECT,0.7247,5.0,Google Places API (New),2026-09-02T15:35:56+00:00
41,Khalifa City A,ChIJew69Lv1FXj4RjK59U-COz1k,24.4399805,54.5989056,ChIJH26D38ZFXj4RrPiy947PD0w,The Cloud Spa ذا كلاود سبا,DIRECT,0.7324,5.0,Google Places API (New),2026-09-02T15:35:56+00:00
41,Khalifa City A,ChIJew69Lv1FXj4RjK59U-COz1k,24.4399805,54.5989056,ChIJx_35IbpFXj4RiBbhXLiaAmA,The Excellent Ladies Salon,DIRECT,0.8446,5.0,Google Places API (New),2026-09-02T15:35:56+00:00
41,Khalifa City A,ChIJew69Lv1FXj4RjK59U-COz1k,24.4399805,54.5989056,ChIJP2wFAmlFXj4RyTAG9SZLuOo,NATURALS BEAUTY SALON - AL RAHA,DIRECT,0.8773,5.0,Google Places API (New),2026-09-02T15:35:56+00:00
41,Khalifa City A,ChIJew69Lv1FXj4RjK59U-COz1k,24.4399805,54.5989056,ChIJoV3tjb5FXj4RPTMhunNNho0,AL SAFY OASIS BEAUTY SALON,DIRECT,1.0475,5.0,Google Places API (New),2026-09-02T15:35:56+00:00
41,Khalifa City A,ChIJew69Lv1FXj4RjK59U-COz1k,24.4399805,54.5989056,ChIJT-NfUO5FXj4R77a7FaDMI7U,Royal Siam Spa,ADJACENT,1.1024,5.0,Google Places API (New),2026-09-02T15:35:56+00:00
41,Khalifa City A,ChIJew69Lv1FXj4RjK59U-COz1k,24.4399805,54.5989056,ChIJJb5APb1FXj4RU9aUzn6zONo,Rendezvous Beauty Spa,DIRECT,1.1535,5.0,Google Places API (New),2026-09-02T15:35:56+00:00
41,Khalifa City A,ChIJew69Lv1FXj4RjK59U-COz1k,24.4399805,54.5989056,ChIJAR_nF0BFXj4R4tqQUPp56G4,Bua Lady Spa,ADJACENT,1.2207,5.0,Google Places API (New),2026-09-02T15:35:56+00:00
41,Khalifa City A,ChIJew69Lv1FXj4RjK59U-COz1k,24.4399805,54.5989056,ChIJP462TQBFXj4RsnV8CuaHtcM,Massage European Luxury Raha,ADJACENT,1.3818,5.0,Google Places API (New),2026-09-02T15:35:56+00:00
41,Khalifa City A,ChIJew69Lv1FXj4RjK59U-COz1k,24.4399805,54.5989056,ChIJCRc4ebdFXj4RDqx1r4bzbto,Beauty Connection Spa Abu Dhabi,DIRECT,1.4102,5.0,Google Places API (New),2026-09-02T15:35:56+00:00
41,Khalifa City A,ChIJew69Lv1FXj4RjK59U-COz1k,24.4399805,54.5989056,ChIJQ-xRY6NFXj4Ru-FAiCzJdaQ,Twiink Beauty Studio - Ladies Beauty Salon,DIRECT,1.4544,5.0,Google Places API (New),2026-09-02T15:35:56+00:00
41,Khalifa City A,ChIJew69Lv1FXj4RjK59U-COz1k,24.4399805,54.5989056,ChIJ_3PpKfdFXj4RMHet52RdlMM,Edelweiss Beauty Centre,DIRECT,1.46,5.0,Google Places API (New),2026-09-02T15:35:56+00:00
41,Khalifa City A,ChIJew69Lv1FXj4RjK59U-COz1k,24.4399805,54.5989056,ChIJwReRVwZPXj4RpK7PtgYsZSw,Elle Beauty Lounge,DIRECT,1.5282,5.0,Google Places API (New),2026-09-02T15:35:56+00:00
41,Khalifa City A,ChIJew69Lv1FXj4RjK59U-COz1k,24.4399805,54.5989056,ChIJF3S7gY5PXj4Rj-9MkNrGVCc,Serene Suite Beauty Center,DIRECT,1.587,5.0,Google Places API (New),2026-09-02T15:35:56+00:00
41,Khalifa City A,ChIJew69Lv1FXj4RjK59U-COz1k,24.4399805,54.5989056,ChIJieGTC7ZPXj4RX_8hfMRV2HY,Barbar 89,DIRECT,1.5914,5.0,Google Places API (New),2026-09-02T15:35:56+00:00
41,Khalifa City A,ChIJew69Lv1FXj4RjK59U-COz1k,24.4399805,54.5989056,ChIJjVmxV54IyG8Rb6vQGYUtChQ,GLOW Beauty Center Raha,DIRECT,1.8352,5.0,Google Places API (New),2026-09-02T15:35:56+00:00
41,Khalifa City A,ChIJew69Lv1FXj4RjK59U-COz1k,24.4399805,54.5989056,ChIJV8rMtqhHXj4R1k1OzNyPle4,Lavender lashes and nails,DIRECT,1.8494,5.0,Google Places API (New),2026-09-02T15:35:56+00:00
41,Khalifa City A,ChIJew69Lv1FXj4RjK59U-COz1k,24.4399805,54.5989056,ChIJcRE_l2NmXj4Rs7yNgCkivuE,Glamour Hair Salon abu dhabi,DIRECT,1.8624,5.0,Google Places API (New),2026-09-02T15:35:56+00:00
41,Khalifa City A,ChIJew69Lv1FXj4RjK59U-COz1k,24.4399805,54.5989056,ChIJg382UOJFXj4RjkrTqZMbCIw,Hala Spa,ADJACENT,1.8644,5.0,Google Places API (New),2026-09-02T15:35:56+00:00
41,Khalifa City A,ChIJew69Lv1FXj4RjK59U-COz1k,24.4399805,54.5989056,ChIJL3H83LJPXj4RKlSye3d8n04,La Douce Beauty Lounge,DIRECT,1.8672,5.0,Google Places API (New),2026-09-02T15:35:56+00:00
41,Khalifa City A,ChIJew69Lv1FXj4RjK59U-COz1k,24.4399805,54.5989056,ChIJazEKiV5PXj4RDy4Y2DWLIxk,REVIVE Wellness Rehabilitation Center,ADJACENT,1.87,5.0,Google Places API (New),2026-09-02T15:35:56+00:00
41,Khalifa City A,ChIJew69Lv1FXj4RjK59U-COz1k,24.4399805,54.5989056,ChIJYfh3OItpXj4Rt3V__N7ZRco,Solitude Beauty Ladies Salon & Spa,DIRECT,1.9258,5.0,Google Places API (New),2026-09-02T15:35:56+00:00
41,Khalifa City A,ChIJew69Lv1FXj4RjK59U-COz1k,24.4399805,54.5989056,ChIJDS7MEABFXj4RHdo6dA3-KJ4,Massage Singapore Lunex Harmony,ADJACENT,1.9755,5.0,Google Places API (New),2026-09-02T15:35:56+00:00
41,Khalifa City A,ChIJew69Lv1FXj4RjK59U-COz1k,24.4399805,54.5989056,ChIJsXw0-VxFXj4RMBAkO7f1fCU,UMI SPA,ADJACENT,1.9945,5.0,Google Places API (New),2026-09-02T15:35:56+00:00
41,Khalifa City A,ChIJew69Lv1FXj4RjK59U-COz1k,24.4399805,54.5989056,ChIJ2cRwm0lynCgR06QvoTEAUV0,Blinklash Women beauty Salon - Abu Dhabi,DIRECT,2.0108,5.0,Google Places API (New),2026-09-02T15:35:56+00:00
41,Khalifa City A,ChIJew69Lv1FXj4RjK59U-COz1k,24.4399805,54.5989056,ChIJDauAueVFXj4R3Xmnuq3eL3M,Reed Beauty Lounge & Studio صالون وستوديو ريد,DIRECT,2.0592,5.0,Google Places API (New),2026-09-02T15:35:56+00:00
41,Khalifa City A,ChIJew69Lv1FXj4RjK59U-COz1k,24.4399805,54.5989056,ChIJY6BbY3ZPXj4RrUQtPfRTC6M,Filter Ladies Salon,DIRECT,2.0805,5.0,Google Places API (New),2026-09-02T15:35:56+00:00
41,Khalifa City A,ChIJew69Lv1FXj4RjK59U-COz1k,24.4399805,54.5989056,ChIJy06r3PNFXj4RK3wK2NZkGJc,eforea spa,ADJACENT,2.1535,5.0,Google Places API (New),2026-09-02T15:35:56+00:00
41,Khalifa City A,ChIJew69Lv1FXj4RjK59U-COz1k,24.4399805,54.5989056,ChIJz5Tsn31PXj4RrE5jIkDZ7vw,The H Ladies Beauty Salon,DIRECT,2.1616,5.0,Google Places API (New),2026-09-02T15:35:56+00:00
41,Khalifa City A,ChIJew69Lv1FXj4RjK59U-COz1k,24.4399805,54.5989056,ChIJmckIai1FXj4RDJdfcplz-70,Beautyspot Salons,DIRECT,2.1645,5.0,Google Places API (New),2026-09-02T15:35:56+00:00
41,Khalifa City A,ChIJew69Lv1FXj4RjK59U-COz1k,24.4399805,54.5989056,ChIJ7za_SY1FXj4R1gEhQkwqFQU,Hilton Abu Dhabi Yas Island,ADJACENT,2.1738,5.0,Google Places API (New),2026-09-02T15:35:56+00:00
41,Khalifa City A,ChIJew69Lv1FXj4RjK59U-COz1k,24.4399805,54.5989056,ChIJFcYkWQBFXj4RETEuxejhGuk,Massage Hinther good service,ADJACENT,2.1934,5.0,Google Places API (New),2026-09-02T15:35:56+00:00
41,Khalifa City A,ChIJew69Lv1FXj4RjK59U-COz1k,24.4399805,54.5989056,ChIJPeHUOZ9PXj4RP72F07qBF7g,The Nail Spa - Al Zeina,DIRECT,2.2108,5.0,Google Places API (New),2026-09-02T15:35:56+00:00
41,Khalifa City A,ChIJew69Lv1FXj4RjK59U-COz1k,24.4399805,54.5989056,ChIJAUJXWQBPXj4RFsvzWMRVP5w,صالون تاج البحر Crown of the Sea Salon💈✂️🔥💪🏻,DIRECT,2.2747,5.0,Google Places API (New),2026-09-02T15:35:56+00:00
41,Khalifa City A,ChIJew69Lv1FXj4RjK59U-COz1k,24.4399805,54.5989056,ChIJp3xbSABJXj4RArqZJvxrev0,Taiwan Home Zen Luxury,DIRECT,2.2843,5.0,Google Places API (New),2026-09-02T15:35:56+00:00
41,Khalifa City A,ChIJew69Lv1FXj4RjK59U-COz1k,24.4399805,54.5989056,ChIJu1fiwWpJXj4RVNRMH1pYlyA,Styles & Smiles Ladies Salon Limited,DIRECT,2.3353,5.0,Google Places API (New),2026-09-02T15:35:56+00:00
41,Khalifa City A,ChIJew69Lv1FXj4RjK59U-COz1k,24.4399805,54.5989056,ChIJkWCcYQBHXj4R4DwKrMJEBbc,Home,DIRECT,2.3682,5.0,Google Places API (New),2026-09-02T15:35:56+00:00
41,Khalifa City A,ChIJew69Lv1FXj4RjK59U-COz1k,24.4399805,54.5989056,ChIJ-7A0a3ZpXj4RNJZLmTCE1Gk,Massage Diamond Spa Home Massage Masdar,ADJACENT,2.3937,5.0,Google Places API (New),2026-09-02T15:35:56+00:00
41,Khalifa City A,ChIJew69Lv1FXj4RjK59U-COz1k,24.4399805,54.5989056,ChIJaxDupR1JXj4RxkHSywjtQnU,Nail It Limited,DIRECT,2.4028,5.0,Google Places API (New),2026-09-02T15:35:56+00:00
41,Khalifa City A,ChIJew69Lv1FXj4RjK59U-COz1k,24.4399805,54.5989056,ChIJdzp725BfXj4RU7DnOfHiaSY,Al Alfredo massage spa,ADJACENT,2.4076,5.0,Google Places API (New),2026-09-02T15:35:56+00:00
41,Khalifa City A,ChIJew69Lv1FXj4RjK59U-COz1k,24.4399805,54.5989056,ChIJd3VfRABFXj4RoJX7BPVLJ2I,Massage Abu Dhabi korea myvy,ADJACENT,2.4107,5.0,Google Places API (New),2026-09-02T15:35:56+00:00
41,Khalifa City A,ChIJew69Lv1FXj4RjK59U-COz1k,24.4399805,54.5989056,ChIJ716q-BxHXj4RCd1JYV34yEo,Teresita Massage Spa,ADJACENT,2.4554,5.0,Google Places API (New),2026-09-02T15:35:56+00:00
41,Khalifa City A,ChIJew69Lv1FXj4RjK59U-COz1k,24.4399805,54.5989056,ChIJCbOffABJXj4RXWtPUSMFZ6Q,HD Home Massage Serenity Sweet,ADJACENT,2.4583,5.0,Google Places API (New),2026-09-02T15:35:56+00:00
41,Khalifa City A,ChIJew69Lv1FXj4RjK59U-COz1k,24.4399805,54.5989056,ChIJae_1NFRJXj4RCUMrko0sCNc,nails the modern manicure studio - My City Centre Masdar Branch,DIRECT,2.4721,5.0,Google Places API (New),2026-09-02T15:35:56+00:00
41,Khalifa City A,ChIJew69Lv1FXj4RjK59U-COz1k,24.4399805,54.5989056,ChIJ945rcwBFXj4RkED4A0Sq8Fs,The Massage Taiwan Luxuryy,ADJACENT,2.4844,5.0,Google Places API (New),2026-09-02T15:35:56+00:00
41,Khalifa City A,ChIJew69Lv1FXj4RjK59U-COz1k,24.4399805,54.5989056,ChIJiZM66x5PXj4RIbSt7qEUTzI,The Essence Lounge,DIRECT,2.486,5.0,Google Places API (New),2026-09-02T15:35:56+00:00
41,Khalifa City A,ChIJew69Lv1FXj4RjK59U-COz1k,24.4399805,54.5989056,ChIJBa4fnRRFXj4RPhetV5A5vHI,Its Beauty Ladies Salon – Sail Tower,DIRECT,2.49,5.0,Google Places API (New),2026-09-02T15:35:56+00:00
41,Khalifa City A,ChIJew69Lv1FXj4RjK59U-COz1k,24.4399805,54.5989056,ChIJp_cpJsFPXj4RIWhXvPqu7X0,Nua Toi Beauty Salon,DIRECT,2.5084,5.0,Google Places API (New),2026-09-02T15:35:56+00:00
41,Khalifa City A,ChIJew69Lv1FXj4RjK59U-COz1k,24.4399805,54.5989056,ChIJv1qk5CGcdy0RV8MzOTAYrA0,Home Massage Abudhabi - Sweet Service,ADJACENT,2.5158,5.0,Google Places API (New),2026-09-02T15:35:56+00:00
41,Khalifa City A,ChIJew69Lv1FXj4RjK59U-COz1k,24.4399805,54.5989056,ChIJ8Vao1ORBXj4RdpI_1i68qzU,Bella spa,ADJACENT,2.5201,5.0,Google Places API (New),2026-09-02T15:35:56+00:00
41,Khalifa City A,ChIJew69Lv1FXj4RjK59U-COz1k,24.4399805,54.5989056,ChIJAbHY8TNJXj4RCFVFm83o6-w,CT Style Salon,DIRECT,2.5271,5.0,Google Places API (New),2026-09-02T15:35:56+00:00
41,Khalifa City A,ChIJew69Lv1FXj4RjK59U-COz1k,24.4399805,54.5989056,ChIJURVpPwBJXj4RqJu7MxgB1zo,Massage Japan SVIP - Emerald Essence,DIRECT,2.5441,5.0,Google Places API (New),2026-09-02T15:35:56+00:00
41,Khalifa City A,ChIJew69Lv1FXj4RjK59U-COz1k,24.4399805,54.5989056,ChIJ-40aM_dFXj4Rygszj_QJ6xk,Wellbeings Holistic Healing,ADJACENT,2.5641,5.0,Google Places API (New),2026-09-02T15:35:56+00:00
41,Khalifa City A,ChIJew69Lv1FXj4RjK59U-COz1k,24.4399805,54.5989056,ChIJbWf7-eFFXj4R3ua_ke0oiTc,"Azure Beauty Salon, Crowne Plaza",DIRECT,2.8437,5.0,Google Places API (New),2026-09-02T15:35:56+00:00
41,Khalifa City A,ChIJew69Lv1FXj4RjK59U-COz1k,24.4399805,54.5989056,ChIJA9g7M45FXj4RgCVL-7Yomi8,Yas Plaza Marina,ADJACENT,2.896,5.0,Google Places API (New),2026-09-02T15:35:56+00:00
41,Khalifa City A,ChIJew69Lv1FXj4RjK59U-COz1k,24.4399805,54.5989056,ChIJP1niJQBHXj4RF3V73XOmjaQ,Reef beauty lounge,DIRECT,3.0942,5.0,Google Places API (New),2026-09-02T15:35:56+00:00
41,Khalifa City A,ChIJew69Lv1FXj4RjK59U-COz1k,24.4399805,54.5989056,ChIJObWU69VFXj4RHe9sihg8jm0,Belladona,DIRECT,3.1089,5.0,Google Places API (New),2026-09-02T15:35:56+00:00
41,Khalifa City A,ChIJew69Lv1FXj4RjK59U-COz1k,24.4399805,54.5989056,ChIJQfe_D4lFXj4R6bFufgR02Nk,AWAY Spa at W Abu Dhabi - Yas Island,ADJACENT,3.1095,5.0,Google Places API (New),2026-09-02T15:35:56+00:00
41,Khalifa City A,ChIJew69Lv1FXj4RjK59U-COz1k,24.4399805,54.5989056,ChIJvyyV2wRFXj4R_PuWM8M6Joc,The Spa,ADJACENT,3.1156,5.0,Google Places API (New),2026-09-02T15:35:56+00:00
41,Khalifa City A,ChIJew69Lv1FXj4RjK59U-COz1k,24.4399805,54.5989056,ChIJz9Ih5T5GXj4RFa6jMlBD1lU,Kensington Beauty Bar,DIRECT,3.242,5.0,Google Places API (New),2026-09-02T15:35:56+00:00
41,Khalifa City A,ChIJew69Lv1FXj4RjK59U-COz1k,24.4399805,54.5989056,ChIJk3jzKPdHXj4R0MWNKxJuIRI,Lush And Luxe AD,DIRECT,3.2512,5.0,Google Places API (New),2026-09-02T15:35:56+00:00
41,Khalifa City A,ChIJew69Lv1FXj4RjK59U-COz1k,24.4399805,54.5989056,ChIJ93WxzyVGXj4RV-nEwzu_2CI,"Tara Rose Salons - Khalifa City A, Abu Dhabi",DIRECT,3.3341,5.0,Google Places API (New),2026-09-02T15:35:56+00:00
41,Khalifa City A,ChIJew69Lv1FXj4RjK59U-COz1k,24.4399805,54.5989056,ChIJ_YYU-SlHXj4R_s2xoMvN3H8,ARSI Makeup and Henna Abudhabi,DIRECT,3.3454,5.0,Google Places API (New),2026-09-02T15:35:56+00:00
41,Khalifa City A,ChIJew69Lv1FXj4RjK59U-COz1k,24.4399805,54.5989056,ChIJq6qq6mlGXj4RO92VESUx4Jc,Kats NAILS,DIRECT,3.4597,5.0,Google Places API (New),2026-09-02T15:35:56+00:00
41,Khalifa City A,ChIJew69Lv1FXj4RjK59U-COz1k,24.4399805,54.5989056,ChIJvT-cm31GXj4RqT_f-3bw9R4,Color Me Spa,DIRECT,3.8418,5.0,Google Places API (New),2026-09-02T15:35:56+00:00
41,Khalifa City A,ChIJew69Lv1FXj4RjK59U-COz1k,24.4399805,54.5989056,ChIJ34ze9hZHXj4R0KMoiEIglzM,DE NOIR SALON,DIRECT,3.9306,5.0,Google Places API (New),2026-09-02T15:35:56+00:00
41,Khalifa City A,ChIJew69Lv1FXj4RjK59U-COz1k,24.4399805,54.5989056,ChIJBSTDRftHXj4RrjwQvtjVgVY,صالون سونا خليفة أ,DIRECT,3.9651,5.0,Google Places API (New),2026-09-02T15:35:56+00:00
41,Khalifa City A,ChIJew69Lv1FXj4RjK59U-COz1k,24.4399805,54.5989056,ChIJK756BwBFXj4RNGsyZqGUr0o,Anu brows star ladies beauty salon,DIRECT,3.9732,5.0,Google Places API (New),2026-09-02T15:35:56+00:00
41,Khalifa City A,ChIJew69Lv1FXj4RjK59U-COz1k,24.4399805,54.5989056,ChIJS_qRzU5HXj4RdDHREb3iqr0,Gold & Ash Ladies Beauty Center,DIRECT,4.1296,5.0,Google Places API (New),2026-09-02T15:35:56+00:00
41,Khalifa City A,ChIJew69Lv1FXj4RjK59U-COz1k,24.4399805,54.5989056,ChIJI1MU0phHXj4R9Cwmi8huUZY,hair and nail beauty salon,DIRECT,4.1346,5.0,Google Places API (New),2026-09-02T15:35:56+00:00
41,Khalifa City A,ChIJew69Lv1FXj4RjK59U-COz1k,24.4399805,54.5989056,ChIJMSB4C35HXj4RZaFWsB2HzPA,N.Bar Nail Spa & Salon Khalifa City,DIRECT,4.2101,5.0,Google Places API (New),2026-09-02T15:35:56+00:00
41,Khalifa City A,ChIJew69Lv1FXj4RjK59U-COz1k,24.4399805,54.5989056,ChIJkSwLDJNpXj4RtQYxdmrZE70,Massage Relax Curia Ruby Enjoy,ADJACENT,4.3687,5.0,Google Places API (New),2026-09-02T15:35:56+00:00
41,Khalifa City A,ChIJew69Lv1FXj4RjK59U-COz1k,24.4399805,54.5989056,ChIJyVN5GCdHXj4ReNVO3YUVu1I,BUFF AND BLOW WOMEN PERSONAL CARE AND BEAUTY,DIRECT,4.3775,5.0,Google Places API (New),2026-09-02T15:35:56+00:00
41,Khalifa City A,ChIJew69Lv1FXj4RjK59U-COz1k,24.4399805,54.5989056,ChIJ7YfCKAXNFAARAun7rUoz3ns,Boujie Beauty Salon,DIRECT,4.4589,5.0,Google Places API (New),2026-09-02T15:35:56+00:00
41,Khalifa City A,ChIJew69Lv1FXj4RjK59U-COz1k,24.4399805,54.5989056,ChIJR7yaYMIr0A8RJ1xxI2XJjZQ,Nara Beauty Salon,DIRECT,4.48,5.0,Google Places API (New),2026-09-02T15:35:56+00:00
41,Khalifa City A,ChIJew69Lv1FXj4RjK59U-COz1k,24.4399805,54.5989056,ChIJ_blOqMJIXj4RbCRZ2vyofoI,V Elements Spa - Abu Dhabi International Airport,ADJACENT,4.5158,5.0,Google Places API (New),2026-09-02T15:35:56+00:00
41,Khalifa City A,ChIJew69Lv1FXj4RjK59U-COz1k,24.4399805,54.5989056,ChIJEc8kvUtPXj4RogZxcD4YHMI,Be Relax Spa,ADJACENT,4.5253,5.0,Google Places API (New),2026-09-02T15:35:56+00:00
41,Khalifa City A,ChIJew69Lv1FXj4RjK59U-COz1k,24.4399805,54.5989056,ChIJp2CjyU5HXj4RvZbe7w3iiX0,Concord Salon,DIRECT,4.665,5.0,Google Places API (New),2026-09-02T15:35:56+00:00
41,Khalifa City A,ChIJew69Lv1FXj4RjK59U-COz1k,24.4399805,54.5989056,ChIJH49iOmlmXj4RrwhtAw9IvXQ,Stop Relax Spa Thai Massage,DIRECT,4.726,5.0,Google Places API (New),2026-09-02T15:35:56+00:00
41,Khalifa City A,ChIJew69Lv1FXj4RjK59U-COz1k,24.4399805,54.5989056,ChIJo4M7ff5HXj4RozyClVf8rfk,Biyo Beauty Spa - Forsan Central Mall,DIRECT,4.7488,5.0,Google Places API (New),2026-09-02T15:35:56+00:00
41,Khalifa City A,ChIJew69Lv1FXj4RjK59U-COz1k,24.4399805,54.5989056,ChIJu-zyqTFHXj4Rfn0ltDhuQLY,Royal Nails Beauty Lounge - Khalifa City,DIRECT,4.795,5.0,Google Places API (New),2026-09-02T15:35:56+00:00
41,Khalifa City A,ChIJew69Lv1FXj4RjK59U-COz1k,24.4399805,54.5989056,ChIJR8LWo1tGXj4Rx0MLzz2712E,Dalaagulfbeauty صالون دلع الخليج,DIRECT,4.8281,5.0,Google Places API (New),2026-09-02T15:35:56+00:00
41,Khalifa City A,ChIJew69Lv1FXj4RjK59U-COz1k,24.4399805,54.5989056,ChIJ14qBf3tmXj4Ryl0XGGlJi5A,Le Voyage Beauty & Spa,DIRECT,4.8655,5.0,Google Places API (New),2026-09-02T15:35:56+00:00
41,Khalifa City A,ChIJew69Lv1FXj4RjK59U-COz1k,24.4399805,54.5989056,ChIJcyujQQVFXj4RLUiC5VInFO8,Massage PvD European Relaxing SUS,ADJACENT,4.9296,5.0,Google Places API (New),2026-09-02T15:35:56+00:00
41,Khalifa City A,ChIJew69Lv1FXj4RjK59U-COz1k,24.4399805,54.5989056,ChIJOXqcoflHXj4Rw9lYL-ImdG0,Mirna Kassab Beauty Center,DIRECT,4.9466,5.0,Google Places API (New),2026-09-02T15:35:56+00:00
41,Khalifa City A,ChIJew69Lv1FXj4RjK59U-COz1k,24.4399805,54.5989056,ChIJAdgYhN5PXj4RaWe6WoDcrrc,Beauty Lab Salon,DIRECT,4.9602,5.0,Google Places API (New),2026-09-02T15:35:56+00:00
41,Khalifa City A,ChIJew69Lv1FXj4RjK59U-COz1k,24.4399805,54.5989056,ChIJJeEfBQBnXj4Rvh_7We3A1uY,Massage Singapore relax royal CX,ADJACENT,4.9861,5.0,Google Places API (New),2026-09-02T15:35:56+00:00
41,Khalifa City A,ChIJew69Lv1FXj4RjK59U-COz1k,24.4399805,54.5989056,ChIJNZjaMk5FXj4RBlQbbIh0BkA,Beauty Lab Salon,DIRECT,4.9944,5.0,Google Places API (New),2026-09-02T15:35:56+00:00
41,Khalifa City A,ChIJew69Lv1FXj4RjK59U-COz1k,24.4399805,54.5989056,ChIJ3-uGn0Iz26cR1MLoPgqPDNw,The Serenity Spa Clinic and Massage,DIRECT,4.9976,5.0,Google Places API (New),2026-09-02T15:35:56+00:00
43,Ministries Complex,ChIJRfTVvZVDXj4RZZRKmMGM9cs,24.432147,54.4647516,ChIJy0gbkiRDXj4RsKUFEhYvICw,Organica by Mirrors Saloon,DIRECT,0.0089,5.0,Google Places API (New),2026-09-02T15:35:56+00:00
43,Ministries Complex,ChIJRfTVvZVDXj4RZZRKmMGM9cs,24.432147,54.4647516,ChIJD78jm21DXj4RFJaaFlEWA9U,Elated Beauty Bar,DIRECT,0.069,5.0,Google Places API (New),2026-09-02T15:35:56+00:00
43,Ministries Complex,ChIJRfTVvZVDXj4RZZRKmMGM9cs,24.432147,54.4647516,ChIJJThiRQBDXj4ReHyHBI8ug-c,Bonita Beauty lounge,DIRECT,0.0743,5.0,Google Places API (New),2026-09-02T15:35:56+00:00
43,Ministries Complex,ChIJRfTVvZVDXj4RZZRKmMGM9cs,24.432147,54.4647516,ChIJsZcdI0VCXj4RcqqbomF0j6w,Sugarcoat Ladies Beauty Salon,DIRECT,0.0797,5.0,Google Places API (New),2026-09-02T15:35:56+00:00
43,Ministries Complex,ChIJRfTVvZVDXj4RZZRKmMGM9cs,24.432147,54.4647516,ChIJi8z-5G1DXj4RtoRCjfegJT4,Serene Spa Massage,ADJACENT,0.6608,5.0,Google Places API (New),2026-09-02T15:35:56+00:00
43,Ministries Complex,ChIJRfTVvZVDXj4RZZRKmMGM9cs,24.432147,54.4647516,ChIJHy1lWABBXj4RhkWLDS_hlPw,Massage Relax True Perfec,ADJACENT,0.9197,5.0,Google Places API (New),2026-09-02T15:35:56+00:00
43,Ministries Complex,ChIJRfTVvZVDXj4RZZRKmMGM9cs,24.432147,54.4647516,ChIJMSPAaYFlXj4Ruu3zlL1_kDM,Yaz ladies salon,DIRECT,0.9215,5.0,Google Places API (New),2026-09-02T15:35:56+00:00
43,Ministries Complex,ChIJRfTVvZVDXj4RZZRKmMGM9cs,24.432147,54.4647516,ChIJV-fwFABDXj4R4GLh2qIid8c,Taiwanese Massage Urban Escape,DIRECT,0.9468,5.0,Google Places API (New),2026-09-02T15:35:56+00:00
43,Ministries Complex,ChIJRfTVvZVDXj4RZZRKmMGM9cs,24.432147,54.4647516,ChIJc4CzqmBCXj4RQT4BHbkDdaU,Bellacure Nails,DIRECT,0.9584,5.0,Google Places API (New),2026-09-02T15:35:56+00:00
43,Ministries Complex,ChIJRfTVvZVDXj4RZZRKmMGM9cs,24.432147,54.4647516,ChIJs5L5tmBCXj4R_YzDA_PrLr0,Her Bar Ladies Salon,DIRECT,0.968,5.0,Google Places API (New),2026-09-02T15:35:56+00:00
43,Ministries Complex,ChIJRfTVvZVDXj4RZZRKmMGM9cs,24.432147,54.4647516,ChIJoxRqn4RCXj4RxVvskPy8rKw,Beautyspot Salon Al Seef Village,DIRECT,1.1533,5.0,Google Places API (New),2026-09-02T15:35:56+00:00
43,Ministries Complex,ChIJRfTVvZVDXj4RZZRKmMGM9cs,24.432147,54.4647516,ChIJRQIxgKZpXj4RyQSld2lVgkk,Massage Relax Holidays Professional Oasis,ADJACENT,1.18,5.0,Google Places API (New),2026-09-02T15:35:56+00:00
43,Ministries Complex,ChIJRfTVvZVDXj4RZZRKmMGM9cs,24.432147,54.4647516,ChIJx5hdNjFDXj4RaCf8w3PXD_w,Sia Beauty Center,DIRECT,1.2026,5.0,Google Places API (New),2026-09-02T15:35:56+00:00
43,Ministries Complex,ChIJRfTVvZVDXj4RZZRKmMGM9cs,24.432147,54.4647516,ChIJ_1qZJtVnXj4RrGd1SsB3oUw,Massage Relax The Galleria,ADJACENT,1.2181,5.0,Google Places API (New),2026-09-02T15:35:56+00:00
43,Ministries Complex,ChIJRfTVvZVDXj4RZZRKmMGM9cs,24.432147,54.4647516,ChIJdT6XNwBDXj4RZK3syYtiYqQ,Massage Amazing Home Rotana,ADJACENT,1.2221,5.0,Google Places API (New),2026-09-02T15:35:56+00:00
43,Ministries Complex,ChIJRfTVvZVDXj4RZZRKmMGM9cs,24.432147,54.4647516,ChIJZT32XwBpXj4RujheJNWwdH8,Home Massage Relaxion Rose,ADJACENT,1.236,5.0,Google Places API (New),2026-09-02T15:35:56+00:00
43,Ministries Complex,ChIJRfTVvZVDXj4RZZRKmMGM9cs,24.432147,54.4647516,ChIJt_YVKwBDXj4RmTP-hMMns0A,Massage Taiwan Ruby Relax,ADJACENT,1.2577,5.0,Google Places API (New),2026-09-02T15:35:56+00:00
43,Ministries Complex,ChIJRfTVvZVDXj4RZZRKmMGM9cs,24.432147,54.4647516,ChIJR_9gT15BXj4RQGBc3cOMlYU,Massage Relax Home Abudhabi Sunny,ADJACENT,1.2911,5.0,Google Places API (New),2026-09-02T15:35:56+00:00
43,Ministries Complex,ChIJRfTVvZVDXj4RZZRKmMGM9cs,24.432147,54.4647516,ChIJwayUBS9DXj4Rb4ER-WdufF0,Bodylines Fitness & Spa,ADJACENT,1.3136,5.0,Google Places API (New),2026-09-02T15:35:56+00:00
43,Ministries Complex,ChIJRfTVvZVDXj4RZZRKmMGM9cs,24.432147,54.4647516,ChIJFbzk5RNDXj4R3vo4JY7we1U,Teleios Beauty Center,DIRECT,1.3324,5.0,Google Places API (New),2026-09-02T15:35:56+00:00
43,Ministries Complex,ChIJRfTVvZVDXj4RZZRKmMGM9cs,24.432147,54.4647516,ChIJgYXJnGVDXj4Rpsp_KC9cIIY,MERAG SPA,ADJACENT,1.4033,5.0,Google Places API (New),2026-09-02T15:35:56+00:00
43,Ministries Complex,ChIJRfTVvZVDXj4RZZRKmMGM9cs,24.432147,54.4647516,ChIJBUAM_NhDXj4RRkVDWdeQrAQ,ReLook Ladies Salon,DIRECT,1.4254,5.0,Google Places API (New),2026-09-02T15:35:56+00:00
43,Ministries Complex,ChIJRfTVvZVDXj4RZZRKmMGM9cs,24.432147,54.4647516,ChIJt8i1c6JDXj4RZT68OZOeZA8,Calla Beauty Salon,DIRECT,1.4322,5.0,Google Places API (New),2026-09-02T15:35:56+00:00
43,Ministries Complex,ChIJRfTVvZVDXj4RZZRKmMGM9cs,24.432147,54.4647516,ChIJtViQHFRDXj4RlavCqK3Q1xI,Diivana Massage,ADJACENT,1.436,5.0,Google Places API (New),2026-09-02T15:35:56+00:00
43,Ministries Complex,ChIJRfTVvZVDXj4RZZRKmMGM9cs,24.432147,54.4647516,ChIJk0UrfHFDXj4R6zRoN3Bg8G4,Olivia massage spa,ADJACENT,1.4573,5.0,Google Places API (New),2026-09-02T15:35:56+00:00
43,Ministries Complex,ChIJRfTVvZVDXj4RZZRKmMGM9cs,24.432147,54.4647516,ChIJLzU9cgBDXj4R3Vi6c5LO31E,Taiwanese Massage Aura Space,DIRECT,1.4652,5.0,Google Places API (New),2026-09-02T15:35:56+00:00
43,Ministries Complex,ChIJRfTVvZVDXj4RZZRKmMGM9cs,24.432147,54.4647516,ChIJ98d6OJ1oXj4RGQ8-o1qspv4,Polish Nails Care and More Salon | Best Ladies Salon - Nail Spa,DIRECT,1.5496,5.0,Google Places API (New),2026-09-02T15:35:56+00:00
43,Ministries Complex,ChIJRfTVvZVDXj4RZZRKmMGM9cs,24.432147,54.4647516,ChIJGfqJG55pXj4R7xT9SIYYmPA,Hijab Clinic,DIRECT,1.5571,5.0,Google Places API (New),2026-09-02T15:35:56+00:00
43,Ministries Complex,ChIJRfTVvZVDXj4RZZRKmMGM9cs,24.432147,54.4647516,ChIJpVMrRgBDXj4REuBYpE0r21Q,Massage Abudhabi Hotel Xekooo,ADJACENT,1.5876,5.0,Google Places API (New),2026-09-02T15:35:56+00:00
43,Ministries Complex,ChIJRfTVvZVDXj4RZZRKmMGM9cs,24.432147,54.4647516,ChIJBYTycABDXj4RDNycJDR_hQ0,The Massage Taiwan Relaxing AB,ADJACENT,1.7843,5.0,Google Places API (New),2026-09-02T15:35:56+00:00
43,Ministries Complex,ChIJRfTVvZVDXj4RZZRKmMGM9cs,24.432147,54.4647516,ChIJD1_g9DpCXj4RWJAagGvwxYA,PAUSE SALON & SPA,DIRECT,1.9339,5.0,Google Places API (New),2026-09-02T15:35:56+00:00
43,Ministries Complex,ChIJRfTVvZVDXj4RZZRKmMGM9cs,24.432147,54.4647516,ChIJDaOdIwBDXj4RpYUAdbFvoVw,Massage Opera Services Relax,ADJACENT,1.9582,5.0,Google Places API (New),2026-09-02T15:35:56+00:00
43,Ministries Complex,ChIJRfTVvZVDXj4RZZRKmMGM9cs,24.432147,54.4647516,ChIJqxRDl-RHXj4R673QfVkpEws,Massage Repucblic Abudhabi Relax,ADJACENT,1.9822,5.0,Google Places API (New),2026-09-02T15:35:56+00:00
43,Ministries Complex,ChIJRfTVvZVDXj4RZZRKmMGM9cs,24.432147,54.4647516,ChIJBY9muG5DXj4RV-rTK3YN8mc,Salon Al Shafra Al Masiya,DIRECT,2.0076,5.0,Google Places API (New),2026-09-02T15:35:56+00:00
43,Ministries Complex,ChIJRfTVvZVDXj4RZZRKmMGM9cs,24.432147,54.4647516,ChIJs3UEXetDXj4RHt1DEeZYyhY,Mia Beauty Ladies Salon,DIRECT,2.0372,5.0,Google Places API (New),2026-09-02T15:35:56+00:00
43,Ministries Complex,ChIJRfTVvZVDXj4RZZRKmMGM9cs,24.432147,54.4647516,ChIJCVYPBQBDXj4RK9Hr5bvtnKk,Massage Taiwan Luxury Tunb,ADJACENT,2.0549,5.0,Google Places API (New),2026-09-02T15:35:56+00:00
43,Ministries Complex,ChIJRfTVvZVDXj4RZZRKmMGM9cs,24.432147,54.4647516,ChIJgzuQPwBDXj4RhuwUjQr7RLc,Golden Massage Relax Studio,ADJACENT,2.0554,5.0,Google Places API (New),2026-09-02T15:35:56+00:00
43,Ministries Complex,ChIJRfTVvZVDXj4RZZRKmMGM9cs,24.432147,54.4647516,ChIJSbdHHABDXj4Rq30nMon0bKo,Massage Japan Luxury - Nippon Signature,DIRECT,2.0751,5.0,Google Places API (New),2026-09-02T15:35:56+00:00
43,Ministries Complex,ChIJRfTVvZVDXj4RZZRKmMGM9cs,24.432147,54.4647516,ChIJEeqr-cqrX0ERM21WrfvrUVQ,By Mila Bella Beauty,DIRECT,2.1265,5.0,Google Places API (New),2026-09-02T15:35:56+00:00
43,Ministries Complex,ChIJRfTVvZVDXj4RZZRKmMGM9cs,24.432147,54.4647516,ChIJ1RNCXzRDXj4RkbuAKXOwcGA,Indigo Ladies Salon,DIRECT,2.164,5.0,Google Places API (New),2026-09-02T15:35:56+00:00
43,Ministries Complex,ChIJRfTVvZVDXj4RZZRKmMGM9cs,24.432147,54.4647516,ChIJ3SEIKAtDXj4R-KbBxJRio3I,Mikas Beauty Salon,DIRECT,2.1797,5.0,Google Places API (New),2026-09-02T15:35:56+00:00
43,Ministries Complex,ChIJRfTVvZVDXj4RZZRKmMGM9cs,24.432147,54.4647516,ChIJn6Y25n5CXj4RNiqHwAV0tvE,Meera Beauty Centre,DIRECT,2.7078,5.0,Google Places API (New),2026-09-02T15:35:56+00:00
43,Ministries Complex,ChIJRfTVvZVDXj4RZZRKmMGM9cs,24.432147,54.4647516,ChIJ8YmnzCxDXj4RvJDQt3nvPTA,Massage Abudhabi,ADJACENT,2.7203,5.0,Google Places API (New),2026-09-02T15:35:56+00:00
43,Ministries Complex,ChIJRfTVvZVDXj4RZZRKmMGM9cs,24.432147,54.4647516,ChIJ8RWvXHRDXj4RFTW6CnjQhaY,Spirit Body & Soul Spa,ADJACENT,2.7473,5.0,Google Places API (New),2026-09-02T15:35:56+00:00
43,Ministries Complex,ChIJRfTVvZVDXj4RZZRKmMGM9cs,24.432147,54.4647516,ChIJjQlacB1DXj4RRfdl3XsYTqg,Vision Spa,ADJACENT,2.7517,5.0,Google Places API (New),2026-09-02T15:35:56+00:00
43,Ministries Complex,ChIJRfTVvZVDXj4RZZRKmMGM9cs,24.432147,54.4647516,ChIJL6IVBwBDXj4RKSjCPwqCyAc,Water spa,ADJACENT,2.7663,5.0,Google Places API (New),2026-09-02T15:35:56+00:00
43,Ministries Complex,ChIJRfTVvZVDXj4RZZRKmMGM9cs,24.432147,54.4647516,ChIJi6-GBvNDXj4RMSaNKiot2eI,Queen Angela Spa,ADJACENT,2.7744,5.0,Google Places API (New),2026-09-02T15:35:56+00:00
43,Ministries Complex,ChIJRfTVvZVDXj4RZZRKmMGM9cs,24.432147,54.4647516,ChIJzb2iNlJDXj4RCp00sbC5K2E,Hairaholic salon,DIRECT,2.8308,5.0,Google Places API (New),2026-09-02T15:35:56+00:00
43,Ministries Complex,ChIJRfTVvZVDXj4RZZRKmMGM9cs,24.432147,54.4647516,ChIJVZmyyOBDXj4RDwZq0SMKrNk,"Up Beat Spa, Abu Dhabi",ADJACENT,2.8334,5.0,Google Places API (New),2026-09-02T15:35:56+00:00
43,Ministries Complex,ChIJRfTVvZVDXj4RZZRKmMGM9cs,24.432147,54.4647516,ChIJn9Sl_W1DXj4R3LmY5k0gs-s,Omsiyat Beauty Center,DIRECT,2.8359,5.0,Google Places API (New),2026-09-02T15:35:56+00:00
43,Ministries Complex,ChIJRfTVvZVDXj4RZZRKmMGM9cs,24.432147,54.4647516,ChIJY_lQtH9CXj4RPazw_3Mog-w,Altaf Salon,DIRECT,2.8466,5.0,Google Places API (New),2026-09-02T15:35:56+00:00
43,Ministries Complex,ChIJRfTVvZVDXj4RZZRKmMGM9cs,24.432147,54.4647516,ChIJPRGoKwBDXj4RPVdbKpl-fl8,Massage Oralie Services Relaxions,ADJACENT,2.8618,5.0,Google Places API (New),2026-09-02T15:35:56+00:00
43,Ministries Complex,ChIJRfTVvZVDXj4RZZRKmMGM9cs,24.432147,54.4647516,ChIJsaFPg3NCXj4Rl_jvW4f2Tl0,Bodylines Fitness & Wellness Club,ADJACENT,2.8902,5.0,Google Places API (New),2026-09-02T15:35:56+00:00
43,Ministries Complex,ChIJRfTVvZVDXj4RZZRKmMGM9cs,24.432147,54.4647516,ChIJ_em4aABDXj4RJvIkDFBUzlU,صالون عشبة الداد,DIRECT,2.9186,5.0,Google Places API (New),2026-09-02T15:35:56+00:00
43,Ministries Complex,ChIJRfTVvZVDXj4RZZRKmMGM9cs,24.432147,54.4647516,ChIJL7E9GABDXj4RdCs3McQnU1c,TINA BEAUTY,DIRECT,2.9326,5.0,Google Places API (New),2026-09-02T15:35:56+00:00
43,Ministries Complex,ChIJRfTVvZVDXj4RZZRKmMGM9cs,24.432147,54.4647516,ChIJacCVD2FpXj4Rvre78a0WaQA,Fathimaz Henna -Home Service -خدمة الحناء المنزلية,DIRECT,2.9477,5.0,Google Places API (New),2026-09-02T15:35:56+00:00
43,Ministries Complex,ChIJRfTVvZVDXj4RZZRKmMGM9cs,24.432147,54.4647516,ChIJG1BpUgBDXj4RQuIEXS289GI,Nails press ons in ABU DHABI,DIRECT,2.9737,5.0,Google Places API (New),2026-09-02T15:35:56+00:00
43,Ministries Complex,ChIJRfTVvZVDXj4RZZRKmMGM9cs,24.432147,54.4647516,ChIJvzguviEgcgwR2E6wPG8q1-Y,HR Quinn Spa Serenity and Massage,DIRECT,2.9984,5.0,Google Places API (New),2026-09-02T15:35:56+00:00
43,Ministries Complex,ChIJRfTVvZVDXj4RZZRKmMGM9cs,24.432147,54.4647516,ChIJRRt8dABDXj4R54SP_BQJXNA,Saloon Al Shumookh,DIRECT,2.9989,5.0,Google Places API (New),2026-09-02T15:35:56+00:00
43,Ministries Complex,ChIJRfTVvZVDXj4RZZRKmMGM9cs,24.432147,54.4647516,ChIJlwClo6JDXj4RMjK6ehDQfXI,Al Ustoora Ladies Salon Abu Dhabi | صالون الاسطوره للسيدات,DIRECT,3.0121,5.0,Google Places API (New),2026-09-02T15:35:56+00:00
43,Ministries Complex,ChIJRfTVvZVDXj4RZZRKmMGM9cs,24.432147,54.4647516,ChIJ-YKeyNZDXj4R5Net_myDZFs,Spa,ADJACENT,3.0569,5.0,Google Places API (New),2026-09-02T15:35:56+00:00
43,Ministries Complex,ChIJRfTVvZVDXj4RZZRKmMGM9cs,24.432147,54.4647516,ChIJRS3pHQBDXj4RKzmq0gi8wdY,The Massage Relax Services UAE,ADJACENT,3.0588,5.0,Google Places API (New),2026-09-02T15:35:56+00:00
43,Ministries Complex,ChIJRfTVvZVDXj4RZZRKmMGM9cs,24.432147,54.4647516,ChIJU8S8DABDXj4RAe-IWI2fqcM,Massage Taiwan Vip Luxury UAE,ADJACENT,3.0592,5.0,Google Places API (New),2026-09-02T15:35:56+00:00
43,Ministries Complex,ChIJRfTVvZVDXj4RZZRKmMGM9cs,24.432147,54.4647516,ChIJQS7TRp1CXj4R7kO__gEfjH4,Hair By Marquee | Eastern Mangroves,DIRECT,3.0982,5.0,Google Places API (New),2026-09-02T15:35:56+00:00
43,Ministries Complex,ChIJRfTVvZVDXj4RZZRKmMGM9cs,24.432147,54.4647516,ChIJycSvtZxCXj4R-RJF502OC-k,The Nail Spa - Eastern Mangroves Promenade,DIRECT,3.1022,5.0,Google Places API (New),2026-09-02T15:35:56+00:00
43,Ministries Complex,ChIJRfTVvZVDXj4RZZRKmMGM9cs,24.432147,54.4647516,ChIJIWprIQBDXj4RZpjPF20zG0k,Taiwan Massage VIP - Majestic Care,DIRECT,3.1554,5.0,Google Places API (New),2026-09-02T15:35:56+00:00
43,Ministries Complex,ChIJRfTVvZVDXj4RZZRKmMGM9cs,24.432147,54.4647516,ChIJGdKHMZ1pXj4RR3J4Sd6tnJg,صالون و سبا القصور للعناية بالرجال ALQASOR Salon&spa,DIRECT,3.1688,5.0,Google Places API (New),2026-09-02T15:35:56+00:00
43,Ministries Complex,ChIJRfTVvZVDXj4RZZRKmMGM9cs,24.432147,54.4647516,ChIJgYqGPNpDXj4Rav-aSMuS46Q,Fairmont Health Club & Beach Club,ADJACENT,3.2225,5.0,Google Places API (New),2026-09-02T15:35:56+00:00
43,Ministries Complex,ChIJRfTVvZVDXj4RZZRKmMGM9cs,24.432147,54.4647516,ChIJWQSREl1DXj4RT1eCziWKAts,FIARMNT RBLOWDRY HAIR SALON,DIRECT,3.253,5.0,Google Places API (New),2026-09-02T15:35:56+00:00
43,Ministries Complex,ChIJRfTVvZVDXj4RZZRKmMGM9cs,24.432147,54.4647516,ChIJ922ZwNhHXj4RWAn_0icDknM,Massage Sun Professional Full Services,ADJACENT,3.255,5.0,Google Places API (New),2026-09-02T15:35:56+00:00
43,Ministries Complex,ChIJRfTVvZVDXj4RZZRKmMGM9cs,24.432147,54.4647516,ChIJZ38nrbZDXj4ROxX_vYH2IC0,Massage Male therapist,DIRECT,3.2946,5.0,Google Places API (New),2026-09-02T15:35:56+00:00
43,Ministries Complex,ChIJRfTVvZVDXj4RZZRKmMGM9cs,24.432147,54.4647516,ChIJASsJwpdpXj4RK-rxI9CDims,Al Dalal Beauty Salon,DIRECT,3.3048,5.0,Google Places API (New),2026-09-02T15:35:56+00:00
43,Ministries Complex,ChIJRfTVvZVDXj4RZZRKmMGM9cs,24.432147,54.4647516,ChIJBREr7oNDXj4RfhQ5lRfJBPU,kiraz Ladies Beauty Center,DIRECT,3.3186,5.0,Google Places API (New),2026-09-02T15:35:56+00:00
43,Ministries Complex,ChIJRfTVvZVDXj4RZZRKmMGM9cs,24.432147,54.4647516,ChIJt78xX05DXj4RpXeSo0eeM9c,De Bene Esse European Spa & Massage,ADJACENT,3.3552,5.0,Google Places API (New),2026-09-02T15:35:56+00:00
43,Ministries Complex,ChIJRfTVvZVDXj4RZZRKmMGM9cs,24.432147,54.4647516,ChIJY59gK9VpXj4ROCwYdCtZdb0,Bride of Sham Ladies Salon (صالون عروس الشام) - Highly recommended ladies salon at Muroor Road in Abu Dhabi,DIRECT,3.3679,5.0,Google Places API (New),2026-09-02T15:35:56+00:00
43,Ministries Complex,ChIJRfTVvZVDXj4RZZRKmMGM9cs,24.432147,54.4647516,ChIJr7gou4ZDXj4RTzGdtTGJ_8Q,Massage Thaithai Luxury vip1,ADJACENT,3.3987,5.0,Google Places API (New),2026-09-02T15:35:56+00:00
43,Ministries Complex,ChIJRfTVvZVDXj4RZZRKmMGM9cs,24.432147,54.4647516,ChIJgXqyiylDXj4RWZhwIPiJjjg,Cherish SPA,ADJACENT,3.4189,5.0,Google Places API (New),2026-09-02T15:35:56+00:00
43,Ministries Complex,ChIJRfTVvZVDXj4RZZRKmMGM9cs,24.432147,54.4647516,ChIJkcDxN0gS0YkRW1e2WQQScNA,Home Massage Wellness Paradise Georgia,ADJACENT,3.437,5.0,Google Places API (New),2026-09-02T15:35:56+00:00
43,Ministries Complex,ChIJRfTVvZVDXj4RZZRKmMGM9cs,24.432147,54.4647516,ChIJw2ikwxRDXj4RT2zkIXPGqlM,Massage PvD European Chips,DIRECT,3.4851,5.0,Google Places API (New),2026-09-02T15:35:56+00:00
43,Ministries Complex,ChIJRfTVvZVDXj4RZZRKmMGM9cs,24.432147,54.4647516,ChIJgx44ZABDXj4RkgCdpaXGonE,Massage Home Relax Pure,ADJACENT,3.5548,5.0,Google Places API (New),2026-09-02T15:35:56+00:00
43,Ministries Complex,ChIJRfTVvZVDXj4RZZRKmMGM9cs,24.432147,54.4647516,ChIJpa6NqhNBXj4ROdCkA5hOvFU,Massage Relax Curia Lisa Enjoy,ADJACENT,3.5563,5.0,Google Places API (New),2026-09-02T15:35:56+00:00
43,Ministries Complex,ChIJRfTVvZVDXj4RZZRKmMGM9cs,24.432147,54.4647516,ChIJl7_SMwBBXj4RPp45Y4qDIwc,Massage Sauna Abuvip Home Relaxing,DIRECT,3.5606,5.0,Google Places API (New),2026-09-02T15:35:56+00:00
43,Ministries Complex,ChIJRfTVvZVDXj4RZZRKmMGM9cs,24.432147,54.4647516,ChIJ1Rym03lDXj4Ry8HrwL3DgZQ,The Fix Beauty Lounge,DIRECT,3.5623,5.0,Google Places API (New),2026-09-02T15:35:56+00:00
43,Ministries Complex,ChIJRfTVvZVDXj4RZZRKmMGM9cs,24.432147,54.4647516,ChIJcTxuQwBBXj4RPzFEJ4VnIT8,Massage Taiwan Muzoun,DIRECT,3.6127,5.0,Google Places API (New),2026-09-02T15:35:56+00:00
43,Ministries Complex,ChIJRfTVvZVDXj4RZZRKmMGM9cs,24.432147,54.4647516,ChIJkZwVksppXj4RCWIHUAxgjhM,"Soul Senses Spa & Wellness - Novotel Hotel - Al Bustan, Abu Dhabi مساج",ADJACENT,3.6213,5.0,Google Places API (New),2026-09-02T15:35:56+00:00
43,Ministries Complex,ChIJRfTVvZVDXj4RZZRKmMGM9cs,24.432147,54.4647516,ChIJgTxkYZpJXj4RusR5vi7BXmA,Ultimate spa,ADJACENT,3.6375,5.0,Google Places API (New),2026-09-02T15:35:56+00:00
43,Ministries Complex,ChIJRfTVvZVDXj4RZZRKmMGM9cs,24.432147,54.4647516,ChIJ6WvjJUxpXj4RBrEpujZgm_0,Magio Hair Experience - Al Mushrif,DIRECT,3.6667,5.0,Google Places API (New),2026-09-02T15:35:56+00:00
43,Ministries Complex,ChIJRfTVvZVDXj4RZZRKmMGM9cs,24.432147,54.4647516,ChIJJWZLbeY3XagRkR-zsyLkmqg,HD Layer Spa Clinic and Massage Serenity,DIRECT,3.6855,5.0,Google Places API (New),2026-09-02T15:35:56+00:00
43,Ministries Complex,ChIJRfTVvZVDXj4RZZRKmMGM9cs,24.432147,54.4647516,ChIJsUzKsMRpXj4R5NeErIHuQzE,Massage Relax Serenity Abu Dhabi,ADJACENT,3.6966,5.0,Google Places API (New),2026-09-02T15:35:56+00:00
43,Ministries Complex,ChIJRfTVvZVDXj4RZZRKmMGM9cs,24.432147,54.4647516,ChIJ4RPvP8hpXj4RZyJsF1mf7zA,Four Seasons Ladies Salon,DIRECT,3.6987,5.0,Google Places API (New),2026-09-02T15:35:56+00:00
43,Ministries Complex,ChIJRfTVvZVDXj4RZZRKmMGM9cs,24.432147,54.4647516,ChIJ3_iyPrQ5Xj4RH9UwIvrtDss,blusher salon and spa,DIRECT,3.7054,5.0,Google Places API (New),2026-09-02T15:35:56+00:00
43,Ministries Complex,ChIJRfTVvZVDXj4RZZRKmMGM9cs,24.432147,54.4647516,ChIJTR4Oeh9BXj4Re7dvWUQckQQ,Aroma Ocean Spa Best Massage in Abudhabi & Home Service,ADJACENT,3.7149,5.0,Google Places API (New),2026-09-02T15:35:56+00:00
43,Ministries Complex,ChIJRfTVvZVDXj4RZZRKmMGM9cs,24.432147,54.4647516,ChIJNaSYXthDXj4RprtgcxKvnds,nails the modern manicure studio - Souk - Qaryat Al Beri branch,DIRECT,3.7255,5.0,Google Places API (New),2026-09-02T15:35:56+00:00
43,Ministries Complex,ChIJRfTVvZVDXj4RZZRKmMGM9cs,24.432147,54.4647516,ChIJQ_Zi26BBXj4Rd3sYGNWTuCk,Abu Dhabi Massage Relax Amelia,ADJACENT,3.7482,5.0,Google Places API (New),2026-09-02T15:35:56+00:00
43,Ministries Complex,ChIJRfTVvZVDXj4RZZRKmMGM9cs,24.432147,54.4647516,ChIJVRSDeNhDXj4RVnxlw3kuMdg,"Chi, The Spa at Shangri-La",ADJACENT,3.7982,5.0,Google Places API (New),2026-09-02T15:35:56+00:00
43,Ministries Complex,ChIJRfTVvZVDXj4RZZRKmMGM9cs,24.432147,54.4647516,ChIJw-9nPwBBXj4RaytrObMQ7O8,Massage Korean Luxury Relax Studio,DIRECT,3.8069,5.0,Google Places API (New),2026-09-02T15:35:56+00:00
43,Ministries Complex,ChIJRfTVvZVDXj4RZZRKmMGM9cs,24.432147,54.4647516,ChIJ2bVES9BDXj4R1GQbwTs4s7U,Hair Factory ladies beauty salon Abudhabi,DIRECT,3.8149,5.0,Google Places API (New),2026-09-02T15:35:56+00:00
43,Ministries Complex,ChIJRfTVvZVDXj4RZZRKmMGM9cs,24.432147,54.4647516,ChIJgXI3g2JBXj4R6K9U-w5987A,Eyelash Extension Center,DIRECT,3.8434,5.0,Google Places API (New),2026-09-02T15:35:56+00:00
43,Ministries Complex,ChIJRfTVvZVDXj4RZZRKmMGM9cs,24.432147,54.4647516,ChIJeQ6WGoNBXj4RUWvWXTH93Tc,Massage Europen holiday spa zuzz,DIRECT,3.8725,5.0,Google Places API (New),2026-09-02T15:35:56+00:00
43,Ministries Complex,ChIJRfTVvZVDXj4RZZRKmMGM9cs,24.432147,54.4647516,ChIJR5sguG1DXj4R1QsghcelhSA,Tara spa,ADJACENT,3.9968,5.0,Google Places API (New),2026-09-02T15:35:56+00:00
43,Ministries Complex,ChIJRfTVvZVDXj4RZZRKmMGM9cs,24.432147,54.4647516,ChIJPUMlkLVBXj4RkepY8QMGr08,Massage spa vodoi ping,ADJACENT,4.0765,5.0,Google Places API (New),2026-09-02T15:35:56+00:00
43,Ministries Complex,ChIJRfTVvZVDXj4RZZRKmMGM9cs,24.432147,54.4647516,ChIJFeF2FdpDXj4RK3fkhKO6qhw,Brandy .C. Spa,ADJACENT,4.2102,5.0,Google Places API (New),2026-09-02T15:35:56+00:00
43,Ministries Complex,ChIJRfTVvZVDXj4RZZRKmMGM9cs,24.432147,54.4647516,ChIJhVzGfV5DXj4RJTBoSLzVPuE,Massage Relax Holidays Professional Harmony,ADJACENT,4.2688,5.0,Google Places API (New),2026-09-02T15:35:56+00:00
43,Ministries Complex,ChIJRfTVvZVDXj4RZZRKmMGM9cs,24.432147,54.4647516,ChIJAffmIQBBXj4RcOC8dEoIHKM,Massage Abu Dhabi Gold,ADJACENT,4.376,5.0,Google Places API (New),2026-09-02T15:35:56+00:00
43,Ministries Complex,ChIJRfTVvZVDXj4RZZRKmMGM9cs,24.432147,54.4647516,ChIJsxOxLABBXj4RFMqU6kXmf9s,The Massage Luxury Callista,ADJACENT,4.3844,5.0,Google Places API (New),2026-09-02T15:35:56+00:00
43,Ministries Complex,ChIJRfTVvZVDXj4RZZRKmMGM9cs,24.432147,54.4647516,ChIJnexvv2BBXj4RGZ-nIdMn_Y8,Nadreen beauty and fitness centre مركز نادرين للرشاقة والتجميل,DIRECT,4.4289,5.0,Google Places API (New),2026-09-02T15:35:56+00:00
43,Ministries Complex,ChIJRfTVvZVDXj4RZZRKmMGM9cs,24.432147,54.4647516,ChIJ7aBvpbBBXj4Rrz5YkTw3PKA,Ushi Nail Spa Al Qana Abu Dhabi,DIRECT,4.5168,5.0,Google Places API (New),2026-09-02T15:35:56+00:00
43,Ministries Complex,ChIJRfTVvZVDXj4RZZRKmMGM9cs,24.432147,54.4647516,ChIJE__JMcNBXj4REcdk-ayGa_4,MYSTIC BEAUTY SALON,DIRECT,4.5847,5.0,Google Places API (New),2026-09-02T15:35:56+00:00
43,Ministries Complex,ChIJRfTVvZVDXj4RZZRKmMGM9cs,24.432147,54.4647516,ChIJ283PSsBBXj4REO-rAvURQTo,Continental saloon,DIRECT,4.5893,5.0,Google Places API (New),2026-09-02T15:35:56+00:00
43,Ministries Complex,ChIJRfTVvZVDXj4RZZRKmMGM9cs,24.432147,54.4647516,ChIJscm3ux9BXj4RxCPJKklwFNA,صالون سبشيل بيرد ستايل,DIRECT,4.6724,5.0,Google Places API (New),2026-09-02T15:35:56+00:00
43,Ministries Complex,ChIJRfTVvZVDXj4RZZRKmMGM9cs,24.432147,54.4647516,ChIJzeXPk_JBXj4R3ruXrllceTM,Pace e Luce Al Qana,DIRECT,4.865,5.0,Google Places API (New),2026-09-02T15:35:56+00:00
43,Ministries Complex,ChIJRfTVvZVDXj4RZZRKmMGM9cs,24.432147,54.4647516,ChIJ6x3D_plBXj4R-qot1dS-WBE,Link M Ladies Beauty Center,DIRECT,4.9166,5.0,Google Places API (New),2026-09-02T15:35:56+00:00
43,Ministries Complex,ChIJRfTVvZVDXj4RZZRKmMGM9cs,24.432147,54.4647516,ChIJL_91dABBXj4RRXgH1tgHOSw,Haif - Massage Spa,ADJACENT,4.919,5.0,Google Places API (New),2026-09-02T15:35:56+00:00
43,Ministries Complex,ChIJRfTVvZVDXj4RZZRKmMGM9cs,24.432147,54.4647516,ChIJ60POGgBBXj4RZm8XLPPzC3U,ELIXIRA LADIES BEAUTY LOUNGE,DIRECT,4.9231,5.0,Google Places API (New),2026-09-02T15:35:56+00:00
43,Ministries Complex,ChIJRfTVvZVDXj4RZZRKmMGM9cs,24.432147,54.4647516,ChIJ1Smf20FBXj4RCeF_yKnRjEI,Ivy beauty and spa studio,DIRECT,4.9342,5.0,Google Places API (New),2026-09-02T15:35:56+00:00
43,Ministries Complex,ChIJRfTVvZVDXj4RZZRKmMGM9cs,24.432147,54.4647516,ChIJ8Uq1R1lBXj4Rb-6WJo3wDE4,Flair Ladies Beauty Center,DIRECT,4.9367,5.0,Google Places API (New),2026-09-02T15:35:56+00:00
43,Ministries Complex,ChIJRfTVvZVDXj4RZZRKmMGM9cs,24.432147,54.4647516,ChIJq6qqqtlDXj4RnsoIVdU0CIQ,Maria alsabah,ADJACENT,4.9388,5.0,Google Places API (New),2026-09-02T15:35:56+00:00
43,Ministries Complex,ChIJRfTVvZVDXj4RZZRKmMGM9cs,24.432147,54.4647516,ChIJQ6a1E1xBXj4R1p4e9YiUj7A,Fass Saloon Moroccan Bath & Hairdressing,DIRECT,4.9446,5.0,Google Places API (New),2026-09-02T15:35:56+00:00
43,Ministries Complex,ChIJRfTVvZVDXj4RZZRKmMGM9cs,24.432147,54.4647516,ChIJcb1OvglBXj4Rpj4qKbJJoW0,Le Beautique Spa Center,DIRECT,4.9466,5.0,Google Places API (New),2026-09-02T15:35:56+00:00
43,Ministries Complex,ChIJRfTVvZVDXj4RZZRKmMGM9cs,24.432147,54.4647516,ChIJ7YcGHXJBXj4R2XGB_gU-fdU,صالون سونا بين الجسرينsona salon,DIRECT,4.9609,5.0,Google Places API (New),2026-09-02T15:35:56+00:00
43,Ministries Complex,ChIJRfTVvZVDXj4RZZRKmMGM9cs,24.432147,54.4647516,ChIJFRhBdlJBXj4RwYy2RLGionw,Nona Colonna Ladies Salon,DIRECT,4.9752,5.0,Google Places API (New),2026-09-02T15:35:56+00:00
29,Mirdif 35,ChIJJym1WZlgXz4RDU-v4mRhckE,25.2322986,55.4329599,ChIJ4yy80FJhXz4R4SR0vky4V8A,Facial Therapist / Hydrafacial / Face scrub / Dark spots on face,DIRECT,0.0047,5.0,Google Places API (New),2026-09-02T15:35:56+00:00
29,Mirdif 35,ChIJJym1WZlgXz4RDU-v4mRhckE,25.2322986,55.4329599,ChIJyxgqYEBhXz4RAZNvYw_LX3E,Amro Ladies Salon,DIRECT,0.0085,5.0,Google Places API (New),2026-09-02T15:35:56+00:00
29,Mirdif 35,ChIJJym1WZlgXz4RDU-v4mRhckE,25.2322986,55.4329599,ChIJlwYu_B1hXz4RZTOwsrvsdO0,Queen Code - Beauty Salon - Mirdiff - Services from Just @129AED,DIRECT,0.009,5.0,Google Places API (New),2026-09-02T15:35:56+00:00
29,Mirdif 35,ChIJJym1WZlgXz4RDU-v4mRhckE,25.2322986,55.4329599,ChIJE1CVe7ZhXz4RPi3-mmioJNc,Blank beauty lounge,DIRECT,0.089,5.0,Google Places API (New),2026-09-02T15:35:56+00:00
29,Mirdif 35,ChIJJym1WZlgXz4RDU-v4mRhckE,25.2322986,55.4329599,ChIJ4dmgO-9hXz4Rs5WytTfD5r4,Nail Studio Mirdif,DIRECT,0.1014,5.0,Google Places API (New),2026-09-02T15:35:56+00:00
29,Mirdif 35,ChIJJym1WZlgXz4RDU-v4mRhckE,25.2322986,55.4329599,ChIJ13X3hjxhXz4RmyOc4SN8FVc,"Perfect Skin Center , Dr beauty clinic",DIRECT,0.1033,5.0,Google Places API (New),2026-09-02T15:35:56+00:00
29,Mirdif 35,ChIJJym1WZlgXz4RDU-v4mRhckE,25.2322986,55.4329599,ChIJT4n6R0phXz4RPwat6Axi93g,Brow and Beauty Mirdif,DIRECT,0.1058,5.0,Google Places API (New),2026-09-02T15:35:56+00:00
29,Mirdif 35,ChIJJym1WZlgXz4RDU-v4mRhckE,25.2322986,55.4329599,ChIJnzNF10VhXz4RE_PlzgPKwiU,KLEÏ Spa and Hammam,ADJACENT,0.1211,5.0,Google Places API (New),2026-09-02T15:35:56+00:00
29,Mirdif 35,ChIJJym1WZlgXz4RDU-v4mRhckE,25.2322986,55.4329599,ChIJXf3q1wRqXz4RSrgwabJZY7Y,Maison de Joelle Mirdif,DIRECT,0.1569,5.0,Google Places API (New),2026-09-02T15:35:56+00:00
29,Mirdif 35,ChIJJym1WZlgXz4RDU-v4mRhckE,25.2322986,55.4329599,ChIJUX2qSwBhXz4RptuSK0u82tI,Flourish Beauty Lounge & Spa,DIRECT,0.3282,5.0,Google Places API (New),2026-09-02T15:35:56+00:00
29,Mirdif 35,ChIJJym1WZlgXz4RDU-v4mRhckE,25.2322986,55.4329599,ChIJ8Yc6IgBhXz4Rdx4fS5Ow0SQ,ULTA BEAUTY CENTER,DIRECT,0.3516,5.0,Google Places API (New),2026-09-02T15:35:56+00:00
29,Mirdif 35,ChIJJym1WZlgXz4RDU-v4mRhckE,25.2322986,55.4329599,ChIJ7YXZt2phXz4RHOnH8T33fCU,SMIDA-Arabian center BRANCH,DIRECT,0.3581,5.0,Google Places API (New),2026-09-02T15:35:56+00:00
29,Mirdif 35,ChIJJym1WZlgXz4RDU-v4mRhckE,25.2322986,55.4329599,ChIJoT5vIw1hXz4REsrI67hb2bU,Zaya clinic,ADJACENT,0.3581,5.0,Google Places API (New),2026-09-02T15:35:56+00:00
29,Mirdif 35,ChIJJym1WZlgXz4RDU-v4mRhckE,25.2322986,55.4329599,ChIJ2-P0NslhXz4RH62nyWIiYMw,NORA Home Spa and Wellness,ADJACENT,0.429,5.0,Google Places API (New),2026-09-02T15:35:56+00:00
29,Mirdif 35,ChIJJym1WZlgXz4RDU-v4mRhckE,25.2322986,55.4329599,ChIJYch0DJpgXz4RYl3-nQQRTQs,Yarmook Hairdressing,DIRECT,0.4551,5.0,Google Places API (New),2026-09-02T15:35:56+00:00
29,Mirdif 35,ChIJJym1WZlgXz4RDU-v4mRhckE,25.2322986,55.4329599,ChIJLatvpzxhXz4R6f1fAYU2Y2Y,Juice Salon Arabian Centre,DIRECT,0.5389,5.0,Google Places API (New),2026-09-02T15:35:56+00:00
29,Mirdif 35,ChIJJym1WZlgXz4RDU-v4mRhckE,25.2322986,55.4329599,ChIJN2GH--ZhXz4R8izacLUM13Q,Yinyang Spa,ADJACENT,0.8377,5.0,Google Places API (New),2026-09-02T15:35:56+00:00
29,Mirdif 35,ChIJJym1WZlgXz4RDU-v4mRhckE,25.2322986,55.4329599,ChIJ9aEjiFphXz4RFCy-UBdOa00,Juice massage spa,ADJACENT,0.852,5.0,Google Places API (New),2026-09-02T15:35:56+00:00
29,Mirdif 35,ChIJJym1WZlgXz4RDU-v4mRhckE,25.2322986,55.4329599,ChIJSW1zuyBhXz4RqFo3pM3UzRw,ORLA Beauty Salon,DIRECT,0.8681,5.0,Google Places API (New),2026-09-02T15:35:56+00:00
29,Mirdif 35,ChIJJym1WZlgXz4RDU-v4mRhckE,25.2322986,55.4329599,ChIJoxAi2QxhXz4RW8iaxk-7jo0,TOT Ladies Beauty Salon,DIRECT,1.085,5.0,Google Places API (New),2026-09-02T15:35:56+00:00
29,Mirdif 35,ChIJJym1WZlgXz4RDU-v4mRhckE,25.2322986,55.4329599,ChIJhYED1TVhXz4RzFZ1BKPUr1I,Loofa ladies massage & relaxation centre,ADJACENT,1.1138,5.0,Google Places API (New),2026-09-02T15:35:56+00:00
29,Mirdif 35,ChIJJym1WZlgXz4RDU-v4mRhckE,25.2322986,55.4329599,ChIJJSDCWABhXz4RmeVNwpRaFrE,Chi Foot Spa - UPTOWN MIRDIF,ADJACENT,1.1463,5.0,Google Places API (New),2026-09-02T15:35:56+00:00
29,Mirdif 35,ChIJJym1WZlgXz4RDU-v4mRhckE,25.2322986,55.4329599,ChIJOxA3apJgXz4RS1_ETpmpCzQ,Glamour Beauty & Nail Spa Mirdif,DIRECT,1.1524,5.0,Google Places API (New),2026-09-02T15:35:56+00:00
29,Mirdif 35,ChIJJym1WZlgXz4RDU-v4mRhckE,25.2322986,55.4329599,ChIJJ_SevxZhXz4RSYP8O2TizY8,Benny massage spa,ADJACENT,1.1779,5.0,Google Places API (New),2026-09-02T15:35:56+00:00
29,Mirdif 35,ChIJJym1WZlgXz4RDU-v4mRhckE,25.2322986,55.4329599,ChIJ15PLWpJgXz4R5U6x1jNpKmA,Casa Bonita Beauty Salon & Spa صالون و سبا كازا بونيتا,DIRECT,1.2151,5.0,Google Places API (New),2026-09-02T15:35:56+00:00
29,Mirdif 35,ChIJJym1WZlgXz4RDU-v4mRhckE,25.2322986,55.4329599,ChIJUXfUeL1gXz4RWm0_X4BNgek,Mary Foot Spa Mirdif,ADJACENT,1.2602,5.0,Google Places API (New),2026-09-02T15:35:56+00:00
29,Mirdif 35,ChIJJym1WZlgXz4RDU-v4mRhckE,25.2322986,55.4329599,ChIJMRLGEU1hXz4RPj3LAt32oCo,Cabello Lounge,DIRECT,1.2902,5.0,Google Places API (New),2026-09-02T15:35:56+00:00
29,Mirdif 35,ChIJJym1WZlgXz4RDU-v4mRhckE,25.2322986,55.4329599,ChIJq8ya9SdhXz4RQsK6_4hgzls,R N J Ladies Salon,DIRECT,1.3048,5.0,Google Places API (New),2026-09-02T15:35:56+00:00
29,Mirdif 35,ChIJJym1WZlgXz4RDU-v4mRhckE,25.2322986,55.4329599,ChIJjQm_aR5eXz4RBuSMIYXLnQE,Salon Afrina Beauty & Henna - Etihad Mall,DIRECT,1.3423,5.0,Google Places API (New),2026-09-02T15:35:56+00:00
29,Mirdif 35,ChIJJym1WZlgXz4RDU-v4mRhckE,25.2322986,55.4329599,ChIJ184_Rx5eXz4RlUpiUzw7nI4,Royal Touch Spa,ADJACENT,1.3431,5.0,Google Places API (New),2026-09-02T15:35:56+00:00
29,Mirdif 35,ChIJJym1WZlgXz4RDU-v4mRhckE,25.2322986,55.4329599,ChIJ-0U6Z-dhXz4RXRJa0Mc3Hhc,82 House of Beauty,DIRECT,1.3478,5.0,Google Places API (New),2026-09-02T15:35:56+00:00
29,Mirdif 35,ChIJJym1WZlgXz4RDU-v4mRhckE,25.2322986,55.4329599,ChIJc9MkYNpcXz4RfW-2MS7oLcM,Hatem Hair Center,DIRECT,1.3937,5.0,Google Places API (New),2026-09-02T15:35:56+00:00
29,Mirdif 35,ChIJJym1WZlgXz4RDU-v4mRhckE,25.2322986,55.4329599,ChIJ0Z8NHe1hXz4RFMG8HBqBflk,Labella Spa ＆ Mirdif,ADJACENT,1.405,5.0,Google Places API (New),2026-09-02T15:35:56+00:00
29,Mirdif 35,ChIJJym1WZlgXz4RDU-v4mRhckE,25.2322986,55.4329599,ChIJG2TxuC1hXz4RnUVqPSP6Xnc,Haven spa,ADJACENT,1.4218,5.0,Google Places API (New),2026-09-02T15:35:56+00:00
29,Mirdif 35,ChIJJym1WZlgXz4RDU-v4mRhckE,25.2322986,55.4329599,ChIJuXsWUMNhXz4RCkBK2LtRN5Y,SAF Hijama,ADJACENT,1.4267,5.0,Google Places API (New),2026-09-02T15:35:56+00:00
29,Mirdif 35,ChIJJym1WZlgXz4RDU-v4mRhckE,25.2322986,55.4329599,ChIJQ3rnkVBhXz4RtgefhpUOauM,Glow365 beauty Mirdif hills avenue,DIRECT,1.4449,5.0,Google Places API (New),2026-09-02T15:35:56+00:00
29,Mirdif 35,ChIJJym1WZlgXz4RDU-v4mRhckE,25.2322986,55.4329599,ChIJIV5u57lhXz4RTiAAlQApPLA,Oza beauty center,DIRECT,1.4876,5.0,Google Places API (New),2026-09-02T15:35:56+00:00
29,Mirdif 35,ChIJJym1WZlgXz4RDU-v4mRhckE,25.2322986,55.4329599,ChIJtURYnW9hXz4R7buJvl_4K58,مردف,DIRECT,1.5217,5.0,Google Places API (New),2026-09-02T15:35:56+00:00
29,Mirdif 35,ChIJJym1WZlgXz4RDU-v4mRhckE,25.2322986,55.4329599,ChIJx40lYz1hXz4RG2DhGLR1Tkg,Abeeha Mamoon Official | Makeup & Hair Artist,DIRECT,1.6453,5.0,Google Places API (New),2026-09-02T15:35:56+00:00
29,Mirdif 35,ChIJJym1WZlgXz4RDU-v4mRhckE,25.2322986,55.4329599,ChIJ3wXfTSFfXz4RuikYhUqiugQ,YinYang Spa Massage Body,ADJACENT,1.83,5.0,Google Places API (New),2026-09-02T15:35:56+00:00
29,Mirdif 35,ChIJJym1WZlgXz4RDU-v4mRhckE,25.2322986,55.4329599,ChIJYf7krX9gXz4RGvBGpDymdfI,Miami Saloon,DIRECT,1.894,5.0,Google Places API (New),2026-09-02T15:35:56+00:00
29,Mirdif 35,ChIJJym1WZlgXz4RDU-v4mRhckE,25.2322986,55.4329599,ChIJBTzrgYZDXz4R4k3BNQwPjhs,Lash and Brow station,DIRECT,1.9784,5.0,Google Places API (New),2026-09-02T15:35:56+00:00
29,Mirdif 35,ChIJJym1WZlgXz4RDU-v4mRhckE,25.2322986,55.4329599,ChIJRQHEp-tgXz4RjPFNhFYZlVc,"The Loft Fifth Avenue Beauty Lounge- Shorooq, Mirdif",DIRECT,2.0662,5.0,Google Places API (New),2026-09-02T15:35:56+00:00
29,Mirdif 35,ChIJJym1WZlgXz4RDU-v4mRhckE,25.2322986,55.4329599,ChIJXZYxUuhDXz4Ryj9adQUkUic,Arez Beauty Center ( أريز بيوتي سنتر ),DIRECT,2.1187,5.0,Google Places API (New),2026-09-02T15:35:56+00:00
29,Mirdif 35,ChIJJym1WZlgXz4RDU-v4mRhckE,25.2322986,55.4329599,ChIJtcmijnhhXz4R6Mvnk0xrhr4,Furless Permanent Mirdif,DIRECT,2.1533,5.0,Google Places API (New),2026-09-02T15:35:56+00:00
29,Mirdif 35,ChIJJym1WZlgXz4RDU-v4mRhckE,25.2322986,55.4329599,ChIJi3Oh9EhhXz4RrFHQy8FnM9w,Al Rafika Ladies Salon,DIRECT,2.1572,5.0,Google Places API (New),2026-09-02T15:35:56+00:00
29,Mirdif 35,ChIJJym1WZlgXz4RDU-v4mRhckE,25.2322986,55.4329599,ChIJgy_72bZhXz4R2Ai3UayDt7c,Tru Beauty Lounge - Park Centre Mirdif,DIRECT,2.1654,5.0,Google Places API (New),2026-09-02T15:35:56+00:00
29,Mirdif 35,ChIJJym1WZlgXz4RDU-v4mRhckE,25.2322986,55.4329599,ChIJC5z7Y_lhXz4Rqnxl7XwG-cc,COYA Spa,ADJACENT,2.1763,5.0,Google Places API (New),2026-09-02T15:35:56+00:00
29,Mirdif 35,ChIJJym1WZlgXz4RDU-v4mRhckE,25.2322986,55.4329599,ChIJwxgIBdNfXz4R2RZ3llHfwbE,Golden Scissors Salon Br. Al Mizhar 1,DIRECT,2.3362,5.0,Google Places API (New),2026-09-02T15:35:56+00:00
29,Mirdif 35,ChIJJym1WZlgXz4RDU-v4mRhckE,25.2322986,55.4329599,ChIJ1WFkRoJfXz4RhRGLtbve9hM,Grand Flora Beauty Salon & Spa,DIRECT,2.3556,5.0,Google Places API (New),2026-09-02T15:35:56+00:00
29,Mirdif 35,ChIJJym1WZlgXz4RDU-v4mRhckE,25.2322986,55.4329599,ChIJVZa8oM1fXz4RleKF7gZelj4,Thfayer Beauty Salon صالون ضفاير للتجميل,DIRECT,2.4928,5.0,Google Places API (New),2026-09-02T15:35:56+00:00
29,Mirdif 35,ChIJJym1WZlgXz4RDU-v4mRhckE,25.2322986,55.4329599,ChIJGe2UN9FfXz4R2KOaY8GQ-6w,Grand Flora Beauty Salon & Spa - Aswaaq Mall Mizhar,DIRECT,2.8483,5.0,Google Places API (New),2026-09-02T15:35:56+00:00
29,Mirdif 35,ChIJJym1WZlgXz4RDU-v4mRhckE,25.2322986,55.4329599,ChIJv9bubABhXz4RWxeW-EjBd1s,Rosewood SPA,ADJACENT,2.9582,5.0,Google Places API (New),2026-09-02T15:35:56+00:00
29,Mirdif 35,ChIJJym1WZlgXz4RDU-v4mRhckE,25.2322986,55.4329599,ChIJp-kmxLlhXz4RPRQEC8Dd4Mw,Rosewood Foot Massage مركز روزوود لتدليك القدم للنساء,ADJACENT,2.9634,5.0,Google Places API (New),2026-09-02T15:35:56+00:00
29,Mirdif 35,ChIJJym1WZlgXz4RDU-v4mRhckE,25.2322986,55.4329599,ChIJScplBrRgXz4RLPW3nEWNtuQ,Sisters Beauty Lounge Hair Salon - City Centre Mirdif,DIRECT,2.971,5.0,Google Places API (New),2026-09-02T15:35:56+00:00
29,Mirdif 35,ChIJJym1WZlgXz4RDU-v4mRhckE,25.2322986,55.4329599,ChIJIyhvuphhXz4RHCTKj3lr-oU,I style salon,DIRECT,2.977,5.0,Google Places API (New),2026-09-02T15:35:56+00:00
29,Mirdif 35,ChIJJym1WZlgXz4RDU-v4mRhckE,25.2322986,55.4329599,ChIJsa5u-xZhXz4Roszqs9L7jps,N.Bar Nail Spa & Salon City Centre Mirdif,DIRECT,3.0862,5.0,Google Places API (New),2026-09-02T15:35:56+00:00
29,Mirdif 35,ChIJJym1WZlgXz4RDU-v4mRhckE,25.2322986,55.4329599,ChIJJeVLTB9hXz4RH-4bfiFsE3U,Nails,DIRECT,3.1574,5.0,Google Places API (New),2026-09-02T15:35:56+00:00
29,Mirdif 35,ChIJJym1WZlgXz4RDU-v4mRhckE,25.2322986,55.4329599,ChIJJygT_P1gXz4RggrF7atrAkg,Grand Flora Beauty Salon & Spa - Al Warqa,DIRECT,3.6904,5.0,Google Places API (New),2026-09-02T15:35:56+00:00
29,Mirdif 35,ChIJJym1WZlgXz4RDU-v4mRhckE,25.2322986,55.4329599,ChIJAc1VP_VfXz4RaWB02ulApwU,Jafar hassan hairdressing,DIRECT,3.8226,5.0,Google Places API (New),2026-09-02T15:35:56+00:00
29,Mirdif 35,ChIJJym1WZlgXz4RDU-v4mRhckE,25.2322986,55.4329599,ChIJaQ9wZeNhXz4RR0dWJH5iQnE,Karmela Beauty Lounge,DIRECT,3.8807,5.0,Google Places API (New),2026-09-02T15:35:56+00:00
29,Mirdif 35,ChIJJym1WZlgXz4RDU-v4mRhckE,25.2322986,55.4329599,ChIJ0UDwxztcXz4R_WI_BKhMQMo,Hala Alsham Ladies Salone,DIRECT,3.8828,5.0,Google Places API (New),2026-09-02T15:35:56+00:00
29,Mirdif 35,ChIJJym1WZlgXz4RDU-v4mRhckE,25.2322986,55.4329599,ChIJ8T1hzpZcXz4RN0Yw4opznAo,Buthaina Henna And Beauty Saloon,DIRECT,3.8843,5.0,Google Places API (New),2026-09-02T15:35:56+00:00
29,Mirdif 35,ChIJJym1WZlgXz4RDU-v4mRhckE,25.2322986,55.4329599,ChIJ7zNRkgFhXz4R-0gn-lWqmpg,Sakura Beauty Spa,DIRECT,3.8903,5.0,Google Places API (New),2026-09-02T15:35:56+00:00
29,Mirdif 35,ChIJJym1WZlgXz4RDU-v4mRhckE,25.2322986,55.4329599,ChIJPUgcS-NhXz4RMdpvyJgsz80,Mona Beauty Center Al Khawaneej Branch,DIRECT,4.0511,5.0,Google Places API (New),2026-09-02T15:35:56+00:00
29,Mirdif 35,ChIJJym1WZlgXz4RDU-v4mRhckE,25.2322986,55.4329599,ChIJa1olWx9hXz4Rez4OqrBJ3ZE,MIA BELLA BEAUTY LOUNGE,DIRECT,4.114,5.0,Google Places API (New),2026-09-02T15:35:56+00:00
29,Mirdif 35,ChIJJym1WZlgXz4RDU-v4mRhckE,25.2322986,55.4329599,ChIJt4wF7bVhXz4Rri3uGFXZxPE,Naturals Salon,DIRECT,4.2599,5.0,Google Places API (New),2026-09-02T15:35:56+00:00
29,Mirdif 35,ChIJJym1WZlgXz4RDU-v4mRhckE,25.2322986,55.4329599,ChIJw8M7dwBfXz4RaVa_fnwYnEM,Haji gul,DIRECT,4.2721,5.0,Google Places API (New),2026-09-02T15:35:56+00:00
29,Mirdif 35,ChIJJym1WZlgXz4RDU-v4mRhckE,25.2322986,55.4329599,ChIJaQ06FQ1nXz4R1PXstZ5Ez1I,Eclatavecnous,DIRECT,4.8158,5.0,Google Places API (New),2026-09-02T15:35:56+00:00
29,Mirdif 35,ChIJJym1WZlgXz4RDU-v4mRhckE,25.2322986,55.4329599,ChIJv3Tju_NdXz4R8AwrSB2Op5o,Traneem Ladies Salon,DIRECT,4.8574,5.0,Google Places API (New),2026-09-02T15:35:56+00:00
44,Mohammed Bin Zayed City,ChIJ1acVeH1HXj4RSli59C2hk2k,24.3667831,54.5403404,ChIJXy21KDxHXj4RIdV7o7AKBeU,La Riche Spa Lounge,DIRECT,0.1079,5.0,Google Places API (New),2026-09-02T15:35:56+00:00
44,Mohammed Bin Zayed City,ChIJ1acVeH1HXj4RSli59C2hk2k,24.3667831,54.5403404,ChIJg7NaFiNHXj4RQ3Be-E7XynE,Clair De Lune Spa And Salon For Ladies صالون و سبا كلير دو لون للسيدات,DIRECT,0.5819,5.0,Google Places API (New),2026-09-02T15:35:56+00:00
44,Mohammed Bin Zayed City,ChIJ1acVeH1HXj4RSli59C2hk2k,24.3667831,54.5403404,ChIJJY0cP_ZHXj4Rezb6C_enoRc,Alfal Beauty Center - Abu Dhabi,DIRECT,0.6586,5.0,Google Places API (New),2026-09-02T15:35:56+00:00
44,Mohammed Bin Zayed City,ChIJ1acVeH1HXj4RSli59C2hk2k,24.3667831,54.5403404,ChIJDfakpIJHXj4R3WYRCyOrI74,Fouziana Henna And Beauty Lounge,DIRECT,0.6875,5.0,Google Places API (New),2026-09-02T15:35:56+00:00
44,Mohammed Bin Zayed City,ChIJ1acVeH1HXj4RSli59C2hk2k,24.3667831,54.5403404,ChIJhXJdydZHXj4RqFWkuoidlqA,Companion Beauty Salon & SPA| Mazyad Mall Branch,DIRECT,0.7705,5.0,Google Places API (New),2026-09-02T15:35:56+00:00
44,Mohammed Bin Zayed City,ChIJ1acVeH1HXj4RSli59C2hk2k,24.3667831,54.5403404,ChIJGRH2xmZHXj4ReVQLGF8nmH8,Bella,ADJACENT,0.7745,5.0,Google Places API (New),2026-09-02T15:35:56+00:00
44,Mohammed Bin Zayed City,ChIJ1acVeH1HXj4RSli59C2hk2k,24.3667831,54.5403404,ChIJ9SvcCZhHXj4RT3XuH1YU3Eg,OLIVIA BEAUTY MASSAGE,ADJACENT,0.7745,5.0,Google Places API (New),2026-09-02T15:35:56+00:00
44,Mohammed Bin Zayed City,ChIJ1acVeH1HXj4RSli59C2hk2k,24.3667831,54.5403404,ChIJH70e0D5BXj4RTlmr6g49yAg,Naz Beauty Ladies Salon (Mall Branch),DIRECT,0.7839,5.0,Google Places API (New),2026-09-02T15:35:56+00:00
44,Mohammed Bin Zayed City,ChIJ1acVeH1HXj4RSli59C2hk2k,24.3667831,54.5403404,ChIJI4x2jrxHXj4RFXtAb1gUoh4,Sansa Beauty Lounge Spa,ADJACENT,0.7882,5.0,Google Places API (New),2026-09-02T15:35:56+00:00
44,Mohammed Bin Zayed City,ChIJ1acVeH1HXj4RSli59C2hk2k,24.3667831,54.5403404,ChIJC5OFi0BHXj4RAuJqyhWbkJY,Tips And Toes,DIRECT,0.8303,5.0,Google Places API (New),2026-09-02T15:35:56+00:00
44,Mohammed Bin Zayed City,ChIJ1acVeH1HXj4RSli59C2hk2k,24.3667831,54.5403404,ChIJA3AAmCVHXj4Rd8NywioXdIc,near maziyad mall,DIRECT,1.2566,5.0,Google Places API (New),2026-09-02T15:35:56+00:00
44,Mohammed Bin Zayed City,ChIJ1acVeH1HXj4RSli59C2hk2k,24.3667831,54.5403404,ChIJdXiC7-xHXj4RtXjOQOgk60A,muhammed bin Zayed city,DIRECT,1.2819,5.0,Google Places API (New),2026-09-02T15:35:56+00:00
44,Mohammed Bin Zayed City,ChIJ1acVeH1HXj4RSli59C2hk2k,24.3667831,54.5403404,ChIJ2wYny41HXj4RMappaI-lpbU,SMIDA-Capital mall,DIRECT,1.3586,5.0,Google Places API (New),2026-09-02T15:35:56+00:00
44,Mohammed Bin Zayed City,ChIJ1acVeH1HXj4RSli59C2hk2k,24.3667831,54.5403404,ChIJUWAtgZZBXj4RXG5RVhUuGYA,LASH ME Ladies SALONلاش مي صالون للسيدات,DIRECT,1.3679,5.0,Google Places API (New),2026-09-02T15:35:56+00:00
44,Mohammed Bin Zayed City,ChIJ1acVeH1HXj4RSli59C2hk2k,24.3667831,54.5403404,ChIJzzDTfQBHXj4RN13xdSEKIpE,Ask Beauty Salon,DIRECT,1.371,5.0,Google Places API (New),2026-09-02T15:35:56+00:00
44,Mohammed Bin Zayed City,ChIJ1acVeH1HXj4RSli59C2hk2k,24.3667831,54.5403404,ChIJg2R7ewBHXj4RZ3xZfildIzQ,MiMi beauty salon (Capital Mall),DIRECT,1.3941,5.0,Google Places API (New),2026-09-02T15:35:56+00:00
44,Mohammed Bin Zayed City,ChIJ1acVeH1HXj4RSli59C2hk2k,24.3667831,54.5403404,ChIJ7U_bsHdBXj4R7cSQt4Hd_B0,DaWoOD-CaNor-SalOON,DIRECT,2.1358,5.0,Google Places API (New),2026-09-02T15:35:56+00:00
44,Mohammed Bin Zayed City,ChIJ1acVeH1HXj4RSli59C2hk2k,24.3667831,54.5403404,ChIJI_jQCXdBXj4RO7ZQppfJW7U,V star bike place,DIRECT,2.319,5.0,Google Places API (New),2026-09-02T15:35:56+00:00
44,Mohammed Bin Zayed City,ChIJ1acVeH1HXj4RSli59C2hk2k,24.3667831,54.5403404,ChIJmZTGYwZHXj4RUVITzCRY67A,White Angel Centre,DIRECT,2.4033,5.0,Google Places API (New),2026-09-02T15:35:56+00:00
44,Mohammed Bin Zayed City,ChIJ1acVeH1HXj4RSli59C2hk2k,24.3667831,54.5403404,ChIJ1TavO7FHXj4RggvNIQ2170I,OFF WHITE Salon & Spa,DIRECT,2.4858,5.0,Google Places API (New),2026-09-02T15:35:56+00:00
44,Mohammed Bin Zayed City,ChIJ1acVeH1HXj4RSli59C2hk2k,24.3667831,54.5403404,ChIJsTwVxltHXj4RHOGAlmxefg0,Gulf Diamond Salon Abu Dhabi,DIRECT,2.4973,5.0,Google Places API (New),2026-09-02T15:35:56+00:00
44,Mohammed Bin Zayed City,ChIJ1acVeH1HXj4RSli59C2hk2k,24.3667831,54.5403404,ChIJO1lUQJ9HXj4RVpKdHJoQY_4,Good Luck Star Ladies Beauty Salon in Abu Dhabi,DIRECT,2.5251,5.0,Google Places API (New),2026-09-02T15:35:56+00:00
44,Mohammed Bin Zayed City,ChIJ1acVeH1HXj4RSli59C2hk2k,24.3667831,54.5403404,ChIJUQ7hes9HXj4RyvJQNc5ZEzs,L And Y Salon And SPA For Man,ADJACENT,2.5534,5.0,Google Places API (New),2026-09-02T15:35:56+00:00
44,Mohammed Bin Zayed City,ChIJ1acVeH1HXj4RSli59C2hk2k,24.3667831,54.5403404,ChIJzyQFxIdHXj4RUv1C_PiTxp4,Hon Spa,ADJACENT,2.5601,5.0,Google Places API (New),2026-09-02T15:35:56+00:00
44,Mohammed Bin Zayed City,ChIJ1acVeH1HXj4RSli59C2hk2k,24.3667831,54.5403404,ChIJuyXYFXhHXj4Rp8DCLtEcqgo,Solly Man Salon & SPA For Man,ADJACENT,2.5845,5.0,Google Places API (New),2026-09-02T15:35:56+00:00
44,Mohammed Bin Zayed City,ChIJ1acVeH1HXj4RSli59C2hk2k,24.3667831,54.5403404,ChIJ4ejZDipBXj4R3GVunP6Qwo0,Super fine SALON,DIRECT,2.6064,5.0,Google Places API (New),2026-09-02T15:35:56+00:00
44,Mohammed Bin Zayed City,ChIJ1acVeH1HXj4RSli59C2hk2k,24.3667831,54.5403404,ChIJ30QrfVlHXj4RNznnw6DrRt8,Spring Days Ladies Beauty Saloon,DIRECT,2.6126,5.0,Google Places API (New),2026-09-02T15:35:56+00:00
44,Mohammed Bin Zayed City,ChIJ1acVeH1HXj4RSli59C2hk2k,24.3667831,54.5403404,ChIJOXCASgBBXj4ReiTJQeiDRD8,Abu Dhabi Mustafa M2,DIRECT,2.6183,5.0,Google Places API (New),2026-09-02T15:35:56+00:00
44,Mohammed Bin Zayed City,ChIJ1acVeH1HXj4RSli59C2hk2k,24.3667831,54.5403404,ChIJJfCNVi5HXj4RdUH_bZHjY8I,Dream Garden SPA- Massage Center in Abu Dhabi,ADJACENT,2.6407,5.0,Google Places API (New),2026-09-02T15:35:56+00:00
44,Mohammed Bin Zayed City,ChIJ1acVeH1HXj4RSli59C2hk2k,24.3667831,54.5403404,ChIJp6Qr33pHXj4R1QR5ZMk4RGA,SPA Massage Center ViP,ADJACENT,2.6674,5.0,Google Places API (New),2026-09-02T15:35:56+00:00
44,Mohammed Bin Zayed City,ChIJ1acVeH1HXj4RSli59C2hk2k,24.3667831,54.5403404,ChIJo2tKXA45Xj4RZMl1vkWjkSI,Glozznailzz_by_Uma,DIRECT,2.7234,5.0,Google Places API (New),2026-09-02T15:35:56+00:00
44,Mohammed Bin Zayed City,ChIJ1acVeH1HXj4RSli59C2hk2k,24.3667831,54.5403404,ChIJBR1S6FBHXj4RlHjUu_rqzo0,Awesome Ladies Salon,DIRECT,2.7252,5.0,Google Places API (New),2026-09-02T15:35:56+00:00
44,Mohammed Bin Zayed City,ChIJ1acVeH1HXj4RSli59C2hk2k,24.3667831,54.5403404,ChIJ3SEMMhNHXj4R6covViidENk,Hair and fair ladies salon and spa,DIRECT,2.8275,5.0,Google Places API (New),2026-09-02T15:35:56+00:00
44,Mohammed Bin Zayed City,ChIJ1acVeH1HXj4RSli59C2hk2k,24.3667831,54.5403404,ChIJjyvQJ3JHXj4RCvnEkHP0x_0,Ivy's Beauty Secret Ladies Salon & Spa,DIRECT,2.8743,5.0,Google Places API (New),2026-09-02T15:35:56+00:00
44,Mohammed Bin Zayed City,ChIJ1acVeH1HXj4RSli59C2hk2k,24.3667831,54.5403404,ChIJtzeSuFlHXj4RxZPkE4BYjeI,Cello Ladies Beauty Centre,DIRECT,2.8789,5.0,Google Places API (New),2026-09-02T15:35:56+00:00
44,Mohammed Bin Zayed City,ChIJ1acVeH1HXj4RSli59C2hk2k,24.3667831,54.5403404,ChIJs6qa41hHXj4RdPsfdKSWgho,Afro Salon/Romkass Saloon and SPA,DIRECT,2.9015,5.0,Google Places API (New),2026-09-02T15:35:56+00:00
44,Mohammed Bin Zayed City,ChIJ1acVeH1HXj4RSli59C2hk2k,24.3667831,54.5403404,ChIJ8e8Wzr44Xj4RYCEdDKI7hVs,Salama Style Ladies Salon,DIRECT,2.9435,5.0,Google Places API (New),2026-09-02T15:35:56+00:00
44,Mohammed Bin Zayed City,ChIJ1acVeH1HXj4RSli59C2hk2k,24.3667831,54.5403404,ChIJR0SITitHXj4RVCWVzbn_lEk,Roses Dew Beauty Lounge- Musaffah,DIRECT,2.9818,5.0,Google Places API (New),2026-09-02T15:35:56+00:00
44,Mohammed Bin Zayed City,ChIJ1acVeH1HXj4RSli59C2hk2k,24.3667831,54.5403404,ChIJRd8HTX1BXj4RzhD0Ll52bD8,Fashion box salon,DIRECT,2.9925,5.0,Google Places API (New),2026-09-02T15:35:56+00:00
44,Mohammed Bin Zayed City,ChIJ1acVeH1HXj4RSli59C2hk2k,24.3667831,54.5403404,ChIJlQ9T01pBXj4RMUpF_aDza6U,Massage center,ADJACENT,3.1794,5.0,Google Places API (New),2026-09-02T15:35:56+00:00
44,Mohammed Bin Zayed City,ChIJ1acVeH1HXj4RSli59C2hk2k,24.3667831,54.5403404,ChIJn0DuYyQ5Xj4Rjzb6tDE-V_c,Naturals Salon,DIRECT,3.2494,5.0,Google Places API (New),2026-09-02T15:35:56+00:00
44,Mohammed Bin Zayed City,ChIJ1acVeH1HXj4RSli59C2hk2k,24.3667831,54.5403404,ChIJUwh_7hJBXj4RT9ne8taJJjY,Style Star Salon & Spa (Branch),DIRECT,3.2786,5.0,Google Places API (New),2026-09-02T15:35:56+00:00
44,Mohammed Bin Zayed City,ChIJ1acVeH1HXj4RSli59C2hk2k,24.3667831,54.5403404,ChIJO8RuFac4Xj4RcgrYVOoDPMo,Fawaz Hair Salon,DIRECT,3.2816,5.0,Google Places API (New),2026-09-02T15:35:56+00:00
44,Mohammed Bin Zayed City,ChIJ1acVeH1HXj4RSli59C2hk2k,24.3667831,54.5403404,ChIJ4xr6FQBBXj4R5TWlOuGgAyY,صالون استايل مارك,DIRECT,3.343,5.0,Google Places API (New),2026-09-02T15:35:56+00:00
44,Mohammed Bin Zayed City,ChIJ1acVeH1HXj4RSli59C2hk2k,24.3667831,54.5403404,ChIJz27LlA4JIWYR1KLi8sKhdlU,Fair World Professional Ladies Beauty Salon,DIRECT,3.3494,5.0,Google Places API (New),2026-09-02T15:35:56+00:00
44,Mohammed Bin Zayed City,ChIJ1acVeH1HXj4RSli59C2hk2k,24.3667831,54.5403404,ChIJyS7OpFlAXj4RcGTdHxmWan4,Arabian Pools,ADJACENT,3.3646,5.0,Google Places API (New),2026-09-02T15:35:56+00:00
44,Mohammed Bin Zayed City,ChIJ1acVeH1HXj4RSli59C2hk2k,24.3667831,54.5403404,ChIJoeJOBqg4Xj4R-vvKodELqX8,Boston Ladies Salon,DIRECT,3.3887,5.0,Google Places API (New),2026-09-02T15:35:56+00:00
44,Mohammed Bin Zayed City,ChIJ1acVeH1HXj4RSli59C2hk2k,24.3667831,54.5403404,ChIJjUAl_p05Xj4RrzZQVGSfVV0,Le Florina Ladies Beauty Salon Musaffah | صالون فلورينا للتجميل للسيدات | Ladies Beauty Salon MBZ City,DIRECT,3.4449,5.0,Google Places API (New),2026-09-02T15:35:56+00:00
44,Mohammed Bin Zayed City,ChIJ1acVeH1HXj4RSli59C2hk2k,24.3667831,54.5403404,ChIJnS98uac4Xj4R3BbG-ufXM_E,Vanitha Ladies Saloon - Mussafah Branch,DIRECT,3.4484,5.0,Google Places API (New),2026-09-02T15:35:56+00:00
44,Mohammed Bin Zayed City,ChIJ1acVeH1HXj4RSli59C2hk2k,24.3667831,54.5403404,ChIJayuaDsM5Xj4RdUrjCnR9yOg,Tirur Saloon,DIRECT,3.4498,5.0,Google Places API (New),2026-09-02T15:35:56+00:00
44,Mohammed Bin Zayed City,ChIJ1acVeH1HXj4RSli59C2hk2k,24.3667831,54.5403404,ChIJ6U43YAU5Xj4RP26k2MzGUlQ,Massage & Spa Relaxing Mussafah Shabiya,ADJACENT,3.4527,5.0,Google Places API (New),2026-09-02T15:35:56+00:00
44,Mohammed Bin Zayed City,ChIJ1acVeH1HXj4RSli59C2hk2k,24.3667831,54.5403404,ChIJG4tGBwBHXj4RPDMlodfkq60,Massage Relax Harmony Pubby,ADJACENT,3.4531,5.0,Google Places API (New),2026-09-02T15:35:56+00:00
44,Mohammed Bin Zayed City,ChIJ1acVeH1HXj4RSli59C2hk2k,24.3667831,54.5403404,ChIJyfDaEoc5Xj4Rw40zaDXkk6M,صالون الليل الهادي للسيدات | Calm Night Ladies Saloon,DIRECT,3.4692,5.0,Google Places API (New),2026-09-02T15:35:56+00:00
44,Mohammed Bin Zayed City,ChIJ1acVeH1HXj4RSli59C2hk2k,24.3667831,54.5403404,ChIJdwN6yac4Xj4Rjoks1vUX42w,Snow White Beauty Salon,DIRECT,3.4962,5.0,Google Places API (New),2026-09-02T15:35:56+00:00
44,Mohammed Bin Zayed City,ChIJ1acVeH1HXj4RSli59C2hk2k,24.3667831,54.5403404,ChIJ_7VnoLNBXj4RAjn-nwWg6Ek,Spring Time Saloon,DIRECT,3.5752,5.0,Google Places API (New),2026-09-02T15:35:56+00:00
44,Mohammed Bin Zayed City,ChIJ1acVeH1HXj4RSli59C2hk2k,24.3667831,54.5403404,ChIJ2xHlQA1BXj4RJQNcmkvEqQ0,صالون تجميل,DIRECT,3.6391,5.0,Google Places API (New),2026-09-02T15:35:56+00:00
44,Mohammed Bin Zayed City,ChIJ1acVeH1HXj4RSli59C2hk2k,24.3667831,54.5403404,ChIJH7KoYyc5Xj4R9VmAGDHvHi4,D.S HAIR CUTTING SALOON,DIRECT,3.6968,5.0,Google Places API (New),2026-09-02T15:35:56+00:00
44,Mohammed Bin Zayed City,ChIJ1acVeH1HXj4RSli59C2hk2k,24.3667831,54.5403404,ChIJHcvwO7I5Xj4RwP-Txt2Ji00,She Center Massage Spa,ADJACENT,3.7006,5.0,Google Places API (New),2026-09-02T15:35:56+00:00
44,Mohammed Bin Zayed City,ChIJ1acVeH1HXj4RSli59C2hk2k,24.3667831,54.5403404,ChIJze1cNQVHXj4Rkp70tAIz8zg,Rimal Spa,ADJACENT,3.7207,5.0,Google Places API (New),2026-09-02T15:35:56+00:00
44,Mohammed Bin Zayed City,ChIJ1acVeH1HXj4RSli59C2hk2k,24.3667831,54.5403404,ChIJ06MWZEtHXj4RRsLl_M1Vr_U,Rimal Spa Relax,ADJACENT,3.7325,5.0,Google Places API (New),2026-09-02T15:35:56+00:00
44,Mohammed Bin Zayed City,ChIJ1acVeH1HXj4RSli59C2hk2k,24.3667831,54.5403404,ChIJgwQaObtoXj4RnWr9rQqAL9g,صالون تقاسيم للتجميل,DIRECT,3.7556,5.0,Google Places API (New),2026-09-02T15:35:56+00:00
44,Mohammed Bin Zayed City,ChIJ1acVeH1HXj4RSli59C2hk2k,24.3667831,54.5403404,ChIJGeXyd7g5Xj4RvsC4oti40rk,Tom massage 24 service,ADJACENT,3.8107,5.0,Google Places API (New),2026-09-02T15:35:56+00:00
44,Mohammed Bin Zayed City,ChIJ1acVeH1HXj4RSli59C2hk2k,24.3667831,54.5403404,ChIJ69xfDaRHXj4R9w_joO8apaw,Sign Ladies Salon - صالون ساين للسيدات,DIRECT,3.8206,5.0,Google Places API (New),2026-09-02T15:35:56+00:00
44,Mohammed Bin Zayed City,ChIJ1acVeH1HXj4RSli59C2hk2k,24.3667831,54.5403404,ChIJ370tt8s5Xj4RbzcVsDTjo3s,ankita ladies beauty salon,DIRECT,3.8243,5.0,Google Places API (New),2026-09-02T15:35:56+00:00
44,Mohammed Bin Zayed City,ChIJ1acVeH1HXj4RSli59C2hk2k,24.3667831,54.5403404,ChIJf1QdxW05Xj4RtIDF95fZkb0,NA Rama Salon,DIRECT,3.856,5.0,Google Places API (New),2026-09-02T15:35:56+00:00
44,Mohammed Bin Zayed City,ChIJ1acVeH1HXj4RSli59C2hk2k,24.3667831,54.5403404,ChIJ2dqWeZk5Xj4R99xZKd6YHlM,MASSAGE - CENTER - ME11,ADJACENT,3.9046,5.0,Google Places API (New),2026-09-02T15:35:56+00:00
44,Mohammed Bin Zayed City,ChIJ1acVeH1HXj4RSli59C2hk2k,24.3667831,54.5403404,ChIJdaV_HkQ5Xj4R7JYJGBtM9h8,Massage Center Musaffah 02,ADJACENT,3.9162,5.0,Google Places API (New),2026-09-02T15:35:56+00:00
44,Mohammed Bin Zayed City,ChIJ1acVeH1HXj4RSli59C2hk2k,24.3667831,54.5403404,ChIJuUeP8ao4Xj4RxMi6isbzXA4,nails the modern manicure studio - Dalma Mall branch,DIRECT,3.9169,5.0,Google Places API (New),2026-09-02T15:35:56+00:00
44,Mohammed Bin Zayed City,ChIJ1acVeH1HXj4RSli59C2hk2k,24.3667831,54.5403404,ChIJtbdvUqdBXj4RuEZ9nD3VrBA,Aurdi best massage spa,ADJACENT,3.9395,5.0,Google Places API (New),2026-09-02T15:35:56+00:00
44,Mohammed Bin Zayed City,ChIJ1acVeH1HXj4RSli59C2hk2k,24.3667831,54.5403404,ChIJX-1Us9hBXj4RHm6FG0TGfO4,Niyama Spa - Novotel Abu Dhabi Gate.,ADJACENT,3.9459,5.0,Google Places API (New),2026-09-02T15:35:56+00:00
44,Mohammed Bin Zayed City,ChIJ1acVeH1HXj4RSli59C2hk2k,24.3667831,54.5403404,ChIJ_-H4y5h2GoARDEjx3O4SE_8,Heaven Massage Home Private,ADJACENT,3.9459,5.0,Google Places API (New),2026-09-02T15:35:56+00:00
44,Mohammed Bin Zayed City,ChIJ1acVeH1HXj4RSli59C2hk2k,24.3667831,54.5403404,ChIJjw-oAIZBXj4RYs_ZF8S82Wc,HD Beauty Salon - Al Qana,DIRECT,3.9516,5.0,Google Places API (New),2026-09-02T15:35:56+00:00
44,Mohammed Bin Zayed City,ChIJ1acVeH1HXj4RSli59C2hk2k,24.3667831,54.5403404,ChIJC0BEUwBBXj4RgJ_SiucGyEw,Taiwan Massage VIP - Forest Rain,DIRECT,3.9526,5.0,Google Places API (New),2026-09-02T15:35:56+00:00
44,Mohammed Bin Zayed City,ChIJ1acVeH1HXj4RSli59C2hk2k,24.3667831,54.5403404,ChIJb8PERABHXj4RqBX8ETpIz00,The Massage Relax Winner,ADJACENT,3.9588,5.0,Google Places API (New),2026-09-02T15:35:56+00:00
44,Mohammed Bin Zayed City,ChIJ1acVeH1HXj4RSli59C2hk2k,24.3667831,54.5403404,ChIJsw6LWwA5Xj4RW_AF0uHPbZo,مصفح شعبيه 12,DIRECT,3.9863,5.0,Google Places API (New),2026-09-02T15:35:56+00:00
44,Mohammed Bin Zayed City,ChIJ1acVeH1HXj4RSli59C2hk2k,24.3667831,54.5403404,ChIJ0TQW78c5Xj4RDtORwC-ONKo,Nails Style Beauty Centre - Dalma Mall,DIRECT,3.9879,5.0,Google Places API (New),2026-09-02T15:35:56+00:00
44,Mohammed Bin Zayed City,ChIJ1acVeH1HXj4RSli59C2hk2k,24.3667831,54.5403404,ChIJod5jFpQ5Xj4RJV_dAv0-mg0,SMIDA-Dalma mall Branch,DIRECT,4.0541,5.0,Google Places API (New),2026-09-02T15:35:56+00:00
44,Mohammed Bin Zayed City,ChIJ1acVeH1HXj4RSli59C2hk2k,24.3667831,54.5403404,ChIJg26InplHXj4RXG9GjMhTi2M,Lashes Vibes,DIRECT,4.0804,5.0,Google Places API (New),2026-09-02T15:35:56+00:00
44,Mohammed Bin Zayed City,ChIJ1acVeH1HXj4RSli59C2hk2k,24.3667831,54.5403404,ChIJ8ex8GXI5Xj4Rc5m8NvenPh0,Zamalek star ladies salon,DIRECT,4.1156,5.0,Google Places API (New),2026-09-02T15:35:56+00:00
44,Mohammed Bin Zayed City,ChIJ1acVeH1HXj4RSli59C2hk2k,24.3667831,54.5403404,ChIJywlzodE5Xj4RF1q0f3U82vs,"My Look Ladies Beauty Lounge, Mussafah",DIRECT,4.161,5.0,Google Places API (New),2026-09-02T15:35:56+00:00
44,Mohammed Bin Zayed City,ChIJ1acVeH1HXj4RSli59C2hk2k,24.3667831,54.5403404,ChIJlVCCajQmE6QRPxItws2xgAc,Haven Salon & Spa for ladies - Abu Dhabi صالون هيفن للسيدات,DIRECT,4.1959,5.0,Google Places API (New),2026-09-02T15:35:56+00:00
44,Mohammed Bin Zayed City,ChIJ1acVeH1HXj4RSli59C2hk2k,24.3667831,54.5403404,ChIJOdy0rpM5Xj4RyYrr8KmUcQU,صالون المزيونه للحناء والتجميل,DIRECT,4.196,5.0,Google Places API (New),2026-09-02T15:35:56+00:00
44,Mohammed Bin Zayed City,ChIJ1acVeH1HXj4RSli59C2hk2k,24.3667831,54.5403404,ChIJUW15SdI5Xj4R-RuI0ZyXEeA,Thai Massage Center Shabiya & mussafah,ADJACENT,4.2325,5.0,Google Places API (New),2026-09-02T15:35:56+00:00
44,Mohammed Bin Zayed City,ChIJ1acVeH1HXj4RSli59C2hk2k,24.3667831,54.5403404,ChIJx7zVStA5Xj4RUjNVssIsebo,Massage Heaven VIP Shabiya,ADJACENT,4.233,5.0,Google Places API (New),2026-09-02T15:35:56+00:00
44,Mohammed Bin Zayed City,ChIJ1acVeH1HXj4RSli59C2hk2k,24.3667831,54.5403404,ChIJR3KW7rw5Xj4RS2sYOWLKb1M,Beezah women beauty center,DIRECT,4.2451,5.0,Google Places API (New),2026-09-02T15:35:56+00:00
44,Mohammed Bin Zayed City,ChIJ1acVeH1HXj4RSli59C2hk2k,24.3667831,54.5403404,ChIJq9HgFrc5Xj4R7MdW2IsUSyI,صالون تلال الشرق,DIRECT,4.269,5.0,Google Places API (New),2026-09-02T15:35:56+00:00
44,Mohammed Bin Zayed City,ChIJ1acVeH1HXj4RSli59C2hk2k,24.3667831,54.5403404,ChIJG4PiHHpHXj4Rgotz8EAEtKw,Physiomins Beauty,DIRECT,4.3054,5.0,Google Places API (New),2026-09-02T15:35:56+00:00
44,Mohammed Bin Zayed City,ChIJ1acVeH1HXj4RSli59C2hk2k,24.3667831,54.5403404,ChIJ_79t_bI5Xj4Rx1miBv8qfWk,No massage center,ADJACENT,4.3067,5.0,Google Places API (New),2026-09-02T15:35:56+00:00
44,Mohammed Bin Zayed City,ChIJ1acVeH1HXj4RSli59C2hk2k,24.3667831,54.5403404,ChIJBeek2ukFXz4RycPQXJkO3Mw,Happy Valley Khalifa City,ADJACENT,4.383,5.0,Google Places API (New),2026-09-02T15:35:56+00:00
44,Mohammed Bin Zayed City,ChIJ1acVeH1HXj4RSli59C2hk2k,24.3667831,54.5403404,ChIJ6_WfJ3dmXj4RZQmzEt54c2U,Rival beauty lounge,DIRECT,4.4161,5.0,Google Places API (New),2026-09-02T15:35:56+00:00
44,Mohammed Bin Zayed City,ChIJ1acVeH1HXj4RSli59C2hk2k,24.3667831,54.5403404,ChIJz-MhUKJHXj4Rh6q7eTa2Zis,Definition The Hair Expert - Al Forsan Branch,DIRECT,4.4227,5.0,Google Places API (New),2026-09-02T15:35:56+00:00
44,Mohammed Bin Zayed City,ChIJ1acVeH1HXj4RSli59C2hk2k,24.3667831,54.5403404,ChIJDTZ_6QRBXj4RofJUIxh5qKc,Massage Russia Relax Spa VIP,ADJACENT,4.4502,5.0,Google Places API (New),2026-09-02T15:35:56+00:00
44,Mohammed Bin Zayed City,ChIJ1acVeH1HXj4RSli59C2hk2k,24.3667831,54.5403404,ChIJLTLtxbo4Xj4RYgA2rBQKaYw,مركز الأنامل الذهبية للعناية بالأظافر Alanamel Golden Nails Care Center,DIRECT,4.4663,5.0,Google Places API (New),2026-09-02T15:35:56+00:00
44,Mohammed Bin Zayed City,ChIJ1acVeH1HXj4RSli59C2hk2k,24.3667831,54.5403404,ChIJl7oJBYNFXj4Rpt8ufPOV9ik,صالون بيتس بونز للحيوانات الأليفة Petsponz Mobile Pet Grooming,DIRECT,4.4849,5.0,Google Places API (New),2026-09-02T15:35:56+00:00
44,Mohammed Bin Zayed City,ChIJ1acVeH1HXj4RSli59C2hk2k,24.3667831,54.5403404,ChIJA3hjb-NHXj4ROuB2SgejwCc,Luxury Harrods Beauty and Spa,DIRECT,4.4931,5.0,Google Places API (New),2026-09-02T15:35:56+00:00
44,Mohammed Bin Zayed City,ChIJ1acVeH1HXj4RSli59C2hk2k,24.3667831,54.5403404,ChIJhdQYIydBXj4RqWi2HUxr2Ok,Get fresh saloon,DIRECT,4.5271,5.0,Google Places API (New),2026-09-02T15:35:56+00:00
44,Mohammed Bin Zayed City,ChIJ1acVeH1HXj4RSli59C2hk2k,24.3667831,54.5403404,ChIJTSS60x05Xj4RwqbETuIf1qU,Bloom and Blossom Ladies Beauty Saloon Mussafah,DIRECT,4.5281,5.0,Google Places API (New),2026-09-02T15:35:56+00:00
44,Mohammed Bin Zayed City,ChIJ1acVeH1HXj4RSli59C2hk2k,24.3667831,54.5403404,ChIJz2DereQ5Xj4RWzFjbdzHz5U,Ctrl A Women Personal Care and Beauty | مركز كنترول ايه لتجميل السيدات,DIRECT,4.544,5.0,Google Places API (New),2026-09-02T15:35:56+00:00
44,Mohammed Bin Zayed City,ChIJ1acVeH1HXj4RSli59C2hk2k,24.3667831,54.5403404,ChIJQdoZCUM5Xj4RQfxpzKbPKiY,"Red Chilly Wellness Spa & health care Center LLC , Shabiya 11",ADJACENT,4.5735,5.0,Google Places API (New),2026-09-02T15:35:56+00:00
44,Mohammed Bin Zayed City,ChIJ1acVeH1HXj4RSli59C2hk2k,24.3667831,54.5403404,ChIJ80qR6S1HXj4Rnorlpsjhb-8,Doral Spa - Luxurious Massage Center in Al Forsan,ADJACENT,4.5785,5.0,Google Places API (New),2026-09-02T15:35:56+00:00
44,Mohammed Bin Zayed City,ChIJ1acVeH1HXj4RSli59C2hk2k,24.3667831,54.5403404,ChIJQ9K7uAM5Xj4RL8Xhlf04CL4,Massage & spa vip musaffah,ADJACENT,4.6092,5.0,Google Places API (New),2026-09-02T15:35:56+00:00
44,Mohammed Bin Zayed City,ChIJ1acVeH1HXj4RSli59C2hk2k,24.3667831,54.5403404,ChIJ5dmFEQA5Xj4RUUhWfRGaTWA,Ms,DIRECT,4.6152,5.0,Google Places API (New),2026-09-02T15:35:56+00:00
44,Mohammed Bin Zayed City,ChIJ1acVeH1HXj4RSli59C2hk2k,24.3667831,54.5403404,ChIJIfX8sJNGXj4ROCxQnh8M2-E,Point Zero Floatation Center,ADJACENT,4.6468,5.0,Google Places API (New),2026-09-02T15:35:56+00:00
44,Mohammed Bin Zayed City,ChIJ1acVeH1HXj4RSli59C2hk2k,24.3667831,54.5403404,ChIJq_2Ft5NGXj4RBu1gRSV_VPU,Plush Beauty Spa,DIRECT,4.738,5.0,Google Places API (New),2026-09-02T15:35:56+00:00
44,Mohammed Bin Zayed City,ChIJ1acVeH1HXj4RSli59C2hk2k,24.3667831,54.5403404,ChIJJT5ZErJGXj4R7VeU-kgIwzI,Gossip Day Spa,DIRECT,4.7401,5.0,Google Places API (New),2026-09-02T15:35:56+00:00
44,Mohammed Bin Zayed City,ChIJ1acVeH1HXj4RSli59C2hk2k,24.3667831,54.5403404,ChIJh_uD3m85Xj4RBJOJd5VJwQ8,Marvish shine beauty home services,DIRECT,4.8392,5.0,Google Places API (New),2026-09-02T15:35:56+00:00
44,Mohammed Bin Zayed City,ChIJ1acVeH1HXj4RSli59C2hk2k,24.3667831,54.5403404,ChIJ22Wcv7M5Xj4RHiLNi34QnEI,MU LaCoiffeur Lounge woman,DIRECT,4.8796,5.0,Google Places API (New),2026-09-02T15:35:56+00:00
44,Mohammed Bin Zayed City,ChIJ1acVeH1HXj4RSli59C2hk2k,24.3667831,54.5403404,ChIJOXLHumpBXj4RqIcIGA0g6nI,Massage Relax Home Abudhabi Well,ADJACENT,4.9416,5.0,Google Places API (New),2026-09-02T15:35:56+00:00
44,Mohammed Bin Zayed City,ChIJ1acVeH1HXj4RSli59C2hk2k,24.3667831,54.5403404,ChIJTez5vSV_Sy8R0QLz_EVPU-Q,Aurora Massage - Home Massage FunBody Service,ADJACENT,4.9889,5.0,Google Places API (New),2026-09-02T15:35:56+00:00
44,Mohammed Bin Zayed City,ChIJ1acVeH1HXj4RSli59C2hk2k,24.3667831,54.5403404,ChIJF4nttypHXj4ReoHb9BO-Ifg,Crown Spa,ADJACENT,4.994,5.0,Google Places API (New),2026-09-02T15:35:56+00:00
44,Mohammed Bin Zayed City,ChIJ1acVeH1HXj4RSli59C2hk2k,24.3667831,54.5403404,ChIJifIQ9Lk4Xj4RvyIgEGAO9Mo,Indian Star Ladies Beauty Salon,DIRECT,4.994,5.0,Google Places API (New),2026-09-02T15:35:56+00:00
31,Nad Al Sheba,ChIJR6DuRulnXz4RsewBFpNYmzQ,25.1595625,55.3696875,ChIJ22tpJuhnXz4RpijOmmdUyq0,Hairworks Nad Al Sheba Mall,DIRECT,0.0,5.0,Google Places API (New),2026-09-02T15:35:56+00:00
31,Nad Al Sheba,ChIJR6DuRulnXz4RsewBFpNYmzQ,25.1595625,55.3696875,ChIJByQWay9nXz4RdepbnyXyo_Q,LULU GLAM Beauty Salon,DIRECT,1.3981,5.0,Google Places API (New),2026-09-02T15:35:56+00:00
31,Nad Al Sheba,ChIJR6DuRulnXz4RsewBFpNYmzQ,25.1595625,55.3696875,ChIJXTH26w5nXz4Rl4CiRKs9tt4,Pochinki - Dubai,DIRECT,1.516,5.0,Google Places API (New),2026-09-02T15:35:56+00:00
31,Nad Al Sheba,ChIJR6DuRulnXz4RsewBFpNYmzQ,25.1595625,55.3696875,ChIJxSCQ0ltmXz4RBDXnZ2z93kY,Nad Alsheba Salon,DIRECT,1.7678,5.0,Google Places API (New),2026-09-02T15:35:56+00:00
31,Nad Al Sheba,ChIJR6DuRulnXz4RsewBFpNYmzQ,25.1595625,55.3696875,ChIJ75l2foNdXz4RfrjuMNCJ3SU,Rich Mount Contracting & Interiors LLC,ADJACENT,1.9623,5.0,Google Places API (New),2026-09-02T15:35:56+00:00
31,Nad Al Sheba,ChIJR6DuRulnXz4RsewBFpNYmzQ,25.1595625,55.3696875,ChIJe2frSOFmXz4R2LUGYRiGYRs,Blush Beauty Salon,DIRECT,2.122,5.0,Google Places API (New),2026-09-02T15:35:56+00:00
31,Nad Al Sheba,ChIJR6DuRulnXz4RsewBFpNYmzQ,25.1595625,55.3696875,ChIJ3_pLRNBhXz4RLjGal-_1UyE,Charisma Beauty Ladies Salon,DIRECT,2.2586,5.0,Google Places API (New),2026-09-02T15:35:56+00:00
31,Nad Al Sheba,ChIJR6DuRulnXz4RsewBFpNYmzQ,25.1595625,55.3696875,ChIJgY2AawBnXz4RvrQgAzAaYGc,Nadalsheiba4,DIRECT,2.2625,5.0,Google Places API (New),2026-09-02T15:35:56+00:00
31,Nad Al Sheba,ChIJR6DuRulnXz4RsewBFpNYmzQ,25.1595625,55.3696875,ChIJx--xod1nXz4R9pUr1Qw22GU,Ameera Beauty Salon,DIRECT,2.3124,5.0,Google Places API (New),2026-09-02T15:35:56+00:00
31,Nad Al Sheba,ChIJR6DuRulnXz4RsewBFpNYmzQ,25.1595625,55.3696875,ChIJjaALIf1nXz4RPVzhCstZuHU,Aurahues Beauty Lounge - Ladies Salon Ras Al Khor - Dubai,DIRECT,2.4737,5.0,Google Places API (New),2026-09-02T15:35:56+00:00
31,Nad Al Sheba,ChIJR6DuRulnXz4RsewBFpNYmzQ,25.1595625,55.3696875,ChIJV8xH9xZnXz4Rzp-5IMdmyCY,Beauty Room Salon & Spa,DIRECT,2.6449,5.0,Google Places API (New),2026-09-02T15:35:56+00:00
31,Nad Al Sheba,ChIJR6DuRulnXz4RsewBFpNYmzQ,25.1595625,55.3696875,ChIJZ_wIswtnXz4RdMnU_26j8yk,Manisha and Sunita Beauty Salon,DIRECT,2.6581,5.0,Google Places API (New),2026-09-02T15:35:56+00:00
31,Nad Al Sheba,ChIJR6DuRulnXz4RsewBFpNYmzQ,25.1595625,55.3696875,ChIJnYuSyJFlXz4R-I7SrCZP2xM,阿波罗号,DIRECT,2.6638,5.0,Google Places API (New),2026-09-02T15:35:56+00:00
31,Nad Al Sheba,ChIJR6DuRulnXz4RsewBFpNYmzQ,25.1595625,55.3696875,ChIJj8F2ecRnXz4RwM7JfxJy_rY,Gloss and Glam Beauty Lounge - Ladies Salon Ras Al Khor - Dubai,DIRECT,2.6841,5.0,Google Places API (New),2026-09-02T15:35:56+00:00
31,Nad Al Sheba,ChIJR6DuRulnXz4RsewBFpNYmzQ,25.1595625,55.3696875,ChIJX8a2nkdnXz4RgUqlHtd9Ef8,Hi,ADJACENT,2.7103,5.0,Google Places API (New),2026-09-02T15:35:56+00:00
31,Nad Al Sheba,ChIJR6DuRulnXz4RsewBFpNYmzQ,25.1595625,55.3696875,ChIJ4wDUsJ1nXz4RQeSuACtOaSE,aweer massage center,ADJACENT,2.7186,5.0,Google Places API (New),2026-09-02T15:35:56+00:00
31,Nad Al Sheba,ChIJR6DuRulnXz4RsewBFpNYmzQ,25.1595625,55.3696875,ChIJeYynDbFnXz4RgNMo99XCM2k,神韵足道SPA洗浴桑拿中心,ADJACENT,2.746,5.0,Google Places API (New),2026-09-02T15:35:56+00:00
31,Nad Al Sheba,ChIJR6DuRulnXz4RsewBFpNYmzQ,25.1595625,55.3696875,ChIJffGMsUFnXz4RIx4O02dFhGI,spa,ADJACENT,2.7928,5.0,Google Places API (New),2026-09-02T15:35:56+00:00
31,Nad Al Sheba,ChIJR6DuRulnXz4RsewBFpNYmzQ,25.1595625,55.3696875,ChIJQ0rUvPZnXz4RKQZx1N6r8ro,MIA BELLA BEAUTY LOUNGE,DIRECT,2.7972,5.0,Google Places API (New),2026-09-02T15:35:56+00:00
31,Nad Al Sheba,ChIJR6DuRulnXz4RsewBFpNYmzQ,25.1595625,55.3696875,ChIJrwz-6ktnXz4RThRfJCdAdsM,The Beauty Society,DIRECT,2.8314,5.0,Google Places API (New),2026-09-02T15:35:56+00:00
31,Nad Al Sheba,ChIJR6DuRulnXz4RsewBFpNYmzQ,25.1595625,55.3696875,ChIJ-cOVENZhXz4RHu_PvQSKXgc,Rosalina Beauty Saloon. LLC,DIRECT,2.8322,5.0,Google Places API (New),2026-09-02T15:35:56+00:00
31,Nad Al Sheba,ChIJR6DuRulnXz4RsewBFpNYmzQ,25.1595625,55.3696875,ChIJuWItKrRmXz4Rv5r4d0Bt0l0,Ranis Beauty Saloon,DIRECT,2.8368,5.0,Google Places API (New),2026-09-02T15:35:56+00:00
31,Nad Al Sheba,ChIJR6DuRulnXz4RsewBFpNYmzQ,25.1595625,55.3696875,ChIJn4OqQcNnXz4RTu4vWlp-UNw,Saloon Bab nad Alhamaer صالون باب ندالحمر,DIRECT,2.8836,5.0,Google Places API (New),2026-09-02T15:35:56+00:00
31,Nad Al Sheba,ChIJR6DuRulnXz4RsewBFpNYmzQ,25.1595625,55.3696875,ChIJxTKT9PZnXz4RTeQKr9lpxH8,Beloved Beauty Salon - Best Ladies Beauty and hair Salon in Dubai,DIRECT,2.8942,5.0,Google Places API (New),2026-09-02T15:35:56+00:00
31,Nad Al Sheba,ChIJR6DuRulnXz4RsewBFpNYmzQ,25.1595625,55.3696875,ChIJV_9x3hVnXz4RmggBaLjn128,V9 Thai Wellness & Spa,ADJACENT,2.9279,5.0,Google Places API (New),2026-09-02T15:35:56+00:00
31,Nad Al Sheba,ChIJR6DuRulnXz4RsewBFpNYmzQ,25.1595625,55.3696875,ChIJ39L9PCBnXz4Ruj0HEMZVO9Y,致美 Forever Shine Ladies Beauty Salon,DIRECT,2.9354,5.0,Google Places API (New),2026-09-02T15:35:56+00:00
31,Nad Al Sheba,ChIJR6DuRulnXz4RsewBFpNYmzQ,25.1595625,55.3696875,ChIJ0RNuIABnXz4RMeaEfQdwwDw,Al Taif Star Hair Dressing Saloon,DIRECT,3.032,5.0,Google Places API (New),2026-09-02T15:35:56+00:00
31,Nad Al Sheba,ChIJR6DuRulnXz4RsewBFpNYmzQ,25.1595625,55.3696875,ChIJ7ZL6WrRmXz4RWJI163Dc7UQ,Feya Beauty Salon,DIRECT,3.0428,5.0,Google Places API (New),2026-09-02T15:35:56+00:00
31,Nad Al Sheba,ChIJR6DuRulnXz4RsewBFpNYmzQ,25.1595625,55.3696875,ChIJs4jpcKxnXz4R-oJyGOwSU-c,Cades Beauty Salon,DIRECT,3.1039,5.0,Google Places API (New),2026-09-02T15:35:56+00:00
31,Nad Al Sheba,ChIJR6DuRulnXz4RsewBFpNYmzQ,25.1595625,55.3696875,ChIJaXEeflFnXz4RbJoCv_DiSAw,Best Steam Sauna Room Installer,ADJACENT,3.1114,5.0,Google Places API (New),2026-09-02T15:35:56+00:00
31,Nad Al Sheba,ChIJR6DuRulnXz4RsewBFpNYmzQ,25.1595625,55.3696875,ChIJaaiQQZNnXz4RV1G1xNMMGiQ,泰享来(泰式古法按摩•影院足道•洗浴搓澡)thai space massage - 迪拜酋长国,ADJACENT,3.154,5.0,Google Places API (New),2026-09-02T15:35:56+00:00
31,Nad Al Sheba,ChIJR6DuRulnXz4RsewBFpNYmzQ,25.1595625,55.3696875,ChIJB9DMvXVhXz4RkKdiEEL1Hkk,东方神韵SPA会所,ADJACENT,3.2039,5.0,Google Places API (New),2026-09-02T15:35:56+00:00
31,Nad Al Sheba,ChIJR6DuRulnXz4RsewBFpNYmzQ,25.1595625,55.3696875,ChIJNw6Op_1lXz4RiraAUs5U76E,Hair Repair Salon - Nad Al Sheba,DIRECT,3.4032,5.0,Google Places API (New),2026-09-02T15:35:56+00:00
31,Nad Al Sheba,ChIJR6DuRulnXz4RsewBFpNYmzQ,25.1595625,55.3696875,ChIJT0MB79BlXz4R3Ue-of9OgY8,My Style by Jumana - Nad Al Sheba,DIRECT,3.4154,5.0,Google Places API (New),2026-09-02T15:35:56+00:00
31,Nad Al Sheba,ChIJR6DuRulnXz4RsewBFpNYmzQ,25.1595625,55.3696875,ChIJk27KicFhXz4RQpyMtihuVLo,Nihals Hair and Beauty Salon in International City Dubai,DIRECT,3.4398,5.0,Google Places API (New),2026-09-02T15:35:56+00:00
31,Nad Al Sheba,ChIJR6DuRulnXz4RsewBFpNYmzQ,25.1595625,55.3696875,ChIJ-bwr_cBhXz4R_A7f-_yL6CE,Top Notch Ladies Salon,DIRECT,3.5157,5.0,Google Places API (New),2026-09-02T15:35:56+00:00
31,Nad Al Sheba,ChIJR6DuRulnXz4RsewBFpNYmzQ,25.1595625,55.3696875,ChIJ96MBJCJnXz4R3fmAVRU8dkc,Beautify Me Ladies Salon & Spa,DIRECT,3.523,5.0,Google Places API (New),2026-09-02T15:35:56+00:00
31,Nad Al Sheba,ChIJR6DuRulnXz4RsewBFpNYmzQ,25.1595625,55.3696875,ChIJ8Uc3ZS5hXz4RVamF1VJU_yA,Namys Beauty Lounge Dubai Best Salon for Ladies,DIRECT,3.5424,5.0,Google Places API (New),2026-09-02T15:35:56+00:00
31,Nad Al Sheba,ChIJR6DuRulnXz4RsewBFpNYmzQ,25.1595625,55.3696875,ChIJhw_xEt0qL4gR6Bishu08MI8,Namys Beauty Lounge Dubai Best Salon For Ladies,DIRECT,3.5456,5.0,Google Places API (New),2026-09-02T15:35:56+00:00
31,Nad Al Sheba,ChIJR6DuRulnXz4RsewBFpNYmzQ,25.1595625,55.3696875,ChIJsdjx0dpnXz4RJoEdDkDYZwI,Mary Foot Spa Nad Al Hamar Avenues,ADJACENT,3.5786,5.0,Google Places API (New),2026-09-02T15:35:56+00:00
31,Nad Al Sheba,ChIJR6DuRulnXz4RsewBFpNYmzQ,25.1595625,55.3696875,ChIJh5GWp2phXz4RYMsbeBFFZxk,Pinky Pink Beauty Salon,DIRECT,3.5801,5.0,Google Places API (New),2026-09-02T15:35:56+00:00
31,Nad Al Sheba,ChIJR6DuRulnXz4RsewBFpNYmzQ,25.1595625,55.3696875,ChIJt0PRI9VnXz4R6cLfcZ2CQqA,مركز حلا الشام للتجميل - ند الحمر - Hala Al Sham Beauty Center - Nad Al Hamar branch,DIRECT,3.5831,5.0,Google Places API (New),2026-09-02T15:35:56+00:00
31,Nad Al Sheba,ChIJR6DuRulnXz4RsewBFpNYmzQ,25.1595625,55.3696875,ChIJkXbDAU1hXz4RRjwvL3_DIrU,Naya Haus Beauty Salon – Best Ladies Salon in Dubai,DIRECT,3.5947,5.0,Google Places API (New),2026-09-02T15:35:56+00:00
31,Nad Al Sheba,ChIJR6DuRulnXz4RsewBFpNYmzQ,25.1595625,55.3696875,ChIJLbYRUTVhXz4RNhPFDAH3VdQ,She's Ladies Beauty Salon,DIRECT,3.5955,5.0,Google Places API (New),2026-09-02T15:35:56+00:00
31,Nad Al Sheba,ChIJR6DuRulnXz4RsewBFpNYmzQ,25.1595625,55.3696875,ChIJRYH6dSF0fgMRcbh0aeTEeS0,Temple Home Massage and Spa,ADJACENT,3.7084,5.0,Google Places API (New),2026-09-02T15:35:56+00:00
31,Nad Al Sheba,ChIJR6DuRulnXz4RsewBFpNYmzQ,25.1595625,55.3696875,ChIJH1Po2mRhXz4Rrn6wwj3XfRM,Massage Service,ADJACENT,3.7803,5.0,Google Places API (New),2026-09-02T15:35:56+00:00
31,Nad Al Sheba,ChIJR6DuRulnXz4RsewBFpNYmzQ,25.1595625,55.3696875,ChIJDWX7p9dhXz4RWbLhrc_bOKQ,Spring Healings Therapeutic Massage Center,ADJACENT,3.8299,5.0,Google Places API (New),2026-09-02T15:35:56+00:00
31,Nad Al Sheba,ChIJR6DuRulnXz4RsewBFpNYmzQ,25.1595625,55.3696875,ChIJ7TklaHNlXz4RY-_Sf7ZZb34,Tamam Home Spa & Massage Co.,ADJACENT,3.8309,5.0,Google Places API (New),2026-09-02T15:35:56+00:00
31,Nad Al Sheba,ChIJR6DuRulnXz4RsewBFpNYmzQ,25.1595625,55.3696875,ChIJpcEpTollXz4RYWx3J_3jiFI,Beauty Bay Salon & Spa,DIRECT,3.853,5.0,Google Places API (New),2026-09-02T15:35:56+00:00
31,Nad Al Sheba,ChIJR6DuRulnXz4RsewBFpNYmzQ,25.1595625,55.3696875,ChIJy-kR3FRhXz4Rctm5pR8Ys-Q,Al Bahar SPA and Massage Center,ADJACENT,3.8791,5.0,Google Places API (New),2026-09-02T15:35:56+00:00
31,Nad Al Sheba,ChIJR6DuRulnXz4RsewBFpNYmzQ,25.1595625,55.3696875,ChIJlzuPZgBnXz4RPn5Nw51r-j8,creek harbor,DIRECT,3.9299,5.0,Google Places API (New),2026-09-02T15:35:56+00:00
31,Nad Al Sheba,ChIJR6DuRulnXz4RsewBFpNYmzQ,25.1595625,55.3696875,ChIJk0wZeQ5nXz4RTguFNFtl8yo,AG Bloom Hair and Beauty,DIRECT,3.9299,5.0,Google Places API (New),2026-09-02T15:35:56+00:00
31,Nad Al Sheba,ChIJR6DuRulnXz4RsewBFpNYmzQ,25.1595625,55.3696875,ChIJBcOovzplXz4RPNnZQuYhHFs,Brows by DRT,DIRECT,3.978,5.0,Google Places API (New),2026-09-02T15:35:56+00:00
31,Nad Al Sheba,ChIJR6DuRulnXz4RsewBFpNYmzQ,25.1595625,55.3696875,ChIJAemqn4tlXz4RluxuNtm2n_0,Eyelash Secret Ladies Salon - Silicon Oasis,DIRECT,3.9944,5.0,Google Places API (New),2026-09-02T15:35:56+00:00
31,Nad Al Sheba,ChIJR6DuRulnXz4RsewBFpNYmzQ,25.1595625,55.3696875,ChIJ4yLyvpJlXz4R9mnI2Y4Podc,She style ladies salon,DIRECT,3.9965,5.0,Google Places API (New),2026-09-02T15:35:56+00:00
31,Nad Al Sheba,ChIJR6DuRulnXz4RsewBFpNYmzQ,25.1595625,55.3696875,ChIJQyxNZ99dXz4RACcmo7HgNyk,Royal Spa - مساج عربي,ADJACENT,4.0061,5.0,Google Places API (New),2026-09-02T15:35:56+00:00
31,Nad Al Sheba,ChIJR6DuRulnXz4RsewBFpNYmzQ,25.1595625,55.3696875,ChIJg2qsgy5lXz4RjFk-ES29Ojw,BLOOMS MINI MART & CAFETERIA,DIRECT,4.0357,5.0,Google Places API (New),2026-09-02T15:35:56+00:00
31,Nad Al Sheba,ChIJR6DuRulnXz4RsewBFpNYmzQ,25.1595625,55.3696875,ChIJJ5b97wBlXz4RWg9WIhQtxMs,Hawaiian Hush Home Spa,DIRECT,4.0739,5.0,Google Places API (New),2026-09-02T15:35:56+00:00
31,Nad Al Sheba,ChIJR6DuRulnXz4RsewBFpNYmzQ,25.1595625,55.3696875,ChIJt0-prtVlXz4RMU4J7-inhRM,Camila Massage Center,ADJACENT,4.1049,5.0,Google Places API (New),2026-09-02T15:35:56+00:00
31,Nad Al Sheba,ChIJR6DuRulnXz4RsewBFpNYmzQ,25.1595625,55.3696875,ChIJ6UD5pURlXz4R_ibXRGXD9i8,Loraqueen Massage Center,ADJACENT,4.1161,5.0,Google Places API (New),2026-09-02T15:35:56+00:00
31,Nad Al Sheba,ChIJR6DuRulnXz4RsewBFpNYmzQ,25.1595625,55.3696875,ChIJzyOoiNVnXz4R3-OlizbH3yE,Ray Avenue Ladies Salon,DIRECT,4.1357,5.0,Google Places API (New),2026-09-02T15:35:56+00:00
31,Nad Al Sheba,ChIJR6DuRulnXz4RsewBFpNYmzQ,25.1595625,55.3696875,ChIJIWnOw6xnXz4RUEkZG9Bb87M,Beauty Room Salon & Spa,DIRECT,4.1865,5.0,Google Places API (New),2026-09-02T15:35:56+00:00
31,Nad Al Sheba,ChIJR6DuRulnXz4RsewBFpNYmzQ,25.1595625,55.3696875,ChIJ82nBnRhhXz4Rv1KPOxbejJk,กระหรี่ล่าสุด,DIRECT,4.1902,5.0,Google Places API (New),2026-09-02T15:35:56+00:00
31,Nad Al Sheba,ChIJR6DuRulnXz4RsewBFpNYmzQ,25.1595625,55.3696875,ChIJNVRR1jxnXz4RgUheGZafAng,Beauty Room Salon & Spa,DIRECT,4.2007,5.0,Google Places API (New),2026-09-02T15:35:56+00:00
31,Nad Al Sheba,ChIJR6DuRulnXz4RsewBFpNYmzQ,25.1595625,55.3696875,ChIJ6emEzb9lXz4R8MSbyIp9ljc,Amira massage spa,ADJACENT,4.2411,5.0,Google Places API (New),2026-09-02T15:35:56+00:00
31,Nad Al Sheba,ChIJR6DuRulnXz4RsewBFpNYmzQ,25.1595625,55.3696875,ChIJneF8NgBlXz4RvPJib9rWWyU,برج العنتيل الاسكندراني,ADJACENT,4.3352,5.0,Google Places API (New),2026-09-02T15:35:56+00:00
31,Nad Al Sheba,ChIJR6DuRulnXz4RsewBFpNYmzQ,25.1595625,55.3696875,ChIJzfJSb9JhXz4RRtPl-KkMHMA,Mamounia Palace Spa,ADJACENT,4.3466,5.0,Google Places API (New),2026-09-02T15:35:56+00:00
31,Nad Al Sheba,ChIJR6DuRulnXz4RsewBFpNYmzQ,25.1595625,55.3696875,ChIJm75PZR4DsCQRPmcPWjYCNlI,Dubai freelance makeup artist-PINK Makeover Studio & Academy,DIRECT,4.3622,5.0,Google Places API (New),2026-09-02T15:35:56+00:00
31,Nad Al Sheba,ChIJR6DuRulnXz4RsewBFpNYmzQ,25.1595625,55.3696875,ChIJm-Jn27FhXz4RDZU48OeRZ60,漫山也美学馆Manshanye,DIRECT,4.3869,5.0,Google Places API (New),2026-09-02T15:35:56+00:00
31,Nad Al Sheba,ChIJR6DuRulnXz4RsewBFpNYmzQ,25.1595625,55.3696875,ChIJmbrs0SNhXz4RjWt44UckSIw,发舞台美发店,DIRECT,4.3945,5.0,Google Places API (New),2026-09-02T15:35:56+00:00
31,Nad Al Sheba,ChIJR6DuRulnXz4RsewBFpNYmzQ,25.1595625,55.3696875,ChIJNSqTl7BdXz4Rg6R1y6XGvkc,Sehr Al Jamal Vip Spa Massage,ADJACENT,4.4071,5.0,Google Places API (New),2026-09-02T15:35:56+00:00
31,Nad Al Sheba,ChIJR6DuRulnXz4RsewBFpNYmzQ,25.1595625,55.3696875,ChIJtxVDw8RhXz4R0Q3b5mjr7d4,Nadda beauty十月美甲,DIRECT,4.4095,5.0,Google Places API (New),2026-09-02T15:35:56+00:00
31,Nad Al Sheba,ChIJR6DuRulnXz4RsewBFpNYmzQ,25.1595625,55.3696875,ChIJjSHYKmdlXz4R7199l-Nl7Pw,Miss Dolly’s Salon,DIRECT,4.443,5.0,Google Places API (New),2026-09-02T15:35:56+00:00
31,Nad Al Sheba,ChIJR6DuRulnXz4RsewBFpNYmzQ,25.1595625,55.3696875,ChIJAch-r0hhXz4RqhO-RtZjmJU,首艺美发,DIRECT,4.4771,5.0,Google Places API (New),2026-09-02T15:35:56+00:00
31,Nad Al Sheba,ChIJR6DuRulnXz4RsewBFpNYmzQ,25.1595625,55.3696875,ChIJ38JVwPRlXz4RMA0uZNO0buk,Bianco Spa (DSO),DIRECT,4.504,5.0,Google Places API (New),2026-09-02T15:35:56+00:00
31,Nad Al Sheba,ChIJR6DuRulnXz4RsewBFpNYmzQ,25.1595625,55.3696875,ChIJxYEVxhZhXz4RiyCA3bE9lMY,Danya ladies saloon,DIRECT,4.5165,5.0,Google Places API (New),2026-09-02T15:35:56+00:00
31,Nad Al Sheba,ChIJR6DuRulnXz4RsewBFpNYmzQ,25.1595625,55.3696875,ChIJPw22BMZnXz4R9f0kWfaMBcg,Omar Al Marzouqi Haircutting Saloon,DIRECT,4.5239,5.0,Google Places API (New),2026-09-02T15:35:56+00:00
31,Nad Al Sheba,ChIJR6DuRulnXz4RsewBFpNYmzQ,25.1595625,55.3696875,ChIJjxf3_pBlXz4RyQcPcfrlX_A,Dreamworks Spa | Radisson RED Hotel,DIRECT,4.6246,5.0,Google Places API (New),2026-09-02T15:35:56+00:00
31,Nad Al Sheba,ChIJR6DuRulnXz4RsewBFpNYmzQ,25.1595625,55.3696875,ChIJ8a0pd-BnXz4RMV_y_aRIu5E,NEW THAI PHYSIOTHERAPY CENTER EST. (FOOT SPA),ADJACENT,4.7983,5.0,Google Places API (New),2026-09-02T15:35:56+00:00
31,Nad Al Sheba,ChIJR6DuRulnXz4RsewBFpNYmzQ,25.1595625,55.3696875,ChIJo5_Sy5VlXz4R3dERIYwva4s,Spectrum Beauty salon,DIRECT,4.8104,5.0,Google Places API (New),2026-09-02T15:35:56+00:00
31,Nad Al Sheba,ChIJR6DuRulnXz4RsewBFpNYmzQ,25.1595625,55.3696875,ChIJ--suGWRlXz4RxJXiRY8kj0s,Ombre Salon DSO,DIRECT,4.8109,5.0,Google Places API (New),2026-09-02T15:35:56+00:00
31,Nad Al Sheba,ChIJR6DuRulnXz4RsewBFpNYmzQ,25.1595625,55.3696875,ChIJ3RuWcyxnXz4RCLO-jnWZGz0,Yasmine Beauty Salon صالون ياسمين,DIRECT,4.8179,5.0,Google Places API (New),2026-09-02T15:35:56+00:00
31,Nad Al Sheba,ChIJR6DuRulnXz4RsewBFpNYmzQ,25.1595625,55.3696875,ChIJWeMuTpJcXz4Rp0jl14Nu0n0,Rihana Ethiopian Hair Salon,DIRECT,4.8235,5.0,Google Places API (New),2026-09-02T15:35:56+00:00
31,Nad Al Sheba,ChIJR6DuRulnXz4RsewBFpNYmzQ,25.1595625,55.3696875,ChIJN0SHAoVnXz4Rqa_DRluouT4,Alanaqa Althahabia ladies Salon,DIRECT,4.8389,5.0,Google Places API (New),2026-09-02T15:35:56+00:00
31,Nad Al Sheba,ChIJR6DuRulnXz4RsewBFpNYmzQ,25.1595625,55.3696875,ChIJS7h9niphXz4Rj-MRTZZ5FhM,Beauty Room Salon & Spa,DIRECT,4.8414,5.0,Google Places API (New),2026-09-02T15:35:56+00:00
31,Nad Al Sheba,ChIJR6DuRulnXz4RsewBFpNYmzQ,25.1595625,55.3696875,ChIJPbDoe05hXz4RP77AYns8EZM,Miss caramel beauty Center & Spa Alwarqa 1,DIRECT,4.8984,5.0,Google Places API (New),2026-09-02T15:35:56+00:00
52,Noya Plaza,ChIJ8ZtA3AhPXj4R9bv4hORDLjI,24.4995625,54.6254375,ChIJezaQQwBBXj4R8W4UeHe3dXo,Massage Relax Elite Beauty,ADJACENT,0.263,5.0,Google Places API (New),2026-09-02T15:35:56+00:00
52,Noya Plaza,ChIJ8ZtA3AhPXj4R9bv4hORDLjI,24.4995625,54.6254375,ChIJ5y4OGQBPXj4RaKJl5Cl6V6M,Taiwan Massage VIP - Moonlight Retreat,DIRECT,0.285,5.0,Google Places API (New),2026-09-02T15:35:56+00:00
52,Noya Plaza,ChIJ8ZtA3AhPXj4R9bv4hORDLjI,24.4995625,54.6254375,ChIJTRn6LBD5e0cRFFDf0XSnj_o,Helen - Home Massage,ADJACENT,0.4851,5.0,Google Places API (New),2026-09-02T15:35:56+00:00
52,Noya Plaza,ChIJ8ZtA3AhPXj4R9bv4hORDLjI,24.4995625,54.6254375,ChIJNe0TlU1PXj4Refjm7kiQahI,Mizu Beauty Lounge,DIRECT,1.2398,5.0,Google Places API (New),2026-09-02T15:35:56+00:00
52,Noya Plaza,ChIJ8ZtA3AhPXj4R9bv4hORDLjI,24.4995625,54.6254375,ChIJX56uiH1FXj4R0q65jZPBHjU,Tips and Toes Yas Mall,DIRECT,1.9325,5.0,Google Places API (New),2026-09-02T15:35:56+00:00
52,Noya Plaza,ChIJ8ZtA3AhPXj4R9bv4hORDLjI,24.4995625,54.6254375,ChIJt0-oE3ZDXj4RR1OqoJZWcA8,Massage Relax Abu Dhabi Spa,ADJACENT,1.9482,5.0,Google Places API (New),2026-09-02T15:35:56+00:00
52,Noya Plaza,ChIJ8ZtA3AhPXj4R9bv4hORDLjI,24.4995625,54.6254375,ChIJbdFPcgBPXj4RDYBTLyeUt1s,Massage Taiwan Hugo tina,ADJACENT,1.9981,5.0,Google Places API (New),2026-09-02T15:35:56+00:00
52,Noya Plaza,ChIJ8ZtA3AhPXj4R9bv4hORDLjI,24.4995625,54.6254375,ChIJqcJ2AyFpXj4RChpVopwphFs,Massage Vip,ADJACENT,2.0046,5.0,Google Places API (New),2026-09-02T15:35:56+00:00
52,Noya Plaza,ChIJ8ZtA3AhPXj4R9bv4hORDLjI,24.4995625,54.6254375,ChIJldsuf4dPXj4RP-dmBlvAypc,The Loft Fifth Avenue Beauty Lounge - Yas Mall,DIRECT,2.0725,5.0,Google Places API (New),2026-09-02T15:35:56+00:00
52,Noya Plaza,ChIJ8ZtA3AhPXj4R9bv4hORDLjI,24.4995625,54.6254375,ChIJUa8OzOlFXj4Rwz13Z_Ot4xk,Nails Style Beauty Centre,DIRECT,2.074,5.0,Google Places API (New),2026-09-02T15:35:56+00:00
52,Noya Plaza,ChIJ8ZtA3AhPXj4R9bv4hORDLjI,24.4995625,54.6254375,ChIJeQR6m39FXj4R_lb3bZ30fCg,Benefit Cosmetics Brow Bar,DIRECT,2.076,5.0,Google Places API (New),2026-09-02T15:35:56+00:00
52,Noya Plaza,ChIJ8ZtA3AhPXj4R9bv4hORDLjI,24.4995625,54.6254375,ChIJo0AcVmRFXj4RX_BMC8Yz8Rc,Taif Beauty salon,DIRECT,2.0763,5.0,Google Places API (New),2026-09-02T15:35:56+00:00
52,Noya Plaza,ChIJ8ZtA3AhPXj4R9bv4hORDLjI,24.4995625,54.6254375,ChIJzcPxGclFXj4RgilnBM_Dex0,Dolly massage spa,ADJACENT,2.0816,5.0,Google Places API (New),2026-09-02T15:35:56+00:00
52,Noya Plaza,ChIJ8ZtA3AhPXj4R9bv4hORDLjI,24.4995625,54.6254375,ChIJ4x3g-H1FXj4RJ3-M0d7X8kw,Yves Rocher - France,DIRECT,2.1032,5.0,Google Places API (New),2026-09-02T15:35:56+00:00
52,Noya Plaza,ChIJ8ZtA3AhPXj4R9bv4hORDLjI,24.4995625,54.6254375,ChIJJeEfBQBnXj4Rvh_7We3A1uY,Massage Singapore relax royal CX,ADJACENT,2.1631,5.0,Google Places API (New),2026-09-02T15:35:56+00:00
52,Noya Plaza,ChIJ8ZtA3AhPXj4R9bv4hORDLjI,24.4995625,54.6254375,ChIJAdgYhN5PXj4RaWe6WoDcrrc,Beauty Lab Salon,DIRECT,2.191,5.0,Google Places API (New),2026-09-02T15:35:56+00:00
52,Noya Plaza,ChIJ8ZtA3AhPXj4R9bv4hORDLjI,24.4995625,54.6254375,ChIJs8VLrXFFXj4RAgma1lPZzZw,Nails Style Beauty Centre - Yas Mall,DIRECT,2.4097,5.0,Google Places API (New),2026-09-02T15:35:56+00:00
52,Noya Plaza,ChIJ8ZtA3AhPXj4R9bv4hORDLjI,24.4995625,54.6254375,ChIJ356381xFXj4RleluuqcjXKw,La bella vita ladies salon,DIRECT,2.5366,5.0,Google Places API (New),2026-09-02T15:35:56+00:00
52,Noya Plaza,ChIJ8ZtA3AhPXj4R9bv4hORDLjI,24.4995625,54.6254375,ChIJiRA2fSNFXj4RMWrYFpOYLvQ,Scarlet Rose Salon,DIRECT,2.6765,5.0,Google Places API (New),2026-09-02T15:35:56+00:00
52,Noya Plaza,ChIJ8ZtA3AhPXj4R9bv4hORDLjI,24.4995625,54.6254375,ChIJsXh-qCRFXj4RPD1S74hayKA,Très Chic Beauty Lounge,DIRECT,2.6771,5.0,Google Places API (New),2026-09-02T15:35:56+00:00
52,Noya Plaza,ChIJ8ZtA3AhPXj4R9bv4hORDLjI,24.4995625,54.6254375,ChIJw8rScR1FXj4RqBQrVfnEKSg,GUMAMELA Ladies Beauty Salon,DIRECT,2.7197,5.0,Google Places API (New),2026-09-02T15:35:56+00:00
52,Noya Plaza,ChIJ8ZtA3AhPXj4R9bv4hORDLjI,24.4995625,54.6254375,ChIJo4LMTXxFXj4R5iCfrp3S2BQ,Therapists.ae - Home Service Massage,ADJACENT,2.8028,5.0,Google Places API (New),2026-09-02T15:35:56+00:00
52,Noya Plaza,ChIJ8ZtA3AhPXj4R9bv4hORDLjI,24.4995625,54.6254375,ChIJHxjtWBlFXj4RDcKTU8utwso,Ghanj Salon,DIRECT,2.9126,5.0,Google Places API (New),2026-09-02T15:35:56+00:00
52,Noya Plaza,ChIJ8ZtA3AhPXj4R9bv4hORDLjI,24.4995625,54.6254375,ChIJOWstIIc5Xj4RsZnNuhAC5VU,Massage Taiwan SVIP Relax Mia,ADJACENT,2.9191,5.0,Google Places API (New),2026-09-02T15:35:56+00:00
52,Noya Plaza,ChIJ8ZtA3AhPXj4R9bv4hORDLjI,24.4995625,54.6254375,ChIJlwuS98FFXj4RHlziQizgHi8,"The WB Abu Dhabi, Curio Collection by Hilton",ADJACENT,2.9407,5.0,Google Places API (New),2026-09-02T15:35:56+00:00
52,Noya Plaza,ChIJ8ZtA3AhPXj4R9bv4hORDLjI,24.4995625,54.6254375,ChIJzytGPQBFXj4ROm4eylf7Kho,Yaber alahbabi,DIRECT,2.9683,5.0,Google Places API (New),2026-09-02T15:35:56+00:00
52,Noya Plaza,ChIJ8ZtA3AhPXj4R9bv4hORDLjI,24.4995625,54.6254375,ChIJeeAdRABFXj4Rzvb-S7eVHy8,Massage Haven of Rest Enjoy,ADJACENT,3.0013,5.0,Google Places API (New),2026-09-02T15:35:56+00:00
52,Noya Plaza,ChIJ8ZtA3AhPXj4R9bv4hORDLjI,24.4995625,54.6254375,ChIJnbUMv8FFXj4RNd5I0EaxNd0,Ivy Beauty and Bubbles at The WB Abu Dhabi,DIRECT,3.0686,5.0,Google Places API (New),2026-09-02T15:35:56+00:00
52,Noya Plaza,ChIJ8ZtA3AhPXj4R9bv4hORDLjI,24.4995625,54.6254375,ChIJ2TsjEQBFXj4Rb-4efjHOfG4,Massage At Home South Thun Holidays,ADJACENT,3.0825,5.0,Google Places API (New),2026-09-02T15:35:56+00:00
52,Noya Plaza,ChIJ8ZtA3AhPXj4R9bv4hORDLjI,24.4995625,54.6254375,ChIJ3-uGn0Iz26cR1MLoPgqPDNw,The Serenity Spa Clinic and Massage,DIRECT,3.0949,5.0,Google Places API (New),2026-09-02T15:35:56+00:00
52,Noya Plaza,ChIJ8ZtA3AhPXj4R9bv4hORDLjI,24.4995625,54.6254375,ChIJNZjaMk5FXj4RBlQbbIh0BkA,Beauty Lab Salon,DIRECT,3.162,5.0,Google Places API (New),2026-09-02T15:35:56+00:00
52,Noya Plaza,ChIJ8ZtA3AhPXj4R9bv4hORDLjI,24.4995625,54.6254375,ChIJvTrBHgA1Xj4ReO_eneusAaw,Home Massage Sense Luxurion,ADJACENT,3.1749,5.0,Google Places API (New),2026-09-02T15:35:56+00:00
52,Noya Plaza,ChIJ8ZtA3AhPXj4R9bv4hORDLjI,24.4995625,54.6254375,ChIJcyujQQVFXj4RLUiC5VInFO8,Massage PvD European Relaxing SUS,ADJACENT,3.2048,5.0,Google Places API (New),2026-09-02T15:35:56+00:00
52,Noya Plaza,ChIJ8ZtA3AhPXj4R9bv4hORDLjI,24.4995625,54.6254375,ChIJJ5gJMwBFXj4RW3-X0Jq0yYo,Massage Europe Hidden Bliss Spa VV,DIRECT,3.703,5.0,Google Places API (New),2026-09-02T15:35:56+00:00
52,Noya Plaza,ChIJ8ZtA3AhPXj4R9bv4hORDLjI,24.4995625,54.6254375,ChIJc2TrBABPXj4RuGMwJyG_aN4,Al bahiya,DIRECT,3.8031,5.0,Google Places API (New),2026-09-02T15:35:56+00:00
52,Noya Plaza,ChIJ8ZtA3AhPXj4R9bv4hORDLjI,24.4995625,54.6254375,ChIJW3C9ewBPXj4REgscJwT0eTs,Noor Al mehar ladies salon,DIRECT,3.9445,5.0,Google Places API (New),2026-09-02T15:35:56+00:00
52,Noya Plaza,ChIJ8ZtA3AhPXj4R9bv4hORDLjI,24.4995625,54.6254375,ChIJ4UkIgGJFXj4Rqq_4olKf64c,White Angel Centre,DIRECT,3.9805,5.0,Google Places API (New),2026-09-02T15:35:56+00:00
52,Noya Plaza,ChIJ8ZtA3AhPXj4R9bv4hORDLjI,24.4995625,54.6254375,ChIJFZhIAO5DXj4RzlYwDOcq5NA,KF Makeup & Hair Styling (Home Service),DIRECT,3.9834,5.0,Google Places API (New),2026-09-02T15:35:56+00:00
52,Noya Plaza,ChIJ8ZtA3AhPXj4R9bv4hORDLjI,24.4995625,54.6254375,ChIJzQ8rNUhOXj4RGlCfY1LYDIc,صالون الندود الباهية,DIRECT,4.0583,5.0,Google Places API (New),2026-09-02T15:35:56+00:00
52,Noya Plaza,ChIJ8ZtA3AhPXj4R9bv4hORDLjI,24.4995625,54.6254375,ChIJQfe_D4lFXj4R6bFufgR02Nk,AWAY Spa at W Abu Dhabi - Yas Island,ADJACENT,4.1154,5.0,Google Places API (New),2026-09-02T15:35:56+00:00
52,Noya Plaza,ChIJ8ZtA3AhPXj4R9bv4hORDLjI,24.4995625,54.6254375,ChIJvyyV2wRFXj4R_PuWM8M6Joc,The Spa,ADJACENT,4.4442,5.0,Google Places API (New),2026-09-02T15:35:56+00:00
52,Noya Plaza,ChIJ8ZtA3AhPXj4R9bv4hORDLjI,24.4995625,54.6254375,ChIJA9g7M45FXj4RgCVL-7Yomi8,Yas Plaza Marina,ADJACENT,4.5745,5.0,Google Places API (New),2026-09-02T15:35:56+00:00
52,Noya Plaza,ChIJ8ZtA3AhPXj4R9bv4hORDLjI,24.4995625,54.6254375,ChIJxbRadwBPXj4ROiqDmPY2p3Y,F D K BEAUTY CENTRE اف دي كي للتجميل,DIRECT,4.6015,5.0,Google Places API (New),2026-09-02T15:35:56+00:00
52,Noya Plaza,ChIJ8ZtA3AhPXj4R9bv4hORDLjI,24.4995625,54.6254375,ChIJbWf7-eFFXj4R3ua_ke0oiTc,"Azure Beauty Salon, Crowne Plaza",DIRECT,4.7272,5.0,Google Places API (New),2026-09-02T15:35:56+00:00
52,Noya Plaza,ChIJ8ZtA3AhPXj4R9bv4hORDLjI,24.4995625,54.6254375,ChIJQRT3IABRXj4RhK_Znr1OILM,SK beauty studio,DIRECT,4.9036,5.0,Google Places API (New),2026-09-02T15:35:56+00:00
52,Noya Plaza,ChIJ8ZtA3AhPXj4R9bv4hORDLjI,24.4995625,54.6254375,ChIJp_cpJsFPXj4RIWhXvPqu7X0,Nua Toi Beauty Salon,DIRECT,4.9486,5.0,Google Places API (New),2026-09-02T15:35:56+00:00
52,Noya Plaza,ChIJ8ZtA3AhPXj4R9bv4hORDLjI,24.4995625,54.6254375,ChIJa-JXp4dRXj4RwYg3Nwqibmo,صالون فياجو - Viaggio Beauty Salon,DIRECT,4.9497,5.0,Google Places API (New),2026-09-02T15:35:56+00:00
48,Ras Al Khaimah,ChIJSU1oGll19j4RCktPt_Pr5o0,25.751541,55.9198717,ChIJhe_CqTB09j4R73prPQmuQBU,Tips and Lips Beauty lounge,DIRECT,0.0276,5.0,Google Places API (New),2026-09-02T15:35:56+00:00
48,Ras Al Khaimah,ChIJSU1oGll19j4RCktPt_Pr5o0,25.751541,55.9198717,ChIJsRB7bQ119j4RP_uex-lYxyg,Al Nada Spa,ADJACENT,0.1369,5.0,Google Places API (New),2026-09-02T15:35:56+00:00
48,Ras Al Khaimah,ChIJSU1oGll19j4RCktPt_Pr5o0,25.751541,55.9198717,ChIJI68O-Qp19j4RXZsn_QM_FFQ,AL ANEEQ SPA,ADJACENT,0.3555,5.0,Google Places API (New),2026-09-02T15:35:56+00:00
48,Ras Al Khaimah,ChIJSU1oGll19j4RCktPt_Pr5o0,25.751541,55.9198717,ChIJAxD-sJJ19j4Rixpby7A29rw,Diamond Beauty Lounge,DIRECT,1.0073,5.0,Google Places API (New),2026-09-02T15:35:56+00:00
48,Ras Al Khaimah,ChIJSU1oGll19j4RCktPt_Pr5o0,25.751541,55.9198717,ChIJTVCku0Z09j4RK40fA3qKnHY,Al Nadeya Hair Dresses Saloon,DIRECT,1.1099,5.0,Google Places API (New),2026-09-02T15:35:56+00:00
48,Ras Al Khaimah,ChIJSU1oGll19j4RCktPt_Pr5o0,25.751541,55.9198717,ChIJQZWeckR19j4RDmRIC5dSA3Y,DIAMOND SPA massage centre in RAS Al khaimah,ADJACENT,1.1225,5.0,Google Places API (New),2026-09-02T15:35:56+00:00
48,Ras Al Khaimah,ChIJSU1oGll19j4RCktPt_Pr5o0,25.751541,55.9198717,ChIJGYCnSEF09j4RPvlnrNsCoNU,The lounge Spa,ADJACENT,1.1456,5.0,Google Places API (New),2026-09-02T15:35:56+00:00
48,Ras Al Khaimah,ChIJSU1oGll19j4RCktPt_Pr5o0,25.751541,55.9198717,ChIJf4Eu6yx09j4R2nRrgIbrI_Q,Shades Saloon & Spa,DIRECT,1.1528,5.0,Google Places API (New),2026-09-02T15:35:56+00:00
48,Ras Al Khaimah,ChIJSU1oGll19j4RCktPt_Pr5o0,25.751541,55.9198717,ChIJ1UO62UV09j4ROx5CK2Bb2UE,Royal Ruby Salon - Al Dhait,DIRECT,1.2127,5.0,Google Places API (New),2026-09-02T15:35:56+00:00
48,Ras Al Khaimah,ChIJSU1oGll19j4RCktPt_Pr5o0,25.751541,55.9198717,ChIJwQTrlFZ19j4RTjrJMX1XE1M,صالون روما للعناية بالرجال,DIRECT,1.5635,5.0,Google Places API (New),2026-09-02T15:35:56+00:00
48,Ras Al Khaimah,ChIJSU1oGll19j4RCktPt_Pr5o0,25.751541,55.9198717,ChIJtZu0DKp29j4RgJNaI-Y3cKQ,Karims Saloon,DIRECT,1.6452,5.0,Google Places API (New),2026-09-02T15:35:56+00:00
48,Ras Al Khaimah,ChIJSU1oGll19j4RCktPt_Pr5o0,25.751541,55.9198717,ChIJl6cp9toinY4RXWO5ksa8U6E,Flora Beauty Lounge,DIRECT,1.663,5.0,Google Places API (New),2026-09-02T15:35:56+00:00
48,Ras Al Khaimah,ChIJSU1oGll19j4RCktPt_Pr5o0,25.751541,55.9198717,ChIJ-_lcdHZ19j4RQcBzeULCqtE,Riviera Spa Center مركز ريفييرا سبا للتجميل,ADJACENT,1.6669,5.0,Google Places API (New),2026-09-02T15:35:56+00:00
48,Ras Al Khaimah,ChIJSU1oGll19j4RCktPt_Pr5o0,25.751541,55.9198717,ChIJ503kUDZ19j4RM3M9avnwbtI,صالون جوتام للتجميل Gautam beauty salon,DIRECT,1.6785,5.0,Google Places API (New),2026-09-02T15:35:56+00:00
48,Ras Al Khaimah,ChIJSU1oGll19j4RCktPt_Pr5o0,25.751541,55.9198717,ChIJ0YKeuLt19j4RdlHvfjWrcMk,Riviera Palace ريفييرا بالاس,DIRECT,1.707,5.0,Google Places API (New),2026-09-02T15:35:56+00:00
48,Ras Al Khaimah,ChIJSU1oGll19j4RCktPt_Pr5o0,25.751541,55.9198717,ChIJs9fYRBh09j4RtcwB_AsSovc,Al Aseel beauty and henna center,DIRECT,1.7106,5.0,Google Places API (New),2026-09-02T15:35:56+00:00
48,Ras Al Khaimah,ChIJSU1oGll19j4RCktPt_Pr5o0,25.751541,55.9198717,ChIJpeBZSRh09j4RU-bAqHawmL0,AWJ Beauty Center,DIRECT,1.7361,5.0,Google Places API (New),2026-09-02T15:35:56+00:00
48,Ras Al Khaimah,ChIJSU1oGll19j4RCktPt_Pr5o0,25.751541,55.9198717,ChIJWaRuwjJ19j4RqDcPBPK0lB4,صالون سندس للسيدات,DIRECT,1.7457,5.0,Google Places API (New),2026-09-02T15:35:56+00:00
48,Ras Al Khaimah,ChIJSU1oGll19j4RCktPt_Pr5o0,25.751541,55.9198717,ChIJU_PnVd519j4RsgSZcVNX7tQ,مركز شيخة الزين,DIRECT,1.757,5.0,Google Places API (New),2026-09-02T15:35:56+00:00
48,Ras Al Khaimah,ChIJSU1oGll19j4RCktPt_Pr5o0,25.751541,55.9198717,ChIJVbvGVR909j4RlLooncN9YTA,Artist Faten Stayle مركز فاتن ستايل للتجميل,DIRECT,1.8461,5.0,Google Places API (New),2026-09-02T15:35:56+00:00
48,Ras Al Khaimah,ChIJSU1oGll19j4RCktPt_Pr5o0,25.751541,55.9198717,ChIJJbDTold19j4RAniAoY_1UGw,Al Masaya Spa,ADJACENT,1.8787,5.0,Google Places API (New),2026-09-02T15:35:56+00:00
48,Ras Al Khaimah,ChIJSU1oGll19j4RCktPt_Pr5o0,25.751541,55.9198717,ChIJx5PyJSB09j4ReCYE-DOvnEY,NEW WELLNESS LADIES FITNESS AND SPA | RAK,DIRECT,2.0777,5.0,Google Places API (New),2026-09-02T15:35:56+00:00
48,Ras Al Khaimah,ChIJSU1oGll19j4RCktPt_Pr5o0,25.751541,55.9198717,ChIJDflo59R19j4RvHUqihK1aOo,Amna Darbeen Beauty Centre,DIRECT,2.1177,5.0,Google Places API (New),2026-09-02T15:35:56+00:00
48,Ras Al Khaimah,ChIJSU1oGll19j4RCktPt_Pr5o0,25.751541,55.9198717,ChIJBRNYNI919j4RcGizRML_4tM,Horayzn Spa,ADJACENT,2.1315,5.0,Google Places API (New),2026-09-02T15:35:56+00:00
48,Ras Al Khaimah,ChIJSU1oGll19j4RCktPt_Pr5o0,25.751541,55.9198717,ChIJ_xlise119j4RPwHaPUlPHLk,Beauty Icon ladies salon,DIRECT,2.1655,5.0,Google Places API (New),2026-09-02T15:35:56+00:00
48,Ras Al Khaimah,ChIJSU1oGll19j4RCktPt_Pr5o0,25.751541,55.9198717,ChIJJVFWbFV19j4RIkKcOjTUulI,Villa Thalgo RAK,ADJACENT,2.1755,5.0,Google Places API (New),2026-09-02T15:35:56+00:00
48,Ras Al Khaimah,ChIJSU1oGll19j4RCktPt_Pr5o0,25.751541,55.9198717,ChIJs9hlpFF09j4R9_vZcehtnPo,Trends Beauty Bar,DIRECT,2.1898,5.0,Google Places API (New),2026-09-02T15:35:56+00:00
48,Ras Al Khaimah,ChIJSU1oGll19j4RCktPt_Pr5o0,25.751541,55.9198717,ChIJH-yfWJt19j4R0GDJMiWTCfM,Beauty touch ladies care salon,DIRECT,2.2097,5.0,Google Places API (New),2026-09-02T15:35:56+00:00
48,Ras Al Khaimah,ChIJSU1oGll19j4RCktPt_Pr5o0,25.751541,55.9198717,ChIJF2riysJ19j4Rz-IGoUaN4Xg,Djor Beauty Lounge,DIRECT,2.2338,5.0,Google Places API (New),2026-09-02T15:35:56+00:00
48,Ras Al Khaimah,ChIJSU1oGll19j4RCktPt_Pr5o0,25.751541,55.9198717,ChIJDzY92B919j4Rv_y8Wd98RFU,OKO BEAUTY CENTER,DIRECT,2.2416,5.0,Google Places API (New),2026-09-02T15:35:56+00:00
48,Ras Al Khaimah,ChIJSU1oGll19j4RCktPt_Pr5o0,25.751541,55.9198717,ChIJY2HJGQJ19j4RdCq6WyUdEyA,Dhabia Beauty Lounge,DIRECT,2.2542,5.0,Google Places API (New),2026-09-02T15:35:56+00:00
48,Ras Al Khaimah,ChIJSU1oGll19j4RCktPt_Pr5o0,25.751541,55.9198717,ChIJpdzNnFp19j4RMomGtHfA25Y,Tierra beauty lounge,DIRECT,2.2545,5.0,Google Places API (New),2026-09-02T15:35:56+00:00
48,Ras Al Khaimah,ChIJSU1oGll19j4RCktPt_Pr5o0,25.751541,55.9198717,ChIJE-HwZ7B19j4RTFWNfWB_tCo,Shape of you AlDhait,DIRECT,2.2679,5.0,Google Places API (New),2026-09-02T15:35:56+00:00
48,Ras Al Khaimah,ChIJSU1oGll19j4RCktPt_Pr5o0,25.751541,55.9198717,ChIJ_VKb3Ch39j4R6d2giog1bGI,مريومة بيوتي لاونج,DIRECT,2.2708,5.0,Google Places API (New),2026-09-02T15:35:56+00:00
48,Ras Al Khaimah,ChIJSU1oGll19j4RCktPt_Pr5o0,25.751541,55.9198717,ChIJ0eIdE_d39j4RyGNSjZj8i9k,Skinove beauty spa سكينوفا صالون,DIRECT,2.3102,5.0,Google Places API (New),2026-09-02T15:35:56+00:00
48,Ras Al Khaimah,ChIJSU1oGll19j4RCktPt_Pr5o0,25.751541,55.9198717,ChIJEQ-8fl139j4RXIyCsuPDiJQ,الركن التايلندي للمساج والحمام المغربي للسيدات,ADJACENT,2.3349,5.0,Google Places API (New),2026-09-02T15:35:56+00:00
48,Ras Al Khaimah,ChIJSU1oGll19j4RCktPt_Pr5o0,25.751541,55.9198717,ChIJ_____xh09j4RK-q74h5hN1U,صالون لمسة أترو للسيدات | Lamsat Atro Ladies Saloon,DIRECT,2.3359,5.0,Google Places API (New),2026-09-02T15:35:56+00:00
48,Ras Al Khaimah,ChIJSU1oGll19j4RCktPt_Pr5o0,25.751541,55.9198717,ChIJEd0stQff9T4RzvRvx2HLZRw,AL DAR SPA & MASSAGE,ADJACENT,2.4891,5.0,Google Places API (New),2026-09-02T15:35:56+00:00
48,Ras Al Khaimah,ChIJSU1oGll19j4RCktPt_Pr5o0,25.751541,55.9198717,ChIJo60juBp09j4RxprB1ROh4jw,Marahab Hairdressing Saloon,DIRECT,2.4982,5.0,Google Places API (New),2026-09-02T15:35:56+00:00
48,Ras Al Khaimah,ChIJSU1oGll19j4RCktPt_Pr5o0,25.751541,55.9198717,ChIJ0_k2qhp09j4RW5NJQknfBxw,مركز لامود للتجميل La Mode Beauty Center LLC,DIRECT,2.4994,5.0,Google Places API (New),2026-09-02T15:35:56+00:00
48,Ras Al Khaimah,ChIJSU1oGll19j4RCktPt_Pr5o0,25.751541,55.9198717,ChIJlxuxeq519j4R_C_1ELLTT50,N Beauty Salon- Best Beauty & Hair Salon in Ras Al Khaimah أفضل صالون تجميل وشعر في رأس الخيمة,DIRECT,2.5543,5.0,Google Places API (New),2026-09-02T15:35:56+00:00
48,Ras Al Khaimah,ChIJSU1oGll19j4RCktPt_Pr5o0,25.751541,55.9198717,ChIJKYcYNVR19j4RXeT-niJg9To,Sohar Serenity Home Spa and Wellness,ADJACENT,2.5664,5.0,Google Places API (New),2026-09-02T15:35:56+00:00
48,Ras Al Khaimah,ChIJSU1oGll19j4RCktPt_Pr5o0,25.751541,55.9198717,ChIJT8YgcFx19j4R2Qy7eS_7ysY,Paradise Home Spa and Massage,ADJACENT,2.5924,5.0,Google Places API (New),2026-09-02T15:35:56+00:00
48,Ras Al Khaimah,ChIJSU1oGll19j4RCktPt_Pr5o0,25.751541,55.9198717,ChIJKTwLEjd39j4RyM8fCwDuk4A,MAY Spa Lounge,DIRECT,2.6093,5.0,Google Places API (New),2026-09-02T15:35:56+00:00
48,Ras Al Khaimah,ChIJSU1oGll19j4RCktPt_Pr5o0,25.751541,55.9198717,ChIJQZ3QFwB19j4RJ7rcl9c8BUw,La mer beauty center,ADJACENT,2.6118,5.0,Google Places API (New),2026-09-02T15:35:56+00:00
48,Ras Al Khaimah,ChIJSU1oGll19j4RCktPt_Pr5o0,25.751541,55.9198717,ChIJTW1MpB139j4Riq0jm1uZytQ,Al Ahlam beauty & henna center,DIRECT,2.6161,5.0,Google Places API (New),2026-09-02T15:35:56+00:00
48,Ras Al Khaimah,ChIJSU1oGll19j4RCktPt_Pr5o0,25.751541,55.9198717,ChIJX9_SLZ929j4RF2lNn7GYw8I,صالون H2o,DIRECT,2.6361,5.0,Google Places API (New),2026-09-02T15:35:56+00:00
48,Ras Al Khaimah,ChIJSU1oGll19j4RCktPt_Pr5o0,25.751541,55.9198717,ChIJF2MmsX519j4RLJdxcr59sPY,مركز سكرة للتجميل النسائي,DIRECT,2.6403,5.0,Google Places API (New),2026-09-02T15:35:56+00:00
48,Ras Al Khaimah,ChIJSU1oGll19j4RCktPt_Pr5o0,25.751541,55.9198717,ChIJz4_EZAB39j4R3Xsvujuxmc4,SALON ALFOUAH,DIRECT,2.6418,5.0,Google Places API (New),2026-09-02T15:35:56+00:00
48,Ras Al Khaimah,ChIJSU1oGll19j4RCktPt_Pr5o0,25.751541,55.9198717,ChIJo5spWqB29j4RWMhVKTnfQyA,QI Massage Center (formerly TCM Spa Massage Center),ADJACENT,2.6481,5.0,Google Places API (New),2026-09-02T15:35:56+00:00
48,Ras Al Khaimah,ChIJSU1oGll19j4RCktPt_Pr5o0,25.751541,55.9198717,ChIJZTFdsHt29j4RAX7MugE_05Y,Beauty district center,DIRECT,2.6898,5.0,Google Places API (New),2026-09-02T15:35:56+00:00
48,Ras Al Khaimah,ChIJSU1oGll19j4RCktPt_Pr5o0,25.751541,55.9198717,ChIJNyvJUqF39j4RJijXXhkAsXw,Al Daith South,DIRECT,2.7028,5.0,Google Places API (New),2026-09-02T15:35:56+00:00
48,Ras Al Khaimah,ChIJSU1oGll19j4RCktPt_Pr5o0,25.751541,55.9198717,ChIJsTlX6p929j4RvSNgp5T0dK8,Jadayel beauty center,DIRECT,2.7045,5.0,Google Places API (New),2026-09-02T15:35:56+00:00
48,Ras Al Khaimah,ChIJSU1oGll19j4RCktPt_Pr5o0,25.751541,55.9198717,ChIJAb-qrqF29j4RGV7ZLpJclrc,Ras Al Khaimah Hotel,ADJACENT,2.7108,5.0,Google Places API (New),2026-09-02T15:35:56+00:00
48,Ras Al Khaimah,ChIJSU1oGll19j4RCktPt_Pr5o0,25.751541,55.9198717,ChIJV5kPnuN19j4RSMkHoVUlpOo,Mirrors Beauty Salon - Ras Al Khaimah,DIRECT,2.7501,5.0,Google Places API (New),2026-09-02T15:35:56+00:00
48,Ras Al Khaimah,ChIJSU1oGll19j4RCktPt_Pr5o0,25.751541,55.9198717,ChIJ_YWfT7J39j4RTURU9kxNfIA,GLOW studio Man Personal Care,DIRECT,2.8427,5.0,Google Places API (New),2026-09-02T15:35:56+00:00
48,Ras Al Khaimah,ChIJSU1oGll19j4RCktPt_Pr5o0,25.751541,55.9198717,ChIJDSbwoZt19j4RV6lKPAxM7gw,Tanweer Islam,DIRECT,2.9174,5.0,Google Places API (New),2026-09-02T15:35:56+00:00
48,Ras Al Khaimah,ChIJSU1oGll19j4RCktPt_Pr5o0,25.751541,55.9198717,ChIJfyDEzObvVWERtwgCTK7Zz_c,Al Nazish ladies saloon,DIRECT,3.1441,5.0,Google Places API (New),2026-09-02T15:35:56+00:00
48,Ras Al Khaimah,ChIJSU1oGll19j4RCktPt_Pr5o0,25.751541,55.9198717,ChIJC9kG5jB19j4R4B37BfGhlfE,Anat Salon & Spa RAK,DIRECT,3.2566,5.0,Google Places API (New),2026-09-02T15:35:56+00:00
48,Ras Al Khaimah,ChIJSU1oGll19j4RCktPt_Pr5o0,25.751541,55.9198717,ChIJB9zGLKB19j4RHdhZF7f6m8o,Shades Salon & SPA,DIRECT,3.4634,5.0,Google Places API (New),2026-09-02T15:35:56+00:00
48,Ras Al Khaimah,ChIJSU1oGll19j4RCktPt_Pr5o0,25.751541,55.9198717,ChIJo-aKmr919j4Ro27ktj_ySCU,The House of Beauty,DIRECT,3.5117,5.0,Google Places API (New),2026-09-02T15:35:56+00:00
48,Ras Al Khaimah,ChIJSU1oGll19j4RCktPt_Pr5o0,25.751541,55.9198717,ChIJtzZzGAB19j4R3LlM0dSrWcY,Planet spa,ADJACENT,3.5244,5.0,Google Places API (New),2026-09-02T15:35:56+00:00
48,Ras Al Khaimah,ChIJSU1oGll19j4RCktPt_Pr5o0,25.751541,55.9198717,ChIJrU08DyJ19j4R9eK8uVKXt2Q,Vintage deluxe spa,ADJACENT,3.5331,5.0,Google Places API (New),2026-09-02T15:35:56+00:00
48,Ras Al Khaimah,ChIJSU1oGll19j4RCktPt_Pr5o0,25.751541,55.9198717,ChIJTXkAiuR19j4Rd6-JrfVlf9o,صالون أرنوب و دبدوب للاطفال,DIRECT,3.5573,5.0,Google Places API (New),2026-09-02T15:35:56+00:00
48,Ras Al Khaimah,ChIJSU1oGll19j4RCktPt_Pr5o0,25.751541,55.9198717,ChIJ23HGVlFx9j4RHXE9L1mXjU4,Tahra Salon,DIRECT,3.5739,5.0,Google Places API (New),2026-09-02T15:35:56+00:00
48,Ras Al Khaimah,ChIJSU1oGll19j4RCktPt_Pr5o0,25.751541,55.9198717,ChIJ1_Yaz8V19j4RjORr66opjvI,صالون هادي,DIRECT,3.6619,5.0,Google Places API (New),2026-09-02T15:35:56+00:00
48,Ras Al Khaimah,ChIJSU1oGll19j4RCktPt_Pr5o0,25.751541,55.9198717,ChIJd7jb5KJ39j4RqLRc1hCRqsE,صالون الرجل الأنيق,DIRECT,3.8213,5.0,Google Places API (New),2026-09-02T15:35:56+00:00
48,Ras Al Khaimah,ChIJSU1oGll19j4RCktPt_Pr5o0,25.751541,55.9198717,ChIJYU4PwtJ19j4RTzPR2Cu8EP0,Pause Ladies Spa Salon Rak Branch,DIRECT,3.8646,5.0,Google Places API (New),2026-09-02T15:35:56+00:00
48,Ras Al Khaimah,ChIJSU1oGll19j4RCktPt_Pr5o0,25.751541,55.9198717,ChIJ0Qh_PAB39j4RKEWX0zI8joc,Gold health beautiful eyelashes Manicure,DIRECT,3.8715,5.0,Google Places API (New),2026-09-02T15:35:56+00:00
48,Ras Al Khaimah,ChIJSU1oGll19j4RCktPt_Pr5o0,25.751541,55.9198717,ChIJHeqzTol19j4RfP9CjgWGMbg,Cleopatra spa,ADJACENT,3.8863,5.0,Google Places API (New),2026-09-02T15:35:56+00:00
48,Ras Al Khaimah,ChIJSU1oGll19j4RCktPt_Pr5o0,25.751541,55.9198717,ChIJq5oGzUl19j4R2vf9KrEfZNI,AL JADEED HAIR DRESSER SALON,DIRECT,3.9669,5.0,Google Places API (New),2026-09-02T15:35:56+00:00
48,Ras Al Khaimah,ChIJSU1oGll19j4RCktPt_Pr5o0,25.751541,55.9198717,ChIJz7ftRqp29j4RgWcMWHx7OW0,Al Akaber Saloon,DIRECT,3.9686,5.0,Google Places API (New),2026-09-02T15:35:56+00:00
48,Ras Al Khaimah,ChIJSU1oGll19j4RCktPt_Pr5o0,25.751541,55.9198717,ChIJw9_X_DJ19j4RnkhOKYf6QvI,Rose Garden Home Spa and Massage,ADJACENT,4.0162,5.0,Google Places API (New),2026-09-02T15:35:56+00:00
48,Ras Al Khaimah,ChIJSU1oGll19j4RCktPt_Pr5o0,25.751541,55.9198717,ChIJr5XIsTF19j4R67aLKuQKBQA,Luxury Palm Home Spa and Wellness,ADJACENT,4.0288,5.0,Google Places API (New),2026-09-02T15:35:56+00:00
48,Ras Al Khaimah,ChIJSU1oGll19j4RCktPt_Pr5o0,25.751541,55.9198717,ChIJ4zBgllF19j4ROMTc9V0tA9g,Al worood beauty and henna saloon - Branch 1,DIRECT,4.0766,5.0,Google Places API (New),2026-09-02T15:35:56+00:00
48,Ras Al Khaimah,ChIJSU1oGll19j4RCktPt_Pr5o0,25.751541,55.9198717,ChIJzULRJAB39j4REo4ALZzLutw,Wow Nails Accessories,DIRECT,4.0829,5.0,Google Places API (New),2026-09-02T15:35:56+00:00
48,Ras Al Khaimah,ChIJSU1oGll19j4RCktPt_Pr5o0,25.751541,55.9198717,ChIJM3m2CWt29j4RZlKhyBiOWvY,Al worood beauty and henna saloon,DIRECT,4.0913,5.0,Google Places API (New),2026-09-02T15:35:56+00:00
48,Ras Al Khaimah,ChIJSU1oGll19j4RCktPt_Pr5o0,25.751541,55.9198717,ChIJ81LKm5t39j4RV92IOuobFos,La vita spa,ADJACENT,4.1322,5.0,Google Places API (New),2026-09-02T15:35:56+00:00
48,Ras Al Khaimah,ChIJSU1oGll19j4RCktPt_Pr5o0,25.751541,55.9198717,ChIJWx6gaZ919j4RXUuTiLkUWlA,Coated Beauty Lounge,DIRECT,4.133,5.0,Google Places API (New),2026-09-02T15:35:56+00:00
48,Ras Al Khaimah,ChIJSU1oGll19j4RCktPt_Pr5o0,25.751541,55.9198717,ChIJs3whUQt39j4RU4UJRToo0hw,"Mangrove Spa And Massage, Ras Al Khaimah",ADJACENT,4.1851,5.0,Google Places API (New),2026-09-02T15:35:56+00:00
48,Ras Al Khaimah,ChIJSU1oGll19j4RCktPt_Pr5o0,25.751541,55.9198717,ChIJEZVl9EZ19j4R1Zx8JSWwVc0,spa&massage,ADJACENT,4.218,5.0,Google Places API (New),2026-09-02T15:35:56+00:00
48,Ras Al Khaimah,ChIJSU1oGll19j4RCktPt_Pr5o0,25.751541,55.9198717,ChIJGUQIDLI0wa8RKtaAIfAmL_0,Al Zafaran Spa,ADJACENT,4.2225,5.0,Google Places API (New),2026-09-02T15:35:56+00:00
48,Ras Al Khaimah,ChIJSU1oGll19j4RCktPt_Pr5o0,25.751541,55.9198717,ChIJR_rCewBx9j4RSyCuMhUQQJQ,Claridge Star Hotel,ADJACENT,4.4325,5.0,Google Places API (New),2026-09-02T15:35:56+00:00
48,Ras Al Khaimah,ChIJSU1oGll19j4RCktPt_Pr5o0,25.751541,55.9198717,ChIJ44Tsrqx29j4Ra0Ys2jTiaTI,Rachna Beauty and Henna Saloon,DIRECT,4.6113,5.0,Google Places API (New),2026-09-02T15:35:56+00:00
48,Ras Al Khaimah,ChIJSU1oGll19j4RCktPt_Pr5o0,25.751541,55.9198717,ChIJ0WRWELV39j4RhW3sXqmtn0Q,GLO Nails_RAK – Russian Manicure & Nail Salon,DIRECT,4.8118,5.0,Google Places API (New),2026-09-02T15:35:56+00:00
35,Shahama,ChIJh9wAonFPXj4R6P2_rlevv90,24.5243742,54.6718965,ChIJFbcipNZPXj4RDzs7kJAKif8,No More Lice Abu Dhabi,DIRECT,0.0413,5.0,Google Places API (New),2026-09-02T15:35:56+00:00
35,Shahama,ChIJh9wAonFPXj4R6P2_rlevv90,24.5243742,54.6718965,ChIJ35k9otdRXj4RYrU08MUdiqM,Angels Salon,DIRECT,0.0453,5.0,Google Places API (New),2026-09-02T15:35:56+00:00
35,Shahama,ChIJh9wAonFPXj4R6P2_rlevv90,24.5243742,54.6718965,ChIJCZNgIwBPXj4RBXDQ6gQyJZc,LITTLE DIVA SALON,DIRECT,0.0906,5.0,Google Places API (New),2026-09-02T15:35:56+00:00
35,Shahama,ChIJh9wAonFPXj4R6P2_rlevv90,24.5243742,54.6718965,ChIJfxUbmz5OXj4Rh_bZxj75WL4,Baseline Ladies Salon,DIRECT,0.0947,5.0,Google Places API (New),2026-09-02T15:35:56+00:00
35,Shahama,ChIJh9wAonFPXj4R6P2_rlevv90,24.5243742,54.6718965,ChIJWUO80Z9PXj4ReoD9XBjFuPM,Awtar Beauty Center - Deerfields Mall,DIRECT,0.1504,5.0,Google Places API (New),2026-09-02T15:35:56+00:00
35,Shahama,ChIJh9wAonFPXj4R6P2_rlevv90,24.5243742,54.6718965,ChIJd4DLeFpPXj4RfCwYjK8HG7o,Saloon BE CooL,DIRECT,0.1689,5.0,Google Places API (New),2026-09-02T15:35:56+00:00
35,Shahama,ChIJh9wAonFPXj4R6P2_rlevv90,24.5243742,54.6718965,ChIJMRP7IAFPXj4RSz1qPAw9NhI,La Biche Beauty Salon,DIRECT,0.1824,5.0,Google Places API (New),2026-09-02T15:35:56+00:00
35,Shahama,ChIJh9wAonFPXj4R6P2_rlevv90,24.5243742,54.6718965,ChIJfySZEadpXj4RQFGCOlwRwOg,Signature touch salon n spa Deerfields Mall,DIRECT,0.2359,5.0,Google Places API (New),2026-09-02T15:35:56+00:00
35,Shahama,ChIJh9wAonFPXj4R6P2_rlevv90,24.5243742,54.6718965,ChIJJZQinK9PXj4R8pDiVbY5L1w,مركز دينيز لتجميل السيدات/ Deneiz ladies beauty center,DIRECT,0.2792,5.0,Google Places API (New),2026-09-02T15:35:56+00:00
35,Shahama,ChIJh9wAonFPXj4R6P2_rlevv90,24.5243742,54.6718965,ChIJ_QS6FTNPXj4Rh1Dtow6vH_Y,صالون سونا الشهامه sona salon,DIRECT,0.3075,5.0,Google Places API (New),2026-09-02T15:35:56+00:00
35,Shahama,ChIJh9wAonFPXj4R6P2_rlevv90,24.5243742,54.6718965,ChIJS-70CX9PXj4RnSOXsNBeSnU,Joyce exclusive vip massage spa,ADJACENT,0.3808,5.0,Google Places API (New),2026-09-02T15:35:56+00:00
35,Shahama,ChIJh9wAonFPXj4R6P2_rlevv90,24.5243742,54.6718965,ChIJbcYQ9zBPXj4Rj2jqhkS8_V8,Zenora massage spa,ADJACENT,0.3922,5.0,Google Places API (New),2026-09-02T15:35:56+00:00
35,Shahama,ChIJh9wAonFPXj4R6P2_rlevv90,24.5243742,54.6718965,ChIJxbRadwBPXj4ROiqDmPY2p3Y,F D K BEAUTY CENTRE اف دي كي للتجميل,DIRECT,0.8921,5.0,Google Places API (New),2026-09-02T15:35:56+00:00
35,Shahama,ChIJh9wAonFPXj4R6P2_rlevv90,24.5243742,54.6718965,ChIJ1eqApjhPXj4RMRJODMgPzg0,Alhaiba,DIRECT,0.8935,5.0,Google Places API (New),2026-09-02T15:35:56+00:00
35,Shahama,ChIJh9wAonFPXj4R6P2_rlevv90,24.5243742,54.6718965,ChIJbSN1CLFPXj4Rl9x9Aro5dag,Solange Beauty Ladies Salon,DIRECT,1.1475,5.0,Google Places API (New),2026-09-02T15:35:56+00:00
35,Shahama,ChIJh9wAonFPXj4R6P2_rlevv90,24.5243742,54.6718965,ChIJoyHVcaJPXj4RaHmPfCFqk5w,saloon and spa,ADJACENT,1.1654,5.0,Google Places API (New),2026-09-02T15:35:56+00:00
35,Shahama,ChIJh9wAonFPXj4R6P2_rlevv90,24.5243742,54.6718965,ChIJp323AgBPXj4RrofDoXgnPcg,Deneiz Parlour,DIRECT,1.1796,5.0,Google Places API (New),2026-09-02T15:35:56+00:00
35,Shahama,ChIJh9wAonFPXj4R6P2_rlevv90,24.5243742,54.6718965,ChIJtcOjwlZPXj4RzHRLm0qD3cg,CHAMUELA LADIES BEAUTY CENTER (مركز شامويلا لتجميل السيدات),DIRECT,1.4062,5.0,Google Places API (New),2026-09-02T15:35:56+00:00
35,Shahama,ChIJh9wAonFPXj4R6P2_rlevv90,24.5243742,54.6718965,ChIJzQ8rNUhOXj4RGlCfY1LYDIc,صالون الندود الباهية,DIRECT,1.4483,5.0,Google Places API (New),2026-09-02T15:35:56+00:00
35,Shahama,ChIJh9wAonFPXj4R6P2_rlevv90,24.5243742,54.6718965,ChIJm4-13dJPXj4RGhVhaDMey88,مركز غزلان ميكب لتجميل السيدات,DIRECT,1.4977,5.0,Google Places API (New),2026-09-02T15:35:56+00:00
35,Shahama,ChIJh9wAonFPXj4R6P2_rlevv90,24.5243742,54.6718965,ChIJh0c10OpPXj4RvmcxLktQj9k,مركز بيور بيوتي للسيدات,DIRECT,1.5067,5.0,Google Places API (New),2026-09-02T15:35:56+00:00
35,Shahama,ChIJh9wAonFPXj4R6P2_rlevv90,24.5243742,54.6718965,ChIJRcFIcQBPXj4R_ffjuPKPC3w,Groomly Salon & Spa,DIRECT,1.5231,5.0,Google Places API (New),2026-09-02T15:35:56+00:00
35,Shahama,ChIJh9wAonFPXj4R6P2_rlevv90,24.5243742,54.6718965,ChIJW3C9ewBPXj4REgscJwT0eTs,Noor Al mehar ladies salon,DIRECT,1.5456,5.0,Google Places API (New),2026-09-02T15:35:56+00:00
35,Shahama,ChIJh9wAonFPXj4R6P2_rlevv90,24.5243742,54.6718965,ChIJc2TrBABPXj4RuGMwJyG_aN4,Al bahiya,DIRECT,1.7235,5.0,Google Places API (New),2026-09-02T15:35:56+00:00
35,Shahama,ChIJh9wAonFPXj4R6P2_rlevv90,24.5243742,54.6718965,ChIJK_kRZy1PXj4RE1g73e3rFNM,Ladies beauty salon,DIRECT,1.9055,5.0,Google Places API (New),2026-09-02T15:35:56+00:00
35,Shahama,ChIJh9wAonFPXj4R6P2_rlevv90,24.5243742,54.6718965,ChIJ3bdzDPdHXj4RQ4xZTiTsXCo,Salon boumbadour,DIRECT,1.9085,5.0,Google Places API (New),2026-09-02T15:35:56+00:00
35,Shahama,ChIJh9wAonFPXj4R6P2_rlevv90,24.5243742,54.6718965,ChIJTZn5kwxOXj4RiXPVafZX66w,Rose Kazan Ladies Centre,DIRECT,1.9203,5.0,Google Places API (New),2026-09-02T15:35:56+00:00
35,Shahama,ChIJh9wAonFPXj4R6P2_rlevv90,24.5243742,54.6718965,ChIJIZLs6KZPXj4RJSj-YhmfUyo,beige spa - بيج سبا,DIRECT,1.9284,5.0,Google Places API (New),2026-09-02T15:35:56+00:00
35,Shahama,ChIJh9wAonFPXj4R6P2_rlevv90,24.5243742,54.6718965,ChIJ80o6kQxOXj4R3GhiXR5zl-E,صالون اخلاص شهامه,DIRECT,1.9286,5.0,Google Places API (New),2026-09-02T15:35:56+00:00
35,Shahama,ChIJh9wAonFPXj4R6P2_rlevv90,24.5243742,54.6718965,ChIJ05JPFVNPXj4Rs8Z2F_7JQ6E,صالون بيت الحنه و الدلكه للسيدات,DIRECT,1.9576,5.0,Google Places API (New),2026-09-02T15:35:56+00:00
35,Shahama,ChIJh9wAonFPXj4R6P2_rlevv90,24.5243742,54.6718965,ChIJAQMQu4BPXj4RgzlYD-d7xlE,مصبغة الصدف الأوتوماتيكية,DIRECT,2.0103,5.0,Google Places API (New),2026-09-02T15:35:56+00:00
35,Shahama,ChIJh9wAonFPXj4R6P2_rlevv90,24.5243742,54.6718965,ChIJrzaR6p5PXj4RhUr3DeYN2qM,Nadhra Alzukhiya Ladies Salon صالون نظرة الذكية للسيدات,DIRECT,2.0154,5.0,Google Places API (New),2026-09-02T15:35:56+00:00
35,Shahama,ChIJh9wAonFPXj4R6P2_rlevv90,24.5243742,54.6718965,ChIJUQwY39BPXj4RsxvhH-xf4yg,Ckkr Ladies Beauty Salon & Spa - صالون سي كي كي آر للسيدات والسبا,DIRECT,2.0226,5.0,Google Places API (New),2026-09-02T15:35:56+00:00
35,Shahama,ChIJh9wAonFPXj4R6P2_rlevv90,24.5243742,54.6718965,ChIJr3cA2epPXj4RcS6qJB4IjtA,Catchy Beauty & Henna Center مركز كاتشي للحنا و التجميل,DIRECT,2.0337,5.0,Google Places API (New),2026-09-02T15:35:56+00:00
35,Shahama,ChIJh9wAonFPXj4R6P2_rlevv90,24.5243742,54.6718965,ChIJq55P8zdPXj4RgpexpFVFk9Q,Miss Galaxy Beauty Center,DIRECT,2.0462,5.0,Google Places API (New),2026-09-02T15:35:56+00:00
35,Shahama,ChIJh9wAonFPXj4R6P2_rlevv90,24.5243742,54.6718965,ChIJoyHr0ypPXj4RHX4IKbmtBTc,OYOON AL SHAHAMA LADIES SALOON عيون الشهامة صالون,DIRECT,2.0502,5.0,Google Places API (New),2026-09-02T15:35:56+00:00
35,Shahama,ChIJh9wAonFPXj4R6P2_rlevv90,24.5243742,54.6718965,ChIJ0buKpw5OXj4R8Q_RMWwMbHU,صالون لوسو زون,DIRECT,2.1217,5.0,Google Places API (New),2026-09-02T15:35:56+00:00
35,Shahama,ChIJh9wAonFPXj4R6P2_rlevv90,24.5243742,54.6718965,ChIJPaBozw5OXj4RFHmj9O7KVNQ,Aroosal Fareej Ladies Saloon New Shahama,DIRECT,2.1275,5.0,Google Places API (New),2026-09-02T15:35:56+00:00
35,Shahama,ChIJh9wAonFPXj4R6P2_rlevv90,24.5243742,54.6718965,ChIJ-WMhQYxPXj4RV48sW_jXqOo,lulu al khaleej ladies beauty salon (صالون لولو الخليج لتجميل السيدات),DIRECT,2.1284,5.0,Google Places API (New),2026-09-02T15:35:56+00:00
35,Shahama,ChIJh9wAonFPXj4R6P2_rlevv90,24.5243742,54.6718965,ChIJFbhrTABPXj4RGr41seI0ToA,ORYX MOBILES&COMPUTERS,DIRECT,2.1355,5.0,Google Places API (New),2026-09-02T15:35:56+00:00
35,Shahama,ChIJh9wAonFPXj4R6P2_rlevv90,24.5243742,54.6718965,ChIJUayCUE5PXj4Rg1xfk-miDhw,صالون AR7,DIRECT,2.1651,5.0,Google Places API (New),2026-09-02T15:35:56+00:00
35,Shahama,ChIJh9wAonFPXj4R6P2_rlevv90,24.5243742,54.6718965,ChIJhTfJMztRXj4RxFVl3wqJQak,Tli Beauty Lounge L.L.C صالون تلي بيوتي لاونج الشهامة,DIRECT,2.2078,5.0,Google Places API (New),2026-09-02T15:35:56+00:00
35,Shahama,ChIJh9wAonFPXj4R6P2_rlevv90,24.5243742,54.6718965,ChIJZ9hrtuhRXj4RmDgNcCo21dQ,V Elements Spa -Emirates Park Zoo & Resorts,ADJACENT,2.386,5.0,Google Places API (New),2026-09-02T15:35:56+00:00
35,Shahama,ChIJh9wAonFPXj4R6P2_rlevv90,24.5243742,54.6718965,ChIJJ7jBZY5PXj4RTl6-hx0XHHE,صالون طريق الأناقه,DIRECT,2.4743,5.0,Google Places API (New),2026-09-02T15:35:56+00:00
35,Shahama,ChIJh9wAonFPXj4R6P2_rlevv90,24.5243742,54.6718965,ChIJqRwwWXtPXj4RIFw8lRVEroE,PARK LANE SALOON,DIRECT,2.5158,5.0,Google Places API (New),2026-09-02T15:35:56+00:00
35,Shahama,ChIJh9wAonFPXj4R6P2_rlevv90,24.5243742,54.6718965,ChIJHytneGtPXj4Rw0VlNFnumxE,Al taj Al masi saloon and spa 2.0,ADJACENT,2.5391,5.0,Google Places API (New),2026-09-02T15:35:56+00:00
35,Shahama,ChIJh9wAonFPXj4R6P2_rlevv90,24.5243742,54.6718965,ChIJ4dtgSABPXj4RZ2B1AqIw6hM,صالون,DIRECT,2.5631,5.0,Google Places API (New),2026-09-02T15:35:56+00:00
35,Shahama,ChIJh9wAonFPXj4R6P2_rlevv90,24.5243742,54.6718965,ChIJc7DZPwlnXj4RDLTM5fIWTaY,Loody Beauty Station,DIRECT,2.5821,5.0,Google Places API (New),2026-09-02T15:35:56+00:00
35,Shahama,ChIJh9wAonFPXj4R6P2_rlevv90,24.5243742,54.6718965,ChIJf3cbfzdPXj4RMbH1w9jcBl8,Circle Beauty and Spa,DIRECT,2.5906,5.0,Google Places API (New),2026-09-02T15:35:56+00:00
35,Shahama,ChIJh9wAonFPXj4R6P2_rlevv90,24.5243742,54.6718965,ChIJMY1lrwZOXj4R7-PDKm3Goec,Al Taj International Saloon,DIRECT,2.6532,5.0,Google Places API (New),2026-09-02T15:35:56+00:00
35,Shahama,ChIJh9wAonFPXj4R6P2_rlevv90,24.5243742,54.6718965,ChIJBcezDOBRXj4ReyZ1UMIFj00,صالون بيوتي بوينت للسيدات beauty point lady salon,DIRECT,2.9887,5.0,Google Places API (New),2026-09-02T15:35:56+00:00
35,Shahama,ChIJh9wAonFPXj4R6P2_rlevv90,24.5243742,54.6718965,ChIJ1zUsWro4Xj4RPiP1sG2UhqM,صالون ميار للسيدات,DIRECT,3.6719,5.0,Google Places API (New),2026-09-02T15:35:56+00:00
35,Shahama,ChIJh9wAonFPXj4R6P2_rlevv90,24.5243742,54.6718965,ChIJRSc7TWFRXj4RK65Kv8muoqg,Chic Style Salon,DIRECT,3.6778,5.0,Google Places API (New),2026-09-02T15:35:56+00:00
35,Shahama,ChIJh9wAonFPXj4R6P2_rlevv90,24.5243742,54.6718965,ChIJ6a7GXQBRXj4RY6VaPDEnhe8,صالون الشهامة لرجال,DIRECT,3.6953,5.0,Google Places API (New),2026-09-02T15:35:56+00:00
35,Shahama,ChIJh9wAonFPXj4R6P2_rlevv90,24.5243742,54.6718965,ChIJA_bkfvdRXj4RIn9092gR8BA,مركز الجمال المخملي للتجميل,DIRECT,4.214,5.0,Google Places API (New),2026-09-02T15:35:56+00:00
35,Shahama,ChIJh9wAonFPXj4R6P2_rlevv90,24.5243742,54.6718965,ChIJmae_OABRXj4RIxTWalzHY_k,الخليلل للطباعه في الشهامه,DIRECT,4.2318,5.0,Google Places API (New),2026-09-02T15:35:56+00:00
35,Shahama,ChIJh9wAonFPXj4R6P2_rlevv90,24.5243742,54.6718965,ChIJt5VoqPdRXj4R15pqzNESzv8,صالون بيبي ستايل - Baby Style Saloon,DIRECT,4.4039,5.0,Google Places API (New),2026-09-02T15:35:56+00:00
35,Shahama,ChIJh9wAonFPXj4R6P2_rlevv90,24.5243742,54.6718965,ChIJO5rnYmBRXj4R1pXDgiZmjbw,صالون الاخوات الشهامة,DIRECT,4.5288,5.0,Google Places API (New),2026-09-02T15:35:56+00:00
35,Shahama,ChIJh9wAonFPXj4R6P2_rlevv90,24.5243742,54.6718965,ChIJa-JXp4dRXj4RwYg3Nwqibmo,صالون فياجو - Viaggio Beauty Salon,DIRECT,4.7135,5.0,Google Places API (New),2026-09-02T15:35:56+00:00
42,Shakhbout City,ChIJDbcz2A9tXz4RnqvVPtIP15c,24.3481854,54.6238561,ChIJFSj2a4k3Xj4RTujzuydX3ys,MIA BELLA BEAUTY LOUNGE - Shakhbout City Abu Dhabi,DIRECT,0.2505,5.0,Google Places API (New),2026-09-02T15:35:56+00:00
42,Shakhbout City,ChIJDbcz2A9tXz4RnqvVPtIP15c,24.3481854,54.6238561,ChIJHYmp7ys3Xj4R6pbPDTmUi8A,The Muse UAE Boutique Spa shakhbout city,ADJACENT,0.4528,5.0,Google Places API (New),2026-09-02T15:35:56+00:00
42,Shakhbout City,ChIJDbcz2A9tXz4RnqvVPtIP15c,24.3481854,54.6238561,ChIJZ3vcheo3Xj4RnSWZDXWS72k,صالون ماكوين للسيدات McQueen Ladies Center,DIRECT,0.765,5.0,Google Places API (New),2026-09-02T15:35:56+00:00
42,Shakhbout City,ChIJDbcz2A9tXz4RnqvVPtIP15c,24.3481854,54.6238561,ChIJT6HWvGA3Xj4Rmf8dQzGbtGY,Deem Beauty Lounge,DIRECT,1.3971,5.0,Google Places API (New),2026-09-02T15:35:56+00:00
42,Shakhbout City,ChIJDbcz2A9tXz4RnqvVPtIP15c,24.3481854,54.6238561,ChIJAV19Lv83Xj4R1oqXSoHmJGk,Top Spa & Beauty Centre,DIRECT,1.4167,5.0,Google Places API (New),2026-09-02T15:35:56+00:00
42,Shakhbout City,ChIJDbcz2A9tXz4RnqvVPtIP15c,24.3481854,54.6238561,ChIJjX-vDS5HXj4RdLKTuTi86Vs,Top Ladies Beauty Centre,DIRECT,1.435,5.0,Google Places API (New),2026-09-02T15:35:56+00:00
42,Shakhbout City,ChIJDbcz2A9tXz4RnqvVPtIP15c,24.3481854,54.6238561,ChIJTcAI62k3Xj4RrDfM2aTKmJ8,صالون القمه سيدات,DIRECT,1.4351,5.0,Google Places API (New),2026-09-02T15:35:56+00:00
42,Shakhbout City,ChIJDbcz2A9tXz4RnqvVPtIP15c,24.3481854,54.6238561,ChIJO_qHc_43Xj4R-51XaEJ9OPQ,Blonde Beauty Lounge,DIRECT,1.4479,5.0,Google Places API (New),2026-09-02T15:35:56+00:00
42,Shakhbout City,ChIJDbcz2A9tXz4RnqvVPtIP15c,24.3481854,54.6238561,ChIJRwdqDwBJXj4RfDUU2XRviaM,مجمع فلل صالح البريكي,DIRECT,1.5365,5.0,Google Places API (New),2026-09-02T15:35:56+00:00
42,Shakhbout City,ChIJDbcz2A9tXz4RnqvVPtIP15c,24.3481854,54.6238561,ChIJqWvdQgBJXj4RWBnsE2sHUHY,Pause Salon for Women Shakbout,DIRECT,1.5743,5.0,Google Places API (New),2026-09-02T15:35:56+00:00
42,Shakhbout City,ChIJDbcz2A9tXz4RnqvVPtIP15c,24.3481854,54.6238561,ChIJJeWpYro5Xj4RihyklyD-wko,Vinca Spa,ADJACENT,1.6917,5.0,Google Places API (New),2026-09-02T15:35:56+00:00
42,Shakhbout City,ChIJDbcz2A9tXz4RnqvVPtIP15c,24.3481854,54.6238561,ChIJUfLkSQA3Xj4RrgHZJwapQf4,The Massage Relax Body Renewal,ADJACENT,1.7582,5.0,Google Places API (New),2026-09-02T15:35:56+00:00
42,Shakhbout City,ChIJDbcz2A9tXz4RnqvVPtIP15c,24.3481854,54.6238561,ChIJhzTbC103Xj4RjodcumrbGZw,Freesia Beauty Center-Luxury Services (Madinati Mall),DIRECT,1.8322,5.0,Google Places API (New),2026-09-02T15:35:56+00:00
42,Shakhbout City,ChIJDbcz2A9tXz4RnqvVPtIP15c,24.3481854,54.6238561,ChIJr4V2Aik3Xj4RIFoc6EUP4bk,Tripping spa,ADJACENT,1.8595,5.0,Google Places API (New),2026-09-02T15:35:56+00:00
42,Shakhbout City,ChIJDbcz2A9tXz4RnqvVPtIP15c,24.3481854,54.6238561,ChIJY0VC2YY3Xj4R6IxzHw9HKIo,Mari massage spa,ADJACENT,1.9711,5.0,Google Places API (New),2026-09-02T15:35:56+00:00
42,Shakhbout City,ChIJDbcz2A9tXz4RnqvVPtIP15c,24.3481854,54.6238561,ChIJx5_ERCppXj4RW2jFEvDfvPc,Sensation Spa at Metropolitan Al Mafraq Hotel,ADJACENT,1.9833,5.0,Google Places API (New),2026-09-02T15:35:56+00:00
42,Shakhbout City,ChIJDbcz2A9tXz4RnqvVPtIP15c,24.3481854,54.6238561,ChIJbURih5o3Xj4R4qP2Jcu8C8k,Metropolitan Al Mafraq Hotel,ADJACENT,1.9961,5.0,Google Places API (New),2026-09-02T15:35:56+00:00
42,Shakhbout City,ChIJDbcz2A9tXz4RnqvVPtIP15c,24.3481854,54.6238561,ChIJH24wKv1RXj4RvSYUszn_Y_A,Sonic Spa,ADJACENT,2.0185,5.0,Google Places API (New),2026-09-02T15:35:56+00:00
42,Shakhbout City,ChIJDbcz2A9tXz4RnqvVPtIP15c,24.3481854,54.6238561,ChIJZ1LG5gBDXj4RE09vzn8m_8Q,Ponytail Beauty Salon,DIRECT,2.1774,5.0,Google Places API (New),2026-09-02T15:35:56+00:00
42,Shakhbout City,ChIJDbcz2A9tXz4RnqvVPtIP15c,24.3481854,54.6238561,ChIJ98vusWNJXj4RXbp7IqKZZgo,salha salon,DIRECT,2.3503,5.0,Google Places API (New),2026-09-02T15:35:56+00:00
42,Shakhbout City,ChIJDbcz2A9tXz4RnqvVPtIP15c,24.3481854,54.6238561,ChIJlwG5_DI3Xj4RXNhToLQcoWw,Orient Magic Beauty Center,DIRECT,2.5105,5.0,Google Places API (New),2026-09-02T15:35:56+00:00
42,Shakhbout City,ChIJDbcz2A9tXz4RnqvVPtIP15c,24.3481854,54.6238561,ChIJP_gGHdE3Xj4Rm_qbfE31_R0,Freesia Beauty Center-Luxury Services (Shawamekh Central Mall) مركز فريسيا للتجميل - شوامخ,DIRECT,2.6963,5.0,Google Places API (New),2026-09-02T15:35:56+00:00
42,Shakhbout City,ChIJDbcz2A9tXz4RnqvVPtIP15c,24.3481854,54.6238561,ChIJfdd0XWc5Xj4R7X8N9miotYw,Zahrat Al Batul Ladies Beauty Center,DIRECT,2.7504,5.0,Google Places API (New),2026-09-02T15:35:56+00:00
42,Shakhbout City,ChIJDbcz2A9tXz4RnqvVPtIP15c,24.3481854,54.6238561,ChIJK1Ok9FY3Xj4RCP6gmI_LbbI,Best moments salon,DIRECT,2.7699,5.0,Google Places API (New),2026-09-02T15:35:56+00:00
42,Shakhbout City,ChIJDbcz2A9tXz4RnqvVPtIP15c,24.3481854,54.6238561,ChIJo-M-QIM3Xj4R6Kb4dHbsx_E,Posh Beauty Center,DIRECT,2.7778,5.0,Google Places API (New),2026-09-02T15:35:56+00:00
42,Shakhbout City,ChIJDbcz2A9tXz4RnqvVPtIP15c,24.3481854,54.6238561,ChIJBxiWyZE3Xj4RC8cf-0yK3kQ,Salon Arous al sahra al gabat branch,DIRECT,2.7831,5.0,Google Places API (New),2026-09-02T15:35:56+00:00
42,Shakhbout City,ChIJDbcz2A9tXz4RnqvVPtIP15c,24.3481854,54.6238561,ChIJY9wBUAA3Xj4RHgCm5aISavs,عروس الصحراء,DIRECT,2.7907,5.0,Google Places API (New),2026-09-02T15:35:56+00:00
42,Shakhbout City,ChIJDbcz2A9tXz4RnqvVPtIP15c,24.3481854,54.6238561,ChIJsRoSa4M3Xj4RfpDYwYxKiBM,صالون الصريديه,DIRECT,2.7927,5.0,Google Places API (New),2026-09-02T15:35:56+00:00
42,Shakhbout City,ChIJDbcz2A9tXz4RnqvVPtIP15c,24.3481854,54.6238561,ChIJhyCqeQA3Xj4R_lcerU-oqbY,Massage Emily Relax Body,ADJACENT,2.8639,5.0,Google Places API (New),2026-09-02T15:35:56+00:00
42,Shakhbout City,ChIJDbcz2A9tXz4RnqvVPtIP15c,24.3481854,54.6238561,ChIJt_rot6w3Xj4RywzijzxGx14,صالون سونا الشوامخ,DIRECT,3.0865,5.0,Google Places API (New),2026-09-02T15:35:56+00:00
42,Shakhbout City,ChIJDbcz2A9tXz4RnqvVPtIP15c,24.3481854,54.6238561,ChIJV6YIh8k3Xj4RrOj5e4LpLng,Cateye beauty كات اي بيوتي,DIRECT,3.3744,5.0,Google Places API (New),2026-09-02T15:35:56+00:00
42,Shakhbout City,ChIJDbcz2A9tXz4RnqvVPtIP15c,24.3481854,54.6238561,ChIJ-VGsVQBJXj4REtRYKJcKtew,The Massage Vip Luxurions,ADJACENT,3.3924,5.0,Google Places API (New),2026-09-02T15:35:56+00:00
42,Shakhbout City,ChIJDbcz2A9tXz4RnqvVPtIP15c,24.3481854,54.6238561,ChIJW-umFABHXj4RodLZiPhbEqU,Queen Mouza,DIRECT,3.4297,5.0,Google Places API (New),2026-09-02T15:35:56+00:00
42,Shakhbout City,ChIJDbcz2A9tXz4RnqvVPtIP15c,24.3481854,54.6238561,ChIJ40-DSf43Xj4RiE7IGLOBm9k,جنة مركز نسائي للتدليك والاسترخاء Jannah women massage and relaxation center,DIRECT,3.4318,5.0,Google Places API (New),2026-09-02T15:35:56+00:00
42,Shakhbout City,ChIJDbcz2A9tXz4RnqvVPtIP15c,24.3481854,54.6238561,ChIJOyibkek3Xj4RNtUWnHkJcHs,صالون روز نيلز للسيدات,DIRECT,3.4766,5.0,Google Places API (New),2026-09-02T15:35:56+00:00
42,Shakhbout City,ChIJDbcz2A9tXz4RnqvVPtIP15c,24.3481854,54.6238561,ChIJQxZCWlw3Xj4RqQ5C33U4JIc,Bellaora Home Beauty Salon,DIRECT,3.4785,5.0,Google Places API (New),2026-09-02T15:35:56+00:00
42,Shakhbout City,ChIJDbcz2A9tXz4RnqvVPtIP15c,24.3481854,54.6238561,ChIJtxEsPYA3Xj4RxcW4fkSzM3c,Romantic Salon for Ladies-صالون رومانتك للسيدات,DIRECT,3.5888,5.0,Google Places API (New),2026-09-02T15:35:56+00:00
42,Shakhbout City,ChIJDbcz2A9tXz4RnqvVPtIP15c,24.3481854,54.6238561,ChIJMf7gtVM3Xj4RVkTZQc-IkxI,Saloon Abu Hamdan1,DIRECT,3.5933,5.0,Google Places API (New),2026-09-02T15:35:56+00:00
42,Shakhbout City,ChIJDbcz2A9tXz4RnqvVPtIP15c,24.3481854,54.6238561,ChIJmVS7RtpJXj4Rb9wAlFGyBaw,Chaouen ladies beauty center,DIRECT,3.6802,5.0,Google Places API (New),2026-09-02T15:35:56+00:00
42,Shakhbout City,ChIJDbcz2A9tXz4RnqvVPtIP15c,24.3481854,54.6238561,ChIJz9fcsplJXj4R3XctupxLwzw,The H & Spa,DIRECT,3.6923,5.0,Google Places API (New),2026-09-02T15:35:56+00:00
42,Shakhbout City,ChIJDbcz2A9tXz4RnqvVPtIP15c,24.3481854,54.6238561,ChIJcR8_Ag03Xj4RoMKJBgEMuA4,Shaimaa Alghadeer Laydi Saloon,DIRECT,3.7507,5.0,Google Places API (New),2026-09-02T15:35:56+00:00
42,Shakhbout City,ChIJDbcz2A9tXz4RnqvVPtIP15c,24.3481854,54.6238561,ChIJZbAdeyg3Xj4RhrWxz1sAecs,Turquoise Spa,DIRECT,3.8005,5.0,Google Places API (New),2026-09-02T15:35:56+00:00
42,Shakhbout City,ChIJDbcz2A9tXz4RnqvVPtIP15c,24.3481854,54.6238561,ChIJVWQVD7E3Xj4RQ-5zO0t9tHU,nisreen.rosie makeup,DIRECT,3.8838,5.0,Google Places API (New),2026-09-02T15:35:56+00:00
42,Shakhbout City,ChIJDbcz2A9tXz4RnqvVPtIP15c,24.3481854,54.6238561,ChIJ22Wcv7M5Xj4RHiLNi34QnEI,MU LaCoiffeur Lounge woman,DIRECT,3.9681,5.0,Google Places API (New),2026-09-02T15:35:56+00:00
42,Shakhbout City,ChIJDbcz2A9tXz4RnqvVPtIP15c,24.3481854,54.6238561,ChIJBfiK_gU3Xj4RveC4lqwKWko,Companion Beauty Salon - AbuDhabi - Bawabat Al Sharq Mall (8th BR),DIRECT,4.0193,5.0,Google Places API (New),2026-09-02T15:35:56+00:00
42,Shakhbout City,ChIJDbcz2A9tXz4RnqvVPtIP15c,24.3481854,54.6238561,ChIJQ5qjYpc3Xj4RTAn_1hI76aI,izil Moroccan Beauty | Hammam & SPA - Bawabat Al Sharq Mall,DIRECT,4.0201,5.0,Google Places API (New),2026-09-02T15:35:56+00:00
42,Shakhbout City,ChIJDbcz2A9tXz4RnqvVPtIP15c,24.3481854,54.6238561,ChIJ39lgm6M3Xj4RbqH0Ipuq43c,Sugar Beauty Lounge Bawabat,DIRECT,4.0606,5.0,Google Places API (New),2026-09-02T15:35:56+00:00
42,Shakhbout City,ChIJDbcz2A9tXz4RnqvVPtIP15c,24.3481854,54.6238561,ChIJT3PvNzI3Xj4RJ1wkNwZNvPk,Golden wave saloon,DIRECT,4.1487,5.0,Google Places API (New),2026-09-02T15:35:56+00:00
42,Shakhbout City,ChIJDbcz2A9tXz4RnqvVPtIP15c,24.3481854,54.6238561,ChIJJbk9MgA5Xj4RdrOXBDBauLA,Massage Rosi Relax Retreat,ADJACENT,4.2236,5.0,Google Places API (New),2026-09-02T15:35:56+00:00
42,Shakhbout City,ChIJDbcz2A9tXz4RnqvVPtIP15c,24.3481854,54.6238561,ChIJg-4lyOM3Xj4RjXGHH6n7wOw,House of Hair Cutt,DIRECT,4.2506,5.0,Google Places API (New),2026-09-02T15:35:56+00:00
42,Shakhbout City,ChIJDbcz2A9tXz4RnqvVPtIP15c,24.3481854,54.6238561,ChIJNUWVaoM3Xj4RHWdV5LZ8nYM,Arous al Sahara Saloon,DIRECT,4.2819,5.0,Google Places API (New),2026-09-02T15:35:56+00:00
42,Shakhbout City,ChIJDbcz2A9tXz4RnqvVPtIP15c,24.3481854,54.6238561,ChIJcayFawA3Xj4RGL4NMt-j9P8,بوقاسم الحضرمي,DIRECT,4.5653,5.0,Google Places API (New),2026-09-02T15:35:56+00:00
42,Shakhbout City,ChIJDbcz2A9tXz4RnqvVPtIP15c,24.3481854,54.6238561,ChIJtZvbeaE5Xj4RcFGOifDqc9A,صالون الفارس البيض لرجال,DIRECT,4.6059,5.0,Google Places API (New),2026-09-02T15:35:56+00:00
42,Shakhbout City,ChIJDbcz2A9tXz4RnqvVPtIP15c,24.3481854,54.6238561,ChIJCdkvq-G3ij4RlSWto3RUY9Q,Pretty massage spa center,ADJACENT,4.6342,5.0,Google Places API (New),2026-09-02T15:35:56+00:00
42,Shakhbout City,ChIJDbcz2A9tXz4RnqvVPtIP15c,24.3481854,54.6238561,ChIJP62LnMA3Xj4RIszOUCkof-4,Crown worthy beauty center مركز كراون ويرثي للتجميل,DIRECT,4.6585,5.0,Google Places API (New),2026-09-02T15:35:56+00:00
42,Shakhbout City,ChIJDbcz2A9tXz4RnqvVPtIP15c,24.3481854,54.6238561,ChIJxaeFdgA3Xj4RZzOvlvGfAds,Spa Baniyas Home Service,ADJACENT,4.7202,5.0,Google Places API (New),2026-09-02T15:35:56+00:00
42,Shakhbout City,ChIJDbcz2A9tXz4RnqvVPtIP15c,24.3481854,54.6238561,ChIJKYgzG_g3Xj4Ro3U1KPZAqbI,لافيرت بيوتي صالون La verte Beauty salon,DIRECT,4.7985,5.0,Google Places API (New),2026-09-02T15:35:56+00:00
42,Shakhbout City,ChIJDbcz2A9tXz4RnqvVPtIP15c,24.3481854,54.6238561,ChIJn8JqQR03Xj4REWqgFbMUIYQ,صالون شباب سناب,DIRECT,4.8154,5.0,Google Places API (New),2026-09-02T15:35:56+00:00
42,Shakhbout City,ChIJDbcz2A9tXz4RnqvVPtIP15c,24.3481854,54.6238561,ChIJRYqhWAA3Xj4RHPWhQzSfkWI,Etoile beauty salon,DIRECT,4.8235,5.0,Google Places API (New),2026-09-02T15:35:56+00:00
42,Shakhbout City,ChIJDbcz2A9tXz4RnqvVPtIP15c,24.3481854,54.6238561,ChIJDT-yNQA3Xj4Rvn8oUGWg5sc,ciseau blanc salon,DIRECT,4.9251,5.0,Google Places API (New),2026-09-02T15:35:56+00:00
34,Westyas Branch,ChIJURfcOI9FXj4RQMm5phqBgY8,24.4934924,54.5868369,ChIJ4UkIgGJFXj4Rqq_4olKf64c,White Angel Centre,DIRECT,0.0168,5.0,Google Places API (New),2026-09-02T15:35:56+00:00
34,Westyas Branch,ChIJURfcOI9FXj4RQMm5phqBgY8,24.4934924,54.5868369,ChIJFZhIAO5DXj4RzlYwDOcq5NA,KF Makeup & Hair Styling (Home Service),DIRECT,0.0368,5.0,Google Places API (New),2026-09-02T15:35:56+00:00
34,Westyas Branch,ChIJURfcOI9FXj4RQMm5phqBgY8,24.4934924,54.5868369,ChIJJ5gJMwBFXj4RW3-X0Jq0yYo,Massage Europe Hidden Bliss Spa VV,DIRECT,0.8781,5.0,Google Places API (New),2026-09-02T15:35:56+00:00
34,Westyas Branch,ChIJURfcOI9FXj4RQMm5phqBgY8,24.4934924,54.5868369,ChIJ2TsjEQBFXj4Rb-4efjHOfG4,Massage At Home South Thun Holidays,ADJACENT,1.1473,5.0,Google Places API (New),2026-09-02T15:35:56+00:00
34,Westyas Branch,ChIJURfcOI9FXj4RQMm5phqBgY8,24.4934924,54.5868369,ChIJnbUMv8FFXj4RNd5I0EaxNd0,Ivy Beauty and Bubbles at The WB Abu Dhabi,DIRECT,1.2254,5.0,Google Places API (New),2026-09-02T15:35:56+00:00
34,Westyas Branch,ChIJURfcOI9FXj4RQMm5phqBgY8,24.4934924,54.5868369,ChIJlwuS98FFXj4RHlziQizgHi8,"The WB Abu Dhabi, Curio Collection by Hilton",ADJACENT,1.2583,5.0,Google Places API (New),2026-09-02T15:35:56+00:00
34,Westyas Branch,ChIJURfcOI9FXj4RQMm5phqBgY8,24.4934924,54.5868369,ChIJHxjtWBlFXj4RDcKTU8utwso,Ghanj Salon,DIRECT,1.2831,5.0,Google Places API (New),2026-09-02T15:35:56+00:00
34,Westyas Branch,ChIJURfcOI9FXj4RQMm5phqBgY8,24.4934924,54.5868369,ChIJsXh-qCRFXj4RPD1S74hayKA,Très Chic Beauty Lounge,DIRECT,1.2952,5.0,Google Places API (New),2026-09-02T15:35:56+00:00
34,Westyas Branch,ChIJURfcOI9FXj4RQMm5phqBgY8,24.4934924,54.5868369,ChIJOWstIIc5Xj4RsZnNuhAC5VU,Massage Taiwan SVIP Relax Mia,ADJACENT,1.3063,5.0,Google Places API (New),2026-09-02T15:35:56+00:00
34,Westyas Branch,ChIJURfcOI9FXj4RQMm5phqBgY8,24.4934924,54.5868369,ChIJzytGPQBFXj4ROm4eylf7Kho,Yaber alahbabi,DIRECT,1.3472,5.0,Google Places API (New),2026-09-02T15:35:56+00:00
34,Westyas Branch,ChIJURfcOI9FXj4RQMm5phqBgY8,24.4934924,54.5868369,ChIJo4LMTXxFXj4R5iCfrp3S2BQ,Therapists.ae - Home Service Massage,ADJACENT,1.372,5.0,Google Places API (New),2026-09-02T15:35:56+00:00
34,Westyas Branch,ChIJURfcOI9FXj4RQMm5phqBgY8,24.4934924,54.5868369,ChIJeeAdRABFXj4Rzvb-S7eVHy8,Massage Haven of Rest Enjoy,ADJACENT,1.4578,5.0,Google Places API (New),2026-09-02T15:35:56+00:00
34,Westyas Branch,ChIJURfcOI9FXj4RQMm5phqBgY8,24.4934924,54.5868369,ChIJvTrBHgA1Xj4ReO_eneusAaw,Home Massage Sense Luxurion,ADJACENT,1.4849,5.0,Google Places API (New),2026-09-02T15:35:56+00:00
34,Westyas Branch,ChIJURfcOI9FXj4RQMm5phqBgY8,24.4934924,54.5868369,ChIJiRA2fSNFXj4RMWrYFpOYLvQ,Scarlet Rose Salon,DIRECT,1.4948,5.0,Google Places API (New),2026-09-02T15:35:56+00:00
34,Westyas Branch,ChIJURfcOI9FXj4RQMm5phqBgY8,24.4934924,54.5868369,ChIJNZjaMk5FXj4RBlQbbIh0BkA,Beauty Lab Salon,DIRECT,1.532,5.0,Google Places API (New),2026-09-02T15:35:56+00:00
34,Westyas Branch,ChIJURfcOI9FXj4RQMm5phqBgY8,24.4934924,54.5868369,ChIJcyujQQVFXj4RLUiC5VInFO8,Massage PvD European Relaxing SUS,ADJACENT,1.5652,5.0,Google Places API (New),2026-09-02T15:35:56+00:00
34,Westyas Branch,ChIJURfcOI9FXj4RQMm5phqBgY8,24.4934924,54.5868369,ChIJ3-uGn0Iz26cR1MLoPgqPDNw,The Serenity Spa Clinic and Massage,DIRECT,1.5908,5.0,Google Places API (New),2026-09-02T15:35:56+00:00
34,Westyas Branch,ChIJURfcOI9FXj4RQMm5phqBgY8,24.4934924,54.5868369,ChIJs8VLrXFFXj4RAgma1lPZzZw,Nails Style Beauty Centre - Yas Mall,DIRECT,1.6655,5.0,Google Places API (New),2026-09-02T15:35:56+00:00
34,Westyas Branch,ChIJURfcOI9FXj4RQMm5phqBgY8,24.4934924,54.5868369,ChIJ356381xFXj4RleluuqcjXKw,La bella vita ladies salon,DIRECT,1.8157,5.0,Google Places API (New),2026-09-02T15:35:56+00:00
34,Westyas Branch,ChIJURfcOI9FXj4RQMm5phqBgY8,24.4934924,54.5868369,ChIJldsuf4dPXj4RP-dmBlvAypc,The Loft Fifth Avenue Beauty Lounge - Yas Mall,DIRECT,2.2062,5.0,Google Places API (New),2026-09-02T15:35:56+00:00
34,Westyas Branch,ChIJURfcOI9FXj4RQMm5phqBgY8,24.4934924,54.5868369,ChIJeQR6m39FXj4R_lb3bZ30fCg,Benefit Cosmetics Brow Bar,DIRECT,2.2544,5.0,Google Places API (New),2026-09-02T15:35:56+00:00
34,Westyas Branch,ChIJURfcOI9FXj4RQMm5phqBgY8,24.4934924,54.5868369,ChIJUa8OzOlFXj4Rwz13Z_Ot4xk,Nails Style Beauty Centre,DIRECT,2.2693,5.0,Google Places API (New),2026-09-02T15:35:56+00:00
34,Westyas Branch,ChIJURfcOI9FXj4RQMm5phqBgY8,24.4934924,54.5868369,ChIJ4x3g-H1FXj4RJ3-M0d7X8kw,Yves Rocher - France,DIRECT,2.2724,5.0,Google Places API (New),2026-09-02T15:35:56+00:00
34,Westyas Branch,ChIJURfcOI9FXj4RQMm5phqBgY8,24.4934924,54.5868369,ChIJo0AcVmRFXj4RX_BMC8Yz8Rc,Taif Beauty salon,DIRECT,2.2812,5.0,Google Places API (New),2026-09-02T15:35:56+00:00
34,Westyas Branch,ChIJURfcOI9FXj4RQMm5phqBgY8,24.4934924,54.5868369,ChIJX56uiH1FXj4R0q65jZPBHjU,Tips and Toes Yas Mall,DIRECT,2.4087,5.0,Google Places API (New),2026-09-02T15:35:56+00:00
34,Westyas Branch,ChIJURfcOI9FXj4RQMm5phqBgY8,24.4934924,54.5868369,ChIJw8rScR1FXj4RqBQrVfnEKSg,GUMAMELA Ladies Beauty Salon,DIRECT,2.4122,5.0,Google Places API (New),2026-09-02T15:35:56+00:00
34,Westyas Branch,ChIJURfcOI9FXj4RQMm5phqBgY8,24.4934924,54.5868369,ChIJNe0TlU1PXj4Refjm7kiQahI,Mizu Beauty Lounge,DIRECT,2.7261,5.0,Google Places API (New),2026-09-02T15:35:56+00:00
34,Westyas Branch,ChIJURfcOI9FXj4RQMm5phqBgY8,24.4934924,54.5868369,ChIJE9eIMqlFXj4RF-kQMY6rfGk,D.spa.uae,ADJACENT,2.8608,5.0,Google Places API (New),2026-09-02T15:35:56+00:00
34,Westyas Branch,ChIJURfcOI9FXj4RQMm5phqBgY8,24.4934924,54.5868369,ChIJvyyV2wRFXj4R_PuWM8M6Joc,The Spa,ADJACENT,3.0708,5.0,Google Places API (New),2026-09-02T15:35:56+00:00
34,Westyas Branch,ChIJURfcOI9FXj4RQMm5phqBgY8,24.4934924,54.5868369,ChIJbWf7-eFFXj4R3ua_ke0oiTc,"Azure Beauty Salon, Crowne Plaza",DIRECT,3.2908,5.0,Google Places API (New),2026-09-02T15:35:56+00:00
34,Westyas Branch,ChIJURfcOI9FXj4RQMm5phqBgY8,24.4934924,54.5868369,ChIJA9g7M45FXj4RgCVL-7Yomi8,Yas Plaza Marina,ADJACENT,3.3031,5.0,Google Places API (New),2026-09-02T15:35:56+00:00
34,Westyas Branch,ChIJURfcOI9FXj4RQMm5phqBgY8,24.4934924,54.5868369,ChIJJeEfBQBnXj4Rvh_7We3A1uY,Massage Singapore relax royal CX,ADJACENT,3.4083,5.0,Google Places API (New),2026-09-02T15:35:56+00:00
34,Westyas Branch,ChIJURfcOI9FXj4RQMm5phqBgY8,24.4934924,54.5868369,ChIJAdgYhN5PXj4RaWe6WoDcrrc,Beauty Lab Salon,DIRECT,3.4552,5.0,Google Places API (New),2026-09-02T15:35:56+00:00
34,Westyas Branch,ChIJURfcOI9FXj4RQMm5phqBgY8,24.4934924,54.5868369,ChIJqcJ2AyFpXj4RChpVopwphFs,Massage Vip,ADJACENT,3.4678,5.0,Google Places API (New),2026-09-02T15:35:56+00:00
34,Westyas Branch,ChIJURfcOI9FXj4RQMm5phqBgY8,24.4934924,54.5868369,ChIJQfe_D4lFXj4R6bFufgR02Nk,AWAY Spa at W Abu Dhabi - Yas Island,ADJACENT,3.4748,5.0,Google Places API (New),2026-09-02T15:35:56+00:00
34,Westyas Branch,ChIJURfcOI9FXj4RQMm5phqBgY8,24.4934924,54.5868369,ChIJzcPxGclFXj4RgilnBM_Dex0,Dolly massage spa,ADJACENT,3.586,5.0,Google Places API (New),2026-09-02T15:35:56+00:00
34,Westyas Branch,ChIJURfcOI9FXj4RQMm5phqBgY8,24.4934924,54.5868369,ChIJt0-oE3ZDXj4RR1OqoJZWcA8,Massage Relax Abu Dhabi Spa,ADJACENT,3.5996,5.0,Google Places API (New),2026-09-02T15:35:56+00:00
34,Westyas Branch,ChIJURfcOI9FXj4RQMm5phqBgY8,24.4934924,54.5868369,ChIJ945rcwBFXj4RkED4A0Sq8Fs,The Massage Taiwan Luxuryy,ADJACENT,3.6034,5.0,Google Places API (New),2026-09-02T15:35:56+00:00
34,Westyas Branch,ChIJURfcOI9FXj4RQMm5phqBgY8,24.4934924,54.5868369,ChIJbdFPcgBPXj4RDYBTLyeUt1s,Massage Taiwan Hugo tina,ADJACENT,3.6034,5.0,Google Places API (New),2026-09-02T15:35:56+00:00
34,Westyas Branch,ChIJURfcOI9FXj4RQMm5phqBgY8,24.4934924,54.5868369,ChIJTRn6LBD5e0cRFFDf0XSnj_o,Helen - Home Massage,ADJACENT,3.6495,5.0,Google Places API (New),2026-09-02T15:35:56+00:00
34,Westyas Branch,ChIJURfcOI9FXj4RQMm5phqBgY8,24.4934924,54.5868369,ChIJd3VfRABFXj4RoJX7BPVLJ2I,Massage Abu Dhabi korea myvy,ADJACENT,3.6919,5.0,Google Places API (New),2026-09-02T15:35:56+00:00
34,Westyas Branch,ChIJURfcOI9FXj4RQMm5phqBgY8,24.4934924,54.5868369,ChIJezaQQwBBXj4R8W4UeHe3dXo,Massage Relax Elite Beauty,ADJACENT,3.7761,5.0,Google Places API (New),2026-09-02T15:35:56+00:00
34,Westyas Branch,ChIJURfcOI9FXj4RQMm5phqBgY8,24.4934924,54.5868369,ChIJFcYkWQBFXj4RETEuxejhGuk,Massage Hinther good service,ADJACENT,4.0376,5.0,Google Places API (New),2026-09-02T15:35:56+00:00
34,Westyas Branch,ChIJURfcOI9FXj4RQMm5phqBgY8,24.4934924,54.5868369,ChIJmckIai1FXj4RDJdfcplz-70,Beautyspot Salons,DIRECT,4.0544,5.0,Google Places API (New),2026-09-02T15:35:56+00:00
34,Westyas Branch,ChIJURfcOI9FXj4RQMm5phqBgY8,24.4934924,54.5868369,ChIJ7za_SY1FXj4R1gEhQkwqFQU,Hilton Abu Dhabi Yas Island,ADJACENT,4.0557,5.0,Google Places API (New),2026-09-02T15:35:56+00:00
34,Westyas Branch,ChIJURfcOI9FXj4RQMm5phqBgY8,24.4934924,54.5868369,ChIJy06r3PNFXj4RK3wK2NZkGJc,eforea spa,ADJACENT,4.0971,5.0,Google Places API (New),2026-09-02T15:35:56+00:00
34,Westyas Branch,ChIJURfcOI9FXj4RQMm5phqBgY8,24.4934924,54.5868369,ChIJ5y4OGQBPXj4RaKJl5Cl6V6M,Taiwan Massage VIP - Moonlight Retreat,DIRECT,4.2423,5.0,Google Places API (New),2026-09-02T15:35:56+00:00
34,Westyas Branch,ChIJURfcOI9FXj4RQMm5phqBgY8,24.4934924,54.5868369,ChIJ_3PpKfdFXj4RMHet52RdlMM,Edelweiss Beauty Centre,DIRECT,4.9339,5.0,Google Places API (New),2026-09-02T15:35:56+00:00
34,Westyas Branch,ChIJURfcOI9FXj4RQMm5phqBgY8,24.4934924,54.5868369,ChIJQ-xRY6NFXj4Ru-FAiCzJdaQ,Twiink Beauty Studio - Ladies Beauty Salon,DIRECT,4.9493,5.0,Google Places API (New),2026-09-02T15:35:56+00:00
34,Westyas Branch,ChIJURfcOI9FXj4RQMm5phqBgY8,24.4934924,54.5868369,ChIJAR_nF0BFXj4R4tqQUPp56G4,Bua Lady Spa,ADJACENT,4.968,5.0,Google Places API (New),2026-09-02T15:35:56+00:00
49,Zawaya Walk,ChIJNY29cDNZXz4RT5H-KSCWfCo,25.3306234,55.4294728,ChIJgZi0eABZXz4Reaj7bsAr8Hw,Sharjah,DIRECT,0.2721,5.0,Google Places API (New),2026-09-02T15:35:56+00:00
49,Zawaya Walk,ChIJNY29cDNZXz4RT5H-KSCWfCo,25.3306234,55.4294728,ChIJ5dkUnuJZXz4RTGENNUueXYo,MO.SAIFAL ISLAM HAIRDRESSING SALON,DIRECT,0.6131,5.0,Google Places API (New),2026-09-02T15:35:56+00:00
49,Zawaya Walk,ChIJNY29cDNZXz4RT5H-KSCWfCo,25.3306234,55.4294728,ChIJOb3nNT9ZXz4R0AlN378EF6c,DAR AL ZUMURUD BEAUTY CENTRE,DIRECT,0.6395,5.0,Google Places API (New),2026-09-02T15:35:56+00:00
49,Zawaya Walk,ChIJNY29cDNZXz4RT5H-KSCWfCo,25.3306234,55.4294728,ChIJGQ0tODJZXz4Rl_nrk7UzIpI,Al Ismailia Hair Dressing Saloon,DIRECT,0.6889,5.0,Google Places API (New),2026-09-02T15:35:56+00:00
49,Zawaya Walk,ChIJNY29cDNZXz4RT5H-KSCWfCo,25.3306234,55.4294728,ChIJodR00X5ZXz4RrGIIFJ9JMOI,Amwaj Al Bahar Beauty Center,DIRECT,0.7142,5.0,Google Places API (New),2026-09-02T15:35:56+00:00
49,Zawaya Walk,ChIJNY29cDNZXz4RT5H-KSCWfCo,25.3306234,55.4294728,ChIJ37_HzdVZXz4RBqC6Ah5wiHw,صالون الرماقيه,DIRECT,0.7235,5.0,Google Places API (New),2026-09-02T15:35:56+00:00
49,Zawaya Walk,ChIJNY29cDNZXz4RT5H-KSCWfCo,25.3306234,55.4294728,ChIJH7W3Zz9ZXz4R8ljZUTHJ5Lk,Al Rajul Al Mumaiaz Hair Dressing Saloon,DIRECT,0.7533,5.0,Google Places API (New),2026-09-02T15:35:56+00:00
49,Zawaya Walk,ChIJNY29cDNZXz4RT5H-KSCWfCo,25.3306234,55.4294728,ChIJrZr_ZshZXz4RZYDbi28a91U,صالون جوجو للسيدات,DIRECT,0.8021,5.0,Google Places API (New),2026-09-02T15:35:56+00:00
49,Zawaya Walk,ChIJNY29cDNZXz4RT5H-KSCWfCo,25.3306234,55.4294728,ChIJoeEQFz9ZXz4RXeUXpm1BjR0,Sozan Ladies Saloon,DIRECT,0.8037,5.0,Google Places API (New),2026-09-02T15:35:56+00:00
49,Zawaya Walk,ChIJNY29cDNZXz4RT5H-KSCWfCo,25.3306234,55.4294728,ChIJL6YGUT5ZXz4RLXOvfgedjqw,Dhabiah saloon,DIRECT,0.9228,5.0,Google Places API (New),2026-09-02T15:35:56+00:00
49,Zawaya Walk,ChIJNY29cDNZXz4RT5H-KSCWfCo,25.3306234,55.4294728,ChIJcfgzQz5ZXz4R76xWmFnB528,Meer Ladies Saloon,DIRECT,0.9521,5.0,Google Places API (New),2026-09-02T15:35:56+00:00
49,Zawaya Walk,ChIJNY29cDNZXz4RT5H-KSCWfCo,25.3306234,55.4294728,ChIJqZR6eBVZXz4RfrFe8JZTrJw,Farah's Beauty Lounge,DIRECT,1.1001,5.0,Google Places API (New),2026-09-02T15:35:56+00:00
49,Zawaya Walk,ChIJNY29cDNZXz4RT5H-KSCWfCo,25.3306234,55.4294728,ChIJndAcFrlZXz4R4DSYAvtK7Vc,Dar Al Nukhbah Beauty Center,DIRECT,1.1135,5.0,Google Places API (New),2026-09-02T15:35:56+00:00
49,Zawaya Walk,ChIJNY29cDNZXz4RT5H-KSCWfCo,25.3306234,55.4294728,ChIJr5DqpdpZXz4RBkXFYA8Bhis,Cosmolaser Medical Center | مركز كوزمولايزر,DIRECT,1.1197,5.0,Google Places API (New),2026-09-02T15:35:56+00:00
49,Zawaya Walk,ChIJNY29cDNZXz4RT5H-KSCWfCo,25.3306234,55.4294728,ChIJl_G_HOFZXz4R2PnapI98n0o,Weneya Beauty center ( samnan BR ),DIRECT,1.2279,5.0,Google Places API (New),2026-09-02T15:35:56+00:00
49,Zawaya Walk,ChIJNY29cDNZXz4RT5H-KSCWfCo,25.3306234,55.4294728,ChIJs_Pr3hVZXz4RGxil7Ff_884,Hairdresser Tahran Saloon,DIRECT,1.3905,5.0,Google Places API (New),2026-09-02T15:35:56+00:00
49,Zawaya Walk,ChIJNY29cDNZXz4RT5H-KSCWfCo,25.3306234,55.4294728,ChIJA1lgaVRZXz4RiDoYO5c1PWA,Rajab,DIRECT,1.4038,5.0,Google Places API (New),2026-09-02T15:35:56+00:00
49,Zawaya Walk,ChIJNY29cDNZXz4RT5H-KSCWfCo,25.3306234,55.4294728,ChIJ0YWEjBZZXz4Rlr_6RyMu_RM,الركن التايلندي للمساج و الحمام المغربي للسيدات,ADJACENT,1.6107,5.0,Google Places API (New),2026-09-02T15:35:56+00:00
49,Zawaya Walk,ChIJNY29cDNZXz4RT5H-KSCWfCo,25.3306234,55.4294728,ChIJBV8FjRZZXz4RmqXXsT4z61o,Qatr Al Nada Ladies Beauty Saloon,DIRECT,1.628,5.0,Google Places API (New),2026-09-02T15:35:56+00:00
49,Zawaya Walk,ChIJNY29cDNZXz4RT5H-KSCWfCo,25.3306234,55.4294728,ChIJI6kdiclZXz4RxZY6UTyFWoU,JABAL AL WARD LADIES SALON,DIRECT,1.7037,5.0,Google Places API (New),2026-09-02T15:35:56+00:00
49,Zawaya Walk,ChIJNY29cDNZXz4RT5H-KSCWfCo,25.3306234,55.4294728,ChIJ_830o2pfXz4R8Qx3ONhwrfE,Kalimat Beauty Center مركز كلمات للتجميل,DIRECT,1.7075,5.0,Google Places API (New),2026-09-02T15:35:56+00:00
49,Zawaya Walk,ChIJNY29cDNZXz4RT5H-KSCWfCo,25.3306234,55.4294728,ChIJL5YDXKVZXz4RnfZj13al2Ng,صالون سونا للتجميل,DIRECT,1.7659,5.0,Google Places API (New),2026-09-02T15:35:56+00:00
49,Zawaya Walk,ChIJNY29cDNZXz4RT5H-KSCWfCo,25.3306234,55.4294728,ChIJax8yHhdZXz4RAjw7Td2209k,Halwan Hair Dresser Saloon,DIRECT,1.7673,5.0,Google Places API (New),2026-09-02T15:35:56+00:00
49,Zawaya Walk,ChIJNY29cDNZXz4RT5H-KSCWfCo,25.3306234,55.4294728,ChIJrYrSF4lZXz4RYPxfvCT2ZLc,صالون فن الجاذبية,DIRECT,1.7715,5.0,Google Places API (New),2026-09-02T15:35:56+00:00
49,Zawaya Walk,ChIJNY29cDNZXz4RT5H-KSCWfCo,25.3306234,55.4294728,ChIJ8RVCHxdZXz4RxiKB83TcVO0,Al Dour Haircutting Saloon,DIRECT,1.79,5.0,Google Places API (New),2026-09-02T15:35:56+00:00
49,Zawaya Walk,ChIJNY29cDNZXz4RT5H-KSCWfCo,25.3306234,55.4294728,ChIJax8yHhdZXz4RbpgE5mygB3g,Al Ahlam Ladies Saloon,DIRECT,1.8044,5.0,Google Places API (New),2026-09-02T15:35:56+00:00
49,Zawaya Walk,ChIJNY29cDNZXz4RT5H-KSCWfCo,25.3306234,55.4294728,ChIJxZWfPCFZXz4RrR7kgogRbRs,Afrina Beauty Henna & Training Center Al Khezamia,DIRECT,1.837,5.0,Google Places API (New),2026-09-02T15:35:56+00:00
49,Zawaya Walk,ChIJNY29cDNZXz4RT5H-KSCWfCo,25.3306234,55.4294728,ChIJ18eUxGdZXz4RVWnvBfjJAzI,Nazih Beauty | Al Qasmia St | Sharjah,DIRECT,1.8711,5.0,Google Places API (New),2026-09-02T15:35:56+00:00
49,Zawaya Walk,ChIJNY29cDNZXz4RT5H-KSCWfCo,25.3306234,55.4294728,ChIJRwoDLABZXz4Rr9S5xixAydg,Al Ghaida ladies salon,DIRECT,1.9677,5.0,Google Places API (New),2026-09-02T15:35:56+00:00
49,Zawaya Walk,ChIJNY29cDNZXz4RT5H-KSCWfCo,25.3306234,55.4294728,ChIJQVCFjfJZXz4RIeP-TQ2bbJU,Dar salwa ladies salon شیبا متخصصة کیا الصبغة الحواجب وترتيب الحواجب,DIRECT,2.0014,5.0,Google Places API (New),2026-09-02T15:35:56+00:00
49,Zawaya Walk,ChIJNY29cDNZXz4RT5H-KSCWfCo,25.3306234,55.4294728,ChIJX8Cw0BBZXz4Rb2uZZEkEAPw,Mawawil Ladies Saloon,DIRECT,2.0058,5.0,Google Places API (New),2026-09-02T15:35:56+00:00
49,Zawaya Walk,ChIJNY29cDNZXz4RT5H-KSCWfCo,25.3306234,55.4294728,ChIJPZgJ0RBZXz4R5dRt5VZ5oYA,Sugar Iron Salon,DIRECT,2.0065,5.0,Google Places API (New),2026-09-02T15:35:56+00:00
49,Zawaya Walk,ChIJNY29cDNZXz4RT5H-KSCWfCo,25.3306234,55.4294728,ChIJX8Cw0BBZXz4RQ911ijCqkZE,صالون صوفيا للسيدات,DIRECT,2.0065,5.0,Google Places API (New),2026-09-02T15:35:56+00:00
49,Zawaya Walk,ChIJNY29cDNZXz4RT5H-KSCWfCo,25.3306234,55.4294728,ChIJ7xAfVzlZXz4RhaL2B6vjwkY,Sunflower beauty Center Br.1,DIRECT,2.0081,5.0,Google Places API (New),2026-09-02T15:35:56+00:00
49,Zawaya Walk,ChIJNY29cDNZXz4RT5H-KSCWfCo,25.3306234,55.4294728,ChIJY0PasBBZXz4RxxSBwQOhhLs,صالون الجوال للسيدات,DIRECT,2.0712,5.0,Google Places API (New),2026-09-02T15:35:56+00:00
49,Zawaya Walk,ChIJNY29cDNZXz4RT5H-KSCWfCo,25.3306234,55.4294728,ChIJUSIIsRBZXz4R70gQkI41nIw,Al Burqou Ladies Saloon صالون البرقع,DIRECT,2.0714,5.0,Google Places API (New),2026-09-02T15:35:56+00:00
49,Zawaya Walk,ChIJNY29cDNZXz4RT5H-KSCWfCo,25.3306234,55.4294728,ChIJkZEFdNZeXz4R8AGznZ7zfLk,Anamel beauty and nails spa,DIRECT,2.0789,5.0,Google Places API (New),2026-09-02T15:35:56+00:00
49,Zawaya Walk,ChIJNY29cDNZXz4RT5H-KSCWfCo,25.3306234,55.4294728,ChIJUSIIsRBZXz4RkkOIx7qdTXA,Benin Hairdressing Saloon,DIRECT,2.0864,5.0,Google Places API (New),2026-09-02T15:35:56+00:00
49,Zawaya Walk,ChIJNY29cDNZXz4RT5H-KSCWfCo,25.3306234,55.4294728,ChIJI8lEDABfXz4Rrw_ts9Dr_og,Al Tamil Al Abyad Hairdressing Saloon,DIRECT,2.228,5.0,Google Places API (New),2026-09-02T15:35:56+00:00
49,Zawaya Walk,ChIJNY29cDNZXz4RT5H-KSCWfCo,25.3306234,55.4294728,ChIJFZ9XEABfXz4R34Q8hsCY-H0,صالون وليد الخليفه,DIRECT,2.6494,5.0,Google Places API (New),2026-09-02T15:35:56+00:00
49,Zawaya Walk,ChIJNY29cDNZXz4RT5H-KSCWfCo,25.3306234,55.4294728,ChIJ5UfzKpBZXz4RqR3Z6iWg7G8,Villa Thalgo Sharjah,ADJACENT,2.7088,5.0,Google Places API (New),2026-09-02T15:35:56+00:00
49,Zawaya Walk,ChIJNY29cDNZXz4RT5H-KSCWfCo,25.3306234,55.4294728,ChIJYdYrnnpZXz4RjLXEnfNGyfg,Karkafi Hair Extension Sharjah قرقفي للشعر المستعار (اكستنشن) الشارقة,DIRECT,2.8362,5.0,Google Places API (New),2026-09-02T15:35:56+00:00
49,Zawaya Walk,ChIJNY29cDNZXz4RT5H-KSCWfCo,25.3306234,55.4294728,ChIJ0dcd2lNZXz4RQKPU-kY2TN8,Hair By Blue,DIRECT,2.8497,5.0,Google Places API (New),2026-09-02T15:35:56+00:00
49,Zawaya Walk,ChIJNY29cDNZXz4RT5H-KSCWfCo,25.3306234,55.4294728,ChIJRTqRoFhZXz4Rodei4kBhuRM,8CQH+V34 Sharjah,ADJACENT,2.8497,5.0,Google Places API (New),2026-09-02T15:35:56+00:00
49,Zawaya Walk,ChIJNY29cDNZXz4RT5H-KSCWfCo,25.3306234,55.4294728,ChIJO2ACluZZXz4RbQ8pcNKKSrk,Canada SPA,ADJACENT,2.8497,5.0,Google Places API (New),2026-09-02T15:35:56+00:00
49,Zawaya Walk,ChIJNY29cDNZXz4RT5H-KSCWfCo,25.3306234,55.4294728,ChIJl6aJKidfXz4RMsniM_bpZsM,Al Sarab Saloon,DIRECT,2.9077,5.0,Google Places API (New),2026-09-02T15:35:56+00:00
49,Zawaya Walk,ChIJNY29cDNZXz4RT5H-KSCWfCo,25.3306234,55.4294728,ChIJLV39IwBfXz4RfkymV3QNwoM,Tiptoe nailounge,DIRECT,2.9123,5.0,Google Places API (New),2026-09-02T15:35:56+00:00
49,Zawaya Walk,ChIJNY29cDNZXz4RT5H-KSCWfCo,25.3306234,55.4294728,ChIJ9fLeKQBZXz4RANcolwUEpRo,ASH Beauty Lounge,DIRECT,2.9717,5.0,Google Places API (New),2026-09-02T15:35:56+00:00
49,Zawaya Walk,ChIJNY29cDNZXz4RT5H-KSCWfCo,25.3306234,55.4294728,ChIJTbjikgtZXz4RMiGNoUNLPnw,Aisha Beauty Salon,DIRECT,3.0044,5.0,Google Places API (New),2026-09-02T15:35:56+00:00
49,Zawaya Walk,ChIJNY29cDNZXz4RT5H-KSCWfCo,25.3306234,55.4294728,ChIJC9nNpUJfXz4RnTHPcGIF4Ko,Clarins Boutique & Spa (City Centre Al Zahia),ADJACENT,3.0557,5.0,Google Places API (New),2026-09-02T15:35:56+00:00
49,Zawaya Walk,ChIJNY29cDNZXz4RT5H-KSCWfCo,25.3306234,55.4294728,ChIJKYc-EWBfXz4RkNN7aXLiX_A,The Loft Fifth Avenue Beauty Lounge - City Centre Al Zahia,DIRECT,3.0694,5.0,Google Places API (New),2026-09-02T15:35:56+00:00
49,Zawaya Walk,ChIJNY29cDNZXz4RT5H-KSCWfCo,25.3306234,55.4294728,ChIJL03XKh5fXz4RwJrF2R5bbJc,izil Moroccan Beauty | Hammam & SPA - City Centre Al Zahia,ADJACENT,3.1099,5.0,Google Places API (New),2026-09-02T15:35:56+00:00
49,Zawaya Walk,ChIJNY29cDNZXz4RT5H-KSCWfCo,25.3306234,55.4294728,ChIJEWHiVadfXz4R3tvFPPHpaVU,Shemal Al Madina Ladies Salon,DIRECT,3.1427,5.0,Google Places API (New),2026-09-02T15:35:56+00:00
49,Zawaya Walk,ChIJNY29cDNZXz4RT5H-KSCWfCo,25.3306234,55.4294728,ChIJYTEDHthbXz4RnoCtk0BM6cw,Al Gheroub Ladies Salon- Al Qasimiah,DIRECT,3.161,5.0,Google Places API (New),2026-09-02T15:35:56+00:00
49,Zawaya Walk,ChIJNY29cDNZXz4RT5H-KSCWfCo,25.3306234,55.4294728,ChIJWdrboqJfXz4RsoxDGFAS9Ho,صالون احمد غالب,DIRECT,3.2019,5.0,Google Places API (New),2026-09-02T15:35:56+00:00
49,Zawaya Walk,ChIJNY29cDNZXz4RT5H-KSCWfCo,25.3306234,55.4294728,ChIJc5khtppZXz4RofafrhU7b2o,Pause Saloon and Spa Sharjah,DIRECT,3.2247,5.0,Google Places API (New),2026-09-02T15:35:56+00:00
49,Zawaya Walk,ChIJNY29cDNZXz4RT5H-KSCWfCo,25.3306234,55.4294728,ChIJLZSUf_5fXz4Rq_byF16_u1w,Adam saloon Muwaileh,DIRECT,3.2253,5.0,Google Places API (New),2026-09-02T15:35:56+00:00
49,Zawaya Walk,ChIJNY29cDNZXz4RT5H-KSCWfCo,25.3306234,55.4294728,ChIJH9ezoptZXz4RfRCnIn9sH_4,la belle beauty center & spa,DIRECT,3.2282,5.0,Google Places API (New),2026-09-02T15:35:56+00:00
49,Zawaya Walk,ChIJNY29cDNZXz4RT5H-KSCWfCo,25.3306234,55.4294728,ChIJyZLa-MNZXz4RuY4N3AHUYVs,Clove Beauty Center,DIRECT,3.2727,5.0,Google Places API (New),2026-09-02T15:35:56+00:00
49,Zawaya Walk,ChIJNY29cDNZXz4RT5H-KSCWfCo,25.3306234,55.4294728,ChIJO6b71yNfXz4RQ_YTJwK4dFs,Polished Spa,ADJACENT,3.3292,5.0,Google Places API (New),2026-09-02T15:35:56+00:00
49,Zawaya Walk,ChIJNY29cDNZXz4RT5H-KSCWfCo,25.3306234,55.4294728,ChIJKZAkpkhfXz4RGaeW31E9WkY,Al mahra spa المهرة سبا للتجميل,ADJACENT,3.3511,5.0,Google Places API (New),2026-09-02T15:35:56+00:00
49,Zawaya Walk,ChIJNY29cDNZXz4RT5H-KSCWfCo,25.3306234,55.4294728,ChIJ9__pgMNfXz4RgaUJ1yNmYxg,Broummana Saloon,DIRECT,3.3592,5.0,Google Places API (New),2026-09-02T15:35:56+00:00
49,Zawaya Walk,ChIJNY29cDNZXz4RT5H-KSCWfCo,25.3306234,55.4294728,ChIJaYl9CpVZXz4Rerjtulc7fLw,Leen Beauty Center,DIRECT,3.3604,5.0,Google Places API (New),2026-09-02T15:35:56+00:00
49,Zawaya Walk,ChIJNY29cDNZXz4RT5H-KSCWfCo,25.3306234,55.4294728,ChIJV0YgnyRfXz4RC14mubqOCiE,Royal Spa,ADJACENT,3.4011,5.0,Google Places API (New),2026-09-02T15:35:56+00:00
49,Zawaya Walk,ChIJNY29cDNZXz4RT5H-KSCWfCo,25.3306234,55.4294728,ChIJofTmTdpfXz4RdMzeH2B-GwU,The Beauty Revival Center مركز إحياء الجمال,DIRECT,3.4043,5.0,Google Places API (New),2026-09-02T15:35:56+00:00
49,Zawaya Walk,ChIJNY29cDNZXz4RT5H-KSCWfCo,25.3306234,55.4294728,ChIJR2fkRYJfXz4REzmPziZ6qpg,Anisaty Ladies Salon Muweillah Branch,DIRECT,3.4051,5.0,Google Places API (New),2026-09-02T15:35:56+00:00
49,Zawaya Walk,ChIJNY29cDNZXz4RT5H-KSCWfCo,25.3306234,55.4294728,ChIJ6wqSJytfXz4RIsuiHeaU9CE,Al Kadi Beauty (Salon & Spa),DIRECT,3.4063,5.0,Google Places API (New),2026-09-02T15:35:56+00:00
49,Zawaya Walk,ChIJNY29cDNZXz4RT5H-KSCWfCo,25.3306234,55.4294728,ChIJzYRGHGxfXz4RvTgt5jyI_0I,Al Majarah Al Zarqa Ladies Salon,DIRECT,3.4388,5.0,Google Places API (New),2026-09-02T15:35:56+00:00
49,Zawaya Walk,ChIJNY29cDNZXz4RT5H-KSCWfCo,25.3306234,55.4294728,ChIJA-EyzRdfXz4RE3t3rQSKlSc,Nail2u Spa,DIRECT,3.44,5.0,Google Places API (New),2026-09-02T15:35:56+00:00
49,Zawaya Walk,ChIJNY29cDNZXz4RT5H-KSCWfCo,25.3306234,55.4294728,ChIJS77minNfXz4R2YZQP0h5-UU,HAPPY CUT Salon,DIRECT,3.4407,5.0,Google Places API (New),2026-09-02T15:35:56+00:00
49,Zawaya Walk,ChIJNY29cDNZXz4RT5H-KSCWfCo,25.3306234,55.4294728,ChIJn35XMY9fXz4R3Zjk8xl7GB4,Mani & Pedi Sharjah - ماني اند بيدي الشارقة,DIRECT,3.4673,5.0,Google Places API (New),2026-09-02T15:35:56+00:00
49,Zawaya Walk,ChIJNY29cDNZXz4RT5H-KSCWfCo,25.3306234,55.4294728,ChIJRd2ILQBfXz4RQoeMtZwc7xY,Tariq Al Tamayoz,DIRECT,3.4676,5.0,Google Places API (New),2026-09-02T15:35:56+00:00
49,Zawaya Walk,ChIJNY29cDNZXz4RT5H-KSCWfCo,25.3306234,55.4294728,ChIJN9iT5I9fXz4Ra9wX-HJfdKQ,Touch Beauty Centre,DIRECT,3.4783,5.0,Google Places API (New),2026-09-02T15:35:56+00:00
49,Zawaya Walk,ChIJNY29cDNZXz4RT5H-KSCWfCo,25.3306234,55.4294728,ChIJaZVR4APfLYoRDs8nQwNkq7A,"Cutting Edge Ladies Salon I Mega Mall, Sharjah | Ladies Beauty Salon In Sharjah | Cutting Edge Ladies Hairdresser",DIRECT,3.4966,5.0,Google Places API (New),2026-09-02T15:35:56+00:00
49,Zawaya Walk,ChIJNY29cDNZXz4RT5H-KSCWfCo,25.3306234,55.4294728,ChIJS9adGiBfXz4ROf65E4Hk_-U,Nails House,DIRECT,3.5096,5.0,Google Places API (New),2026-09-02T15:35:56+00:00
49,Zawaya Walk,ChIJNY29cDNZXz4RT5H-KSCWfCo,25.3306234,55.4294728,ChIJu81xwBpfXz4RRRg116nWxg0,Camellia,DIRECT,3.5129,5.0,Google Places API (New),2026-09-02T15:35:56+00:00
49,Zawaya Walk,ChIJNY29cDNZXz4RT5H-KSCWfCo,25.3306234,55.4294728,ChIJq6qqqv1YXz4RaNpdZFGR3P0,Vanillia Beauty Center,DIRECT,3.5185,5.0,Google Places API (New),2026-09-02T15:35:56+00:00
49,Zawaya Walk,ChIJNY29cDNZXz4RT5H-KSCWfCo,25.3306234,55.4294728,ChIJEdGUSohZXz4RnakJtugwiL8,Al Maraa Al Latefah Ladies Saloon,DIRECT,3.5217,5.0,Google Places API (New),2026-09-02T15:35:56+00:00
49,Zawaya Walk,ChIJNY29cDNZXz4RT5H-KSCWfCo,25.3306234,55.4294728,ChIJXwWRdABfXz4RnN7GMvtyDOA,Rare Spa,DIRECT,3.5442,5.0,Google Places API (New),2026-09-02T15:35:56+00:00
49,Zawaya Walk,ChIJNY29cDNZXz4RT5H-KSCWfCo,25.3306234,55.4294728,ChIJpVXrOSNfXz4RkF8uK9KPRQc,Anamil Al Nawaiem Ladies Saloon,DIRECT,3.5523,5.0,Google Places API (New),2026-09-02T15:35:56+00:00
49,Zawaya Walk,ChIJNY29cDNZXz4RT5H-KSCWfCo,25.3306234,55.4294728,ChIJ0-U5SDVfXz4RjzjD_EyJoHs,Pure beauty ladies salon,DIRECT,3.5589,5.0,Google Places API (New),2026-09-02T15:35:56+00:00
49,Zawaya Walk,ChIJNY29cDNZXz4RT5H-KSCWfCo,25.3306234,55.4294728,ChIJPUZqMdFDXz4Rime0wbcP7Cg,Naturals Salon,DIRECT,3.5739,5.0,Google Places API (New),2026-09-02T15:35:56+00:00
49,Zawaya Walk,ChIJNY29cDNZXz4RT5H-KSCWfCo,25.3306234,55.4294728,ChIJR2ozSM5bXz4RulJTF9Db8wo,صالون وليلي للسيدات / الجزات Walili Ladies Salon,DIRECT,3.5942,5.0,Google Places API (New),2026-09-02T15:35:56+00:00
49,Zawaya Walk,ChIJNY29cDNZXz4RT5H-KSCWfCo,25.3306234,55.4294728,ChIJT81H6yJfXz4RAm6PY4_CtmE,Asmreko Beauty Centre,DIRECT,3.5984,5.0,Google Places API (New),2026-09-02T15:35:56+00:00
49,Zawaya Walk,ChIJNY29cDNZXz4RT5H-KSCWfCo,25.3306234,55.4294728,ChIJo-ZlFgFfXz4RvbE6oorJqH0,Albanat spa salon,DIRECT,3.6053,5.0,Google Places API (New),2026-09-02T15:35:56+00:00
49,Zawaya Walk,ChIJNY29cDNZXz4RT5H-KSCWfCo,25.3306234,55.4294728,ChIJr-Xr3SJfXz4R2jUVpCOh9hE,Reesh Muwaileh,DIRECT,3.6404,5.0,Google Places API (New),2026-09-02T15:35:56+00:00
49,Zawaya Walk,ChIJNY29cDNZXz4RT5H-KSCWfCo,25.3306234,55.4294728,ChIJaTUdmCBfXz4R3UO495zgSlk,Hair LTD.,DIRECT,3.648,5.0,Google Places API (New),2026-09-02T15:35:56+00:00
49,Zawaya Walk,ChIJNY29cDNZXz4RT5H-KSCWfCo,25.3306234,55.4294728,ChIJkf-pb2j59T4RhGpWeSp_mFA,90's Beauty Salon,DIRECT,3.652,5.0,Google Places API (New),2026-09-02T15:35:56+00:00
49,Zawaya Walk,ChIJNY29cDNZXz4RT5H-KSCWfCo,25.3306234,55.4294728,ChIJyZnvEO5fXz4RYDYSCHd58zU,صالون المقص التركي TURKISH SCISSOP SALOON,DIRECT,3.6669,5.0,Google Places API (New),2026-09-02T15:35:56+00:00
49,Zawaya Walk,ChIJNY29cDNZXz4RT5H-KSCWfCo,25.3306234,55.4294728,ChIJ0c6sEwBfXz4R2_n1oRWkBRs,Al Remoush Al Thahabiah Beauty Centre,DIRECT,3.6689,5.0,Google Places API (New),2026-09-02T15:35:56+00:00
49,Zawaya Walk,ChIJNY29cDNZXz4RT5H-KSCWfCo,25.3306234,55.4294728,ChIJ27NNoSxfXz4RzhvOVsqbLlw,Golden Lotus Beauty Salon,DIRECT,3.6702,5.0,Google Places API (New),2026-09-02T15:35:56+00:00
49,Zawaya Walk,ChIJNY29cDNZXz4RT5H-KSCWfCo,25.3306234,55.4294728,ChIJ1fk5k8JfXz4RhXaNK864CY4,Shade Beauty center,DIRECT,3.6757,5.0,Google Places API (New),2026-09-02T15:35:56+00:00
49,Zawaya Walk,ChIJNY29cDNZXz4RT5H-KSCWfCo,25.3306234,55.4294728,ChIJmZXOS-FeXz4Rz2UAf-wp9og,Al Yaseen Hairdressing Saloon,DIRECT,3.6947,5.0,Google Places API (New),2026-09-02T15:35:56+00:00
49,Zawaya Walk,ChIJNY29cDNZXz4RT5H-KSCWfCo,25.3306234,55.4294728,ChIJYT6ACepbXz4RbA8joNTo0qs,Simply Beauty Salon & Spa - King Faisal,DIRECT,3.7357,5.0,Google Places API (New),2026-09-02T15:35:56+00:00
49,Zawaya Walk,ChIJNY29cDNZXz4RT5H-KSCWfCo,25.3306234,55.4294728,ChIJd1MjLz1fXz4RjRjnzrOqlkg,Walili ladies saloon - صالون وليلي للسيدات / مويلح,DIRECT,3.7382,5.0,Google Places API (New),2026-09-02T15:35:56+00:00
49,Zawaya Walk,ChIJNY29cDNZXz4RT5H-KSCWfCo,25.3306234,55.4294728,ChIJHxu4brtZXz4RwmQ0wh84geo,Al anamil Al jamila beauty saloon villa 252,DIRECT,3.7426,5.0,Google Places API (New),2026-09-02T15:35:56+00:00
49,Zawaya Walk,ChIJNY29cDNZXz4RT5H-KSCWfCo,25.3306234,55.4294728,ChIJx-F6YCBbXz4RTssOO0nLu6U,Al Mashaier Al Jamilah - Ladies Salon,DIRECT,3.7585,5.0,Google Places API (New),2026-09-02T15:35:56+00:00
49,Zawaya Walk,ChIJNY29cDNZXz4RT5H-KSCWfCo,25.3306234,55.4294728,ChIJeQFglOFeXz4REJhcTkhk86k,Jaba Uhad Hairdressing Saloon,DIRECT,3.7603,5.0,Google Places API (New),2026-09-02T15:35:56+00:00
49,Zawaya Walk,ChIJNY29cDNZXz4RT5H-KSCWfCo,25.3306234,55.4294728,ChIJQ_iYnghfXz4RCInkdSg3_Sw,Capri Beauty Center,DIRECT,3.7754,5.0,Google Places API (New),2026-09-02T15:35:56+00:00
49,Zawaya Walk,ChIJNY29cDNZXz4RT5H-KSCWfCo,25.3306234,55.4294728,ChIJxwcPV5VZXz4R2bv268leaCc,Shatha Beauty Centre,DIRECT,3.8004,5.0,Google Places API (New),2026-09-02T15:35:56+00:00
49,Zawaya Walk,ChIJNY29cDNZXz4RT5H-KSCWfCo,25.3306234,55.4294728,ChIJfUxSTsRfXz4RCsKQ7BV-KbM,Al Naqsha Salon,DIRECT,3.8232,5.0,Google Places API (New),2026-09-02T15:35:56+00:00
49,Zawaya Walk,ChIJNY29cDNZXz4RT5H-KSCWfCo,25.3306234,55.4294728,ChIJba3ay3tfXz4ReallJjjtNy4,Mira Beauty ميرا بيوتي - Beauty Chic,DIRECT,3.8237,5.0,Google Places API (New),2026-09-02T15:35:56+00:00
49,Zawaya Walk,ChIJNY29cDNZXz4RT5H-KSCWfCo,25.3306234,55.4294728,ChIJp2gR5idfXz4RPjz-9-DprGg,Beverly Hills Beauty Center,DIRECT,3.8295,5.0,Google Places API (New),2026-09-02T15:35:56+00:00
49,Zawaya Walk,ChIJNY29cDNZXz4RT5H-KSCWfCo,25.3306234,55.4294728,ChIJP_C8v9pbXz4RnnmAdu9SxYo,VALENCIA LADIES SALON LLC,DIRECT,3.832,5.0,Google Places API (New),2026-09-02T15:35:56+00:00
49,Zawaya Walk,ChIJNY29cDNZXz4RT5H-KSCWfCo,25.3306234,55.4294728,ChIJQR_bfiJfXz4R8_7vwfdZEq4,Fly Me Spa,DIRECT,3.8327,5.0,Google Places API (New),2026-09-02T15:35:56+00:00
49,Zawaya Walk,ChIJNY29cDNZXz4RT5H-KSCWfCo,25.3306234,55.4294728,ChIJlx4c34NfXz4RNWeXsP1TyJk,The white spot,DIRECT,3.8327,5.0,Google Places API (New),2026-09-02T15:35:56+00:00
49,Zawaya Walk,ChIJNY29cDNZXz4RT5H-KSCWfCo,25.3306234,55.4294728,ChIJW8oMfABfXz4RIcRUJoLLXbg,Unique Beauty salon,DIRECT,3.8601,5.0,Google Places API (New),2026-09-02T15:35:56+00:00
49,Zawaya Walk,ChIJNY29cDNZXz4RT5H-KSCWfCo,25.3306234,55.4294728,ChIJb2Jckh1fXz4RCdHEBrREFVY,Peace massage center مركز السلام للمساج,ADJACENT,3.8623,5.0,Google Places API (New),2026-09-02T15:35:56+00:00
49,Zawaya Walk,ChIJNY29cDNZXz4RT5H-KSCWfCo,25.3306234,55.4294728,ChIJiShrsCxfXz4RMGrgk1TyvJc,Ain Al Jaydaa Ladies Salon,DIRECT,3.867,5.0,Google Places API (New),2026-09-02T15:35:56+00:00
49,Zawaya Walk,ChIJNY29cDNZXz4RT5H-KSCWfCo,25.3306234,55.4294728,ChIJZx_-DppZXz4RbQoVzMplUgc,Black Rose Ladies Salon,DIRECT,3.8742,5.0,Google Places API (New),2026-09-02T15:35:56+00:00
49,Zawaya Walk,ChIJNY29cDNZXz4RT5H-KSCWfCo,25.3306234,55.4294728,ChIJ_QLwmKNfXz4RjCgcb8GCpjw,Al zumrud thahabi hairdressing salon,DIRECT,3.8824,5.0,Google Places API (New),2026-09-02T15:35:56+00:00
49,Zawaya Walk,ChIJNY29cDNZXz4RT5H-KSCWfCo,25.3306234,55.4294728,ChIJe72N3cNfXz4RSiXGHtRMUkA,Sphere,DIRECT,3.8908,5.0,Google Places API (New),2026-09-02T15:35:56+00:00
49,Zawaya Walk,ChIJNY29cDNZXz4RT5H-KSCWfCo,25.3306234,55.4294728,ChIJR2oDuj5fXz4Rfg8fpq3y1mU,Noure Beauty Center,DIRECT,3.8921,5.0,Google Places API (New),2026-09-02T15:35:56+00:00
49,Zawaya Walk,ChIJNY29cDNZXz4RT5H-KSCWfCo,25.3306234,55.4294728,ChIJs-a4h35fXz4Ri-8E6MA4Vlw,AIN AL KHAT HAIRDRESSING SALOON,DIRECT,3.9082,5.0,Google Places API (New),2026-09-02T15:35:56+00:00
49,Zawaya Walk,ChIJNY29cDNZXz4RT5H-KSCWfCo,25.3306234,55.4294728,ChIJIbqEfFlfXz4RXyDQmljIUKo,Al sami hairdrasseng saloon,DIRECT,3.9098,5.0,Google Places API (New),2026-09-02T15:35:56+00:00
49,Zawaya Walk,ChIJNY29cDNZXz4RT5H-KSCWfCo,25.3306234,55.4294728,ChIJw3WgGHhfXz4RTEtkhaXcmQE,Luster Ladies Salon,DIRECT,3.9104,5.0,Google Places API (New),2026-09-02T15:35:56+00:00
49,Zawaya Walk,ChIJNY29cDNZXz4RT5H-KSCWfCo,25.3306234,55.4294728,ChIJS2tOxdNbXz4RdU_0twitk8U,Sahil Al Bahr Ladies Salon,DIRECT,3.9486,5.0,Google Places API (New),2026-09-02T15:35:56+00:00
49,Zawaya Walk,ChIJNY29cDNZXz4RT5H-KSCWfCo,25.3306234,55.4294728,ChIJqyowzS1ZXz4RYeSkHpS17Wc,Azalea Beauty Center,DIRECT,3.9799,5.0,Google Places API (New),2026-09-02T15:35:56+00:00
49,Zawaya Walk,ChIJNY29cDNZXz4RT5H-KSCWfCo,25.3306234,55.4294728,ChIJ8c8GkDRbXz4R8J0sEh84QHI,صالون التاج الرمادي gray crown salon,DIRECT,3.9852,5.0,Google Places API (New),2026-09-02T15:35:56+00:00
49,Zawaya Walk,ChIJNY29cDNZXz4RT5H-KSCWfCo,25.3306234,55.4294728,ChIJj1HAlOtfXz4RA3vhwo70jEY,Norsh Spa,DIRECT,4.0054,5.0,Google Places API (New),2026-09-02T15:35:56+00:00
49,Zawaya Walk,ChIJNY29cDNZXz4RT5H-KSCWfCo,25.3306234,55.4294728,ChIJBzCGSQBfXz4R2kEJKf63JkE,صالون ليانا للتجميل Layana Beauty Salon,DIRECT,4.0213,5.0,Google Places API (New),2026-09-02T15:35:56+00:00
49,Zawaya Walk,ChIJNY29cDNZXz4RT5H-KSCWfCo,25.3306234,55.4294728,ChIJWxW2p2dfXz4RqBbXWd-aO2U,Shagufta Ladies Salon,DIRECT,4.0246,5.0,Google Places API (New),2026-09-02T15:35:56+00:00
49,Zawaya Walk,ChIJNY29cDNZXz4RT5H-KSCWfCo,25.3306234,55.4294728,ChIJI6WupXZZXz4R-Uo2IrStg3M,Candela Spa,DIRECT,4.0328,5.0,Google Places API (New),2026-09-02T15:35:56+00:00
49,Zawaya Walk,ChIJNY29cDNZXz4RT5H-KSCWfCo,25.3306234,55.4294728,ChIJhS4YWLBfXz4RVr0X3Q-igSA,Hide Beauty Center,DIRECT,4.044,5.0,Google Places API (New),2026-09-02T15:35:56+00:00
49,Zawaya Walk,ChIJNY29cDNZXz4RT5H-KSCWfCo,25.3306234,55.4294728,ChIJ5XP09olfXz4RuuUpt2nmxFA,GHAZAL BEAUTY SALOON صالون غــــــزل لـلـتـجـمـيـل,DIRECT,4.054,5.0,Google Places API (New),2026-09-02T15:35:56+00:00
49,Zawaya Walk,ChIJNY29cDNZXz4RT5H-KSCWfCo,25.3306234,55.4294728,ChIJlwqgEzJfXz4RR6emFcENWZM,Show off ladies saloon,DIRECT,4.0612,5.0,Google Places API (New),2026-09-02T15:35:56+00:00
49,Zawaya Walk,ChIJNY29cDNZXz4RT5H-KSCWfCo,25.3306234,55.4294728,ChIJVXC4O3hfXz4R-8FOvOA7MUk,Healing Zone Spa,ADJACENT,4.0727,5.0,Google Places API (New),2026-09-02T15:35:56+00:00
49,Zawaya Walk,ChIJNY29cDNZXz4RT5H-KSCWfCo,25.3306234,55.4294728,ChIJMeE-dnJfXz4RQivhpNxdXFA,Al zomorod beauty salon,DIRECT,4.0798,5.0,Google Places API (New),2026-09-02T15:35:56+00:00
49,Zawaya Walk,ChIJNY29cDNZXz4RT5H-KSCWfCo,25.3306234,55.4294728,ChIJ7YAC5uZfXz4RAOK_CywTiUw,Karine Beauty Salon,DIRECT,4.0805,5.0,Google Places API (New),2026-09-02T15:35:56+00:00
49,Zawaya Walk,ChIJNY29cDNZXz4RT5H-KSCWfCo,25.3306234,55.4294728,ChIJmbGG9mhfXz4RsF6TvXHGj8w,Noor Al Jamal Ladies Salon,DIRECT,4.0905,5.0,Google Places API (New),2026-09-02T15:35:56+00:00
49,Zawaya Walk,ChIJNY29cDNZXz4RT5H-KSCWfCo,25.3306234,55.4294728,ChIJ61YtAwBfXz4RpmHNgixT3Sg,KINGZ SALON,DIRECT,4.0941,5.0,Google Places API (New),2026-09-02T15:35:56+00:00
49,Zawaya Walk,ChIJNY29cDNZXz4RT5H-KSCWfCo,25.3306234,55.4294728,ChIJ4flbZQdZXz4R1rPa-ar1hto,Suite 88 Beauty Lounge Azra,DIRECT,4.1024,5.0,Google Places API (New),2026-09-02T15:35:56+00:00
49,Zawaya Walk,ChIJNY29cDNZXz4RT5H-KSCWfCo,25.3306234,55.4294728,ChIJb8vnGMFYXz4RNDvewkI1L4w,Loolya Beauty Centre,DIRECT,4.1194,5.0,Google Places API (New),2026-09-02T15:35:56+00:00
49,Zawaya Walk,ChIJNY29cDNZXz4RT5H-KSCWfCo,25.3306234,55.4294728,ChIJU50SyDtfXz4RB-Gqo67mIxk,Hala Zenobia Beauty Salon,DIRECT,4.124,5.0,Google Places API (New),2026-09-02T15:35:56+00:00
49,Zawaya Walk,ChIJNY29cDNZXz4RT5H-KSCWfCo,25.3306234,55.4294728,ChIJjQZufONeXz4R8OsmQMDIssc,Rawaiee Beauty Salon,DIRECT,4.1385,5.0,Google Places API (New),2026-09-02T15:35:56+00:00
49,Zawaya Walk,ChIJNY29cDNZXz4RT5H-KSCWfCo,25.3306234,55.4294728,ChIJl2BnIelfXz4RJgZZlncmjJQ,Rouge and liner Beauty Salon,DIRECT,4.1435,5.0,Google Places API (New),2026-09-02T15:35:56+00:00
49,Zawaya Walk,ChIJNY29cDNZXz4RT5H-KSCWfCo,25.3306234,55.4294728,ChIJIyAbliNbXz4ReAGBa_WDMPI,TFS Beauty Center,DIRECT,4.1525,5.0,Google Places API (New),2026-09-02T15:35:56+00:00
49,Zawaya Walk,ChIJNY29cDNZXz4RT5H-KSCWfCo,25.3306234,55.4294728,ChIJVT4oZBhfXz4Rix4Oae6YTKc,Aida Beauty Salon LLC,DIRECT,4.1691,5.0,Google Places API (New),2026-09-02T15:35:56+00:00
49,Zawaya Walk,ChIJNY29cDNZXz4RT5H-KSCWfCo,25.3306234,55.4294728,ChIJEbbcgdVfXz4RJP4hUx20vbs,Glowy Nails Beauty Saloon L.L.C Sp,DIRECT,4.1715,5.0,Google Places API (New),2026-09-02T15:35:56+00:00
49,Zawaya Walk,ChIJNY29cDNZXz4RT5H-KSCWfCo,25.3306234,55.4294728,ChIJ-x70m8hfXz4RJp4k9nabaZ4,"Al badr Al Jameel hairdressing Salon Sharjah Haircut, Massage, Pedicure",DIRECT,4.1728,5.0,Google Places API (New),2026-09-02T15:35:56+00:00
49,Zawaya Walk,ChIJNY29cDNZXz4RT5H-KSCWfCo,25.3306234,55.4294728,ChIJDcGqJ7JbXz4RTtsP5-4JJwM,صالون الشهباء لتجميل السيدات القاسمية المحطة | Shahba Ladies Beauty Salon Al Qasimiah Al Mahatta,DIRECT,4.1805,5.0,Google Places API (New),2026-09-02T15:35:56+00:00
49,Zawaya Walk,ChIJNY29cDNZXz4RT5H-KSCWfCo,25.3306234,55.4294728,ChIJQYAIdw5fXz4RsBCXNvyRoCs,Shuaa Al Shams Hairdressing Salon Sharjah Mouhailah,DIRECT,4.1849,5.0,Google Places API (New),2026-09-02T15:35:56+00:00
49,Zawaya Walk,ChIJNY29cDNZXz4RT5H-KSCWfCo,25.3306234,55.4294728,ChIJ-SbnyvRbXz4RfQjq13pbrGw,Al Inekas Ladies Salon- BR 1 - 10 + years in Sharjah,DIRECT,4.1935,5.0,Google Places API (New),2026-09-02T15:35:56+00:00
49,Zawaya Walk,ChIJNY29cDNZXz4RT5H-KSCWfCo,25.3306234,55.4294728,ChIJoXEiOs5bXz4Ruk64LImWaxI,JABEL AL RAYAT Hairdressing saloon,DIRECT,4.202,5.0,Google Places API (New),2026-09-02T15:35:56+00:00
49,Zawaya Walk,ChIJNY29cDNZXz4RT5H-KSCWfCo,25.3306234,55.4294728,ChIJFZkKF4JfXz4RhqrSSsI3xps,The Herbal Ladies Salon - صالون الأعشاب للسيدات,DIRECT,4.2266,5.0,Google Places API (New),2026-09-02T15:35:56+00:00
49,Zawaya Walk,ChIJNY29cDNZXz4RT5H-KSCWfCo,25.3306234,55.4294728,ChIJd032BwBfXz4RXwG-6BfD_Sg,صالون اوركيد لتجميل,DIRECT,4.2299,5.0,Google Places API (New),2026-09-02T15:35:56+00:00
49,Zawaya Walk,ChIJNY29cDNZXz4RT5H-KSCWfCo,25.3306234,55.4294728,ChIJiarrbNJbXz4ROcMKETPWAx4,Qemat Al Fakhamah Ladies Saloon,DIRECT,4.2309,5.0,Google Places API (New),2026-09-02T15:35:56+00:00
49,Zawaya Walk,ChIJNY29cDNZXz4RT5H-KSCWfCo,25.3306234,55.4294728,ChIJp24GDDRbXz4RqJddGzPL0oI,Al Inekas Ladies Salon,DIRECT,4.2426,5.0,Google Places API (New),2026-09-02T15:35:56+00:00
49,Zawaya Walk,ChIJNY29cDNZXz4RT5H-KSCWfCo,25.3306234,55.4294728,ChIJCfMbbW9fXz4RveIw7fKrTCc,Nabeesa Abdul Wahab Beauty Center ( Ladies Salon ),DIRECT,4.2644,5.0,Google Places API (New),2026-09-02T15:35:56+00:00
49,Zawaya Walk,ChIJNY29cDNZXz4RT5H-KSCWfCo,25.3306234,55.4294728,ChIJWZ5gTL5fXz4RqO4LzvFchyg,Roba Salon,DIRECT,4.2692,5.0,Google Places API (New),2026-09-02T15:35:56+00:00
49,Zawaya Walk,ChIJNY29cDNZXz4RT5H-KSCWfCo,25.3306234,55.4294728,ChIJr9DXCOBfXz4Rwj9WKHJI-MI,Lashes House Salon,DIRECT,4.2738,5.0,Google Places API (New),2026-09-02T15:35:56+00:00
49,Zawaya Walk,ChIJNY29cDNZXz4RT5H-KSCWfCo,25.3306234,55.4294728,ChIJ-V5SI8RbXz4RhbNETKggmdM,72 Hotel Sharjah,ADJACENT,4.2929,5.0,Google Places API (New),2026-09-02T15:35:56+00:00
49,Zawaya Walk,ChIJNY29cDNZXz4RT5H-KSCWfCo,25.3306234,55.4294728,ChIJFfN9e0RfXz4RHL2GZN8Ean4,OAK SPA,DIRECT,4.2997,5.0,Google Places API (New),2026-09-02T15:35:56+00:00
49,Zawaya Walk,ChIJNY29cDNZXz4RT5H-KSCWfCo,25.3306234,55.4294728,ChIJg135IVJfXz4RrnzZCk-satQ,Annie Nunag Beauty Center,DIRECT,4.3114,5.0,Google Places API (New),2026-09-02T15:35:56+00:00
49,Zawaya Walk,ChIJNY29cDNZXz4RT5H-KSCWfCo,25.3306234,55.4294728,ChIJYy1ZBHxfXz4RpGS9b2k2eXo,صالون رمش المها,DIRECT,4.3244,5.0,Google Places API (New),2026-09-02T15:35:56+00:00
49,Zawaya Walk,ChIJNY29cDNZXz4RT5H-KSCWfCo,25.3306234,55.4294728,ChIJqc5lqOJeXz4R6okjSKMM44U,Musharif Hairdressing Saloon,DIRECT,4.3515,5.0,Google Places API (New),2026-09-02T15:35:56+00:00
49,Zawaya Walk,ChIJNY29cDNZXz4RT5H-KSCWfCo,25.3306234,55.4294728,ChIJq7Dq9v5ZXz4RQ4IhL0h77o0,مركز التاله للتجميل,DIRECT,4.3685,5.0,Google Places API (New),2026-09-02T15:35:56+00:00
49,Zawaya Walk,ChIJNY29cDNZXz4RT5H-KSCWfCo,25.3306234,55.4294728,ChIJ5z7QNuRYXz4RfwEqF0YOBNY,Altalah beauty& SPA centre,DIRECT,4.3765,5.0,Google Places API (New),2026-09-02T15:35:56+00:00
49,Zawaya Walk,ChIJNY29cDNZXz4RT5H-KSCWfCo,25.3306234,55.4294728,ChIJgXjaAONfXz4REdCrSVyL-xg,صالون العصر الحديث للسيدات,DIRECT,4.3952,5.0,Google Places API (New),2026-09-02T15:35:56+00:00
49,Zawaya Walk,ChIJNY29cDNZXz4RT5H-KSCWfCo,25.3306234,55.4294728,ChIJJxer1b9bXz4R2vvtx-3uK04,The Act Hotel - Sharjah,ADJACENT,4.4034,5.0,Google Places API (New),2026-09-02T15:35:56+00:00
49,Zawaya Walk,ChIJNY29cDNZXz4RT5H-KSCWfCo,25.3306234,55.4294728,ChIJxVQXTP1eXz4R3cutwVG9DQk,Athar Al Yasmeen Hairdressing Saloon,DIRECT,4.4305,5.0,Google Places API (New),2026-09-02T15:35:56+00:00
49,Zawaya Walk,ChIJNY29cDNZXz4RT5H-KSCWfCo,25.3306234,55.4294728,ChIJ8-KshT5fXz4RFvqgzFfqjeI,Najmat al sabha ladies saloon,DIRECT,4.4465,5.0,Google Places API (New),2026-09-02T15:35:56+00:00
49,Zawaya Walk,ChIJNY29cDNZXz4RT5H-KSCWfCo,25.3306234,55.4294728,ChIJN8FIAwBbXz4RjjIAasFIb3A,Pure Pearl Beauty Center,DIRECT,4.4626,5.0,Google Places API (New),2026-09-02T15:35:56+00:00
49,Zawaya Walk,ChIJNY29cDNZXz4RT5H-KSCWfCo,25.3306234,55.4294728,ChIJy9j-38VfXz4R-tbo6hKJ2IY,LAMHA ladies salon,DIRECT,4.504,5.0,Google Places API (New),2026-09-02T15:35:56+00:00
49,Zawaya Walk,ChIJNY29cDNZXz4RT5H-KSCWfCo,25.3306234,55.4294728,ChIJ1eNhgd9fXz4RuvRh2auxfkM,Linda Khalid Beauty Center,DIRECT,4.5508,5.0,Google Places API (New),2026-09-02T15:35:56+00:00
49,Zawaya Walk,ChIJNY29cDNZXz4RT5H-KSCWfCo,25.3306234,55.4294728,ChIJg6NTysVfXz4RHQLIQndvGv8,Roses Dew Beauty Corner center by Smitha,DIRECT,4.5549,5.0,Google Places API (New),2026-09-02T15:35:56+00:00
49,Zawaya Walk,ChIJNY29cDNZXz4RT5H-KSCWfCo,25.3306234,55.4294728,ChIJDVozUgBfXz4R1X5XT6W1Lwg,The beauty district,DIRECT,4.5639,5.0,Google Places API (New),2026-09-02T15:35:56+00:00
49,Zawaya Walk,ChIJNY29cDNZXz4RT5H-KSCWfCo,25.3306234,55.4294728,ChIJd4iAhwhZXz4RmWAapEQuO1I,jazz beauty center,DIRECT,4.5969,5.0,Google Places API (New),2026-09-02T15:35:56+00:00
49,Zawaya Walk,ChIJNY29cDNZXz4RT5H-KSCWfCo,25.3306234,55.4294728,ChIJ32l3BP1eXz4RJng1U7EQqxc,Bab Al Manakh Hauirdressing Saloon,DIRECT,4.6115,5.0,Google Places API (New),2026-09-02T15:35:56+00:00
49,Zawaya Walk,ChIJNY29cDNZXz4RT5H-KSCWfCo,25.3306234,55.4294728,ChIJY5yY3ABfXz4RTrXMjns12uQ,Jumairah Al Jadeed Ladies Saloon,DIRECT,4.6547,5.0,Google Places API (New),2026-09-02T15:35:56+00:00
49,Zawaya Walk,ChIJNY29cDNZXz4RT5H-KSCWfCo,25.3306234,55.4294728,ChIJX8dksxlfXz4R1e1sT07AKUI,Elegant Style Ladies Beauty Salon by NIMI,DIRECT,4.6644,5.0,Google Places API (New),2026-09-02T15:35:56+00:00
49,Zawaya Walk,ChIJNY29cDNZXz4RT5H-KSCWfCo,25.3306234,55.4294728,ChIJEz8KWKD552IR_ZSDLvRqyNU,Grace Beauty At Home Service Salon,DIRECT,4.79,5.0,Google Places API (New),2026-09-02T15:35:56+00:00
49,Zawaya Walk,ChIJNY29cDNZXz4RT5H-KSCWfCo,25.3306234,55.4294728,ChIJL4sJdvtfXz4RMsvZXencQ0U,ADHWA ZABEEL HAIRDESSING SALON,DIRECT,4.8008,5.0,Google Places API (New),2026-09-02T15:35:56+00:00
49,Zawaya Walk,ChIJNY29cDNZXz4RT5H-KSCWfCo,25.3306234,55.4294728,ChIJDUGzwT9bXz4RmNUWNM5W5sQ,Miss World Beauty Salon | Hair Salon | Al Nabba | Sharjah,DIRECT,4.8137,5.0,Google Places API (New),2026-09-02T15:35:56+00:00
49,Zawaya Walk,ChIJNY29cDNZXz4RT5H-KSCWfCo,25.3306234,55.4294728,ChIJ222Lfe1bXz4R_miwH9FsJtg,Berlin Beauty Salon,DIRECT,4.8296,5.0,Google Places API (New),2026-09-02T15:35:56+00:00
49,Zawaya Walk,ChIJNY29cDNZXz4RT5H-KSCWfCo,25.3306234,55.4294728,ChIJuasNK4lZXz4RIrgLLmvKOPA,Shammasi Ladies Salon,DIRECT,4.8304,5.0,Google Places API (New),2026-09-02T15:35:56+00:00
49,Zawaya Walk,ChIJNY29cDNZXz4RT5H-KSCWfCo,25.3306234,55.4294728,ChIJoZpADgBfXz4RuK8NGjJJApc,Rukn Al Darari Saloon,DIRECT,4.8408,5.0,Google Places API (New),2026-09-02T15:35:56+00:00
49,Zawaya Walk,ChIJNY29cDNZXz4RT5H-KSCWfCo,25.3306234,55.4294728,ChIJ7QQw8vNfXz4Rw8hKdUFBKto,Boo spa,ADJACENT,4.9266,5.0,Google Places API (New),2026-09-02T15:35:56+00:00
49,Zawaya Walk,ChIJNY29cDNZXz4RT5H-KSCWfCo,25.3306234,55.4294728,ChIJuXi5rexbXz4Rrge5NnADxho,Anisaty Ladies Salon,DIRECT,4.9295,5.0,Google Places API (New),2026-09-02T15:35:56+00:00
49,Zawaya Walk,ChIJNY29cDNZXz4RT5H-KSCWfCo,25.3306234,55.4294728,ChIJiVO5P-BfXz4RikSUGaTr2XU,Norsh Spa Aljada,DIRECT,4.9763,5.0,Google Places API (New),2026-09-02T15:35:56+00:00
49,Zawaya Walk,ChIJNY29cDNZXz4RT5H-KSCWfCo,25.3306234,55.4294728,ChIJX-ITjVlbXz4Rx3PvExUKf9M,Princesses Valley Ladies Salon | صالون وادي الأميرة للسيدات,DIRECT,4.9872,5.0,Google Places API (New),2026-09-02T15:35:56+00:00
47,Zayed International Airport,ChIJD4c_XalPXj4RdqRn4Ir54qU,24.4527718,54.6411421,ChIJEc8kvUtPXj4RogZxcD4YHMI,Be Relax Spa,ADJACENT,0.2682,5.0,Google Places API (New),2026-09-02T15:35:56+00:00
47,Zayed International Airport,ChIJD4c_XalPXj4RdqRn4Ir54qU,24.4527718,54.6411421,ChIJiZM66x5PXj4RIbSt7qEUTzI,The Essence Lounge,DIRECT,2.4611,5.0,Google Places API (New),2026-09-02T15:35:56+00:00
47,Zayed International Airport,ChIJD4c_XalPXj4RdqRn4Ir54qU,24.4527718,54.6411421,ChIJp_cpJsFPXj4RIWhXvPqu7X0,Nua Toi Beauty Salon,DIRECT,2.5092,5.0,Google Places API (New),2026-09-02T15:35:56+00:00
47,Zayed International Airport,ChIJD4c_XalPXj4RdqRn4Ir54qU,24.4527718,54.6411421,ChIJ_blOqMJIXj4RbCRZ2vyofoI,V Elements Spa - Abu Dhabi International Airport,ADJACENT,2.6642,5.0,Google Places API (New),2026-09-02T15:35:56+00:00
47,Zayed International Airport,ChIJD4c_XalPXj4RdqRn4Ir54qU,24.4527718,54.6411421,ChIJz5Tsn31PXj4RrE5jIkDZ7vw,The H Ladies Beauty Salon,DIRECT,2.6883,5.0,Google Places API (New),2026-09-02T15:35:56+00:00
47,Zayed International Airport,ChIJD4c_XalPXj4RdqRn4Ir54qU,24.4527718,54.6411421,ChIJAUJXWQBPXj4RFsvzWMRVP5w,صالون تاج البحر Crown of the Sea Salon💈✂️🔥💪🏻,DIRECT,2.7158,5.0,Google Places API (New),2026-09-02T15:35:56+00:00
47,Zayed International Airport,ChIJD4c_XalPXj4RdqRn4Ir54qU,24.4527718,54.6411421,ChIJY6BbY3ZPXj4RrUQtPfRTC6M,Filter Ladies Salon,DIRECT,2.7268,5.0,Google Places API (New),2026-09-02T15:35:56+00:00
47,Zayed International Airport,ChIJD4c_XalPXj4RdqRn4Ir54qU,24.4527718,54.6411421,ChIJPeHUOZ9PXj4RP72F07qBF7g,The Nail Spa - Al Zeina,DIRECT,2.7753,5.0,Google Places API (New),2026-09-02T15:35:56+00:00
47,Zayed International Airport,ChIJD4c_XalPXj4RdqRn4Ir54qU,24.4527718,54.6411421,ChIJkSwLDJNpXj4RtQYxdmrZE70,Massage Relax Curia Ruby Enjoy,ADJACENT,2.778,5.0,Google Places API (New),2026-09-02T15:35:56+00:00
47,Zayed International Airport,ChIJD4c_XalPXj4RdqRn4Ir54qU,24.4527718,54.6411421,ChIJV8rMtqhHXj4R1k1OzNyPle4,Lavender lashes and nails,DIRECT,2.8569,5.0,Google Places API (New),2026-09-02T15:35:56+00:00
47,Zayed International Airport,ChIJD4c_XalPXj4RdqRn4Ir54qU,24.4527718,54.6411421,ChIJp3xbSABJXj4RArqZJvxrev0,Taiwan Home Zen Luxury,DIRECT,2.8809,5.0,Google Places API (New),2026-09-02T15:35:56+00:00
47,Zayed International Airport,ChIJD4c_XalPXj4RdqRn4Ir54qU,24.4527718,54.6411421,ChIJieGTC7ZPXj4RX_8hfMRV2HY,Barbar 89,DIRECT,2.9145,5.0,Google Places API (New),2026-09-02T15:35:56+00:00
47,Zayed International Airport,ChIJD4c_XalPXj4RdqRn4Ir54qU,24.4527718,54.6411421,ChIJcRE_l2NmXj4Rs7yNgCkivuE,Glamour Hair Salon abu dhabi,DIRECT,2.9201,5.0,Google Places API (New),2026-09-02T15:35:56+00:00
47,Zayed International Airport,ChIJD4c_XalPXj4RdqRn4Ir54qU,24.4527718,54.6411421,ChIJaxDupR1JXj4RxkHSywjtQnU,Nail It Limited,DIRECT,2.9495,5.0,Google Places API (New),2026-09-02T15:35:56+00:00
47,Zayed International Airport,ChIJD4c_XalPXj4RdqRn4Ir54qU,24.4527718,54.6411421,ChIJazEKiV5PXj4RDy4Y2DWLIxk,REVIVE Wellness Rehabilitation Center,ADJACENT,2.9597,5.0,Google Places API (New),2026-09-02T15:35:56+00:00
47,Zayed International Airport,ChIJD4c_XalPXj4RdqRn4Ir54qU,24.4527718,54.6411421,ChIJwReRVwZPXj4RpK7PtgYsZSw,Elle Beauty Lounge,DIRECT,2.9796,5.0,Google Places API (New),2026-09-02T15:35:56+00:00
47,Zayed International Airport,ChIJD4c_XalPXj4RdqRn4Ir54qU,24.4527718,54.6411421,ChIJu1fiwWpJXj4RVNRMH1pYlyA,Styles & Smiles Ladies Salon Limited,DIRECT,2.9985,5.0,Google Places API (New),2026-09-02T15:35:56+00:00
47,Zayed International Airport,ChIJD4c_XalPXj4RdqRn4Ir54qU,24.4527718,54.6411421,ChIJGwMwCABJXj4RkcYsNcCiByQ,Massage Taiwan Relaxions Luxury Abu,ADJACENT,3.0866,5.0,Google Places API (New),2026-09-02T15:35:56+00:00
47,Zayed International Airport,ChIJD4c_XalPXj4RdqRn4Ir54qU,24.4527718,54.6411421,ChIJCRc4ebdFXj4RDqx1r4bzbto,Beauty Connection Spa Abu Dhabi,DIRECT,3.0959,5.0,Google Places API (New),2026-09-02T15:35:56+00:00
47,Zayed International Airport,ChIJD4c_XalPXj4RdqRn4Ir54qU,24.4527718,54.6411421,ChIJF3S7gY5PXj4Rj-9MkNrGVCc,Serene Suite Beauty Center,DIRECT,3.1264,5.0,Google Places API (New),2026-09-02T15:35:56+00:00
47,Zayed International Airport,ChIJD4c_XalPXj4RdqRn4Ir54qU,24.4527718,54.6411421,ChIJL3H83LJPXj4RKlSye3d8n04,La Douce Beauty Lounge,DIRECT,3.1594,5.0,Google Places API (New),2026-09-02T15:35:56+00:00
47,Zayed International Airport,ChIJD4c_XalPXj4RdqRn4Ir54qU,24.4527718,54.6411421,ChIJv1qk5CGcdy0RV8MzOTAYrA0,Home Massage Abudhabi - Sweet Service,ADJACENT,3.1853,5.0,Google Places API (New),2026-09-02T15:35:56+00:00
47,Zayed International Airport,ChIJD4c_XalPXj4RdqRn4Ir54qU,24.4527718,54.6411421,ChIJ9UmGSABPXj4REU0bkml0VRU,Massage Japan SVIP - Royal Tea Ceremony,DIRECT,3.2402,5.0,Google Places API (New),2026-09-02T15:35:56+00:00
47,Zayed International Airport,ChIJD4c_XalPXj4RdqRn4Ir54qU,24.4527718,54.6411421,ChIJ-7A0a3ZpXj4RNJZLmTCE1Gk,Massage Diamond Spa Home Massage Masdar,ADJACENT,3.2447,5.0,Google Places API (New),2026-09-02T15:35:56+00:00
47,Zayed International Airport,ChIJD4c_XalPXj4RdqRn4Ir54qU,24.4527718,54.6411421,ChIJCbOffABJXj4RXWtPUSMFZ6Q,HD Home Massage Serenity Sweet,ADJACENT,3.2765,5.0,Google Places API (New),2026-09-02T15:35:56+00:00
47,Zayed International Airport,ChIJD4c_XalPXj4RdqRn4Ir54qU,24.4527718,54.6411421,ChIJ8Vao1ORBXj4RdpI_1i68qzU,Bella spa,ADJACENT,3.2775,5.0,Google Places API (New),2026-09-02T15:35:56+00:00
47,Zayed International Airport,ChIJD4c_XalPXj4RdqRn4Ir54qU,24.4527718,54.6411421,ChIJ9WVtyJVJXj4R_N5ygAwDtsk,Nice FEELING,DIRECT,3.2795,5.0,Google Places API (New),2026-09-02T15:35:56+00:00
47,Zayed International Airport,ChIJD4c_XalPXj4RdqRn4Ir54qU,24.4527718,54.6411421,ChIJURVpPwBJXj4RqJu7MxgB1zo,Massage Japan SVIP - Emerald Essence,DIRECT,3.2821,5.0,Google Places API (New),2026-09-02T15:35:56+00:00
47,Zayed International Airport,ChIJD4c_XalPXj4RdqRn4Ir54qU,24.4527718,54.6411421,ChIJdzp725BfXj4RU7DnOfHiaSY,Al Alfredo massage spa,ADJACENT,3.2891,5.0,Google Places API (New),2026-09-02T15:35:56+00:00
47,Zayed International Airport,ChIJD4c_XalPXj4RdqRn4Ir54qU,24.4527718,54.6411421,ChIJpyBa0spOXj4R1pXqpsiF-Po,Body Art Beauty Center,DIRECT,3.2892,5.0,Google Places API (New),2026-09-02T15:35:56+00:00
47,Zayed International Airport,ChIJD4c_XalPXj4RdqRn4Ir54qU,24.4527718,54.6411421,ChIJA3XvaTVJXj4R4gSJlIkcAPA,Nailbox Beauty Salon,DIRECT,3.3807,5.0,Google Places API (New),2026-09-02T15:35:56+00:00
47,Zayed International Airport,ChIJD4c_XalPXj4RdqRn4Ir54qU,24.4527718,54.6411421,ChIJae_1NFRJXj4RCUMrko0sCNc,nails the modern manicure studio - My City Centre Masdar Branch,DIRECT,3.3824,5.0,Google Places API (New),2026-09-02T15:35:56+00:00
47,Zayed International Airport,ChIJD4c_XalPXj4RdqRn4Ir54qU,24.4527718,54.6411421,ChIJT-NfUO5FXj4R77a7FaDMI7U,Royal Siam Spa,ADJACENT,3.4034,5.0,Google Places API (New),2026-09-02T15:35:56+00:00
47,Zayed International Airport,ChIJD4c_XalPXj4RdqRn4Ir54qU,24.4527718,54.6411421,ChIJAbHY8TNJXj4RCFVFm83o6-w,CT Style Salon,DIRECT,3.4103,5.0,Google Places API (New),2026-09-02T15:35:56+00:00
47,Zayed International Airport,ChIJD4c_XalPXj4RdqRn4Ir54qU,24.4527718,54.6411421,ChIJQ-xRY6NFXj4Ru-FAiCzJdaQ,Twiink Beauty Studio - Ladies Beauty Salon,DIRECT,3.7043,5.0,Google Places API (New),2026-09-02T15:35:56+00:00
47,Zayed International Airport,ChIJD4c_XalPXj4RdqRn4Ir54qU,24.4527718,54.6411421,ChIJ_3PpKfdFXj4RMHet52RdlMM,Edelweiss Beauty Centre,DIRECT,3.717,5.0,Google Places API (New),2026-09-02T15:35:56+00:00
47,Zayed International Airport,ChIJD4c_XalPXj4RdqRn4Ir54qU,24.4527718,54.6411421,ChIJCw2jTFhJXj4RcpCamtniuV0,Chiang Mai Traditional Thai Massage,ADJACENT,3.7792,5.0,Google Places API (New),2026-09-02T15:35:56+00:00
47,Zayed International Airport,ChIJD4c_XalPXj4RdqRn4Ir54qU,24.4527718,54.6411421,ChIJzcPxGclFXj4RgilnBM_Dex0,Dolly massage spa,ADJACENT,3.8647,5.0,Google Places API (New),2026-09-02T15:35:56+00:00
47,Zayed International Airport,ChIJD4c_XalPXj4RdqRn4Ir54qU,24.4527718,54.6411421,ChIJbdFPcgBPXj4RDYBTLyeUt1s,Massage Taiwan Hugo tina,ADJACENT,3.9001,5.0,Google Places API (New),2026-09-02T15:35:56+00:00
47,Zayed International Airport,ChIJD4c_XalPXj4RdqRn4Ir54qU,24.4527718,54.6411421,ChIJAdgYhN5PXj4RaWe6WoDcrrc,Beauty Lab Salon,DIRECT,3.9116,5.0,Google Places API (New),2026-09-02T15:35:56+00:00
47,Zayed International Airport,ChIJD4c_XalPXj4RdqRn4Ir54qU,24.4527718,54.6411421,ChIJt0-oE3ZDXj4RR1OqoJZWcA8,Massage Relax Abu Dhabi Spa,ADJACENT,3.9334,5.0,Google Places API (New),2026-09-02T15:35:56+00:00
47,Zayed International Airport,ChIJD4c_XalPXj4RdqRn4Ir54qU,24.4527718,54.6411421,ChIJQfe_D4lFXj4R6bFufgR02Nk,AWAY Spa at W Abu Dhabi - Yas Island,ADJACENT,3.9484,5.0,Google Places API (New),2026-09-02T15:35:56+00:00
47,Zayed International Airport,ChIJD4c_XalPXj4RdqRn4Ir54qU,24.4527718,54.6411421,ChIJJeEfBQBnXj4Rvh_7We3A1uY,Massage Singapore relax royal CX,ADJACENT,3.9649,5.0,Google Places API (New),2026-09-02T15:35:56+00:00
47,Zayed International Airport,ChIJD4c_XalPXj4RdqRn4Ir54qU,24.4527718,54.6411421,ChIJqcJ2AyFpXj4RChpVopwphFs,Massage Vip,ADJACENT,4.0015,5.0,Google Places API (New),2026-09-02T15:35:56+00:00
47,Zayed International Airport,ChIJD4c_XalPXj4RdqRn4Ir54qU,24.4527718,54.6411421,ChIJAR_nF0BFXj4R4tqQUPp56G4,Bua Lady Spa,ADJACENT,4.0518,5.0,Google Places API (New),2026-09-02T15:35:56+00:00
47,Zayed International Airport,ChIJD4c_XalPXj4RdqRn4Ir54qU,24.4527718,54.6411421,ChIJy06r3PNFXj4RK3wK2NZkGJc,eforea spa,ADJACENT,4.064,5.0,Google Places API (New),2026-09-02T15:35:56+00:00
47,Zayed International Airport,ChIJD4c_XalPXj4RdqRn4Ir54qU,24.4527718,54.6411421,ChIJ7za_SY1FXj4R1gEhQkwqFQU,Hilton Abu Dhabi Yas Island,ADJACENT,4.1152,5.0,Google Places API (New),2026-09-02T15:35:56+00:00
47,Zayed International Airport,ChIJD4c_XalPXj4RdqRn4Ir54qU,24.4527718,54.6411421,ChIJFcYkWQBFXj4RETEuxejhGuk,Massage Hinther good service,ADJACENT,4.1183,5.0,Google Places API (New),2026-09-02T15:35:56+00:00
47,Zayed International Airport,ChIJD4c_XalPXj4RdqRn4Ir54qU,24.4527718,54.6411421,ChIJmckIai1FXj4RDJdfcplz-70,Beautyspot Salons,DIRECT,4.1362,5.0,Google Places API (New),2026-09-02T15:35:56+00:00
47,Zayed International Airport,ChIJD4c_XalPXj4RdqRn4Ir54qU,24.4527718,54.6411421,ChIJx_35IbpFXj4RiBbhXLiaAmA,The Excellent Ladies Salon,DIRECT,4.3336,5.0,Google Places API (New),2026-09-02T15:35:56+00:00
47,Zayed International Airport,ChIJD4c_XalPXj4RdqRn4Ir54qU,24.4527718,54.6411421,ChIJVdq-wf5HXj4RAyEN29J_D4Q,Vogue beauty salon for ladies,DIRECT,4.4114,5.0,Google Places API (New),2026-09-02T15:35:56+00:00
47,Zayed International Airport,ChIJD4c_XalPXj4RdqRn4Ir54qU,24.4527718,54.6411421,ChIJA9g7M45FXj4RgCVL-7Yomi8,Yas Plaza Marina,ADJACENT,4.4879,5.0,Google Places API (New),2026-09-02T15:35:56+00:00
47,Zayed International Airport,ChIJD4c_XalPXj4RdqRn4Ir54qU,24.4527718,54.6411421,ChIJH26D38ZFXj4RrPiy947PD0w,The Cloud Spa ذا كلاود سبا,DIRECT,4.4947,5.0,Google Places API (New),2026-09-02T15:35:56+00:00
47,Zayed International Airport,ChIJD4c_XalPXj4RdqRn4Ir54qU,24.4527718,54.6411421,ChIJrTinLv1FXj4R8rARR5eoDAA,صالون داشنج,DIRECT,4.5074,5.0,Google Places API (New),2026-09-02T15:35:56+00:00
47,Zayed International Airport,ChIJD4c_XalPXj4RdqRn4Ir54qU,24.4527718,54.6411421,ChIJge9vNABHXj4RONOnLtEBvLM,Massage Service Facial - Massage Body,ADJACENT,4.528,5.0,Google Places API (New),2026-09-02T15:35:56+00:00
47,Zayed International Airport,ChIJD4c_XalPXj4RdqRn4Ir54qU,24.4527718,54.6411421,ChIJvyyV2wRFXj4R_PuWM8M6Joc,The Spa,ADJACENT,4.6363,5.0,Google Places API (New),2026-09-02T15:35:56+00:00
47,Zayed International Airport,ChIJD4c_XalPXj4RdqRn4Ir54qU,24.4527718,54.6411421,ChIJ32dV6-JFXj4RirMzddSWiYA,BLONDE LUXURY BEAUTY LOUNGE,DIRECT,4.6409,5.0,Google Places API (New),2026-09-02T15:35:56+00:00
47,Zayed International Airport,ChIJD4c_XalPXj4RdqRn4Ir54qU,24.4527718,54.6411421,ChIJbWf7-eFFXj4R3ua_ke0oiTc,"Azure Beauty Salon, Crowne Plaza",DIRECT,4.6433,5.0,Google Places API (New),2026-09-02T15:35:56+00:00
47,Zayed International Airport,ChIJD4c_XalPXj4RdqRn4Ir54qU,24.4527718,54.6411421,ChIJoV3tjb5FXj4RPTMhunNNho0,AL SAFY OASIS BEAUTY SALON,DIRECT,4.6934,5.0,Google Places API (New),2026-09-02T15:35:56+00:00
47,Zayed International Airport,ChIJD4c_XalPXj4RdqRn4Ir54qU,24.4527718,54.6411421,ChIJxyUlX85FXj4RXRI9AG9LISg,Skin Glow Facial Center,DIRECT,4.7008,5.0,Google Places API (New),2026-09-02T15:35:56+00:00
