official_store_id,branch_name,branch_google_place_id,branch_latitude,branch_longitude,competitor_place_id,competitor_name,competitor_tier,straight_line_distance_km,found_by_types,search_radius_km,source,retrieved_at
37,Al Ain,ChIJaVP-IbGtij4REpj8CjkEfdo,24.2266835,55.6599794,ChIJdYoDDmKtij4R1CnCBKUsNvI,فيروم سبا - Virum Spa,DIRECT,0.0193,"beauty_salon, hair_salon, nail_salon, spa",5.0,Google Places API (New) Nearby Search,2026-09-02T15:22:51+00:00
37,Al Ain,ChIJaVP-IbGtij4REpj8CjkEfdo,24.2266835,55.6599794,ChIJgWJT_Pqtij4RZQmHlcShzKc,إليجانت بيوتي لونج للسيدات,ADJACENT,0.0335,spa,5.0,Google Places API (New) Nearby Search,2026-09-02T15:22:51+00:00
37,Al Ain,ChIJaVP-IbGtij4REpj8CjkEfdo,24.2266835,55.6599794,ChIJMcqDKaKtij4RP-EC5vE9v8E,La Poupee Beauty Center - AL AIN,DIRECT,0.7465,"beauty_salon, nail_salon, spa",5.0,Google Places API (New) Nearby Search,2026-09-02T15:22:51+00:00
37,Al Ain,ChIJaVP-IbGtij4REpj8CjkEfdo,24.2266835,55.6599794,ChIJx77OIACtij4RWaSVGi1r4L4,صالون سونا المرخانية sona salon,DIRECT,0.7966,hair_salon,5.0,Google Places API (New) Nearby Search,2026-09-02T15:22:51+00:00
37,Al Ain,ChIJaVP-IbGtij4REpj8CjkEfdo,24.2266835,55.6599794,ChIJeQc9-u2zij4RxYGKkIvunk8,صالون 15 للرجال - فرع الهابوي,DIRECT,1.0346,hair_salon,5.0,Google Places API (New) Nearby Search,2026-09-02T15:22:51+00:00
37,Al Ain,ChIJaVP-IbGtij4REpj8CjkEfdo,24.2266835,55.6599794,ChIJryale2Czij4Rc97z1tugN94,Sona Salon for Kids,DIRECT,1.0607,hair_salon,5.0,Google Places API (New) Nearby Search,2026-09-02T15:22:51+00:00
37,Al Ain,ChIJaVP-IbGtij4REpj8CjkEfdo,24.2266835,55.6599794,ChIJLXJNyeatij4RT2-2Q09JYw4,Oriental Beauty Lounge - Al Ain City,DIRECT,1.1016,"beauty_salon, hair_salon, spa",5.0,Google Places API (New) Nearby Search,2026-09-02T15:22:51+00:00
37,Al Ain,ChIJaVP-IbGtij4REpj8CjkEfdo,24.2266835,55.6599794,ChIJUX0YRACzij4RNc56QEVDc20,نادي ريكوفري الصحي Recovery Health Club,DIRECT,1.6788,"hair_salon, spa",5.0,Google Places API (New) Nearby Search,2026-09-02T15:22:51+00:00
37,Al Ain,ChIJaVP-IbGtij4REpj8CjkEfdo,24.2266835,55.6599794,ChIJJd_Y08Kxij4R755rwM1pNxY,Brush and Blush Beauty Parlour Al Markhaniyyah,DIRECT,1.9318,beauty_salon,5.0,Google Places API (New) Nearby Search,2026-09-02T15:22:51+00:00
37,Al Ain,ChIJaVP-IbGtij4REpj8CjkEfdo,24.2266835,55.6599794,ChIJO6RiBlivij4RsefYxNdYGIU,Paragon Spa for Men,ADJACENT,1.9438,spa,5.0,Google Places API (New) Nearby Search,2026-09-02T15:22:51+00:00
37,Al Ain,ChIJaVP-IbGtij4REpj8CjkEfdo,24.2266835,55.6599794,ChIJzzbywhyyij4RijXShawdh7I,Amro Ladies Salon,DIRECT,2.195,beauty_salon,5.0,Google Places API (New) Nearby Search,2026-09-02T15:22:51+00:00
37,Al Ain,ChIJaVP-IbGtij4REpj8CjkEfdo,24.2266835,55.6599794,ChIJRTPUSNmtij4RUpukt5fIHhM,"Jazz Lounge Spa for Men - Souq Extra Mall, Abu Dhabi",DIRECT,2.1968,"hair_salon, nail_salon, spa",5.0,Google Places API (New) Nearby Search,2026-09-02T15:22:51+00:00
37,Al Ain,ChIJaVP-IbGtij4REpj8CjkEfdo,24.2266835,55.6599794,ChIJJVYkZ4Kzij4REDyJZyiYQC8,Shouq Beauty Salon,DIRECT,2.334,beauty_salon,5.0,Google Places API (New) Nearby Search,2026-09-02T15:22:51+00:00
37,Al Ain,ChIJaVP-IbGtij4REpj8CjkEfdo,24.2266835,55.6599794,ChIJibBV38Gvij4RoFsZ8CCRwPc,King river spa,ADJACENT,2.3824,spa,5.0,Google Places API (New) Nearby Search,2026-09-02T15:22:51+00:00
37,Al Ain,ChIJaVP-IbGtij4REpj8CjkEfdo,24.2266835,55.6599794,ChIJb34n5hCuij4RqiS1VgZaSnk,Amber Spa & Beauty Lounge LLC,DIRECT,2.8239,beauty_salon,5.0,Google Places API (New) Nearby Search,2026-09-02T15:22:51+00:00
37,Al Ain,ChIJaVP-IbGtij4REpj8CjkEfdo,24.2266835,55.6599794,ChIJp9ytd6ixij4RjF79c_A7Clk,OCEAN BEAUTY CENTER- Alkhabisi (main branch),DIRECT,2.9062,beauty_salon,5.0,Google Places API (New) Nearby Search,2026-09-02T15:22:51+00:00
37,Al Ain,ChIJaVP-IbGtij4REpj8CjkEfdo,24.2266835,55.6599794,ChIJj5zIfOevij4R2ibq7N4RC7E,صالون حميد مسلم للرجال,DIRECT,2.9526,hair_salon,5.0,Google Places API (New) Nearby Search,2026-09-02T15:22:51+00:00
37,Al Ain,ChIJaVP-IbGtij4REpj8CjkEfdo,24.2266835,55.6599794,ChIJc9M2xlOvij4R-gAQCRTyIVM,صالون نايس سيزر للرجال-Nice scissor Saloon,DIRECT,2.9526,hair_salon,5.0,Google Places API (New) Nearby Search,2026-09-02T15:22:51+00:00
37,Al Ain,ChIJaVP-IbGtij4REpj8CjkEfdo,24.2266835,55.6599794,ChIJ2SnOrkqxij4R1poi6um3wOU,Cureplus Medical Center (مركز كيور بلس الطبي),DIRECT,2.9623,beauty_salon,5.0,Google Places API (New) Nearby Search,2026-09-02T15:22:51+00:00
37,Al Ain,ChIJaVP-IbGtij4REpj8CjkEfdo,24.2266835,55.6599794,ChIJj_uVRRiuij4RQm0_-G-v1tg,Tmkn fitness,ADJACENT,2.9876,spa,5.0,Google Places API (New) Nearby Search,2026-09-02T15:22:51+00:00
37,Al Ain,ChIJaVP-IbGtij4REpj8CjkEfdo,24.2266835,55.6599794,ChIJ17kOD-exij4RJ9DJM4hBxCo,Lavita Beauty Center,DIRECT,3.0044,beauty_salon,5.0,Google Places API (New) Nearby Search,2026-09-02T15:22:51+00:00
37,Al Ain,ChIJaVP-IbGtij4REpj8CjkEfdo,24.2266835,55.6599794,ChIJs0pW-oqxij4RD1dWYgW7sEQ,Rival Salon,DIRECT,3.049,beauty_salon,5.0,Google Places API (New) Nearby Search,2026-09-02T15:22:51+00:00
37,Al Ain,ChIJaVP-IbGtij4REpj8CjkEfdo,24.2266835,55.6599794,ChIJS_3ToSOvij4Rf1Kgjs1h-4I,Reflection Spa & Saloon franz,ADJACENT,3.134,spa,5.0,Google Places API (New) Nearby Search,2026-09-02T15:22:51+00:00
37,Al Ain,ChIJaVP-IbGtij4REpj8CjkEfdo,24.2266835,55.6599794,ChIJ16Zlg3Cvij4RSAL9vtSZD24,AlFal Beauty Center - Alain,DIRECT,3.1438,beauty_salon,5.0,Google Places API (New) Nearby Search,2026-09-02T15:22:51+00:00
37,Al Ain,ChIJaVP-IbGtij4REpj8CjkEfdo,24.2266835,55.6599794,ChIJ4QOqNMivij4R-iczh3TJU7g,Murano Spa Center For Men,DIRECT,3.1604,"beauty_salon, spa",5.0,Google Places API (New) Nearby Search,2026-09-02T15:22:51+00:00
37,Al Ain,ChIJaVP-IbGtij4REpj8CjkEfdo,24.2266835,55.6599794,ChIJkbpRWACvij4RvV8mBcToWBE,صالون ميس وررد,DIRECT,3.1693,"beauty_salon, nail_salon",5.0,Google Places API (New) Nearby Search,2026-09-02T15:22:51+00:00
37,Al Ain,ChIJaVP-IbGtij4REpj8CjkEfdo,24.2266835,55.6599794,ChIJkwV77Zmvij4RbWKomCxWpSU,Blue Moon Saloon .gentes,DIRECT,3.1709,hair_salon,5.0,Google Places API (New) Nearby Search,2026-09-02T15:22:51+00:00
37,Al Ain,ChIJaVP-IbGtij4REpj8CjkEfdo,24.2266835,55.6599794,ChIJFxt_UT6vij4RRApoki-kaTw,Piano salon,DIRECT,3.1745,hair_salon,5.0,Google Places API (New) Nearby Search,2026-09-02T15:22:51+00:00
37,Al Ain,ChIJaVP-IbGtij4REpj8CjkEfdo,24.2266835,55.6599794,ChIJXQMLrqGvij4RwibUhavk5Js,Ninos Spa for kids نينوز سبا للاطفال,DIRECT,3.1752,"hair_salon, nail_salon",5.0,Google Places API (New) Nearby Search,2026-09-02T15:22:51+00:00
37,Al Ain,ChIJaVP-IbGtij4REpj8CjkEfdo,24.2266835,55.6599794,ChIJUcv0Wo2vij4RGxp4BAsn7bU,H R World Beauty Salon,DIRECT,3.1817,"hair_salon, nail_salon, spa",5.0,Google Places API (New) Nearby Search,2026-09-02T15:22:51+00:00
37,Al Ain,ChIJaVP-IbGtij4REpj8CjkEfdo,24.2266835,55.6599794,ChIJoT6bF5-vij4RIQkvhC95ltA,jehan Beauty Salon - صالون جيهان للتجميل,DIRECT,3.1869,"hair_salon, nail_salon, spa",5.0,Google Places API (New) Nearby Search,2026-09-02T15:22:51+00:00
37,Al Ain,ChIJaVP-IbGtij4REpj8CjkEfdo,24.2266835,55.6599794,ChIJ4TNJ_Beuij4RbLLgYvIfAOU,ALTA Styles,DIRECT,3.2568,hair_salon,5.0,Google Places API (New) Nearby Search,2026-09-02T15:22:51+00:00
37,Al Ain,ChIJaVP-IbGtij4REpj8CjkEfdo,24.2266835,55.6599794,ChIJoRwtTBSyij4R2hO70UOK_gQ,صالون فلاش للرجال,DIRECT,3.3962,hair_salon,5.0,Google Places API (New) Nearby Search,2026-09-02T15:22:51+00:00
37,Al Ain,ChIJaVP-IbGtij4REpj8CjkEfdo,24.2266835,55.6599794,ChIJ41I_Tm-xij4RGDLRsXuw3Ow,Royal Nails Beauty Lounge,DIRECT,3.435,"beauty_salon, nail_salon",5.0,Google Places API (New) Nearby Search,2026-09-02T15:22:51+00:00
37,Al Ain,ChIJaVP-IbGtij4REpj8CjkEfdo,24.2266835,55.6599794,ChIJAVs5Tluxij4Rr9CuPi7hmPI,Lunar wellness spa,ADJACENT,3.5139,spa,5.0,Google Places API (New) Nearby Search,2026-09-02T15:22:51+00:00
37,Al Ain,ChIJaVP-IbGtij4REpj8CjkEfdo,24.2266835,55.6599794,ChIJQ4TtbD2xij4RCMMnJhlNJ5o,The Muse UAE Boutique Spa Al Ain,ADJACENT,3.5212,spa,5.0,Google Places API (New) Nearby Search,2026-09-02T15:22:51+00:00
37,Al Ain,ChIJaVP-IbGtij4REpj8CjkEfdo,24.2266835,55.6599794,ChIJFSNK1MOzij4RQf8QpfrN95E,Base beauty and spa,DIRECT,3.7056,beauty_salon,5.0,Google Places API (New) Nearby Search,2026-09-02T15:22:51+00:00
37,Al Ain,ChIJaVP-IbGtij4REpj8CjkEfdo,24.2266835,55.6599794,ChIJVSBoxRKzij4RyipMKZhIrR4,صالون مساء النور للحلاقة,DIRECT,3.9371,hair_salon,5.0,Google Places API (New) Nearby Search,2026-09-02T15:22:51+00:00
37,Al Ain,ChIJaVP-IbGtij4REpj8CjkEfdo,24.2266835,55.6599794,ChIJgW8DtvSzij4RImrsJ1zOZnY,صالون جسر الذهبي للرجال,DIRECT,3.9479,hair_salon,5.0,Google Places API (New) Nearby Search,2026-09-02T15:22:51+00:00
37,Al Ain,ChIJaVP-IbGtij4REpj8CjkEfdo,24.2266835,55.6599794,ChIJN8niTg2xij4RBieLSrQztzw,Calm & co,ADJACENT,3.9721,spa,5.0,Google Places API (New) Nearby Search,2026-09-02T15:22:51+00:00
37,Al Ain,ChIJaVP-IbGtij4REpj8CjkEfdo,24.2266835,55.6599794,ChIJj5pu4Jmvij4R8VxjaZq3GhM,City saloon tawam,DIRECT,3.988,hair_salon,5.0,Google Places API (New) Nearby Search,2026-09-02T15:22:51+00:00
37,Al Ain,ChIJaVP-IbGtij4REpj8CjkEfdo,24.2266835,55.6599794,ChIJzQADgQ-zij4R4zEDCBluHu8,Kristal beauty salon,ADJACENT,4.0144,spa,5.0,Google Places API (New) Nearby Search,2026-09-02T15:22:51+00:00
37,Al Ain,ChIJaVP-IbGtij4REpj8CjkEfdo,24.2266835,55.6599794,ChIJ_1hWkeezij4R6Gb2Xj-ip2A,Novomed - Al Ain,DIRECT,4.3748,beauty_salon,5.0,Google Places API (New) Nearby Search,2026-09-02T15:22:51+00:00
37,Al Ain,ChIJaVP-IbGtij4REpj8CjkEfdo,24.2266835,55.6599794,ChIJVaKTfJ2zij4RRm2aNjhpOmM,صالون قصر العز للرجال,DIRECT,4.5327,hair_salon,5.0,Google Places API (New) Nearby Search,2026-09-02T15:22:51+00:00
37,Al Ain,ChIJaVP-IbGtij4REpj8CjkEfdo,24.2266835,55.6599794,ChIJaRyRTE-xij4ROKfEGjuBN00,The Space Beauty Lounge Al Ain,DIRECT,4.7263,beauty_salon,5.0,Google Places API (New) Nearby Search,2026-09-02T15:22:51+00:00
37,Al Ain,ChIJaVP-IbGtij4REpj8CjkEfdo,24.2266835,55.6599794,ChIJHYmgppuxij4RKP9R7btrgyE,مركز داماس للحناء و تجميل السيدات Damas Henna & Beauty Center,DIRECT,4.7843,beauty_salon,5.0,Google Places API (New) Nearby Search,2026-09-02T15:22:51+00:00
30,Al Barsha,ChIJ692_u5NrXz4RTD99fc17TzU,25.1131451,55.2156092,ChIJ_d4g4-lrXz4RtpM9Wz9xhsc,Tips and Toes,DIRECT,0.4674,"beauty_salon, hair_salon, nail_salon, spa",5.0,Google Places API (New) Nearby Search,2026-09-02T15:22:51+00:00
30,Al Barsha,ChIJ692_u5NrXz4RTD99fc17TzU,25.1131451,55.2156092,ChIJ2WaRquVrXz4R1MMWYgz0O-Q,"Jazz Lounge Spa for Men - Umm Suqeim St, Dubai",DIRECT,0.9178,"beauty_salon, hair_salon, nail_salon",5.0,Google Places API (New) Nearby Search,2026-09-02T15:22:51+00:00
30,Al Barsha,ChIJ692_u5NrXz4RTD99fc17TzU,25.1131451,55.2156092,ChIJZQxNp4BrXz4RGG36xMjuoJI,ILIOS LADIES SALON,DIRECT,1.0316,"hair_salon, nail_salon",5.0,Google Places API (New) Nearby Search,2026-09-02T15:22:51+00:00
30,Al Barsha,ChIJ692_u5NrXz4RTD99fc17TzU,25.1131451,55.2156092,ChIJrx2Or8FrXz4RiYWRgp_AiGM,The Iridium Building,DIRECT,1.0399,beauty_salon,5.0,Google Places API (New) Nearby Search,2026-09-02T15:22:51+00:00
30,Al Barsha,ChIJ692_u5NrXz4RTD99fc17TzU,25.1131451,55.2156092,ChIJN4eOKcBrXz4RiIa0wYTexJo,Seagull Medical Center,DIRECT,1.044,beauty_salon,5.0,Google Places API (New) Nearby Search,2026-09-02T15:22:51+00:00
30,Al Barsha,ChIJ692_u5NrXz4RTD99fc17TzU,25.1131451,55.2156092,ChIJa4CFpv1rXz4Rb8J-J6i-ArI,Afrina Beauty Club Al Barsha,DIRECT,1.0913,beauty_salon,5.0,Google Places API (New) Nearby Search,2026-09-02T15:22:51+00:00
30,Al Barsha,ChIJ692_u5NrXz4RTD99fc17TzU,25.1131451,55.2156092,ChIJ7xuNn8FrXz4RB3dSnDLcPIg,Twist Curly Hair Salon Dubai,DIRECT,1.4427,"hair_salon, nail_salon",5.0,Google Places API (New) Nearby Search,2026-09-02T15:22:51+00:00
30,Al Barsha,ChIJ692_u5NrXz4RTD99fc17TzU,25.1131451,55.2156092,ChIJy1YoYj1hXz4RCVzckzg0ahY,The Lob Dubai - Padel & Wellness Club,ADJACENT,1.481,spa,5.0,Google Places API (New) Nearby Search,2026-09-02T15:22:51+00:00
30,Al Barsha,ChIJ692_u5NrXz4RTD99fc17TzU,25.1131451,55.2156092,ChIJk8Pik41rXz4ReQjs26aJkFw,RUS ELITE SPA - Best massage and SPA in Dubai,ADJACENT,1.5521,spa,5.0,Google Places API (New) Nearby Search,2026-09-02T15:22:51+00:00
30,Al Barsha,ChIJ692_u5NrXz4RTD99fc17TzU,25.1131451,55.2156092,ChIJx3o07L5rXz4ROX9g1k5On28,Sisters Beauty Lounge Hair Salon - Mall of the Emirates,DIRECT,1.6642,hair_salon,5.0,Google Places API (New) Nearby Search,2026-09-02T15:22:51+00:00
30,Al Barsha,ChIJ692_u5NrXz4RTD99fc17TzU,25.1131451,55.2156092,ChIJoeXl309rXz4RNxdA5jxJ0MM,صالون بابلون للرجال Babylon Gents Salon,DIRECT,1.7358,"hair_salon, nail_salon",5.0,Google Places API (New) Nearby Search,2026-09-02T15:22:51+00:00
30,Al Barsha,ChIJ692_u5NrXz4RTD99fc17TzU,25.1131451,55.2156092,ChIJ5Q33s4ZrXz4Rff3RVFuqN4k,New Look Business,DIRECT,1.8302,hair_salon,5.0,Google Places API (New) Nearby Search,2026-09-02T15:22:51+00:00
30,Al Barsha,ChIJ692_u5NrXz4RTD99fc17TzU,25.1131451,55.2156092,ChIJSTj_IsZrXz4RjkgnU6ZMk2A,LaMer Ladies Salon - Beauty Salon - Hair Salon - Nail Salon - Al Barsha Dubai,DIRECT,1.836,nail_salon,5.0,Google Places API (New) Nearby Search,2026-09-02T15:22:51+00:00
30,Al Barsha,ChIJ692_u5NrXz4RTD99fc17TzU,25.1131451,55.2156092,ChIJOZBMbdxrXz4RHEeuru_-HQA,Ruspa - Ukrainian and European Massage Al Barsha,ADJACENT,1.8605,spa,5.0,Google Places API (New) Nearby Search,2026-09-02T15:22:51+00:00
30,Al Barsha,ChIJ692_u5NrXz4RTD99fc17TzU,25.1131451,55.2156092,ChIJa_OlIrxrXz4RwRVPdS8D2yI,Kempinski Hotel Mall of the Emirates,ADJACENT,1.9198,spa,5.0,Google Places API (New) Nearby Search,2026-09-02T15:22:51+00:00
30,Al Barsha,ChIJ692_u5NrXz4RTD99fc17TzU,25.1131451,55.2156092,ChIJa0BZuI5CXz4RXLJJBaBxTKY,Beauty Connection Spa LLC,DIRECT,1.9304,"beauty_salon, hair_salon, nail_salon, spa",5.0,Google Places API (New) Nearby Search,2026-09-02T15:22:51+00:00
30,Al Barsha,ChIJ692_u5NrXz4RTD99fc17TzU,25.1131451,55.2156092,ChIJ9T8C6XNrXz4RDO9vYzP1lF8,BellaViso Medical Center,DIRECT,1.9439,beauty_salon,5.0,Google Places API (New) Nearby Search,2026-09-02T15:22:51+00:00
30,Al Barsha,ChIJ692_u5NrXz4RTD99fc17TzU,25.1131451,55.2156092,ChIJ0RRUsr1rXz4RlKp1lR4JqgU,"Hilton Garden Inn Dubai, Mall Avenue",ADJACENT,1.951,spa,5.0,Google Places API (New) Nearby Search,2026-09-02T15:22:51+00:00
30,Al Barsha,ChIJ692_u5NrXz4RTD99fc17TzU,25.1131451,55.2156092,ChIJEYbpRLxrXz4RfrljFpyTSe8,Cosmo Secrets Medical Center (Derma & Dental),DIRECT,1.9627,beauty_salon,5.0,Google Places API (New) Nearby Search,2026-09-02T15:22:51+00:00
30,Al Barsha,ChIJ692_u5NrXz4RTD99fc17TzU,25.1131451,55.2156092,ChIJiwAxb2JrXz4RIv_oGv3Iun0,Fade and Play - Barsha,DIRECT,2.0331,hair_salon,5.0,Google Places API (New) Nearby Search,2026-09-02T15:22:51+00:00
30,Al Barsha,ChIJ692_u5NrXz4RTD99fc17TzU,25.1131451,55.2156092,ChIJrR3Ef9prXz4RPa9jzsXsgzE,Art zone,DIRECT,2.4531,"hair_salon, nail_salon",5.0,Google Places API (New) Nearby Search,2026-09-02T15:22:51+00:00
30,Al Barsha,ChIJ692_u5NrXz4RTD99fc17TzU,25.1131451,55.2156092,ChIJQ44YqBNrXz4RR_DLtbYjO_Y,Locks By Lou Lou Al Wasl,DIRECT,2.7032,hair_salon,5.0,Google Places API (New) Nearby Search,2026-09-02T15:22:51+00:00
30,Al Barsha,ChIJ692_u5NrXz4RTD99fc17TzU,25.1131451,55.2156092,ChIJZzQyyVFqXz4RIHidgDF01FA,BROWZ,DIRECT,2.8107,beauty_salon,5.0,Google Places API (New) Nearby Search,2026-09-02T15:22:51+00:00
30,Al Barsha,ChIJ692_u5NrXz4RTD99fc17TzU,25.1131451,55.2156092,ChIJEaWpCQBrXz4RhlHI9gXIz8w,Paus Club,ADJACENT,2.9619,spa,5.0,Google Places API (New) Nearby Search,2026-09-02T15:22:51+00:00
30,Al Barsha,ChIJ692_u5NrXz4RTD99fc17TzU,25.1131451,55.2156092,ChIJkz0IbwBrXz4RIwqLuYA0bD4,Unique You Al Barsha,DIRECT,3.188,nail_salon,5.0,Google Places API (New) Nearby Search,2026-09-02T15:22:51+00:00
30,Al Barsha,ChIJ692_u5NrXz4RTD99fc17TzU,25.1131451,55.2156092,ChIJBW8b_L5rXz4ROct4NjxpLmY,"Tara Rose Salons - Al Quoz, Dubai",DIRECT,3.3434,hair_salon,5.0,Google Places API (New) Nearby Search,2026-09-02T15:22:51+00:00
30,Al Barsha,ChIJ692_u5NrXz4RTD99fc17TzU,25.1131451,55.2156092,ChIJeeRj1TVqXz4RWRRmhU-5qKg,Bloom Aesthetic and Laser Clinic عيادة بلوم للتجميل والليزر,DIRECT,3.3531,"beauty_salon, spa",5.0,Google Places API (New) Nearby Search,2026-09-02T15:22:51+00:00
30,Al Barsha,ChIJ692_u5NrXz4RTD99fc17TzU,25.1131451,55.2156092,ChIJJzvM6h5rXz4RXCkBgiYJZaU,The Nordic International Beauty & Training Centre,DIRECT,3.3873,nail_salon,5.0,Google Places API (New) Nearby Search,2026-09-02T15:22:51+00:00
30,Al Barsha,ChIJ692_u5NrXz4RTD99fc17TzU,25.1131451,55.2156092,ChIJ5zK5CZVDXz4RVnD8Fm9pVk4,CHALK,DIRECT,3.4039,"beauty_salon, hair_salon, nail_salon",5.0,Google Places API (New) Nearby Search,2026-09-02T15:22:51+00:00
30,Al Barsha,ChIJ692_u5NrXz4RTD99fc17TzU,25.1131451,55.2156092,ChIJMWoQuStqXz4RojAV94tpCCE,GymNation Al Quoz | Best Gym in Al Quoz,ADJACENT,3.5242,spa,5.0,Google Places API (New) Nearby Search,2026-09-02T15:22:51+00:00
30,Al Barsha,ChIJ692_u5NrXz4RTD99fc17TzU,25.1131451,55.2156092,ChIJ3UyUvGJpXz4RWXFFqOvuOf0,La Vida Clinic,DIRECT,3.6141,beauty_salon,5.0,Google Places API (New) Nearby Search,2026-09-02T15:22:51+00:00
30,Al Barsha,ChIJ692_u5NrXz4RTD99fc17TzU,25.1131451,55.2156092,ChIJXUoCz0ZtXz4Res-r0ofyu3k,Bella Vie Salon and Spa,DIRECT,3.6162,"hair_salon, nail_salon",5.0,Google Places API (New) Nearby Search,2026-09-02T15:22:51+00:00
30,Al Barsha,ChIJ692_u5NrXz4RTD99fc17TzU,25.1131451,55.2156092,ChIJR0do5TZqXz4RF7ibiW3Pcr8,Pastels Salon Jumeirah (Al Wasl),DIRECT,3.628,"hair_salon, nail_salon",5.0,Google Places API (New) Nearby Search,2026-09-02T15:22:51+00:00
30,Al Barsha,ChIJ692_u5NrXz4RTD99fc17TzU,25.1131451,55.2156092,ChIJhbXVqRtpXz4RFkKE772AO8Q,HAVIE & MOON,DIRECT,3.641,hair_salon,5.0,Google Places API (New) Nearby Search,2026-09-02T15:22:51+00:00
30,Al Barsha,ChIJ692_u5NrXz4RTD99fc17TzU,25.1131451,55.2156092,ChIJzawvhshrXz4RtBj4nBTtqgY,Los Angeles Aesthetic Medical Center,DIRECT,3.7013,"beauty_salon, spa",5.0,Google Places API (New) Nearby Search,2026-09-02T15:22:51+00:00
30,Al Barsha,ChIJ692_u5NrXz4RTD99fc17TzU,25.1131451,55.2156092,ChIJH5dUcoFrXz4RWOBrkjL0Wzw,Cute Kids Salon,DIRECT,3.7484,hair_salon,5.0,Google Places API (New) Nearby Search,2026-09-02T15:22:51+00:00
30,Al Barsha,ChIJ692_u5NrXz4RTD99fc17TzU,25.1131451,55.2156092,ChIJKb2NtlcTXz4RR-rqMeeDrnw,Armonia Spa,DIRECT,3.787,"beauty_salon, spa",5.0,Google Places API (New) Nearby Search,2026-09-02T15:22:51+00:00
30,Al Barsha,ChIJ692_u5NrXz4RTD99fc17TzU,25.1131451,55.2156092,ChIJ0XFwLEFqXz4Roi4CnzErRDU,515 Medical & Training Clinic,DIRECT,3.7876,beauty_salon,5.0,Google Places API (New) Nearby Search,2026-09-02T15:22:51+00:00
30,Al Barsha,ChIJ692_u5NrXz4RTD99fc17TzU,25.1131451,55.2156092,ChIJAf6vLtZpXz4R5apQG1K1RzI,Safa Dream Ladies Salon LLC,DIRECT,3.9912,"hair_salon, nail_salon",5.0,Google Places API (New) Nearby Search,2026-09-02T15:22:51+00:00
30,Al Barsha,ChIJ692_u5NrXz4RTD99fc17TzU,25.1131451,55.2156092,ChIJVUUMKHhrXz4RZO1u8Ah_C3U,"Ramee Rose Hotel, Dubai",DIRECT,3.9929,"beauty_salon, spa",5.0,Google Places API (New) Nearby Search,2026-09-02T15:22:51+00:00
30,Al Barsha,ChIJ692_u5NrXz4RTD99fc17TzU,25.1131451,55.2156092,ChIJVYHnt8ZpXz4Ry6O9cWEiyZk,SEVEN Dubai,DIRECT,4.0175,"beauty_salon, spa",5.0,Google Places API (New) Nearby Search,2026-09-02T15:22:51+00:00
30,Al Barsha,ChIJ692_u5NrXz4RTD99fc17TzU,25.1131451,55.2156092,ChIJI1hgaiRrXz4R1Jkr0MY-H1Y,Grand Heights Dubai Hotel Apartments,ADJACENT,4.075,spa,5.0,Google Places API (New) Nearby Search,2026-09-02T15:22:51+00:00
30,Al Barsha,ChIJ692_u5NrXz4RTD99fc17TzU,25.1131451,55.2156092,ChIJB1eybbhrXz4RfNr5DkIOkvQ,Urban Glam - Barsha Heights,DIRECT,4.2112,"beauty_salon, nail_salon",5.0,Google Places API (New) Nearby Search,2026-09-02T15:22:51+00:00
30,Al Barsha,ChIJ692_u5NrXz4RTD99fc17TzU,25.1131451,55.2156092,ChIJY0phdN1rXz4REnOYlJUocFA,BRAU,DIRECT,4.2419,"beauty_salon, spa",5.0,Google Places API (New) Nearby Search,2026-09-02T15:22:51+00:00
30,Al Barsha,ChIJ692_u5NrXz4RTD99fc17TzU,25.1131451,55.2156092,ChIJ0-w-wVxrXz4RYc37MlYKCbE,Its Beauty Ladies Salon – Internet City,DIRECT,4.4028,"hair_salon, nail_salon",5.0,Google Places API (New) Nearby Search,2026-09-02T15:22:51+00:00
30,Al Barsha,ChIJ692_u5NrXz4RTD99fc17TzU,25.1131451,55.2156092,ChIJ2fLyQXlrXz4Rl6K19ZHZSSc,Hair by Us | Beauty Salon | Hair Salon - Tecom,DIRECT,4.4244,nail_salon,5.0,Google Places API (New) Nearby Search,2026-09-02T15:22:51+00:00
30,Al Barsha,ChIJ692_u5NrXz4RTD99fc17TzU,25.1131451,55.2156092,ChIJExptfb5rXz4RXgQyomkL6lI,Two Seasons Hotel & Apartments,ADJACENT,4.4906,spa,5.0,Google Places API (New) Nearby Search,2026-09-02T15:22:51+00:00
30,Al Barsha,ChIJ692_u5NrXz4RTD99fc17TzU,25.1131451,55.2156092,ChIJxXjaZHprXz4REYnXZsUjqr8,Lavuna Spa - Tecom Barsha,ADJACENT,4.5763,spa,5.0,Google Places API (New) Nearby Search,2026-09-02T15:22:51+00:00
30,Al Barsha,ChIJ692_u5NrXz4RTD99fc17TzU,25.1131451,55.2156092,ChIJwUxRUHBrXz4RtJtvjg7J4Bw,Naumi Hotel Dubai,ADJACENT,4.5818,spa,5.0,Google Places API (New) Nearby Search,2026-09-02T15:22:51+00:00
30,Al Barsha,ChIJ692_u5NrXz4RTD99fc17TzU,25.1131451,55.2156092,ChIJrxTUycpDXz4R_z1tNuPd2cA,Mas Nails salon -160 aed extension with design - walk in available,DIRECT,4.5893,nail_salon,5.0,Google Places API (New) Nearby Search,2026-09-02T15:22:51+00:00
30,Al Barsha,ChIJ692_u5NrXz4RTD99fc17TzU,25.1131451,55.2156092,ChIJp6EpTHprXz4RGABjzaVtGq8,Mashael Beauty Lounge,DIRECT,4.6231,"beauty_salon, hair_salon, nail_salon, spa",5.0,Google Places API (New) Nearby Search,2026-09-02T15:22:51+00:00
30,Al Barsha,ChIJ692_u5NrXz4RTD99fc17TzU,25.1131451,55.2156092,ChIJ4wIIjUBqXz4RMpLJ4g4MDKk,The Nail Spa - Jumeirah Road,DIRECT,4.6813,nail_salon,5.0,Google Places API (New) Nearby Search,2026-09-02T15:22:51+00:00
46,Al Dhafra Branch,ChIJNxX7ddBnZz4RvodXaYBSH6Q,23.6280524,53.7141144,ChIJif9htN1nZz4R6RfuICZnWOc,Tarif Saloon - Branch01,DIRECT,0.4148,hair_salon,5.0,Google Places API (New) Nearby Search,2026-09-02T15:22:51+00:00
46,Al Dhafra Branch,ChIJNxX7ddBnZz4RvodXaYBSH6Q,23.6280524,53.7141144,ChIJ64_zRwdnZz4RcLS_SLhM4NQ,Salon Aroos Alshimal,DIRECT,0.473,"beauty_salon, nail_salon",5.0,Google Places API (New) Nearby Search,2026-09-02T15:22:51+00:00
46,Al Dhafra Branch,ChIJNxX7ddBnZz4RvodXaYBSH6Q,23.6280524,53.7141144,ChIJ-3zGFwBnZz4R6rFt-91AkXU,حلاق إشاره,DIRECT,0.9879,hair_salon,5.0,Google Places API (New) Nearby Search,2026-09-02T15:22:51+00:00
46,Al Dhafra Branch,ChIJNxX7ddBnZz4RvodXaYBSH6Q,23.6280524,53.7141144,ChIJ-2RUarlpZz4RkbqejW8J7VI,Oia spa,DIRECT,1.0754,"beauty_salon, nail_salon",5.0,Google Places API (New) Nearby Search,2026-09-02T15:22:51+00:00
46,Al Dhafra Branch,ChIJNxX7ddBnZz4RvodXaYBSH6Q,23.6280524,53.7141144,ChIJSamswnZoZz4RPV0waldsHxA,Lisianthus beauty salon,DIRECT,1.1335,beauty_salon,5.0,Google Places API (New) Nearby Search,2026-09-02T15:22:51+00:00
46,Al Dhafra Branch,ChIJNxX7ddBnZz4RvodXaYBSH6Q,23.6280524,53.7141144,ChIJQSSEGlBpZz4R7CvEumjusdo,AL MARMOOM SALON صالون المرموم للرجال,DIRECT,1.1373,hair_salon,5.0,Google Places API (New) Nearby Search,2026-09-02T15:22:51+00:00
46,Al Dhafra Branch,ChIJNxX7ddBnZz4RvodXaYBSH6Q,23.6280524,53.7141144,ChIJQ0b6O_ZpZz4R042RmWWzocs,صالون نونه ستايل للسيدات Salon Nona Style for Ladies,DIRECT,1.1739,beauty_salon,5.0,Google Places API (New) Nearby Search,2026-09-02T15:22:51+00:00
46,Al Dhafra Branch,ChIJNxX7ddBnZz4RvodXaYBSH6Q,23.6280524,53.7141144,ChIJ73FGJQBpZz4R_hVp0SDsCrA,صالون ارجانا لتجميل السيداتARJANA LADIES BEAUTY SALOON,DIRECT,1.2151,beauty_salon,5.0,Google Places API (New) Nearby Search,2026-09-02T15:22:51+00:00
46,Al Dhafra Branch,ChIJNxX7ddBnZz4RvodXaYBSH6Q,23.6280524,53.7141144,ChIJV39jFChnZz4REGForxT_MEg,صالون زهرة ليوا-عائشة,DIRECT,1.3983,beauty_salon,5.0,Google Places API (New) Nearby Search,2026-09-02T15:22:51+00:00
46,Al Dhafra Branch,ChIJNxX7ddBnZz4RvodXaYBSH6Q,23.6280524,53.7141144,ChIJsbzWiAlpZz4R6-aELCcsv7g,مركز عصفورة الربيع التجميل spring sparrow beauty centre,DIRECT,1.3997,beauty_salon,5.0,Google Places API (New) Nearby Search,2026-09-02T15:22:51+00:00
46,Al Dhafra Branch,ChIJNxX7ddBnZz4RvodXaYBSH6Q,23.6280524,53.7141144,ChIJd6qp675nZz4RsfdRsLRGiOM,Beauty salon and gym,DIRECT,2.2997,beauty_salon,5.0,Google Places API (New) Nearby Search,2026-09-02T15:22:51+00:00
46,Al Dhafra Branch,ChIJNxX7ddBnZz4RvodXaYBSH6Q,23.6280524,53.7141144,ChIJN4jY3bVnZz4R_DSQOVuH63Y,Hams Al Harayer Beauty Salon,DIRECT,2.3209,beauty_salon,5.0,Google Places API (New) Nearby Search,2026-09-02T15:22:51+00:00
46,Al Dhafra Branch,ChIJNxX7ddBnZz4RvodXaYBSH6Q,23.6280524,53.7141144,ChIJ_UjhDgpnZz4RIjSYV7ez3HQ,Besties nails & spa,DIRECT,2.6731,beauty_salon,5.0,Google Places API (New) Nearby Search,2026-09-02T15:22:51+00:00
46,Al Dhafra Branch,ChIJNxX7ddBnZz4RvodXaYBSH6Q,23.6280524,53.7141144,ChIJzy9_25xnZz4RDqDkfJjTE-4,مركز الغربيه للعناية الرجاليه,DIRECT,3.1291,hair_salon,5.0,Google Places API (New) Nearby Search,2026-09-02T15:22:51+00:00
46,Al Dhafra Branch,ChIJNxX7ddBnZz4RvodXaYBSH6Q,23.6280524,53.7141144,ChIJsZFRB6lJXT4REHIm1aEWMHg,مركز الامارات للعناية الرجالية فرع مدينة زايد,DIRECT,3.2159,beauty_salon,5.0,Google Places API (New) Nearby Search,2026-09-02T15:22:51+00:00
46,Al Dhafra Branch,ChIJNxX7ddBnZz4RvodXaYBSH6Q,23.6280524,53.7141144,ChIJxZ2_H29nZz4RXvuYJ7UQhOk,Western Flower Hairdresser,DIRECT,3.3646,hair_salon,5.0,Google Places API (New) Nearby Search,2026-09-02T15:22:51+00:00
46,Al Dhafra Branch,ChIJNxX7ddBnZz4RvodXaYBSH6Q,23.6280524,53.7141144,ChIJ3e1XsYlnZz4Rqmk-ugaaE8Y,صالون فيكتوريا للرجال,DIRECT,3.4693,hair_salon,5.0,Google Places API (New) Nearby Search,2026-09-02T15:22:51+00:00
46,Al Dhafra Branch,ChIJNxX7ddBnZz4RvodXaYBSH6Q,23.6280524,53.7141144,ChIJj20voD9nZz4R1KWeyOD0k68,TS Gents Salon,DIRECT,3.5261,hair_salon,5.0,Google Places API (New) Nearby Search,2026-09-02T15:22:51+00:00
46,Al Dhafra Branch,ChIJNxX7ddBnZz4RvodXaYBSH6Q,23.6280524,53.7141144,ChIJ4z4ri_FnZz4Rr0dEOiGx9FI,Bonoise Beauty Center,DIRECT,3.5495,beauty_salon,5.0,Google Places API (New) Nearby Search,2026-09-02T15:22:51+00:00
46,Al Dhafra Branch,ChIJNxX7ddBnZz4RvodXaYBSH6Q,23.6280524,53.7141144,ChIJKXOaFxhnZz4R47ny1MI7mEo,Kanaan city barbar saloon,DIRECT,3.5839,hair_salon,5.0,Google Places API (New) Nearby Search,2026-09-02T15:22:51+00:00
46,Al Dhafra Branch,ChIJNxX7ddBnZz4RvodXaYBSH6Q,23.6280524,53.7141144,ChIJRQ6cc4xnZz4RUkIH6u24Unc,TARIF GENTS SALOON,DIRECT,3.5901,"beauty_salon, hair_salon",5.0,Google Places API (New) Nearby Search,2026-09-02T15:22:51+00:00
46,Al Dhafra Branch,ChIJNxX7ddBnZz4RvodXaYBSH6Q,23.6280524,53.7141144,ChIJlZcxQ5VnZz4RQYCjjUogX50,Gents sloon,DIRECT,3.653,beauty_salon,5.0,Google Places API (New) Nearby Search,2026-09-02T15:22:51+00:00
46,Al Dhafra Branch,ChIJNxX7ddBnZz4RvodXaYBSH6Q,23.6280524,53.7141144,ChIJVf7l4ahnZz4RIJABTsAJ6_Q,Madina Zayed Hair Dressing Saloon,DIRECT,3.6939,hair_salon,5.0,Google Places API (New) Nearby Search,2026-09-02T15:22:51+00:00
46,Al Dhafra Branch,ChIJNxX7ddBnZz4RvodXaYBSH6Q,23.6280524,53.7141144,ChIJ0V2RmlpnZz4RBGdclplX0bU,GAYATHI HAIRDRESSING GENTS SALOON,DIRECT,3.708,hair_salon,5.0,Google Places API (New) Nearby Search,2026-09-02T15:22:51+00:00
46,Al Dhafra Branch,ChIJNxX7ddBnZz4RvodXaYBSH6Q,23.6280524,53.7141144,ChIJZULT0BJnZz4RN-cHmzd-CZg,Shamim Gents,DIRECT,3.7971,beauty_salon,5.0,Google Places API (New) Nearby Search,2026-09-02T15:22:51+00:00
46,Al Dhafra Branch,ChIJNxX7ddBnZz4RvodXaYBSH6Q,23.6280524,53.7141144,ChIJw2ROZ1VnZz4REWkCf88RV64,RAWAA CENTER FOR MEN CARE,ADJACENT,3.8322,spa,5.0,Google Places API (New) Nearby Search,2026-09-02T15:22:51+00:00
46,Al Dhafra Branch,ChIJNxX7ddBnZz4RvodXaYBSH6Q,23.6280524,53.7141144,ChIJq9_dP4VnZz4RUCg-FVQRTfI,Al Arabia Center for Men Care,DIRECT,3.8605,beauty_salon,5.0,Google Places API (New) Nearby Search,2026-09-02T15:22:51+00:00
46,Al Dhafra Branch,ChIJNxX7ddBnZz4RvodXaYBSH6Q,23.6280524,53.7141144,ChIJBc3J_KZnZz4RU9I8sA_DGrI,New Al Dhaif saloon,DIRECT,3.9503,nail_salon,5.0,Google Places API (New) Nearby Search,2026-09-02T15:22:51+00:00
46,Al Dhafra Branch,ChIJNxX7ddBnZz4RvodXaYBSH6Q,23.6280524,53.7141144,ChIJmT2fsE9nZz4RSz-vzEMRX8M,salon rafiq ghiyathi,DIRECT,3.9764,hair_salon,5.0,Google Places API (New) Nearby Search,2026-09-02T15:22:51+00:00
46,Al Dhafra Branch,ChIJNxX7ddBnZz4RvodXaYBSH6Q,23.6280524,53.7141144,ChIJh87RcwBnZz4RBcVRWCsffX8,Tariq Al Jamaal Gents Salon,DIRECT,4.0171,hair_salon,5.0,Google Places API (New) Nearby Search,2026-09-02T15:22:51+00:00
46,Al Dhafra Branch,ChIJNxX7ddBnZz4RvodXaYBSH6Q,23.6280524,53.7141144,ChIJ7bH4JgBnZz4Rmc53L0RPaZc,صالون المشاهير للحلاقة الرجالية,DIRECT,4.0517,hair_salon,5.0,Google Places API (New) Nearby Search,2026-09-02T15:22:51+00:00
46,Al Dhafra Branch,ChIJNxX7ddBnZz4RvodXaYBSH6Q,23.6280524,53.7141144,ChIJJ1BQAfJnZz4RuT68gybbEUY,GT Center for Men Care - مركز جي تي للعناية الرجالية,DIRECT,4.0538,"beauty_salon, hair_salon, nail_salon, spa",5.0,Google Places API (New) Nearby Search,2026-09-02T15:22:51+00:00
46,Al Dhafra Branch,ChIJNxX7ddBnZz4RvodXaYBSH6Q,23.6280524,53.7141144,ChIJ_fFJq2RnZz4Ro3Tpq-aFN-U,صالون ومركز بلازا للرجالPlaza center for men care,DIRECT,4.0979,beauty_salon,5.0,Google Places API (New) Nearby Search,2026-09-02T15:22:51+00:00
46,Al Dhafra Branch,ChIJNxX7ddBnZz4RvodXaYBSH6Q,23.6280524,53.7141144,ChIJX6orYgBnZz4RzlzzP8ysKtI,Golden Finger Gents Hairdressing saloon,DIRECT,4.1316,hair_salon,5.0,Google Places API (New) Nearby Search,2026-09-02T15:22:51+00:00
46,Al Dhafra Branch,ChIJNxX7ddBnZz4RvodXaYBSH6Q,23.6280524,53.7141144,ChIJdwXVZgBnZz4R2k_2gKsK30g,Royal Team Men Care Center,DIRECT,4.1752,spa,5.0,Google Places API (New) Nearby Search,2026-09-02T15:22:51+00:00
46,Al Dhafra Branch,ChIJNxX7ddBnZz4RvodXaYBSH6Q,23.6280524,53.7141144,ChIJPfsER1pnZz4RAaM9QgKcxyg,صالون سيلهت للحلاقة SALON SYLHET HAIRDAESSING,DIRECT,4.3535,hair_salon,5.0,Google Places API (New) Nearby Search,2026-09-02T15:22:51+00:00
46,Al Dhafra Branch,ChIJNxX7ddBnZz4RvodXaYBSH6Q,23.6280524,53.7141144,ChIJaWgU15xnZz4RGUaUj9NBWTg,حلاق تركي hair cut,DIRECT,4.4213,hair_salon,5.0,Google Places API (New) Nearby Search,2026-09-02T15:22:51+00:00
46,Al Dhafra Branch,ChIJNxX7ddBnZz4RvodXaYBSH6Q,23.6280524,53.7141144,ChIJmTtcTABnZz4Rj481GdWv2PI,Unique Spa,ADJACENT,4.5932,spa,5.0,Google Places API (New) Nearby Search,2026-09-02T15:22:51+00:00
46,Al Dhafra Branch,ChIJNxX7ddBnZz4RvodXaYBSH6Q,23.6280524,53.7141144,ChIJnRN2EqyjYD4R2TPuiuE5sHk,Royal Moon Beauty Salon,DIRECT,4.6223,beauty_salon,5.0,Google Places API (New) Nearby Search,2026-09-02T15:22:51+00:00
46,Al Dhafra Branch,ChIJNxX7ddBnZz4RvodXaYBSH6Q,23.6280524,53.7141144,ChIJceRKVNxnZz4RXiuH3Tnnv6Q,Hana massage spa,ADJACENT,4.788,spa,5.0,Google Places API (New) Nearby Search,2026-09-02T15:22:51+00:00
46,Al Dhafra Branch,ChIJNxX7ddBnZz4RvodXaYBSH6Q,23.6280524,53.7141144,ChIJ1yhEvWRnZz4Rzd6GUbkGyk0,Trianon Luxury spa,ADJACENT,4.7935,spa,5.0,Google Places API (New) Nearby Search,2026-09-02T15:22:51+00:00
39,Al Falah,ChIJhST-PqhLXj4R4Ns1HCNIcjA,24.4428939,54.7396974,ChIJEbucWAJLXj4Rp7RmZXlE6lY,White Way Gents Spa & Salon,DIRECT,0.0224,spa,5.0,Google Places API (New) Nearby Search,2026-09-02T15:22:51+00:00
39,Al Falah,ChIJhST-PqhLXj4R4Ns1HCNIcjA,24.4428939,54.7396974,ChIJbZ0FPahLXj4RY3TFKG4293c,Taj Al Embrator,DIRECT,0.0804,hair_salon,5.0,Google Places API (New) Nearby Search,2026-09-02T15:22:51+00:00
39,Al Falah,ChIJhST-PqhLXj4R4Ns1HCNIcjA,24.4428939,54.7396974,ChIJSxjx45NLXj4RUBGt4U3BzPY,Lucky massage spa,ADJACENT,0.2503,spa,5.0,Google Places API (New) Nearby Search,2026-09-02T15:22:51+00:00
39,Al Falah,ChIJhST-PqhLXj4R4Ns1HCNIcjA,24.4428939,54.7396974,ChIJJS9H8odLXj4RMBB1xetn8ZA,صالون سكره للحناء والتجميل,DIRECT,0.3009,beauty_salon,5.0,Google Places API (New) Nearby Search,2026-09-02T15:22:51+00:00
39,Al Falah,ChIJhST-PqhLXj4R4Ns1HCNIcjA,24.4428939,54.7396974,ChIJwRS3lGZLXj4RBdg5XZufD1Y,Misk wa sadha beauty center,DIRECT,0.6588,beauty_salon,5.0,Google Places API (New) Nearby Search,2026-09-02T15:22:51+00:00
39,Al Falah,ChIJhST-PqhLXj4R4Ns1HCNIcjA,24.4428939,54.7396974,ChIJiY916chLXj4RDkfGzvC9L9Y,مركز الضفيرة الذهبية للتجميل,DIRECT,0.8849,beauty_salon,5.0,Google Places API (New) Nearby Search,2026-09-02T15:22:51+00:00
39,Al Falah,ChIJhST-PqhLXj4R4Ns1HCNIcjA,24.4428939,54.7396974,ChIJL4Ti135LXj4RJ14lhmcaziA,صالون سما الفلاح SAMA ALFALAH GENTS SALON,DIRECT,1.1004,"beauty_salon, hair_salon",5.0,Google Places API (New) Nearby Search,2026-09-02T15:22:51+00:00
39,Al Falah,ChIJhST-PqhLXj4R4Ns1HCNIcjA,24.4428939,54.7396974,ChIJN2WHA61LXj4RDdk-iNPYdsI,Prestige Spa,DIRECT,1.1511,"hair_salon, spa",5.0,Google Places API (New) Nearby Search,2026-09-02T15:22:51+00:00
39,Al Falah,ChIJhST-PqhLXj4R4Ns1HCNIcjA,24.4428939,54.7396974,ChIJv066Aa1LXj4RLnzJJT43tGQ,Tips And Toes Falah 5,DIRECT,1.1622,beauty_salon,5.0,Google Places API (New) Nearby Search,2026-09-02T15:22:51+00:00
39,Al Falah,ChIJhST-PqhLXj4R4Ns1HCNIcjA,24.4428939,54.7396974,ChIJPSwprdBLXj4RsmIQ8BIG1bY,صالون لاموستاش للحلاقة الرجالية,DIRECT,1.1713,hair_salon,5.0,Google Places API (New) Nearby Search,2026-09-02T15:22:51+00:00
39,Al Falah,ChIJhST-PqhLXj4R4Ns1HCNIcjA,24.4428939,54.7396974,ChIJf2gTRgBLXj4Rk7yeAedNhcw,Ruby Salon - New Al Falah - Abu Dhabi,DIRECT,1.2528,hair_salon,5.0,Google Places API (New) Nearby Search,2026-09-02T15:22:51+00:00
39,Al Falah,ChIJhST-PqhLXj4R4Ns1HCNIcjA,24.4428939,54.7396974,ChIJ4bpFkLxLXj4RuvHAx35d5a0,صالون وجيم هلا بالخميس للسيدات,DIRECT,1.2619,beauty_salon,5.0,Google Places API (New) Nearby Search,2026-09-02T15:22:51+00:00
39,Al Falah,ChIJhST-PqhLXj4R4Ns1HCNIcjA,24.4428939,54.7396974,ChIJ2wgq0cKDfq8RI1aJLtodTok,Elyra Touch Beauty Center,DIRECT,1.5088,"nail_salon, spa",5.0,Google Places API (New) Nearby Search,2026-09-02T15:22:51+00:00
39,Al Falah,ChIJhST-PqhLXj4R4Ns1HCNIcjA,24.4428939,54.7396974,ChIJYQXTWupLXj4Rq7nhwQ2tKK4,صالون روماس للسيدات,DIRECT,1.5939,beauty_salon,5.0,Google Places API (New) Nearby Search,2026-09-02T15:22:51+00:00
39,Al Falah,ChIJhST-PqhLXj4R4Ns1HCNIcjA,24.4428939,54.7396974,ChIJdUbDqP9LXj4RSAKS5ScIBrI,aisha,DIRECT,1.6649,beauty_salon,5.0,Google Places API (New) Nearby Search,2026-09-02T15:22:51+00:00
39,Al Falah,ChIJhST-PqhLXj4R4Ns1HCNIcjA,24.4428939,54.7396974,ChIJHTnQlVZKXj4RiaTEYsOcroA,صالون برویز - Pervez Saloon BR,DIRECT,1.7321,hair_salon,5.0,Google Places API (New) Nearby Search,2026-09-02T15:22:51+00:00
39,Al Falah,ChIJhST-PqhLXj4R4Ns1HCNIcjA,24.4428939,54.7396974,ChIJt5zCMjRLXj4RpfBYXaplTHw,White lily beauty salon,DIRECT,1.7539,beauty_salon,5.0,Google Places API (New) Nearby Search,2026-09-02T15:22:51+00:00
39,Al Falah,ChIJhST-PqhLXj4R4Ns1HCNIcjA,24.4428939,54.7396974,ChIJEa4388tLXj4R8ttgoixXfhs,"Jazz Lounge Spa for Men - Al Falah 2, Abu Dhabi",DIRECT,2.062,"beauty_salon, hair_salon, nail_salon, spa",5.0,Google Places API (New) Nearby Search,2026-09-02T15:22:51+00:00
39,Al Falah,ChIJhST-PqhLXj4R4Ns1HCNIcjA,24.4428939,54.7396974,ChIJnzC9s0JLXj4R0e9-co6nGMM,Ruby Salon - Old Al Falah Abu Dhabi,DIRECT,2.3003,hair_salon,5.0,Google Places API (New) Nearby Search,2026-09-02T15:22:51+00:00
39,Al Falah,ChIJhST-PqhLXj4R4Ns1HCNIcjA,24.4428939,54.7396974,ChIJCWVOVMBLXj4R3mIpsIuRc0w,Tips and Toes Falah 1,DIRECT,2.3569,beauty_salon,5.0,Google Places API (New) Nearby Search,2026-09-02T15:22:51+00:00
39,Al Falah,ChIJhST-PqhLXj4R4Ns1HCNIcjA,24.4428939,54.7396974,ChIJL34CrU5KXj4RgMSMmWEYPcs,صالون الامبراطورة,DIRECT,2.5283,beauty_salon,5.0,Google Places API (New) Nearby Search,2026-09-02T15:22:51+00:00
39,Al Falah,ChIJhST-PqhLXj4R4Ns1HCNIcjA,24.4428939,54.7396974,ChIJkcOkHe1LXj4RoGvVx_GBerI,Freesia Beauty Center مركز فريسيا للتجميل,DIRECT,2.7358,beauty_salon,5.0,Google Places API (New) Nearby Search,2026-09-02T15:22:51+00:00
39,Al Falah,ChIJhST-PqhLXj4R4Ns1HCNIcjA,24.4428939,54.7396974,ChIJmzoJWuVLXj4RqBn0BWJ2yrk,high class beauty center,DIRECT,2.7474,beauty_salon,5.0,Google Places API (New) Nearby Search,2026-09-02T15:22:51+00:00
39,Al Falah,ChIJhST-PqhLXj4R4Ns1HCNIcjA,24.4428939,54.7396974,ChIJHdY88ulLXj4RxJwFo9jhF2g,Zaman Al Ahlam,DIRECT,2.7642,beauty_salon,5.0,Google Places API (New) Nearby Search,2026-09-02T15:22:51+00:00
39,Al Falah,ChIJhST-PqhLXj4R4Ns1HCNIcjA,24.4428939,54.7396974,ChIJ8U8s0m1LXj4Ro5PzKtDofJA,صالون رويال قيرل للسيدات,DIRECT,2.9737,beauty_salon,5.0,Google Places API (New) Nearby Search,2026-09-02T15:22:51+00:00
39,Al Falah,ChIJhST-PqhLXj4R4Ns1HCNIcjA,24.4428939,54.7396974,ChIJ-yPLqWJnXj4RARhFLzDIQDc,Unwind Beauty Lounge,DIRECT,3.1176,beauty_salon,5.0,Google Places API (New) Nearby Search,2026-09-02T15:22:51+00:00
39,Al Falah,ChIJhST-PqhLXj4R4Ns1HCNIcjA,24.4428939,54.7396974,ChIJzd7czjZLXj4R3VEfa75yFBw,Lavender Home Massage for Women,ADJACENT,3.1646,spa,5.0,Google Places API (New) Nearby Search,2026-09-02T15:22:51+00:00
39,Al Falah,ChIJhST-PqhLXj4R4Ns1HCNIcjA,24.4428939,54.7396974,ChIJf-mskP1LXj4Rwp8hj8OpI4Q,Mimarm Beauty Salon | صالون ميمارم للسيدات,DIRECT,3.4927,beauty_salon,5.0,Google Places API (New) Nearby Search,2026-09-02T15:22:51+00:00
39,Al Falah,ChIJhST-PqhLXj4R4Ns1HCNIcjA,24.4428939,54.7396974,ChIJS4yRZP1LXj4R9A8SyOTAr94,AL KOUS GENTS SALON BR.5 صالون الكوس للرجال - فرع Shop No.23 First Floor,DIRECT,3.5034,hair_salon,5.0,Google Places API (New) Nearby Search,2026-09-02T15:22:51+00:00
39,Al Falah,ChIJhST-PqhLXj4R4Ns1HCNIcjA,24.4428939,54.7396974,ChIJH9OQ6MdLXj4RhHK3jSbdvQg,صالون فلولة للتجميل,DIRECT,3.5462,beauty_salon,5.0,Google Places API (New) Nearby Search,2026-09-02T15:22:51+00:00
39,Al Falah,ChIJhST-PqhLXj4R4Ns1HCNIcjA,24.4428939,54.7396974,ChIJDUUsGsVLXj4RZ7U7rm2qrEA,Salon Razor cuts gent صالون رازور كوتس للرجال,DIRECT,3.9604,hair_salon,5.0,Google Places API (New) Nearby Search,2026-09-02T15:22:51+00:00
39,Al Falah,ChIJhST-PqhLXj4R4Ns1HCNIcjA,24.4428939,54.7396974,ChIJD_wuRthLXj4RPFrhdlbA0ug,Altifel alwaseem saloon,DIRECT,3.9652,hair_salon,5.0,Google Places API (New) Nearby Search,2026-09-02T15:22:51+00:00
39,Al Falah,ChIJhST-PqhLXj4R4Ns1HCNIcjA,24.4428939,54.7396974,ChIJsceFi2pLXj4RcZahYmF59BM,صالون حلاقه,DIRECT,4.1526,hair_salon,5.0,Google Places API (New) Nearby Search,2026-09-02T15:22:51+00:00
39,Al Falah,ChIJhST-PqhLXj4R4Ns1HCNIcjA,24.4428939,54.7396974,ChIJ6-A3RTtnXj4RqdgqRg4jvXw,حلاق المصرينbarbershop Egyptian,DIRECT,4.7149,hair_salon,5.0,Google Places API (New) Nearby Search,2026-09-02T15:22:51+00:00
50,Al Jada,ChIJYcoAMNNfXz4RhygkXYRIdZk,25.3192096,55.4799114,ChIJiViGkhNfXz4R52oV2JB9bdQ,Il Padrino Gentlemen Lounge | Aljada Sharjah,DIRECT,0.0769,nail_salon,5.0,Google Places API (New) Nearby Search,2026-09-02T15:22:51+00:00
50,Al Jada,ChIJYcoAMNNfXz4RhygkXYRIdZk,25.3192096,55.4799114,ChIJ7SSzQkJfXz4RFrgppMVBRuI,Awtar Beauty Center - Muwaileh,DIRECT,0.2752,beauty_salon,5.0,Google Places API (New) Nearby Search,2026-09-02T15:22:51+00:00
50,Al Jada,ChIJYcoAMNNfXz4RhygkXYRIdZk,25.3192096,55.4799114,ChIJiVO5P-BfXz4RikSUGaTr2XU,Norsh Spa Aljada,DIRECT,0.9104,"hair_salon, nail_salon, spa",5.0,Google Places API (New) Nearby Search,2026-09-02T15:22:51+00:00
50,Al Jada,ChIJYcoAMNNfXz4RhygkXYRIdZk,25.3192096,55.4799114,ChIJFfN9e0RfXz4RHL2GZN8Ean4,OAK SPA,DIRECT,1.1451,beauty_salon,5.0,Google Places API (New) Nearby Search,2026-09-02T15:22:51+00:00
50,Al Jada,ChIJYcoAMNNfXz4RhygkXYRIdZk,25.3192096,55.4799114,ChIJu81xwBpfXz4RRRg116nWxg0,Camellia,DIRECT,1.7136,beauty_salon,5.0,Google Places API (New) Nearby Search,2026-09-02T15:22:51+00:00
50,Al Jada,ChIJYcoAMNNfXz4RhygkXYRIdZk,25.3192096,55.4799114,ChIJyUDLP_JfXz4Rqm9EIayeXX4,صالون مقص للحلاقة,DIRECT,2.0122,hair_salon,5.0,Google Places API (New) Nearby Search,2026-09-02T15:22:51+00:00
50,Al Jada,ChIJYcoAMNNfXz4RhygkXYRIdZk,25.3192096,55.4799114,ChIJyVfhuzVfXz4RX-Lh3pu5iJY,Sole Oasis Muweillah (Men's Spa),DIRECT,2.0852,"nail_salon, spa",5.0,Google Places API (New) Nearby Search,2026-09-02T15:22:51+00:00
50,Al Jada,ChIJYcoAMNNfXz4RhygkXYRIdZk,25.3192096,55.4799114,ChIJQR_bfiJfXz4R8_7vwfdZEq4,Fly Me Spa,DIRECT,2.1922,"beauty_salon, spa",5.0,Google Places API (New) Nearby Search,2026-09-02T15:22:51+00:00
50,Al Jada,ChIJYcoAMNNfXz4RhygkXYRIdZk,25.3192096,55.4799114,ChIJbSj5iMdfXz4RouJhJae2yms,HERMOSA MEDICAL CENTER,DIRECT,2.2398,beauty_salon,5.0,Google Places API (New) Nearby Search,2026-09-02T15:22:51+00:00
50,Al Jada,ChIJYcoAMNNfXz4RhygkXYRIdZk,25.3192096,55.4799114,ChIJIbVQzRdfXz4RpzKkV7NYY3c,Saga Spa for Men - Muwaileh,DIRECT,2.2967,spa,5.0,Google Places API (New) Nearby Search,2026-09-02T15:22:51+00:00
50,Al Jada,ChIJYcoAMNNfXz4RhygkXYRIdZk,25.3192096,55.4799114,ChIJpU7HJQBfXz4RrsizL3exSBI,Rukn Al Majlis Gents Salon,DIRECT,2.3461,hair_salon,5.0,Google Places API (New) Nearby Search,2026-09-02T15:22:51+00:00
50,Al Jada,ChIJYcoAMNNfXz4RhygkXYRIdZk,25.3192096,55.4799114,ChIJd1MjLz1fXz4RjRjnzrOqlkg,Walili ladies saloon - صالون وليلي للسيدات / مويلح,DIRECT,2.359,beauty_salon,5.0,Google Places API (New) Nearby Search,2026-09-02T15:22:51+00:00
50,Al Jada,ChIJYcoAMNNfXz4RhygkXYRIdZk,25.3192096,55.4799114,ChIJVXC4O3hfXz4R-8FOvOA7MUk,Healing Zone Spa,ADJACENT,2.37,spa,5.0,Google Places API (New) Nearby Search,2026-09-02T15:22:51+00:00
50,Al Jada,ChIJYcoAMNNfXz4RhygkXYRIdZk,25.3192096,55.4799114,ChIJxQZIc89fXz4R2nkKCFanbxA,GymNation Al Zahia Ladies | Best Gym in Sharjah,ADJACENT,2.4154,spa,5.0,Google Places API (New) Nearby Search,2026-09-02T15:22:51+00:00
50,Al Jada,ChIJYcoAMNNfXz4RhygkXYRIdZk,25.3192096,55.4799114,ChIJU3RG_FVfXz4RBRkAQDo4vSU,GymNation Al Zahia Men's | Best Gym in Sharjah,ADJACENT,2.4154,spa,5.0,Google Places API (New) Nearby Search,2026-09-02T15:22:51+00:00
50,Al Jada,ChIJYcoAMNNfXz4RhygkXYRIdZk,25.3192096,55.4799114,ChIJb2Jckh1fXz4RCdHEBrREFVY,Peace massage center مركز السلام للمساج,ADJACENT,2.4318,spa,5.0,Google Places API (New) Nearby Search,2026-09-02T15:22:51+00:00
50,Al Jada,ChIJYcoAMNNfXz4RhygkXYRIdZk,25.3192096,55.4799114,ChIJyZnvEO5fXz4RYDYSCHd58zU,صالون المقص التركي TURKISH SCISSOP SALOON,DIRECT,2.4549,hair_salon,5.0,Google Places API (New) Nearby Search,2026-09-02T15:22:51+00:00
50,Al Jada,ChIJYcoAMNNfXz4RhygkXYRIdZk,25.3192096,55.4799114,ChIJKYc-EWBfXz4RkNN7aXLiX_A,The Loft Fifth Avenue Beauty Lounge - City Centre Al Zahia,DIRECT,2.5419,"hair_salon, nail_salon",5.0,Google Places API (New) Nearby Search,2026-09-02T15:22:51+00:00
50,Al Jada,ChIJYcoAMNNfXz4RhygkXYRIdZk,25.3192096,55.4799114,ChIJj1HAlOtfXz4RA3vhwo70jEY,Norsh Spa,DIRECT,2.5421,"hair_salon, nail_salon, spa",5.0,Google Places API (New) Nearby Search,2026-09-02T15:22:51+00:00
50,Al Jada,ChIJYcoAMNNfXz4RhygkXYRIdZk,25.3192096,55.4799114,ChIJN9iT5I9fXz4Ra9wX-HJfdKQ,Touch Beauty Centre,DIRECT,2.5793,beauty_salon,5.0,Google Places API (New) Nearby Search,2026-09-02T15:22:51+00:00
50,Al Jada,ChIJYcoAMNNfXz4RhygkXYRIdZk,25.3192096,55.4799114,ChIJp2gR5idfXz4RPjz-9-DprGg,Beverly Hills Beauty Center,DIRECT,2.5924,beauty_salon,5.0,Google Places API (New) Nearby Search,2026-09-02T15:22:51+00:00
50,Al Jada,ChIJYcoAMNNfXz4RhygkXYRIdZk,25.3192096,55.4799114,ChIJdwpupNxfXz4RczRJqby1gzE,Barber House Spa,DIRECT,2.6381,hair_salon,5.0,Google Places API (New) Nearby Search,2026-09-02T15:22:51+00:00
50,Al Jada,ChIJYcoAMNNfXz4RhygkXYRIdZk,25.3192096,55.4799114,ChIJT81H6yJfXz4RAm6PY4_CtmE,Asmreko Beauty Centre,DIRECT,2.6527,"hair_salon, nail_salon",5.0,Google Places API (New) Nearby Search,2026-09-02T15:22:51+00:00
50,Al Jada,ChIJYcoAMNNfXz4RhygkXYRIdZk,25.3192096,55.4799114,ChIJLZSUf_5fXz4Rq_byF16_u1w,Adam saloon Muwaileh,DIRECT,2.6594,hair_salon,5.0,Google Places API (New) Nearby Search,2026-09-02T15:22:51+00:00
50,Al Jada,ChIJYcoAMNNfXz4RhygkXYRIdZk,25.3192096,55.4799114,ChIJXwWRdABfXz4RnN7GMvtyDOA,Rare Spa,DIRECT,2.6749,beauty_salon,5.0,Google Places API (New) Nearby Search,2026-09-02T15:22:51+00:00
50,Al Jada,ChIJYcoAMNNfXz4RhygkXYRIdZk,25.3192096,55.4799114,ChIJ-zN-A-lZXz4RvtTGiuchu-A,NStyle Beauty Lounge,DIRECT,2.7033,nail_salon,5.0,Google Places API (New) Nearby Search,2026-09-02T15:22:51+00:00
50,Al Jada,ChIJYcoAMNNfXz4RhygkXYRIdZk,25.3192096,55.4799114,ChIJba3ay3tfXz4ReallJjjtNy4,Mira Beauty ميرا بيوتي - Beauty Chic,DIRECT,2.7249,"hair_salon, nail_salon, spa",5.0,Google Places API (New) Nearby Search,2026-09-02T15:22:51+00:00
50,Al Jada,ChIJYcoAMNNfXz4RhygkXYRIdZk,25.3192096,55.4799114,ChIJaTUdmCBfXz4R3UO495zgSlk,Hair LTD.,DIRECT,2.7262,hair_salon,5.0,Google Places API (New) Nearby Search,2026-09-02T15:22:51+00:00
50,Al Jada,ChIJYcoAMNNfXz4RhygkXYRIdZk,25.3192096,55.4799114,ChIJ6ajNdFRfXz4RodPS8sGnT8E,Three Brothers Barber Shop,DIRECT,2.7276,"hair_salon, spa",5.0,Google Places API (New) Nearby Search,2026-09-02T15:22:51+00:00
50,Al Jada,ChIJYcoAMNNfXz4RhygkXYRIdZk,25.3192096,55.4799114,ChIJo-ZlFgFfXz4RvbE6oorJqH0,Albanat spa salon,DIRECT,2.7377,nail_salon,5.0,Google Places API (New) Nearby Search,2026-09-02T15:22:51+00:00
50,Al Jada,ChIJYcoAMNNfXz4RhygkXYRIdZk,25.3192096,55.4799114,ChIJ6wqSJytfXz4RIsuiHeaU9CE,Al Kadi Beauty (Salon & Spa),DIRECT,2.7642,"hair_salon, nail_salon",5.0,Google Places API (New) Nearby Search,2026-09-02T15:22:51+00:00
50,Al Jada,ChIJYcoAMNNfXz4RhygkXYRIdZk,25.3192096,55.4799114,ChIJW8oMfABfXz4RIcRUJoLLXbg,Unique Beauty salon,DIRECT,2.778,beauty_salon,5.0,Google Places API (New) Nearby Search,2026-09-02T15:22:51+00:00
50,Al Jada,ChIJYcoAMNNfXz4RhygkXYRIdZk,25.3192096,55.4799114,ChIJ9__pgMNfXz4RgaUJ1yNmYxg,Broummana Saloon,DIRECT,2.7886,hair_salon,5.0,Google Places API (New) Nearby Search,2026-09-02T15:22:51+00:00
50,Al Jada,ChIJYcoAMNNfXz4RhygkXYRIdZk,25.3192096,55.4799114,ChIJ1fk5k8JfXz4RhXaNK864CY4,Shade Beauty center,DIRECT,2.8025,beauty_salon,5.0,Google Places API (New) Nearby Search,2026-09-02T15:22:51+00:00
50,Al Jada,ChIJYcoAMNNfXz4RhygkXYRIdZk,25.3192096,55.4799114,ChIJ27NNoSxfXz4RzhvOVsqbLlw,Golden Lotus Beauty Salon,DIRECT,2.805,spa,5.0,Google Places API (New) Nearby Search,2026-09-02T15:22:51+00:00
50,Al Jada,ChIJYcoAMNNfXz4RhygkXYRIdZk,25.3192096,55.4799114,ChIJofTmTdpfXz4RdMzeH2B-GwU,The Beauty Revival Center مركز إحياء الجمال,DIRECT,2.8292,spa,5.0,Google Places API (New) Nearby Search,2026-09-02T15:22:51+00:00
50,Al Jada,ChIJYcoAMNNfXz4RhygkXYRIdZk,25.3192096,55.4799114,ChIJq6qqqv1YXz4RaNpdZFGR3P0,Vanillia Beauty Center,DIRECT,2.8305,beauty_salon,5.0,Google Places API (New) Nearby Search,2026-09-02T15:22:51+00:00
50,Al Jada,ChIJYcoAMNNfXz4RhygkXYRIdZk,25.3192096,55.4799114,ChIJlx4c34NfXz4RNWeXsP1TyJk,The white spot,DIRECT,2.8925,beauty_salon,5.0,Google Places API (New) Nearby Search,2026-09-02T15:22:51+00:00
50,Al Jada,ChIJYcoAMNNfXz4RhygkXYRIdZk,25.3192096,55.4799114,ChIJhS4YWLBfXz4RVr0X3Q-igSA,Hide Beauty Center,DIRECT,2.9062,beauty_salon,5.0,Google Places API (New) Nearby Search,2026-09-02T15:22:51+00:00
50,Al Jada,ChIJYcoAMNNfXz4RhygkXYRIdZk,25.3192096,55.4799114,ChIJ82Lw0yNfXz4RN7hn-gRQnno,Horse Spa For Men,ADJACENT,2.9221,spa,5.0,Google Places API (New) Nearby Search,2026-09-02T15:22:51+00:00
50,Al Jada,ChIJYcoAMNNfXz4RhygkXYRIdZk,25.3192096,55.4799114,ChIJKZAkpkhfXz4RGaeW31E9WkY,Al mahra spa المهرة سبا للتجميل,ADJACENT,2.9323,spa,5.0,Google Places API (New) Nearby Search,2026-09-02T15:22:51+00:00
50,Al Jada,ChIJYcoAMNNfXz4RhygkXYRIdZk,25.3192096,55.4799114,ChIJO6b71yNfXz4RQ_YTJwK4dFs,Polished Spa,ADJACENT,2.9411,spa,5.0,Google Places API (New) Nearby Search,2026-09-02T15:22:51+00:00
50,Al Jada,ChIJYcoAMNNfXz4RhygkXYRIdZk,25.3192096,55.4799114,ChIJS9adGiBfXz4ROf65E4Hk_-U,Nails House,DIRECT,2.9467,"beauty_salon, nail_salon",5.0,Google Places API (New) Nearby Search,2026-09-02T15:22:51+00:00
50,Al Jada,ChIJYcoAMNNfXz4RhygkXYRIdZk,25.3192096,55.4799114,ChIJA-EyzRdfXz4RE3t3rQSKlSc,Nail2u Spa,DIRECT,2.9655,"beauty_salon, nail_salon",5.0,Google Places API (New) Nearby Search,2026-09-02T15:22:51+00:00
50,Al Jada,ChIJYcoAMNNfXz4RhygkXYRIdZk,25.3192096,55.4799114,ChIJJ1YG2bVfXz4RPqFbW8mUgPs,Barber Bell,DIRECT,2.9851,hair_salon,5.0,Google Places API (New) Nearby Search,2026-09-02T15:22:51+00:00
50,Al Jada,ChIJYcoAMNNfXz4RhygkXYRIdZk,25.3192096,55.4799114,ChIJ0-U5SDVfXz4RjzjD_EyJoHs,Pure beauty ladies salon,DIRECT,2.9933,beauty_salon,5.0,Google Places API (New) Nearby Search,2026-09-02T15:22:51+00:00
50,Al Jada,ChIJYcoAMNNfXz4RhygkXYRIdZk,25.3192096,55.4799114,ChIJV0YgnyRfXz4RC14mubqOCiE,Royal Spa,ADJACENT,3.0076,spa,5.0,Google Places API (New) Nearby Search,2026-09-02T15:22:51+00:00
50,Al Jada,ChIJYcoAMNNfXz4RhygkXYRIdZk,25.3192096,55.4799114,ChIJn35XMY9fXz4R3Zjk8xl7GB4,Mani & Pedi Sharjah - ماني اند بيدي الشارقة,DIRECT,3.0656,nail_salon,5.0,Google Places API (New) Nearby Search,2026-09-02T15:22:51+00:00
50,Al Jada,ChIJYcoAMNNfXz4RhygkXYRIdZk,25.3192096,55.4799114,ChIJS77minNfXz4R2YZQP0h5-UU,HAPPY CUT Salon,DIRECT,3.0676,hair_salon,5.0,Google Places API (New) Nearby Search,2026-09-02T15:22:51+00:00
50,Al Jada,ChIJYcoAMNNfXz4RhygkXYRIdZk,25.3192096,55.4799114,ChIJLV39IwBfXz4RfkymV3QNwoM,Tiptoe nailounge,DIRECT,3.0995,nail_salon,5.0,Google Places API (New) Nearby Search,2026-09-02T15:22:51+00:00
50,Al Jada,ChIJYcoAMNNfXz4RhygkXYRIdZk,25.3192096,55.4799114,ChIJPUZqMdFDXz4Rime0wbcP7Cg,Naturals Salon,DIRECT,3.1484,"hair_salon, nail_salon, spa",5.0,Google Places API (New) Nearby Search,2026-09-02T15:22:51+00:00
50,Al Jada,ChIJYcoAMNNfXz4RhygkXYRIdZk,25.3192096,55.4799114,ChIJX3kmLEtfXz4R0GXoZSCwYWM,Elite Cuts Gents Salon,DIRECT,3.2175,"hair_salon, nail_salon",5.0,Google Places API (New) Nearby Search,2026-09-02T15:22:51+00:00
50,Al Jada,ChIJYcoAMNNfXz4RhygkXYRIdZk,25.3192096,55.4799114,ChIJR2fkRYJfXz4REzmPziZ6qpg,Anisaty Ladies Salon Muweillah Branch,DIRECT,3.2466,"beauty_salon, nail_salon",5.0,Google Places API (New) Nearby Search,2026-09-02T15:22:51+00:00
50,Al Jada,ChIJYcoAMNNfXz4RhygkXYRIdZk,25.3192096,55.4799114,ChIJB5lXKVREk2QRj077KebxQ9Q,kids zone -kid's salon,DIRECT,3.535,hair_salon,5.0,Google Places API (New) Nearby Search,2026-09-02T15:22:51+00:00
50,Al Jada,ChIJYcoAMNNfXz4RhygkXYRIdZk,25.3192096,55.4799114,ChIJzYRGHGxfXz4RvTgt5jyI_0I,Al Majarah Al Zarqa Ladies Salon,DIRECT,3.8288,"nail_salon, spa",5.0,Google Places API (New) Nearby Search,2026-09-02T15:22:51+00:00
50,Al Jada,ChIJYcoAMNNfXz4RhygkXYRIdZk,25.3192096,55.4799114,ChIJxZWfPCFZXz4RrR7kgogRbRs,Afrina Beauty Henna & Training Center Al Khezamia,DIRECT,4.3779,beauty_salon,5.0,Google Places API (New) Nearby Search,2026-09-02T15:22:51+00:00
50,Al Jada,ChIJYcoAMNNfXz4RhygkXYRIdZk,25.3192096,55.4799114,ChIJjQZufONeXz4R8OsmQMDIssc,Rawaiee Beauty Salon,DIRECT,4.6487,nail_salon,5.0,Google Places API (New) Nearby Search,2026-09-02T15:22:51+00:00
50,Al Jada,ChIJYcoAMNNfXz4RhygkXYRIdZk,25.3192096,55.4799114,ChIJq2qbxqVfXz4RQxr6YkzBpvA,Zahid Jani Salon (main),DIRECT,4.7409,hair_salon,5.0,Google Places API (New) Nearby Search,2026-09-02T15:22:51+00:00
50,Al Jada,ChIJYcoAMNNfXz4RhygkXYRIdZk,25.3192096,55.4799114,ChIJSz5imk1fXz4RzGkXLDuEm8E,** SPA OLYMPIA ** سبا اولمبيا **,ADJACENT,4.7742,spa,5.0,Google Places API (New) Nearby Search,2026-09-02T15:22:51+00:00
45,Al Maqta,ChIJIcgTO9ZDXj4RbWXJ_yrpjuM,24.4130516,54.4929556,ChIJ1Rym03lDXj4Ry8HrwL3DgZQ,The Fix Beauty Lounge,DIRECT,0.0319,"beauty_salon, nail_salon",5.0,Google Places API (New) Nearby Search,2026-09-02T15:22:51+00:00
45,Al Maqta,ChIJIcgTO9ZDXj4RbWXJ_yrpjuM,24.4130516,54.4929556,ChIJt78xX05DXj4RpXeSo0eeM9c,De Bene Esse European Spa & Massage,ADJACENT,0.209,spa,5.0,Google Places API (New) Nearby Search,2026-09-02T15:22:51+00:00
45,Al Maqta,ChIJIcgTO9ZDXj4RbWXJ_yrpjuM,24.4130516,54.4929556,ChIJ7yIxJNpDXj4R2GCbL6B0_nw,BlowDry Hair Salon,DIRECT,0.2549,nail_salon,5.0,Google Places API (New) Nearby Search,2026-09-02T15:22:51+00:00
45,Al Maqta,ChIJIcgTO9ZDXj4RbWXJ_yrpjuM,24.4130516,54.4929556,ChIJTR4Oeh9BXj4Re7dvWUQckQQ,Aroma Ocean Spa Best Massage in Abudhabi & Home Service,ADJACENT,0.4969,spa,5.0,Google Places API (New) Nearby Search,2026-09-02T15:22:51+00:00
45,Al Maqta,ChIJIcgTO9ZDXj4RbWXJ_yrpjuM,24.4130516,54.4929556,ChIJNaSYXthDXj4RprtgcxKvnds,nails the modern manicure studio - Souk - Qaryat Al Beri branch,DIRECT,0.502,nail_salon,5.0,Google Places API (New) Nearby Search,2026-09-02T15:22:51+00:00
45,Al Maqta,ChIJIcgTO9ZDXj4RbWXJ_yrpjuM,24.4130516,54.4929556,ChIJdQao70pDXj4R3JAMh3w23Is,Kanaan Gents Salon & Spa – Bain Al Jesrain صالون وسبا كنعان للرجال – بين الجسرين,DIRECT,0.5459,"beauty_salon, hair_salon, spa",5.0,Google Places API (New) Nearby Search,2026-09-02T15:22:51+00:00
45,Al Maqta,ChIJIcgTO9ZDXj4RbWXJ_yrpjuM,24.4130516,54.4929556,ChIJ2bVES9BDXj4R1GQbwTs4s7U,Hair Factory ladies beauty salon Abudhabi,DIRECT,0.5492,hair_salon,5.0,Google Places API (New) Nearby Search,2026-09-02T15:22:51+00:00
45,Al Maqta,ChIJIcgTO9ZDXj4RbWXJ_yrpjuM,24.4130516,54.4929556,ChIJgdngenNDXj4RvFg-pLU16Dk,A One Gents Saloon,DIRECT,0.5496,hair_salon,5.0,Google Places API (New) Nearby Search,2026-09-02T15:22:51+00:00
45,Al Maqta,ChIJIcgTO9ZDXj4RbWXJ_yrpjuM,24.4130516,54.4929556,ChIJVRSDeNhDXj4RVnxlw3kuMdg,"Chi, The Spa at Shangri-La",ADJACENT,0.5766,spa,5.0,Google Places API (New) Nearby Search,2026-09-02T15:22:51+00:00
45,Al Maqta,ChIJIcgTO9ZDXj4RbWXJ_yrpjuM,24.4130516,54.4929556,ChIJR5sguG1DXj4R1QsghcelhSA,Tara spa,ADJACENT,0.7203,spa,5.0,Google Places API (New) Nearby Search,2026-09-02T15:22:51+00:00
45,Al Maqta,ChIJIcgTO9ZDXj4RbWXJ_yrpjuM,24.4130516,54.4929556,ChIJPzfUDV5BXj4Ra9PYEshTOdw,"Capelli Center Mens (Gym, Salon, Spa)",DIRECT,1.0797,nail_salon,5.0,Google Places API (New) Nearby Search,2026-09-02T15:22:51+00:00
45,Al Maqta,ChIJIcgTO9ZDXj4RbWXJ_yrpjuM,24.4130516,54.4929556,ChIJ6TGi-F5BXj4RcXAbEUohchw,Your Dental and Medical Centre Rabdan - يور دينتال اند ميديكال سنتر ربدان,DIRECT,1.0869,beauty_salon,5.0,Google Places API (New) Nearby Search,2026-09-02T15:22:51+00:00
45,Al Maqta,ChIJIcgTO9ZDXj4RbWXJ_yrpjuM,24.4130516,54.4929556,ChIJ7aBvpbBBXj4Rrz5YkTw3PKA,Ushi Nail Spa Al Qana Abu Dhabi,DIRECT,1.1215,"beauty_salon, nail_salon, spa",5.0,Google Places API (New) Nearby Search,2026-09-02T15:22:51+00:00
45,Al Maqta,ChIJIcgTO9ZDXj4RbWXJ_yrpjuM,24.4130516,54.4929556,ChIJscm3ux9BXj4RxCPJKklwFNA,صالون سبشيل بيرد ستايل,DIRECT,1.257,hair_salon,5.0,Google Places API (New) Nearby Search,2026-09-02T15:22:51+00:00
45,Al Maqta,ChIJIcgTO9ZDXj4RbWXJ_yrpjuM,24.4130516,54.4929556,ChIJ6facfm1BXj4RmWc9WG_3JAU,Saloon mohammad alhariri for man صالون محمد الحريري للرجال,DIRECT,1.3013,hair_salon,5.0,Google Places API (New) Nearby Search,2026-09-02T15:22:51+00:00
45,Al Maqta,ChIJIcgTO9ZDXj4RbWXJ_yrpjuM,24.4130516,54.4929556,ChIJ7YcGHXJBXj4R2XGB_gU-fdU,صالون سونا بين الجسرينsona salon,DIRECT,1.4035,beauty_salon,5.0,Google Places API (New) Nearby Search,2026-09-02T15:22:51+00:00
45,Al Maqta,ChIJIcgTO9ZDXj4RbWXJ_yrpjuM,24.4130516,54.4929556,ChIJ60POGgBBXj4RZm8XLPPzC3U,ELIXIRA LADIES BEAUTY LOUNGE,DIRECT,1.4116,nail_salon,5.0,Google Places API (New) Nearby Search,2026-09-02T15:22:51+00:00
45,Al Maqta,ChIJIcgTO9ZDXj4RbWXJ_yrpjuM,24.4130516,54.4929556,ChIJ8Uq1R1lBXj4Rb-6WJo3wDE4,Flair Ladies Beauty Center,DIRECT,1.4212,beauty_salon,5.0,Google Places API (New) Nearby Search,2026-09-02T15:22:51+00:00
45,Al Maqta,ChIJIcgTO9ZDXj4RbWXJ_yrpjuM,24.4130516,54.4929556,ChIJcb1OvglBXj4Rpj4qKbJJoW0,Le Beautique Spa Center,DIRECT,1.4257,"beauty_salon, spa",5.0,Google Places API (New) Nearby Search,2026-09-02T15:22:51+00:00
45,Al Maqta,ChIJIcgTO9ZDXj4RbWXJ_yrpjuM,24.4130516,54.4929556,ChIJFRhBdlJBXj4RwYy2RLGionw,Nona Colonna Ladies Salon,DIRECT,1.4388,"hair_salon, nail_salon",5.0,Google Places API (New) Nearby Search,2026-09-02T15:22:51+00:00
45,Al Maqta,ChIJIcgTO9ZDXj4RbWXJ_yrpjuM,24.4130516,54.4929556,ChIJuQ_SasdBXj4RCdrmVbW1Q74,THE BRIDGE | Wellness Hub,ADJACENT,1.439,spa,5.0,Google Places API (New) Nearby Search,2026-09-02T15:22:51+00:00
45,Al Maqta,ChIJIcgTO9ZDXj4RbWXJ_yrpjuM,24.4130516,54.4929556,ChIJOYCqtehBXj4RHfXdhlhgtxw,Man Lab Gentlemen's Spa Al Qana Abu Dhabi,DIRECT,1.4642,"beauty_salon, nail_salon, spa",5.0,Google Places API (New) Nearby Search,2026-09-02T15:22:51+00:00
45,Al Maqta,ChIJIcgTO9ZDXj4RbWXJ_yrpjuM,24.4130516,54.4929556,ChIJyzQrxX9BXj4R3dgagdsPj3c,SSKY Ladies Beauty Salon | Korean Salon,DIRECT,1.4863,nail_salon,5.0,Google Places API (New) Nearby Search,2026-09-02T15:22:51+00:00
45,Al Maqta,ChIJIcgTO9ZDXj4RbWXJ_yrpjuM,24.4130516,54.4929556,ChIJ6UyqaL9BXj4RV8qjxrgFtwM,Max Care Primary Healthcare Center,DIRECT,1.4904,beauty_salon,5.0,Google Places API (New) Nearby Search,2026-09-02T15:22:51+00:00
45,Al Maqta,ChIJIcgTO9ZDXj4RbWXJ_yrpjuM,24.4130516,54.4929556,ChIJP1UGUHhBXj4Rq2Q4Br2ER5w,Styler Gents Salon & Spa - Rabdan Area,DIRECT,1.5568,nail_salon,5.0,Google Places API (New) Nearby Search,2026-09-02T15:22:51+00:00
45,Al Maqta,ChIJIcgTO9ZDXj4RbWXJ_yrpjuM,24.4130516,54.4929556,ChIJRyJFFMJDXj4Rd1E_0adIPqw,PICASSO TOUCH SALON FOR GENTS,DIRECT,2.6341,"hair_salon, nail_salon, spa",5.0,Google Places API (New) Nearby Search,2026-09-02T15:22:51+00:00
45,Al Maqta,ChIJIcgTO9ZDXj4RbWXJ_yrpjuM,24.4130516,54.4929556,ChIJbUqn6dRBXj4R42NJ8vyTdW4,صالون سما الشام الرجالي,DIRECT,2.6396,hair_salon,5.0,Google Places API (New) Nearby Search,2026-09-02T15:22:51+00:00
45,Al Maqta,ChIJIcgTO9ZDXj4RbWXJ_yrpjuM,24.4130516,54.4929556,ChIJ98d6OJ1oXj4RGQ8-o1qspv4,Polish Nails Care and More Salon | Best Ladies Salon - Nail Spa,DIRECT,2.6602,"beauty_salon, hair_salon, nail_salon, spa",5.0,Google Places API (New) Nearby Search,2026-09-02T15:22:51+00:00
45,Al Maqta,ChIJIcgTO9ZDXj4RbWXJ_yrpjuM,24.4130516,54.4929556,ChIJJw6KqQlBXj4R8b-g8H7A294,صالون الذوق للحلاقة,DIRECT,2.6665,hair_salon,5.0,Google Places API (New) Nearby Search,2026-09-02T15:22:51+00:00
45,Al Maqta,ChIJIcgTO9ZDXj4RbWXJ_yrpjuM,24.4130516,54.4929556,ChIJ3_iyPrQ5Xj4RH9UwIvrtDss,blusher salon and spa,DIRECT,2.7147,"beauty_salon, spa",5.0,Google Places API (New) Nearby Search,2026-09-02T15:22:51+00:00
45,Al Maqta,ChIJIcgTO9ZDXj4RbWXJ_yrpjuM,24.4130516,54.4929556,ChIJD1_g9DpCXj4RWJAagGvwxYA,PAUSE SALON & SPA,DIRECT,2.777,beauty_salon,5.0,Google Places API (New) Nearby Search,2026-09-02T15:22:51+00:00
45,Al Maqta,ChIJIcgTO9ZDXj4RbWXJ_yrpjuM,24.4130516,54.4929556,ChIJE_56R4xDXj4RMc7jC5pfVmo,Al Manara Salon,DIRECT,2.9064,nail_salon,5.0,Google Places API (New) Nearby Search,2026-09-02T15:22:51+00:00
45,Al Maqta,ChIJIcgTO9ZDXj4RbWXJ_yrpjuM,24.4130516,54.4929556,ChIJO32TCqhDXj4RAwPNdWLQQPo,Scissor touch men spa,DIRECT,3.15,hair_salon,5.0,Google Places API (New) Nearby Search,2026-09-02T15:22:51+00:00
45,Al Maqta,ChIJIcgTO9ZDXj4RbWXJ_yrpjuM,24.4130516,54.4929556,ChIJI8rwUytDXj4RW_kVflzSqXQ,Skin Institute Dermatology Centre Abu Dhabi,DIRECT,3.3451,"beauty_salon, spa",5.0,Google Places API (New) Nearby Search,2026-09-02T15:22:51+00:00
45,Al Maqta,ChIJIcgTO9ZDXj4RbWXJ_yrpjuM,24.4130516,54.4929556,ChIJ1T33f8hHXj4RFbdgTiq-A3U,Palm Beach Gents Salon,DIRECT,3.4054,"hair_salon, nail_salon",5.0,Google Places API (New) Nearby Search,2026-09-02T15:22:51+00:00
45,Al Maqta,ChIJIcgTO9ZDXj4RbWXJ_yrpjuM,24.4130516,54.4929556,ChIJD78jm21DXj4RFJaaFlEWA9U,Elated Beauty Bar,DIRECT,3.5113,"beauty_salon, nail_salon",5.0,Google Places API (New) Nearby Search,2026-09-02T15:22:51+00:00
45,Al Maqta,ChIJIcgTO9ZDXj4RbWXJ_yrpjuM,24.4130516,54.4929556,ChIJpUhxIUVCXj4R-Z4Go8nmIPw,Al Cady Medical Center L.L.C,DIRECT,3.5126,beauty_salon,5.0,Google Places API (New) Nearby Search,2026-09-02T15:22:51+00:00
45,Al Maqta,ChIJIcgTO9ZDXj4RbWXJ_yrpjuM,24.4130516,54.4929556,ChIJqa7UHI9pXj4RtSOUqeeoLtA,Styler Gents Salon & Spa - Khalifa Park,DIRECT,3.52,nail_salon,5.0,Google Places API (New) Nearby Search,2026-09-02T15:22:51+00:00
45,Al Maqta,ChIJIcgTO9ZDXj4RbWXJ_yrpjuM,24.4130516,54.4929556,ChIJJThiRQBDXj4ReHyHBI8ug-c,Bonita Beauty lounge,DIRECT,3.5436,"beauty_salon, nail_salon",5.0,Google Places API (New) Nearby Search,2026-09-02T15:22:51+00:00
45,Al Maqta,ChIJIcgTO9ZDXj4RbWXJ_yrpjuM,24.4130516,54.4929556,ChIJtViQHFRDXj4RlavCqK3Q1xI,Diivana Massage,ADJACENT,3.7909,spa,5.0,Google Places API (New) Nearby Search,2026-09-02T15:22:51+00:00
45,Al Maqta,ChIJIcgTO9ZDXj4RbWXJ_yrpjuM,24.4130516,54.4929556,ChIJk0UrfHFDXj4R6zRoN3Bg8G4,Olivia massage spa,ADJACENT,3.8157,spa,5.0,Google Places API (New) Nearby Search,2026-09-02T15:22:51+00:00
45,Al Maqta,ChIJIcgTO9ZDXj4RbWXJ_yrpjuM,24.4130516,54.4929556,ChIJgYXJnGVDXj4Rpsp_KC9cIIY,MERAG SPA,ADJACENT,3.8234,spa,5.0,Google Places API (New) Nearby Search,2026-09-02T15:22:51+00:00
45,Al Maqta,ChIJIcgTO9ZDXj4RbWXJ_yrpjuM,24.4130516,54.4929556,ChIJRZEwDolDXj4Rqw4iMnTm9TY,Optimyze Health & Fitness Boutique,ADJACENT,3.8577,spa,5.0,Google Places API (New) Nearby Search,2026-09-02T15:22:51+00:00
45,Al Maqta,ChIJIcgTO9ZDXj4RbWXJ_yrpjuM,24.4130516,54.4929556,ChIJS7EoHb1HXj4R_CaM82bRZc0,Stardust Gents Salon,DIRECT,4.3918,hair_salon,5.0,Google Places API (New) Nearby Search,2026-09-02T15:22:51+00:00
45,Al Maqta,ChIJIcgTO9ZDXj4RbWXJ_yrpjuM,24.4130516,54.4929556,ChIJHeslLLBHXj4R2k220ct8BWA,Boho Salon,DIRECT,4.3987,hair_salon,5.0,Google Places API (New) Nearby Search,2026-09-02T15:22:51+00:00
45,Al Maqta,ChIJIcgTO9ZDXj4RbWXJ_yrpjuM,24.4130516,54.4929556,ChIJc4CzqmBCXj4RQT4BHbkDdaU,Bellacure Nails,DIRECT,4.4957,hair_salon,5.0,Google Places API (New) Nearby Search,2026-09-02T15:22:51+00:00
45,Al Maqta,ChIJIcgTO9ZDXj4RbWXJ_yrpjuM,24.4130516,54.4929556,ChIJoxRqn4RCXj4RxVvskPy8rKw,Beautyspot Salon Al Seef Village,DIRECT,4.6772,"hair_salon, nail_salon",5.0,Google Places API (New) Nearby Search,2026-09-02T15:22:51+00:00
45,Al Maqta,ChIJIcgTO9ZDXj4RbWXJ_yrpjuM,24.4130516,54.4929556,ChIJjRn-DLxBXj4RNKDugsb_UgI,Golden star gents salon,DIRECT,4.6872,hair_salon,5.0,Google Places API (New) Nearby Search,2026-09-02T15:22:51+00:00
45,Al Maqta,ChIJIcgTO9ZDXj4RbWXJ_yrpjuM,24.4130516,54.4929556,ChIJgSu-zBxBXj4Rz8Jg9k1AQK8,Al Zayani Saloon,DIRECT,4.7291,hair_salon,5.0,Google Places API (New) Nearby Search,2026-09-02T15:22:51+00:00
45,Al Maqta,ChIJIcgTO9ZDXj4RbWXJ_yrpjuM,24.4130516,54.4929556,ChIJyS7OpFlAXj4RcGTdHxmWan4,Arabian Pools,ADJACENT,4.7347,spa,5.0,Google Places API (New) Nearby Search,2026-09-02T15:22:51+00:00
45,Al Maqta,ChIJIcgTO9ZDXj4RbWXJ_yrpjuM,24.4130516,54.4929556,ChIJwTfCb19BXj4Rjav9VmrFmWo,Hearcols gens saloon,DIRECT,4.793,hair_salon,5.0,Google Places API (New) Nearby Search,2026-09-02T15:22:51+00:00
45,Al Maqta,ChIJIcgTO9ZDXj4RbWXJ_yrpjuM,24.4130516,54.4929556,ChIJv1C0ZN9AXj4RSxpfmHhrX8g,Green View Gents Saloon,DIRECT,4.8288,hair_salon,5.0,Google Places API (New) Nearby Search,2026-09-02T15:22:51+00:00
45,Al Maqta,ChIJIcgTO9ZDXj4RbWXJ_yrpjuM,24.4130516,54.4929556,ChIJ8ZJFzQJBXj4RwxToWqY6JAY,MAX BURN GYM Body Building Club,ADJACENT,4.9106,spa,5.0,Google Places API (New) Nearby Search,2026-09-02T15:22:51+00:00
45,Al Maqta,ChIJIcgTO9ZDXj4RbWXJ_yrpjuM,24.4130516,54.4929556,ChIJt8i1c6JDXj4RZT68OZOeZA8,Calla Beauty Salon,DIRECT,4.9334,beauty_salon,5.0,Google Places API (New) Nearby Search,2026-09-02T15:22:51+00:00
51,Al Taif Mall,ChIJ0ePl4Sz59D4RPDea70PHVSs,25.1202606,56.3253503,ChIJVfpdlgj59D4RVVR6CUwFKpM,DoubleTree by Hilton Fujairah City,ADJACENT,0.026,spa,5.0,Google Places API (New) Nearby Search,2026-09-02T15:22:51+00:00
51,Al Taif Mall,ChIJ0ePl4Sz59D4RPDea70PHVSs,25.1202606,56.3253503,ChIJq488GgD59D4REZzD3jKoQIc,Ozone Spa & Massage,ADJACENT,0.0416,spa,5.0,Google Places API (New) Nearby Search,2026-09-02T15:22:51+00:00
51,Al Taif Mall,ChIJ0ePl4Sz59D4RPDea70PHVSs,25.1202606,56.3253503,ChIJI_nn_cn59D4RuLhSDBG0Z6k,REVLON Hair,DIRECT,0.1131,hair_salon,5.0,Google Places API (New) Nearby Search,2026-09-02T15:22:51+00:00
51,Al Taif Mall,ChIJ0ePl4Sz59D4RPDea70PHVSs,25.1202606,56.3253503,ChIJIeJVLtz59D4RHrOhPQ9JV_M,SHATHA BEAUTY & SPA salon,DIRECT,0.1715,beauty_salon,5.0,Google Places API (New) Nearby Search,2026-09-02T15:22:51+00:00
51,Al Taif Mall,ChIJ0ePl4Sz59D4RPDea70PHVSs,25.1202606,56.3253503,ChIJgY3UuVP59D4RWvJpHRBeqBs,Pure Diamond European Spa,ADJACENT,0.2566,spa,5.0,Google Places API (New) Nearby Search,2026-09-02T15:22:51+00:00
51,Al Taif Mall,ChIJ0ePl4Sz59D4RPDea70PHVSs,25.1202606,56.3253503,ChIJ36ch5KP59D4RplSmOmPDCi0,Sun Flower VIP Spa Massage Fujairah,ADJACENT,0.2792,spa,5.0,Google Places API (New) Nearby Search,2026-09-02T15:22:51+00:00
51,Al Taif Mall,ChIJ0ePl4Sz59D4RPDea70PHVSs,25.1202606,56.3253503,ChIJC6Xy06f59D4RmjUxAkjujDU,Gianna,ADJACENT,0.291,spa,5.0,Google Places API (New) Nearby Search,2026-09-02T15:22:51+00:00
51,Al Taif Mall,ChIJ0ePl4Sz59D4RPDea70PHVSs,25.1202606,56.3253503,ChIJa6J2VrP59D4Rh5pKU_28loI,Vu Beo Spa Massage Fujairah,ADJACENT,0.2956,spa,5.0,Google Places API (New) Nearby Search,2026-09-02T15:22:51+00:00
51,Al Taif Mall,ChIJ0ePl4Sz59D4RPDea70PHVSs,25.1202606,56.3253503,ChIJGUnnZ1VVz60RjrmFKHTQ1m4,AL Diyar Beauty Centre,DIRECT,0.325,"hair_salon, nail_salon",5.0,Google Places API (New) Nearby Search,2026-09-02T15:22:51+00:00
51,Al Taif Mall,ChIJ0ePl4Sz59D4RPDea70PHVSs,25.1202606,56.3253503,ChIJ7TMj__359D4RYS1TCgwZb3g,Glamorous Beauty salon & Spa,DIRECT,0.439,beauty_salon,5.0,Google Places API (New) Nearby Search,2026-09-02T15:22:51+00:00
51,Al Taif Mall,ChIJ0ePl4Sz59D4RPDea70PHVSs,25.1202606,56.3253503,ChIJPyAt7zX59D4R030rG7smEho,Royal Thai Spa,DIRECT,0.5998,beauty_salon,5.0,Google Places API (New) Nearby Search,2026-09-02T15:22:51+00:00
51,Al Taif Mall,ChIJ0ePl4Sz59D4RPDea70PHVSs,25.1202606,56.3253503,ChIJKzWcpkP49D4R1FFrodVbwPU,"AyurRaha Ayurveda Center, AYURVEDA Physical Therapy",ADJACENT,0.6363,spa,5.0,Google Places API (New) Nearby Search,2026-09-02T15:22:51+00:00
51,Al Taif Mall,ChIJ0ePl4Sz59D4RPDea70PHVSs,25.1202606,56.3253503,ChIJIYTzOov49D4RyGjsl9Fj1io,Butterfliez Salon,DIRECT,0.8775,nail_salon,5.0,Google Places API (New) Nearby Search,2026-09-02T15:22:51+00:00
51,Al Taif Mall,ChIJ0ePl4Sz59D4RPDea70PHVSs,25.1202606,56.3253503,ChIJlQaCIwD59D4RI_eM9HkEybw,صالون اكس مان الفجيرة,DIRECT,0.9476,hair_salon,5.0,Google Places API (New) Nearby Search,2026-09-02T15:22:51+00:00
51,Al Taif Mall,ChIJ0ePl4Sz59D4RPDea70PHVSs,25.1202606,56.3253503,ChIJL5_aeAD59D4RCv8HO8aAANs,Najoom gents salon,DIRECT,0.9476,nail_salon,5.0,Google Places API (New) Nearby Search,2026-09-02T15:22:51+00:00
51,Al Taif Mall,ChIJ0ePl4Sz59D4RPDea70PHVSs,25.1202606,56.3253503,ChIJBbkGH-v59D4RHwvOA3iXsgA,M Spa,ADJACENT,1.0802,spa,5.0,Google Places API (New) Nearby Search,2026-09-02T15:22:51+00:00
51,Al Taif Mall,ChIJ0ePl4Sz59D4RPDea70PHVSs,25.1202606,56.3253503,ChIJCZZ1_Eb59D4RYKTIUV-vlnA,صالون حبايبنا,DIRECT,1.2976,hair_salon,5.0,Google Places API (New) Nearby Search,2026-09-02T15:22:51+00:00
51,Al Taif Mall,ChIJ0ePl4Sz59D4RPDea70PHVSs,25.1202606,56.3253503,ChIJKVBp9In49D4Rz_9bK-hDUuA,Magic Fingers Ayurveda Wellness Centre,ADJACENT,1.3108,spa,5.0,Google Places API (New) Nearby Search,2026-09-02T15:22:51+00:00
51,Al Taif Mall,ChIJ0ePl4Sz59D4RPDea70PHVSs,25.1202606,56.3253503,ChIJbXhqOv_59D4RJkYEkvTKj0Y,صالون ابو سمره للحلاقة,DIRECT,1.3171,hair_salon,5.0,Google Places API (New) Nearby Search,2026-09-02T15:22:51+00:00
51,Al Taif Mall,ChIJ0ePl4Sz59D4RPDea70PHVSs,25.1202606,56.3253503,ChIJz3fTQAD59D4RJO_sPRI7-1A,صالون الحبيب للحلاقه الرجاليه,DIRECT,1.3209,hair_salon,5.0,Google Places API (New) Nearby Search,2026-09-02T15:22:51+00:00
51,Al Taif Mall,ChIJ0ePl4Sz59D4RPDea70PHVSs,25.1202606,56.3253503,ChIJc16kuon49D4ROdEl3dj7GlI,New Bustan Saloon,DIRECT,1.3364,hair_salon,5.0,Google Places API (New) Nearby Search,2026-09-02T15:22:51+00:00
51,Al Taif Mall,ChIJ0ePl4Sz59D4RPDea70PHVSs,25.1202606,56.3253503,ChIJ_Qh2LdH59D4Rmrh4GUxU3g8,صالون فور يو للحمام المغربي ولمساج للرجال,DIRECT,1.3399,hair_salon,5.0,Google Places API (New) Nearby Search,2026-09-02T15:22:51+00:00
51,Al Taif Mall,ChIJ0ePl4Sz59D4RPDea70PHVSs,25.1202606,56.3253503,ChIJWyadDQD59D4RD8jdezpObP0,ABDUL FATEH SALOON صالون عبدالفتاح للحلاقة,DIRECT,1.3649,hair_salon,5.0,Google Places API (New) Nearby Search,2026-09-02T15:22:51+00:00
51,Al Taif Mall,ChIJ0ePl4Sz59D4RPDea70PHVSs,25.1202606,56.3253503,ChIJN8Qi_WH49D4RQgSeuX-GN2k,مركز لمسات للتجميل والتدريب,DIRECT,1.4048,beauty_salon,5.0,Google Places API (New) Nearby Search,2026-09-02T15:22:51+00:00
51,Al Taif Mall,ChIJ0ePl4Sz59D4RPDea70PHVSs,25.1202606,56.3253503,ChIJn44w0_f59D4RvWYGgclVC2Q,Al fanar gents center صالون الفنار للرجال,DIRECT,1.4949,nail_salon,5.0,Google Places API (New) Nearby Search,2026-09-02T15:22:51+00:00
51,Al Taif Mall,ChIJ0ePl4Sz59D4RPDea70PHVSs,25.1202606,56.3253503,ChIJEXUBpHz49D4RY5EfpwR9bik,SHARFA BEAUTY CENTER,DIRECT,1.5168,hair_salon,5.0,Google Places API (New) Nearby Search,2026-09-02T15:22:51+00:00
51,Al Taif Mall,ChIJ0ePl4Sz59D4RPDea70PHVSs,25.1202606,56.3253503,ChIJk77ZeOn59D4R5xsjJQ7NGmw,mabrook ladies beauty salon llc,DIRECT,1.6768,nail_salon,5.0,Google Places API (New) Nearby Search,2026-09-02T15:22:51+00:00
51,Al Taif Mall,ChIJ0ePl4Sz59D4RPDea70PHVSs,25.1202606,56.3253503,ChIJ9bk34nX59D4RBYRXy7npcO4,Massage Center & Spa Fujairah,ADJACENT,1.7797,spa,5.0,Google Places API (New) Nearby Search,2026-09-02T15:22:51+00:00
51,Al Taif Mall,ChIJ0ePl4Sz59D4RPDea70PHVSs,25.1202606,56.3253503,ChIJ-WDHQB359D4RXxfsHFC7uEM,حلاق ماجد,DIRECT,1.7841,hair_salon,5.0,Google Places API (New) Nearby Search,2026-09-02T15:22:51+00:00
51,Al Taif Mall,ChIJ0ePl4Sz59D4RPDea70PHVSs,25.1202606,56.3253503,ChIJX4cBY3n59D4R9zbKJaup9mo,Al Zaeem Salon,DIRECT,1.7951,nail_salon,5.0,Google Places API (New) Nearby Search,2026-09-02T15:22:51+00:00
51,Al Taif Mall,ChIJ0ePl4Sz59D4RPDea70PHVSs,25.1202606,56.3253503,ChIJZZtgFcH59D4RtEFfN2BF-mM,al razi center for massage,ADJACENT,1.8122,spa,5.0,Google Places API (New) Nearby Search,2026-09-02T15:22:51+00:00
51,Al Taif Mall,ChIJ0ePl4Sz59D4RPDea70PHVSs,25.1202606,56.3253503,ChIJbRT00BP59D4Rbv_R_QCqZJ0,Pink & White Saloon Fujairah,DIRECT,1.8199,beauty_salon,5.0,Google Places API (New) Nearby Search,2026-09-02T15:22:51+00:00
51,Al Taif Mall,ChIJ0ePl4Sz59D4RPDea70PHVSs,25.1202606,56.3253503,ChIJ3y7HVWf49D4RbunODRJpLq0,صالون السعدي للحلاقة,DIRECT,1.8368,hair_salon,5.0,Google Places API (New) Nearby Search,2026-09-02T15:22:51+00:00
51,Al Taif Mall,ChIJ0ePl4Sz59D4RPDea70PHVSs,25.1202606,56.3253503,ChIJO7I5Khj59D4RJDlACuffiqg,The Grey Beauty Center,DIRECT,2.0022,beauty_salon,5.0,Google Places API (New) Nearby Search,2026-09-02T15:22:51+00:00
51,Al Taif Mall,ChIJ0ePl4Sz59D4RPDea70PHVSs,25.1202606,56.3253503,ChIJF7NML_b59D4Rl3FGWbvMQw8,صالون روعه,DIRECT,2.3929,beauty_salon,5.0,Google Places API (New) Nearby Search,2026-09-02T15:22:51+00:00
51,Al Taif Mall,ChIJ0ePl4Sz59D4RPDea70PHVSs,25.1202606,56.3253503,ChIJ652enmD59D4R5LOlZB3t_Dk,AL ANKABUT hair fixing,DIRECT,2.4486,hair_salon,5.0,Google Places API (New) Nearby Search,2026-09-02T15:22:51+00:00
51,Al Taif Mall,ChIJ0ePl4Sz59D4RPDea70PHVSs,25.1202606,56.3253503,ChIJU1VVVYX49D4RNPBv71pmqBg,"Kaya Skin Clinic – Fujairah City, Fujairah",DIRECT,2.5257,beauty_salon,5.0,Google Places API (New) Nearby Search,2026-09-02T15:22:51+00:00
51,Al Taif Mall,ChIJ0ePl4Sz59D4RPDea70PHVSs,25.1202606,56.3253503,ChIJ4eLkyhb59D4RXu-vHdR8eRc,Thai Spa & Massage,ADJACENT,3.0317,spa,5.0,Google Places API (New) Nearby Search,2026-09-02T15:22:51+00:00
51,Al Taif Mall,ChIJ0ePl4Sz59D4RPDea70PHVSs,25.1202606,56.3253503,ChIJRaP1YAD59D4RmfdcemfO3QI,Dream Spa Massage,ADJACENT,3.1252,spa,5.0,Google Places API (New) Nearby Search,2026-09-02T15:22:51+00:00
51,Al Taif Mall,ChIJ0ePl4Sz59D4RPDea70PHVSs,25.1202606,56.3253503,ChIJYX-o5_759D4RAi5DohyyBl0,"Oxyzen European Spa And Massage, Fujairah",ADJACENT,3.3004,spa,5.0,Google Places API (New) Nearby Search,2026-09-02T15:22:51+00:00
51,Al Taif Mall,ChIJ0ePl4Sz59D4RPDea70PHVSs,25.1202606,56.3253503,ChIJL3cZuUH59D4RJR0aKCkIQHg,Beauty and Nail Arts Salon,DIRECT,3.3155,"hair_salon, nail_salon",5.0,Google Places API (New) Nearby Search,2026-09-02T15:22:51+00:00
51,Al Taif Mall,ChIJ0ePl4Sz59D4RPDea70PHVSs,25.1202606,56.3253503,ChIJvygbwHH49D4R1_tQ0L0rXQg,صالون الطاووس وحمام مغربي للرجال,DIRECT,3.3318,"beauty_salon, spa",5.0,Google Places API (New) Nearby Search,2026-09-02T15:22:51+00:00
51,Al Taif Mall,ChIJ0ePl4Sz59D4RPDea70PHVSs,25.1202606,56.3253503,ChIJkS2kNAD59D4R1gWfnfj8ApA,JOLINE Beauty Salon,DIRECT,3.34,beauty_salon,5.0,Google Places API (New) Nearby Search,2026-09-02T15:22:51+00:00
51,Al Taif Mall,ChIJ0ePl4Sz59D4RPDea70PHVSs,25.1202606,56.3253503,ChIJt60bk3H49D4RFZP3kkOqUcw,Mabrook Salon,DIRECT,3.4035,hair_salon,5.0,Google Places API (New) Nearby Search,2026-09-02T15:22:51+00:00
51,Al Taif Mall,ChIJ0ePl4Sz59D4RPDea70PHVSs,25.1202606,56.3253503,ChIJ-eiEMHz59D4R1eP2m7AVlE0,مركز تالغو للتجميل - Thalgo Beauty Center,DIRECT,3.4302,beauty_salon,5.0,Google Places API (New) Nearby Search,2026-09-02T15:22:51+00:00
51,Al Taif Mall,ChIJ0ePl4Sz59D4RPDea70PHVSs,25.1202606,56.3253503,ChIJk-dPUrr59D4RoBQhI4raGBI,Phoenix Gents Spa فونيكس سبا للعناية بالرجال | الفجيرة,ADJACENT,3.4517,spa,5.0,Google Places API (New) Nearby Search,2026-09-02T15:22:51+00:00
51,Al Taif Mall,ChIJ0ePl4Sz59D4RPDea70PHVSs,25.1202606,56.3253503,ChIJX7eLH1f59D4Remps2wbxm6s,Jasmine Spa,ADJACENT,3.4761,spa,5.0,Google Places API (New) Nearby Search,2026-09-02T15:22:51+00:00
51,Al Taif Mall,ChIJ0ePl4Sz59D4RPDea70PHVSs,25.1202606,56.3253503,ChIJoTzAzZ359D4ReTrBB9qL0w8,Signature clinic,DIRECT,3.5667,beauty_salon,5.0,Google Places API (New) Nearby Search,2026-09-02T15:22:51+00:00
51,Al Taif Mall,ChIJ0ePl4Sz59D4RPDea70PHVSs,25.1202606,56.3253503,ChIJB-pJMMD59D4Ru3IjfkszqCM,مركز الفا الطبي Alfa Clinica,DIRECT,3.8252,beauty_salon,5.0,Google Places API (New) Nearby Search,2026-09-02T15:22:51+00:00
51,Al Taif Mall,ChIJ0ePl4Sz59D4RPDea70PHVSs,25.1202606,56.3253503,ChIJm9_KjhVX9D4RH5CoevS7NWs,Qasr al henna Faseel,DIRECT,3.8783,beauty_salon,5.0,Google Places API (New) Nearby Search,2026-09-02T15:22:51+00:00
51,Al Taif Mall,ChIJ0ePl4Sz59D4RPDea70PHVSs,25.1202606,56.3253503,ChIJsfE0VEL59D4RClNZQoofpIY,مركز وصالون المقص الكلاسيكي للرجال,DIRECT,3.9689,hair_salon,5.0,Google Places API (New) Nearby Search,2026-09-02T15:22:51+00:00
51,Al Taif Mall,ChIJ0ePl4Sz59D4RPDea70PHVSs,25.1202606,56.3253503,ChIJWcfpH3T49D4RnSdqoRvfb9E,Riviera Salon صالون ريفييرا,DIRECT,3.9786,"beauty_salon, hair_salon, spa",5.0,Google Places API (New) Nearby Search,2026-09-02T15:22:51+00:00
51,Al Taif Mall,ChIJ0ePl4Sz59D4RPDea70PHVSs,25.1202606,56.3253503,ChIJQw6k-pVX9D4Rq0lZTq4V374,Mirrors Beauty Salon & Spa - Fujairah,DIRECT,4.3758,beauty_salon,5.0,Google Places API (New) Nearby Search,2026-09-02T15:22:51+00:00
51,Al Taif Mall,ChIJ0ePl4Sz59D4RPDea70PHVSs,25.1202606,56.3253503,ChIJl0_xH0ZX9D4Rg6qXj6P7R-o,The Look Gents Salon,DIRECT,4.6001,hair_salon,5.0,Google Places API (New) Nearby Search,2026-09-02T15:22:51+00:00
51,Al Taif Mall,ChIJ0ePl4Sz59D4RPDea70PHVSs,25.1202606,56.3253503,ChIJf47Opc9X9D4RU8CdNHz3nRo,Burqau beauty center,DIRECT,4.6306,beauty_salon,5.0,Google Places API (New) Nearby Search,2026-09-02T15:22:51+00:00
51,Al Taif Mall,ChIJ0ePl4Sz59D4RPDea70PHVSs,25.1202606,56.3253503,ChIJ_626N8VX9D4ROcPvrMlaQ2c,Synergy Healing Centre,DIRECT,4.7444,"beauty_salon, nail_salon, spa",5.0,Google Places API (New) Nearby Search,2026-09-02T15:22:51+00:00
51,Al Taif Mall,ChIJ0ePl4Sz59D4RPDea70PHVSs,25.1202606,56.3253503,ChIJFSiltltX9D4Rf1ZgCDoKytw,Uptown Spa Massage in Fujairah,ADJACENT,4.849,spa,5.0,Google Places API (New) Nearby Search,2026-09-02T15:22:51+00:00
51,Al Taif Mall,ChIJ0ePl4Sz59D4RPDea70PHVSs,25.1202606,56.3253503,ChIJX6mpNQBX9D4RX3xr3tlWwk8,Aura beauty salon & spa,DIRECT,4.8525,beauty_salon,5.0,Google Places API (New) Nearby Search,2026-09-02T15:22:51+00:00
36,Baniyas,ChIJ5ch6Hag3Xj4RlU_4s1p7o8s,24.2973631,54.6332474,ChIJgcq57r83Xj4RlZ-o1uw2tsg,مركز الدكتور أحمد أبو شريعة الطبي للجلدية و الليزر - بني ياس - Dr.Ahmed Abu Sharia Medical Centre Baniyas,DIRECT,0.0983,spa,5.0,Google Places API (New) Nearby Search,2026-09-02T15:22:51+00:00
36,Baniyas,ChIJ5ch6Hag3Xj4RlU_4s1p7o8s,24.2973631,54.6332474,ChIJYWX56E03Xj4RQRsp3MOYdE4,صالون سبيرو للرجال Sparrow Salon,DIRECT,0.1003,hair_salon,5.0,Google Places API (New) Nearby Search,2026-09-02T15:22:51+00:00
36,Baniyas,ChIJ5ch6Hag3Xj4RlU_4s1p7o8s,24.2973631,54.6332474,ChIJRVfe0oU3Xj4RmUK5bJ_JXds,صالون عهود حنا,ADJACENT,0.3943,spa,5.0,Google Places API (New) Nearby Search,2026-09-02T15:22:51+00:00
36,Baniyas,ChIJ5ch6Hag3Xj4RlU_4s1p7o8s,24.2973631,54.6332474,ChIJxyp3PNI3Xj4RTpkPtNt5ECI,DARK MOON GENTS SALON صالون دارك مون للرجال,DIRECT,0.398,hair_salon,5.0,Google Places API (New) Nearby Search,2026-09-02T15:22:51+00:00
36,Baniyas,ChIJ5ch6Hag3Xj4RlU_4s1p7o8s,24.2973631,54.6332474,ChIJf6P5UgA3Xj4Rk21DYq5OBYQ,Dream Garden SPA Baniyas,ADJACENT,0.4073,spa,5.0,Google Places API (New) Nearby Search,2026-09-02T15:22:51+00:00
36,Baniyas,ChIJ5ch6Hag3Xj4RlU_4s1p7o8s,24.2973631,54.6332474,ChIJ08woPh43Xj4RLQn9RfK_d-g,BROWS BY ALHANOOF,DIRECT,0.424,beauty_salon,5.0,Google Places API (New) Nearby Search,2026-09-02T15:22:51+00:00
36,Baniyas,ChIJ5ch6Hag3Xj4RlU_4s1p7o8s,24.2973631,54.6332474,ChIJxZFMcwA3Xj4RKQnM2mnKyaw,House of glow henna and beauty ladies salon صالون,DIRECT,0.4356,nail_salon,5.0,Google Places API (New) Nearby Search,2026-09-02T15:22:51+00:00
36,Baniyas,ChIJ5ch6Hag3Xj4RlU_4s1p7o8s,24.2973631,54.6332474,ChIJIYB61EA3Xj4R9F0cV6PBN0g,Ruby Salon - Baniyas Abu Dhabi,DIRECT,0.442,hair_salon,5.0,Google Places API (New) Nearby Search,2026-09-02T15:22:51+00:00
36,Baniyas,ChIJ5ch6Hag3Xj4RlU_4s1p7o8s,24.2973631,54.6332474,ChIJN2YaKjo3Xj4RP5c-7TO_fxk,صالون سامبا للسيدات,DIRECT,0.4513,hair_salon,5.0,Google Places API (New) Nearby Search,2026-09-02T15:22:51+00:00
36,Baniyas,ChIJ5ch6Hag3Xj4RlU_4s1p7o8s,24.2973631,54.6332474,ChIJr0TWFSo3Xj4Rd2IjsTaEgDo,Thai Touch Massage,ADJACENT,0.457,spa,5.0,Google Places API (New) Nearby Search,2026-09-02T15:22:51+00:00
36,Baniyas,ChIJ5ch6Hag3Xj4RlU_4s1p7o8s,24.2973631,54.6332474,ChIJxfs_Lzo3Xj4RU0tYtvjdnGk,صالون الإخلاص,DIRECT,0.4626,beauty_salon,5.0,Google Places API (New) Nearby Search,2026-09-02T15:22:51+00:00
36,Baniyas,ChIJ5ch6Hag3Xj4RlU_4s1p7o8s,24.2973631,54.6332474,ChIJaS1n9Do3Xj4RNzenzLcsyxI,OLD SHABANA Ladies Salon - Shabana Lounge Beauty and Spa - MAIN,ADJACENT,0.4639,spa,5.0,Google Places API (New) Nearby Search,2026-09-02T15:22:51+00:00
36,Baniyas,ChIJ5ch6Hag3Xj4RlU_4s1p7o8s,24.2973631,54.6332474,ChIJC_38PgA3Xj4RtHKXGietAtY,Vera Lux Beauty Salon صالون فيرا لتجميل السيدات,ADJACENT,0.4656,spa,5.0,Google Places API (New) Nearby Search,2026-09-02T15:22:51+00:00
36,Baniyas,ChIJ5ch6Hag3Xj4RlU_4s1p7o8s,24.2973631,54.6332474,ChIJqarYdFc3Xj4RgiJZmsmoQHo,Al Maria Medical Centre - مركز المارية الطبي,DIRECT,0.4747,beauty_salon,5.0,Google Places API (New) Nearby Search,2026-09-02T15:22:51+00:00
36,Baniyas,ChIJ5ch6Hag3Xj4RlU_4s1p7o8s,24.2973631,54.6332474,ChIJLYzElP03Xj4REreRhHMZUxA,Wardat Buthaina baniyas صالون ورده بثينه,DIRECT,0.4995,beauty_salon,5.0,Google Places API (New) Nearby Search,2026-09-02T15:22:51+00:00
36,Baniyas,ChIJ5ch6Hag3Xj4RlU_4s1p7o8s,24.2973631,54.6332474,ChIJo43uxzs3Xj4RVXtbF8SINMg,Sisters Ladies Saloon,DIRECT,0.5063,beauty_salon,5.0,Google Places API (New) Nearby Search,2026-09-02T15:22:51+00:00
36,Baniyas,ChIJ5ch6Hag3Xj4RlU_4s1p7o8s,24.2973631,54.6332474,ChIJoxRgnkg3Xj4RIGkHLMuWTCU,كاندل سبا,ADJACENT,0.5669,spa,5.0,Google Places API (New) Nearby Search,2026-09-02T15:22:51+00:00
36,Baniyas,ChIJ5ch6Hag3Xj4RlU_4s1p7o8s,24.2973631,54.6332474,ChIJm1gKcAhpXj4RtVHtytsjU04,The Hair Bar Beauty lounge,DIRECT,0.5943,beauty_salon,5.0,Google Places API (New) Nearby Search,2026-09-02T15:22:51+00:00
36,Baniyas,ChIJ5ch6Hag3Xj4RlU_4s1p7o8s,24.2973631,54.6332474,ChIJdYcPIiA3Xj4R_ESwePZVZtI,Prestige Palace Massage Spa,ADJACENT,0.6139,spa,5.0,Google Places API (New) Nearby Search,2026-09-02T15:22:51+00:00
36,Baniyas,ChIJ5ch6Hag3Xj4RlU_4s1p7o8s,24.2973631,54.6332474,ChIJxxnigx03Xj4RSldGUBcB664,Golden Lotus Spa - Baniyas Plaza Hotel,ADJACENT,0.6357,spa,5.0,Google Places API (New) Nearby Search,2026-09-02T15:22:51+00:00
36,Baniyas,ChIJ5ch6Hag3Xj4RlU_4s1p7o8s,24.2973631,54.6332474,ChIJ27gfVKM3Xj4R0Mww3Vzrmgc,o2 spa for men اوه 2 سبا للرجال,DIRECT,0.6436,"beauty_salon, hair_salon, nail_salon, spa",5.0,Google Places API (New) Nearby Search,2026-09-02T15:22:51+00:00
36,Baniyas,ChIJ5ch6Hag3Xj4RlU_4s1p7o8s,24.2973631,54.6332474,ChIJewESz9c3Xj4RAIgOAtJjRMc,Sunshine Wellness Man SPA,ADJACENT,0.6448,spa,5.0,Google Places API (New) Nearby Search,2026-09-02T15:22:51+00:00
36,Baniyas,ChIJ5ch6Hag3Xj4RlU_4s1p7o8s,24.2973631,54.6332474,ChIJZaPHks03Xj4R6n0H-_TPtQw,Serenity Room Ladies Salon صالون سيرينيتي روم للسيدات بني ياس,DIRECT,0.6681,beauty_salon,5.0,Google Places API (New) Nearby Search,2026-09-02T15:22:51+00:00
36,Baniyas,ChIJ5ch6Hag3Xj4RlU_4s1p7o8s,24.2973631,54.6332474,ChIJtfowytc5Xj4RNDIQaQ9jm1g,Desert Classic Ladies Salon Branch-1,DIRECT,0.7225,beauty_salon,5.0,Google Places API (New) Nearby Search,2026-09-02T15:22:51+00:00
36,Baniyas,ChIJ5ch6Hag3Xj4RlU_4s1p7o8s,24.2973631,54.6332474,ChIJj6Ak0v_YhY4RChDIzzMFE6Y,صالون رجالي عربي اكسبريس,DIRECT,0.8554,hair_salon,5.0,Google Places API (New) Nearby Search,2026-09-02T15:22:51+00:00
36,Baniyas,ChIJ5ch6Hag3Xj4RlU_4s1p7o8s,24.2973631,54.6332474,ChIJC19mX843Xj4ReUzjGV_htWc,مركز تايم آوت سبا للرجال Time Out Spa,ADJACENT,0.8735,spa,5.0,Google Places API (New) Nearby Search,2026-09-02T15:22:51+00:00
36,Baniyas,ChIJ5ch6Hag3Xj4RlU_4s1p7o8s,24.2973631,54.6332474,ChIJxaeFdgA3Xj4RZzOvlvGfAds,Spa Baniyas Home Service,ADJACENT,1.3441,spa,5.0,Google Places API (New) Nearby Search,2026-09-02T15:22:51+00:00
36,Baniyas,ChIJ5ch6Hag3Xj4RlU_4s1p7o8s,24.2973631,54.6332474,ChIJSXAjf_o3Xj4RM-Z9rnoLqQM,Sewing corner abudhabi,DIRECT,1.4076,hair_salon,5.0,Google Places API (New) Nearby Search,2026-09-02T15:22:51+00:00
36,Baniyas,ChIJ5ch6Hag3Xj4RlU_4s1p7o8s,24.2973631,54.6332474,ChIJccNIq2c3Xj4Rb74WTogUKdo,Q-Care Men's Salon,DIRECT,1.6048,hair_salon,5.0,Google Places API (New) Nearby Search,2026-09-02T15:22:51+00:00
36,Baniyas,ChIJ5ch6Hag3Xj4RlU_4s1p7o8s,24.2973631,54.6332474,ChIJqbZoi0E3Xj4RqvcwgAiD-I0,Octa ladies beauty center,DIRECT,1.7249,beauty_salon,5.0,Google Places API (New) Nearby Search,2026-09-02T15:22:51+00:00
36,Baniyas,ChIJ5ch6Hag3Xj4RlU_4s1p7o8s,24.2973631,54.6332474,ChIJ0-UqaLA3Xj4RQyw3xdUBT8Y,Shine Creation Beauty Ladies Center,DIRECT,1.754,nail_salon,5.0,Google Places API (New) Nearby Search,2026-09-02T15:22:51+00:00
36,Baniyas,ChIJ5ch6Hag3Xj4RlU_4s1p7o8s,24.2973631,54.6332474,ChIJr_u4Fd8xXj4RkfURxYMLaJ4,صالون السيوفي للرجال,DIRECT,1.8499,hair_salon,5.0,Google Places API (New) Nearby Search,2026-09-02T15:22:51+00:00
36,Baniyas,ChIJ5ch6Hag3Xj4RlU_4s1p7o8s,24.2973631,54.6332474,ChIJNekS3hg3Xj4R9DMowP9KzqA,Healthline One Day Surgery Center,DIRECT,1.8535,beauty_salon,5.0,Google Places API (New) Nearby Search,2026-09-02T15:22:51+00:00
36,Baniyas,ChIJ5ch6Hag3Xj4RlU_4s1p7o8s,24.2973631,54.6332474,ChIJB2nvo2oxXj4RUu7lKF5LiOI,National Men's Spa | Best SPA in Abu Dhabi,ADJACENT,1.9054,spa,5.0,Google Places API (New) Nearby Search,2026-09-02T15:22:51+00:00
36,Baniyas,ChIJ5ch6Hag3Xj4RlU_4s1p7o8s,24.2973631,54.6332474,ChIJLwJz4iE3Xj4RJU4kyWBwJD8,Peony Beauty Center,DIRECT,1.9101,beauty_salon,5.0,Google Places API (New) Nearby Search,2026-09-02T15:22:51+00:00
36,Baniyas,ChIJ5ch6Hag3Xj4RlU_4s1p7o8s,24.2973631,54.6332474,ChIJTQLaGGwxXj4RtC5iJ9F4WH4,Dana Al Yawazi Women Beauty Center LLC SPC,DIRECT,2.1142,"beauty_salon, hair_salon, nail_salon, spa",5.0,Google Places API (New) Nearby Search,2026-09-02T15:22:51+00:00
36,Baniyas,ChIJ5ch6Hag3Xj4RlU_4s1p7o8s,24.2973631,54.6332474,ChIJqz6LntMwXj4RcrW4kFpf6n8,Al Amal Medical & Dental Center - مركز الامل الطبي و طب الاسنان,DIRECT,2.2117,beauty_salon,5.0,Google Places API (New) Nearby Search,2026-09-02T15:22:51+00:00
36,Baniyas,ChIJ5ch6Hag3Xj4RlU_4s1p7o8s,24.2973631,54.6332474,ChIJvVPxDGM3Xj4R3D2HRdnlzj0,Veneto Spa Men center,ADJACENT,2.2274,spa,5.0,Google Places API (New) Nearby Search,2026-09-02T15:22:51+00:00
36,Baniyas,ChIJ5ch6Hag3Xj4RlU_4s1p7o8s,24.2973631,54.6332474,ChIJX_ZcqnY3Xj4Rktg3FT-LHk8,Arw Style Fitness & Beauty Center,DIRECT,2.2369,beauty_salon,5.0,Google Places API (New) Nearby Search,2026-09-02T15:22:51+00:00
36,Baniyas,ChIJ5ch6Hag3Xj4RlU_4s1p7o8s,24.2973631,54.6332474,ChIJ98DgdwA3Xj4R9XhEkH014Ow,RIGHT RAZOR Gents Saloon - صالون رايت ريزر للحلاقة الرجالية,DIRECT,2.247,hair_salon,5.0,Google Places API (New) Nearby Search,2026-09-02T15:22:51+00:00
36,Baniyas,ChIJ5ch6Hag3Xj4RlU_4s1p7o8s,24.2973631,54.6332474,ChIJ7eg4VFo3Xj4RBKDKLzVzjgo,مركز الامارات للعناية الرجالية فرع بني ياس,DIRECT,2.2767,"hair_salon, spa",5.0,Google Places API (New) Nearby Search,2026-09-02T15:22:51+00:00
36,Baniyas,ChIJ5ch6Hag3Xj4RlU_4s1p7o8s,24.2973631,54.6332474,ChIJ40-DSf43Xj4RiE7IGLOBm9k,جنة مركز نسائي للتدليك والاسترخاء Jannah women massage and relaxation center,DIRECT,2.3067,"beauty_salon, nail_salon, spa",5.0,Google Places API (New) Nearby Search,2026-09-02T15:22:51+00:00
36,Baniyas,ChIJ5ch6Hag3Xj4RlU_4s1p7o8s,24.2973631,54.6332474,ChIJV6YIh8k3Xj4RrOj5e4LpLng,Cateye beauty كات اي بيوتي,DIRECT,2.3606,beauty_salon,5.0,Google Places API (New) Nearby Search,2026-09-02T15:22:51+00:00
36,Baniyas,ChIJ5ch6Hag3Xj4RlU_4s1p7o8s,24.2973631,54.6332474,ChIJP_xsxGI3Xj4Rs66Ez349Xhs,Ruby Salon - Mafraq Abu Dhabi,DIRECT,2.4301,hair_salon,5.0,Google Places API (New) Nearby Search,2026-09-02T15:22:51+00:00
36,Baniyas,ChIJ5ch6Hag3Xj4RlU_4s1p7o8s,24.2973631,54.6332474,ChIJn8JqQR03Xj4REWqgFbMUIYQ,صالون شباب سناب,DIRECT,2.44,hair_salon,5.0,Google Places API (New) Nearby Search,2026-09-02T15:22:51+00:00
36,Baniyas,ChIJ5ch6Hag3Xj4RlU_4s1p7o8s,24.2973631,54.6332474,ChIJNUWVaoM3Xj4RHWdV5LZ8nYM,Arous al Sahara Saloon,DIRECT,2.5854,beauty_salon,5.0,Google Places API (New) Nearby Search,2026-09-02T15:22:51+00:00
36,Baniyas,ChIJ5ch6Hag3Xj4RlU_4s1p7o8s,24.2973631,54.6332474,ChIJcZqDBgAxXj4RARRPAyKMcKM,Zeeshan,DIRECT,2.6539,nail_salon,5.0,Google Places API (New) Nearby Search,2026-09-02T15:22:51+00:00
36,Baniyas,ChIJ5ch6Hag3Xj4RlU_4s1p7o8s,24.2973631,54.6332474,ChIJNSeH3Jc5Xj4R9Gn6KztlNE4,حلاق جست برستيج للرجال Just Prestige Gents Salon,DIRECT,3.0595,hair_salon,5.0,Google Places API (New) Nearby Search,2026-09-02T15:22:51+00:00
36,Baniyas,ChIJ5ch6Hag3Xj4RlU_4s1p7o8s,24.2973631,54.6332474,ChIJMf7gtVM3Xj4RVkTZQc-IkxI,Saloon Abu Hamdan1,DIRECT,3.2319,hair_salon,5.0,Google Places API (New) Nearby Search,2026-09-02T15:22:51+00:00
36,Baniyas,ChIJ5ch6Hag3Xj4RlU_4s1p7o8s,24.2973631,54.6332474,ChIJ65AiVIM3Xj4RYiLWACbYbLM,Al aqeeq Gents Saloon,DIRECT,3.2497,hair_salon,5.0,Google Places API (New) Nearby Search,2026-09-02T15:22:51+00:00
36,Baniyas,ChIJ5ch6Hag3Xj4RlU_4s1p7o8s,24.2973631,54.6332474,ChIJy0LT_945Xj4RBGCO1W43Irk,AL Sahir Gents Salon,DIRECT,3.2778,hair_salon,5.0,Google Places API (New) Nearby Search,2026-09-02T15:22:51+00:00
36,Baniyas,ChIJ5ch6Hag3Xj4RlU_4s1p7o8s,24.2973631,54.6332474,ChIJt_rot6w3Xj4RywzijzxGx14,صالون سونا الشوامخ,DIRECT,3.5872,beauty_salon,5.0,Google Places API (New) Nearby Search,2026-09-02T15:22:51+00:00
36,Baniyas,ChIJ5ch6Hag3Xj4RlU_4s1p7o8s,24.2973631,54.6332474,ChIJbURih5o3Xj4R4qP2Jcu8C8k,Metropolitan Al Mafraq Hotel,ADJACENT,3.8018,spa,5.0,Google Places API (New) Nearby Search,2026-09-02T15:22:51+00:00
36,Baniyas,ChIJ5ch6Hag3Xj4RlU_4s1p7o8s,24.2973631,54.6332474,ChIJx5_ERCppXj4RW2jFEvDfvPc,Sensation Spa at Metropolitan Al Mafraq Hotel,ADJACENT,3.81,spa,5.0,Google Places API (New) Nearby Search,2026-09-02T15:22:51+00:00
36,Baniyas,ChIJ5ch6Hag3Xj4RlU_4s1p7o8s,24.2973631,54.6332474,ChIJgbru9DwxXj4RasyFIyi2PTM,Shaji vp Al Raha Gents Saloon,DIRECT,4.2673,hair_salon,5.0,Google Places API (New) Nearby Search,2026-09-02T15:22:51+00:00
36,Baniyas,ChIJ5ch6Hag3Xj4RlU_4s1p7o8s,24.2973631,54.6332474,ChIJteiZ_KsxXj4RuG_oXaWx5sc,صالون الزياني للرجال,DIRECT,4.6785,hair_salon,5.0,Google Places API (New) Nearby Search,2026-09-02T15:22:51+00:00
28,City Walk,ChIJgarf82RCXz4Rk5W7_Oh9ZCM,25.2019849,55.2638147,ChIJnSNwimRCXz4RFzl5J6yPzDU,N.Bar Nail Spa & Salon City Walk Boulevard,DIRECT,0.2537,"hair_salon, nail_salon",5.0,Google Places API (New) Nearby Search,2026-09-02T15:22:51+00:00
28,City Walk,ChIJgarf82RCXz4Rk5W7_Oh9ZCM,25.2019849,55.2638147,ChIJzSiHIWZCXz4R4AUDZEiN6xU,1847 Grooming for Men City Walk Boulevard,DIRECT,0.2635,"hair_salon, nail_salon",5.0,Google Places API (New) Nearby Search,2026-09-02T15:22:51+00:00
28,City Walk,ChIJgarf82RCXz4Rk5W7_Oh9ZCM,25.2019849,55.2638147,ChIJffEPtoBDXz4RsOE7keGeUY0,Aurrum Spa - Ukrainian and Russian Massage Center,ADJACENT,0.4008,spa,5.0,Google Places API (New) Nearby Search,2026-09-02T15:22:51+00:00
28,City Walk,ChIJgarf82RCXz4Rk5W7_Oh9ZCM,25.2019849,55.2638147,ChIJjwmGh3xdXz4RkyRUy7IXAAY,InterContinental Dubai Festival City by IHG,ADJACENT,0.77,spa,5.0,Google Places API (New) Nearby Search,2026-09-02T15:22:51+00:00
28,City Walk,ChIJgarf82RCXz4Rk5W7_Oh9ZCM,25.2019849,55.2638147,ChIJsx8-I0FCXz4RkF31mTk1790,Hello Kitty Beauty Spa Dubai,DIRECT,1.0921,"hair_salon, nail_salon",5.0,Google Places API (New) Nearby Search,2026-09-02T15:22:51+00:00
28,City Walk,ChIJgarf82RCXz4Rk5W7_Oh9ZCM,25.2019849,55.2638147,ChIJ__-vrIlCXz4RU6n0DOZPvK0,Bespoke Beauty Studio,DIRECT,1.1684,"hair_salon, nail_salon",5.0,Google Places API (New) Nearby Search,2026-09-02T15:22:51+00:00
28,City Walk,ChIJgarf82RCXz4Rk5W7_Oh9ZCM,25.2019849,55.2638147,ChIJYYU_KS1DXz4RdcjCg_AwXeE,"Matryoshka Russian Beauty Salon – Nails, Lashes & Brows - DIFC, Dubai",DIRECT,1.3752,"beauty_salon, hair_salon, nail_salon",5.0,Google Places API (New) Nearby Search,2026-09-02T15:22:51+00:00
28,City Walk,ChIJgarf82RCXz4Rk5W7_Oh9ZCM,25.2019849,55.2638147,ChIJlcRPQdNDXz4RifA_BEVi50A,Laguna SPA - Sheikh Zayed,ADJACENT,1.4853,spa,5.0,Google Places API (New) Nearby Search,2026-09-02T15:22:51+00:00
28,City Walk,ChIJgarf82RCXz4Rk5W7_Oh9ZCM,25.2019849,55.2638147,ChIJSZXqIDBDXz4RfFIZDzwAHdU,GymNation Downtown Dubai | Best Gym in Downtown Dubai,ADJACENT,1.527,spa,5.0,Google Places API (New) Nearby Search,2026-09-02T15:22:51+00:00
28,City Walk,ChIJgarf82RCXz4Rk5W7_Oh9ZCM,25.2019849,55.2638147,ChIJC-YJFChoXz4Ru7vsBmyQHMg,Sisters Beauty Lounge Hair Salon - Dubai Mall,DIRECT,1.5564,"hair_salon, nail_salon",5.0,Google Places API (New) Nearby Search,2026-09-02T15:22:51+00:00
28,City Walk,ChIJgarf82RCXz4Rk5W7_Oh9ZCM,25.2019849,55.2638147,ChIJIfaNTpJpXz4Rf2hAPr4ITJY,Its Beauty Ladies Salon – Business Bay,DIRECT,1.8237,"beauty_salon, hair_salon, nail_salon",5.0,Google Places API (New) Nearby Search,2026-09-02T15:22:51+00:00
28,City Walk,ChIJgarf82RCXz4Rk5W7_Oh9ZCM,25.2019849,55.2638147,ChIJ6ao1YI_6Q6ERsjOXjcPwFsY,Lamore European Spa,DIRECT,1.8429,beauty_salon,5.0,Google Places API (New) Nearby Search,2026-09-02T15:22:51+00:00
28,City Walk,ChIJgarf82RCXz4Rk5W7_Oh9ZCM,25.2019849,55.2638147,ChIJa6WSAEVDXz4RLr0S4wmYup4,Diva Gents Salon | صالون ديفا للرجال,DIRECT,1.8526,"beauty_salon, hair_salon",5.0,Google Places API (New) Nearby Search,2026-09-02T15:22:51+00:00
28,City Walk,ChIJgarf82RCXz4Rk5W7_Oh9ZCM,25.2019849,55.2638147,ChIJjTTlILtpXz4R9D--AtcxpyI,Hair Avenue Beauty Salon,DIRECT,1.8726,"hair_salon, nail_salon",5.0,Google Places API (New) Nearby Search,2026-09-02T15:22:51+00:00
28,City Walk,ChIJgarf82RCXz4Rk5W7_Oh9ZCM,25.2019849,55.2638147,ChIJw5hG6zZqXz4RMwxx2F-B6QE,Salon Afrina Beauty & Henna - Jumeirah,DIRECT,1.9291,beauty_salon,5.0,Google Places API (New) Nearby Search,2026-09-02T15:22:51+00:00
28,City Walk,ChIJgarf82RCXz4Rk5W7_Oh9ZCM,25.2019849,55.2638147,ChIJj7jMk9dpXz4RpgWmZysF8Mk,Adelya Beauty Salon,DIRECT,1.9309,beauty_salon,5.0,Google Places API (New) Nearby Search,2026-09-02T15:22:51+00:00
28,City Walk,ChIJgarf82RCXz4Rk5W7_Oh9ZCM,25.2019849,55.2638147,ChIJ00cEbsBpXz4RP7zwiBHcMCY,Bash Lab,DIRECT,1.9785,beauty_salon,5.0,Google Places API (New) Nearby Search,2026-09-02T15:22:51+00:00
28,City Walk,ChIJgarf82RCXz4Rk5W7_Oh9ZCM,25.2019849,55.2638147,ChIJiTDAc45CXz4R1sFRBmmcgdg,Y12 Hair Salon,DIRECT,1.9813,"hair_salon, nail_salon",5.0,Google Places API (New) Nearby Search,2026-09-02T15:22:51+00:00
28,City Walk,ChIJgarf82RCXz4Rk5W7_Oh9ZCM,25.2019849,55.2638147,ChIJwZpk-11DXz4RpXWNPfc_7j0,Al khair 3 building,DIRECT,1.9846,beauty_salon,5.0,Google Places API (New) Nearby Search,2026-09-02T15:22:51+00:00
28,City Walk,ChIJgarf82RCXz4Rk5W7_Oh9ZCM,25.2019849,55.2638147,ChIJx0WdTdtpXz4R-rWz9lgwd8I,Le Michel Salons Downtown Dubai,DIRECT,2.0262,"hair_salon, nail_salon",5.0,Google Places API (New) Nearby Search,2026-09-02T15:22:51+00:00
28,City Walk,ChIJgarf82RCXz4Rk5W7_Oh9ZCM,25.2019849,55.2638147,ChIJR4QYtRZCXz4Rrj6Pg9cUZ3Y,Dubai: 306 Spa | Award-Winning Hair & Beauty Salon Jumeirah,DIRECT,2.0684,"hair_salon, nail_salon",5.0,Google Places API (New) Nearby Search,2026-09-02T15:22:51+00:00
28,City Walk,ChIJgarf82RCXz4Rk5W7_Oh9ZCM,25.2019849,55.2638147,ChIJAX38lnhDXz4R6NfrS3bY6yo,Waldorf Astoria Dubai International Financial Centre,ADJACENT,2.083,spa,5.0,Google Places API (New) Nearby Search,2026-09-02T15:22:51+00:00
28,City Walk,ChIJgarf82RCXz4Rk5W7_Oh9ZCM,25.2019849,55.2638147,ChIJGby4pNtpXz4RBWuG57JncIE,Hilton Dubai Al Habtoor City,ADJACENT,2.1268,spa,5.0,Google Places API (New) Nearby Search,2026-09-02T15:22:51+00:00
28,City Walk,ChIJgarf82RCXz4Rk5W7_Oh9ZCM,25.2019849,55.2638147,ChIJwx_IedtpXz4Rwt7XtQ0r7IU,Al Habtoor City,ADJACENT,2.1986,spa,5.0,Google Places API (New) Nearby Search,2026-09-02T15:22:51+00:00
28,City Walk,ChIJgarf82RCXz4Rk5W7_Oh9ZCM,25.2019849,55.2638147,ChIJk7BNq4JpXz4R32UzidiqOF8,Ivy Beauty & Bubbles Hub Marquise Square,DIRECT,2.2243,beauty_salon,5.0,Google Places API (New) Nearby Search,2026-09-02T15:22:51+00:00
28,City Walk,ChIJgarf82RCXz4Rk5W7_Oh9ZCM,25.2019849,55.2638147,ChIJp5gj9o1CXz4Rde77RZWQvKs,Four Seasons Hotel Dubai International Financial Centre,ADJACENT,2.2575,spa,5.0,Google Places API (New) Nearby Search,2026-09-02T15:22:51+00:00
28,City Walk,ChIJgarf82RCXz4Rk5W7_Oh9ZCM,25.2019849,55.2638147,ChIJS15ZNqBDXz4RWD6tXpCSYCk,Hair Repair Salon,DIRECT,2.2638,hair_salon,5.0,Google Places API (New) Nearby Search,2026-09-02T15:22:51+00:00
28,City Walk,ChIJgarf82RCXz4Rk5W7_Oh9ZCM,25.2019849,55.2638147,ChIJm8KuZNtpXz4RoA06ag1r5Tw,"Al Habtoor Palace, Preferred Hotels & Resorts",ADJACENT,2.3074,spa,5.0,Google Places API (New) Nearby Search,2026-09-02T15:22:51+00:00
28,City Walk,ChIJgarf82RCXz4Rk5W7_Oh9ZCM,25.2019849,55.2638147,ChIJAwtwSgBpXz4RkvpdqtfmZzA,InterContinental Residences Dubai Business Bay by IHG,ADJACENT,2.3573,spa,5.0,Google Places API (New) Nearby Search,2026-09-02T15:22:51+00:00
28,City Walk,ChIJgarf82RCXz4Rk5W7_Oh9ZCM,25.2019849,55.2638147,ChIJW4eo-VFCXz4RieFckb95Wqo,Four Seasons Resort Dubai at Jumeirah Beach,ADJACENT,2.3749,spa,5.0,Google Places API (New) Nearby Search,2026-09-02T15:22:51+00:00
28,City Walk,ChIJgarf82RCXz4Rk5W7_Oh9ZCM,25.2019849,55.2638147,ChIJPdTUEzBoXz4Rrslyy-2ko0s,DoubleTree by Hilton Dubai - Business Bay,ADJACENT,2.3879,spa,5.0,Google Places API (New) Nearby Search,2026-09-02T15:22:51+00:00
28,City Walk,ChIJgarf82RCXz4Rk5W7_Oh9ZCM,25.2019849,55.2638147,ChIJPd_il09CXz4RNCGy4Mah_Mo,Zieda Beauty Lounge,DIRECT,2.5105,"beauty_salon, hair_salon",5.0,Google Places API (New) Nearby Search,2026-09-02T15:22:51+00:00
28,City Walk,ChIJgarf82RCXz4Rk5W7_Oh9ZCM,25.2019849,55.2638147,ChIJJbh_EMxDXz4R5zUhBWiCNCU,JanaBelle Clinic LLC,DIRECT,2.6535,beauty_salon,5.0,Google Places API (New) Nearby Search,2026-09-02T15:22:51+00:00
28,City Walk,ChIJgarf82RCXz4Rk5W7_Oh9ZCM,25.2019849,55.2638147,ChIJq9T5Z_xtXz4Rbq5zSDUkCSI,Saphire Dent Clinic Dubai | عيادة سفير دنت لطب الأسنان,DIRECT,2.688,beauty_salon,5.0,Google Places API (New) Nearby Search,2026-09-02T15:22:51+00:00
28,City Walk,ChIJgarf82RCXz4Rk5W7_Oh9ZCM,25.2019849,55.2638147,ChIJySbKg_JCXz4RXmzFM-GRpv8,"Nazih Beauty | Blue Tower, SZR | Dubai",DIRECT,2.7061,beauty_salon,5.0,Google Places API (New) Nearby Search,2026-09-02T15:22:51+00:00
28,City Walk,ChIJgarf82RCXz4Rk5W7_Oh9ZCM,25.2019849,55.2638147,ChIJcbLNDQJpXz4RB63_J6d14_o,Embassy Suites by Hilton Dubai Business Bay,ADJACENT,2.7498,spa,5.0,Google Places API (New) Nearby Search,2026-09-02T15:22:51+00:00
28,City Walk,ChIJgarf82RCXz4Rk5W7_Oh9ZCM,25.2019849,55.2638147,ChIJo1JRnlFCXz4RVJHo6TowGps,Novomed - Jumeirah 1,DIRECT,2.957,beauty_salon,5.0,Google Places API (New) Nearby Search,2026-09-02T15:22:51+00:00
28,City Walk,ChIJgarf82RCXz4Rk5W7_Oh9ZCM,25.2019849,55.2638147,ChIJVVVlwe1CXz4RU6KsOwz5b-E,Nassima Tower Hotel Apartments | Sheikh Zayed Road | Dubai,ADJACENT,3.0514,spa,5.0,Google Places API (New) Nearby Search,2026-09-02T15:22:51+00:00
28,City Walk,ChIJgarf82RCXz4Rk5W7_Oh9ZCM,25.2019849,55.2638147,ChIJM0rVUVJrXz4RO37SirNqh4I,Este Medical Group | Hair and Skin Clinic Dubai,DIRECT,3.1563,beauty_salon,5.0,Google Places API (New) Nearby Search,2026-09-02T15:22:51+00:00
28,City Walk,ChIJgarf82RCXz4Rk5W7_Oh9ZCM,25.2019849,55.2638147,ChIJnXnqttZDXz4RvEdHTZdkRT0,Chic Future Beauty Salon,DIRECT,3.1838,"hair_salon, nail_salon",5.0,Google Places API (New) Nearby Search,2026-09-02T15:22:51+00:00
28,City Walk,ChIJgarf82RCXz4Rk5W7_Oh9ZCM,25.2019849,55.2638147,ChIJS-V5iO5CXz4RBNn7K8JMwBg,Conrad Dubai,ADJACENT,3.3304,spa,5.0,Google Places API (New) Nearby Search,2026-09-02T15:22:51+00:00
28,City Walk,ChIJgarf82RCXz4Rk5W7_Oh9ZCM,25.2019849,55.2638147,ChIJI_Ppl_JCXz4RyW7l5QTBQjs,House of Nails,DIRECT,3.3853,"hair_salon, nail_salon",5.0,Google Places API (New) Nearby Search,2026-09-02T15:22:51+00:00
28,City Walk,ChIJgarf82RCXz4Rk5W7_Oh9ZCM,25.2019849,55.2638147,ChIJZQ_40hlDXz4RQ6Z4M_bxfaA,Lamar House Salon spa - Massage Center in Dubai & Best Moroccan Bath,DIRECT,3.4291,"hair_salon, spa",5.0,Google Places API (New) Nearby Search,2026-09-02T15:22:51+00:00
28,City Walk,ChIJgarf82RCXz4Rk5W7_Oh9ZCM,25.2019849,55.2638147,ChIJh1suPOdpXz4RSxCY97bhkNM,The Most Hair Design Ladies Salon,DIRECT,3.6248,beauty_salon,5.0,Google Places API (New) Nearby Search,2026-09-02T15:22:51+00:00
28,City Walk,ChIJgarf82RCXz4Rk5W7_Oh9ZCM,25.2019849,55.2638147,ChIJCaywLhFoXz4R-3ak7Qp1b8k,Chaps and Co - Dubai Design District,DIRECT,3.653,hair_salon,5.0,Google Places API (New) Nearby Search,2026-09-02T15:22:51+00:00
28,City Walk,ChIJgarf82RCXz4Rk5W7_Oh9ZCM,25.2019849,55.2638147,ChIJPSv6UmVpXz4RD8D6scSDhmI,Pause Salon & Spa,DIRECT,3.7278,nail_salon,5.0,Google Places API (New) Nearby Search,2026-09-02T15:22:51+00:00
28,City Walk,ChIJgarf82RCXz4Rk5W7_Oh9ZCM,25.2019849,55.2638147,ChIJSczn7OhDXz4Rx15psO4LBMc,Ivy Beauty & Bubbles Sheraton Grand Dubai,DIRECT,3.8186,beauty_salon,5.0,Google Places API (New) Nearby Search,2026-09-02T15:22:51+00:00
28,City Walk,ChIJgarf82RCXz4Rk5W7_Oh9ZCM,25.2019849,55.2638147,ChIJmbQT5Q9pXz4RTcITLViIWjM,The Salon Dubai | Yin Yang Al Wasl,DIRECT,3.9096,nail_salon,5.0,Google Places API (New) Nearby Search,2026-09-02T15:22:51+00:00
28,City Walk,ChIJgarf82RCXz4Rk5W7_Oh9ZCM,25.2019849,55.2638147,ChIJ-wBScttpXz4RC_Y8SYLe7VU,Yinyang Connection Spa,ADJACENT,3.9243,spa,5.0,Google Places API (New) Nearby Search,2026-09-02T15:22:51+00:00
28,City Walk,ChIJgarf82RCXz4Rk5W7_Oh9ZCM,25.2019849,55.2638147,ChIJyWYwdH1DXz4RtY1Iu1lVyGQ,Queens Medical Center Al Satwa,DIRECT,3.9786,beauty_salon,5.0,Google Places API (New) Nearby Search,2026-09-02T15:22:51+00:00
28,City Walk,ChIJgarf82RCXz4Rk5W7_Oh9ZCM,25.2019849,55.2638147,ChIJj9Mr4JBDXz4Rv6KTbCsoszY,"Elata Beauty Salon - Jumeirah 3, Dubai",DIRECT,4.2785,"beauty_salon, hair_salon, nail_salon, spa",5.0,Google Places API (New) Nearby Search,2026-09-02T15:22:51+00:00
28,City Walk,ChIJgarf82RCXz4Rk5W7_Oh9ZCM,25.2019849,55.2638147,ChIJhaG4jh5pXz4RRgJr20PuSWo,Salon Dubai | Essential Beauty,DIRECT,4.3651,nail_salon,5.0,Google Places API (New) Nearby Search,2026-09-02T15:22:51+00:00
28,City Walk,ChIJgarf82RCXz4Rk5W7_Oh9ZCM,25.2019849,55.2638147,ChIJDQe8QABDXz4Rs71Rlun-et0,Beauty Wise Medical Center,DIRECT,4.3758,beauty_salon,5.0,Google Places API (New) Nearby Search,2026-09-02T15:22:51+00:00
28,City Walk,ChIJgarf82RCXz4Rk5W7_Oh9ZCM,25.2019849,55.2638147,ChIJsbCdvm5pXz4RTknaiFZ5zxc,Lucky Star Massage Center Al Quoz,ADJACENT,4.6327,spa,5.0,Google Places API (New) Nearby Search,2026-09-02T15:22:51+00:00
28,City Walk,ChIJgarf82RCXz4Rk5W7_Oh9ZCM,25.2019849,55.2638147,ChIJCS1uoLtDXz4R8xPbD4VJNC8,Nikki Beach Resort & Spa Dubai,ADJACENT,4.9635,spa,5.0,Google Places API (New) Nearby Search,2026-09-02T15:22:51+00:00
38,Delma,ChIJ_Vu7UilmXj4R0AsGTzHwkaU,24.467954,54.3847796,ChIJGRgwhtVnXj4R82xVmTlqjh0,GG Clinics,DIRECT,0.1613,beauty_salon,5.0,Google Places API (New) Nearby Search,2026-09-02T15:22:51+00:00
38,Delma,ChIJ_Vu7UilmXj4R0AsGTzHwkaU,24.467954,54.3847796,ChIJwyHoaClmXj4Rqgsjdqc_LVw,Al Diar Sawa Hotel Apartments,ADJACENT,0.1637,spa,5.0,Google Places API (New) Nearby Search,2026-09-02T15:22:51+00:00
38,Delma,ChIJ_Vu7UilmXj4R0AsGTzHwkaU,24.467954,54.3847796,ChIJX6xXyQ1nXj4RIqoICSPduQU,Al Rousi Men Spa - مركز الروسي سبا للرجال,DIRECT,0.5886,nail_salon,5.0,Google Places API (New) Nearby Search,2026-09-02T15:22:51+00:00
38,Delma,ChIJ_Vu7UilmXj4R0AsGTzHwkaU,24.467954,54.3847796,ChIJB5DRKyZmXj4RDRhF9YlGekM,Charm Slimming & Beauty Center مركز شارم للرشاقة والتجميل,DIRECT,0.7073,"hair_salon, nail_salon",5.0,Google Places API (New) Nearby Search,2026-09-02T15:22:51+00:00
38,Delma,ChIJ_Vu7UilmXj4R0AsGTzHwkaU,24.467954,54.3847796,ChIJkzlGXCZmXj4Rv0Ng_vrsMsI,صالون عروس الخليج - Gulf Bride Saloon,DIRECT,0.8995,beauty_salon,5.0,Google Places API (New) Nearby Search,2026-09-02T15:22:51+00:00
38,Delma,ChIJ_Vu7UilmXj4R0AsGTzHwkaU,24.467954,54.3847796,ChIJz9qrpidmXj4RRnRHjQcwj64,Canadian Medical Center CMC Abu Dhabi,DIRECT,1.0133,beauty_salon,5.0,Google Places API (New) Nearby Search,2026-09-02T15:22:51+00:00
38,Delma,ChIJ_Vu7UilmXj4R0AsGTzHwkaU,24.467954,54.3847796,ChIJaZLIe45pXj4RLBlKFe7qm3Q,NNS Spa - Abudhabi,ADJACENT,1.0135,spa,5.0,Google Places API (New) Nearby Search,2026-09-02T15:22:51+00:00
38,Delma,ChIJ_Vu7UilmXj4R0AsGTzHwkaU,24.467954,54.3847796,ChIJL1v2CGhnXj4Rh-n6AbWCGBM,SPARKLE MASSAGE SPA CENTER IN ABU DHABI | Best massage center abu dhabi,ADJACENT,1.0159,spa,5.0,Google Places API (New) Nearby Search,2026-09-02T15:22:51+00:00
38,Delma,ChIJ_Vu7UilmXj4R0AsGTzHwkaU,24.467954,54.3847796,ChIJX26wLTpmXj4RxpXQo1s3Zjk,The One Spa For Men - Abu Dhabi,DIRECT,1.1427,"beauty_salon, nail_salon, spa",5.0,Google Places API (New) Nearby Search,2026-09-02T15:22:51+00:00
38,Delma,ChIJ_Vu7UilmXj4R0AsGTzHwkaU,24.467954,54.3847796,ChIJqf2duTZmXj4R_bteEMRy348,Fame Hair Gents Salon,DIRECT,1.1641,"hair_salon, nail_salon",5.0,Google Places API (New) Nearby Search,2026-09-02T15:22:51+00:00
38,Delma,ChIJ_Vu7UilmXj4R0AsGTzHwkaU,24.467954,54.3847796,ChIJMTJk1YBpXj4Rr8PtSnvwj5M,Gold and Ash Shadow Beauty Salon,DIRECT,1.5397,hair_salon,5.0,Google Places API (New) Nearby Search,2026-09-02T15:22:51+00:00
38,Delma,ChIJ_Vu7UilmXj4R0AsGTzHwkaU,24.467954,54.3847796,ChIJl5huYkBpXj4RX9faSAjd-iA,RITUALS BEAUTY SPA,DIRECT,1.6145,"beauty_salon, nail_salon",5.0,Google Places API (New) Nearby Search,2026-09-02T15:22:51+00:00
38,Delma,ChIJ_Vu7UilmXj4R0AsGTzHwkaU,24.467954,54.3847796,ChIJtfAQuSFmXj4RYGR1F27FebY,Ultra Care Medical Center,DIRECT,1.6176,beauty_salon,5.0,Google Places API (New) Nearby Search,2026-09-02T15:22:51+00:00
38,Delma,ChIJ_Vu7UilmXj4R0AsGTzHwkaU,24.467954,54.3847796,ChIJxw_jYCBmXj4R4W15MAFN0z8,306 Spa | Award-Winning Hair Nails Beauty Salon Abu Dhabi,DIRECT,1.6419,"hair_salon, nail_salon",5.0,Google Places API (New) Nearby Search,2026-09-02T15:22:51+00:00
38,Delma,ChIJ_Vu7UilmXj4R0AsGTzHwkaU,24.467954,54.3847796,ChIJu_blBE1nXj4RuqjCD1qHHaY,Top Touch Gents salon & spa صالون وسبا توب تاتش,DIRECT,1.8148,hair_salon,5.0,Google Places API (New) Nearby Search,2026-09-02T15:22:51+00:00
38,Delma,ChIJ_Vu7UilmXj4R0AsGTzHwkaU,24.467954,54.3847796,ChIJe_rAFutnXj4RkasAfbw9_y8,Elitecare Medical Center,DIRECT,1.8289,beauty_salon,5.0,Google Places API (New) Nearby Search,2026-09-02T15:22:51+00:00
38,Delma,ChIJ_Vu7UilmXj4R0AsGTzHwkaU,24.467954,54.3847796,ChIJwRaGWBhmXj4RxIYcRLEl2qM,Adam & Eve Cosmetic & Wellness Medical Center,DIRECT,1.8371,"beauty_salon, spa",5.0,Google Places API (New) Nearby Search,2026-09-02T15:22:51+00:00
38,Delma,ChIJ_Vu7UilmXj4R0AsGTzHwkaU,24.467954,54.3847796,ChIJV-MZgqZnXj4RqyrxMfMdd98,Naturals Salon,DIRECT,1.978,"hair_salon, nail_salon",5.0,Google Places API (New) Nearby Search,2026-09-02T15:22:51+00:00
38,Delma,ChIJ_Vu7UilmXj4R0AsGTzHwkaU,24.467954,54.3847796,ChIJo_i7NZdnXj4RihR5VX4FrgI,Beats And Cuts Gents Saloon,DIRECT,2.4298,hair_salon,5.0,Google Places API (New) Nearby Search,2026-09-02T15:22:51+00:00
38,Delma,ChIJ_Vu7UilmXj4R0AsGTzHwkaU,24.467954,54.3847796,ChIJk8hQALtnXj4R0sneJuNBZPc,Konjet Beauty Saloon,DIRECT,2.4309,beauty_salon,5.0,Google Places API (New) Nearby Search,2026-09-02T15:22:51+00:00
38,Delma,ChIJ_Vu7UilmXj4R0AsGTzHwkaU,24.467954,54.3847796,ChIJV0RnGUlnXj4RlaeKnqs23gw,Jocker gents salon,DIRECT,2.4388,hair_salon,5.0,Google Places API (New) Nearby Search,2026-09-02T15:22:51+00:00
38,Delma,ChIJ_Vu7UilmXj4R0AsGTzHwkaU,24.467954,54.3847796,ChIJs5Kbi09mXj4RSS_o7BH2b1U,CRISTAL SPA - Ramada Downtown Hotel Abu Dhabi,DIRECT,2.5772,beauty_salon,5.0,Google Places API (New) Nearby Search,2026-09-02T15:22:51+00:00
38,Delma,ChIJ_Vu7UilmXj4R0AsGTzHwkaU,24.467954,54.3847796,ChIJkUYZJK5nXj4RiJ9Ku8bXwdM,Its Beauty Ladies Salon – Waterfront Tower A,DIRECT,2.6036,"hair_salon, nail_salon",5.0,Google Places API (New) Nearby Search,2026-09-02T15:22:51+00:00
38,Delma,ChIJ_Vu7UilmXj4R0AsGTzHwkaU,24.467954,54.3847796,ChIJZRZg0ihnXj4R_Pq2INmrLgQ,La Juicy Spa and Beauty Center,DIRECT,2.6252,nail_salon,5.0,Google Places API (New) Nearby Search,2026-09-02T15:22:51+00:00
38,Delma,ChIJ_Vu7UilmXj4R0AsGTzHwkaU,24.467954,54.3847796,ChIJ-bj4weBlXj4RYa1MziOiO6c,Karkafi Hair Extension Abu Dhabi قرقفي للشعر المستعار (اكستنشن) ابوظبي,DIRECT,2.7948,hair_salon,5.0,Google Places API (New) Nearby Search,2026-09-02T15:22:51+00:00
38,Delma,ChIJ_Vu7UilmXj4R0AsGTzHwkaU,24.467954,54.3847796,ChIJGe_oyaJoXj4Rc0cLvGi-DnQ,Nova Health Medical Center,DIRECT,2.8192,beauty_salon,5.0,Google Places API (New) Nearby Search,2026-09-02T15:22:51+00:00
38,Delma,ChIJ_Vu7UilmXj4R0AsGTzHwkaU,24.467954,54.3847796,ChIJ06heVr9pXj4RA1W6DzVfZtE,Aura Mens Wellness Spa in Abu Dhabi,ADJACENT,2.8901,spa,5.0,Google Places API (New) Nearby Search,2026-09-02T15:22:51+00:00
38,Delma,ChIJ_Vu7UilmXj4R0AsGTzHwkaU,24.467954,54.3847796,ChIJVbstSFBmXj4R449I_E3vMkY,Lulu Beauty Centre,DIRECT,2.9006,"beauty_salon, nail_salon, spa",5.0,Google Places API (New) Nearby Search,2026-09-02T15:22:51+00:00
38,Delma,ChIJ_Vu7UilmXj4R0AsGTzHwkaU,24.467954,54.3847796,ChIJk9Owd1FmXj4RjsvTFRagkiE,Beach Rotana,ADJACENT,2.9654,spa,5.0,Google Places API (New) Nearby Search,2026-09-02T15:22:51+00:00
38,Delma,ChIJ_Vu7UilmXj4R0AsGTzHwkaU,24.467954,54.3847796,ChIJtVkyz-ZlXj4ReMihoxjPp7M,"Royal Rose Hotel Abu Dhabi, Curio Collection by Hilton",ADJACENT,3.0601,spa,5.0,Google Places API (New) Nearby Search,2026-09-02T15:22:51+00:00
38,Delma,ChIJ_Vu7UilmXj4R0AsGTzHwkaU,24.467954,54.3847796,ChIJkfB4BgVmXj4RCj9l9s0IATk,Sisters Beauty Lounge Hair Salon - Al Bateen Villa,DIRECT,3.0782,"hair_salon, nail_salon",5.0,Google Places API (New) Nearby Search,2026-09-02T15:22:51+00:00
38,Delma,ChIJ_Vu7UilmXj4R0AsGTzHwkaU,24.467954,54.3847796,ChIJNcEbcyNpXj4RN7bElDhvr2U,MIA BELLA BEAUTY LOUNGE,DIRECT,3.1393,beauty_salon,5.0,Google Places API (New) Nearby Search,2026-09-02T15:22:51+00:00
38,Delma,ChIJ_Vu7UilmXj4R0AsGTzHwkaU,24.467954,54.3847796,ChIJqTeaHthnXj4R4mu23EJamJY,Eternity Beauty Studio Russian Salon - Abu Dhabi ستوديو تجميل الخلود,DIRECT,3.3114,"hair_salon, nail_salon",5.0,Google Places API (New) Nearby Search,2026-09-02T15:22:51+00:00
38,Delma,ChIJ_Vu7UilmXj4R0AsGTzHwkaU,24.467954,54.3847796,ChIJab7Ss8hnXj4Refmx2QNOjl8,GymNation Khalidiyah Mall | Best Gym in Abu Dhabi,ADJACENT,3.3567,spa,5.0,Google Places API (New) Nearby Search,2026-09-02T15:22:51+00:00
38,Delma,ChIJ_Vu7UilmXj4R0AsGTzHwkaU,24.467954,54.3847796,ChIJAVJbqQhmXj4RJTYA6vaL20s,مركز ماجستيك الطبي - Majestic Medical Center,DIRECT,3.3728,beauty_salon,5.0,Google Places API (New) Nearby Search,2026-09-02T15:22:51+00:00
38,Delma,ChIJ_Vu7UilmXj4R0AsGTzHwkaU,24.467954,54.3847796,ChIJ-YhJtkppXj4Rabaoqq1SQSw,Pink Me Up Beauty Lounge By Julia,DIRECT,3.384,beauty_salon,5.0,Google Places API (New) Nearby Search,2026-09-02T15:22:51+00:00
38,Delma,ChIJ_Vu7UilmXj4R0AsGTzHwkaU,24.467954,54.3847796,ChIJKVa6gnRmXj4RL_OS33S3ZME,Sana Beauty Salon,DIRECT,3.4343,"hair_salon, nail_salon",5.0,Google Places API (New) Nearby Search,2026-09-02T15:22:51+00:00
38,Delma,ChIJ_Vu7UilmXj4R0AsGTzHwkaU,24.467954,54.3847796,ChIJf5dFRgBnXj4RprIV0NTpKe8,EliteSun Oasis LTD,ADJACENT,3.4698,spa,5.0,Google Places API (New) Nearby Search,2026-09-02T15:22:51+00:00
38,Delma,ChIJ_Vu7UilmXj4R0AsGTzHwkaU,24.467954,54.3847796,ChIJg6FONuBnXj4RkIDJUY_jwfU,Magio Hair Experience - Al Bateen,DIRECT,3.5338,"hair_salon, nail_salon",5.0,Google Places API (New) Nearby Search,2026-09-02T15:22:51+00:00
38,Delma,ChIJ_Vu7UilmXj4R0AsGTzHwkaU,24.467954,54.3847796,ChIJ21OyfVRmXj4RVMDJkavATHQ,Rosewood Abu Dhabi,ADJACENT,3.552,spa,5.0,Google Places API (New) Nearby Search,2026-09-02T15:22:51+00:00
38,Delma,ChIJ_Vu7UilmXj4R0AsGTzHwkaU,24.467954,54.3847796,ChIJ_S01UQVnXj4Rp9gKj2D00ws,"My Look Ladies Beauty Lounge, City Branch, Abudhabi",DIRECT,3.5791,"hair_salon, nail_salon",5.0,Google Places API (New) Nearby Search,2026-09-02T15:22:51+00:00
38,Delma,ChIJ_Vu7UilmXj4R0AsGTzHwkaU,24.467954,54.3847796,ChIJZThe-mBmXj4R0m9t6MKRRVk,Tryp by Wyndham Abu Dhabi,ADJACENT,3.6016,spa,5.0,Google Places API (New) Nearby Search,2026-09-02T15:22:51+00:00
38,Delma,ChIJ_Vu7UilmXj4R0AsGTzHwkaU,24.467954,54.3847796,ChIJRdPrEWFmXj4Rvlnp1T7Lwjo,Corniche Hotel Abu Dhabi,ADJACENT,3.6162,spa,5.0,Google Places API (New) Nearby Search,2026-09-02T15:22:51+00:00
38,Delma,ChIJ_Vu7UilmXj4R0AsGTzHwkaU,24.467954,54.3847796,ChIJV_fiWINnXj4RSVmfyhdlhnI,Maiyas Beauty Salon - By Maiyas Makeup Artist,DIRECT,3.7756,"hair_salon, nail_salon",5.0,Google Places API (New) Nearby Search,2026-09-02T15:22:51+00:00
38,Delma,ChIJ_Vu7UilmXj4R0AsGTzHwkaU,24.467954,54.3847796,ChIJsa0vizFnXj4RdKePMZEwcsY,Kamala tower,DIRECT,3.8239,beauty_salon,5.0,Google Places API (New) Nearby Search,2026-09-02T15:22:51+00:00
38,Delma,ChIJ_Vu7UilmXj4R0AsGTzHwkaU,24.467954,54.3847796,ChIJhS7daENnXj4RDkqHu8tuBvc,حلاق حسون القبيسي,DIRECT,3.8259,hair_salon,5.0,Google Places API (New) Nearby Search,2026-09-02T15:22:51+00:00
38,Delma,ChIJ_Vu7UilmXj4R0AsGTzHwkaU,24.467954,54.3847796,ChIJlYC-dApmXj4RYtgsq7bRsKI,Alafiya Center for Hamam & Saloon,DIRECT,3.8267,"beauty_salon, nail_salon, spa",5.0,Google Places API (New) Nearby Search,2026-09-02T15:22:51+00:00
38,Delma,ChIJ_Vu7UilmXj4R0AsGTzHwkaU,24.467954,54.3847796,ChIJ22xMClVmXj4R1L53MQnc3jM,Four Seasons Hotel Abu Dhabi at Al Maryah Island,ADJACENT,3.8727,spa,5.0,Google Places API (New) Nearby Search,2026-09-02T15:22:51+00:00
38,Delma,ChIJ_Vu7UilmXj4R0AsGTzHwkaU,24.467954,54.3847796,ChIJGWg_w4RnXj4R3HppcUwqGYk,GymNation Reem Island | Best Gym in Abu Dhabi,ADJACENT,3.9356,spa,5.0,Google Places API (New) Nearby Search,2026-09-02T15:22:51+00:00
38,Delma,ChIJ_Vu7UilmXj4R0AsGTzHwkaU,24.467954,54.3847796,ChIJKZkeSv1lXj4RxF3R8tzJNU8,Oriental Beauty Lounge,DIRECT,4.0455,nail_salon,5.0,Google Places API (New) Nearby Search,2026-09-02T15:22:51+00:00
38,Delma,ChIJ_Vu7UilmXj4R0AsGTzHwkaU,24.467954,54.3847796,ChIJ_XHbJhZmXj4RZEoLST18fRY,Beautiful Henna Centre (صالون النقوش الجميلة),DIRECT,4.3903,"beauty_salon, hair_salon, spa",5.0,Google Places API (New) Nearby Search,2026-09-02T15:22:51+00:00
38,Delma,ChIJ_Vu7UilmXj4R0AsGTzHwkaU,24.467954,54.3847796,ChIJUy6LoMNlXj4RbjQD6nE6-kQ,Syda Beauty Lounge,DIRECT,4.4808,nail_salon,5.0,Google Places API (New) Nearby Search,2026-09-02T15:22:51+00:00
38,Delma,ChIJ_Vu7UilmXj4R0AsGTzHwkaU,24.467954,54.3847796,ChIJd2O9qTdoXj4RFB4dy69OZ9A,Creative Dental Center LLC,DIRECT,4.5094,beauty_salon,5.0,Google Places API (New) Nearby Search,2026-09-02T15:22:51+00:00
38,Delma,ChIJ_Vu7UilmXj4R0AsGTzHwkaU,24.467954,54.3847796,ChIJSRUnWgBpXj4RuS5uvWhvGZk,GymNation Mushrif Mall | Best Gym in Abu Dhabi,ADJACENT,4.7113,spa,5.0,Google Places API (New) Nearby Search,2026-09-02T15:22:51+00:00
38,Delma,ChIJ_Vu7UilmXj4R0AsGTzHwkaU,24.467954,54.3847796,ChIJqWAauUtlXj4R5CEvqGsTNdk,Aphrodite Beauty & SPA,DIRECT,4.7611,"hair_salon, nail_salon",5.0,Google Places API (New) Nearby Search,2026-09-02T15:22:51+00:00
38,Delma,ChIJ_Vu7UilmXj4R0AsGTzHwkaU,24.467954,54.3847796,ChIJ46n5PadnXj4RQxaG0H7wG1c,Princess Lounge Ladies Salon,DIRECT,4.8955,hair_salon,5.0,Google Places API (New) Nearby Search,2026-09-02T15:22:51+00:00
32,Jumeirah Park,ChIJ-0P7Jf1tXz4Rje7-0YFcM3Q,25.039154000000003,55.1659736,ChIJgVSh6TttXz4RiaTD9nqtyCw,Tips and Toes - Al Furjan - Dubai,DIRECT,2.0358,nail_salon,5.0,Google Places API (New) Nearby Search,2026-09-02T15:22:51+00:00
32,Jumeirah Park,ChIJ-0P7Jf1tXz4Rje7-0YFcM3Q,25.039154000000003,55.1659736,ChIJe70BwzttXz4RhOVZU77la9c,The Aesthetics Clinic,DIRECT,2.059,beauty_salon,5.0,Google Places API (New) Nearby Search,2026-09-02T15:22:51+00:00
32,Jumeirah Park,ChIJ-0P7Jf1tXz4Rje7-0YFcM3Q,25.039154000000003,55.1659736,ChIJiR3zySttXz4ROXOEbag1FJw,Blue Personal Care Spa Massage,ADJACENT,2.3156,spa,5.0,Google Places API (New) Nearby Search,2026-09-02T15:22:51+00:00
32,Jumeirah Park,ChIJ-0P7Jf1tXz4Rje7-0YFcM3Q,25.039154000000003,55.1659736,ChIJ_5X8R2VdXz4ROt1e0h_Rehw,Amity Spa,ADJACENT,2.7909,spa,5.0,Google Places API (New) Nearby Search,2026-09-02T15:22:51+00:00
32,Jumeirah Park,ChIJ-0P7Jf1tXz4Rje7-0YFcM3Q,25.039154000000003,55.1659736,ChIJFYILWUhtXz4R9ftaSETqZbA,Create Beauty Spa,DIRECT,2.8336,"beauty_salon, spa",5.0,Google Places API (New) Nearby Search,2026-09-02T15:22:51+00:00
32,Jumeirah Park,ChIJ-0P7Jf1tXz4Rje7-0YFcM3Q,25.039154000000003,55.1659736,ChIJcVGtLXNtXz4Rtx8Yct-WzcA,Sun Shine Spa,ADJACENT,3.1181,spa,5.0,Google Places API (New) Nearby Search,2026-09-02T15:22:51+00:00
32,Jumeirah Park,ChIJ-0P7Jf1tXz4Rje7-0YFcM3Q,25.039154000000003,55.1659736,ChIJGVsHtbNtXz4RrOYLqo7Jcuc,Gladys Beauty Saloon- Jumeriah Village Triangle,DIRECT,3.1389,nail_salon,5.0,Google Places API (New) Nearby Search,2026-09-02T15:22:51+00:00
32,Jumeirah Park,ChIJ-0P7Jf1tXz4Rje7-0YFcM3Q,25.039154000000003,55.1659736,ChIJMzPF6ZZtXz4Rx0s_zlZyioE,MUKTA BEAUTY SALON ( AL FURJAN),DIRECT,3.1563,"hair_salon, nail_salon",5.0,Google Places API (New) Nearby Search,2026-09-02T15:22:51+00:00
32,Jumeirah Park,ChIJ-0P7Jf1tXz4Rje7-0YFcM3Q,25.039154000000003,55.1659736,ChIJ2dOYog5tXz4RNRXxxhUcw4E,Cloud Elite European SPA,ADJACENT,3.294,spa,5.0,Google Places API (New) Nearby Search,2026-09-02T15:22:51+00:00
32,Jumeirah Park,ChIJ-0P7Jf1tXz4Rje7-0YFcM3Q,25.039154000000003,55.1659736,ChIJk-Jadx1tXz4RSBAGD3vusJU,Mayflower Spa and Massage,ADJACENT,3.3474,spa,5.0,Google Places API (New) Nearby Search,2026-09-02T15:22:51+00:00
32,Jumeirah Park,ChIJ-0P7Jf1tXz4Rje7-0YFcM3Q,25.039154000000003,55.1659736,ChIJKYlQSqJtXz4RjLVjmnsAJic,Tranquil Wellness Tower by Wellcube.life,ADJACENT,3.4024,spa,5.0,Google Places API (New) Nearby Search,2026-09-02T15:22:51+00:00
32,Jumeirah Park,ChIJ-0P7Jf1tXz4Rje7-0YFcM3Q,25.039154000000003,55.1659736,ChIJLwbhMvxtXz4Rk4gCcOLcVho,Barbershop Milado cut | Gents Salon,DIRECT,3.4136,hair_salon,5.0,Google Places API (New) Nearby Search,2026-09-02T15:22:51+00:00
32,Jumeirah Park,ChIJ-0P7Jf1tXz4Rje7-0YFcM3Q,25.039154000000003,55.1659736,ChIJiwe0qHBrXz4RjEMJraSg8cI,Natural Touch Beauty Salon – Top Rated Ladies Salon in Discovery Gardens,DIRECT,3.5258,"hair_salon, nail_salon",5.0,Google Places API (New) Nearby Search,2026-09-02T15:22:51+00:00
32,Jumeirah Park,ChIJ-0P7Jf1tXz4Rje7-0YFcM3Q,25.039154000000003,55.1659736,ChIJzynOTXJtXz4R-WtRuvgtE5Y,Casa Rio Beauty Salon,DIRECT,3.6334,"beauty_salon, nail_salon, spa",5.0,Google Places API (New) Nearby Search,2026-09-02T15:22:51+00:00
32,Jumeirah Park,ChIJ-0P7Jf1tXz4Rje7-0YFcM3Q,25.039154000000003,55.1659736,ChIJvcTyx0NtXz4Rac1Gnsk9Jzc,Divine Beauty Lounge | Best Hair & Nails Beauty Salon JVC | 20% OFF,DIRECT,3.72,"beauty_salon, hair_salon, nail_salon, spa",5.0,Google Places API (New) Nearby Search,2026-09-02T15:22:51+00:00
32,Jumeirah Park,ChIJ-0P7Jf1tXz4Rje7-0YFcM3Q,25.039154000000003,55.1659736,ChIJO96ntmJtXz4RR1nUd6qXzIo,Glamour Mark Ladies Salon – JVC,DIRECT,3.7361,nail_salon,5.0,Google Places API (New) Nearby Search,2026-09-02T15:22:51+00:00
32,Jumeirah Park,ChIJ-0P7Jf1tXz4Rje7-0YFcM3Q,25.039154000000003,55.1659736,ChIJqyZ19uATXz4RYCATcv32vsY,Outlook Spa and Salon,ADJACENT,3.7426,spa,5.0,Google Places API (New) Nearby Search,2026-09-02T15:22:51+00:00
32,Jumeirah Park,ChIJ-0P7Jf1tXz4Rje7-0YFcM3Q,25.039154000000003,55.1659736,ChIJxVt4blkTXz4Rd2u_R0AqBVs,MUKTA BEAUTY SALOON ( Discovery Gardens),DIRECT,3.8369,nail_salon,5.0,Google Places API (New) Nearby Search,2026-09-02T15:22:51+00:00
32,Jumeirah Park,ChIJ-0P7Jf1tXz4Rje7-0YFcM3Q,25.039154000000003,55.1659736,ChIJr9EK9MxtXz4ROoqks9aGM7o,Sweet Rose Spa Massage Center,ADJACENT,3.852,spa,5.0,Google Places API (New) Nearby Search,2026-09-02T15:22:51+00:00
32,Jumeirah Park,ChIJ-0P7Jf1tXz4Rje7-0YFcM3Q,25.039154000000003,55.1659736,ChIJe6sxLvttXz4Re7ijGxRbSD4,"Soul Side Wellness – Yoga, Sound Healing & Holistic Therapy in JLT",ADJACENT,3.8735,spa,5.0,Google Places API (New) Nearby Search,2026-09-02T15:22:51+00:00
32,Jumeirah Park,ChIJ-0P7Jf1tXz4Rje7-0YFcM3Q,25.039154000000003,55.1659736,ChIJt6MnD09tXz4R4qbfDLgvwVo,Black Mustache Gents Salon | Barber Shop,DIRECT,3.8949,"hair_salon, nail_salon",5.0,Google Places API (New) Nearby Search,2026-09-02T15:22:51+00:00
32,Jumeirah Park,ChIJ-0P7Jf1tXz4Rje7-0YFcM3Q,25.039154000000003,55.1659736,ChIJn4Z0--9tXz4R3M7UlqV0NIw,Glow And Go Gents Salon,DIRECT,3.9324,hair_salon,5.0,Google Places API (New) Nearby Search,2026-09-02T15:22:51+00:00
32,Jumeirah Park,ChIJ-0P7Jf1tXz4Rje7-0YFcM3Q,25.039154000000003,55.1659736,ChIJpUudORtlXz4RxyIosLAUEBo,Massage luxury & Dubai 6886,ADJACENT,3.9548,spa,5.0,Google Places API (New) Nearby Search,2026-09-02T15:22:51+00:00
32,Jumeirah Park,ChIJ-0P7Jf1tXz4Rje7-0YFcM3Q,25.039154000000003,55.1659736,ChIJjXtdokFtXz4RL83O2a0D6ZE,Lish Beauty Bar - JLT,DIRECT,3.9583,beauty_salon,5.0,Google Places API (New) Nearby Search,2026-09-02T15:22:51+00:00
32,Jumeirah Park,ChIJ-0P7Jf1tXz4Rje7-0YFcM3Q,25.039154000000003,55.1659736,ChIJx5BOfa5sXz4RXNsRSY2lun4,Essa Beauty,DIRECT,3.9664,"beauty_salon, hair_salon",5.0,Google Places API (New) Nearby Search,2026-09-02T15:22:51+00:00
32,Jumeirah Park,ChIJ-0P7Jf1tXz4Rje7-0YFcM3Q,25.039154000000003,55.1659736,ChIJ34IzryZtXz4RDy5TFmd5NBU,Derma One Aesthetic Center - Cosmetic Centre Dubai,DIRECT,3.9928,"beauty_salon, spa",5.0,Google Places API (New) Nearby Search,2026-09-02T15:22:51+00:00
32,Jumeirah Park,ChIJ-0P7Jf1tXz4Rje7-0YFcM3Q,25.039154000000003,55.1659736,ChIJBa4VrhZtXz4RBILEucrVUEc,Neferthena Ladies Salon,DIRECT,4.0428,beauty_salon,5.0,Google Places API (New) Nearby Search,2026-09-02T15:22:51+00:00
32,Jumeirah Park,ChIJ-0P7Jf1tXz4Rje7-0YFcM3Q,25.039154000000003,55.1659736,ChIJm1pVp0BtXz4Rpgo2ztoaZEA,Kozma Curl JLT Branch,DIRECT,4.0924,"beauty_salon, hair_salon",5.0,Google Places API (New) Nearby Search,2026-09-02T15:22:51+00:00
32,Jumeirah Park,ChIJ-0P7Jf1tXz4Rje7-0YFcM3Q,25.039154000000003,55.1659736,ChIJaXRKzyhhXz4Rgco-Kv7KkGw,Freya beauty salon,DIRECT,4.103,"beauty_salon, hair_salon, nail_salon",5.0,Google Places API (New) Nearby Search,2026-09-02T15:22:51+00:00
32,Jumeirah Park,ChIJ-0P7Jf1tXz4Rje7-0YFcM3Q,25.039154000000003,55.1659736,ChIJiVOJcq1sXz4RidwAxLInDxE,Chaps and Co - JLT,DIRECT,4.2175,hair_salon,5.0,Google Places API (New) Nearby Search,2026-09-02T15:22:51+00:00
32,Jumeirah Park,ChIJ-0P7Jf1tXz4Rje7-0YFcM3Q,25.039154000000003,55.1659736,ChIJ_YwubzttXz4RGev5v4SNJ68,Willow Lane Hair & Beauty,DIRECT,4.2216,hair_salon,5.0,Google Places API (New) Nearby Search,2026-09-02T15:22:51+00:00
32,Jumeirah Park,ChIJ-0P7Jf1tXz4Rje7-0YFcM3Q,25.039154000000003,55.1659736,ChIJqxkK2ypDXz4RAN5Y3XKXiU4,SunShine Spa,ADJACENT,4.2678,spa,5.0,Google Places API (New) Nearby Search,2026-09-02T15:22:51+00:00
32,Jumeirah Park,ChIJ-0P7Jf1tXz4Rje7-0YFcM3Q,25.039154000000003,55.1659736,ChIJDfWiCfltXz4Rusomg1MTsa4,Nails LAB Salon (JLT Branch),DIRECT,4.3046,beauty_salon,5.0,Google Places API (New) Nearby Search,2026-09-02T15:22:51+00:00
32,Jumeirah Park,ChIJ-0P7Jf1tXz4Rje7-0YFcM3Q,25.039154000000003,55.1659736,ChIJC4J6G2VtXz4R4RsTT8qB6ac,The Curl Therapy,DIRECT,4.3383,hair_salon,5.0,Google Places API (New) Nearby Search,2026-09-02T15:22:51+00:00
32,Jumeirah Park,ChIJ-0P7Jf1tXz4Rje7-0YFcM3Q,25.039154000000003,55.1659736,ChIJedISKyZtXz4RKOwlWBqc9KY,Barbershop Dubai - حلاق - Barber Republic 💈,DIRECT,4.3587,nail_salon,5.0,Google Places API (New) Nearby Search,2026-09-02T15:22:51+00:00
32,Jumeirah Park,ChIJ-0P7Jf1tXz4Rje7-0YFcM3Q,25.039154000000003,55.1659736,ChIJ7_DtXKFsXz4R50Jlrade44Y,American Medical Center JLT,DIRECT,4.3676,beauty_salon,5.0,Google Places API (New) Nearby Search,2026-09-02T15:22:51+00:00
32,Jumeirah Park,ChIJ-0P7Jf1tXz4Rje7-0YFcM3Q,25.039154000000003,55.1659736,ChIJTyp94lNtXz4RP_0_p6gNwIE,Top View Spa,ADJACENT,4.3718,spa,5.0,Google Places API (New) Nearby Search,2026-09-02T15:22:51+00:00
32,Jumeirah Park,ChIJ-0P7Jf1tXz4Rje7-0YFcM3Q,25.039154000000003,55.1659736,ChIJNem5iYZtXz4RmjogAPSZ1zE,Health Call Medical and Aesthetic Center,DIRECT,4.3798,beauty_salon,5.0,Google Places API (New) Nearby Search,2026-09-02T15:22:51+00:00
32,Jumeirah Park,ChIJ-0P7Jf1tXz4Rje7-0YFcM3Q,25.039154000000003,55.1659736,ChIJK-7lVO1tXz4RMr9whME7dJY,Ombre Salon JVC,DIRECT,4.4444,beauty_salon,5.0,Google Places API (New) Nearby Search,2026-09-02T15:22:51+00:00
32,Jumeirah Park,ChIJ-0P7Jf1tXz4Rje7-0YFcM3Q,25.039154000000003,55.1659736,ChIJl2qKJgltXz4ReuBuwKKMYvw,The Salon Dubai | FIVE Jumeirah Village,DIRECT,4.4679,nail_salon,5.0,Google Places API (New) Nearby Search,2026-09-02T15:22:51+00:00
32,Jumeirah Park,ChIJ-0P7Jf1tXz4Rje7-0YFcM3Q,25.039154000000003,55.1659736,ChIJM2qkPaZsXz4RMU_zlomoV4g,The Gentlemen's Barber Shop - Dubai,DIRECT,4.4683,"hair_salon, nail_salon",5.0,Google Places API (New) Nearby Search,2026-09-02T15:22:51+00:00
32,Jumeirah Park,ChIJ-0P7Jf1tXz4Rje7-0YFcM3Q,25.039154000000003,55.1659736,ChIJbQepX4NtXz4R8Xcv4BeD8mg,"Sasha Beauty Salon, JVC",DIRECT,4.5177,nail_salon,5.0,Google Places API (New) Nearby Search,2026-09-02T15:22:51+00:00
32,Jumeirah Park,ChIJ-0P7Jf1tXz4Rje7-0YFcM3Q,25.039154000000003,55.1659736,ChIJcdHOwqZsXz4RI8VN755zYyA,"Supreme Energy Spa - Russian Spa in JLT, Dubai",ADJACENT,4.5378,spa,5.0,Google Places API (New) Nearby Search,2026-09-02T15:22:51+00:00
32,Jumeirah Park,ChIJ-0P7Jf1tXz4Rje7-0YFcM3Q,25.039154000000003,55.1659736,ChIJpf9cxi1tXz4RbtgU9W1DO4I,"Sasha Beauty Salon, Vida Hills",DIRECT,4.6013,nail_salon,5.0,Google Places API (New) Nearby Search,2026-09-02T15:22:51+00:00
32,Jumeirah Park,ChIJ-0P7Jf1tXz4Rje7-0YFcM3Q,25.039154000000003,55.1659736,ChIJ93lAmjZtXz4R5g23DdMKQ9E,The Barber House - Best Men’s Barbershop in JLT,DIRECT,4.6711,hair_salon,5.0,Google Places API (New) Nearby Search,2026-09-02T15:22:51+00:00
32,Jumeirah Park,ChIJ-0P7Jf1tXz4Rje7-0YFcM3Q,25.039154000000003,55.1659736,ChIJd9-BXqhsXz4Rd3JGUpR8C-w,Al Waleed Paradise JLT Cluster R,DIRECT,4.6712,beauty_salon,5.0,Google Places API (New) Nearby Search,2026-09-02T15:22:51+00:00
32,Jumeirah Park,ChIJ-0P7Jf1tXz4Rje7-0YFcM3Q,25.039154000000003,55.1659736,ChIJYfXpV6tsXz4RKKjGHXHCBpc,Dreamworks Spa | Cascades Tower Dubai Marina,DIRECT,4.6816,"beauty_salon, spa",5.0,Google Places API (New) Nearby Search,2026-09-02T15:22:51+00:00
32,Jumeirah Park,ChIJ-0P7Jf1tXz4Rje7-0YFcM3Q,25.039154000000003,55.1659736,ChIJh14LqS0TXz4Rd2oLQjVzf2g,Mirrors Executive Men's Salon - Marina,DIRECT,4.7143,"hair_salon, nail_salon",5.0,Google Places API (New) Nearby Search,2026-09-02T15:22:51+00:00
32,Jumeirah Park,ChIJ-0P7Jf1tXz4Rje7-0YFcM3Q,25.039154000000003,55.1659736,ChIJwaaXuTNtXz4RjEA_RaTUJhg,Cutting Edge,DIRECT,4.7472,nail_salon,5.0,Google Places API (New) Nearby Search,2026-09-02T15:22:51+00:00
32,Jumeirah Park,ChIJ-0P7Jf1tXz4Rje7-0YFcM3Q,25.039154000000003,55.1659736,ChIJaTkPbgVtXz4RftBn8N4YECY,Sevan Fadez,DIRECT,4.7501,hair_salon,5.0,Google Places API (New) Nearby Search,2026-09-02T15:22:51+00:00
32,Jumeirah Park,ChIJ-0P7Jf1tXz4Rje7-0YFcM3Q,25.039154000000003,55.1659736,ChIJkf___KpsXz4RzEhG5B_vU3Y,Novomed - Dubai Marina,DIRECT,4.7681,beauty_salon,5.0,Google Places API (New) Nearby Search,2026-09-02T15:22:51+00:00
32,Jumeirah Park,ChIJ-0P7Jf1tXz4Rje7-0YFcM3Q,25.039154000000003,55.1659736,ChIJv_FEbKdsXz4RS0OpAt_a7WA,Brow Studio,DIRECT,4.7687,beauty_salon,5.0,Google Places API (New) Nearby Search,2026-09-02T15:22:51+00:00
32,Jumeirah Park,ChIJ-0P7Jf1tXz4Rje7-0YFcM3Q,25.039154000000003,55.1659736,ChIJxwm73mkTXz4R6FK0YeM2Umg,Back Alive Barbershop,DIRECT,4.806,"beauty_salon, hair_salon",5.0,Google Places API (New) Nearby Search,2026-09-02T15:22:51+00:00
32,Jumeirah Park,ChIJ-0P7Jf1tXz4Rje7-0YFcM3Q,25.039154000000003,55.1659736,ChIJI6BjaVETXz4RSkZOXGwJiAY,Signature Hotel Apartments & Spa Marina,ADJACENT,4.8207,spa,5.0,Google Places API (New) Nearby Search,2026-09-02T15:22:51+00:00
32,Jumeirah Park,ChIJ-0P7Jf1tXz4Rje7-0YFcM3Q,25.039154000000003,55.1659736,ChIJH32H67ZtXz4R8CNbPtkHgtg,The Perfect Blend Dubai JVC,DIRECT,4.889,"beauty_salon, hair_salon, nail_salon, spa",5.0,Google Places API (New) Nearby Search,2026-09-02T15:22:51+00:00
32,Jumeirah Park,ChIJ-0P7Jf1tXz4Rje7-0YFcM3Q,25.039154000000003,55.1659736,ChIJ8a14IlZrXz4RGsZ0xqnyzMM,Nail Candy Beauty Spa,DIRECT,4.9548,nail_salon,5.0,Google Places API (New) Nearby Search,2026-09-02T15:22:51+00:00
32,Jumeirah Park,ChIJ-0P7Jf1tXz4Rje7-0YFcM3Q,25.039154000000003,55.1659736,ChIJvVXZyygTXz4RoMJC0fPAHSY,KARKAFI HAIR Extension Dubai Marina قرقفي للشعر المستعار (اكستنشن) دبي مارينا,DIRECT,4.9917,hair_salon,5.0,Google Places API (New) Nearby Search,2026-09-02T15:22:51+00:00
40,Khaleej Al Arabi,ChIJ7Q7KjQNmXj4ROEhXBTwMTWk,24.458870200000003,54.3537762,ChIJkfB4BgVmXj4RCj9l9s0IATk,Sisters Beauty Lounge Hair Salon - Al Bateen Villa,DIRECT,0.4575,"hair_salon, nail_salon",5.0,Google Places API (New) Nearby Search,2026-09-02T15:22:51+00:00
40,Khaleej Al Arabi,ChIJ7Q7KjQNmXj4ROEhXBTwMTWk,24.458870200000003,54.3537762,ChIJg6FONuBnXj4RkIDJUY_jwfU,Magio Hair Experience - Al Bateen,DIRECT,0.4847,"hair_salon, nail_salon",5.0,Google Places API (New) Nearby Search,2026-09-02T15:22:51+00:00
40,Khaleej Al Arabi,ChIJ7Q7KjQNmXj4ROEhXBTwMTWk,24.458870200000003,54.3537762,ChIJ-bj4weBlXj4RYa1MziOiO6c,Karkafi Hair Extension Abu Dhabi قرقفي للشعر المستعار (اكستنشن) ابوظبي,DIRECT,0.5244,hair_salon,5.0,Google Places API (New) Nearby Search,2026-09-02T15:22:51+00:00
40,Khaleej Al Arabi,ChIJ7Q7KjQNmXj4ROEhXBTwMTWk,24.458870200000003,54.3537762,ChIJAVJbqQhmXj4RJTYA6vaL20s,مركز ماجستيك الطبي - Majestic Medical Center,DIRECT,0.6359,beauty_salon,5.0,Google Places API (New) Nearby Search,2026-09-02T15:22:51+00:00
40,Khaleej Al Arabi,ChIJ7Q7KjQNmXj4ROEhXBTwMTWk,24.458870200000003,54.3537762,ChIJKZkeSv1lXj4RxF3R8tzJNU8,Oriental Beauty Lounge,DIRECT,0.9105,nail_salon,5.0,Google Places API (New) Nearby Search,2026-09-02T15:22:51+00:00
40,Khaleej Al Arabi,ChIJ7Q7KjQNmXj4ROEhXBTwMTWk,24.458870200000003,54.3537762,ChIJab7Ss8hnXj4Refmx2QNOjl8,GymNation Khalidiyah Mall | Best Gym in Abu Dhabi,ADJACENT,1.2695,spa,5.0,Google Places API (New) Nearby Search,2026-09-02T15:22:51+00:00
40,Khaleej Al Arabi,ChIJ7Q7KjQNmXj4ROEhXBTwMTWk,24.458870200000003,54.3537762,ChIJlYC-dApmXj4RYtgsq7bRsKI,Alafiya Center for Hamam & Saloon,DIRECT,1.3325,"beauty_salon, nail_salon, spa",5.0,Google Places API (New) Nearby Search,2026-09-02T15:22:51+00:00
40,Khaleej Al Arabi,ChIJ7Q7KjQNmXj4ROEhXBTwMTWk,24.458870200000003,54.3537762,ChIJhS7daENnXj4RDkqHu8tuBvc,حلاق حسون القبيسي,DIRECT,1.4005,hair_salon,5.0,Google Places API (New) Nearby Search,2026-09-02T15:22:51+00:00
40,Khaleej Al Arabi,ChIJ7Q7KjQNmXj4ROEhXBTwMTWk,24.458870200000003,54.3537762,ChIJwRaGWBhmXj4RxIYcRLEl2qM,Adam & Eve Cosmetic & Wellness Medical Center,DIRECT,1.5044,"beauty_salon, spa",5.0,Google Places API (New) Nearby Search,2026-09-02T15:22:51+00:00
40,Khaleej Al Arabi,ChIJ7Q7KjQNmXj4ROEhXBTwMTWk,24.458870200000003,54.3537762,ChIJUy6LoMNlXj4RbjQD6nE6-kQ,Syda Beauty Lounge,DIRECT,1.6939,nail_salon,5.0,Google Places API (New) Nearby Search,2026-09-02T15:22:51+00:00
40,Khaleej Al Arabi,ChIJ7Q7KjQNmXj4ROEhXBTwMTWk,24.458870200000003,54.3537762,ChIJtfAQuSFmXj4RYGR1F27FebY,Ultra Care Medical Center,DIRECT,1.6966,beauty_salon,5.0,Google Places API (New) Nearby Search,2026-09-02T15:22:51+00:00
40,Khaleej Al Arabi,ChIJ7Q7KjQNmXj4ROEhXBTwMTWk,24.458870200000003,54.3537762,ChIJsa0vizFnXj4RdKePMZEwcsY,Kamala tower,DIRECT,1.7586,beauty_salon,5.0,Google Places API (New) Nearby Search,2026-09-02T15:22:51+00:00
40,Khaleej Al Arabi,ChIJ7Q7KjQNmXj4ROEhXBTwMTWk,24.458870200000003,54.3537762,ChIJxw_jYCBmXj4R4W15MAFN0z8,306 Spa | Award-Winning Hair Nails Beauty Salon Abu Dhabi,DIRECT,1.7589,"hair_salon, nail_salon",5.0,Google Places API (New) Nearby Search,2026-09-02T15:22:51+00:00
40,Khaleej Al Arabi,ChIJ7Q7KjQNmXj4ROEhXBTwMTWk,24.458870200000003,54.3537762,ChIJGe_oyaJoXj4Rc0cLvGi-DnQ,Nova Health Medical Center,DIRECT,1.8136,beauty_salon,5.0,Google Places API (New) Nearby Search,2026-09-02T15:22:51+00:00
40,Khaleej Al Arabi,ChIJ7Q7KjQNmXj4ROEhXBTwMTWk,24.458870200000003,54.3537762,ChIJpwaHxnZlXj4Rxgp7ZP4HeFA,The Muse UAE Boutique Spa,DIRECT,1.8508,"beauty_salon, spa",5.0,Google Places API (New) Nearby Search,2026-09-02T15:22:51+00:00
40,Khaleej Al Arabi,ChIJ7Q7KjQNmXj4ROEhXBTwMTWk,24.458870200000003,54.3537762,ChIJi135LPRlXj4REqYFVZHI2Ec,Young Massage Spa Abu Dhabi,ADJACENT,1.9155,spa,5.0,Google Places API (New) Nearby Search,2026-09-02T15:22:51+00:00
40,Khaleej Al Arabi,ChIJ7Q7KjQNmXj4ROEhXBTwMTWk,24.458870200000003,54.3537762,ChIJKVa6gnRmXj4RL_OS33S3ZME,Sana Beauty Salon,DIRECT,1.9224,"hair_salon, nail_salon",5.0,Google Places API (New) Nearby Search,2026-09-02T15:22:51+00:00
40,Khaleej Al Arabi,ChIJ7Q7KjQNmXj4ROEhXBTwMTWk,24.458870200000003,54.3537762,ChIJdeU-c_JlXj4Rki8SWllWktw,InterContinental Abu Dhabi by IHG,ADJACENT,1.9376,spa,5.0,Google Places API (New) Nearby Search,2026-09-02T15:22:51+00:00
40,Khaleej Al Arabi,ChIJ7Q7KjQNmXj4ROEhXBTwMTWk,24.458870200000003,54.3537762,ChIJqWAauUtlXj4R5CEvqGsTNdk,Aphrodite Beauty & SPA,DIRECT,1.9709,"hair_salon, nail_salon",5.0,Google Places API (New) Nearby Search,2026-09-02T15:22:51+00:00
40,Khaleej Al Arabi,ChIJ7Q7KjQNmXj4ROEhXBTwMTWk,24.458870200000003,54.3537762,ChIJMTJk1YBpXj4Rr8PtSnvwj5M,Gold and Ash Shadow Beauty Salon,DIRECT,2.1607,hair_salon,5.0,Google Places API (New) Nearby Search,2026-09-02T15:22:51+00:00
40,Khaleej Al Arabi,ChIJ7Q7KjQNmXj4ROEhXBTwMTWk,24.458870200000003,54.3537762,ChIJNcEbcyNpXj4RN7bElDhvr2U,MIA BELLA BEAUTY LOUNGE,DIRECT,2.2253,beauty_salon,5.0,Google Places API (New) Nearby Search,2026-09-02T15:22:51+00:00
40,Khaleej Al Arabi,ChIJ7Q7KjQNmXj4ROEhXBTwMTWk,24.458870200000003,54.3537762,ChIJhVWfudppXj4RW1NJDUldjnk,Tips and Toes Khaleej,DIRECT,2.2254,beauty_salon,5.0,Google Places API (New) Nearby Search,2026-09-02T15:22:51+00:00
40,Khaleej Al Arabi,ChIJ7Q7KjQNmXj4ROEhXBTwMTWk,24.458870200000003,54.3537762,ChIJL1v2CGhnXj4Rh-n6AbWCGBM,SPARKLE MASSAGE SPA CENTER IN ABU DHABI | Best massage center abu dhabi,ADJACENT,2.2953,spa,5.0,Google Places API (New) Nearby Search,2026-09-02T15:22:51+00:00
40,Khaleej Al Arabi,ChIJ7Q7KjQNmXj4ROEhXBTwMTWk,24.458870200000003,54.3537762,ChIJz9qrpidmXj4RRnRHjQcwj64,Canadian Medical Center CMC Abu Dhabi,DIRECT,2.3907,beauty_salon,5.0,Google Places API (New) Nearby Search,2026-09-02T15:22:51+00:00
40,Khaleej Al Arabi,ChIJ7Q7KjQNmXj4ROEhXBTwMTWk,24.458870200000003,54.3537762,ChIJkzlGXCZmXj4Rv0Ng_vrsMsI,صالون عروس الخليج - Gulf Bride Saloon,DIRECT,2.4179,beauty_salon,5.0,Google Places API (New) Nearby Search,2026-09-02T15:22:51+00:00
40,Khaleej Al Arabi,ChIJ7Q7KjQNmXj4ROEhXBTwMTWk,24.458870200000003,54.3537762,ChIJZ1bF8ZVoXj4RbD0cjR1L2gw,Inspire Sports Center-Ladies Sports & Spa,ADJACENT,2.4405,spa,5.0,Google Places API (New) Nearby Search,2026-09-02T15:22:51+00:00
40,Khaleej Al Arabi,ChIJ7Q7KjQNmXj4ROEhXBTwMTWk,24.458870200000003,54.3537762,ChIJD-N6ki1lXj4RAJ3DMpPyPXQ,InterContinental Residences Abu Dhabi by IHG,ADJACENT,2.4791,spa,5.0,Google Places API (New) Nearby Search,2026-09-02T15:22:51+00:00
40,Khaleej Al Arabi,ChIJ7Q7KjQNmXj4ROEhXBTwMTWk,24.458870200000003,54.3537762,ChIJl5huYkBpXj4RX9faSAjd-iA,RITUALS BEAUTY SPA,DIRECT,2.4989,"beauty_salon, nail_salon",5.0,Google Places API (New) Nearby Search,2026-09-02T15:22:51+00:00
40,Khaleej Al Arabi,ChIJ7Q7KjQNmXj4ROEhXBTwMTWk,24.458870200000003,54.3537762,ChIJ-YhJtkppXj4Rabaoqq1SQSw,Pink Me Up Beauty Lounge By Julia,DIRECT,2.5961,beauty_salon,5.0,Google Places API (New) Nearby Search,2026-09-02T15:22:51+00:00
40,Khaleej Al Arabi,ChIJ7Q7KjQNmXj4ROEhXBTwMTWk,24.458870200000003,54.3537762,ChIJB5DRKyZmXj4RDRhF9YlGekM,Charm Slimming & Beauty Center مركز شارم للرشاقة والتجميل,DIRECT,2.6457,"hair_salon, nail_salon",5.0,Google Places API (New) Nearby Search,2026-09-02T15:22:51+00:00
40,Khaleej Al Arabi,ChIJ7Q7KjQNmXj4ROEhXBTwMTWk,24.458870200000003,54.3537762,ChIJX6xXyQ1nXj4RIqoICSPduQU,Al Rousi Men Spa - مركز الروسي سبا للرجال,DIRECT,2.7506,nail_salon,5.0,Google Places API (New) Nearby Search,2026-09-02T15:22:51+00:00
40,Khaleej Al Arabi,ChIJ7Q7KjQNmXj4ROEhXBTwMTWk,24.458870200000003,54.3537762,ChIJnbuwwDZGXj4R2MuK02ZL3RQ,La Poupee Beauty Center - Abu Dhabi,DIRECT,2.8049,hair_salon,5.0,Google Places API (New) Nearby Search,2026-09-02T15:22:51+00:00
40,Khaleej Al Arabi,ChIJ7Q7KjQNmXj4ROEhXBTwMTWk,24.458870200000003,54.3537762,ChIJa_5SjvRnXj4RYjFue3DePuk,Le Noir Beauty Center | مركز لي نوار للتجميل,DIRECT,2.8103,hair_salon,5.0,Google Places API (New) Nearby Search,2026-09-02T15:22:51+00:00
40,Khaleej Al Arabi,ChIJ7Q7KjQNmXj4ROEhXBTwMTWk,24.458870200000003,54.3537762,ChIJu_blBE1nXj4RuqjCD1qHHaY,Top Touch Gents salon & spa صالون وسبا توب تاتش,DIRECT,2.8117,hair_salon,5.0,Google Places API (New) Nearby Search,2026-09-02T15:22:51+00:00
40,Khaleej Al Arabi,ChIJ7Q7KjQNmXj4ROEhXBTwMTWk,24.458870200000003,54.3537762,ChIJe_rAFutnXj4RkasAfbw9_y8,Elitecare Medical Center,DIRECT,2.8279,beauty_salon,5.0,Google Places API (New) Nearby Search,2026-09-02T15:22:51+00:00
40,Khaleej Al Arabi,ChIJ7Q7KjQNmXj4ROEhXBTwMTWk,24.458870200000003,54.3537762,ChIJX26wLTpmXj4RxpXQo1s3Zjk,The One Spa For Men - Abu Dhabi,DIRECT,2.9683,"beauty_salon, nail_salon, spa",5.0,Google Places API (New) Nearby Search,2026-09-02T15:22:51+00:00
40,Khaleej Al Arabi,ChIJ7Q7KjQNmXj4ROEhXBTwMTWk,24.458870200000003,54.3537762,ChIJV_fiWINnXj4RSVmfyhdlhnI,Maiyas Beauty Salon - By Maiyas Makeup Artist,DIRECT,2.9938,"hair_salon, nail_salon",5.0,Google Places API (New) Nearby Search,2026-09-02T15:22:51+00:00
40,Khaleej Al Arabi,ChIJ7Q7KjQNmXj4ROEhXBTwMTWk,24.458870200000003,54.3537762,ChIJqTeaHthnXj4R4mu23EJamJY,Eternity Beauty Studio Russian Salon - Abu Dhabi ستوديو تجميل الخلود,DIRECT,3.0454,"hair_salon, nail_salon",5.0,Google Places API (New) Nearby Search,2026-09-02T15:22:51+00:00
40,Khaleej Al Arabi,ChIJ7Q7KjQNmXj4ROEhXBTwMTWk,24.458870200000003,54.3537762,ChIJIX9-hZNlXj4RvO2QAgB5g18,Conrad Abu Dhabi Etihad Towers,ADJACENT,3.1857,spa,5.0,Google Places API (New) Nearby Search,2026-09-02T15:22:51+00:00
40,Khaleej Al Arabi,ChIJ7Q7KjQNmXj4ROEhXBTwMTWk,24.458870200000003,54.3537762,ChIJGRgwhtVnXj4R82xVmTlqjh0,GG Clinics,DIRECT,3.2014,beauty_salon,5.0,Google Places API (New) Nearby Search,2026-09-02T15:22:51+00:00
40,Khaleej Al Arabi,ChIJ7Q7KjQNmXj4ROEhXBTwMTWk,24.458870200000003,54.3537762,ChIJwyHoaClmXj4Rqgsjdqc_LVw,Al Diar Sawa Hotel Apartments,ADJACENT,3.2785,spa,5.0,Google Places API (New) Nearby Search,2026-09-02T15:22:51+00:00
40,Khaleej Al Arabi,ChIJ7Q7KjQNmXj4ROEhXBTwMTWk,24.458870200000003,54.3537762,ChIJaZLIe45pXj4RLBlKFe7qm3Q,NNS Spa - Abudhabi,ADJACENT,3.4978,spa,5.0,Google Places API (New) Nearby Search,2026-09-02T15:22:51+00:00
40,Khaleej Al Arabi,ChIJ7Q7KjQNmXj4ROEhXBTwMTWk,24.458870200000003,54.3537762,ChIJX9yrtmRmXj4R0XuMyz81jnc,Eclipse Spa at Eclipse Boutique Suites | Best Massage Spa in abu dhabi |,ADJACENT,3.5158,spa,5.0,Google Places API (New) Nearby Search,2026-09-02T15:22:51+00:00
40,Khaleej Al Arabi,ChIJ7Q7KjQNmXj4ROEhXBTwMTWk,24.458870200000003,54.3537762,ChIJV-MZgqZnXj4RqyrxMfMdd98,Naturals Salon,DIRECT,3.6313,"hair_salon, nail_salon",5.0,Google Places API (New) Nearby Search,2026-09-02T15:22:51+00:00
40,Khaleej Al Arabi,ChIJ7Q7KjQNmXj4ROEhXBTwMTWk,24.458870200000003,54.3537762,ChIJqf2duTZmXj4R_bteEMRy348,Fame Hair Gents Salon,DIRECT,3.7399,"hair_salon, nail_salon",5.0,Google Places API (New) Nearby Search,2026-09-02T15:22:51+00:00
40,Khaleej Al Arabi,ChIJ7Q7KjQNmXj4ROEhXBTwMTWk,24.458870200000003,54.3537762,ChIJRdPrEWFmXj4Rvlnp1T7Lwjo,Corniche Hotel Abu Dhabi,ADJACENT,4.1116,spa,5.0,Google Places API (New) Nearby Search,2026-09-02T15:22:51+00:00
40,Khaleej Al Arabi,ChIJ7Q7KjQNmXj4ROEhXBTwMTWk,24.458870200000003,54.3537762,ChIJZThe-mBmXj4R0m9t6MKRRVk,Tryp by Wyndham Abu Dhabi,ADJACENT,4.2832,spa,5.0,Google Places API (New) Nearby Search,2026-09-02T15:22:51+00:00
40,Khaleej Al Arabi,ChIJ7Q7KjQNmXj4ROEhXBTwMTWk,24.458870200000003,54.3537762,ChIJtVkyz-ZlXj4ReMihoxjPp7M,"Royal Rose Hotel Abu Dhabi, Curio Collection by Hilton",ADJACENT,4.2887,spa,5.0,Google Places API (New) Nearby Search,2026-09-02T15:22:51+00:00
40,Khaleej Al Arabi,ChIJ7Q7KjQNmXj4ROEhXBTwMTWk,24.458870200000003,54.3537762,ChIJZRZg0ihnXj4R_Pq2INmrLgQ,La Juicy Spa and Beauty Center,DIRECT,4.3443,nail_salon,5.0,Google Places API (New) Nearby Search,2026-09-02T15:22:51+00:00
40,Khaleej Al Arabi,ChIJ7Q7KjQNmXj4ROEhXBTwMTWk,24.458870200000003,54.3537762,ChIJs5Kbi09mXj4RSS_o7BH2b1U,CRISTAL SPA - Ramada Downtown Hotel Abu Dhabi,DIRECT,4.4305,beauty_salon,5.0,Google Places API (New) Nearby Search,2026-09-02T15:22:51+00:00
40,Khaleej Al Arabi,ChIJ7Q7KjQNmXj4ROEhXBTwMTWk,24.458870200000003,54.3537762,ChIJk8hQALtnXj4R0sneJuNBZPc,Konjet Beauty Saloon,DIRECT,4.5705,beauty_salon,5.0,Google Places API (New) Nearby Search,2026-09-02T15:22:51+00:00
40,Khaleej Al Arabi,ChIJ7Q7KjQNmXj4ROEhXBTwMTWk,24.458870200000003,54.3537762,ChIJo_i7NZdnXj4RihR5VX4FrgI,Beats And Cuts Gents Saloon,DIRECT,4.5723,hair_salon,5.0,Google Places API (New) Nearby Search,2026-09-02T15:22:51+00:00
40,Khaleej Al Arabi,ChIJ7Q7KjQNmXj4ROEhXBTwMTWk,24.458870200000003,54.3537762,ChIJV0RnGUlnXj4RlaeKnqs23gw,Jocker gents salon,DIRECT,4.6011,hair_salon,5.0,Google Places API (New) Nearby Search,2026-09-02T15:22:51+00:00
40,Khaleej Al Arabi,ChIJ7Q7KjQNmXj4ROEhXBTwMTWk,24.458870200000003,54.3537762,ChIJVbstSFBmXj4R449I_E3vMkY,Lulu Beauty Centre,DIRECT,4.8037,"beauty_salon, nail_salon, spa",5.0,Google Places API (New) Nearby Search,2026-09-02T15:22:51+00:00
40,Khaleej Al Arabi,ChIJ7Q7KjQNmXj4ROEhXBTwMTWk,24.458870200000003,54.3537762,ChIJkUYZJK5nXj4RiJ9Ku8bXwdM,Its Beauty Ladies Salon – Waterfront Tower A,DIRECT,4.89,"hair_salon, nail_salon",5.0,Google Places API (New) Nearby Search,2026-09-02T15:22:51+00:00
40,Khaleej Al Arabi,ChIJ7Q7KjQNmXj4ROEhXBTwMTWk,24.458870200000003,54.3537762,ChIJ06heVr9pXj4RA1W6DzVfZtE,Aura Mens Wellness Spa in Abu Dhabi,ADJACENT,4.9167,spa,5.0,Google Places API (New) Nearby Search,2026-09-02T15:22:51+00:00
40,Khaleej Al Arabi,ChIJ7Q7KjQNmXj4ROEhXBTwMTWk,24.458870200000003,54.3537762,ChIJ_S01UQVnXj4Rp9gKj2D00ws,"My Look Ladies Beauty Lounge, City Branch, Abudhabi",DIRECT,4.9659,"hair_salon, nail_salon",5.0,Google Places API (New) Nearby Search,2026-09-02T15:22:51+00:00
41,Khalifa City A,ChIJew69Lv1FXj4RjK59U-COz1k,24.4399805,54.5989056,ChIJjwLqLP1FXj4RijrVIwa4Gwo,Silkor Khalifa A Branch Abu Dhabi - مركز سيلكور في خليفة أ‎‎,DIRECT,0.002,"beauty_salon, spa",5.0,Google Places API (New) Nearby Search,2026-09-02T15:22:51+00:00
41,Khalifa City A,ChIJew69Lv1FXj4RjK59U-COz1k,24.4399805,54.5989056,ChIJ32dV6-JFXj4RirMzddSWiYA,BLONDE LUXURY BEAUTY LOUNGE,DIRECT,0.1351,beauty_salon,5.0,Google Places API (New) Nearby Search,2026-09-02T15:22:51+00:00
41,Khalifa City A,ChIJew69Lv1FXj4RjK59U-COz1k,24.4399805,54.5989056,ChIJH26D38ZFXj4RrPiy947PD0w,The Cloud Spa ذا كلاود سبا,DIRECT,0.7324,beauty_salon,5.0,Google Places API (New) Nearby Search,2026-09-02T15:22:51+00:00
41,Khalifa City A,ChIJew69Lv1FXj4RjK59U-COz1k,24.4399805,54.5989056,ChIJx_35IbpFXj4RiBbhXLiaAmA,The Excellent Ladies Salon,DIRECT,0.8446,hair_salon,5.0,Google Places API (New) Nearby Search,2026-09-02T15:22:51+00:00
41,Khalifa City A,ChIJew69Lv1FXj4RjK59U-COz1k,24.4399805,54.5989056,ChIJxQl97JtFXj4RL1rtIkBcCZM,Golden Desert SPA for Men,DIRECT,1.0311,"hair_salon, nail_salon, spa",5.0,Google Places API (New) Nearby Search,2026-09-02T15:22:51+00:00
41,Khalifa City A,ChIJew69Lv1FXj4RjK59U-COz1k,24.4399805,54.5989056,ChIJoV3tjb5FXj4RPTMhunNNho0,AL SAFY OASIS BEAUTY SALON,DIRECT,1.0475,"hair_salon, nail_salon",5.0,Google Places API (New) Nearby Search,2026-09-02T15:22:51+00:00
41,Khalifa City A,ChIJew69Lv1FXj4RjK59U-COz1k,24.4399805,54.5989056,ChIJM3khiz5FXj4RppLYUuY_bkg,Fair and Handsome Gents Salon,DIRECT,1.2926,hair_salon,5.0,Google Places API (New) Nearby Search,2026-09-02T15:22:51+00:00
41,Khalifa City A,ChIJew69Lv1FXj4RjK59U-COz1k,24.4399805,54.5989056,ChIJEz8EupNPXj4RFbdYFRkXgwU,Mantis Gent's Salon Khalifa City,DIRECT,1.3842,spa,5.0,Google Places API (New) Nearby Search,2026-09-02T15:22:51+00:00
41,Khalifa City A,ChIJew69Lv1FXj4RjK59U-COz1k,24.4399805,54.5989056,ChIJ22WvAxZPXj4Rba0b6Csy-Ck,Pochinki for men salon khalifa city,DIRECT,1.4828,hair_salon,5.0,Google Places API (New) Nearby Search,2026-09-02T15:22:51+00:00
41,Khalifa City A,ChIJew69Lv1FXj4RjK59U-COz1k,24.4399805,54.5989056,ChIJTXwSh7hPXj4RnKHO-6Jv2Os,iRIS GENTS SALOON صالون آيريس للرجال,DIRECT,1.832,hair_salon,5.0,Google Places API (New) Nearby Search,2026-09-02T15:22:51+00:00
41,Khalifa City A,ChIJew69Lv1FXj4RjK59U-COz1k,24.4399805,54.5989056,ChIJjVmxV54IyG8Rb6vQGYUtChQ,GLOW Beauty Center Raha,DIRECT,1.8352,beauty_salon,5.0,Google Places API (New) Nearby Search,2026-09-02T15:22:51+00:00
41,Khalifa City A,ChIJew69Lv1FXj4RjK59U-COz1k,24.4399805,54.5989056,ChIJV8rMtqhHXj4R1k1OzNyPle4,Lavender lashes and nails,DIRECT,1.8494,"hair_salon, nail_salon",5.0,Google Places API (New) Nearby Search,2026-09-02T15:22:51+00:00
41,Khalifa City A,ChIJew69Lv1FXj4RjK59U-COz1k,24.4399805,54.5989056,ChIJcRE_l2NmXj4Rs7yNgCkivuE,Glamour Hair Salon abu dhabi,DIRECT,1.8624,"hair_salon, nail_salon",5.0,Google Places API (New) Nearby Search,2026-09-02T15:22:51+00:00
41,Khalifa City A,ChIJew69Lv1FXj4RjK59U-COz1k,24.4399805,54.5989056,ChIJg382UOJFXj4RjkrTqZMbCIw,Hala Spa,ADJACENT,1.8644,spa,5.0,Google Places API (New) Nearby Search,2026-09-02T15:22:51+00:00
41,Khalifa City A,ChIJew69Lv1FXj4RjK59U-COz1k,24.4399805,54.5989056,ChIJazEKiV5PXj4RDy4Y2DWLIxk,REVIVE Wellness Rehabilitation Center,ADJACENT,1.87,spa,5.0,Google Places API (New) Nearby Search,2026-09-02T15:22:51+00:00
41,Khalifa City A,ChIJew69Lv1FXj4RjK59U-COz1k,24.4399805,54.5989056,ChIJmWiuN-VFXj4RQDF2uLpsGEc,Styler Gents Salon & Spa - Al Raha City,DIRECT,1.9383,nail_salon,5.0,Google Places API (New) Nearby Search,2026-09-02T15:22:51+00:00
41,Khalifa City A,ChIJew69Lv1FXj4RjK59U-COz1k,24.4399805,54.5989056,ChIJsXw0-VxFXj4RMBAkO7f1fCU,UMI SPA,ADJACENT,1.9945,spa,5.0,Google Places API (New) Nearby Search,2026-09-02T15:22:51+00:00
41,Khalifa City A,ChIJew69Lv1FXj4RjK59U-COz1k,24.4399805,54.5989056,ChIJ2cRwm0lynCgR06QvoTEAUV0,Blinklash Women beauty Salon - Abu Dhabi,DIRECT,2.0108,nail_salon,5.0,Google Places API (New) Nearby Search,2026-09-02T15:22:51+00:00
41,Khalifa City A,ChIJew69Lv1FXj4RjK59U-COz1k,24.4399805,54.5989056,ChIJDauAueVFXj4R3Xmnuq3eL3M,Reed Beauty Lounge & Studio صالون وستوديو ريد,DIRECT,2.0592,"hair_salon, nail_salon",5.0,Google Places API (New) Nearby Search,2026-09-02T15:22:51+00:00
41,Khalifa City A,ChIJew69Lv1FXj4RjK59U-COz1k,24.4399805,54.5989056,ChIJY6BbY3ZPXj4RrUQtPfRTC6M,Filter Ladies Salon,DIRECT,2.0805,hair_salon,5.0,Google Places API (New) Nearby Search,2026-09-02T15:22:51+00:00
41,Khalifa City A,ChIJew69Lv1FXj4RjK59U-COz1k,24.4399805,54.5989056,ChIJz5Tsn31PXj4RrE5jIkDZ7vw,The H Ladies Beauty Salon,DIRECT,2.1616,beauty_salon,5.0,Google Places API (New) Nearby Search,2026-09-02T15:22:51+00:00
41,Khalifa City A,ChIJew69Lv1FXj4RjK59U-COz1k,24.4399805,54.5989056,ChIJmckIai1FXj4RDJdfcplz-70,Beautyspot Salons,DIRECT,2.1645,nail_salon,5.0,Google Places API (New) Nearby Search,2026-09-02T15:22:51+00:00
41,Khalifa City A,ChIJew69Lv1FXj4RjK59U-COz1k,24.4399805,54.5989056,ChIJ7za_SY1FXj4R1gEhQkwqFQU,Hilton Abu Dhabi Yas Island,ADJACENT,2.1738,spa,5.0,Google Places API (New) Nearby Search,2026-09-02T15:22:51+00:00
41,Khalifa City A,ChIJew69Lv1FXj4RjK59U-COz1k,24.4399805,54.5989056,ChIJg9vaPitJXj4RteR_PONRSLE,Rusty Blade,DIRECT,2.296,hair_salon,5.0,Google Places API (New) Nearby Search,2026-09-02T15:22:51+00:00
41,Khalifa City A,ChIJew69Lv1FXj4RjK59U-COz1k,24.4399805,54.5989056,ChIJu1fiwWpJXj4RVNRMH1pYlyA,Styles & Smiles Ladies Salon Limited,DIRECT,2.3353,"hair_salon, nail_salon",5.0,Google Places API (New) Nearby Search,2026-09-02T15:22:51+00:00
41,Khalifa City A,ChIJew69Lv1FXj4RjK59U-COz1k,24.4399805,54.5989056,ChIJae_1NFRJXj4RCUMrko0sCNc,nails the modern manicure studio - My City Centre Masdar Branch,DIRECT,2.4721,nail_salon,5.0,Google Places API (New) Nearby Search,2026-09-02T15:22:51+00:00
41,Khalifa City A,ChIJew69Lv1FXj4RjK59U-COz1k,24.4399805,54.5989056,ChIJiZM66x5PXj4RIbSt7qEUTzI,The Essence Lounge,DIRECT,2.486,spa,5.0,Google Places API (New) Nearby Search,2026-09-02T15:22:51+00:00
41,Khalifa City A,ChIJew69Lv1FXj4RjK59U-COz1k,24.4399805,54.5989056,ChIJBa4fnRRFXj4RPhetV5A5vHI,Its Beauty Ladies Salon – Sail Tower,DIRECT,2.49,"hair_salon, nail_salon, spa",5.0,Google Places API (New) Nearby Search,2026-09-02T15:22:51+00:00
41,Khalifa City A,ChIJew69Lv1FXj4RjK59U-COz1k,24.4399805,54.5989056,ChIJAbHY8TNJXj4RCFVFm83o6-w,CT Style Salon,DIRECT,2.5271,"hair_salon, nail_salon, spa",5.0,Google Places API (New) Nearby Search,2026-09-02T15:22:51+00:00
41,Khalifa City A,ChIJew69Lv1FXj4RjK59U-COz1k,24.4399805,54.5989056,ChIJA9g7M45FXj4RgCVL-7Yomi8,Yas Plaza Marina,ADJACENT,2.896,spa,5.0,Google Places API (New) Nearby Search,2026-09-02T15:22:51+00:00
41,Khalifa City A,ChIJew69Lv1FXj4RjK59U-COz1k,24.4399805,54.5989056,ChIJP1niJQBHXj4RF3V73XOmjaQ,Reef beauty lounge,DIRECT,3.0942,beauty_salon,5.0,Google Places API (New) Nearby Search,2026-09-02T15:22:51+00:00
41,Khalifa City A,ChIJew69Lv1FXj4RjK59U-COz1k,24.4399805,54.5989056,ChIJObWU69VFXj4RHe9sihg8jm0,Belladona,DIRECT,3.1089,beauty_salon,5.0,Google Places API (New) Nearby Search,2026-09-02T15:22:51+00:00
41,Khalifa City A,ChIJew69Lv1FXj4RjK59U-COz1k,24.4399805,54.5989056,ChIJpe7674JHXj4R4qEwHDutwpo,Ruby Salon - Khalifa City Br 2 Abu Dhabi,DIRECT,3.1768,hair_salon,5.0,Google Places API (New) Nearby Search,2026-09-02T15:22:51+00:00
41,Khalifa City A,ChIJew69Lv1FXj4RjK59U-COz1k,24.4399805,54.5989056,ChIJgTxoI2pHXj4R_AEmXySEpwE,Planet Romeo Gents Saloon صالون بلانيت روميو للرجال - مساج رجالي,DIRECT,3.2601,hair_salon,5.0,Google Places API (New) Nearby Search,2026-09-02T15:22:51+00:00
41,Khalifa City A,ChIJew69Lv1FXj4RjK59U-COz1k,24.4399805,54.5989056,ChIJ93WxzyVGXj4RV-nEwzu_2CI,"Tara Rose Salons - Khalifa City A, Abu Dhabi",DIRECT,3.3341,"beauty_salon, hair_salon, nail_salon",5.0,Google Places API (New) Nearby Search,2026-09-02T15:22:51+00:00
41,Khalifa City A,ChIJew69Lv1FXj4RjK59U-COz1k,24.4399805,54.5989056,ChIJ_YYU-SlHXj4R_s2xoMvN3H8,ARSI Makeup and Henna Abudhabi,DIRECT,3.3454,"hair_salon, nail_salon",5.0,Google Places API (New) Nearby Search,2026-09-02T15:22:51+00:00
41,Khalifa City A,ChIJew69Lv1FXj4RjK59U-COz1k,24.4399805,54.5989056,ChIJK43F8H1GXj4R0ciet1fzgdI,Beauty Plus Medical Center,DIRECT,3.7936,spa,5.0,Google Places API (New) Nearby Search,2026-09-02T15:22:51+00:00
41,Khalifa City A,ChIJew69Lv1FXj4RjK59U-COz1k,24.4399805,54.5989056,ChIJvT-cm31GXj4RqT_f-3bw9R4,Color Me Spa,DIRECT,3.8418,"beauty_salon, nail_salon, spa",5.0,Google Places API (New) Nearby Search,2026-09-02T15:22:51+00:00
41,Khalifa City A,ChIJew69Lv1FXj4RjK59U-COz1k,24.4399805,54.5989056,ChIJ34ze9hZHXj4R0KMoiEIglzM,DE NOIR SALON,DIRECT,3.9306,hair_salon,5.0,Google Places API (New) Nearby Search,2026-09-02T15:22:51+00:00
41,Khalifa City A,ChIJew69Lv1FXj4RjK59U-COz1k,24.4399805,54.5989056,ChIJBSTDRftHXj4RrjwQvtjVgVY,صالون سونا خليفة أ,DIRECT,3.9651,beauty_salon,5.0,Google Places API (New) Nearby Search,2026-09-02T15:22:51+00:00
41,Khalifa City A,ChIJew69Lv1FXj4RjK59U-COz1k,24.4399805,54.5989056,ChIJK756BwBFXj4RNGsyZqGUr0o,Anu brows star ladies beauty salon,DIRECT,3.9732,beauty_salon,5.0,Google Places API (New) Nearby Search,2026-09-02T15:22:51+00:00
41,Khalifa City A,ChIJew69Lv1FXj4RjK59U-COz1k,24.4399805,54.5989056,ChIJ4b_ggYdGXj4RUcMryAm-OLw,Star Afdal Salon for Men,DIRECT,4.0236,hair_salon,5.0,Google Places API (New) Nearby Search,2026-09-02T15:22:51+00:00
41,Khalifa City A,ChIJew69Lv1FXj4RjK59U-COz1k,24.4399805,54.5989056,ChIJS_qRzU5HXj4RdDHREb3iqr0,Gold & Ash Ladies Beauty Center,DIRECT,4.1296,beauty_salon,5.0,Google Places API (New) Nearby Search,2026-09-02T15:22:51+00:00
41,Khalifa City A,ChIJew69Lv1FXj4RjK59U-COz1k,24.4399805,54.5989056,ChIJI1MU0phHXj4R9Cwmi8huUZY,hair and nail beauty salon,DIRECT,4.1346,beauty_salon,5.0,Google Places API (New) Nearby Search,2026-09-02T15:22:51+00:00
41,Khalifa City A,ChIJew69Lv1FXj4RjK59U-COz1k,24.4399805,54.5989056,ChIJMSB4C35HXj4RZaFWsB2HzPA,N.Bar Nail Spa & Salon Khalifa City,DIRECT,4.2101,nail_salon,5.0,Google Places API (New) Nearby Search,2026-09-02T15:22:51+00:00
41,Khalifa City A,ChIJew69Lv1FXj4RjK59U-COz1k,24.4399805,54.5989056,ChIJ4yiczIhHXj4RTQcwYwFsewM,C FOUR GYM,ADJACENT,4.4337,spa,5.0,Google Places API (New) Nearby Search,2026-09-02T15:22:51+00:00
41,Khalifa City A,ChIJew69Lv1FXj4RjK59U-COz1k,24.4399805,54.5989056,ChIJ7YfCKAXNFAARAun7rUoz3ns,Boujie Beauty Salon,DIRECT,4.4589,"beauty_salon, nail_salon, spa",5.0,Google Places API (New) Nearby Search,2026-09-02T15:22:51+00:00
41,Khalifa City A,ChIJew69Lv1FXj4RjK59U-COz1k,24.4399805,54.5989056,ChIJR7yaYMIr0A8RJ1xxI2XJjZQ,Nara Beauty Salon,DIRECT,4.48,beauty_salon,5.0,Google Places API (New) Nearby Search,2026-09-02T15:22:51+00:00
41,Khalifa City A,ChIJew69Lv1FXj4RjK59U-COz1k,24.4399805,54.5989056,ChIJ_blOqMJIXj4RbCRZ2vyofoI,V Elements Spa - Abu Dhabi International Airport,ADJACENT,4.5158,spa,5.0,Google Places API (New) Nearby Search,2026-09-02T15:22:51+00:00
41,Khalifa City A,ChIJew69Lv1FXj4RjK59U-COz1k,24.4399805,54.5989056,ChIJH49iOmlmXj4RrwhtAw9IvXQ,Stop Relax Spa Thai Massage,DIRECT,4.726,"beauty_salon, spa",5.0,Google Places API (New) Nearby Search,2026-09-02T15:22:51+00:00
41,Khalifa City A,ChIJew69Lv1FXj4RjK59U-COz1k,24.4399805,54.5989056,ChIJo4M7ff5HXj4RozyClVf8rfk,Biyo Beauty Spa - Forsan Central Mall,DIRECT,4.7488,nail_salon,5.0,Google Places API (New) Nearby Search,2026-09-02T15:22:51+00:00
41,Khalifa City A,ChIJew69Lv1FXj4RjK59U-COz1k,24.4399805,54.5989056,ChIJu-zyqTFHXj4Rfn0ltDhuQLY,Royal Nails Beauty Lounge - Khalifa City,DIRECT,4.795,beauty_salon,5.0,Google Places API (New) Nearby Search,2026-09-02T15:22:51+00:00
41,Khalifa City A,ChIJew69Lv1FXj4RjK59U-COz1k,24.4399805,54.5989056,ChIJyW6MvltGXj4R9vMxm5RDOI8,CosmeSurge Clinic Khalifa City | Bariatric Surgery | Dermal Fillers | Laser Hair Removal | HydraFacial | Skin Rejuvenation,DIRECT,4.8591,"beauty_salon, spa",5.0,Google Places API (New) Nearby Search,2026-09-02T15:22:51+00:00
41,Khalifa City A,ChIJew69Lv1FXj4RjK59U-COz1k,24.4399805,54.5989056,ChIJOXqcoflHXj4Rw9lYL-ImdG0,Mirna Kassab Beauty Center,DIRECT,4.9466,"beauty_salon, spa",5.0,Google Places API (New) Nearby Search,2026-09-02T15:22:51+00:00
43,Ministries Complex,ChIJRfTVvZVDXj4RZZRKmMGM9cs,24.432147,54.4647516,ChIJpUhxIUVCXj4R-Z4Go8nmIPw,Al Cady Medical Center L.L.C,DIRECT,0.0688,beauty_salon,5.0,Google Places API (New) Nearby Search,2026-09-02T15:22:51+00:00
43,Ministries Complex,ChIJRfTVvZVDXj4RZZRKmMGM9cs,24.432147,54.4647516,ChIJD78jm21DXj4RFJaaFlEWA9U,Elated Beauty Bar,DIRECT,0.069,"beauty_salon, nail_salon",5.0,Google Places API (New) Nearby Search,2026-09-02T15:22:51+00:00
43,Ministries Complex,ChIJRfTVvZVDXj4RZZRKmMGM9cs,24.432147,54.4647516,ChIJJThiRQBDXj4ReHyHBI8ug-c,Bonita Beauty lounge,DIRECT,0.0743,"beauty_salon, nail_salon",5.0,Google Places API (New) Nearby Search,2026-09-02T15:22:51+00:00
43,Ministries Complex,ChIJRfTVvZVDXj4RZZRKmMGM9cs,24.432147,54.4647516,ChIJI8rwUytDXj4RW_kVflzSqXQ,Skin Institute Dermatology Centre Abu Dhabi,DIRECT,0.2136,"beauty_salon, spa",5.0,Google Places API (New) Nearby Search,2026-09-02T15:22:51+00:00
43,Ministries Complex,ChIJRfTVvZVDXj4RZZRKmMGM9cs,24.432147,54.4647516,ChIJqa7UHI9pXj4RtSOUqeeoLtA,Styler Gents Salon & Spa - Khalifa Park,DIRECT,0.3094,nail_salon,5.0,Google Places API (New) Nearby Search,2026-09-02T15:22:51+00:00
43,Ministries Complex,ChIJRfTVvZVDXj4RZZRKmMGM9cs,24.432147,54.4647516,ChIJc4CzqmBCXj4RQT4BHbkDdaU,Bellacure Nails,DIRECT,0.9584,hair_salon,5.0,Google Places API (New) Nearby Search,2026-09-02T15:22:51+00:00
43,Ministries Complex,ChIJRfTVvZVDXj4RZZRKmMGM9cs,24.432147,54.4647516,ChIJoxRqn4RCXj4RxVvskPy8rKw,Beautyspot Salon Al Seef Village,DIRECT,1.1533,hair_salon,5.0,Google Places API (New) Nearby Search,2026-09-02T15:22:51+00:00
43,Ministries Complex,ChIJRfTVvZVDXj4RZZRKmMGM9cs,24.432147,54.4647516,ChIJO32TCqhDXj4RAwPNdWLQQPo,Scissor touch men spa,DIRECT,1.3396,hair_salon,5.0,Google Places API (New) Nearby Search,2026-09-02T15:22:51+00:00
43,Ministries Complex,ChIJRfTVvZVDXj4RZZRKmMGM9cs,24.432147,54.4647516,ChIJgYXJnGVDXj4Rpsp_KC9cIIY,MERAG SPA,ADJACENT,1.4033,spa,5.0,Google Places API (New) Nearby Search,2026-09-02T15:22:51+00:00
43,Ministries Complex,ChIJRfTVvZVDXj4RZZRKmMGM9cs,24.432147,54.4647516,ChIJt8i1c6JDXj4RZT68OZOeZA8,Calla Beauty Salon,DIRECT,1.4322,beauty_salon,5.0,Google Places API (New) Nearby Search,2026-09-02T15:22:51+00:00
43,Ministries Complex,ChIJRfTVvZVDXj4RZZRKmMGM9cs,24.432147,54.4647516,ChIJtViQHFRDXj4RlavCqK3Q1xI,Diivana Massage,ADJACENT,1.436,spa,5.0,Google Places API (New) Nearby Search,2026-09-02T15:22:51+00:00
43,Ministries Complex,ChIJRfTVvZVDXj4RZZRKmMGM9cs,24.432147,54.4647516,ChIJ98d6OJ1oXj4RGQ8-o1qspv4,Polish Nails Care and More Salon | Best Ladies Salon - Nail Spa,DIRECT,1.5496,"beauty_salon, hair_salon, nail_salon, spa",5.0,Google Places API (New) Nearby Search,2026-09-02T15:22:51+00:00
43,Ministries Complex,ChIJRfTVvZVDXj4RZZRKmMGM9cs,24.432147,54.4647516,ChIJRyJFFMJDXj4Rd1E_0adIPqw,PICASSO TOUCH SALON FOR GENTS,DIRECT,1.5754,"hair_salon, nail_salon",5.0,Google Places API (New) Nearby Search,2026-09-02T15:22:51+00:00
43,Ministries Complex,ChIJRfTVvZVDXj4RZZRKmMGM9cs,24.432147,54.4647516,ChIJD1_g9DpCXj4RWJAagGvwxYA,PAUSE SALON & SPA,DIRECT,1.9339,beauty_salon,5.0,Google Places API (New) Nearby Search,2026-09-02T15:22:51+00:00
43,Ministries Complex,ChIJRfTVvZVDXj4RZZRKmMGM9cs,24.432147,54.4647516,ChIJ1RNCXzRDXj4RkbuAKXOwcGA,Indigo Ladies Salon,DIRECT,2.164,beauty_salon,5.0,Google Places API (New) Nearby Search,2026-09-02T15:22:51+00:00
43,Ministries Complex,ChIJRfTVvZVDXj4RZZRKmMGM9cs,24.432147,54.4647516,ChIJ3SEIKAtDXj4R-KbBxJRio3I,Mikas Beauty Salon,DIRECT,2.1797,beauty_salon,5.0,Google Places API (New) Nearby Search,2026-09-02T15:22:51+00:00
43,Ministries Complex,ChIJRfTVvZVDXj4RZZRKmMGM9cs,24.432147,54.4647516,ChIJH1XqynhDXj4R0Ai1Oyl5AxQ,Ruby Salon - Sultan Bin Zayed Street Br 2 Abu Dhabi,DIRECT,2.706,hair_salon,5.0,Google Places API (New) Nearby Search,2026-09-02T15:22:51+00:00
43,Ministries Complex,ChIJRfTVvZVDXj4RZZRKmMGM9cs,24.432147,54.4647516,ChIJn6Y25n5CXj4RNiqHwAV0tvE,Meera Beauty Centre,DIRECT,2.7078,nail_salon,5.0,Google Places API (New) Nearby Search,2026-09-02T15:22:51+00:00
43,Ministries Complex,ChIJRfTVvZVDXj4RZZRKmMGM9cs,24.432147,54.4647516,ChIJq4aa-0hDXj4Rc7vb0m5vM2U,RIVANO GENTS SALON صالون ريفانو للرجال,DIRECT,2.7434,hair_salon,5.0,Google Places API (New) Nearby Search,2026-09-02T15:22:51+00:00
43,Ministries Complex,ChIJRfTVvZVDXj4RZZRKmMGM9cs,24.432147,54.4647516,ChIJ8RWvXHRDXj4RFTW6CnjQhaY,Spirit Body & Soul Spa,ADJACENT,2.7473,spa,5.0,Google Places API (New) Nearby Search,2026-09-02T15:22:51+00:00
43,Ministries Complex,ChIJRfTVvZVDXj4RZZRKmMGM9cs,24.432147,54.4647516,ChIJL6IVBwBDXj4RKSjCPwqCyAc,Water spa,ADJACENT,2.7663,spa,5.0,Google Places API (New) Nearby Search,2026-09-02T15:22:51+00:00
43,Ministries Complex,ChIJRfTVvZVDXj4RZZRKmMGM9cs,24.432147,54.4647516,ChIJi6-GBvNDXj4RMSaNKiot2eI,Queen Angela Spa,ADJACENT,2.7744,spa,5.0,Google Places API (New) Nearby Search,2026-09-02T15:22:51+00:00
43,Ministries Complex,ChIJRfTVvZVDXj4RZZRKmMGM9cs,24.432147,54.4647516,ChIJn9Sl_W1DXj4R3LmY5k0gs-s,Omsiyat Beauty Center,DIRECT,2.8359,hair_salon,5.0,Google Places API (New) Nearby Search,2026-09-02T15:22:51+00:00
43,Ministries Complex,ChIJRfTVvZVDXj4RZZRKmMGM9cs,24.432147,54.4647516,ChIJY_lQtH9CXj4RPazw_3Mog-w,Altaf Salon,DIRECT,2.8466,hair_salon,5.0,Google Places API (New) Nearby Search,2026-09-02T15:22:51+00:00
43,Ministries Complex,ChIJRfTVvZVDXj4RZZRKmMGM9cs,24.432147,54.4647516,ChIJF9epKQhDXj4Rb0GR3M9bi6E,صالون القصور للعناية بالرجال ALQASOR GENTS SALON,DIRECT,3.0478,"hair_salon, nail_salon",5.0,Google Places API (New) Nearby Search,2026-09-02T15:22:51+00:00
43,Ministries Complex,ChIJRfTVvZVDXj4RZZRKmMGM9cs,24.432147,54.4647516,ChIJ0-wRXGlDXj4Re96Hp4-zBiA,Uptown Barbershop,DIRECT,3.0792,"beauty_salon, spa",5.0,Google Places API (New) Nearby Search,2026-09-02T15:22:51+00:00
43,Ministries Complex,ChIJRfTVvZVDXj4RZZRKmMGM9cs,24.432147,54.4647516,ChIJLbmsUNVpXj4Rimbd3z_7Zkc,Ruby Salon - Sultan Bin Zayed Street Br 1 Abu Dhabi,DIRECT,3.0936,hair_salon,5.0,Google Places API (New) Nearby Search,2026-09-02T15:22:51+00:00
43,Ministries Complex,ChIJRfTVvZVDXj4RZZRKmMGM9cs,24.432147,54.4647516,ChIJycSvtZxCXj4R-RJF502OC-k,The Nail Spa - Eastern Mangroves Promenade,DIRECT,3.1022,nail_salon,5.0,Google Places API (New) Nearby Search,2026-09-02T15:22:51+00:00
43,Ministries Complex,ChIJRfTVvZVDXj4RZZRKmMGM9cs,24.432147,54.4647516,ChIJGdKHMZ1pXj4RR3J4Sd6tnJg,صالون و سبا القصور للعناية بالرجال ALQASOR Salon&spa,DIRECT,3.1688,"hair_salon, nail_salon",5.0,Google Places API (New) Nearby Search,2026-09-02T15:22:51+00:00
43,Ministries Complex,ChIJRfTVvZVDXj4RZZRKmMGM9cs,24.432147,54.4647516,ChIJ7yIxJNpDXj4R2GCbL6B0_nw,BlowDry Hair Salon,DIRECT,3.3044,nail_salon,5.0,Google Places API (New) Nearby Search,2026-09-02T15:22:51+00:00
43,Ministries Complex,ChIJRfTVvZVDXj4RZZRKmMGM9cs,24.432147,54.4647516,ChIJt78xX05DXj4RpXeSo0eeM9c,De Bene Esse European Spa & Massage,ADJACENT,3.3552,spa,5.0,Google Places API (New) Nearby Search,2026-09-02T15:22:51+00:00
43,Ministries Complex,ChIJRfTVvZVDXj4RZZRKmMGM9cs,24.432147,54.4647516,ChIJY59gK9VpXj4ROCwYdCtZdb0,Bride of Sham Ladies Salon (صالون عروس الشام) - Highly recommended ladies salon at Muroor Road in Abu Dhabi,DIRECT,3.3679,"hair_salon, nail_salon",5.0,Google Places API (New) Nearby Search,2026-09-02T15:22:51+00:00
43,Ministries Complex,ChIJRfTVvZVDXj4RZZRKmMGM9cs,24.432147,54.4647516,ChIJgXqyiylDXj4RWZhwIPiJjjg,Cherish SPA,ADJACENT,3.4189,spa,5.0,Google Places API (New) Nearby Search,2026-09-02T15:22:51+00:00
43,Ministries Complex,ChIJRfTVvZVDXj4RZZRKmMGM9cs,24.432147,54.4647516,ChIJdQao70pDXj4R3JAMh3w23Is,Kanaan Gents Salon & Spa – Bain Al Jesrain صالون وسبا كنعان للرجال – بين الجسرين,DIRECT,3.5516,hair_salon,5.0,Google Places API (New) Nearby Search,2026-09-02T15:22:51+00:00
43,Ministries Complex,ChIJRfTVvZVDXj4RZZRKmMGM9cs,24.432147,54.4647516,ChIJ1Rym03lDXj4Ry8HrwL3DgZQ,The Fix Beauty Lounge,DIRECT,3.5623,"beauty_salon, nail_salon",5.0,Google Places API (New) Nearby Search,2026-09-02T15:22:51+00:00
43,Ministries Complex,ChIJRfTVvZVDXj4RZZRKmMGM9cs,24.432147,54.4647516,ChIJgdngenNDXj4RvFg-pLU16Dk,A One Gents Saloon,DIRECT,3.584,hair_salon,5.0,Google Places API (New) Nearby Search,2026-09-02T15:22:51+00:00
43,Ministries Complex,ChIJRfTVvZVDXj4RZZRKmMGM9cs,24.432147,54.4647516,ChIJkZwVksppXj4RCWIHUAxgjhM,"Soul Senses Spa & Wellness - Novotel Hotel - Al Bustan, Abu Dhabi مساج",ADJACENT,3.6213,spa,5.0,Google Places API (New) Nearby Search,2026-09-02T15:22:51+00:00
43,Ministries Complex,ChIJRfTVvZVDXj4RZZRKmMGM9cs,24.432147,54.4647516,ChIJ6WvjJUxpXj4RBrEpujZgm_0,Magio Hair Experience - Al Mushrif,DIRECT,3.6667,"beauty_salon, hair_salon, nail_salon, spa",5.0,Google Places API (New) Nearby Search,2026-09-02T15:22:51+00:00
43,Ministries Complex,ChIJRfTVvZVDXj4RZZRKmMGM9cs,24.432147,54.4647516,ChIJ4RPvP8hpXj4RZyJsF1mf7zA,Four Seasons Ladies Salon,DIRECT,3.6987,"hair_salon, nail_salon",5.0,Google Places API (New) Nearby Search,2026-09-02T15:22:51+00:00
43,Ministries Complex,ChIJRfTVvZVDXj4RZZRKmMGM9cs,24.432147,54.4647516,ChIJ3_iyPrQ5Xj4RH9UwIvrtDss,blusher salon and spa,DIRECT,3.7054,"beauty_salon, spa",5.0,Google Places API (New) Nearby Search,2026-09-02T15:22:51+00:00
43,Ministries Complex,ChIJRfTVvZVDXj4RZZRKmMGM9cs,24.432147,54.4647516,ChIJTR4Oeh9BXj4Re7dvWUQckQQ,Aroma Ocean Spa Best Massage in Abudhabi & Home Service,ADJACENT,3.7149,spa,5.0,Google Places API (New) Nearby Search,2026-09-02T15:22:51+00:00
43,Ministries Complex,ChIJRfTVvZVDXj4RZZRKmMGM9cs,24.432147,54.4647516,ChIJNaSYXthDXj4RprtgcxKvnds,nails the modern manicure studio - Souk - Qaryat Al Beri branch,DIRECT,3.7255,nail_salon,5.0,Google Places API (New) Nearby Search,2026-09-02T15:22:51+00:00
43,Ministries Complex,ChIJRfTVvZVDXj4RZZRKmMGM9cs,24.432147,54.4647516,ChIJVRSDeNhDXj4RVnxlw3kuMdg,"Chi, The Spa at Shangri-La",ADJACENT,3.7982,spa,5.0,Google Places API (New) Nearby Search,2026-09-02T15:22:51+00:00
43,Ministries Complex,ChIJRfTVvZVDXj4RZZRKmMGM9cs,24.432147,54.4647516,ChIJ2bVES9BDXj4R1GQbwTs4s7U,Hair Factory ladies beauty salon Abudhabi,DIRECT,3.8149,hair_salon,5.0,Google Places API (New) Nearby Search,2026-09-02T15:22:51+00:00
43,Ministries Complex,ChIJRfTVvZVDXj4RZZRKmMGM9cs,24.432147,54.4647516,ChIJR5sguG1DXj4R1QsghcelhSA,Tara spa,ADJACENT,3.9968,spa,5.0,Google Places API (New) Nearby Search,2026-09-02T15:22:51+00:00
43,Ministries Complex,ChIJRfTVvZVDXj4RZZRKmMGM9cs,24.432147,54.4647516,ChIJ7aBvpbBBXj4Rrz5YkTw3PKA,Ushi Nail Spa Al Qana Abu Dhabi,DIRECT,4.5168,"beauty_salon, nail_salon, spa",5.0,Google Places API (New) Nearby Search,2026-09-02T15:22:51+00:00
43,Ministries Complex,ChIJRfTVvZVDXj4RZZRKmMGM9cs,24.432147,54.4647516,ChIJ6TGi-F5BXj4RcXAbEUohchw,Your Dental and Medical Centre Rabdan - يور دينتال اند ميديكال سنتر ربدان,DIRECT,4.6272,beauty_salon,5.0,Google Places API (New) Nearby Search,2026-09-02T15:22:51+00:00
43,Ministries Complex,ChIJRfTVvZVDXj4RZZRKmMGM9cs,24.432147,54.4647516,ChIJPzfUDV5BXj4Ra9PYEshTOdw,"Capelli Center Mens (Gym, Salon, Spa)",DIRECT,4.6339,nail_salon,5.0,Google Places API (New) Nearby Search,2026-09-02T15:22:51+00:00
43,Ministries Complex,ChIJRfTVvZVDXj4RZZRKmMGM9cs,24.432147,54.4647516,ChIJ6facfm1BXj4RmWc9WG_3JAU,Saloon mohammad alhariri for man صالون محمد الحريري للرجال,DIRECT,4.7073,hair_salon,5.0,Google Places API (New) Nearby Search,2026-09-02T15:22:51+00:00
43,Ministries Complex,ChIJRfTVvZVDXj4RZZRKmMGM9cs,24.432147,54.4647516,ChIJuQ_SasdBXj4RCdrmVbW1Q74,THE BRIDGE | Wellness Hub,ADJACENT,4.8777,spa,5.0,Google Places API (New) Nearby Search,2026-09-02T15:22:51+00:00
43,Ministries Complex,ChIJRfTVvZVDXj4RZZRKmMGM9cs,24.432147,54.4647516,ChIJOYCqtehBXj4RHfXdhlhgtxw,Man Lab Gentlemen's Spa Al Qana Abu Dhabi,DIRECT,4.9155,nail_salon,5.0,Google Places API (New) Nearby Search,2026-09-02T15:22:51+00:00
43,Ministries Complex,ChIJRfTVvZVDXj4RZZRKmMGM9cs,24.432147,54.4647516,ChIJ60POGgBBXj4RZm8XLPPzC3U,ELIXIRA LADIES BEAUTY LOUNGE,DIRECT,4.9231,nail_salon,5.0,Google Places API (New) Nearby Search,2026-09-02T15:22:51+00:00
43,Ministries Complex,ChIJRfTVvZVDXj4RZZRKmMGM9cs,24.432147,54.4647516,ChIJ8Uq1R1lBXj4Rb-6WJo3wDE4,Flair Ladies Beauty Center,DIRECT,4.9367,beauty_salon,5.0,Google Places API (New) Nearby Search,2026-09-02T15:22:51+00:00
43,Ministries Complex,ChIJRfTVvZVDXj4RZZRKmMGM9cs,24.432147,54.4647516,ChIJcb1OvglBXj4Rpj4qKbJJoW0,Le Beautique Spa Center,DIRECT,4.9466,"beauty_salon, spa",5.0,Google Places API (New) Nearby Search,2026-09-02T15:22:51+00:00
43,Ministries Complex,ChIJRfTVvZVDXj4RZZRKmMGM9cs,24.432147,54.4647516,ChIJFRhBdlJBXj4RwYy2RLGionw,Nona Colonna Ladies Salon,DIRECT,4.9752,hair_salon,5.0,Google Places API (New) Nearby Search,2026-09-02T15:22:51+00:00
29,Mirdif 35,ChIJJym1WZlgXz4RDU-v4mRhckE,25.2322986,55.4329599,ChIJCTLJnDBhXz4Rum1ExuqyLGo,Cosmo Health By AACSH| Mirdif,DIRECT,0.0841,spa,5.0,Google Places API (New) Nearby Search,2026-09-02T15:22:51+00:00
29,Mirdif 35,ChIJJym1WZlgXz4RDU-v4mRhckE,25.2322986,55.4329599,ChIJEXK3w8dhXz4RghAxv2yBUQY,Beyond Skin Clinic,DIRECT,0.098,"beauty_salon, spa",5.0,Google Places API (New) Nearby Search,2026-09-02T15:22:51+00:00
29,Mirdif 35,ChIJJym1WZlgXz4RDU-v4mRhckE,25.2322986,55.4329599,ChIJ4dmgO-9hXz4Rs5WytTfD5r4,Nail Studio Mirdif,DIRECT,0.1014,"beauty_salon, nail_salon",5.0,Google Places API (New) Nearby Search,2026-09-02T15:22:51+00:00
29,Mirdif 35,ChIJJym1WZlgXz4RDU-v4mRhckE,25.2322986,55.4329599,ChIJ13X3hjxhXz4RmyOc4SN8FVc,"Perfect Skin Center , Dr beauty clinic",DIRECT,0.1033,"beauty_salon, spa",5.0,Google Places API (New) Nearby Search,2026-09-02T15:22:51+00:00
29,Mirdif 35,ChIJJym1WZlgXz4RDU-v4mRhckE,25.2322986,55.4329599,ChIJnzNF10VhXz4RE_PlzgPKwiU,KLEÏ Spa and Hammam,ADJACENT,0.1211,spa,5.0,Google Places API (New) Nearby Search,2026-09-02T15:22:51+00:00
29,Mirdif 35,ChIJJym1WZlgXz4RDU-v4mRhckE,25.2322986,55.4329599,ChIJ41npboJhXz4R7raxWgY_5FU,"Jazz Lounge Spa for Men - Mirdif Avenue Mall, Dubai",DIRECT,0.1496,"beauty_salon, hair_salon, nail_salon, spa",5.0,Google Places API (New) Nearby Search,2026-09-02T15:22:51+00:00
29,Mirdif 35,ChIJJym1WZlgXz4RDU-v4mRhckE,25.2322986,55.4329599,ChIJ7YXZt2phXz4RHOnH8T33fCU,SMIDA-Arabian center BRANCH,DIRECT,0.3581,nail_salon,5.0,Google Places API (New) Nearby Search,2026-09-02T15:22:51+00:00
29,Mirdif 35,ChIJJym1WZlgXz4RDU-v4mRhckE,25.2322986,55.4329599,ChIJSxpk35xgXz4RKlZUNi-G1Wo,GymNation Mirdif | Best Gym in Mirdif,ADJACENT,0.5454,spa,5.0,Google Places API (New) Nearby Search,2026-09-02T15:22:51+00:00
29,Mirdif 35,ChIJJym1WZlgXz4RDU-v4mRhckE,25.2322986,55.4329599,ChIJSW1zuyBhXz4RqFo3pM3UzRw,ORLA Beauty Salon,DIRECT,0.8681,beauty_salon,5.0,Google Places API (New) Nearby Search,2026-09-02T15:22:51+00:00
29,Mirdif 35,ChIJJym1WZlgXz4RDU-v4mRhckE,25.2322986,55.4329599,ChIJoxAi2QxhXz4RW8iaxk-7jo0,TOT Ladies Beauty Salon,DIRECT,1.085,nail_salon,5.0,Google Places API (New) Nearby Search,2026-09-02T15:22:51+00:00
29,Mirdif 35,ChIJJym1WZlgXz4RDU-v4mRhckE,25.2322986,55.4329599,ChIJJSDCWABhXz4RmeVNwpRaFrE,Chi Foot Spa - UPTOWN MIRDIF,ADJACENT,1.1463,spa,5.0,Google Places API (New) Nearby Search,2026-09-02T15:22:51+00:00
29,Mirdif 35,ChIJJym1WZlgXz4RDU-v4mRhckE,25.2322986,55.4329599,ChIJ15PLWpJgXz4R5U6x1jNpKmA,Casa Bonita Beauty Salon & Spa صالون و سبا كازا بونيتا,DIRECT,1.2151,"hair_salon, nail_salon, spa",5.0,Google Places API (New) Nearby Search,2026-09-02T15:22:51+00:00
29,Mirdif 35,ChIJJym1WZlgXz4RDU-v4mRhckE,25.2322986,55.4329599,ChIJ0bA1eb1gXz4R7D1KslapuS0,Silkor‎ Mirdif Branch,DIRECT,1.2222,spa,5.0,Google Places API (New) Nearby Search,2026-09-02T15:22:51+00:00
29,Mirdif 35,ChIJJym1WZlgXz4RDU-v4mRhckE,25.2322986,55.4329599,ChIJnfm8H3RCXz4RBunM8EDKjtU,مركز سلطان العلماء الطبي - اتحاد مول | 𝗦𝘂𝗹𝘁𝗮𝗻 𝗔𝗹𝗢𝗹𝗮𝗺𝗮 𝗠𝗲𝗱𝗶𝗰𝗮𝗹 𝗖𝗲𝗻𝘁𝗲𝗿 Etihad Mall,DIRECT,1.2258,beauty_salon,5.0,Google Places API (New) Nearby Search,2026-09-02T15:22:51+00:00
29,Mirdif 35,ChIJJym1WZlgXz4RDU-v4mRhckE,25.2322986,55.4329599,ChIJUXfUeL1gXz4RWm0_X4BNgek,Mary Foot Spa Mirdif,ADJACENT,1.2602,spa,5.0,Google Places API (New) Nearby Search,2026-09-02T15:22:51+00:00
29,Mirdif 35,ChIJJym1WZlgXz4RDU-v4mRhckE,25.2322986,55.4329599,ChIJMRLGEU1hXz4RPj3LAt32oCo,Cabello Lounge,DIRECT,1.2902,hair_salon,5.0,Google Places API (New) Nearby Search,2026-09-02T15:22:51+00:00
29,Mirdif 35,ChIJJym1WZlgXz4RDU-v4mRhckE,25.2322986,55.4329599,ChIJq8ya9SdhXz4RQsK6_4hgzls,R N J Ladies Salon,DIRECT,1.3048,beauty_salon,5.0,Google Places API (New) Nearby Search,2026-09-02T15:22:51+00:00
29,Mirdif 35,ChIJJym1WZlgXz4RDU-v4mRhckE,25.2322986,55.4329599,ChIJ7TeG6gdfXz4R23XbCDrp5lM,Derma One Sparkle Medical Center - مركز ديرما وان سباركل الطبي,DIRECT,1.3345,beauty_salon,5.0,Google Places API (New) Nearby Search,2026-09-02T15:22:51+00:00
29,Mirdif 35,ChIJJym1WZlgXz4RDU-v4mRhckE,25.2322986,55.4329599,ChIJ-0U6Z-dhXz4RXRJa0Mc3Hhc,82 House of Beauty,DIRECT,1.3478,"beauty_salon, hair_salon, nail_salon, spa",5.0,Google Places API (New) Nearby Search,2026-09-02T15:22:51+00:00
29,Mirdif 35,ChIJJym1WZlgXz4RDU-v4mRhckE,25.2322986,55.4329599,ChIJi2wRVcVhXz4RLsX505oXqt0,Opal Glow Plus Medical Center مركز اوبال جلو بلس الطبي,DIRECT,1.3565,"beauty_salon, spa",5.0,Google Places API (New) Nearby Search,2026-09-02T15:22:51+00:00
29,Mirdif 35,ChIJJym1WZlgXz4RDU-v4mRhckE,25.2322986,55.4329599,ChIJc9MkYNpcXz4RfW-2MS7oLcM,Hatem Hair Center,DIRECT,1.3937,hair_salon,5.0,Google Places API (New) Nearby Search,2026-09-02T15:22:51+00:00
29,Mirdif 35,ChIJJym1WZlgXz4RDU-v4mRhckE,25.2322986,55.4329599,ChIJ0Z8NHe1hXz4RFMG8HBqBflk,Labella Spa ＆ Mirdif,ADJACENT,1.405,spa,5.0,Google Places API (New) Nearby Search,2026-09-02T15:22:51+00:00
29,Mirdif 35,ChIJJym1WZlgXz4RDU-v4mRhckE,25.2322986,55.4329599,ChIJQ3rnkVBhXz4RtgefhpUOauM,Glow365 beauty Mirdif hills avenue,DIRECT,1.4449,beauty_salon,5.0,Google Places API (New) Nearby Search,2026-09-02T15:22:51+00:00
29,Mirdif 35,ChIJJym1WZlgXz4RDU-v4mRhckE,25.2322986,55.4329599,ChIJLUj9BKRDXz4R70ZHMj4xsww,HI STYLE GENTS SALON L.L.C,DIRECT,1.4955,hair_salon,5.0,Google Places API (New) Nearby Search,2026-09-02T15:22:51+00:00
29,Mirdif 35,ChIJJym1WZlgXz4RDU-v4mRhckE,25.2322986,55.4329599,ChIJ21D7NpJgXz4RJKj65bT3oq4,Hair Fusion Salon - Mirdif,DIRECT,1.7758,"hair_salon, nail_salon",5.0,Google Places API (New) Nearby Search,2026-09-02T15:22:51+00:00
29,Mirdif 35,ChIJJym1WZlgXz4RDU-v4mRhckE,25.2322986,55.4329599,ChIJBTzrgYZDXz4R4k3BNQwPjhs,Lash and Brow station,DIRECT,1.9784,beauty_salon,5.0,Google Places API (New) Nearby Search,2026-09-02T15:22:51+00:00
29,Mirdif 35,ChIJJym1WZlgXz4RDU-v4mRhckE,25.2322986,55.4329599,ChIJRQHEp-tgXz4RjPFNhFYZlVc,"The Loft Fifth Avenue Beauty Lounge- Shorooq, Mirdif",DIRECT,2.0662,"hair_salon, nail_salon",5.0,Google Places API (New) Nearby Search,2026-09-02T15:22:51+00:00
29,Mirdif 35,ChIJJym1WZlgXz4RDU-v4mRhckE,25.2322986,55.4329599,ChIJtcmijnhhXz4R6Mvnk0xrhr4,Furless Permanent Mirdif,DIRECT,2.1533,beauty_salon,5.0,Google Places API (New) Nearby Search,2026-09-02T15:22:51+00:00
29,Mirdif 35,ChIJJym1WZlgXz4RDU-v4mRhckE,25.2322986,55.4329599,ChIJi3Oh9EhhXz4RrFHQy8FnM9w,Al Rafika Ladies Salon,DIRECT,2.1572,hair_salon,5.0,Google Places API (New) Nearby Search,2026-09-02T15:22:51+00:00
29,Mirdif 35,ChIJJym1WZlgXz4RDU-v4mRhckE,25.2322986,55.4329599,ChIJ404hP7lgXz4RifhN2gdbUyQ,New Cut Gents Salon,DIRECT,2.1641,hair_salon,5.0,Google Places API (New) Nearby Search,2026-09-02T15:22:51+00:00
29,Mirdif 35,ChIJJym1WZlgXz4RDU-v4mRhckE,25.2322986,55.4329599,ChIJgy_72bZhXz4R2Ai3UayDt7c,Tru Beauty Lounge - Park Centre Mirdif,DIRECT,2.1654,beauty_salon,5.0,Google Places API (New) Nearby Search,2026-09-02T15:22:51+00:00
29,Mirdif 35,ChIJJym1WZlgXz4RDU-v4mRhckE,25.2322986,55.4329599,ChIJC5z7Y_lhXz4Rqnxl7XwG-cc,COYA Spa,ADJACENT,2.1763,spa,5.0,Google Places API (New) Nearby Search,2026-09-02T15:22:51+00:00
29,Mirdif 35,ChIJJym1WZlgXz4RDU-v4mRhckE,25.2322986,55.4329599,ChIJq2ghPblgXz4RScCkKmue97Y,Sultan Al Olama Medical | سلطان العلماء الطبي - مردف,DIRECT,2.2339,beauty_salon,5.0,Google Places API (New) Nearby Search,2026-09-02T15:22:51+00:00
29,Mirdif 35,ChIJJym1WZlgXz4RDU-v4mRhckE,25.2322986,55.4329599,ChIJ1WFkRoJfXz4RhRGLtbve9hM,Grand Flora Beauty Salon & Spa,DIRECT,2.3556,beauty_salon,5.0,Google Places API (New) Nearby Search,2026-09-02T15:22:51+00:00
29,Mirdif 35,ChIJJym1WZlgXz4RDU-v4mRhckE,25.2322986,55.4329599,ChIJLcxwCJJfXz4RjsE6hzWO5pg,Urban Look Gents Salon,DIRECT,2.3895,spa,5.0,Google Places API (New) Nearby Search,2026-09-02T15:22:51+00:00
29,Mirdif 35,ChIJJym1WZlgXz4RDU-v4mRhckE,25.2322986,55.4329599,ChIJ84617LNgXz4RcItJBI3oJJU,"Kaya Skin Clinic – Sport Society, Mirdif, Dubai",DIRECT,2.72,spa,5.0,Google Places API (New) Nearby Search,2026-09-02T15:22:51+00:00
29,Mirdif 35,ChIJJym1WZlgXz4RDU-v4mRhckE,25.2322986,55.4329599,ChIJEc1fmAVhXz4R7ZoJpS7G1kI,X Hair Lounge Gents Barber,DIRECT,2.9398,hair_salon,5.0,Google Places API (New) Nearby Search,2026-09-02T15:22:51+00:00
29,Mirdif 35,ChIJJym1WZlgXz4RDU-v4mRhckE,25.2322986,55.4329599,ChIJBVlvld5hXz4R8RRdNUHPRws,Cavali Star Gents Salon,DIRECT,2.9482,hair_salon,5.0,Google Places API (New) Nearby Search,2026-09-02T15:22:51+00:00
29,Mirdif 35,ChIJJym1WZlgXz4RDU-v4mRhckE,25.2322986,55.4329599,ChIJScplBrRgXz4RLPW3nEWNtuQ,Sisters Beauty Lounge Hair Salon - City Centre Mirdif,DIRECT,2.971,"hair_salon, nail_salon, spa",5.0,Google Places API (New) Nearby Search,2026-09-02T15:22:51+00:00
29,Mirdif 35,ChIJJym1WZlgXz4RDU-v4mRhckE,25.2322986,55.4329599,ChIJsa5u-xZhXz4Roszqs9L7jps,N.Bar Nail Spa & Salon City Centre Mirdif,DIRECT,3.0862,nail_salon,5.0,Google Places API (New) Nearby Search,2026-09-02T15:22:51+00:00
29,Mirdif 35,ChIJJym1WZlgXz4RDU-v4mRhckE,25.2322986,55.4329599,ChIJJeVLTB9hXz4RH-4bfiFsE3U,Nails,DIRECT,3.1574,nail_salon,5.0,Google Places API (New) Nearby Search,2026-09-02T15:22:51+00:00
29,Mirdif 35,ChIJJym1WZlgXz4RDU-v4mRhckE,25.2322986,55.4329599,ChIJScplBrRgXz4RB0mU3HAemF8,1847 Grooming for Men City Centre Mirdif,DIRECT,3.2987,"nail_salon, spa",5.0,Google Places API (New) Nearby Search,2026-09-02T15:22:51+00:00
29,Mirdif 35,ChIJJym1WZlgXz4RDU-v4mRhckE,25.2322986,55.4329599,ChIJJygT_P1gXz4RggrF7atrAkg,Grand Flora Beauty Salon & Spa - Al Warqa,DIRECT,3.6904,beauty_salon,5.0,Google Places API (New) Nearby Search,2026-09-02T15:22:51+00:00
29,Mirdif 35,ChIJJym1WZlgXz4RDU-v4mRhckE,25.2322986,55.4329599,ChIJaQ9wZeNhXz4RR0dWJH5iQnE,Karmela Beauty Lounge,DIRECT,3.8807,"hair_salon, nail_salon",5.0,Google Places API (New) Nearby Search,2026-09-02T15:22:51+00:00
29,Mirdif 35,ChIJJym1WZlgXz4RDU-v4mRhckE,25.2322986,55.4329599,ChIJ0UDwxztcXz4R_WI_BKhMQMo,Hala Alsham Ladies Salone,DIRECT,3.8828,"beauty_salon, hair_salon, nail_salon, spa",5.0,Google Places API (New) Nearby Search,2026-09-02T15:22:51+00:00
29,Mirdif 35,ChIJJym1WZlgXz4RDU-v4mRhckE,25.2322986,55.4329599,ChIJ7zNRkgFhXz4R-0gn-lWqmpg,Sakura Beauty Spa,DIRECT,3.8903,"beauty_salon, hair_salon, nail_salon, spa",5.0,Google Places API (New) Nearby Search,2026-09-02T15:22:51+00:00
29,Mirdif 35,ChIJJym1WZlgXz4RDU-v4mRhckE,25.2322986,55.4329599,ChIJ2Ykyi7tfXz4R2cFimca7ndo,NOOR AL MUHAISNAH GENT'S SALOON,DIRECT,4.0201,hair_salon,5.0,Google Places API (New) Nearby Search,2026-09-02T15:22:51+00:00
29,Mirdif 35,ChIJJym1WZlgXz4RDU-v4mRhckE,25.2322986,55.4329599,ChIJa1olWx9hXz4Rez4OqrBJ3ZE,MIA BELLA BEAUTY LOUNGE,DIRECT,4.114,beauty_salon,5.0,Google Places API (New) Nearby Search,2026-09-02T15:22:51+00:00
29,Mirdif 35,ChIJJym1WZlgXz4RDU-v4mRhckE,25.2322986,55.4329599,ChIJlQiBr1FfXz4RQq23b-iYqm8,Kingsman Gents Salon,DIRECT,4.1948,hair_salon,5.0,Google Places API (New) Nearby Search,2026-09-02T15:22:51+00:00
29,Mirdif 35,ChIJJym1WZlgXz4RDU-v4mRhckE,25.2322986,55.4329599,ChIJt4wF7bVhXz4Rri3uGFXZxPE,Naturals Salon,DIRECT,4.2599,nail_salon,5.0,Google Places API (New) Nearby Search,2026-09-02T15:22:51+00:00
29,Mirdif 35,ChIJJym1WZlgXz4RDU-v4mRhckE,25.2322986,55.4329599,ChIJdfIcjBRfXz4RE9PY4K_JLQg,kamal hossain gents salon(1),DIRECT,4.2697,hair_salon,5.0,Google Places API (New) Nearby Search,2026-09-02T15:22:51+00:00
29,Mirdif 35,ChIJJym1WZlgXz4RDU-v4mRhckE,25.2322986,55.4329599,ChIJw8M7dwBfXz4RaVa_fnwYnEM,Haji gul,DIRECT,4.2721,nail_salon,5.0,Google Places API (New) Nearby Search,2026-09-02T15:22:51+00:00
29,Mirdif 35,ChIJJym1WZlgXz4RDU-v4mRhckE,25.2322986,55.4329599,ChIJH9tANktfXz4R8gA5d4tzc9U,Noor Alardh Gents Salon,DIRECT,4.7445,hair_salon,5.0,Google Places API (New) Nearby Search,2026-09-02T15:22:51+00:00
29,Mirdif 35,ChIJJym1WZlgXz4RDU-v4mRhckE,25.2322986,55.4329599,ChIJv3Tju_NdXz4R8AwrSB2Op5o,Traneem Ladies Salon,DIRECT,4.8574,nail_salon,5.0,Google Places API (New) Nearby Search,2026-09-02T15:22:51+00:00
44,Mohammed Bin Zayed City,ChIJ1acVeH1HXj4RSli59C2hk2k,24.3667831,54.5403404,ChIJXy21KDxHXj4RIdV7o7AKBeU,La Riche Spa Lounge,DIRECT,0.1079,"beauty_salon, hair_salon, nail_salon, spa",5.0,Google Places API (New) Nearby Search,2026-09-02T15:22:51+00:00
44,Mohammed Bin Zayed City,ChIJ1acVeH1HXj4RSli59C2hk2k,24.3667831,54.5403404,ChIJJY0cP_ZHXj4Rezb6C_enoRc,Alfal Beauty Center - Abu Dhabi,DIRECT,0.6586,beauty_salon,5.0,Google Places API (New) Nearby Search,2026-09-02T15:22:51+00:00
44,Mohammed Bin Zayed City,ChIJ1acVeH1HXj4RSli59C2hk2k,24.3667831,54.5403404,ChIJDfakpIJHXj4R3WYRCyOrI74,Fouziana Henna And Beauty Lounge,DIRECT,0.6875,beauty_salon,5.0,Google Places API (New) Nearby Search,2026-09-02T15:22:51+00:00
44,Mohammed Bin Zayed City,ChIJ1acVeH1HXj4RSli59C2hk2k,24.3667831,54.5403404,ChIJC5OFi0BHXj4RAuJqyhWbkJY,Tips And Toes,DIRECT,0.8303,beauty_salon,5.0,Google Places API (New) Nearby Search,2026-09-02T15:22:51+00:00
44,Mohammed Bin Zayed City,ChIJ1acVeH1HXj4RSli59C2hk2k,24.3667831,54.5403404,ChIJmZTGYwZHXj4RUVITzCRY67A,White Angel Centre,DIRECT,2.4033,hair_salon,5.0,Google Places API (New) Nearby Search,2026-09-02T15:22:51+00:00
44,Mohammed Bin Zayed City,ChIJ1acVeH1HXj4RSli59C2hk2k,24.3667831,54.5403404,ChIJsTwVxltHXj4RHOGAlmxefg0,Gulf Diamond Salon Abu Dhabi,DIRECT,2.4973,hair_salon,5.0,Google Places API (New) Nearby Search,2026-09-02T15:22:51+00:00
44,Mohammed Bin Zayed City,ChIJ1acVeH1HXj4RSli59C2hk2k,24.3667831,54.5403404,ChIJUQ7hes9HXj4RyvJQNc5ZEzs,L And Y Salon And SPA For Man,ADJACENT,2.5534,spa,5.0,Google Places API (New) Nearby Search,2026-09-02T15:22:51+00:00
44,Mohammed Bin Zayed City,ChIJ1acVeH1HXj4RSli59C2hk2k,24.3667831,54.5403404,ChIJuyXYFXhHXj4Rp8DCLtEcqgo,Solly Man Salon & SPA For Man,ADJACENT,2.5845,spa,5.0,Google Places API (New) Nearby Search,2026-09-02T15:22:51+00:00
44,Mohammed Bin Zayed City,ChIJ1acVeH1HXj4RSli59C2hk2k,24.3667831,54.5403404,ChIJ30QrfVlHXj4RNznnw6DrRt8,Spring Days Ladies Beauty Saloon,DIRECT,2.6126,beauty_salon,5.0,Google Places API (New) Nearby Search,2026-09-02T15:22:51+00:00
44,Mohammed Bin Zayed City,ChIJ1acVeH1HXj4RSli59C2hk2k,24.3667831,54.5403404,ChIJJfCNVi5HXj4RdUH_bZHjY8I,Dream Garden SPA- Massage Center in Abu Dhabi,ADJACENT,2.6407,spa,5.0,Google Places API (New) Nearby Search,2026-09-02T15:22:51+00:00
44,Mohammed Bin Zayed City,ChIJ1acVeH1HXj4RSli59C2hk2k,24.3667831,54.5403404,ChIJtzeSuFlHXj4RxZPkE4BYjeI,Cello Ladies Beauty Centre,DIRECT,2.8789,nail_salon,5.0,Google Places API (New) Nearby Search,2026-09-02T15:22:51+00:00
44,Mohammed Bin Zayed City,ChIJ1acVeH1HXj4RSli59C2hk2k,24.3667831,54.5403404,ChIJs6qa41hHXj4RdPsfdKSWgho,Afro Salon/Romkass Saloon and SPA,DIRECT,2.9015,hair_salon,5.0,Google Places API (New) Nearby Search,2026-09-02T15:22:51+00:00
44,Mohammed Bin Zayed City,ChIJ1acVeH1HXj4RSli59C2hk2k,24.3667831,54.5403404,ChIJ4-Cv-VhHXj4Rw6LPm_k67ZE,Kerala Hairways Gents Salon,DIRECT,2.9505,hair_salon,5.0,Google Places API (New) Nearby Search,2026-09-02T15:22:51+00:00
44,Mohammed Bin Zayed City,ChIJ1acVeH1HXj4RSli59C2hk2k,24.3667831,54.5403404,ChIJn0DuYyQ5Xj4Rjzb6tDE-V_c,Naturals Salon,DIRECT,3.2494,"hair_salon, nail_salon",5.0,Google Places API (New) Nearby Search,2026-09-02T15:22:51+00:00
44,Mohammed Bin Zayed City,ChIJ1acVeH1HXj4RSli59C2hk2k,24.3667831,54.5403404,ChIJyS7OpFlAXj4RcGTdHxmWan4,Arabian Pools,ADJACENT,3.3646,spa,5.0,Google Places API (New) Nearby Search,2026-09-02T15:22:51+00:00
44,Mohammed Bin Zayed City,ChIJ1acVeH1HXj4RSli59C2hk2k,24.3667831,54.5403404,ChIJoeJOBqg4Xj4R-vvKodELqX8,Boston Ladies Salon,DIRECT,3.3887,nail_salon,5.0,Google Places API (New) Nearby Search,2026-09-02T15:22:51+00:00
44,Mohammed Bin Zayed City,ChIJ1acVeH1HXj4RSli59C2hk2k,24.3667831,54.5403404,ChIJjUAl_p05Xj4RrzZQVGSfVV0,Le Florina Ladies Beauty Salon Musaffah | صالون فلورينا للتجميل للسيدات | Ladies Beauty Salon MBZ City,DIRECT,3.4449,"beauty_salon, nail_salon, spa",5.0,Google Places API (New) Nearby Search,2026-09-02T15:22:51+00:00
44,Mohammed Bin Zayed City,ChIJ1acVeH1HXj4RSli59C2hk2k,24.3667831,54.5403404,ChIJnS98uac4Xj4R3BbG-ufXM_E,Vanitha Ladies Saloon - Mussafah Branch,DIRECT,3.4484,beauty_salon,5.0,Google Places API (New) Nearby Search,2026-09-02T15:22:51+00:00
44,Mohammed Bin Zayed City,ChIJ1acVeH1HXj4RSli59C2hk2k,24.3667831,54.5403404,ChIJ6U43YAU5Xj4RP26k2MzGUlQ,Massage & Spa Relaxing Mussafah Shabiya,ADJACENT,3.4527,spa,5.0,Google Places API (New) Nearby Search,2026-09-02T15:22:51+00:00
44,Mohammed Bin Zayed City,ChIJ1acVeH1HXj4RSli59C2hk2k,24.3667831,54.5403404,ChIJyfDaEoc5Xj4Rw40zaDXkk6M,صالون الليل الهادي للسيدات | Calm Night Ladies Saloon,DIRECT,3.4692,nail_salon,5.0,Google Places API (New) Nearby Search,2026-09-02T15:22:51+00:00
44,Mohammed Bin Zayed City,ChIJ1acVeH1HXj4RSli59C2hk2k,24.3667831,54.5403404,ChIJdwN6yac4Xj4Rjoks1vUX42w,Snow White Beauty Salon,DIRECT,3.4962,nail_salon,5.0,Google Places API (New) Nearby Search,2026-09-02T15:22:51+00:00
44,Mohammed Bin Zayed City,ChIJ1acVeH1HXj4RSli59C2hk2k,24.3667831,54.5403404,ChIJy_ltqMY5Xj4R6AauX68d-hQ,Style and smile gents salon,DIRECT,3.6233,hair_salon,5.0,Google Places API (New) Nearby Search,2026-09-02T15:22:51+00:00
44,Mohammed Bin Zayed City,ChIJ1acVeH1HXj4RSli59C2hk2k,24.3667831,54.5403404,ChIJQ2ZHhag4Xj4R7pQL28Qeifw,Karameesh Gents & Kids Salon,DIRECT,3.6811,hair_salon,5.0,Google Places API (New) Nearby Search,2026-09-02T15:22:51+00:00
44,Mohammed Bin Zayed City,ChIJ1acVeH1HXj4RSli59C2hk2k,24.3667831,54.5403404,ChIJH7KoYyc5Xj4R9VmAGDHvHi4,D.S HAIR CUTTING SALOON,DIRECT,3.6968,nail_salon,5.0,Google Places API (New) Nearby Search,2026-09-02T15:22:51+00:00
44,Mohammed Bin Zayed City,ChIJ1acVeH1HXj4RSli59C2hk2k,24.3667831,54.5403404,ChIJ14bmDIxHXj4R2qToluEzJ7I,American Cosmetic And Dental Arts Medical Center,DIRECT,3.701,beauty_salon,5.0,Google Places API (New) Nearby Search,2026-09-02T15:22:51+00:00
44,Mohammed Bin Zayed City,ChIJ1acVeH1HXj4RSli59C2hk2k,24.3667831,54.5403404,ChIJze1cNQVHXj4Rkp70tAIz8zg,Rimal Spa,ADJACENT,3.7207,spa,5.0,Google Places API (New) Nearby Search,2026-09-02T15:22:51+00:00
44,Mohammed Bin Zayed City,ChIJ1acVeH1HXj4RSli59C2hk2k,24.3667831,54.5403404,ChIJgwQaObtoXj4RnWr9rQqAL9g,صالون تقاسيم للتجميل,DIRECT,3.7556,beauty_salon,5.0,Google Places API (New) Nearby Search,2026-09-02T15:22:51+00:00
44,Mohammed Bin Zayed City,ChIJ1acVeH1HXj4RSli59C2hk2k,24.3667831,54.5403404,ChIJqXKP6445Xj4RWF1Wq2-Mo2w,Style Look Gents Saloon,DIRECT,3.8003,hair_salon,5.0,Google Places API (New) Nearby Search,2026-09-02T15:22:51+00:00
44,Mohammed Bin Zayed City,ChIJ1acVeH1HXj4RSli59C2hk2k,24.3667831,54.5403404,ChIJ69xfDaRHXj4R9w_joO8apaw,Sign Ladies Salon - صالون ساين للسيدات,DIRECT,3.8206,beauty_salon,5.0,Google Places API (New) Nearby Search,2026-09-02T15:22:51+00:00
44,Mohammed Bin Zayed City,ChIJ1acVeH1HXj4RSli59C2hk2k,24.3667831,54.5403404,ChIJ370tt8s5Xj4RbzcVsDTjo3s,ankita ladies beauty salon,DIRECT,3.8243,beauty_salon,5.0,Google Places API (New) Nearby Search,2026-09-02T15:22:51+00:00
44,Mohammed Bin Zayed City,ChIJ1acVeH1HXj4RSli59C2hk2k,24.3667831,54.5403404,ChIJuUeP8ao4Xj4RxMi6isbzXA4,nails the modern manicure studio - Dalma Mall branch,DIRECT,3.9169,nail_salon,5.0,Google Places API (New) Nearby Search,2026-09-02T15:22:51+00:00
44,Mohammed Bin Zayed City,ChIJ1acVeH1HXj4RSli59C2hk2k,24.3667831,54.5403404,ChIJsw6LWwA5Xj4RW_AF0uHPbZo,مصفح شعبيه 12,DIRECT,3.9863,beauty_salon,5.0,Google Places API (New) Nearby Search,2026-09-02T15:22:51+00:00
44,Mohammed Bin Zayed City,ChIJ1acVeH1HXj4RSli59C2hk2k,24.3667831,54.5403404,ChIJg26InplHXj4RXG9GjMhTi2M,Lashes Vibes,DIRECT,4.0804,nail_salon,5.0,Google Places API (New) Nearby Search,2026-09-02T15:22:51+00:00
44,Mohammed Bin Zayed City,ChIJ1acVeH1HXj4RSli59C2hk2k,24.3667831,54.5403404,ChIJIdFUmC5HXj4RvjRmkdpWUKs,Stylato Gent’s Salon,DIRECT,4.0882,nail_salon,5.0,Google Places API (New) Nearby Search,2026-09-02T15:22:51+00:00
44,Mohammed Bin Zayed City,ChIJ1acVeH1HXj4RSli59C2hk2k,24.3667831,54.5403404,ChIJ8ex8GXI5Xj4Rc5m8NvenPh0,Zamalek star ladies salon,DIRECT,4.1156,beauty_salon,5.0,Google Places API (New) Nearby Search,2026-09-02T15:22:51+00:00
44,Mohammed Bin Zayed City,ChIJ1acVeH1HXj4RSli59C2hk2k,24.3667831,54.5403404,ChIJywlzodE5Xj4RF1q0f3U82vs,"My Look Ladies Beauty Lounge, Mussafah",DIRECT,4.161,"beauty_salon, hair_salon, nail_salon, spa",5.0,Google Places API (New) Nearby Search,2026-09-02T15:22:51+00:00
44,Mohammed Bin Zayed City,ChIJ1acVeH1HXj4RSli59C2hk2k,24.3667831,54.5403404,ChIJcRySVgBHXj4RSQSySH06yvg,Kanaan Gents Saloon & Spa Khalifa A - صالون وسبا كنعان للرجال مدينة خليفة أ,DIRECT,4.1783,spa,5.0,Google Places API (New) Nearby Search,2026-09-02T15:22:51+00:00
44,Mohammed Bin Zayed City,ChIJ1acVeH1HXj4RSli59C2hk2k,24.3667831,54.5403404,ChIJlVCCajQmE6QRPxItws2xgAc,Haven Salon & Spa for ladies - Abu Dhabi صالون هيفن للسيدات,DIRECT,4.1959,"beauty_salon, hair_salon, nail_salon, spa",5.0,Google Places API (New) Nearby Search,2026-09-02T15:22:51+00:00
44,Mohammed Bin Zayed City,ChIJ1acVeH1HXj4RSli59C2hk2k,24.3667831,54.5403404,ChIJOdy0rpM5Xj4RyYrr8KmUcQU,صالون المزيونه للحناء والتجميل,DIRECT,4.196,"hair_salon, nail_salon",5.0,Google Places API (New) Nearby Search,2026-09-02T15:22:51+00:00
44,Mohammed Bin Zayed City,ChIJ1acVeH1HXj4RSli59C2hk2k,24.3667831,54.5403404,ChIJx7zVStA5Xj4RUjNVssIsebo,Massage Heaven VIP Shabiya,ADJACENT,4.233,spa,5.0,Google Places API (New) Nearby Search,2026-09-02T15:22:51+00:00
44,Mohammed Bin Zayed City,ChIJ1acVeH1HXj4RSli59C2hk2k,24.3667831,54.5403404,ChIJq9HgFrc5Xj4R7MdW2IsUSyI,صالون تلال الشرق,DIRECT,4.269,hair_salon,5.0,Google Places API (New) Nearby Search,2026-09-02T15:22:51+00:00
44,Mohammed Bin Zayed City,ChIJ1acVeH1HXj4RSli59C2hk2k,24.3667831,54.5403404,ChIJG4PiHHpHXj4Rgotz8EAEtKw,Physiomins Beauty,DIRECT,4.3054,"hair_salon, nail_salon",5.0,Google Places API (New) Nearby Search,2026-09-02T15:22:51+00:00
44,Mohammed Bin Zayed City,ChIJ1acVeH1HXj4RSli59C2hk2k,24.3667831,54.5403404,ChIJ69tHqqw5Xj4RTcCF7E2t0bI,RED AND WHITE GENTS SALOON,DIRECT,4.3258,hair_salon,5.0,Google Places API (New) Nearby Search,2026-09-02T15:22:51+00:00
44,Mohammed Bin Zayed City,ChIJ1acVeH1HXj4RSli59C2hk2k,24.3667831,54.5403404,ChIJK6q2uP45Xj4RbfzR3WNVwCY,Nova Beauty Gents Salon,DIRECT,4.3767,hair_salon,5.0,Google Places API (New) Nearby Search,2026-09-02T15:22:51+00:00
44,Mohammed Bin Zayed City,ChIJ1acVeH1HXj4RSli59C2hk2k,24.3667831,54.5403404,ChIJBeek2ukFXz4RycPQXJkO3Mw,Happy Valley Khalifa City,ADJACENT,4.383,spa,5.0,Google Places API (New) Nearby Search,2026-09-02T15:22:51+00:00
44,Mohammed Bin Zayed City,ChIJ1acVeH1HXj4RSli59C2hk2k,24.3667831,54.5403404,ChIJ7VfPaRQ5Xj4RA--bXunS0OQ,Just shanab gents salon صالون للرجال جست شنب,DIRECT,4.3966,nail_salon,5.0,Google Places API (New) Nearby Search,2026-09-02T15:22:51+00:00
44,Mohammed Bin Zayed City,ChIJ1acVeH1HXj4RSli59C2hk2k,24.3667831,54.5403404,ChIJ6_WfJ3dmXj4RZQmzEt54c2U,Rival beauty lounge,DIRECT,4.4161,beauty_salon,5.0,Google Places API (New) Nearby Search,2026-09-02T15:22:51+00:00
44,Mohammed Bin Zayed City,ChIJ1acVeH1HXj4RSli59C2hk2k,24.3667831,54.5403404,ChIJg1n6tro4Xj4RDZdnfw89_Ek,Happy Day Gents Salon,DIRECT,4.4346,hair_salon,5.0,Google Places API (New) Nearby Search,2026-09-02T15:22:51+00:00
44,Mohammed Bin Zayed City,ChIJ1acVeH1HXj4RSli59C2hk2k,24.3667831,54.5403404,ChIJl7oJBYNFXj4Rpt8ufPOV9ik,صالون بيتس بونز للحيوانات الأليفة Petsponz Mobile Pet Grooming,DIRECT,4.4849,hair_salon,5.0,Google Places API (New) Nearby Search,2026-09-02T15:22:51+00:00
44,Mohammed Bin Zayed City,ChIJ1acVeH1HXj4RSli59C2hk2k,24.3667831,54.5403404,ChIJA3hjb-NHXj4ROuB2SgejwCc,Luxury Harrods Beauty and Spa,DIRECT,4.4931,"beauty_salon, nail_salon, spa",5.0,Google Places API (New) Nearby Search,2026-09-02T15:22:51+00:00
44,Mohammed Bin Zayed City,ChIJ1acVeH1HXj4RSli59C2hk2k,24.3667831,54.5403404,ChIJTSS60x05Xj4RwqbETuIf1qU,Bloom and Blossom Ladies Beauty Saloon Mussafah,DIRECT,4.5281,nail_salon,5.0,Google Places API (New) Nearby Search,2026-09-02T15:22:51+00:00
44,Mohammed Bin Zayed City,ChIJ1acVeH1HXj4RSli59C2hk2k,24.3667831,54.5403404,ChIJbe5H5t85Xj4RUDLz8Y-DT9k,Break Home Massage Spa Men’s Care,DIRECT,4.5357,spa,5.0,Google Places API (New) Nearby Search,2026-09-02T15:22:51+00:00
44,Mohammed Bin Zayed City,ChIJ1acVeH1HXj4RSli59C2hk2k,24.3667831,54.5403404,ChIJz2DereQ5Xj4RWzFjbdzHz5U,Ctrl A Women Personal Care and Beauty | مركز كنترول ايه لتجميل السيدات,DIRECT,4.544,nail_salon,5.0,Google Places API (New) Nearby Search,2026-09-02T15:22:51+00:00
44,Mohammed Bin Zayed City,ChIJ1acVeH1HXj4RSli59C2hk2k,24.3667831,54.5403404,ChIJ80qR6S1HXj4Rnorlpsjhb-8,Doral Spa - Luxurious Massage Center in Al Forsan,ADJACENT,4.5785,spa,5.0,Google Places API (New) Nearby Search,2026-09-02T15:22:51+00:00
44,Mohammed Bin Zayed City,ChIJ1acVeH1HXj4RSli59C2hk2k,24.3667831,54.5403404,ChIJQ9K7uAM5Xj4RL8Xhlf04CL4,Massage & spa vip musaffah,ADJACENT,4.6092,spa,5.0,Google Places API (New) Nearby Search,2026-09-02T15:22:51+00:00
44,Mohammed Bin Zayed City,ChIJ1acVeH1HXj4RSli59C2hk2k,24.3667831,54.5403404,ChIJ5dmFEQA5Xj4RUUhWfRGaTWA,Ms,DIRECT,4.6152,hair_salon,5.0,Google Places API (New) Nearby Search,2026-09-02T15:22:51+00:00
44,Mohammed Bin Zayed City,ChIJ1acVeH1HXj4RSli59C2hk2k,24.3667831,54.5403404,ChIJIfX8sJNGXj4ROCxQnh8M2-E,Point Zero Floatation Center,ADJACENT,4.6468,spa,5.0,Google Places API (New) Nearby Search,2026-09-02T15:22:51+00:00
44,Mohammed Bin Zayed City,ChIJ1acVeH1HXj4RSli59C2hk2k,24.3667831,54.5403404,ChIJq_2Ft5NGXj4RBu1gRSV_VPU,Plush Beauty Spa,DIRECT,4.738,"beauty_salon, spa",5.0,Google Places API (New) Nearby Search,2026-09-02T15:22:51+00:00
44,Mohammed Bin Zayed City,ChIJ1acVeH1HXj4RSli59C2hk2k,24.3667831,54.5403404,ChIJ1T33f8hHXj4RFbdgTiq-A3U,Palm Beach Gents Salon,DIRECT,4.7464,nail_salon,5.0,Google Places API (New) Nearby Search,2026-09-02T15:22:51+00:00
44,Mohammed Bin Zayed City,ChIJ1acVeH1HXj4RSli59C2hk2k,24.3667831,54.5403404,ChIJ2T14RgBHXj4RPToXjtytLp4,Private villa gents salon,DIRECT,4.7893,hair_salon,5.0,Google Places API (New) Nearby Search,2026-09-02T15:22:51+00:00
44,Mohammed Bin Zayed City,ChIJ1acVeH1HXj4RSli59C2hk2k,24.3667831,54.5403404,ChIJwUReR6VBXj4RgOT-FASkJd4,Never Fold Gent Saloon L L C,DIRECT,4.9148,beauty_salon,5.0,Google Places API (New) Nearby Search,2026-09-02T15:22:51+00:00
44,Mohammed Bin Zayed City,ChIJ1acVeH1HXj4RSli59C2hk2k,24.3667831,54.5403404,ChIJ-WtpUkI5Xj4RqlQNsMhAF1k,Massage for men in Abudhabi,ADJACENT,4.9494,spa,5.0,Google Places API (New) Nearby Search,2026-09-02T15:22:51+00:00
31,Nad Al Sheba,ChIJR6DuRulnXz4RsewBFpNYmzQ,25.1595625,55.3696875,ChIJ2xuub2NnXz4RW-ld2i0rn5Y,Kids Hair Station Salon,DIRECT,1.4057,hair_salon,5.0,Google Places API (New) Nearby Search,2026-09-02T15:22:51+00:00
31,Nad Al Sheba,ChIJR6DuRulnXz4RsewBFpNYmzQ,25.1595625,55.3696875,ChIJV8xH9xZnXz4Rzp-5IMdmyCY,Beauty Room Salon & Spa,DIRECT,2.6449,"beauty_salon, hair_salon, nail_salon, spa",5.0,Google Places API (New) Nearby Search,2026-09-02T15:22:51+00:00
31,Nad Al Sheba,ChIJR6DuRulnXz4RsewBFpNYmzQ,25.1595625,55.3696875,ChIJIb3B1-FmXz4RsJU71JnLPSo,Fine Cuts Men's Barbershop,DIRECT,2.6617,hair_salon,5.0,Google Places API (New) Nearby Search,2026-09-02T15:22:51+00:00
31,Nad Al Sheba,ChIJR6DuRulnXz4RsewBFpNYmzQ,25.1595625,55.3696875,ChIJ4wDUsJ1nXz4RQeSuACtOaSE,aweer massage center,ADJACENT,2.7186,spa,5.0,Google Places API (New) Nearby Search,2026-09-02T15:22:51+00:00
31,Nad Al Sheba,ChIJR6DuRulnXz4RsewBFpNYmzQ,25.1595625,55.3696875,ChIJeYynDbFnXz4RgNMo99XCM2k,神韵足道SPA洗浴桑拿中心,ADJACENT,2.746,spa,5.0,Google Places API (New) Nearby Search,2026-09-02T15:22:51+00:00
31,Nad Al Sheba,ChIJR6DuRulnXz4RsewBFpNYmzQ,25.1595625,55.3696875,ChIJffGMsUFnXz4RIx4O02dFhGI,spa,ADJACENT,2.7928,spa,5.0,Google Places API (New) Nearby Search,2026-09-02T15:22:51+00:00
31,Nad Al Sheba,ChIJR6DuRulnXz4RsewBFpNYmzQ,25.1595625,55.3696875,ChIJQ0rUvPZnXz4RKQZx1N6r8ro,MIA BELLA BEAUTY LOUNGE,DIRECT,2.7972,beauty_salon,5.0,Google Places API (New) Nearby Search,2026-09-02T15:22:51+00:00
31,Nad Al Sheba,ChIJR6DuRulnXz4RsewBFpNYmzQ,25.1595625,55.3696875,ChIJrwz-6ktnXz4RThRfJCdAdsM,The Beauty Society,DIRECT,2.8314,beauty_salon,5.0,Google Places API (New) Nearby Search,2026-09-02T15:22:51+00:00
31,Nad Al Sheba,ChIJR6DuRulnXz4RsewBFpNYmzQ,25.1595625,55.3696875,ChIJ-cOVENZhXz4RHu_PvQSKXgc,Rosalina Beauty Saloon. LLC,DIRECT,2.8322,"beauty_salon, hair_salon, nail_salon",5.0,Google Places API (New) Nearby Search,2026-09-02T15:22:51+00:00
31,Nad Al Sheba,ChIJR6DuRulnXz4RsewBFpNYmzQ,25.1595625,55.3696875,ChIJuWItKrRmXz4Rv5r4d0Bt0l0,Ranis Beauty Saloon,DIRECT,2.8368,beauty_salon,5.0,Google Places API (New) Nearby Search,2026-09-02T15:22:51+00:00
31,Nad Al Sheba,ChIJR6DuRulnXz4RsewBFpNYmzQ,25.1595625,55.3696875,ChIJxTKT9PZnXz4RTeQKr9lpxH8,Beloved Beauty Salon - Best Ladies Beauty and hair Salon in Dubai,DIRECT,2.8942,nail_salon,5.0,Google Places API (New) Nearby Search,2026-09-02T15:22:51+00:00
31,Nad Al Sheba,ChIJR6DuRulnXz4RsewBFpNYmzQ,25.1595625,55.3696875,ChIJV_9x3hVnXz4RmggBaLjn128,V9 Thai Wellness & Spa,ADJACENT,2.9279,spa,5.0,Google Places API (New) Nearby Search,2026-09-02T15:22:51+00:00
31,Nad Al Sheba,ChIJR6DuRulnXz4RsewBFpNYmzQ,25.1595625,55.3696875,ChIJaaiQQZNnXz4RV1G1xNMMGiQ,泰享来(泰式古法按摩•影院足道•洗浴搓澡)thai space massage - 迪拜酋长国,ADJACENT,3.154,spa,5.0,Google Places API (New) Nearby Search,2026-09-02T15:22:51+00:00
31,Nad Al Sheba,ChIJR6DuRulnXz4RsewBFpNYmzQ,25.1595625,55.3696875,ChIJB9DMvXVhXz4RkKdiEEL1Hkk,东方神韵SPA会所,ADJACENT,3.2039,spa,5.0,Google Places API (New) Nearby Search,2026-09-02T15:22:51+00:00
31,Nad Al Sheba,ChIJR6DuRulnXz4RsewBFpNYmzQ,25.1595625,55.3696875,ChIJk27KicFhXz4RQpyMtihuVLo,Nihals Hair and Beauty Salon in International City Dubai,DIRECT,3.4398,"hair_salon, nail_salon",5.0,Google Places API (New) Nearby Search,2026-09-02T15:22:51+00:00
31,Nad Al Sheba,ChIJR6DuRulnXz4RsewBFpNYmzQ,25.1595625,55.3696875,ChIJ-bwr_cBhXz4R_A7f-_yL6CE,Top Notch Ladies Salon,DIRECT,3.5157,"hair_salon, nail_salon",5.0,Google Places API (New) Nearby Search,2026-09-02T15:22:51+00:00
31,Nad Al Sheba,ChIJR6DuRulnXz4RsewBFpNYmzQ,25.1595625,55.3696875,ChIJ96MBJCJnXz4R3fmAVRU8dkc,Beautify Me Ladies Salon & Spa,DIRECT,3.523,"hair_salon, nail_salon",5.0,Google Places API (New) Nearby Search,2026-09-02T15:22:51+00:00
31,Nad Al Sheba,ChIJR6DuRulnXz4RsewBFpNYmzQ,25.1595625,55.3696875,ChIJ8Uc3ZS5hXz4RVamF1VJU_yA,Namys Beauty Lounge Dubai Best Salon for Ladies,DIRECT,3.5424,"beauty_salon, hair_salon, nail_salon, spa",5.0,Google Places API (New) Nearby Search,2026-09-02T15:22:51+00:00
31,Nad Al Sheba,ChIJR6DuRulnXz4RsewBFpNYmzQ,25.1595625,55.3696875,ChIJhw_xEt0qL4gR6Bishu08MI8,Namys Beauty Lounge Dubai Best Salon For Ladies,DIRECT,3.5456,nail_salon,5.0,Google Places API (New) Nearby Search,2026-09-02T15:22:51+00:00
31,Nad Al Sheba,ChIJR6DuRulnXz4RsewBFpNYmzQ,25.1595625,55.3696875,ChIJsdjx0dpnXz4RJoEdDkDYZwI,Mary Foot Spa Nad Al Hamar Avenues,ADJACENT,3.5786,spa,5.0,Google Places API (New) Nearby Search,2026-09-02T15:22:51+00:00
31,Nad Al Sheba,ChIJR6DuRulnXz4RsewBFpNYmzQ,25.1595625,55.3696875,ChIJXcte2qpmXz4R2Cl9eRp_ywU,HEADZUP GENTS SALON (Al Warsan 4) 4 صالون هيدز اب للرجال الورسان,DIRECT,3.5788,nail_salon,5.0,Google Places API (New) Nearby Search,2026-09-02T15:22:51+00:00
31,Nad Al Sheba,ChIJR6DuRulnXz4RsewBFpNYmzQ,25.1595625,55.3696875,ChIJh5GWp2phXz4RYMsbeBFFZxk,Pinky Pink Beauty Salon,DIRECT,3.5801,nail_salon,5.0,Google Places API (New) Nearby Search,2026-09-02T15:22:51+00:00
31,Nad Al Sheba,ChIJR6DuRulnXz4RsewBFpNYmzQ,25.1595625,55.3696875,ChIJt0PRI9VnXz4R6cLfcZ2CQqA,مركز حلا الشام للتجميل - ند الحمر - Hala Al Sham Beauty Center - Nad Al Hamar branch,DIRECT,3.5831,"beauty_salon, nail_salon, spa",5.0,Google Places API (New) Nearby Search,2026-09-02T15:22:51+00:00
31,Nad Al Sheba,ChIJR6DuRulnXz4RsewBFpNYmzQ,25.1595625,55.3696875,ChIJLbYRUTVhXz4RNhPFDAH3VdQ,She's Ladies Beauty Salon,DIRECT,3.5955,hair_salon,5.0,Google Places API (New) Nearby Search,2026-09-02T15:22:51+00:00
31,Nad Al Sheba,ChIJR6DuRulnXz4RsewBFpNYmzQ,25.1595625,55.3696875,ChIJH1Po2mRhXz4Rrn6wwj3XfRM,Massage Service,ADJACENT,3.7803,spa,5.0,Google Places API (New) Nearby Search,2026-09-02T15:22:51+00:00
31,Nad Al Sheba,ChIJR6DuRulnXz4RsewBFpNYmzQ,25.1595625,55.3696875,ChIJdcRBKP5jXz4RC5T5xeFTq0g,Silvio Gents Salon - Dubai,DIRECT,3.8905,hair_salon,5.0,Google Places API (New) Nearby Search,2026-09-02T15:22:51+00:00
31,Nad Al Sheba,ChIJR6DuRulnXz4RsewBFpNYmzQ,25.1595625,55.3696875,ChIJAemqn4tlXz4RluxuNtm2n_0,Eyelash Secret Ladies Salon - Silicon Oasis,DIRECT,3.9944,beauty_salon,5.0,Google Places API (New) Nearby Search,2026-09-02T15:22:51+00:00
31,Nad Al Sheba,ChIJR6DuRulnXz4RsewBFpNYmzQ,25.1595625,55.3696875,ChIJ4yLyvpJlXz4R9mnI2Y4Podc,She style ladies salon,DIRECT,3.9965,beauty_salon,5.0,Google Places API (New) Nearby Search,2026-09-02T15:22:51+00:00
31,Nad Al Sheba,ChIJR6DuRulnXz4RsewBFpNYmzQ,25.1595625,55.3696875,ChIJQyxNZ99dXz4RACcmo7HgNyk,Royal Spa - مساج عربي,ADJACENT,4.0061,spa,5.0,Google Places API (New) Nearby Search,2026-09-02T15:22:51+00:00
31,Nad Al Sheba,ChIJR6DuRulnXz4RsewBFpNYmzQ,25.1595625,55.3696875,ChIJg2qsgy5lXz4RjFk-ES29Ojw,BLOOMS MINI MART & CAFETERIA,DIRECT,4.0357,hair_salon,5.0,Google Places API (New) Nearby Search,2026-09-02T15:22:51+00:00
31,Nad Al Sheba,ChIJR6DuRulnXz4RsewBFpNYmzQ,25.1595625,55.3696875,ChIJt3cMOVxnXz4RP30_Opmu9B4,Razors Spa & Gents Salon,DIRECT,4.056,nail_salon,5.0,Google Places API (New) Nearby Search,2026-09-02T15:22:51+00:00
31,Nad Al Sheba,ChIJR6DuRulnXz4RsewBFpNYmzQ,25.1595625,55.3696875,ChIJ-wp_nklhXz4ROIsEvxv9B7I,Levant Gents Saloon,DIRECT,4.1078,"hair_salon, nail_salon",5.0,Google Places API (New) Nearby Search,2026-09-02T15:22:51+00:00
31,Nad Al Sheba,ChIJR6DuRulnXz4RsewBFpNYmzQ,25.1595625,55.3696875,ChIJjX27NHNnXz4R5v3XFitDGFM,HEADZUP GENTS SALON (DSO),DIRECT,4.1333,"hair_salon, nail_salon",5.0,Google Places API (New) Nearby Search,2026-09-02T15:22:51+00:00
31,Nad Al Sheba,ChIJR6DuRulnXz4RsewBFpNYmzQ,25.1595625,55.3696875,ChIJIWnOw6xnXz4RUEkZG9Bb87M,Beauty Room Salon & Spa,DIRECT,4.1865,beauty_salon,5.0,Google Places API (New) Nearby Search,2026-09-02T15:22:51+00:00
31,Nad Al Sheba,ChIJR6DuRulnXz4RsewBFpNYmzQ,25.1595625,55.3696875,ChIJ82nBnRhhXz4Rv1KPOxbejJk,กระหรี่ล่าสุด,DIRECT,4.1902,beauty_salon,5.0,Google Places API (New) Nearby Search,2026-09-02T15:22:51+00:00
31,Nad Al Sheba,ChIJR6DuRulnXz4RsewBFpNYmzQ,25.1595625,55.3696875,ChIJsbf0h6RnXz4RcGzFXL6-7Hs,Derma 247 Laser Clinic,DIRECT,4.1987,"beauty_salon, spa",5.0,Google Places API (New) Nearby Search,2026-09-02T15:22:51+00:00
31,Nad Al Sheba,ChIJR6DuRulnXz4RsewBFpNYmzQ,25.1595625,55.3696875,ChIJNVRR1jxnXz4RgUheGZafAng,Beauty Room Salon & Spa,DIRECT,4.2007,"hair_salon, nail_salon",5.0,Google Places API (New) Nearby Search,2026-09-02T15:22:51+00:00
31,Nad Al Sheba,ChIJR6DuRulnXz4RsewBFpNYmzQ,25.1595625,55.3696875,ChIJzfJSb9JhXz4RRtPl-KkMHMA,Mamounia Palace Spa,ADJACENT,4.3466,spa,5.0,Google Places API (New) Nearby Search,2026-09-02T15:22:51+00:00
31,Nad Al Sheba,ChIJR6DuRulnXz4RsewBFpNYmzQ,25.1595625,55.3696875,ChIJczawgrJnXz4Rpen1TutFZ64,Bladez Gents Salon صالون رجالي بليدس,DIRECT,4.3935,hair_salon,5.0,Google Places API (New) Nearby Search,2026-09-02T15:22:51+00:00
31,Nad Al Sheba,ChIJR6DuRulnXz4RsewBFpNYmzQ,25.1595625,55.3696875,ChIJmbrs0SNhXz4RjWt44UckSIw,发舞台美发店,DIRECT,4.3945,hair_salon,5.0,Google Places API (New) Nearby Search,2026-09-02T15:22:51+00:00
31,Nad Al Sheba,ChIJR6DuRulnXz4RsewBFpNYmzQ,25.1595625,55.3696875,ChIJNSqTl7BdXz4Rg6R1y6XGvkc,Sehr Al Jamal Vip Spa Massage,ADJACENT,4.4071,spa,5.0,Google Places API (New) Nearby Search,2026-09-02T15:22:51+00:00
31,Nad Al Sheba,ChIJR6DuRulnXz4RsewBFpNYmzQ,25.1595625,55.3696875,ChIJtxVDw8RhXz4R0Q3b5mjr7d4,Nadda beauty十月美甲,DIRECT,4.4095,nail_salon,5.0,Google Places API (New) Nearby Search,2026-09-02T15:22:51+00:00
31,Nad Al Sheba,ChIJR6DuRulnXz4RsewBFpNYmzQ,25.1595625,55.3696875,ChIJAch-r0hhXz4RqhO-RtZjmJU,首艺美发,DIRECT,4.4771,hair_salon,5.0,Google Places API (New) Nearby Search,2026-09-02T15:22:51+00:00
31,Nad Al Sheba,ChIJR6DuRulnXz4RsewBFpNYmzQ,25.1595625,55.3696875,ChIJ38JVwPRlXz4RMA0uZNO0buk,Bianco Spa (DSO),DIRECT,4.504,"beauty_salon, hair_salon, nail_salon, spa",5.0,Google Places API (New) Nearby Search,2026-09-02T15:22:51+00:00
31,Nad Al Sheba,ChIJR6DuRulnXz4RsewBFpNYmzQ,25.1595625,55.3696875,ChIJOeI8pUhhXz4RsGHovkGr6dE,Spring Gents Massage,ADJACENT,4.5163,spa,5.0,Google Places API (New) Nearby Search,2026-09-02T15:22:51+00:00
31,Nad Al Sheba,ChIJR6DuRulnXz4RsewBFpNYmzQ,25.1595625,55.3696875,ChIJxYEVxhZhXz4RiyCA3bE9lMY,Danya ladies saloon,DIRECT,4.5165,beauty_salon,5.0,Google Places API (New) Nearby Search,2026-09-02T15:22:51+00:00
31,Nad Al Sheba,ChIJR6DuRulnXz4RsewBFpNYmzQ,25.1595625,55.3696875,ChIJb-XuaNNgXz4RZwvqMHgFBB8,Fitness Terminal Men's Gym,ADJACENT,4.6609,spa,5.0,Google Places API (New) Nearby Search,2026-09-02T15:22:51+00:00
31,Nad Al Sheba,ChIJR6DuRulnXz4RsewBFpNYmzQ,25.1595625,55.3696875,ChIJMeY-6BRnXz4Rd_ekTuQcFqs,AJ's Salon,DIRECT,4.723,nail_salon,5.0,Google Places API (New) Nearby Search,2026-09-02T15:22:51+00:00
31,Nad Al Sheba,ChIJR6DuRulnXz4RsewBFpNYmzQ,25.1595625,55.3696875,ChIJ8a0pd-BnXz4RMV_y_aRIu5E,NEW THAI PHYSIOTHERAPY CENTER EST. (FOOT SPA),ADJACENT,4.7983,spa,5.0,Google Places API (New) Nearby Search,2026-09-02T15:22:51+00:00
31,Nad Al Sheba,ChIJR6DuRulnXz4RsewBFpNYmzQ,25.1595625,55.3696875,ChIJtZ86m4BlXz4RTr9jlCtPcoA,The Artist Gents Salon Dubai Silicon Oaisis- صالون ذا أرتيست للرجال,DIRECT,4.802,"hair_salon, nail_salon",5.0,Google Places API (New) Nearby Search,2026-09-02T15:22:51+00:00
31,Nad Al Sheba,ChIJR6DuRulnXz4RsewBFpNYmzQ,25.1595625,55.3696875,ChIJo5_Sy5VlXz4R3dERIYwva4s,Spectrum Beauty salon,DIRECT,4.8104,beauty_salon,5.0,Google Places API (New) Nearby Search,2026-09-02T15:22:51+00:00
31,Nad Al Sheba,ChIJR6DuRulnXz4RsewBFpNYmzQ,25.1595625,55.3696875,ChIJ--suGWRlXz4RxJXiRY8kj0s,Ombre Salon DSO,DIRECT,4.8109,"beauty_salon, nail_salon",5.0,Google Places API (New) Nearby Search,2026-09-02T15:22:51+00:00
31,Nad Al Sheba,ChIJR6DuRulnXz4RsewBFpNYmzQ,25.1595625,55.3696875,ChIJ3RuWcyxnXz4RCLO-jnWZGz0,Yasmine Beauty Salon صالون ياسمين,DIRECT,4.8179,beauty_salon,5.0,Google Places API (New) Nearby Search,2026-09-02T15:22:51+00:00
31,Nad Al Sheba,ChIJR6DuRulnXz4RsewBFpNYmzQ,25.1595625,55.3696875,ChIJWeMuTpJcXz4Rp0jl14Nu0n0,Rihana Ethiopian Hair Salon,DIRECT,4.8235,hair_salon,5.0,Google Places API (New) Nearby Search,2026-09-02T15:22:51+00:00
31,Nad Al Sheba,ChIJR6DuRulnXz4RsewBFpNYmzQ,25.1595625,55.3696875,ChIJlxFOJwNnXz4Rdciy2easauQ,Barber Society - Gents Salon Al Warqa,DIRECT,4.8401,beauty_salon,5.0,Google Places API (New) Nearby Search,2026-09-02T15:22:51+00:00
31,Nad Al Sheba,ChIJR6DuRulnXz4RsewBFpNYmzQ,25.1595625,55.3696875,ChIJS7h9niphXz4Rj-MRTZZ5FhM,Beauty Room Salon & Spa,DIRECT,4.8414,"beauty_salon, spa",5.0,Google Places API (New) Nearby Search,2026-09-02T15:22:51+00:00
31,Nad Al Sheba,ChIJR6DuRulnXz4RsewBFpNYmzQ,25.1595625,55.3696875,ChIJPbDoe05hXz4RP77AYns8EZM,Miss caramel beauty Center & Spa Alwarqa 1,DIRECT,4.8984,beauty_salon,5.0,Google Places API (New) Nearby Search,2026-09-02T15:22:51+00:00
52,Noya Plaza,ChIJ8ZtA3AhPXj4R9bv4hORDLjI,24.4995625,54.6254375,ChIJezaQQwBBXj4R8W4UeHe3dXo,Massage Relax Elite Beauty,ADJACENT,0.263,spa,5.0,Google Places API (New) Nearby Search,2026-09-02T15:22:51+00:00
52,Noya Plaza,ChIJ8ZtA3AhPXj4R9bv4hORDLjI,24.4995625,54.6254375,ChIJ5y4OGQBPXj4RaKJl5Cl6V6M,Taiwan Massage VIP - Moonlight Retreat,DIRECT,0.285,spa,5.0,Google Places API (New) Nearby Search,2026-09-02T15:22:51+00:00
52,Noya Plaza,ChIJ8ZtA3AhPXj4R9bv4hORDLjI,24.4995625,54.6254375,ChIJTRn6LBD5e0cRFFDf0XSnj_o,Helen - Home Massage,ADJACENT,0.4851,spa,5.0,Google Places API (New) Nearby Search,2026-09-02T15:22:51+00:00
52,Noya Plaza,ChIJ8ZtA3AhPXj4R9bv4hORDLjI,24.4995625,54.6254375,ChIJNe0TlU1PXj4Refjm7kiQahI,Mizu Beauty Lounge,DIRECT,1.2398,beauty_salon,5.0,Google Places API (New) Nearby Search,2026-09-02T15:22:51+00:00
52,Noya Plaza,ChIJ8ZtA3AhPXj4R9bv4hORDLjI,24.4995625,54.6254375,ChIJ4QqriIlFXj4RlYDoVJA9FCo,"Jazz Lounge Spa for Men - Yas Mall, Abu Dhabi",DIRECT,1.8967,"beauty_salon, hair_salon, nail_salon, spa",5.0,Google Places API (New) Nearby Search,2026-09-02T15:22:51+00:00
52,Noya Plaza,ChIJ8ZtA3AhPXj4R9bv4hORDLjI,24.4995625,54.6254375,ChIJX56uiH1FXj4R0q65jZPBHjU,Tips and Toes Yas Mall,DIRECT,1.9325,beauty_salon,5.0,Google Places API (New) Nearby Search,2026-09-02T15:22:51+00:00
52,Noya Plaza,ChIJ8ZtA3AhPXj4R9bv4hORDLjI,24.4995625,54.6254375,ChIJt0-oE3ZDXj4RR1OqoJZWcA8,Massage Relax Abu Dhabi Spa,ADJACENT,1.9482,spa,5.0,Google Places API (New) Nearby Search,2026-09-02T15:22:51+00:00
52,Noya Plaza,ChIJ8ZtA3AhPXj4R9bv4hORDLjI,24.4995625,54.6254375,ChIJbdFPcgBPXj4RDYBTLyeUt1s,Massage Taiwan Hugo tina,ADJACENT,1.9981,spa,5.0,Google Places API (New) Nearby Search,2026-09-02T15:22:51+00:00
52,Noya Plaza,ChIJ8ZtA3AhPXj4R9bv4hORDLjI,24.4995625,54.6254375,ChIJqcJ2AyFpXj4RChpVopwphFs,Massage Vip,ADJACENT,2.0046,spa,5.0,Google Places API (New) Nearby Search,2026-09-02T15:22:51+00:00
52,Noya Plaza,ChIJ8ZtA3AhPXj4R9bv4hORDLjI,24.4995625,54.6254375,ChIJldsuf4dPXj4RP-dmBlvAypc,The Loft Fifth Avenue Beauty Lounge - Yas Mall,DIRECT,2.0725,"beauty_salon, hair_salon, nail_salon, spa",5.0,Google Places API (New) Nearby Search,2026-09-02T15:22:51+00:00
52,Noya Plaza,ChIJ8ZtA3AhPXj4R9bv4hORDLjI,24.4995625,54.6254375,ChIJUa8OzOlFXj4Rwz13Z_Ot4xk,Nails Style Beauty Centre,DIRECT,2.074,"beauty_salon, nail_salon",5.0,Google Places API (New) Nearby Search,2026-09-02T15:22:51+00:00
52,Noya Plaza,ChIJ8ZtA3AhPXj4R9bv4hORDLjI,24.4995625,54.6254375,ChIJzcPxGclFXj4RgilnBM_Dex0,Dolly massage spa,ADJACENT,2.0816,spa,5.0,Google Places API (New) Nearby Search,2026-09-02T15:22:51+00:00
52,Noya Plaza,ChIJ8ZtA3AhPXj4R9bv4hORDLjI,24.4995625,54.6254375,ChIJJeEfBQBnXj4Rvh_7We3A1uY,Massage Singapore relax royal CX,ADJACENT,2.1631,spa,5.0,Google Places API (New) Nearby Search,2026-09-02T15:22:51+00:00
52,Noya Plaza,ChIJ8ZtA3AhPXj4R9bv4hORDLjI,24.4995625,54.6254375,ChIJAdgYhN5PXj4RaWe6WoDcrrc,Beauty Lab Salon,DIRECT,2.191,beauty_salon,5.0,Google Places API (New) Nearby Search,2026-09-02T15:22:51+00:00
52,Noya Plaza,ChIJ8ZtA3AhPXj4R9bv4hORDLjI,24.4995625,54.6254375,ChIJLySq1BxFXj4Rgiy9C0CqB30,Little Scissors Kids Salon | صالون ليتل سيزر لأطفال,DIRECT,2.3158,beauty_salon,5.0,Google Places API (New) Nearby Search,2026-09-02T15:22:51+00:00
52,Noya Plaza,ChIJ8ZtA3AhPXj4R9bv4hORDLjI,24.4995625,54.6254375,ChIJiRA2fSNFXj4RMWrYFpOYLvQ,Scarlet Rose Salon,DIRECT,2.6765,beauty_salon,5.0,Google Places API (New) Nearby Search,2026-09-02T15:22:51+00:00
52,Noya Plaza,ChIJ8ZtA3AhPXj4R9bv4hORDLjI,24.4995625,54.6254375,ChIJsXh-qCRFXj4RPD1S74hayKA,Très Chic Beauty Lounge,DIRECT,2.6771,beauty_salon,5.0,Google Places API (New) Nearby Search,2026-09-02T15:22:51+00:00
52,Noya Plaza,ChIJ8ZtA3AhPXj4R9bv4hORDLjI,24.4995625,54.6254375,ChIJw8rScR1FXj4RqBQrVfnEKSg,GUMAMELA Ladies Beauty Salon,DIRECT,2.7197,beauty_salon,5.0,Google Places API (New) Nearby Search,2026-09-02T15:22:51+00:00
52,Noya Plaza,ChIJ8ZtA3AhPXj4R9bv4hORDLjI,24.4995625,54.6254375,ChIJo4LMTXxFXj4R5iCfrp3S2BQ,Therapists.ae - Home Service Massage,ADJACENT,2.8028,spa,5.0,Google Places API (New) Nearby Search,2026-09-02T15:22:51+00:00
52,Noya Plaza,ChIJ8ZtA3AhPXj4R9bv4hORDLjI,24.4995625,54.6254375,ChIJHxjtWBlFXj4RDcKTU8utwso,Ghanj Salon,DIRECT,2.9126,beauty_salon,5.0,Google Places API (New) Nearby Search,2026-09-02T15:22:51+00:00
52,Noya Plaza,ChIJ8ZtA3AhPXj4R9bv4hORDLjI,24.4995625,54.6254375,ChIJOWstIIc5Xj4RsZnNuhAC5VU,Massage Taiwan SVIP Relax Mia,ADJACENT,2.9191,spa,5.0,Google Places API (New) Nearby Search,2026-09-02T15:22:51+00:00
52,Noya Plaza,ChIJ8ZtA3AhPXj4R9bv4hORDLjI,24.4995625,54.6254375,ChIJlwuS98FFXj4RHlziQizgHi8,"The WB Abu Dhabi, Curio Collection by Hilton",ADJACENT,2.9407,spa,5.0,Google Places API (New) Nearby Search,2026-09-02T15:22:51+00:00
52,Noya Plaza,ChIJ8ZtA3AhPXj4R9bv4hORDLjI,24.4995625,54.6254375,ChIJzytGPQBFXj4ROm4eylf7Kho,Yaber alahbabi,DIRECT,2.9683,nail_salon,5.0,Google Places API (New) Nearby Search,2026-09-02T15:22:51+00:00
52,Noya Plaza,ChIJ8ZtA3AhPXj4R9bv4hORDLjI,24.4995625,54.6254375,ChIJeeAdRABFXj4Rzvb-S7eVHy8,Massage Haven of Rest Enjoy,ADJACENT,3.0013,spa,5.0,Google Places API (New) Nearby Search,2026-09-02T15:22:51+00:00
52,Noya Plaza,ChIJ8ZtA3AhPXj4R9bv4hORDLjI,24.4995625,54.6254375,ChIJnbUMv8FFXj4RNd5I0EaxNd0,Ivy Beauty and Bubbles at The WB Abu Dhabi,DIRECT,3.0686,hair_salon,5.0,Google Places API (New) Nearby Search,2026-09-02T15:22:51+00:00
52,Noya Plaza,ChIJ8ZtA3AhPXj4R9bv4hORDLjI,24.4995625,54.6254375,ChIJ2TsjEQBFXj4Rb-4efjHOfG4,Massage At Home South Thun Holidays,ADJACENT,3.0825,spa,5.0,Google Places API (New) Nearby Search,2026-09-02T15:22:51+00:00
52,Noya Plaza,ChIJ8ZtA3AhPXj4R9bv4hORDLjI,24.4995625,54.6254375,ChIJ3-uGn0Iz26cR1MLoPgqPDNw,The Serenity Spa Clinic and Massage,DIRECT,3.0949,spa,5.0,Google Places API (New) Nearby Search,2026-09-02T15:22:51+00:00
52,Noya Plaza,ChIJ8ZtA3AhPXj4R9bv4hORDLjI,24.4995625,54.6254375,ChIJ1TbI3AhFXj4RIei31htfz6w,Mantis Best Barbershop In Yas island,DIRECT,3.1591,hair_salon,5.0,Google Places API (New) Nearby Search,2026-09-02T15:22:51+00:00
52,Noya Plaza,ChIJ8ZtA3AhPXj4R9bv4hORDLjI,24.4995625,54.6254375,ChIJNZjaMk5FXj4RBlQbbIh0BkA,Beauty Lab Salon,DIRECT,3.162,hair_salon,5.0,Google Places API (New) Nearby Search,2026-09-02T15:22:51+00:00
52,Noya Plaza,ChIJ8ZtA3AhPXj4R9bv4hORDLjI,24.4995625,54.6254375,ChIJ0_0jx0lOXj4RtxJb7UouR58,Deerfields Gents Center &spa,ADJACENT,3.9383,spa,5.0,Google Places API (New) Nearby Search,2026-09-02T15:22:51+00:00
52,Noya Plaza,ChIJ8ZtA3AhPXj4R9bv4hORDLjI,24.4995625,54.6254375,ChIJW3C9ewBPXj4REgscJwT0eTs,Noor Al mehar ladies salon,DIRECT,3.9445,beauty_salon,5.0,Google Places API (New) Nearby Search,2026-09-02T15:22:51+00:00
52,Noya Plaza,ChIJ8ZtA3AhPXj4R9bv4hORDLjI,24.4995625,54.6254375,ChIJ4UkIgGJFXj4Rqq_4olKf64c,White Angel Centre,DIRECT,3.9805,hair_salon,5.0,Google Places API (New) Nearby Search,2026-09-02T15:22:51+00:00
52,Noya Plaza,ChIJ8ZtA3AhPXj4R9bv4hORDLjI,24.4995625,54.6254375,ChIJFZhIAO5DXj4RzlYwDOcq5NA,KF Makeup & Hair Styling (Home Service),DIRECT,3.9834,beauty_salon,5.0,Google Places API (New) Nearby Search,2026-09-02T15:22:51+00:00
52,Noya Plaza,ChIJ8ZtA3AhPXj4R9bv4hORDLjI,24.4995625,54.6254375,ChIJ1zogncRFXj4RGTxRt0F_muc,Saal Gents Salon,DIRECT,4.0886,hair_salon,5.0,Google Places API (New) Nearby Search,2026-09-02T15:22:51+00:00
52,Noya Plaza,ChIJ8ZtA3AhPXj4R9bv4hORDLjI,24.4995625,54.6254375,ChIJQfe_D4lFXj4R6bFufgR02Nk,AWAY Spa at W Abu Dhabi - Yas Island,ADJACENT,4.1154,spa,5.0,Google Places API (New) Nearby Search,2026-09-02T15:22:51+00:00
52,Noya Plaza,ChIJ8ZtA3AhPXj4R9bv4hORDLjI,24.4995625,54.6254375,ChIJvyyV2wRFXj4R_PuWM8M6Joc,The Spa,ADJACENT,4.4442,spa,5.0,Google Places API (New) Nearby Search,2026-09-02T15:22:51+00:00
52,Noya Plaza,ChIJ8ZtA3AhPXj4R9bv4hORDLjI,24.4995625,54.6254375,ChIJA9g7M45FXj4RgCVL-7Yomi8,Yas Plaza Marina,ADJACENT,4.5745,spa,5.0,Google Places API (New) Nearby Search,2026-09-02T15:22:51+00:00
52,Noya Plaza,ChIJ8ZtA3AhPXj4R9bv4hORDLjI,24.4995625,54.6254375,ChIJbWf7-eFFXj4R3ua_ke0oiTc,"Azure Beauty Salon, Crowne Plaza",DIRECT,4.7272,beauty_salon,5.0,Google Places API (New) Nearby Search,2026-09-02T15:22:51+00:00
52,Noya Plaza,ChIJ8ZtA3AhPXj4R9bv4hORDLjI,24.4995625,54.6254375,ChIJQRT3IABRXj4RhK_Znr1OILM,SK beauty studio,DIRECT,4.9036,"beauty_salon, nail_salon",5.0,Google Places API (New) Nearby Search,2026-09-02T15:22:51+00:00
52,Noya Plaza,ChIJ8ZtA3AhPXj4R9bv4hORDLjI,24.4995625,54.6254375,ChIJp_cpJsFPXj4RIWhXvPqu7X0,Nua Toi Beauty Salon,DIRECT,4.9486,beauty_salon,5.0,Google Places API (New) Nearby Search,2026-09-02T15:22:51+00:00
52,Noya Plaza,ChIJ8ZtA3AhPXj4R9bv4hORDLjI,24.4995625,54.6254375,ChIJa-JXp4dRXj4RwYg3Nwqibmo,صالون فياجو - Viaggio Beauty Salon,DIRECT,4.9497,beauty_salon,5.0,Google Places API (New) Nearby Search,2026-09-02T15:22:51+00:00
52,Noya Plaza,ChIJ8ZtA3AhPXj4R9bv4hORDLjI,24.4995625,54.6254375,ChIJvfCWzjZPXj4R6KheLHjO6R4,ONSEN GENTS SALOON,DIRECT,4.9992,beauty_salon,5.0,Google Places API (New) Nearby Search,2026-09-02T15:22:51+00:00
48,Ras Al Khaimah,ChIJSU1oGll19j4RCktPt_Pr5o0,25.751541,55.9198717,ChIJI68O-Qp19j4RXZsn_QM_FFQ,AL ANEEQ SPA,ADJACENT,0.3555,spa,5.0,Google Places API (New) Nearby Search,2026-09-02T15:22:51+00:00
48,Ras Al Khaimah,ChIJSU1oGll19j4RCktPt_Pr5o0,25.751541,55.9198717,ChIJ6XvQLkd09j4RUNV4J78OMDQ,Retaj Medical Center,DIRECT,0.914,beauty_salon,5.0,Google Places API (New) Nearby Search,2026-09-02T15:22:51+00:00
48,Ras Al Khaimah,ChIJSU1oGll19j4RCktPt_Pr5o0,25.751541,55.9198717,ChIJQZWeckR19j4RDmRIC5dSA3Y,DIAMOND SPA massage centre in RAS Al khaimah,ADJACENT,1.1225,spa,5.0,Google Places API (New) Nearby Search,2026-09-02T15:22:51+00:00
48,Ras Al Khaimah,ChIJSU1oGll19j4RCktPt_Pr5o0,25.751541,55.9198717,ChIJ1UO62UV09j4ROx5CK2Bb2UE,Royal Ruby Salon - Al Dhait,DIRECT,1.2127,hair_salon,5.0,Google Places API (New) Nearby Search,2026-09-02T15:22:51+00:00
48,Ras Al Khaimah,ChIJSU1oGll19j4RCktPt_Pr5o0,25.751541,55.9198717,ChIJtZu0DKp29j4RgJNaI-Y3cKQ,Karims Saloon,DIRECT,1.6452,hair_salon,5.0,Google Places API (New) Nearby Search,2026-09-02T15:22:51+00:00
48,Ras Al Khaimah,ChIJSU1oGll19j4RCktPt_Pr5o0,25.751541,55.9198717,ChIJ0YKeuLt19j4RdlHvfjWrcMk,Riviera Palace ريفييرا بالاس,DIRECT,1.707,beauty_salon,5.0,Google Places API (New) Nearby Search,2026-09-02T15:22:51+00:00
48,Ras Al Khaimah,ChIJSU1oGll19j4RCktPt_Pr5o0,25.751541,55.9198717,ChIJv5Z36SF09j4R9ww4EWphXjo,"Kaya Skin Clinic - Khozam , Ras Al Khaimah",DIRECT,1.818,beauty_salon,5.0,Google Places API (New) Nearby Search,2026-09-02T15:22:51+00:00
48,Ras Al Khaimah,ChIJSU1oGll19j4RCktPt_Pr5o0,25.751541,55.9198717,ChIJVbvGVR909j4RlLooncN9YTA,Artist Faten Stayle مركز فاتن ستايل للتجميل,DIRECT,1.8461,hair_salon,5.0,Google Places API (New) Nearby Search,2026-09-02T15:22:51+00:00
48,Ras Al Khaimah,ChIJSU1oGll19j4RCktPt_Pr5o0,25.751541,55.9198717,ChIJJbDTold19j4RAniAoY_1UGw,Al Masaya Spa,ADJACENT,1.8787,spa,5.0,Google Places API (New) Nearby Search,2026-09-02T15:22:51+00:00
48,Ras Al Khaimah,ChIJSU1oGll19j4RCktPt_Pr5o0,25.751541,55.9198717,ChIJx5PyJSB09j4ReCYE-DOvnEY,NEW WELLNESS LADIES FITNESS AND SPA | RAK,DIRECT,2.0777,"beauty_salon, spa",5.0,Google Places API (New) Nearby Search,2026-09-02T15:22:51+00:00
48,Ras Al Khaimah,ChIJSU1oGll19j4RCktPt_Pr5o0,25.751541,55.9198717,ChIJBRNYNI919j4RcGizRML_4tM,Horayzn Spa,ADJACENT,2.1315,spa,5.0,Google Places API (New) Nearby Search,2026-09-02T15:22:51+00:00
48,Ras Al Khaimah,ChIJSU1oGll19j4RCktPt_Pr5o0,25.751541,55.9198717,ChIJ_xlise119j4RPwHaPUlPHLk,Beauty Icon ladies salon,DIRECT,2.1655,"beauty_salon, hair_salon, nail_salon, spa",5.0,Google Places API (New) Nearby Search,2026-09-02T15:22:51+00:00
48,Ras Al Khaimah,ChIJSU1oGll19j4RCktPt_Pr5o0,25.751541,55.9198717,ChIJJVFWbFV19j4RIkKcOjTUulI,Villa Thalgo RAK,ADJACENT,2.1755,spa,5.0,Google Places API (New) Nearby Search,2026-09-02T15:22:51+00:00
48,Ras Al Khaimah,ChIJSU1oGll19j4RCktPt_Pr5o0,25.751541,55.9198717,ChIJs9hlpFF09j4R9_vZcehtnPo,Trends Beauty Bar,DIRECT,2.1898,beauty_salon,5.0,Google Places API (New) Nearby Search,2026-09-02T15:22:51+00:00
48,Ras Al Khaimah,ChIJSU1oGll19j4RCktPt_Pr5o0,25.751541,55.9198717,ChIJF2riysJ19j4Rz-IGoUaN4Xg,Djor Beauty Lounge,DIRECT,2.2338,beauty_salon,5.0,Google Places API (New) Nearby Search,2026-09-02T15:22:51+00:00
48,Ras Al Khaimah,ChIJSU1oGll19j4RCktPt_Pr5o0,25.751541,55.9198717,ChIJA4vcGj519j4R9kn4p9vsPOM,Royal Care Medical Center - RAK,DIRECT,2.2341,beauty_salon,5.0,Google Places API (New) Nearby Search,2026-09-02T15:22:51+00:00
48,Ras Al Khaimah,ChIJSU1oGll19j4RCktPt_Pr5o0,25.751541,55.9198717,ChIJw8SGwix19j4RzuVHrCs480A,Atheer Medical and Dental Center مركز أثير للطب والأسنان,DIRECT,2.2429,beauty_salon,5.0,Google Places API (New) Nearby Search,2026-09-02T15:22:51+00:00
48,Ras Al Khaimah,ChIJSU1oGll19j4RCktPt_Pr5o0,25.751541,55.9198717,ChIJE-HwZ7B19j4RTFWNfWB_tCo,Shape of you AlDhait,DIRECT,2.2679,beauty_salon,5.0,Google Places API (New) Nearby Search,2026-09-02T15:22:51+00:00
48,Ras Al Khaimah,ChIJSU1oGll19j4RCktPt_Pr5o0,25.751541,55.9198717,ChIJ_VKb3Ch39j4R6d2giog1bGI,مريومة بيوتي لاونج,DIRECT,2.2708,beauty_salon,5.0,Google Places API (New) Nearby Search,2026-09-02T15:22:51+00:00
48,Ras Al Khaimah,ChIJSU1oGll19j4RCktPt_Pr5o0,25.751541,55.9198717,ChIJ0XhC7Tx19j4RJfHwMVadbfU,majesty Men Care Center,DIRECT,2.2929,"beauty_salon, hair_salon, nail_salon, spa",5.0,Google Places API (New) Nearby Search,2026-09-02T15:22:51+00:00
48,Ras Al Khaimah,ChIJSU1oGll19j4RCktPt_Pr5o0,25.751541,55.9198717,ChIJVyWFbBB09j4R21zGehZSyYY,AlNobalaa Saloon,DIRECT,2.3099,nail_salon,5.0,Google Places API (New) Nearby Search,2026-09-02T15:22:51+00:00
48,Ras Al Khaimah,ChIJSU1oGll19j4RCktPt_Pr5o0,25.751541,55.9198717,ChIJEQ-8fl139j4RXIyCsuPDiJQ,الركن التايلندي للمساج والحمام المغربي للسيدات,ADJACENT,2.3349,spa,5.0,Google Places API (New) Nearby Search,2026-09-02T15:22:51+00:00
48,Ras Al Khaimah,ChIJSU1oGll19j4RCktPt_Pr5o0,25.751541,55.9198717,ChIJ_____xh09j4RK-q74h5hN1U,صالون لمسة أترو للسيدات | Lamsat Atro Ladies Saloon,DIRECT,2.3359,"hair_salon, nail_salon",5.0,Google Places API (New) Nearby Search,2026-09-02T15:22:51+00:00
48,Ras Al Khaimah,ChIJSU1oGll19j4RCktPt_Pr5o0,25.751541,55.9198717,ChIJAwQzO5x19j4RYfdCdBFhzkA,Taj Al Zain Gents Saloon صلون تاج الزين للرجال,DIRECT,2.4131,hair_salon,5.0,Google Places API (New) Nearby Search,2026-09-02T15:22:51+00:00
48,Ras Al Khaimah,ChIJSU1oGll19j4RCktPt_Pr5o0,25.751541,55.9198717,ChIJEd0stQff9T4RzvRvx2HLZRw,AL DAR SPA & MASSAGE,ADJACENT,2.4891,spa,5.0,Google Places API (New) Nearby Search,2026-09-02T15:22:51+00:00
48,Ras Al Khaimah,ChIJSU1oGll19j4RCktPt_Pr5o0,25.751541,55.9198717,ChIJ5bmn-n1x9j4RJYq34_ZOmJE,Al Baron Gents Salon,DIRECT,2.5667,hair_salon,5.0,Google Places API (New) Nearby Search,2026-09-02T15:22:51+00:00
48,Ras Al Khaimah,ChIJSU1oGll19j4RCktPt_Pr5o0,25.751541,55.9198717,ChIJX9_SLZ929j4RF2lNn7GYw8I,صالون H2o,DIRECT,2.6361,nail_salon,5.0,Google Places API (New) Nearby Search,2026-09-02T15:22:51+00:00
48,Ras Al Khaimah,ChIJSU1oGll19j4RCktPt_Pr5o0,25.751541,55.9198717,ChIJF2MmsX519j4RLJdxcr59sPY,مركز سكرة للتجميل النسائي,DIRECT,2.6403,nail_salon,5.0,Google Places API (New) Nearby Search,2026-09-02T15:22:51+00:00
48,Ras Al Khaimah,ChIJSU1oGll19j4RCktPt_Pr5o0,25.751541,55.9198717,ChIJpY32Uyt19j4RY7oZGJI8DI4,Solo gents center,DIRECT,2.6422,beauty_salon,5.0,Google Places API (New) Nearby Search,2026-09-02T15:22:51+00:00
48,Ras Al Khaimah,ChIJSU1oGll19j4RCktPt_Pr5o0,25.751541,55.9198717,ChIJo5spWqB29j4RWMhVKTnfQyA,QI Massage Center (formerly TCM Spa Massage Center),ADJACENT,2.6481,spa,5.0,Google Places API (New) Nearby Search,2026-09-02T15:22:51+00:00
48,Ras Al Khaimah,ChIJSU1oGll19j4RCktPt_Pr5o0,25.751541,55.9198717,ChIJNyvJUqF39j4RJijXXhkAsXw,Al Daith South,DIRECT,2.7028,hair_salon,5.0,Google Places API (New) Nearby Search,2026-09-02T15:22:51+00:00
48,Ras Al Khaimah,ChIJSU1oGll19j4RCktPt_Pr5o0,25.751541,55.9198717,ChIJAb-qrqF29j4RGV7ZLpJclrc,Ras Al Khaimah Hotel,ADJACENT,2.7108,spa,5.0,Google Places API (New) Nearby Search,2026-09-02T15:22:51+00:00
48,Ras Al Khaimah,ChIJSU1oGll19j4RCktPt_Pr5o0,25.751541,55.9198717,ChIJV5kPnuN19j4RSMkHoVUlpOo,Mirrors Beauty Salon - Ras Al Khaimah,DIRECT,2.7501,beauty_salon,5.0,Google Places API (New) Nearby Search,2026-09-02T15:22:51+00:00
48,Ras Al Khaimah,ChIJSU1oGll19j4RCktPt_Pr5o0,25.751541,55.9198717,ChIJsR__Fqp19j4RXj5K03YMFTY,Joker style men careجوكر ستايل للعنايه الشخصية للرجال,DIRECT,2.7916,hair_salon,5.0,Google Places API (New) Nearby Search,2026-09-02T15:22:51+00:00
48,Ras Al Khaimah,ChIJSU1oGll19j4RCktPt_Pr5o0,25.751541,55.9198717,ChIJ_YWfT7J39j4RTURU9kxNfIA,GLOW studio Man Personal Care,DIRECT,2.8427,nail_salon,5.0,Google Places API (New) Nearby Search,2026-09-02T15:22:51+00:00
48,Ras Al Khaimah,ChIJSU1oGll19j4RCktPt_Pr5o0,25.751541,55.9198717,ChIJKV_Zhn939j4RH8sz_XI6bMM,صالون ماندو للحلاقه الرجاليه.Mando Men's Barber Shop,DIRECT,2.9137,hair_salon,5.0,Google Places API (New) Nearby Search,2026-09-02T15:22:51+00:00
48,Ras Al Khaimah,ChIJSU1oGll19j4RCktPt_Pr5o0,25.751541,55.9198717,ChIJfyDEzObvVWERtwgCTK7Zz_c,Al Nazish ladies saloon,DIRECT,3.1441,nail_salon,5.0,Google Places API (New) Nearby Search,2026-09-02T15:22:51+00:00
48,Ras Al Khaimah,ChIJSU1oGll19j4RCktPt_Pr5o0,25.751541,55.9198717,ChIJC9kG5jB19j4R4B37BfGhlfE,Anat Salon & Spa RAK,DIRECT,3.2566,beauty_salon,5.0,Google Places API (New) Nearby Search,2026-09-02T15:22:51+00:00
48,Ras Al Khaimah,ChIJSU1oGll19j4RCktPt_Pr5o0,25.751541,55.9198717,ChIJSdlJGj919j4RniyCy4YWAwM,سمول باربيرس للحلاقة الرجالية,DIRECT,3.2987,hair_salon,5.0,Google Places API (New) Nearby Search,2026-09-02T15:22:51+00:00
48,Ras Al Khaimah,ChIJSU1oGll19j4RCktPt_Pr5o0,25.751541,55.9198717,ChIJA48D3iF19j4RgMICY3CYKaQ,حلاق,DIRECT,3.4012,hair_salon,5.0,Google Places API (New) Nearby Search,2026-09-02T15:22:51+00:00
48,Ras Al Khaimah,ChIJSU1oGll19j4RCktPt_Pr5o0,25.751541,55.9198717,ChIJB9zGLKB19j4RHdhZF7f6m8o,Shades Salon & SPA,DIRECT,3.4634,beauty_salon,5.0,Google Places API (New) Nearby Search,2026-09-02T15:22:51+00:00
48,Ras Al Khaimah,ChIJSU1oGll19j4RCktPt_Pr5o0,25.751541,55.9198717,ChIJA7XAjmF19j4RJ9sC8tcQ6ww,مركز آرتال للعناية الشخصية للرجال _ ARTAL MEN PERSONAL CARE CENTER / SPA,DIRECT,3.558,"beauty_salon, hair_salon, spa",5.0,Google Places API (New) Nearby Search,2026-09-02T15:22:51+00:00
48,Ras Al Khaimah,ChIJSU1oGll19j4RCktPt_Pr5o0,25.751541,55.9198717,ChIJ1_Yaz8V19j4RjORr66opjvI,صالون هادي,DIRECT,3.6619,hair_salon,5.0,Google Places API (New) Nearby Search,2026-09-02T15:22:51+00:00
48,Ras Al Khaimah,ChIJSU1oGll19j4RCktPt_Pr5o0,25.751541,55.9198717,ChIJd7jb5KJ39j4RqLRc1hCRqsE,صالون الرجل الأنيق,DIRECT,3.8213,hair_salon,5.0,Google Places API (New) Nearby Search,2026-09-02T15:22:51+00:00
48,Ras Al Khaimah,ChIJSU1oGll19j4RCktPt_Pr5o0,25.751541,55.9198717,ChIJYU4PwtJ19j4RTzPR2Cu8EP0,Pause Ladies Spa Salon Rak Branch,DIRECT,3.8646,beauty_salon,5.0,Google Places API (New) Nearby Search,2026-09-02T15:22:51+00:00
48,Ras Al Khaimah,ChIJSU1oGll19j4RCktPt_Pr5o0,25.751541,55.9198717,ChIJ0Qh_PAB39j4RKEWX0zI8joc,Gold health beautiful eyelashes Manicure,DIRECT,3.8715,nail_salon,5.0,Google Places API (New) Nearby Search,2026-09-02T15:22:51+00:00
48,Ras Al Khaimah,ChIJSU1oGll19j4RCktPt_Pr5o0,25.751541,55.9198717,ChIJc9YlQLx29j4RceTHX3orDC8,Tower Links Golf Club,ADJACENT,3.8795,spa,5.0,Google Places API (New) Nearby Search,2026-09-02T15:22:51+00:00
48,Ras Al Khaimah,ChIJSU1oGll19j4RCktPt_Pr5o0,25.751541,55.9198717,ChIJHeqzTol19j4RfP9CjgWGMbg,Cleopatra spa,ADJACENT,3.8863,spa,5.0,Google Places API (New) Nearby Search,2026-09-02T15:22:51+00:00
48,Ras Al Khaimah,ChIJSU1oGll19j4RCktPt_Pr5o0,25.751541,55.9198717,ChIJz7ftRqp29j4RgWcMWHx7OW0,Al Akaber Saloon,DIRECT,3.9686,hair_salon,5.0,Google Places API (New) Nearby Search,2026-09-02T15:22:51+00:00
48,Ras Al Khaimah,ChIJSU1oGll19j4RCktPt_Pr5o0,25.751541,55.9198717,ChIJzULRJAB39j4REo4ALZzLutw,Wow Nails Accessories,DIRECT,4.0829,nail_salon,5.0,Google Places API (New) Nearby Search,2026-09-02T15:22:51+00:00
48,Ras Al Khaimah,ChIJSU1oGll19j4RCktPt_Pr5o0,25.751541,55.9198717,ChIJ81LKm5t39j4RV92IOuobFos,La vita spa,ADJACENT,4.1322,spa,5.0,Google Places API (New) Nearby Search,2026-09-02T15:22:51+00:00
48,Ras Al Khaimah,ChIJSU1oGll19j4RCktPt_Pr5o0,25.751541,55.9198717,ChIJWx6gaZ919j4RXUuTiLkUWlA,Coated Beauty Lounge,DIRECT,4.133,"beauty_salon, hair_salon, nail_salon, spa",5.0,Google Places API (New) Nearby Search,2026-09-02T15:22:51+00:00
48,Ras Al Khaimah,ChIJSU1oGll19j4RCktPt_Pr5o0,25.751541,55.9198717,ChIJs3whUQt39j4RU4UJRToo0hw,"Mangrove Spa And Massage, Ras Al Khaimah",ADJACENT,4.1851,spa,5.0,Google Places API (New) Nearby Search,2026-09-02T15:22:51+00:00
48,Ras Al Khaimah,ChIJSU1oGll19j4RCktPt_Pr5o0,25.751541,55.9198717,ChIJGUQIDLI0wa8RKtaAIfAmL_0,Al Zafaran Spa,ADJACENT,4.2225,spa,5.0,Google Places API (New) Nearby Search,2026-09-02T15:22:51+00:00
48,Ras Al Khaimah,ChIJSU1oGll19j4RCktPt_Pr5o0,25.751541,55.9198717,ChIJL3fU3Kp29j4R-tH7koqfXJM,AL SAMTA GENTS SALOON صالون السمتة للرجال,DIRECT,4.2844,hair_salon,5.0,Google Places API (New) Nearby Search,2026-09-02T15:22:51+00:00
48,Ras Al Khaimah,ChIJSU1oGll19j4RCktPt_Pr5o0,25.751541,55.9198717,ChIJR_rCewBx9j4RSyCuMhUQQJQ,Claridge Star Hotel,ADJACENT,4.4325,spa,5.0,Google Places API (New) Nearby Search,2026-09-02T15:22:51+00:00
48,Ras Al Khaimah,ChIJSU1oGll19j4RCktPt_Pr5o0,25.751541,55.9198717,ChIJyyBNc7p39j4R6XKw3DIFChg,صالون اسود للرجال,DIRECT,4.5429,hair_salon,5.0,Google Places API (New) Nearby Search,2026-09-02T15:22:51+00:00
48,Ras Al Khaimah,ChIJSU1oGll19j4RCktPt_Pr5o0,25.751541,55.9198717,ChIJ0WRWELV39j4RhW3sXqmtn0Q,GLO Nails_RAK – Russian Manicure & Nail Salon,DIRECT,4.8118,nail_salon,5.0,Google Places API (New) Nearby Search,2026-09-02T15:22:51+00:00
35,Shahama,ChIJh9wAonFPXj4R6P2_rlevv90,24.5243742,54.6718965,ChIJFbcipNZPXj4RDzs7kJAKif8,No More Lice Abu Dhabi,DIRECT,0.0413,hair_salon,5.0,Google Places API (New) Nearby Search,2026-09-02T15:22:51+00:00
35,Shahama,ChIJh9wAonFPXj4R6P2_rlevv90,24.5243742,54.6718965,ChIJWUO80Z9PXj4ReoD9XBjFuPM,Awtar Beauty Center - Deerfields Mall,DIRECT,0.1504,beauty_salon,5.0,Google Places API (New) Nearby Search,2026-09-02T15:22:51+00:00
35,Shahama,ChIJh9wAonFPXj4R6P2_rlevv90,24.5243742,54.6718965,ChIJJZQinK9PXj4R8pDiVbY5L1w,مركز دينيز لتجميل السيدات/ Deneiz ladies beauty center,DIRECT,0.2792,beauty_salon,5.0,Google Places API (New) Nearby Search,2026-09-02T15:22:51+00:00
35,Shahama,ChIJh9wAonFPXj4R6P2_rlevv90,24.5243742,54.6718965,ChIJmRjN-BVOXj4R0jl2Ub30-EQ,Silver Palm Gents Saloon صالون النخلة الفضية للرجال,DIRECT,0.3452,hair_salon,5.0,Google Places API (New) Nearby Search,2026-09-02T15:22:51+00:00
35,Shahama,ChIJh9wAonFPXj4R6P2_rlevv90,24.5243742,54.6718965,ChIJS-70CX9PXj4RnSOXsNBeSnU,Joyce exclusive vip massage spa,ADJACENT,0.3808,spa,5.0,Google Places API (New) Nearby Search,2026-09-02T15:22:51+00:00
35,Shahama,ChIJh9wAonFPXj4R6P2_rlevv90,24.5243742,54.6718965,ChIJbcYQ9zBPXj4Rj2jqhkS8_V8,Zenora massage spa,ADJACENT,0.3922,spa,5.0,Google Places API (New) Nearby Search,2026-09-02T15:22:51+00:00
35,Shahama,ChIJh9wAonFPXj4R6P2_rlevv90,24.5243742,54.6718965,ChIJOwZ5HvpPXj4R1dm89uAMbmw,Kanaan Gents Salon - New Shahama | صالون كنعان للرجال - الشهامة الجديدة,DIRECT,0.4799,"beauty_salon, nail_salon, spa",5.0,Google Places API (New) Nearby Search,2026-09-02T15:22:51+00:00
35,Shahama,ChIJh9wAonFPXj4R6P2_rlevv90,24.5243742,54.6718965,ChIJbSN1CLFPXj4Rl9x9Aro5dag,Solange Beauty Ladies Salon,DIRECT,1.1475,beauty_salon,5.0,Google Places API (New) Nearby Search,2026-09-02T15:22:51+00:00
35,Shahama,ChIJh9wAonFPXj4R6P2_rlevv90,24.5243742,54.6718965,ChIJoyHVcaJPXj4RaHmPfCFqk5w,saloon and spa,ADJACENT,1.1654,spa,5.0,Google Places API (New) Nearby Search,2026-09-02T15:22:51+00:00
35,Shahama,ChIJh9wAonFPXj4R6P2_rlevv90,24.5243742,54.6718965,ChIJwVYEFgdPXj4RcoSuSiZWLZE,OZ MEN Al Shahama,ADJACENT,1.4063,spa,5.0,Google Places API (New) Nearby Search,2026-09-02T15:22:51+00:00
35,Shahama,ChIJh9wAonFPXj4R6P2_rlevv90,24.5243742,54.6718965,ChIJRcFIcQBPXj4R_ffjuPKPC3w,Groomly Salon & Spa,DIRECT,1.5231,hair_salon,5.0,Google Places API (New) Nearby Search,2026-09-02T15:22:51+00:00
35,Shahama,ChIJh9wAonFPXj4R6P2_rlevv90,24.5243742,54.6718965,ChIJ0_0jx0lOXj4RtxJb7UouR58,Deerfields Gents Center &spa,ADJACENT,1.5603,spa,5.0,Google Places API (New) Nearby Search,2026-09-02T15:22:51+00:00
35,Shahama,ChIJh9wAonFPXj4R6P2_rlevv90,24.5243742,54.6718965,ChIJFR2D8pVPXj4RLQ1l9eAEU5g,Dark candles gents saloon,DIRECT,1.9016,spa,5.0,Google Places API (New) Nearby Search,2026-09-02T15:22:51+00:00
35,Shahama,ChIJh9wAonFPXj4R6P2_rlevv90,24.5243742,54.6718965,ChIJK_kRZy1PXj4RE1g73e3rFNM,Ladies beauty salon,DIRECT,1.9055,hair_salon,5.0,Google Places API (New) Nearby Search,2026-09-02T15:22:51+00:00
35,Shahama,ChIJh9wAonFPXj4R6P2_rlevv90,24.5243742,54.6718965,ChIJPQJJHrpPXj4RNyhBJ79faF4,Eyfir Gents Spa and Morrocon Bath Salon - ايفر للعناية برجال,DIRECT,1.9217,spa,5.0,Google Places API (New) Nearby Search,2026-09-02T15:22:51+00:00
35,Shahama,ChIJh9wAonFPXj4R6P2_rlevv90,24.5243742,54.6718965,ChIJIZLs6KZPXj4RJSj-YhmfUyo,beige spa - بيج سبا,DIRECT,1.9284,"hair_salon, nail_salon, spa",5.0,Google Places API (New) Nearby Search,2026-09-02T15:22:51+00:00
35,Shahama,ChIJh9wAonFPXj4R6P2_rlevv90,24.5243742,54.6718965,ChIJ80o6kQxOXj4R3GhiXR5zl-E,صالون اخلاص شهامه,DIRECT,1.9286,beauty_salon,5.0,Google Places API (New) Nearby Search,2026-09-02T15:22:51+00:00
35,Shahama,ChIJh9wAonFPXj4R6P2_rlevv90,24.5243742,54.6718965,ChIJAQMQu4BPXj4RgzlYD-d7xlE,مصبغة الصدف الأوتوماتيكية,DIRECT,2.0103,beauty_salon,5.0,Google Places API (New) Nearby Search,2026-09-02T15:22:51+00:00
35,Shahama,ChIJh9wAonFPXj4R6P2_rlevv90,24.5243742,54.6718965,ChIJrzaR6p5PXj4RhUr3DeYN2qM,Nadhra Alzukhiya Ladies Salon صالون نظرة الذكية للسيدات,DIRECT,2.0154,nail_salon,5.0,Google Places API (New) Nearby Search,2026-09-02T15:22:51+00:00
35,Shahama,ChIJh9wAonFPXj4R6P2_rlevv90,24.5243742,54.6718965,ChIJUQwY39BPXj4RsxvhH-xf4yg,Ckkr Ladies Beauty Salon & Spa - صالون سي كي كي آر للسيدات والسبا,DIRECT,2.0226,"hair_salon, nail_salon, spa",5.0,Google Places API (New) Nearby Search,2026-09-02T15:22:51+00:00
35,Shahama,ChIJh9wAonFPXj4R6P2_rlevv90,24.5243742,54.6718965,ChIJr3cA2epPXj4RcS6qJB4IjtA,Catchy Beauty & Henna Center مركز كاتشي للحنا و التجميل,DIRECT,2.0337,beauty_salon,5.0,Google Places API (New) Nearby Search,2026-09-02T15:22:51+00:00
35,Shahama,ChIJh9wAonFPXj4R6P2_rlevv90,24.5243742,54.6718965,ChIJoyHr0ypPXj4RHX4IKbmtBTc,OYOON AL SHAHAMA LADIES SALOON عيون الشهامة صالون,DIRECT,2.0502,hair_salon,5.0,Google Places API (New) Nearby Search,2026-09-02T15:22:51+00:00
35,Shahama,ChIJh9wAonFPXj4R6P2_rlevv90,24.5243742,54.6718965,ChIJdyozSdZPXj4RgQ2V8T_lFFs,Al GHARAYEN SALON FOR MEN,DIRECT,2.0651,"beauty_salon, hair_salon, spa",5.0,Google Places API (New) Nearby Search,2026-09-02T15:22:51+00:00
35,Shahama,ChIJh9wAonFPXj4R6P2_rlevv90,24.5243742,54.6718965,ChIJ0buKpw5OXj4R8Q_RMWwMbHU,صالون لوسو زون,DIRECT,2.1217,beauty_salon,5.0,Google Places API (New) Nearby Search,2026-09-02T15:22:51+00:00
35,Shahama,ChIJh9wAonFPXj4R6P2_rlevv90,24.5243742,54.6718965,ChIJPaBozw5OXj4RFHmj9O7KVNQ,Aroosal Fareej Ladies Saloon New Shahama,DIRECT,2.1275,beauty_salon,5.0,Google Places API (New) Nearby Search,2026-09-02T15:22:51+00:00
35,Shahama,ChIJh9wAonFPXj4R6P2_rlevv90,24.5243742,54.6718965,ChIJ-WMhQYxPXj4RV48sW_jXqOo,lulu al khaleej ladies beauty salon (صالون لولو الخليج لتجميل السيدات),DIRECT,2.1284,beauty_salon,5.0,Google Places API (New) Nearby Search,2026-09-02T15:22:51+00:00
35,Shahama,ChIJh9wAonFPXj4R6P2_rlevv90,24.5243742,54.6718965,ChIJFbhrTABPXj4RGr41seI0ToA,ORYX MOBILES&COMPUTERS,DIRECT,2.1355,hair_salon,5.0,Google Places API (New) Nearby Search,2026-09-02T15:22:51+00:00
35,Shahama,ChIJh9wAonFPXj4R6P2_rlevv90,24.5243742,54.6718965,ChIJTZrbp2VPXj4RS7niAstPRgU,Taj Best Gents Salon Spa,ADJACENT,2.138,spa,5.0,Google Places API (New) Nearby Search,2026-09-02T15:22:51+00:00
35,Shahama,ChIJh9wAonFPXj4R6P2_rlevv90,24.5243742,54.6718965,ChIJMV0z8chPXj4R3Ks5UvWdfLM,صالون الرملة للرجال,DIRECT,2.1401,hair_salon,5.0,Google Places API (New) Nearby Search,2026-09-02T15:22:51+00:00
35,Shahama,ChIJh9wAonFPXj4R6P2_rlevv90,24.5243742,54.6718965,ChIJUayCUE5PXj4Rg1xfk-miDhw,صالون AR7,DIRECT,2.1651,hair_salon,5.0,Google Places API (New) Nearby Search,2026-09-02T15:22:51+00:00
35,Shahama,ChIJh9wAonFPXj4R6P2_rlevv90,24.5243742,54.6718965,ChIJNX6i3NxPXj4RnxkrcK6kAG0,Top star gents saloon,DIRECT,2.1652,hair_salon,5.0,Google Places API (New) Nearby Search,2026-09-02T15:22:51+00:00
35,Shahama,ChIJh9wAonFPXj4R6P2_rlevv90,24.5243742,54.6718965,ChIJF7iW8qlPXj4RnskxdaHpXic,Faction Gents Salon,ADJACENT,2.1797,spa,5.0,Google Places API (New) Nearby Search,2026-09-02T15:22:51+00:00
35,Shahama,ChIJh9wAonFPXj4R6P2_rlevv90,24.5243742,54.6718965,ChIJhTfJMztRXj4RxFVl3wqJQak,Tli Beauty Lounge L.L.C صالون تلي بيوتي لاونج الشهامة,DIRECT,2.2078,beauty_salon,5.0,Google Places API (New) Nearby Search,2026-09-02T15:22:51+00:00
35,Shahama,ChIJh9wAonFPXj4R6P2_rlevv90,24.5243742,54.6718965,ChIJGZx6RABRXj4RKcPXqTWlMuo,حلاق الشهامه,DIRECT,2.3644,hair_salon,5.0,Google Places API (New) Nearby Search,2026-09-02T15:22:51+00:00
35,Shahama,ChIJh9wAonFPXj4R6P2_rlevv90,24.5243742,54.6718965,ChIJZ9hrtuhRXj4RmDgNcCo21dQ,V Elements Spa -Emirates Park Zoo & Resorts,ADJACENT,2.386,spa,5.0,Google Places API (New) Nearby Search,2026-09-02T15:22:51+00:00
35,Shahama,ChIJh9wAonFPXj4R6P2_rlevv90,24.5243742,54.6718965,ChIJJ7jBZY5PXj4RTl6-hx0XHHE,صالون طريق الأناقه,DIRECT,2.4743,hair_salon,5.0,Google Places API (New) Nearby Search,2026-09-02T15:22:51+00:00
35,Shahama,ChIJh9wAonFPXj4R6P2_rlevv90,24.5243742,54.6718965,ChIJqRwwWXtPXj4RIFw8lRVEroE,PARK LANE SALOON,DIRECT,2.5158,spa,5.0,Google Places API (New) Nearby Search,2026-09-02T15:22:51+00:00
35,Shahama,ChIJh9wAonFPXj4R6P2_rlevv90,24.5243742,54.6718965,ChIJHytneGtPXj4Rw0VlNFnumxE,Al taj Al masi saloon and spa 2.0,ADJACENT,2.5391,spa,5.0,Google Places API (New) Nearby Search,2026-09-02T15:22:51+00:00
35,Shahama,ChIJh9wAonFPXj4R6P2_rlevv90,24.5243742,54.6718965,ChIJ4dtgSABPXj4RZ2B1AqIw6hM,صالون,DIRECT,2.5631,nail_salon,5.0,Google Places API (New) Nearby Search,2026-09-02T15:22:51+00:00
35,Shahama,ChIJh9wAonFPXj4R6P2_rlevv90,24.5243742,54.6718965,ChIJc7DZPwlnXj4RDLTM5fIWTaY,Loody Beauty Station,DIRECT,2.5821,beauty_salon,5.0,Google Places API (New) Nearby Search,2026-09-02T15:22:51+00:00
35,Shahama,ChIJh9wAonFPXj4R6P2_rlevv90,24.5243742,54.6718965,ChIJf3cbfzdPXj4RMbH1w9jcBl8,Circle Beauty and Spa,DIRECT,2.5906,beauty_salon,5.0,Google Places API (New) Nearby Search,2026-09-02T15:22:51+00:00
35,Shahama,ChIJh9wAonFPXj4R6P2_rlevv90,24.5243742,54.6718965,ChIJMY1lrwZOXj4R7-PDKm3Goec,Al Taj International Saloon,DIRECT,2.6532,hair_salon,5.0,Google Places API (New) Nearby Search,2026-09-02T15:22:51+00:00
35,Shahama,ChIJh9wAonFPXj4R6P2_rlevv90,24.5243742,54.6718965,ChIJP8oGlEtRXj4RHrnakTIgVlA,Super Oasis gents spa,ADJACENT,3.5809,spa,5.0,Google Places API (New) Nearby Search,2026-09-02T15:22:51+00:00
35,Shahama,ChIJh9wAonFPXj4R6P2_rlevv90,24.5243742,54.6718965,ChIJh3jdGflRXj4R_LgciVZOQ6U,Kanaan Gents Saloon & SPA (Al Shahama Old),DIRECT,3.8072,spa,5.0,Google Places API (New) Nearby Search,2026-09-02T15:22:51+00:00
35,Shahama,ChIJh9wAonFPXj4R6P2_rlevv90,24.5243742,54.6718965,ChIJPXGOCltRXj4RDXOA3lqDsEY,لمسة كريستال صالون وسبا للرجال lmsat crystal salon&spa for gents,DIRECT,3.8646,"hair_salon, spa",5.0,Google Places API (New) Nearby Search,2026-09-02T15:22:51+00:00
35,Shahama,ChIJh9wAonFPXj4R6P2_rlevv90,24.5243742,54.6718965,ChIJ7x4o8xdRXj4RL8VExl8E4AM,Ambiance Men Spa Salon,DIRECT,3.9426,"beauty_salon, nail_salon, spa",5.0,Google Places API (New) Nearby Search,2026-09-02T15:22:51+00:00
35,Shahama,ChIJh9wAonFPXj4R6P2_rlevv90,24.5243742,54.6718965,ChIJs95Du2JRXj4Rr5S4SaI-Uh8,Sapple Gents Saloon & Spa,DIRECT,4.2055,hair_salon,5.0,Google Places API (New) Nearby Search,2026-09-02T15:22:51+00:00
35,Shahama,ChIJh9wAonFPXj4R6P2_rlevv90,24.5243742,54.6718965,ChIJA_bkfvdRXj4RIn9092gR8BA,مركز الجمال المخملي للتجميل,DIRECT,4.214,beauty_salon,5.0,Google Places API (New) Nearby Search,2026-09-02T15:22:51+00:00
35,Shahama,ChIJh9wAonFPXj4R6P2_rlevv90,24.5243742,54.6718965,ChIJB_vJfvdRXj4Re408gr2JbX0,SKY KIDS SALOON,DIRECT,4.2179,hair_salon,5.0,Google Places API (New) Nearby Search,2026-09-02T15:22:51+00:00
35,Shahama,ChIJh9wAonFPXj4R6P2_rlevv90,24.5243742,54.6718965,ChIJmae_OABRXj4RIxTWalzHY_k,الخليلل للطباعه في الشهامه,DIRECT,4.2318,nail_salon,5.0,Google Places API (New) Nearby Search,2026-09-02T15:22:51+00:00
35,Shahama,ChIJh9wAonFPXj4R6P2_rlevv90,24.5243742,54.6718965,ChIJibicqPdRXj4R8213z11_N4Y,Ruby Salon - Al Shahamah Abu Dhabi,DIRECT,4.4009,hair_salon,5.0,Google Places API (New) Nearby Search,2026-09-02T15:22:51+00:00
35,Shahama,ChIJh9wAonFPXj4R6P2_rlevv90,24.5243742,54.6718965,ChIJt5VoqPdRXj4R15pqzNESzv8,صالون بيبي ستايل - Baby Style Saloon,DIRECT,4.4039,hair_salon,5.0,Google Places API (New) Nearby Search,2026-09-02T15:22:51+00:00
35,Shahama,ChIJh9wAonFPXj4R6P2_rlevv90,24.5243742,54.6718965,ChIJO5rnYmBRXj4R1pXDgiZmjbw,صالون الاخوات الشهامة,DIRECT,4.5288,beauty_salon,5.0,Google Places API (New) Nearby Search,2026-09-02T15:22:51+00:00
35,Shahama,ChIJh9wAonFPXj4R6P2_rlevv90,24.5243742,54.6718965,ChIJz4AR6fpTXj4RAdWV-ZxOhEw,NEW HEALTHLINE MEDICAL CENTER مركز نيو هيلث لاين الطبي,DIRECT,4.5343,beauty_salon,5.0,Google Places API (New) Nearby Search,2026-09-02T15:22:51+00:00
35,Shahama,ChIJh9wAonFPXj4R6P2_rlevv90,24.5243742,54.6718965,ChIJa-JXp4dRXj4RwYg3Nwqibmo,صالون فياجو - Viaggio Beauty Salon,DIRECT,4.7135,beauty_salon,5.0,Google Places API (New) Nearby Search,2026-09-02T15:22:51+00:00
42,Shakhbout City,ChIJDbcz2A9tXz4RnqvVPtIP15c,24.3481854,54.6238561,ChIJOdqeZfA3Xj4R4z8QmaW5kIc,360 Cure Dental & Medical Center عيادة أسنان 360 كيور,DIRECT,0.1847,beauty_salon,5.0,Google Places API (New) Nearby Search,2026-09-02T15:22:51+00:00
42,Shakhbout City,ChIJDbcz2A9tXz4RnqvVPtIP15c,24.3481854,54.6238561,ChIJ0bh_UJQ3Xj4RMzjDoCk-2Vw,Summerland Medical Centre,DIRECT,0.1849,beauty_salon,5.0,Google Places API (New) Nearby Search,2026-09-02T15:22:51+00:00
42,Shakhbout City,ChIJDbcz2A9tXz4RnqvVPtIP15c,24.3481854,54.6238561,ChIJrRRESi83Xj4RFdDHv7OXwNw,Silkor Khalifa City B - Shakhbout City,DIRECT,0.4343,"beauty_salon, spa",5.0,Google Places API (New) Nearby Search,2026-09-02T15:22:51+00:00
42,Shakhbout City,ChIJDbcz2A9tXz4RnqvVPtIP15c,24.3481854,54.6238561,ChIJHYmp7ys3Xj4R6pbPDTmUi8A,The Muse UAE Boutique Spa shakhbout city,ADJACENT,0.4528,spa,5.0,Google Places API (New) Nearby Search,2026-09-02T15:22:51+00:00
42,Shakhbout City,ChIJDbcz2A9tXz4RnqvVPtIP15c,24.3481854,54.6238561,ChIJZ3vcheo3Xj4RnSWZDXWS72k,صالون ماكوين للسيدات McQueen Ladies Center,DIRECT,0.765,"beauty_salon, nail_salon",5.0,Google Places API (New) Nearby Search,2026-09-02T15:22:51+00:00
42,Shakhbout City,ChIJDbcz2A9tXz4RnqvVPtIP15c,24.3481854,54.6238561,ChIJzw1nGGI3Xj4RSdzy0PD4W_k,صالون موفينك للرجال ( متحرك ),DIRECT,1.0553,hair_salon,5.0,Google Places API (New) Nearby Search,2026-09-02T15:22:51+00:00
42,Shakhbout City,ChIJDbcz2A9tXz4RnqvVPtIP15c,24.3481854,54.6238561,ChIJT6HWvGA3Xj4Rmf8dQzGbtGY,Deem Beauty Lounge,DIRECT,1.3971,beauty_salon,5.0,Google Places API (New) Nearby Search,2026-09-02T15:22:51+00:00
42,Shakhbout City,ChIJDbcz2A9tXz4RnqvVPtIP15c,24.3481854,54.6238561,ChIJe-PIcXs3Xj4R4uamHT7kZpI,Stylicle men salon & spa,DIRECT,1.4047,"beauty_salon, spa",5.0,Google Places API (New) Nearby Search,2026-09-02T15:22:51+00:00
42,Shakhbout City,ChIJDbcz2A9tXz4RnqvVPtIP15c,24.3481854,54.6238561,ChIJAV19Lv83Xj4R1oqXSoHmJGk,Top Spa & Beauty Centre,DIRECT,1.4167,"beauty_salon, spa",5.0,Google Places API (New) Nearby Search,2026-09-02T15:22:51+00:00
42,Shakhbout City,ChIJDbcz2A9tXz4RnqvVPtIP15c,24.3481854,54.6238561,ChIJjX-vDS5HXj4RdLKTuTi86Vs,Top Ladies Beauty Centre,DIRECT,1.435,spa,5.0,Google Places API (New) Nearby Search,2026-09-02T15:22:51+00:00
42,Shakhbout City,ChIJDbcz2A9tXz4RnqvVPtIP15c,24.3481854,54.6238561,ChIJO_qHc_43Xj4R-51XaEJ9OPQ,Blonde Beauty Lounge,DIRECT,1.4479,beauty_salon,5.0,Google Places API (New) Nearby Search,2026-09-02T15:22:51+00:00
42,Shakhbout City,ChIJDbcz2A9tXz4RnqvVPtIP15c,24.3481854,54.6238561,ChIJqWvdQgBJXj4RWBnsE2sHUHY,Pause Salon for Women Shakbout,DIRECT,1.5743,beauty_salon,5.0,Google Places API (New) Nearby Search,2026-09-02T15:22:51+00:00
42,Shakhbout City,ChIJDbcz2A9tXz4RnqvVPtIP15c,24.3481854,54.6238561,ChIJtRO2tWRmXj4RN3c1rpNN8Fc,"Victory Medical Center طب الأسنان ،الجلدية, التجميل و الليزر",DIRECT,1.6793,"beauty_salon, spa",5.0,Google Places API (New) Nearby Search,2026-09-02T15:22:51+00:00
42,Shakhbout City,ChIJDbcz2A9tXz4RnqvVPtIP15c,24.3481854,54.6238561,ChIJJeWpYro5Xj4RihyklyD-wko,Vinca Spa,ADJACENT,1.6917,spa,5.0,Google Places API (New) Nearby Search,2026-09-02T15:22:51+00:00
42,Shakhbout City,ChIJDbcz2A9tXz4RnqvVPtIP15c,24.3481854,54.6238561,ChIJUfLkSQA3Xj4RrgHZJwapQf4,The Massage Relax Body Renewal,ADJACENT,1.7582,spa,5.0,Google Places API (New) Nearby Search,2026-09-02T15:22:51+00:00
42,Shakhbout City,ChIJDbcz2A9tXz4RnqvVPtIP15c,24.3481854,54.6238561,ChIJr4V2Aik3Xj4RIFoc6EUP4bk,Tripping spa,ADJACENT,1.8595,spa,5.0,Google Places API (New) Nearby Search,2026-09-02T15:22:51+00:00
42,Shakhbout City,ChIJDbcz2A9tXz4RnqvVPtIP15c,24.3481854,54.6238561,ChIJY0VC2YY3Xj4R6IxzHw9HKIo,Mari massage spa,ADJACENT,1.9711,spa,5.0,Google Places API (New) Nearby Search,2026-09-02T15:22:51+00:00
42,Shakhbout City,ChIJDbcz2A9tXz4RnqvVPtIP15c,24.3481854,54.6238561,ChIJx5_ERCppXj4RW2jFEvDfvPc,Sensation Spa at Metropolitan Al Mafraq Hotel,ADJACENT,1.9833,spa,5.0,Google Places API (New) Nearby Search,2026-09-02T15:22:51+00:00
42,Shakhbout City,ChIJDbcz2A9tXz4RnqvVPtIP15c,24.3481854,54.6238561,ChIJbURih5o3Xj4R4qP2Jcu8C8k,Metropolitan Al Mafraq Hotel,ADJACENT,1.9961,spa,5.0,Google Places API (New) Nearby Search,2026-09-02T15:22:51+00:00
42,Shakhbout City,ChIJDbcz2A9tXz4RnqvVPtIP15c,24.3481854,54.6238561,ChIJIe5kLu5JXj4RUbBEY9d3fqs,Men Hairdressing Trimming & Styling,DIRECT,2.0179,hair_salon,5.0,Google Places API (New) Nearby Search,2026-09-02T15:22:51+00:00
42,Shakhbout City,ChIJDbcz2A9tXz4RnqvVPtIP15c,24.3481854,54.6238561,ChIJH24wKv1RXj4RvSYUszn_Y_A,Sonic Spa,ADJACENT,2.0185,spa,5.0,Google Places API (New) Nearby Search,2026-09-02T15:22:51+00:00
42,Shakhbout City,ChIJDbcz2A9tXz4RnqvVPtIP15c,24.3481854,54.6238561,ChIJG1atwJ9JXj4RTYk6_7zZe0s,Enfield Royal Clinic Abu Dhabi | Shakhbout City - عيادة انفيلد رويال في أبوظبي | مدينة شخبوط,DIRECT,2.1856,spa,5.0,Google Places API (New) Nearby Search,2026-09-02T15:22:51+00:00
42,Shakhbout City,ChIJDbcz2A9tXz4RnqvVPtIP15c,24.3481854,54.6238561,ChIJlwG5_DI3Xj4RXNhToLQcoWw,Orient Magic Beauty Center,DIRECT,2.5105,beauty_salon,5.0,Google Places API (New) Nearby Search,2026-09-02T15:22:51+00:00
42,Shakhbout City,ChIJDbcz2A9tXz4RnqvVPtIP15c,24.3481854,54.6238561,ChIJBQkS3S9JXj4RDc7Mr32zXOY,Stylicle men salon &spa BR -1,DIRECT,2.6656,spa,5.0,Google Places API (New) Nearby Search,2026-09-02T15:22:51+00:00
42,Shakhbout City,ChIJDbcz2A9tXz4RnqvVPtIP15c,24.3481854,54.6238561,ChIJ65AiVIM3Xj4RYiLWACbYbLM,Al aqeeq Gents Saloon,DIRECT,2.7926,hair_salon,5.0,Google Places API (New) Nearby Search,2026-09-02T15:22:51+00:00
42,Shakhbout City,ChIJDbcz2A9tXz4RnqvVPtIP15c,24.3481854,54.6238561,ChIJ56reDZs3Xj4RAMJGbLxzSek,صالون مولتو بيلو للرجال,DIRECT,2.8175,hair_salon,5.0,Google Places API (New) Nearby Search,2026-09-02T15:22:51+00:00
42,Shakhbout City,ChIJDbcz2A9tXz4RnqvVPtIP15c,24.3481854,54.6238561,ChIJt_rot6w3Xj4RywzijzxGx14,صالون سونا الشوامخ,DIRECT,3.0865,beauty_salon,5.0,Google Places API (New) Nearby Search,2026-09-02T15:22:51+00:00
42,Shakhbout City,ChIJDbcz2A9tXz4RnqvVPtIP15c,24.3481854,54.6238561,ChIJ40-DSf43Xj4RiE7IGLOBm9k,جنة مركز نسائي للتدليك والاسترخاء Jannah women massage and relaxation center,DIRECT,3.4318,"nail_salon, spa",5.0,Google Places API (New) Nearby Search,2026-09-02T15:22:51+00:00
42,Shakhbout City,ChIJDbcz2A9tXz4RnqvVPtIP15c,24.3481854,54.6238561,ChIJ7eg4VFo3Xj4RBKDKLzVzjgo,مركز الامارات للعناية الرجالية فرع بني ياس,DIRECT,3.4663,"hair_salon, spa",5.0,Google Places API (New) Nearby Search,2026-09-02T15:22:51+00:00
42,Shakhbout City,ChIJDbcz2A9tXz4RnqvVPtIP15c,24.3481854,54.6238561,ChIJX_ZcqnY3Xj4Rktg3FT-LHk8,Arw Style Fitness & Beauty Center,DIRECT,3.5593,beauty_salon,5.0,Google Places API (New) Nearby Search,2026-09-02T15:22:51+00:00
42,Shakhbout City,ChIJDbcz2A9tXz4RnqvVPtIP15c,24.3481854,54.6238561,ChIJMf7gtVM3Xj4RVkTZQc-IkxI,Saloon Abu Hamdan1,DIRECT,3.5933,hair_salon,5.0,Google Places API (New) Nearby Search,2026-09-02T15:22:51+00:00
42,Shakhbout City,ChIJDbcz2A9tXz4RnqvVPtIP15c,24.3481854,54.6238561,ChIJmVS7RtpJXj4Rb9wAlFGyBaw,Chaouen ladies beauty center,DIRECT,3.6802,beauty_salon,5.0,Google Places API (New) Nearby Search,2026-09-02T15:22:51+00:00
42,Shakhbout City,ChIJDbcz2A9tXz4RnqvVPtIP15c,24.3481854,54.6238561,ChIJ9fMLuP1JXj4RFOdsj2_RPvw,Essenzaصالون حلاقه رجال,DIRECT,3.6813,hair_salon,5.0,Google Places API (New) Nearby Search,2026-09-02T15:22:51+00:00
42,Shakhbout City,ChIJDbcz2A9tXz4RnqvVPtIP15c,24.3481854,54.6238561,ChIJz9fcsplJXj4R3XctupxLwzw,The H & Spa,DIRECT,3.6923,beauty_salon,5.0,Google Places API (New) Nearby Search,2026-09-02T15:22:51+00:00
42,Shakhbout City,ChIJDbcz2A9tXz4RnqvVPtIP15c,24.3481854,54.6238561,ChIJm5dXNFFJXj4RtVnYoCFdslI,Avenue Medical Center | أفينيو مركز طبي,DIRECT,3.7195,spa,5.0,Google Places API (New) Nearby Search,2026-09-02T15:22:51+00:00
42,Shakhbout City,ChIJDbcz2A9tXz4RnqvVPtIP15c,24.3481854,54.6238561,ChIJcR8_Ag03Xj4RoMKJBgEMuA4,Shaimaa Alghadeer Laydi Saloon,DIRECT,3.7507,hair_salon,5.0,Google Places API (New) Nearby Search,2026-09-02T15:22:51+00:00
42,Shakhbout City,ChIJDbcz2A9tXz4RnqvVPtIP15c,24.3481854,54.6238561,ChIJZbAdeyg3Xj4RhrWxz1sAecs,Turquoise Spa,DIRECT,3.8005,hair_salon,5.0,Google Places API (New) Nearby Search,2026-09-02T15:22:51+00:00
42,Shakhbout City,ChIJDbcz2A9tXz4RnqvVPtIP15c,24.3481854,54.6238561,ChIJ445rqPg3Xj4RO1U_JhJFh8c,صالون بيكاتشو للأطفال,DIRECT,3.8618,hair_salon,5.0,Google Places API (New) Nearby Search,2026-09-02T15:22:51+00:00
42,Shakhbout City,ChIJDbcz2A9tXz4RnqvVPtIP15c,24.3481854,54.6238561,ChIJX2ArbwA3Xj4RuRoiKM_sX30,صالون توينز للرجال | TWINS GENTS SALON,DIRECT,4.0487,hair_salon,5.0,Google Places API (New) Nearby Search,2026-09-02T15:22:51+00:00
42,Shakhbout City,ChIJDbcz2A9tXz4RnqvVPtIP15c,24.3481854,54.6238561,ChIJy0LT_945Xj4RBGCO1W43Irk,AL Sahir Gents Salon,DIRECT,4.0807,hair_salon,5.0,Google Places API (New) Nearby Search,2026-09-02T15:22:51+00:00
42,Shakhbout City,ChIJDbcz2A9tXz4RnqvVPtIP15c,24.3481854,54.6238561,ChIJD7cY4303Xj4RzPDGba1moEM,Coco Melon Kids Saloon,DIRECT,4.0976,hair_salon,5.0,Google Places API (New) Nearby Search,2026-09-02T15:22:51+00:00
42,Shakhbout City,ChIJDbcz2A9tXz4RnqvVPtIP15c,24.3481854,54.6238561,ChIJg-4lyOM3Xj4RjXGHH6n7wOw,House of Hair Cutt,DIRECT,4.2506,hair_salon,5.0,Google Places API (New) Nearby Search,2026-09-02T15:22:51+00:00
42,Shakhbout City,ChIJDbcz2A9tXz4RnqvVPtIP15c,24.3481854,54.6238561,ChIJNUWVaoM3Xj4RHWdV5LZ8nYM,Arous al Sahara Saloon,DIRECT,4.2819,beauty_salon,5.0,Google Places API (New) Nearby Search,2026-09-02T15:22:51+00:00
42,Shakhbout City,ChIJDbcz2A9tXz4RnqvVPtIP15c,24.3481854,54.6238561,ChIJvWRdzGpHXj4RVrdYzftLegk,Ruby Salon - Zayed Plaza (ADA Plaza) Zayed City Abu Dhabi,DIRECT,4.3165,"beauty_salon, hair_salon",5.0,Google Places API (New) Nearby Search,2026-09-02T15:22:51+00:00
42,Shakhbout City,ChIJDbcz2A9tXz4RnqvVPtIP15c,24.3481854,54.6238561,ChIJNSeH3Jc5Xj4R9Gn6KztlNE4,حلاق جست برستيج للرجال Just Prestige Gents Salon,DIRECT,4.5851,hair_salon,5.0,Google Places API (New) Nearby Search,2026-09-02T15:22:51+00:00
42,Shakhbout City,ChIJDbcz2A9tXz4RnqvVPtIP15c,24.3481854,54.6238561,ChIJxaeFdgA3Xj4RZzOvlvGfAds,Spa Baniyas Home Service,ADJACENT,4.7202,spa,5.0,Google Places API (New) Nearby Search,2026-09-02T15:22:51+00:00
42,Shakhbout City,ChIJDbcz2A9tXz4RnqvVPtIP15c,24.3481854,54.6238561,ChIJO3IcU29JXj4RXQvZWQrgZn0,Salon Abdullah Saleh حلاق عبداللّه صالح الرجال,DIRECT,4.7431,hair_salon,5.0,Google Places API (New) Nearby Search,2026-09-02T15:22:51+00:00
42,Shakhbout City,ChIJDbcz2A9tXz4RnqvVPtIP15c,24.3481854,54.6238561,ChIJn8JqQR03Xj4REWqgFbMUIYQ,صالون شباب سناب,DIRECT,4.8154,hair_salon,5.0,Google Places API (New) Nearby Search,2026-09-02T15:22:51+00:00
42,Shakhbout City,ChIJDbcz2A9tXz4RnqvVPtIP15c,24.3481854,54.6238561,ChIJP_xsxGI3Xj4Rs66Ez349Xhs,Ruby Salon - Mafraq Abu Dhabi,DIRECT,4.817,hair_salon,5.0,Google Places API (New) Nearby Search,2026-09-02T15:22:51+00:00
42,Shakhbout City,ChIJDbcz2A9tXz4RnqvVPtIP15c,24.3481854,54.6238561,ChIJ98DgdwA3Xj4R9XhEkH014Ow,RIGHT RAZOR Gents Saloon - صالون رايت ريزر للحلاقة الرجالية,DIRECT,4.8585,hair_salon,5.0,Google Places API (New) Nearby Search,2026-09-02T15:22:51+00:00
42,Shakhbout City,ChIJDbcz2A9tXz4RnqvVPtIP15c,24.3481854,54.6238561,ChIJvVPxDGM3Xj4R3D2HRdnlzj0,Veneto Spa Men center,ADJACENT,4.8631,spa,5.0,Google Places API (New) Nearby Search,2026-09-02T15:22:51+00:00
42,Shakhbout City,ChIJDbcz2A9tXz4RnqvVPtIP15c,24.3481854,54.6238561,ChIJNekS3hg3Xj4R9DMowP9KzqA,Healthline One Day Surgery Center,DIRECT,4.9946,beauty_salon,5.0,Google Places API (New) Nearby Search,2026-09-02T15:22:51+00:00
34,Westyas Branch,ChIJURfcOI9FXj4RQMm5phqBgY8,24.4934924,54.5868369,ChIJ4UkIgGJFXj4Rqq_4olKf64c,White Angel Centre,DIRECT,0.0168,hair_salon,5.0,Google Places API (New) Nearby Search,2026-09-02T15:22:51+00:00
34,Westyas Branch,ChIJURfcOI9FXj4RQMm5phqBgY8,24.4934924,54.5868369,ChIJFZhIAO5DXj4RzlYwDOcq5NA,KF Makeup & Hair Styling (Home Service),DIRECT,0.0368,beauty_salon,5.0,Google Places API (New) Nearby Search,2026-09-02T15:22:51+00:00
34,Westyas Branch,ChIJURfcOI9FXj4RQMm5phqBgY8,24.4934924,54.5868369,ChIJJ5gJMwBFXj4RW3-X0Jq0yYo,Massage Europe Hidden Bliss Spa VV,DIRECT,0.8781,spa,5.0,Google Places API (New) Nearby Search,2026-09-02T15:22:51+00:00
34,Westyas Branch,ChIJURfcOI9FXj4RQMm5phqBgY8,24.4934924,54.5868369,ChIJ2TsjEQBFXj4Rb-4efjHOfG4,Massage At Home South Thun Holidays,ADJACENT,1.1473,spa,5.0,Google Places API (New) Nearby Search,2026-09-02T15:22:51+00:00
34,Westyas Branch,ChIJURfcOI9FXj4RQMm5phqBgY8,24.4934924,54.5868369,ChIJnbUMv8FFXj4RNd5I0EaxNd0,Ivy Beauty and Bubbles at The WB Abu Dhabi,DIRECT,1.2254,hair_salon,5.0,Google Places API (New) Nearby Search,2026-09-02T15:22:51+00:00
34,Westyas Branch,ChIJURfcOI9FXj4RQMm5phqBgY8,24.4934924,54.5868369,ChIJlwuS98FFXj4RHlziQizgHi8,"The WB Abu Dhabi, Curio Collection by Hilton",ADJACENT,1.2583,spa,5.0,Google Places API (New) Nearby Search,2026-09-02T15:22:51+00:00
34,Westyas Branch,ChIJURfcOI9FXj4RQMm5phqBgY8,24.4934924,54.5868369,ChIJHxjtWBlFXj4RDcKTU8utwso,Ghanj Salon,DIRECT,1.2831,beauty_salon,5.0,Google Places API (New) Nearby Search,2026-09-02T15:22:51+00:00
34,Westyas Branch,ChIJURfcOI9FXj4RQMm5phqBgY8,24.4934924,54.5868369,ChIJsXh-qCRFXj4RPD1S74hayKA,Très Chic Beauty Lounge,DIRECT,1.2952,beauty_salon,5.0,Google Places API (New) Nearby Search,2026-09-02T15:22:51+00:00
34,Westyas Branch,ChIJURfcOI9FXj4RQMm5phqBgY8,24.4934924,54.5868369,ChIJOWstIIc5Xj4RsZnNuhAC5VU,Massage Taiwan SVIP Relax Mia,ADJACENT,1.3063,spa,5.0,Google Places API (New) Nearby Search,2026-09-02T15:22:51+00:00
34,Westyas Branch,ChIJURfcOI9FXj4RQMm5phqBgY8,24.4934924,54.5868369,ChIJzytGPQBFXj4ROm4eylf7Kho,Yaber alahbabi,DIRECT,1.3472,nail_salon,5.0,Google Places API (New) Nearby Search,2026-09-02T15:22:51+00:00
34,Westyas Branch,ChIJURfcOI9FXj4RQMm5phqBgY8,24.4934924,54.5868369,ChIJo4LMTXxFXj4R5iCfrp3S2BQ,Therapists.ae - Home Service Massage,ADJACENT,1.372,spa,5.0,Google Places API (New) Nearby Search,2026-09-02T15:22:51+00:00
34,Westyas Branch,ChIJURfcOI9FXj4RQMm5phqBgY8,24.4934924,54.5868369,ChIJeeAdRABFXj4Rzvb-S7eVHy8,Massage Haven of Rest Enjoy,ADJACENT,1.4578,spa,5.0,Google Places API (New) Nearby Search,2026-09-02T15:22:51+00:00
34,Westyas Branch,ChIJURfcOI9FXj4RQMm5phqBgY8,24.4934924,54.5868369,ChIJ1TbI3AhFXj4RIei31htfz6w,Mantis Best Barbershop In Yas island,DIRECT,1.4645,hair_salon,5.0,Google Places API (New) Nearby Search,2026-09-02T15:22:51+00:00
34,Westyas Branch,ChIJURfcOI9FXj4RQMm5phqBgY8,24.4934924,54.5868369,ChIJvTrBHgA1Xj4ReO_eneusAaw,Home Massage Sense Luxurion,ADJACENT,1.4849,spa,5.0,Google Places API (New) Nearby Search,2026-09-02T15:22:51+00:00
34,Westyas Branch,ChIJURfcOI9FXj4RQMm5phqBgY8,24.4934924,54.5868369,ChIJiRA2fSNFXj4RMWrYFpOYLvQ,Scarlet Rose Salon,DIRECT,1.4948,beauty_salon,5.0,Google Places API (New) Nearby Search,2026-09-02T15:22:51+00:00
34,Westyas Branch,ChIJURfcOI9FXj4RQMm5phqBgY8,24.4934924,54.5868369,ChIJNZjaMk5FXj4RBlQbbIh0BkA,Beauty Lab Salon,DIRECT,1.532,hair_salon,5.0,Google Places API (New) Nearby Search,2026-09-02T15:22:51+00:00
34,Westyas Branch,ChIJURfcOI9FXj4RQMm5phqBgY8,24.4934924,54.5868369,ChIJcyujQQVFXj4RLUiC5VInFO8,Massage PvD European Relaxing SUS,ADJACENT,1.5652,spa,5.0,Google Places API (New) Nearby Search,2026-09-02T15:22:51+00:00
34,Westyas Branch,ChIJURfcOI9FXj4RQMm5phqBgY8,24.4934924,54.5868369,ChIJ3-uGn0Iz26cR1MLoPgqPDNw,The Serenity Spa Clinic and Massage,DIRECT,1.5908,spa,5.0,Google Places API (New) Nearby Search,2026-09-02T15:22:51+00:00
34,Westyas Branch,ChIJURfcOI9FXj4RQMm5phqBgY8,24.4934924,54.5868369,ChIJ356381xFXj4RleluuqcjXKw,La bella vita ladies salon,DIRECT,1.8157,beauty_salon,5.0,Google Places API (New) Nearby Search,2026-09-02T15:22:51+00:00
34,Westyas Branch,ChIJURfcOI9FXj4RQMm5phqBgY8,24.4934924,54.5868369,ChIJLySq1BxFXj4Rgiy9C0CqB30,Little Scissors Kids Salon | صالون ليتل سيزر لأطفال,DIRECT,2.14,beauty_salon,5.0,Google Places API (New) Nearby Search,2026-09-02T15:22:51+00:00
34,Westyas Branch,ChIJURfcOI9FXj4RQMm5phqBgY8,24.4934924,54.5868369,ChIJldsuf4dPXj4RP-dmBlvAypc,The Loft Fifth Avenue Beauty Lounge - Yas Mall,DIRECT,2.2062,"beauty_salon, hair_salon, nail_salon, spa",5.0,Google Places API (New) Nearby Search,2026-09-02T15:22:51+00:00
34,Westyas Branch,ChIJURfcOI9FXj4RQMm5phqBgY8,24.4934924,54.5868369,ChIJUa8OzOlFXj4Rwz13Z_Ot4xk,Nails Style Beauty Centre,DIRECT,2.2693,"beauty_salon, nail_salon",5.0,Google Places API (New) Nearby Search,2026-09-02T15:22:51+00:00
34,Westyas Branch,ChIJURfcOI9FXj4RQMm5phqBgY8,24.4934924,54.5868369,ChIJ4x3g-H1FXj4RJ3-M0d7X8kw,Yves Rocher - France,DIRECT,2.2724,beauty_salon,5.0,Google Places API (New) Nearby Search,2026-09-02T15:22:51+00:00
34,Westyas Branch,ChIJURfcOI9FXj4RQMm5phqBgY8,24.4934924,54.5868369,ChIJX56uiH1FXj4R0q65jZPBHjU,Tips and Toes Yas Mall,DIRECT,2.4087,beauty_salon,5.0,Google Places API (New) Nearby Search,2026-09-02T15:22:51+00:00
34,Westyas Branch,ChIJURfcOI9FXj4RQMm5phqBgY8,24.4934924,54.5868369,ChIJw8rScR1FXj4RqBQrVfnEKSg,GUMAMELA Ladies Beauty Salon,DIRECT,2.4122,beauty_salon,5.0,Google Places API (New) Nearby Search,2026-09-02T15:22:51+00:00
34,Westyas Branch,ChIJURfcOI9FXj4RQMm5phqBgY8,24.4934924,54.5868369,ChIJ4QqriIlFXj4RlYDoVJA9FCo,"Jazz Lounge Spa for Men - Yas Mall, Abu Dhabi",DIRECT,2.4595,"beauty_salon, hair_salon, nail_salon, spa",5.0,Google Places API (New) Nearby Search,2026-09-02T15:22:51+00:00
34,Westyas Branch,ChIJURfcOI9FXj4RQMm5phqBgY8,24.4934924,54.5868369,ChIJNe0TlU1PXj4Refjm7kiQahI,Mizu Beauty Lounge,DIRECT,2.7261,beauty_salon,5.0,Google Places API (New) Nearby Search,2026-09-02T15:22:51+00:00
34,Westyas Branch,ChIJURfcOI9FXj4RQMm5phqBgY8,24.4934924,54.5868369,ChIJvyyV2wRFXj4R_PuWM8M6Joc,The Spa,ADJACENT,3.0708,spa,5.0,Google Places API (New) Nearby Search,2026-09-02T15:22:51+00:00
34,Westyas Branch,ChIJURfcOI9FXj4RQMm5phqBgY8,24.4934924,54.5868369,ChIJbWf7-eFFXj4R3ua_ke0oiTc,"Azure Beauty Salon, Crowne Plaza",DIRECT,3.2908,beauty_salon,5.0,Google Places API (New) Nearby Search,2026-09-02T15:22:51+00:00
34,Westyas Branch,ChIJURfcOI9FXj4RQMm5phqBgY8,24.4934924,54.5868369,ChIJA9g7M45FXj4RgCVL-7Yomi8,Yas Plaza Marina,ADJACENT,3.3031,spa,5.0,Google Places API (New) Nearby Search,2026-09-02T15:22:51+00:00
34,Westyas Branch,ChIJURfcOI9FXj4RQMm5phqBgY8,24.4934924,54.5868369,ChIJJeEfBQBnXj4Rvh_7We3A1uY,Massage Singapore relax royal CX,ADJACENT,3.4083,spa,5.0,Google Places API (New) Nearby Search,2026-09-02T15:22:51+00:00
34,Westyas Branch,ChIJURfcOI9FXj4RQMm5phqBgY8,24.4934924,54.5868369,ChIJAdgYhN5PXj4RaWe6WoDcrrc,Beauty Lab Salon,DIRECT,3.4552,beauty_salon,5.0,Google Places API (New) Nearby Search,2026-09-02T15:22:51+00:00
34,Westyas Branch,ChIJURfcOI9FXj4RQMm5phqBgY8,24.4934924,54.5868369,ChIJ1zogncRFXj4RGTxRt0F_muc,Saal Gents Salon,DIRECT,3.4628,hair_salon,5.0,Google Places API (New) Nearby Search,2026-09-02T15:22:51+00:00
34,Westyas Branch,ChIJURfcOI9FXj4RQMm5phqBgY8,24.4934924,54.5868369,ChIJQfe_D4lFXj4R6bFufgR02Nk,AWAY Spa at W Abu Dhabi - Yas Island,ADJACENT,3.4748,spa,5.0,Google Places API (New) Nearby Search,2026-09-02T15:22:51+00:00
34,Westyas Branch,ChIJURfcOI9FXj4RQMm5phqBgY8,24.4934924,54.5868369,ChIJ945rcwBFXj4RkED4A0Sq8Fs,The Massage Taiwan Luxuryy,ADJACENT,3.6034,spa,5.0,Google Places API (New) Nearby Search,2026-09-02T15:22:51+00:00
34,Westyas Branch,ChIJURfcOI9FXj4RQMm5phqBgY8,24.4934924,54.5868369,ChIJFcYkWQBFXj4RETEuxejhGuk,Massage Hinther good service,ADJACENT,4.0376,spa,5.0,Google Places API (New) Nearby Search,2026-09-02T15:22:51+00:00
34,Westyas Branch,ChIJURfcOI9FXj4RQMm5phqBgY8,24.4934924,54.5868369,ChIJmckIai1FXj4RDJdfcplz-70,Beautyspot Salons,DIRECT,4.0544,"beauty_salon, hair_salon, nail_salon",5.0,Google Places API (New) Nearby Search,2026-09-02T15:22:51+00:00
34,Westyas Branch,ChIJURfcOI9FXj4RQMm5phqBgY8,24.4934924,54.5868369,ChIJ7za_SY1FXj4R1gEhQkwqFQU,Hilton Abu Dhabi Yas Island,ADJACENT,4.0557,spa,5.0,Google Places API (New) Nearby Search,2026-09-02T15:22:51+00:00
34,Westyas Branch,ChIJURfcOI9FXj4RQMm5phqBgY8,24.4934924,54.5868369,ChIJy06r3PNFXj4RK3wK2NZkGJc,eforea spa,ADJACENT,4.0971,spa,5.0,Google Places API (New) Nearby Search,2026-09-02T15:22:51+00:00
34,Westyas Branch,ChIJURfcOI9FXj4RQMm5phqBgY8,24.4934924,54.5868369,ChIJ_3PpKfdFXj4RMHet52RdlMM,Edelweiss Beauty Centre,DIRECT,4.9339,beauty_salon,5.0,Google Places API (New) Nearby Search,2026-09-02T15:22:51+00:00
34,Westyas Branch,ChIJURfcOI9FXj4RQMm5phqBgY8,24.4934924,54.5868369,ChIJr-x0DcpFXj4RiHgtUWG1QKE,MAURICE CUT BARBERSHOP,DIRECT,4.9487,hair_salon,5.0,Google Places API (New) Nearby Search,2026-09-02T15:22:51+00:00
34,Westyas Branch,ChIJURfcOI9FXj4RQMm5phqBgY8,24.4934924,54.5868369,ChIJQ-xRY6NFXj4Ru-FAiCzJdaQ,Twiink Beauty Studio - Ladies Beauty Salon,DIRECT,4.9493,beauty_salon,5.0,Google Places API (New) Nearby Search,2026-09-02T15:22:51+00:00
34,Westyas Branch,ChIJURfcOI9FXj4RQMm5phqBgY8,24.4934924,54.5868369,ChIJAR_nF0BFXj4R4tqQUPp56G4,Bua Lady Spa,ADJACENT,4.968,spa,5.0,Google Places API (New) Nearby Search,2026-09-02T15:22:51+00:00
49,Zawaya Walk,ChIJNY29cDNZXz4RT5H-KSCWfCo,25.3306234,55.4294728,ChIJW5QqzupZXz4RAT2eIL86uMU,Secret Care barber shop & Spa صالون رجالي سر العناية,DIRECT,0.1162,hair_salon,5.0,Google Places API (New) Nearby Search,2026-09-02T15:22:51+00:00
49,Zawaya Walk,ChIJNY29cDNZXz4RT5H-KSCWfCo,25.3306234,55.4294728,ChIJr5DqpdpZXz4RBkXFYA8Bhis,Cosmolaser Medical Center | مركز كوزمولايزر,DIRECT,1.1197,beauty_salon,5.0,Google Places API (New) Nearby Search,2026-09-02T15:22:51+00:00
49,Zawaya Walk,ChIJNY29cDNZXz4RT5H-KSCWfCo,25.3306234,55.4294728,ChIJl_G_HOFZXz4R2PnapI98n0o,Weneya Beauty center ( samnan BR ),DIRECT,1.2279,"beauty_salon, nail_salon, spa",5.0,Google Places API (New) Nearby Search,2026-09-02T15:22:51+00:00
49,Zawaya Walk,ChIJNY29cDNZXz4RT5H-KSCWfCo,25.3306234,55.4294728,ChIJM0YNNT5ZXz4RxMzXwv6OGoI,مركز الوزن المثالي,DIRECT,1.2667,beauty_salon,5.0,Google Places API (New) Nearby Search,2026-09-02T15:22:51+00:00
49,Zawaya Walk,ChIJNY29cDNZXz4RT5H-KSCWfCo,25.3306234,55.4294728,ChIJfVIQSThZXz4RHLspfKq_lgU,Dr Sunny,DIRECT,1.3556,beauty_salon,5.0,Google Places API (New) Nearby Search,2026-09-02T15:22:51+00:00
49,Zawaya Walk,ChIJNY29cDNZXz4RT5H-KSCWfCo,25.3306234,55.4294728,ChIJ3YUIZHdZXz4RdqkQQoN5WiM,Sunny Derma,DIRECT,1.3592,spa,5.0,Google Places API (New) Nearby Search,2026-09-02T15:22:51+00:00
49,Zawaya Walk,ChIJNY29cDNZXz4RT5H-KSCWfCo,25.3306234,55.4294728,ChIJU_ZWWT9ZXz4RwXAZR2gShjU,Al Zumurud Medical Center مركز الزمرد الطبي,DIRECT,1.5775,spa,5.0,Google Places API (New) Nearby Search,2026-09-02T15:22:51+00:00
49,Zawaya Walk,ChIJNY29cDNZXz4RT5H-KSCWfCo,25.3306234,55.4294728,ChIJ0YWEjBZZXz4Rlr_6RyMu_RM,الركن التايلندي للمساج و الحمام المغربي للسيدات,ADJACENT,1.6107,spa,5.0,Google Places API (New) Nearby Search,2026-09-02T15:22:51+00:00
49,Zawaya Walk,ChIJNY29cDNZXz4RT5H-KSCWfCo,25.3306234,55.4294728,ChIJBV8FjRZZXz4RmqXXsT4z61o,Qatr Al Nada Ladies Beauty Saloon,DIRECT,1.628,"hair_salon, nail_salon",5.0,Google Places API (New) Nearby Search,2026-09-02T15:22:51+00:00
49,Zawaya Walk,ChIJNY29cDNZXz4RT5H-KSCWfCo,25.3306234,55.4294728,ChIJ18eUxGdZXz4RVWnvBfjJAzI,Nazih Beauty | Al Qasmia St | Sharjah,DIRECT,1.8711,"hair_salon, nail_salon",5.0,Google Places API (New) Nearby Search,2026-09-02T15:22:51+00:00
49,Zawaya Walk,ChIJNY29cDNZXz4RT5H-KSCWfCo,25.3306234,55.4294728,ChIJYdYrnnpZXz4RjLXEnfNGyfg,Karkafi Hair Extension Sharjah قرقفي للشعر المستعار (اكستنشن) الشارقة,DIRECT,2.8362,hair_salon,5.0,Google Places API (New) Nearby Search,2026-09-02T15:22:51+00:00
49,Zawaya Walk,ChIJNY29cDNZXz4RT5H-KSCWfCo,25.3306234,55.4294728,ChIJ9fLeKQBZXz4RANcolwUEpRo,ASH Beauty Lounge,DIRECT,2.9717,beauty_salon,5.0,Google Places API (New) Nearby Search,2026-09-02T15:22:51+00:00
49,Zawaya Walk,ChIJNY29cDNZXz4RT5H-KSCWfCo,25.3306234,55.4294728,ChIJxQZIc89fXz4R2nkKCFanbxA,GymNation Al Zahia Ladies | Best Gym in Sharjah,ADJACENT,3.0909,spa,5.0,Google Places API (New) Nearby Search,2026-09-02T15:22:51+00:00
49,Zawaya Walk,ChIJNY29cDNZXz4RT5H-KSCWfCo,25.3306234,55.4294728,ChIJU3RG_FVfXz4RBRkAQDo4vSU,GymNation Al Zahia Men's | Best Gym in Sharjah,ADJACENT,3.0909,spa,5.0,Google Places API (New) Nearby Search,2026-09-02T15:22:51+00:00
49,Zawaya Walk,ChIJNY29cDNZXz4RT5H-KSCWfCo,25.3306234,55.4294728,ChIJc5khtppZXz4RofafrhU7b2o,Pause Saloon and Spa Sharjah,DIRECT,3.2247,beauty_salon,5.0,Google Places API (New) Nearby Search,2026-09-02T15:22:51+00:00
49,Zawaya Walk,ChIJNY29cDNZXz4RT5H-KSCWfCo,25.3306234,55.4294728,ChIJLZSUf_5fXz4Rq_byF16_u1w,Adam saloon Muwaileh,DIRECT,3.2253,hair_salon,5.0,Google Places API (New) Nearby Search,2026-09-02T15:22:51+00:00
49,Zawaya Walk,ChIJNY29cDNZXz4RT5H-KSCWfCo,25.3306234,55.4294728,ChIJO6b71yNfXz4RQ_YTJwK4dFs,Polished Spa,ADJACENT,3.3292,spa,5.0,Google Places API (New) Nearby Search,2026-09-02T15:22:51+00:00
49,Zawaya Walk,ChIJNY29cDNZXz4RT5H-KSCWfCo,25.3306234,55.4294728,ChIJaYl9CpVZXz4Rerjtulc7fLw,Leen Beauty Center,DIRECT,3.3604,"hair_salon, nail_salon",5.0,Google Places API (New) Nearby Search,2026-09-02T15:22:51+00:00
49,Zawaya Walk,ChIJNY29cDNZXz4RT5H-KSCWfCo,25.3306234,55.4294728,ChIJ82Lw0yNfXz4RN7hn-gRQnno,Horse Spa For Men,ADJACENT,3.3703,spa,5.0,Google Places API (New) Nearby Search,2026-09-02T15:22:51+00:00
49,Zawaya Walk,ChIJNY29cDNZXz4RT5H-KSCWfCo,25.3306234,55.4294728,ChIJV0YgnyRfXz4RC14mubqOCiE,Royal Spa,ADJACENT,3.4011,spa,5.0,Google Places API (New) Nearby Search,2026-09-02T15:22:51+00:00
49,Zawaya Walk,ChIJNY29cDNZXz4RT5H-KSCWfCo,25.3306234,55.4294728,ChIJofTmTdpfXz4RdMzeH2B-GwU,The Beauty Revival Center مركز إحياء الجمال,DIRECT,3.4043,spa,5.0,Google Places API (New) Nearby Search,2026-09-02T15:22:51+00:00
49,Zawaya Walk,ChIJNY29cDNZXz4RT5H-KSCWfCo,25.3306234,55.4294728,ChIJR2fkRYJfXz4REzmPziZ6qpg,Anisaty Ladies Salon Muweillah Branch,DIRECT,3.4051,nail_salon,5.0,Google Places API (New) Nearby Search,2026-09-02T15:22:51+00:00
49,Zawaya Walk,ChIJNY29cDNZXz4RT5H-KSCWfCo,25.3306234,55.4294728,ChIJA-EyzRdfXz4RE3t3rQSKlSc,Nail2u Spa,DIRECT,3.44,"beauty_salon, nail_salon",5.0,Google Places API (New) Nearby Search,2026-09-02T15:22:51+00:00
49,Zawaya Walk,ChIJNY29cDNZXz4RT5H-KSCWfCo,25.3306234,55.4294728,ChIJS77minNfXz4R2YZQP0h5-UU,HAPPY CUT Salon,DIRECT,3.4407,hair_salon,5.0,Google Places API (New) Nearby Search,2026-09-02T15:22:51+00:00
49,Zawaya Walk,ChIJNY29cDNZXz4RT5H-KSCWfCo,25.3306234,55.4294728,ChIJn35XMY9fXz4R3Zjk8xl7GB4,Mani & Pedi Sharjah - ماني اند بيدي الشارقة,DIRECT,3.4673,nail_salon,5.0,Google Places API (New) Nearby Search,2026-09-02T15:22:51+00:00
49,Zawaya Walk,ChIJNY29cDNZXz4RT5H-KSCWfCo,25.3306234,55.4294728,ChIJN9iT5I9fXz4Ra9wX-HJfdKQ,Touch Beauty Centre,DIRECT,3.4783,beauty_salon,5.0,Google Places API (New) Nearby Search,2026-09-02T15:22:51+00:00
49,Zawaya Walk,ChIJNY29cDNZXz4RT5H-KSCWfCo,25.3306234,55.4294728,ChIJaZVR4APfLYoRDs8nQwNkq7A,"Cutting Edge Ladies Salon I Mega Mall, Sharjah | Ladies Beauty Salon In Sharjah | Cutting Edge Ladies Hairdresser",DIRECT,3.4966,hair_salon,5.0,Google Places API (New) Nearby Search,2026-09-02T15:22:51+00:00
49,Zawaya Walk,ChIJNY29cDNZXz4RT5H-KSCWfCo,25.3306234,55.4294728,ChIJRVJAl7VbXz4RITAp575LedM,GymNation Mega Mall Ladies | Best Gym in Sharjah,ADJACENT,3.5018,spa,5.0,Google Places API (New) Nearby Search,2026-09-02T15:22:51+00:00
49,Zawaya Walk,ChIJNY29cDNZXz4RT5H-KSCWfCo,25.3306234,55.4294728,ChIJgUmRcNBbXz4RUpGt3JWl9SA,GymNation Mega Mall Men's | Best Gym in Sharjah,ADJACENT,3.5018,spa,5.0,Google Places API (New) Nearby Search,2026-09-02T15:22:51+00:00
49,Zawaya Walk,ChIJNY29cDNZXz4RT5H-KSCWfCo,25.3306234,55.4294728,ChIJS9adGiBfXz4ROf65E4Hk_-U,Nails House,DIRECT,3.5096,nail_salon,5.0,Google Places API (New) Nearby Search,2026-09-02T15:22:51+00:00
49,Zawaya Walk,ChIJNY29cDNZXz4RT5H-KSCWfCo,25.3306234,55.4294728,ChIJq6qqqv1YXz4RaNpdZFGR3P0,Vanillia Beauty Center,DIRECT,3.5185,beauty_salon,5.0,Google Places API (New) Nearby Search,2026-09-02T15:22:51+00:00
49,Zawaya Walk,ChIJNY29cDNZXz4RT5H-KSCWfCo,25.3306234,55.4294728,ChIJ0-U5SDVfXz4RjzjD_EyJoHs,Pure beauty ladies salon,DIRECT,3.5589,beauty_salon,5.0,Google Places API (New) Nearby Search,2026-09-02T15:22:51+00:00
49,Zawaya Walk,ChIJNY29cDNZXz4RT5H-KSCWfCo,25.3306234,55.4294728,ChIJJ1YG2bVfXz4RPqFbW8mUgPs,Barber Bell,DIRECT,3.5678,hair_salon,5.0,Google Places API (New) Nearby Search,2026-09-02T15:22:51+00:00
49,Zawaya Walk,ChIJNY29cDNZXz4RT5H-KSCWfCo,25.3306234,55.4294728,ChIJPUZqMdFDXz4Rime0wbcP7Cg,Naturals Salon,DIRECT,3.5739,nail_salon,5.0,Google Places API (New) Nearby Search,2026-09-02T15:22:51+00:00
49,Zawaya Walk,ChIJNY29cDNZXz4RT5H-KSCWfCo,25.3306234,55.4294728,ChIJiyMMy9BbXz4ReIW8bqdQNoc,Aladdin Qasr Kids Saloon,DIRECT,3.5896,hair_salon,5.0,Google Places API (New) Nearby Search,2026-09-02T15:22:51+00:00
49,Zawaya Walk,ChIJNY29cDNZXz4RT5H-KSCWfCo,25.3306234,55.4294728,ChIJT81H6yJfXz4RAm6PY4_CtmE,Asmreko Beauty Centre,DIRECT,3.5984,"hair_salon, nail_salon",5.0,Google Places API (New) Nearby Search,2026-09-02T15:22:51+00:00
49,Zawaya Walk,ChIJNY29cDNZXz4RT5H-KSCWfCo,25.3306234,55.4294728,ChIJaTUdmCBfXz4R3UO495zgSlk,Hair LTD.,DIRECT,3.648,hair_salon,5.0,Google Places API (New) Nearby Search,2026-09-02T15:22:51+00:00
49,Zawaya Walk,ChIJNY29cDNZXz4RT5H-KSCWfCo,25.3306234,55.4294728,ChIJ1fk5k8JfXz4RhXaNK864CY4,Shade Beauty center,DIRECT,3.6757,beauty_salon,5.0,Google Places API (New) Nearby Search,2026-09-02T15:22:51+00:00
49,Zawaya Walk,ChIJNY29cDNZXz4RT5H-KSCWfCo,25.3306234,55.4294728,ChIJbSj5iMdfXz4RouJhJae2yms,HERMOSA MEDICAL CENTER,DIRECT,3.7811,beauty_salon,5.0,Google Places API (New) Nearby Search,2026-09-02T15:22:51+00:00
49,Zawaya Walk,ChIJNY29cDNZXz4RT5H-KSCWfCo,25.3306234,55.4294728,ChIJxwcPV5VZXz4R2bv268leaCc,Shatha Beauty Centre,DIRECT,3.8004,"beauty_salon, hair_salon, nail_salon, spa",5.0,Google Places API (New) Nearby Search,2026-09-02T15:22:51+00:00
49,Zawaya Walk,ChIJNY29cDNZXz4RT5H-KSCWfCo,25.3306234,55.4294728,ChIJP_C8v9pbXz4RnnmAdu9SxYo,VALENCIA LADIES SALON LLC,DIRECT,3.832,"hair_salon, nail_salon",5.0,Google Places API (New) Nearby Search,2026-09-02T15:22:51+00:00
49,Zawaya Walk,ChIJNY29cDNZXz4RT5H-KSCWfCo,25.3306234,55.4294728,ChIJlx4c34NfXz4RNWeXsP1TyJk,The white spot,DIRECT,3.8327,beauty_salon,5.0,Google Places API (New) Nearby Search,2026-09-02T15:22:51+00:00
49,Zawaya Walk,ChIJNY29cDNZXz4RT5H-KSCWfCo,25.3306234,55.4294728,ChIJQR_bfiJfXz4R8_7vwfdZEq4,Fly Me Spa,DIRECT,3.8327,"beauty_salon, spa",5.0,Google Places API (New) Nearby Search,2026-09-02T15:22:51+00:00
49,Zawaya Walk,ChIJNY29cDNZXz4RT5H-KSCWfCo,25.3306234,55.4294728,ChIJj1HAlOtfXz4RA3vhwo70jEY,Norsh Spa,DIRECT,4.0054,"hair_salon, nail_salon",5.0,Google Places API (New) Nearby Search,2026-09-02T15:22:51+00:00
49,Zawaya Walk,ChIJNY29cDNZXz4RT5H-KSCWfCo,25.3306234,55.4294728,ChIJJV4cI5lZXz4R0JupBLe8pLU,المجمع الطبي البريطاني British Medical Complex - Sharjah,DIRECT,4.0109,"beauty_salon, spa",5.0,Google Places API (New) Nearby Search,2026-09-02T15:22:51+00:00
49,Zawaya Walk,ChIJNY29cDNZXz4RT5H-KSCWfCo,25.3306234,55.4294728,ChIJhS4YWLBfXz4RVr0X3Q-igSA,Hide Beauty Center,DIRECT,4.044,beauty_salon,5.0,Google Places API (New) Nearby Search,2026-09-02T15:22:51+00:00
49,Zawaya Walk,ChIJNY29cDNZXz4RT5H-KSCWfCo,25.3306234,55.4294728,ChIJIbVQzRdfXz4RpzKkV7NYY3c,Saga Spa for Men - Muwaileh,DIRECT,4.0673,spa,5.0,Google Places API (New) Nearby Search,2026-09-02T15:22:51+00:00
49,Zawaya Walk,ChIJNY29cDNZXz4RT5H-KSCWfCo,25.3306234,55.4294728,ChIJ6ajNdFRfXz4RodPS8sGnT8E,Three Brothers Barber Shop,DIRECT,4.0677,hair_salon,5.0,Google Places API (New) Nearby Search,2026-09-02T15:22:51+00:00
49,Zawaya Walk,ChIJNY29cDNZXz4RT5H-KSCWfCo,25.3306234,55.4294728,ChIJ-SbnyvRbXz4RfQjq13pbrGw,Al Inekas Ladies Salon- BR 1 - 10 + years in Sharjah,DIRECT,4.1935,nail_salon,5.0,Google Places API (New) Nearby Search,2026-09-02T15:22:51+00:00
49,Zawaya Walk,ChIJNY29cDNZXz4RT5H-KSCWfCo,25.3306234,55.4294728,ChIJJ2k3u89bXz4RWR969Xe4Pl4,BRONX GENTS SALOON,DIRECT,4.2233,hair_salon,5.0,Google Places API (New) Nearby Search,2026-09-02T15:22:51+00:00
49,Zawaya Walk,ChIJNY29cDNZXz4RT5H-KSCWfCo,25.3306234,55.4294728,ChIJiarrbNJbXz4ROcMKETPWAx4,Qemat Al Fakhamah Ladies Saloon,DIRECT,4.2309,nail_salon,5.0,Google Places API (New) Nearby Search,2026-09-02T15:22:51+00:00
49,Zawaya Walk,ChIJNY29cDNZXz4RT5H-KSCWfCo,25.3306234,55.4294728,ChIJ7cKAoCJbXz4RM7OcXrDCz78,Legacy Gents Salon,DIRECT,4.2819,nail_salon,5.0,Google Places API (New) Nearby Search,2026-09-02T15:22:51+00:00
49,Zawaya Walk,ChIJNY29cDNZXz4RT5H-KSCWfCo,25.3306234,55.4294728,ChIJ-V5SI8RbXz4RhbNETKggmdM,72 Hotel Sharjah,ADJACENT,4.2929,spa,5.0,Google Places API (New) Nearby Search,2026-09-02T15:22:51+00:00
49,Zawaya Walk,ChIJNY29cDNZXz4RT5H-KSCWfCo,25.3306234,55.4294728,ChIJFfN9e0RfXz4RHL2GZN8Ean4,OAK SPA,DIRECT,4.2997,beauty_salon,5.0,Google Places API (New) Nearby Search,2026-09-02T15:22:51+00:00
49,Zawaya Walk,ChIJNY29cDNZXz4RT5H-KSCWfCo,25.3306234,55.4294728,ChIJyVfhuzVfXz4RX-Lh3pu5iJY,Sole Oasis Muweillah (Men's Spa),DIRECT,4.3524,nail_salon,5.0,Google Places API (New) Nearby Search,2026-09-02T15:22:51+00:00
49,Zawaya Walk,ChIJNY29cDNZXz4RT5H-KSCWfCo,25.3306234,55.4294728,ChIJJxer1b9bXz4R2vvtx-3uK04,The Act Hotel - Sharjah,ADJACENT,4.4034,spa,5.0,Google Places API (New) Nearby Search,2026-09-02T15:22:51+00:00
49,Zawaya Walk,ChIJNY29cDNZXz4RT5H-KSCWfCo,25.3306234,55.4294728,ChIJT1WJtYdZXz4RC_8axo8boz0,Toronto Star Body Building,ADJACENT,4.4903,spa,5.0,Google Places API (New) Nearby Search,2026-09-02T15:22:51+00:00
49,Zawaya Walk,ChIJNY29cDNZXz4RT5H-KSCWfCo,25.3306234,55.4294728,ChIJDUGzwT9bXz4RmNUWNM5W5sQ,Miss World Beauty Salon | Hair Salon | Al Nabba | Sharjah,DIRECT,4.8137,"hair_salon, nail_salon",5.0,Google Places API (New) Nearby Search,2026-09-02T15:22:51+00:00
49,Zawaya Walk,ChIJNY29cDNZXz4RT5H-KSCWfCo,25.3306234,55.4294728,ChIJuXi5rexbXz4Rrge5NnADxho,Anisaty Ladies Salon,DIRECT,4.9295,"beauty_salon, hair_salon, nail_salon, spa",5.0,Google Places API (New) Nearby Search,2026-09-02T15:22:51+00:00
49,Zawaya Walk,ChIJNY29cDNZXz4RT5H-KSCWfCo,25.3306234,55.4294728,ChIJiVO5P-BfXz4RikSUGaTr2XU,Norsh Spa Aljada,DIRECT,4.9763,"hair_salon, nail_salon",5.0,Google Places API (New) Nearby Search,2026-09-02T15:22:51+00:00
47,Zayed International Airport,ChIJD4c_XalPXj4RdqRn4Ir54qU,24.4527718,54.6411421,ChIJEc8kvUtPXj4RogZxcD4YHMI,Be Relax Spa,ADJACENT,0.2682,spa,5.0,Google Places API (New) Nearby Search,2026-09-02T15:22:51+00:00
47,Zayed International Airport,ChIJD4c_XalPXj4RdqRn4Ir54qU,24.4527718,54.6411421,ChIJiZM66x5PXj4RIbSt7qEUTzI,The Essence Lounge,DIRECT,2.4611,"beauty_salon, spa",5.0,Google Places API (New) Nearby Search,2026-09-02T15:22:51+00:00
47,Zayed International Airport,ChIJD4c_XalPXj4RdqRn4Ir54qU,24.4527718,54.6411421,ChIJ_blOqMJIXj4RbCRZ2vyofoI,V Elements Spa - Abu Dhabi International Airport,ADJACENT,2.6642,spa,5.0,Google Places API (New) Nearby Search,2026-09-02T15:22:51+00:00
47,Zayed International Airport,ChIJD4c_XalPXj4RdqRn4Ir54qU,24.4527718,54.6411421,ChIJz5Tsn31PXj4RrE5jIkDZ7vw,The H Ladies Beauty Salon,DIRECT,2.6883,beauty_salon,5.0,Google Places API (New) Nearby Search,2026-09-02T15:22:51+00:00
47,Zayed International Airport,ChIJD4c_XalPXj4RdqRn4Ir54qU,24.4527718,54.6411421,ChIJAUJXWQBPXj4RFsvzWMRVP5w,صالون تاج البحر Crown of the Sea Salon💈✂️🔥💪🏻,DIRECT,2.7158,hair_salon,5.0,Google Places API (New) Nearby Search,2026-09-02T15:22:51+00:00
47,Zayed International Airport,ChIJD4c_XalPXj4RdqRn4Ir54qU,24.4527718,54.6411421,ChIJY6BbY3ZPXj4RrUQtPfRTC6M,Filter Ladies Salon,DIRECT,2.7268,"beauty_salon, hair_salon",5.0,Google Places API (New) Nearby Search,2026-09-02T15:22:51+00:00
47,Zayed International Airport,ChIJD4c_XalPXj4RdqRn4Ir54qU,24.4527718,54.6411421,ChIJPeHUOZ9PXj4RP72F07qBF7g,The Nail Spa - Al Zeina,DIRECT,2.7753,nail_salon,5.0,Google Places API (New) Nearby Search,2026-09-02T15:22:51+00:00
47,Zayed International Airport,ChIJD4c_XalPXj4RdqRn4Ir54qU,24.4527718,54.6411421,ChIJTXwSh7hPXj4RnKHO-6Jv2Os,iRIS GENTS SALOON صالون آيريس للرجال,DIRECT,2.8333,hair_salon,5.0,Google Places API (New) Nearby Search,2026-09-02T15:22:51+00:00
47,Zayed International Airport,ChIJD4c_XalPXj4RdqRn4Ir54qU,24.4527718,54.6411421,ChIJV8rMtqhHXj4R1k1OzNyPle4,Lavender lashes and nails,DIRECT,2.8569,"beauty_salon, hair_salon, nail_salon",5.0,Google Places API (New) Nearby Search,2026-09-02T15:22:51+00:00
47,Zayed International Airport,ChIJD4c_XalPXj4RdqRn4Ir54qU,24.4527718,54.6411421,ChIJieGTC7ZPXj4RX_8hfMRV2HY,Barbar 89,DIRECT,2.9145,beauty_salon,5.0,Google Places API (New) Nearby Search,2026-09-02T15:22:51+00:00
47,Zayed International Airport,ChIJD4c_XalPXj4RdqRn4Ir54qU,24.4527718,54.6411421,ChIJcRE_l2NmXj4Rs7yNgCkivuE,Glamour Hair Salon abu dhabi,DIRECT,2.9201,"beauty_salon, hair_salon, nail_salon, spa",5.0,Google Places API (New) Nearby Search,2026-09-02T15:22:51+00:00
47,Zayed International Airport,ChIJD4c_XalPXj4RdqRn4Ir54qU,24.4527718,54.6411421,ChIJaxDupR1JXj4RxkHSywjtQnU,Nail It Limited,DIRECT,2.9495,beauty_salon,5.0,Google Places API (New) Nearby Search,2026-09-02T15:22:51+00:00
47,Zayed International Airport,ChIJD4c_XalPXj4RdqRn4Ir54qU,24.4527718,54.6411421,ChIJazEKiV5PXj4RDy4Y2DWLIxk,REVIVE Wellness Rehabilitation Center,ADJACENT,2.9597,spa,5.0,Google Places API (New) Nearby Search,2026-09-02T15:22:51+00:00
47,Zayed International Airport,ChIJD4c_XalPXj4RdqRn4Ir54qU,24.4527718,54.6411421,ChIJwReRVwZPXj4RpK7PtgYsZSw,Elle Beauty Lounge,DIRECT,2.9796,beauty_salon,5.0,Google Places API (New) Nearby Search,2026-09-02T15:22:51+00:00
47,Zayed International Airport,ChIJD4c_XalPXj4RdqRn4Ir54qU,24.4527718,54.6411421,ChIJg9vaPitJXj4RteR_PONRSLE,Rusty Blade,DIRECT,2.9811,"hair_salon, spa",5.0,Google Places API (New) Nearby Search,2026-09-02T15:22:51+00:00
47,Zayed International Airport,ChIJD4c_XalPXj4RdqRn4Ir54qU,24.4527718,54.6411421,ChIJu1fiwWpJXj4RVNRMH1pYlyA,Styles & Smiles Ladies Salon Limited,DIRECT,2.9985,"hair_salon, nail_salon",5.0,Google Places API (New) Nearby Search,2026-09-02T15:22:51+00:00
47,Zayed International Airport,ChIJD4c_XalPXj4RdqRn4Ir54qU,24.4527718,54.6411421,ChIJ22WvAxZPXj4Rba0b6Csy-Ck,Pochinki for men salon khalifa city,DIRECT,3.0253,hair_salon,5.0,Google Places API (New) Nearby Search,2026-09-02T15:22:51+00:00
47,Zayed International Airport,ChIJD4c_XalPXj4RdqRn4Ir54qU,24.4527718,54.6411421,ChIJp57p1VhPXj4RuUH6dZbTVEM,Top Touch Gents salon & spa Khalifa A city صالون وسبا توب تاتش مدينة خليفة أ,DIRECT,3.0269,hair_salon,5.0,Google Places API (New) Nearby Search,2026-09-02T15:22:51+00:00
47,Zayed International Airport,ChIJD4c_XalPXj4RdqRn4Ir54qU,24.4527718,54.6411421,ChIJEz8EupNPXj4RFbdYFRkXgwU,Mantis Gent's Salon Khalifa City,DIRECT,3.1221,spa,5.0,Google Places API (New) Nearby Search,2026-09-02T15:22:51+00:00
47,Zayed International Airport,ChIJD4c_XalPXj4RdqRn4Ir54qU,24.4527718,54.6411421,ChIJF3S7gY5PXj4Rj-9MkNrGVCc,Serene Suite Beauty Center,DIRECT,3.1264,nail_salon,5.0,Google Places API (New) Nearby Search,2026-09-02T15:22:51+00:00
47,Zayed International Airport,ChIJD4c_XalPXj4RdqRn4Ir54qU,24.4527718,54.6411421,ChIJL3H83LJPXj4RKlSye3d8n04,La Douce Beauty Lounge,DIRECT,3.1594,"beauty_salon, spa",5.0,Google Places API (New) Nearby Search,2026-09-02T15:22:51+00:00
47,Zayed International Airport,ChIJD4c_XalPXj4RdqRn4Ir54qU,24.4527718,54.6411421,ChIJ8Vao1ORBXj4RdpI_1i68qzU,Bella spa,ADJACENT,3.2775,spa,5.0,Google Places API (New) Nearby Search,2026-09-02T15:22:51+00:00
47,Zayed International Airport,ChIJD4c_XalPXj4RdqRn4Ir54qU,24.4527718,54.6411421,ChIJ9WVtyJVJXj4R_N5ygAwDtsk,Nice FEELING,DIRECT,3.2795,hair_salon,5.0,Google Places API (New) Nearby Search,2026-09-02T15:22:51+00:00
47,Zayed International Airport,ChIJD4c_XalPXj4RdqRn4Ir54qU,24.4527718,54.6411421,ChIJ99Q0xv1JXj4R1dwKWp8HjTQ,Urban Cuts Barbershop (Al Reef),DIRECT,3.3002,hair_salon,5.0,Google Places API (New) Nearby Search,2026-09-02T15:22:51+00:00
47,Zayed International Airport,ChIJD4c_XalPXj4RdqRn4Ir54qU,24.4527718,54.6411421,ChIJae_1NFRJXj4RCUMrko0sCNc,nails the modern manicure studio - My City Centre Masdar Branch,DIRECT,3.3824,"beauty_salon, nail_salon",5.0,Google Places API (New) Nearby Search,2026-09-02T15:22:51+00:00
47,Zayed International Airport,ChIJD4c_XalPXj4RdqRn4Ir54qU,24.4527718,54.6411421,ChIJAbHY8TNJXj4RCFVFm83o6-w,CT Style Salon,DIRECT,3.4103,"beauty_salon, hair_salon, nail_salon, spa",5.0,Google Places API (New) Nearby Search,2026-09-02T15:22:51+00:00
47,Zayed International Airport,ChIJD4c_XalPXj4RdqRn4Ir54qU,24.4527718,54.6411421,ChIJxQl97JtFXj4RL1rtIkBcCZM,Golden Desert SPA for Men,DIRECT,3.4759,"beauty_salon, hair_salon, nail_salon, spa",5.0,Google Places API (New) Nearby Search,2026-09-02T15:22:51+00:00
47,Zayed International Airport,ChIJD4c_XalPXj4RdqRn4Ir54qU,24.4527718,54.6411421,ChIJr-x0DcpFXj4RiHgtUWG1QKE,MAURICE CUT BARBERSHOP,DIRECT,3.7227,hair_salon,5.0,Google Places API (New) Nearby Search,2026-09-02T15:22:51+00:00
47,Zayed International Airport,ChIJD4c_XalPXj4RdqRn4Ir54qU,24.4527718,54.6411421,ChIJCw2jTFhJXj4RcpCamtniuV0,Chiang Mai Traditional Thai Massage,ADJACENT,3.7792,spa,5.0,Google Places API (New) Nearby Search,2026-09-02T15:22:51+00:00
47,Zayed International Airport,ChIJD4c_XalPXj4RdqRn4Ir54qU,24.4527718,54.6411421,ChIJQfe_D4lFXj4R6bFufgR02Nk,AWAY Spa at W Abu Dhabi - Yas Island,ADJACENT,3.9484,spa,5.0,Google Places API (New) Nearby Search,2026-09-02T15:22:51+00:00
47,Zayed International Airport,ChIJD4c_XalPXj4RdqRn4Ir54qU,24.4527718,54.6411421,ChIJAR_nF0BFXj4R4tqQUPp56G4,Bua Lady Spa,ADJACENT,4.0518,spa,5.0,Google Places API (New) Nearby Search,2026-09-02T15:22:51+00:00
47,Zayed International Airport,ChIJD4c_XalPXj4RdqRn4Ir54qU,24.4527718,54.6411421,ChIJy06r3PNFXj4RK3wK2NZkGJc,eforea spa,ADJACENT,4.064,spa,5.0,Google Places API (New) Nearby Search,2026-09-02T15:22:51+00:00
47,Zayed International Airport,ChIJD4c_XalPXj4RdqRn4Ir54qU,24.4527718,54.6411421,ChIJsfjLSXBFXj4RaCqgv4HM4Zc,TIME SQUARE Barbershop - Al Bandar,DIRECT,4.0697,"beauty_salon, spa",5.0,Google Places API (New) Nearby Search,2026-09-02T15:22:51+00:00
47,Zayed International Airport,ChIJD4c_XalPXj4RdqRn4Ir54qU,24.4527718,54.6411421,ChIJ7za_SY1FXj4R1gEhQkwqFQU,Hilton Abu Dhabi Yas Island,ADJACENT,4.1152,spa,5.0,Google Places API (New) Nearby Search,2026-09-02T15:22:51+00:00
47,Zayed International Airport,ChIJD4c_XalPXj4RdqRn4Ir54qU,24.4527718,54.6411421,ChIJmckIai1FXj4RDJdfcplz-70,Beautyspot Salons,DIRECT,4.1362,"hair_salon, nail_salon",5.0,Google Places API (New) Nearby Search,2026-09-02T15:22:51+00:00
47,Zayed International Airport,ChIJD4c_XalPXj4RdqRn4Ir54qU,24.4527718,54.6411421,ChIJx_35IbpFXj4RiBbhXLiaAmA,The Excellent Ladies Salon,DIRECT,4.3336,hair_salon,5.0,Google Places API (New) Nearby Search,2026-09-02T15:22:51+00:00
47,Zayed International Airport,ChIJD4c_XalPXj4RdqRn4Ir54qU,24.4527718,54.6411421,ChIJVdq-wf5HXj4RAyEN29J_D4Q,Vogue beauty salon for ladies,DIRECT,4.4114,beauty_salon,5.0,Google Places API (New) Nearby Search,2026-09-02T15:22:51+00:00
47,Zayed International Airport,ChIJD4c_XalPXj4RdqRn4Ir54qU,24.4527718,54.6411421,ChIJA9g7M45FXj4RgCVL-7Yomi8,Yas Plaza Marina,ADJACENT,4.4879,spa,5.0,Google Places API (New) Nearby Search,2026-09-02T15:22:51+00:00
47,Zayed International Airport,ChIJD4c_XalPXj4RdqRn4Ir54qU,24.4527718,54.6411421,ChIJH26D38ZFXj4RrPiy947PD0w,The Cloud Spa ذا كلاود سبا,DIRECT,4.4947,beauty_salon,5.0,Google Places API (New) Nearby Search,2026-09-02T15:22:51+00:00
47,Zayed International Airport,ChIJD4c_XalPXj4RdqRn4Ir54qU,24.4527718,54.6411421,ChIJrTinLv1FXj4R8rARR5eoDAA,صالون داشنج,DIRECT,4.5074,hair_salon,5.0,Google Places API (New) Nearby Search,2026-09-02T15:22:51+00:00
47,Zayed International Airport,ChIJD4c_XalPXj4RdqRn4Ir54qU,24.4527718,54.6411421,ChIJjwLqLP1FXj4RijrVIwa4Gwo,Silkor Khalifa A Branch Abu Dhabi - مركز سيلكور في خليفة أ‎‎,DIRECT,4.5077,"beauty_salon, spa",5.0,Google Places API (New) Nearby Search,2026-09-02T15:22:51+00:00
47,Zayed International Airport,ChIJD4c_XalPXj4RdqRn4Ir54qU,24.4527718,54.6411421,ChIJ32dV6-JFXj4RirMzddSWiYA,BLONDE LUXURY BEAUTY LOUNGE,DIRECT,4.6409,beauty_salon,5.0,Google Places API (New) Nearby Search,2026-09-02T15:22:51+00:00
47,Zayed International Airport,ChIJD4c_XalPXj4RdqRn4Ir54qU,24.4527718,54.6411421,ChIJoV3tjb5FXj4RPTMhunNNho0,AL SAFY OASIS BEAUTY SALON,DIRECT,4.6934,"beauty_salon, hair_salon, nail_salon",5.0,Google Places API (New) Nearby Search,2026-09-02T15:22:51+00:00
47,Zayed International Airport,ChIJD4c_XalPXj4RdqRn4Ir54qU,24.4527718,54.6411421,ChIJxyUlX85FXj4RXRI9AG9LISg,Skin Glow Facial Center,DIRECT,4.7008,"beauty_salon, spa",5.0,Google Places API (New) Nearby Search,2026-09-02T15:22:51+00:00
47,Zayed International Airport,ChIJD4c_XalPXj4RdqRn4Ir54qU,24.4527718,54.6411421,ChIJKaM-u2hHXj4Re_WO8PGbt9c,Ruby Salon - Khalifa City Br 3 Abu Dhabi,DIRECT,4.9681,hair_salon,5.0,Google Places API (New) Nearby Search,2026-09-02T15:22:51+00:00
