competitor_place_id,competitor_name,included,exclusion_reason
ChIJdeU-c_JlXj4Rki8SWllWktw,InterContinental Abu Dhabi by IHG,True,
ChIJS-V5iO5CXz4RBNn7K8JMwBg,Conrad Dubai,True,
ChIJ7za_SY1FXj4R1gEhQkwqFQU,Hilton Abu Dhabi Yas Island,True,
ChIJjwmGh3xdXz4RkyRUy7IXAAY,InterContinental Dubai Festival City by IHG,True,
ChIJA9g7M45FXj4RgCVL-7Yomi8,Yas Plaza Marina,True,
ChIJa_OlIrxrXz4RwRVPdS8D2yI,Kempinski Hotel Mall of the Emirates,True,
ChIJk9Owd1FmXj4RjsvTFRagkiE,Beach Rotana,True,
ChIJGby4pNtpXz4RBWuG57JncIE,Hilton Dubai Al Habtoor City,True,
ChIJIX9-hZNlXj4RvO2QAgB5g18,Conrad Abu Dhabi Etihad Towers,True,
ChIJW4eo-VFCXz4RieFckb95Wqo,Four Seasons Resort Dubai at Jumeirah Beach,True,
ChIJPdTUEzBoXz4Rrslyy-2ko0s,DoubleTree by Hilton Dubai - Business Bay,True,
ChIJab7Ss8hnXj4Refmx2QNOjl8,GymNation Khalidiyah Mall | Best Gym in Abu Dhabi,False,FITNESS_OR_SPORTS
ChIJ0RRUsr1rXz4RlKp1lR4JqgU,"Hilton Garden Inn Dubai, Mall Avenue",True,
ChIJSxpk35xgXz4RKlZUNi-G1Wo,GymNation Mirdif | Best Gym in Mirdif,False,FITNESS_OR_SPORTS
ChIJbURih5o3Xj4R4qP2Jcu8C8k,Metropolitan Al Mafraq Hotel,True,
ChIJGWg_w4RnXj4R3HppcUwqGYk,GymNation Reem Island | Best Gym in Abu Dhabi,False,FITNESS_OR_SPORTS
ChIJMWoQuStqXz4RojAV94tpCCE,GymNation Al Quoz | Best Gym in Al Quoz,False,FITNESS_OR_SPORTS
ChIJ22xMClVmXj4R1L53MQnc3jM,Four Seasons Hotel Abu Dhabi at Al Maryah Island,True,
ChIJExptfb5rXz4RXgQyomkL6lI,Two Seasons Hotel & Apartments,True,
ChIJtVkyz-ZlXj4ReMihoxjPp7M,"Royal Rose Hotel Abu Dhabi, Curio Collection by Hilton",True,
ChIJ21OyfVRmXj4RVMDJkavATHQ,Rosewood Abu Dhabi,True,
ChIJCS1uoLtDXz4R8xPbD4VJNC8,Nikki Beach Resort & Spa Dubai,True,
ChIJwUxRUHBrXz4RtJtvjg7J4Bw,Naumi Hotel Dubai,True,
ChIJZThe-mBmXj4R0m9t6MKRRVk,Tryp by Wyndham Abu Dhabi,True,
ChIJm8KuZNtpXz4RoA06ag1r5Tw,"Al Habtoor Palace, Preferred Hotels & Resorts",True,
ChIJSRUnWgBpXj4RuS5uvWhvGZk,GymNation Mushrif Mall | Best Gym in Abu Dhabi,False,FITNESS_OR_SPORTS
ChIJlwuS98FFXj4RHlziQizgHi8,"The WB Abu Dhabi, Curio Collection by Hilton",True,
ChIJI6BjaVETXz4RSkZOXGwJiAY,Signature Hotel Apartments & Spa Marina,True,
ChIJRdPrEWFmXj4Rvlnp1T7Lwjo,Corniche Hotel Abu Dhabi,True,
ChIJSZXqIDBDXz4RfFIZDzwAHdU,GymNation Downtown Dubai | Best Gym in Downtown Dubai,False,FITNESS_OR_SPORTS
ChIJ-wBScttpXz4RC_Y8SYLe7VU,Yinyang Connection Spa,True,
ChIJVfpdlgj59D4RVVR6CUwFKpM,DoubleTree by Hilton Fujairah City,True,
ChIJgUmRcNBbXz4RUpGt3JWl9SA,GymNation Mega Mall Men's | Best Gym in Sharjah,False,MEN_OR_BARBER
ChIJAb-qrqF29j4RGV7ZLpJclrc,Ras Al Khaimah Hotel,True,
ChIJxQZIc89fXz4R2nkKCFanbxA,GymNation Al Zahia Ladies | Best Gym in Sharjah,False,FITNESS_OR_SPORTS
ChIJwx_IedtpXz4Rwt7XtQ0r7IU,Al Habtoor City,True,
ChIJU3RG_FVfXz4RBRkAQDo4vSU,GymNation Al Zahia Men's | Best Gym in Sharjah,False,MEN_OR_BARBER
ChIJRVJAl7VbXz4RITAp575LedM,GymNation Mega Mall Ladies | Best Gym in Sharjah,False,FITNESS_OR_SPORTS
ChIJAX38lnhDXz4R6NfrS3bY6yo,Waldorf Astoria Dubai International Financial Centre,True,
ChIJuQ_SasdBXj4RCdrmVbW1Q74,THE BRIDGE | Wellness Hub,False,FITNESS_OR_SPORTS
ChIJJxer1b9bXz4R2vvtx-3uK04,The Act Hotel - Sharjah,True,
ChIJVVVlwe1CXz4RU6KsOwz5b-E,Nassima Tower Hotel Apartments | Sheikh Zayed Road | Dubai,True,
ChIJI1hgaiRrXz4R1Jkr0MY-H1Y,Grand Heights Dubai Hotel Apartments,True,
ChIJcbLNDQJpXz4RB63_J6d14_o,Embassy Suites by Hilton Dubai Business Bay,True,
ChIJHYmp7ys3Xj4R6pbPDTmUi8A,The Muse UAE Boutique Spa shakhbout city,True,
ChIJ-V5SI8RbXz4RhbNETKggmdM,72 Hotel Sharjah,True,
ChIJD-N6ki1lXj4RAJ3DMpPyPXQ,InterContinental Residences Abu Dhabi by IHG,True,
ChIJQ4TtbD2xij4RCMMnJhlNJ5o,The Muse UAE Boutique Spa Al Ain,True,
ChIJp5gj9o1CXz4Rde77RZWQvKs,Four Seasons Hotel Dubai International Financial Centre,True,
ChIJAwtwSgBpXz4RkvpdqtfmZzA,InterContinental Residences Dubai Business Bay by IHG,True,
ChIJO6b71yNfXz4RQ_YTJwK4dFs,Polished Spa,True,
ChIJc9YlQLx29j4RceTHX3orDC8,Tower Links Golf Club,False,FITNESS_OR_SPORTS
ChIJEc8kvUtPXj4RogZxcD4YHMI,Be Relax Spa,True,
ChIJUXfUeL1gXz4RWm0_X4BNgek,Mary Foot Spa Mirdif,True,
ChIJkZwVksppXj4RCWIHUAxgjhM,"Soul Senses Spa & Wellness - Novotel Hotel - Al Bustan, Abu Dhabi مساج",True,
ChIJ0YWEjBZZXz4Rlr_6RyMu_RM,الركن التايلندي للمساج و الحمام المغربي للسيدات,True,
ChIJJSDCWABhXz4RmeVNwpRaFrE,Chi Foot Spa - UPTOWN MIRDIF,True,
ChIJpUudORtlXz4RxyIosLAUEBo,Massage luxury & Dubai 6886,True,
ChIJk8Pik41rXz4ReQjs26aJkFw,RUS ELITE SPA - Best massage and SPA in Dubai,True,
ChIJgXqyiylDXj4RWZhwIPiJjjg,Cherish SPA,True,
ChIJC5z7Y_lhXz4Rqnxl7XwG-cc,COYA Spa,True,
ChIJlcRPQdNDXz4RifA_BEVi50A,Laguna SPA - Sheikh Zayed,True,
ChIJnzNF10VhXz4RE_PlzgPKwiU,KLEÏ Spa and Hammam,True,
ChIJxXjaZHprXz4REYnXZsUjqr8,Lavuna Spa - Tecom Barsha,True,
ChIJEaWpCQBrXz4RhlHI9gXIz8w,Paus Club,True,
ChIJaaiQQZNnXz4RV1G1xNMMGiQ,泰享来(泰式古法按摩•影院足道•洗浴搓澡)thai space massage - 迪拜酋长国,True,
ChIJ82Lw0yNfXz4RN7hn-gRQnno,Horse Spa For Men,False,MEN_OR_BARBER
ChIJb-XuaNNgXz4RZwvqMHgFBB8,Fitness Terminal Men's Gym,False,MEN_OR_BARBER
ChIJk-dPUrr59D4RoBQhI4raGBI,Phoenix Gents Spa فونيكس سبا للعناية بالرجال | الفجيرة,False,MEN_OR_BARBER
ChIJCw2jTFhJXj4RcpCamtniuV0,Chiang Mai Traditional Thai Massage,True,
ChIJEQ-8fl139j4RXIyCsuPDiJQ,الركن التايلندي للمساج والحمام المغربي للسيدات,True,
ChIJT1WJtYdZXz4RC_8axo8boz0,Toronto Star Body Building,False,FITNESS_OR_SPORTS
ChIJ4yiczIhHXj4RTQcwYwFsewM,C FOUR GYM,False,FITNESS_OR_SPORTS
ChIJVRSDeNhDXj4RVnxlw3kuMdg,"Chi, The Spa at Shangri-La",True,
ChIJazEKiV5PXj4RDy4Y2DWLIxk,REVIVE Wellness Rehabilitation Center,True,
ChIJo5spWqB29j4RWMhVKTnfQyA,QI Massage Center (formerly TCM Spa Massage Center),True,
ChIJwyHoaClmXj4Rqgsjdqc_LVw,Al Diar Sawa Hotel Apartments,True,
ChIJOZBMbdxrXz4RHEeuru_-HQA,Ruspa - Ukrainian and European Massage Al Barsha,True,
ChIJi135LPRlXj4REqYFVZHI2Ec,Young Massage Spa Abu Dhabi,True,
ChIJe6sxLvttXz4Re7ijGxRbSD4,"Soul Side Wellness – Yoga, Sound Healing & Holistic Therapy in JLT",True,
ChIJZ1bF8ZVoXj4RbD0cjR1L2gw,Inspire Sports Center-Ladies Sports & Spa,False,FITNESS_OR_SPORTS
ChIJR_rCewBx9j4RSyCuMhUQQJQ,Claridge Star Hotel,True,
ChIJIfX8sJNGXj4ROCxQnh8M2-E,Point Zero Floatation Center,True,
ChIJN8niTg2xij4RBieLSrQztzw,Calm & co,False,FITNESS_OR_SPORTS
ChIJb2Jckh1fXz4RCdHEBrREFVY,Peace massage center مركز السلام للمساج,True,
ChIJJVFWbFV19j4RIkKcOjTUulI,Villa Thalgo RAK,True,
ChIJJfCNVi5HXj4RdUH_bZHjY8I,Dream Garden SPA- Massage Center in Abu Dhabi,True,
ChIJibBV38Gvij4RoFsZ8CCRwPc,King river spa,True,
ChIJ8RWvXHRDXj4RFTW6CnjQhaY,Spirit Body & Soul Spa,True,
ChIJX9yrtmRmXj4R0XuMyz81jnc,Eclipse Spa at Eclipse Boutique Suites | Best Massage Spa in abu dhabi |,True,
ChIJr0TWFSo3Xj4Rd2IjsTaEgDo,Thai Touch Massage,True,
ChIJVXC4O3hfXz4R-8FOvOA7MUk,Healing Zone Spa,True,
ChIJqxkK2ypDXz4RAN5Y3XKXiU4,SunShine Spa,True,
ChIJsdjx0dpnXz4RJoEdDkDYZwI,Mary Foot Spa Nad Al Hamar Avenues,True,
ChIJYX-o5_759D4RAi5DohyyBl0,"Oxyzen European Spa And Massage, Fujairah",True,
ChIJOeI8pUhhXz4RsGHovkGr6dE,Spring Gents Massage,False,MEN_OR_BARBER
ChIJffEPtoBDXz4RsOE7keGeUY0,Aurrum Spa - Ukrainian and Russian Massage Center,True,
ChIJAR_nF0BFXj4R4tqQUPp56G4,Bua Lady Spa,True,
ChIJsbCdvm5pXz4RTknaiFZ5zxc,Lucky Star Massage Center Al Quoz,True,
ChIJ_blOqMJIXj4RbCRZ2vyofoI,V Elements Spa - Abu Dhabi International Airport,True,
ChIJKYlQSqJtXz4RjLVjmnsAJic,Tranquil Wellness Tower by Wellcube.life,True,
ChIJyS7OpFlAXj4RcGTdHxmWan4,Arabian Pools,True,
ChIJcdHOwqZsXz4RI8VN755zYyA,"Supreme Energy Spa - Russian Spa in JLT, Dubai",True,
ChIJy1YoYj1hXz4RCVzckzg0ahY,The Lob Dubai - Padel & Wellness Club,False,FITNESS_OR_SPORTS
ChIJTR4Oeh9BXj4Re7dvWUQckQQ,Aroma Ocean Spa Best Massage in Abudhabi & Home Service,True,
ChIJvVPxDGM3Xj4R3D2HRdnlzj0,Veneto Spa Men center,False,MEN_OR_BARBER
ChIJP8oGlEtRXj4RHrnakTIgVlA,Super Oasis gents spa,False,MEN_OR_BARBER
ChIJTyp94lNtXz4RP_0_p6gNwIE,Top View Spa,True,
ChIJcVGtLXNtXz4Rtx8Yct-WzcA,Sun Shine Spa,True,
ChIJ_5X8R2VdXz4ROt1e0h_Rehw,Amity Spa,True,
ChIJ8ZJFzQJBXj4RwxToWqY6JAY,MAX BURN GYM Body Building Club,False,FITNESS_OR_SPORTS
ChIJ2dOYog5tXz4RNRXxxhUcw4E,Cloud Elite European SPA,True,
ChIJk-Jadx1tXz4RSBAGD3vusJU,Mayflower Spa and Massage,True,
ChIJQfe_D4lFXj4R6bFufgR02Nk,AWAY Spa at W Abu Dhabi - Yas Island,True,
ChIJBeek2ukFXz4RycPQXJkO3Mw,Happy Valley Khalifa City,True,
ChIJ0_0jx0lOXj4RtxJb7UouR58,Deerfields Gents Center &spa,False,MEN_OR_BARBER
ChIJ8a0pd-BnXz4RMV_y_aRIu5E,NEW THAI PHYSIOTHERAPY CENTER EST. (FOOT SPA),True,
ChIJO6RiBlivij4RsefYxNdYGIU,Paragon Spa for Men,False,MEN_OR_BARBER
ChIJt78xX05DXj4RpXeSo0eeM9c,De Bene Esse European Spa & Massage,True,
ChIJB2nvo2oxXj4RUu7lKF5LiOI,National Men's Spa | Best SPA in Abu Dhabi,False,MEN_OR_BARBER
ChIJze1cNQVHXj4Rkp70tAIz8zg,Rimal Spa,True,
ChIJf6P5UgA3Xj4Rk21DYq5OBYQ,Dream Garden SPA Baniyas,True,
ChIJKVBp9In49D4Rz_9bK-hDUuA,Magic Fingers Ayurveda Wellness Centre,True,
ChIJV0YgnyRfXz4RC14mubqOCiE,Royal Spa,True,
ChIJL6IVBwBDXj4RKSjCPwqCyAc,Water spa,True,
ChIJKzWcpkP49D4R1FFrodVbwPU,"AyurRaha Ayurveda Center, AYURVEDA Physical Therapy",False,FITNESS_OR_SPORTS
ChIJr9EK9MxtXz4ROoqks9aGM7o,Sweet Rose Spa Massage Center,True,
ChIJ4wDUsJ1nXz4RQeSuACtOaSE,aweer massage center,True,
ChIJV_9x3hVnXz4RmggBaLjn128,V9 Thai Wellness & Spa,True,
ChIJH1Po2mRhXz4Rrn6wwj3XfRM,Massage Service,True,
ChIJg382UOJFXj4RjkrTqZMbCIw,Hala Spa,True,
ChIJR5sguG1DXj4R1QsghcelhSA,Tara spa,True,
ChIJgYXJnGVDXj4Rpsp_KC9cIIY,MERAG SPA,True,
ChIJKZAkpkhfXz4RGaeW31E9WkY,Al mahra spa المهرة سبا للتجميل,True,
ChIJx7zVStA5Xj4RUjNVssIsebo,Massage Heaven VIP Shabiya,True,
ChIJy06r3PNFXj4RK3wK2NZkGJc,eforea spa,True,
ChIJaS1n9Do3Xj4RNzenzLcsyxI,OLD SHABANA Ladies Salon - Shabana Lounge Beauty and Spa - MAIN,True,
ChIJFSiltltX9D4Rf1ZgCDoKytw,Uptown Spa Massage in Fujairah,True,
ChIJC19mX843Xj4ReUzjGV_htWc,مركز تايم آوت سبا للرجال Time Out Spa,False,MEN_OR_BARBER
ChIJZ9hrtuhRXj4RmDgNcCo21dQ,V Elements Spa -Emirates Park Zoo & Resorts,True,
ChIJSz5imk1fXz4RzGkXLDuEm8E,** SPA OLYMPIA ** سبا اولمبيا **,True,
ChIJ80qR6S1HXj4Rnorlpsjhb-8,Doral Spa - Luxurious Massage Center in Al Forsan,True,
ChIJi6-GBvNDXj4RMSaNKiot2eI,Queen Angela Spa,True,
ChIJL1v2CGhnXj4Rh-n6AbWCGBM,SPARKLE MASSAGE SPA CENTER IN ABU DHABI | Best massage center abu dhabi,True,
ChIJf5dFRgBnXj4RprIV0NTpKe8,EliteSun Oasis LTD,True,
ChIJs3whUQt39j4RU4UJRToo0hw,"Mangrove Spa And Massage, Ras Al Khaimah",True,
ChIJewESz9c3Xj4RAIgOAtJjRMc,Sunshine Wellness Man SPA,True,
ChIJEd0stQff9T4RzvRvx2HLZRw,AL DAR SPA & MASSAGE,True,
ChIJzd7czjZLXj4R3VEfa75yFBw,Lavender Home Massage for Women,True,
ChIJJeWpYro5Xj4RihyklyD-wko,Vinca Spa,True,
ChIJB9DMvXVhXz4RkKdiEEL1Hkk,东方神韵SPA会所,True,
ChIJaZLIe45pXj4RLBlKFe7qm3Q,NNS Spa - Abudhabi,True,
ChIJNSqTl7BdXz4Rg6R1y6XGvkc,Sehr Al Jamal Vip Spa Massage,True,
ChIJBRNYNI919j4RcGizRML_4tM,Horayzn Spa,True,
ChIJJbDTold19j4RAniAoY_1UGw,Al Masaya Spa,True,
ChIJtViQHFRDXj4RlavCqK3Q1xI,Diivana Massage,True,
ChIJo4LMTXxFXj4R5iCfrp3S2BQ,Therapists.ae - Home Service Massage,True,
ChIJI68O-Qp19j4RXZsn_QM_FFQ,AL ANEEQ SPA,True,
ChIJqyZ19uATXz4RYCATcv32vsY,Outlook Spa and Salon,True,
ChIJsXw0-VxFXj4RMBAkO7f1fCU,UMI SPA,True,
ChIJHeqzTol19j4RfP9CjgWGMbg,Cleopatra spa,True,
ChIJ6U43YAU5Xj4RP26k2MzGUlQ,Massage & Spa Relaxing Mussafah Shabiya,True,
ChIJGUQIDLI0wa8RKtaAIfAmL_0,Al Zafaran Spa,True,
ChIJ06heVr9pXj4RA1W6DzVfZtE,Aura Mens Wellness Spa in Abu Dhabi,False,MEN_OR_BARBER
ChIJzfJSb9JhXz4RRtPl-KkMHMA,Mamounia Palace Spa,True,
ChIJQyxNZ99dXz4RACcmo7HgNyk,Royal Spa - مساج عربي,True,
ChIJ0Z8NHe1hXz4RFMG8HBqBflk,Labella Spa ＆ Mirdif,True,
ChIJRZEwDolDXj4Rqw4iMnTm9TY,Optimyze Health & Fitness Boutique,False,FITNESS_OR_SPORTS
ChIJuyXYFXhHXj4Rp8DCLtEcqgo,Solly Man Salon & SPA For Man,True,
ChIJQZWeckR19j4RDmRIC5dSA3Y,DIAMOND SPA massage centre in RAS Al khaimah,True,
ChIJX7eLH1f59D4Remps2wbxm6s,Jasmine Spa,True,
ChIJiR3zySttXz4ROXOEbag1FJw,Blue Personal Care Spa Massage,True,
ChIJwVYEFgdPXj4RcoSuSiZWLZE,OZ MEN Al Shahama,False,MEN_OR_BARBER
ChIJffGMsUFnXz4RIx4O02dFhGI,spa,True,
ChIJx5_ERCppXj4RW2jFEvDfvPc,Sensation Spa at Metropolitan Al Mafraq Hotel,True,
ChIJZZtgFcH59D4RtEFfN2BF-mM,al razi center for massage,True,
ChIJoxRgnkg3Xj4RIGkHLMuWTCU,كاندل سبا,True,
ChIJq488GgD59D4REZzD3jKoQIc,Ozone Spa & Massage,True,
ChIJvyyV2wRFXj4R_PuWM8M6Joc,The Spa,True,
ChIJAVs5Tluxij4Rr9CuPi7hmPI,Lunar wellness spa,True,
ChIJBbkGH-v59D4RHwvOA3iXsgA,M Spa,True,
ChIJQ9K7uAM5Xj4RL8Xhlf04CL4,Massage & spa vip musaffah,True,
ChIJeYynDbFnXz4RgNMo99XCM2k,神韵足道SPA洗浴桑拿中心,True,
ChIJ4eLkyhb59D4RXu-vHdR8eRc,Thai Spa & Massage,True,
ChIJUQ7hes9HXj4RyvJQNc5ZEzs,L And Y Salon And SPA For Man,True,
ChIJgY3UuVP59D4RWvJpHRBeqBs,Pure Diamond European Spa,True,
ChIJk0UrfHFDXj4R6zRoN3Bg8G4,Olivia massage spa,True,
ChIJgWJT_Pqtij4RZQmHlcShzKc,إليجانت بيوتي لونج للسيدات,True,
ChIJHytneGtPXj4Rw0VlNFnumxE,Al taj Al masi saloon and spa 2.0,True,
ChIJw2ROZ1VnZz4REWkCf88RV64,RAWAA CENTER FOR MEN CARE,False,MEN_OR_BARBER
ChIJ36ch5KP59D4RplSmOmPDCi0,Sun Flower VIP Spa Massage Fujairah,True,
ChIJa6J2VrP59D4Rh5pKU_28loI,Vu Beo Spa Massage Fujairah,True,
ChIJj_uVRRiuij4RQm0_-G-v1tg,Tmkn fitness,True,
ChIJTZrbp2VPXj4RS7niAstPRgU,Taj Best Gents Salon Spa,False,MEN_OR_BARBER
ChIJC_38PgA3Xj4RtHKXGietAtY,Vera Lux Beauty Salon صالون فيرا لتجميل السيدات,True,
ChIJRVfe0oU3Xj4RmUK5bJ_JXds,صالون عهود حنا,True,
ChIJxxnigx03Xj4RSldGUBcB664,Golden Lotus Spa - Baniyas Plaza Hotel,True,
ChIJ8Vao1ORBXj4RdpI_1i68qzU,Bella spa,True,
ChIJRaP1YAD59D4RmfdcemfO3QI,Dream Spa Massage,True,
ChIJ81LKm5t39j4RV92IOuobFos,La vita spa,True,
ChIJC6Xy06f59D4RmjUxAkjujDU,Gianna,True,
ChIJ945rcwBFXj4RkED4A0Sq8Fs,The Massage Taiwan Luxuryy,True,
ChIJ9bk34nX59D4RBYRXy7npcO4,Massage Center & Spa Fujairah,True,
ChIJS_3ToSOvij4Rf1Kgjs1h-4I,Reflection Spa & Saloon franz,True,
ChIJezaQQwBBXj4R8W4UeHe3dXo,Massage Relax Elite Beauty,True,
ChIJJeEfBQBnXj4Rvh_7We3A1uY,Massage Singapore relax royal CX,True,
ChIJbdFPcgBPXj4RDYBTLyeUt1s,Massage Taiwan Hugo tina,True,
ChIJoyHVcaJPXj4RaHmPfCFqk5w,saloon and spa,True,
ChIJ-WtpUkI5Xj4RqlQNsMhAF1k,Massage for men in Abudhabi,False,MEN_OR_BARBER
ChIJ1yhEvWRnZz4Rzd6GUbkGyk0,Trianon Luxury spa,True,
ChIJF7iW8qlPXj4RnskxdaHpXic,Faction Gents Salon,False,MEN_OR_BARBER
ChIJTRn6LBD5e0cRFFDf0XSnj_o,Helen - Home Massage,True,
ChIJS-70CX9PXj4RnSOXsNBeSnU,Joyce exclusive vip massage spa,True,
ChIJOWstIIc5Xj4RsZnNuhAC5VU,Massage Taiwan SVIP Relax Mia,True,
ChIJdYcPIiA3Xj4R_ESwePZVZtI,Prestige Palace Massage Spa,True,
ChIJxaeFdgA3Xj4RZzOvlvGfAds,Spa Baniyas Home Service,True,
ChIJmTtcTABnZz4Rj481GdWv2PI,Unique Spa,True,
ChIJzcPxGclFXj4RgilnBM_Dex0,Dolly massage spa,True,
ChIJceRKVNxnZz4RXiuH3Tnnv6Q,Hana massage spa,True,
ChIJvTrBHgA1Xj4ReO_eneusAaw,Home Massage Sense Luxurion,True,
ChIJzQADgQ-zij4R4zEDCBluHu8,Kristal beauty salon,True,
ChIJSxjx45NLXj4RUBGt4U3BzPY,Lucky massage spa,True,
ChIJY0VC2YY3Xj4R6IxzHw9HKIo,Mari massage spa,True,
ChIJ2TsjEQBFXj4Rb-4efjHOfG4,Massage At Home South Thun Holidays,True,
ChIJeeAdRABFXj4Rzvb-S7eVHy8,Massage Haven of Rest Enjoy,True,
ChIJFcYkWQBFXj4RETEuxejhGuk,Massage Hinther good service,True,
ChIJcyujQQVFXj4RLUiC5VInFO8,Massage PvD European Relaxing SUS,True,
ChIJt0-oE3ZDXj4RR1OqoJZWcA8,Massage Relax Abu Dhabi Spa,True,
ChIJqcJ2AyFpXj4RChpVopwphFs,Massage Vip,True,
ChIJH24wKv1RXj4RvSYUszn_Y_A,Sonic Spa,True,
ChIJUfLkSQA3Xj4RrgHZJwapQf4,The Massage Relax Body Renewal,True,
ChIJr4V2Aik3Xj4RIFoc6EUP4bk,Tripping spa,True,
ChIJbcYQ9zBPXj4Rj2jqhkS8_V8,Zenora massage spa,True,
ChIJSczn7OhDXz4Rx15psO4LBMc,Ivy Beauty & Bubbles Sheraton Grand Dubai,True,
ChIJj7jMk9dpXz4RpgWmZysF8Mk,Adelya Beauty Salon,True,
ChIJ9T8C6XNrXz4RDO9vYzP1lF8,BellaViso Medical Center,False,MEDICAL
ChIJGRgwhtVnXj4R82xVmTlqjh0,GG Clinics,False,MEDICAL
ChIJ0-w-wVxrXz4RYc37MlYKCbE,Its Beauty Ladies Salon – Internet City,True,
ChIJIfaNTpJpXz4Rf2hAPr4ITJY,Its Beauty Ladies Salon – Business Bay,True,
ChIJZzQyyVFqXz4RIHidgDF01FA,BROWZ,True,
ChIJk7BNq4JpXz4R32UzidiqOF8,Ivy Beauty & Bubbles Hub Marquise Square,True,
ChIJVUUMKHhrXz4RZO1u8Ah_C3U,"Ramee Rose Hotel, Dubai",True,
ChIJ_1hWkeezij4R6Gb2Xj-ip2A,Novomed - Al Ain,False,MEDICAL
ChIJkf___KpsXz4RzEhG5B_vU3Y,Novomed - Dubai Marina,False,MEDICAL
ChIJgy_72bZhXz4R2Ai3UayDt7c,Tru Beauty Lounge - Park Centre Mirdif,True,
ChIJn4Z0--9tXz4R3M7UlqV0NIw,Glow And Go Gents Salon,False,MEN_OR_BARBER
ChIJj9Mr4JBDXz4Rv6KTbCsoszY,"Elata Beauty Salon - Jumeirah 3, Dubai",True,
ChIJa0BZuI5CXz4RXLJJBaBxTKY,Beauty Connection Spa LLC,True,
ChIJVYHnt8ZpXz4Ry6O9cWEiyZk,SEVEN Dubai,True,
ChIJI1MU0phHXj4R9Cwmi8huUZY,hair and nail beauty salon,True,
ChIJCaywLhFoXz4R-3ak7Qp1b8k,Chaps and Co - Dubai Design District,False,MEN_OR_BARBER
ChIJzawvhshrXz4RtBj4nBTtqgY,Los Angeles Aesthetic Medical Center,False,MEDICAL
ChIJNekS3hg3Xj4R9DMowP9KzqA,Healthline One Day Surgery Center,False,MEDICAL
ChIJ3YUIZHdZXz4RdqkQQoN5WiM,Sunny Derma,False,MEDICAL
ChIJiVOJcq1sXz4RidwAxLInDxE,Chaps and Co - JLT,False,MEN_OR_BARBER
ChIJx3o07L5rXz4ROX9g1k5On28,Sisters Beauty Lounge Hair Salon - Mall of the Emirates,True,
ChIJt0PRI9VnXz4R6cLfcZ2CQqA,مركز حلا الشام للتجميل - ند الحمر - Hala Al Sham Beauty Center - Nad Al Hamar branch,True,
ChIJEz8EupNPXj4RFbdYFRkXgwU,Mantis Gent's Salon Khalifa City,False,MEN_OR_BARBER
ChIJ8Uc3ZS5hXz4RVamF1VJU_yA,Namys Beauty Lounge Dubai Best Salon for Ladies,True,
ChIJS7h9niphXz4Rj-MRTZZ5FhM,Beauty Room Salon & Spa,True,
ChIJ5zK5CZVDXz4RVnD8Fm9pVk4,CHALK,False,MEN_OR_BARBER
ChIJC-YJFChoXz4Ru7vsBmyQHMg,Sisters Beauty Lounge Hair Salon - Dubai Mall,True,
ChIJlYC-dApmXj4RYtgsq7bRsKI,Alafiya Center for Hamam & Saloon,False,MEN_OR_BARBER
ChIJjwLqLP1FXj4RijrVIwa4Gwo,Silkor Khalifa A Branch Abu Dhabi - مركز سيلكور في خليفة أ‎‎,False,MEDICAL
ChIJ--suGWRlXz4RxJXiRY8kj0s,Ombre Salon DSO,True,
ChIJmbQT5Q9pXz4RTcITLViIWjM,The Salon Dubai | Yin Yang Al Wasl,True,
ChIJN4eOKcBrXz4RiIa0wYTexJo,Seagull Medical Center,False,MEDICAL
ChIJnSNwimRCXz4RFzl5J6yPzDU,N.Bar Nail Spa & Salon City Walk Boulevard,True,
ChIJkUYZJK5nXj4RiJ9Ku8bXwdM,Its Beauty Ladies Salon – Waterfront Tower A,True,
ChIJB9zGLKB19j4RHdhZF7f6m8o,Shades Salon & SPA,True,
ChIJtfAQuSFmXj4RYGR1F27FebY,Ultra Care Medical Center,False,MEDICAL
ChIJDQe8QABDXz4Rs71Rlun-et0,Beauty Wise Medical Center,False,MEDICAL
ChIJ1WFkRoJfXz4RhRGLtbve9hM,Grand Flora Beauty Salon & Spa,True,
ChIJH49iOmlmXj4RrwhtAw9IvXQ,Stop Relax Spa Thai Massage,True,
ChIJa4CFpv1rXz4Rb8J-J6i-ArI,Afrina Beauty Club Al Barsha,True,
ChIJfVIQSThZXz4RHLspfKq_lgU,Dr Sunny,False,MEDICAL
ChIJX26wLTpmXj4RxpXQo1s3Zjk,The One Spa For Men - Abu Dhabi,False,MEN_OR_BARBER
ChIJK-7lVO1tXz4RMr9whME7dJY,Ombre Salon JVC,True,
ChIJ3UyUvGJpXz4RWXFFqOvuOf0,La Vida Clinic,False,MEDICAL
ChIJ3SEIKAtDXj4R-KbBxJRio3I,Mikas Beauty Salon,True,
ChIJV8xH9xZnXz4Rzp-5IMdmyCY,Beauty Room Salon & Spa,True,
ChIJzynOTXJtXz4R-WtRuvgtE5Y,Casa Rio Beauty Salon,True,
ChIJM2qkPaZsXz4RMU_zlomoV4g,The Gentlemen's Barber Shop - Dubai,False,MEN_OR_BARBER
ChIJyWYwdH1DXz4RtY1Iu1lVyGQ,Queens Medical Center Al Satwa,False,MEDICAL
ChIJkfB4BgVmXj4RCj9l9s0IATk,Sisters Beauty Lounge Hair Salon - Al Bateen Villa,True,
ChIJScplBrRgXz4RLPW3nEWNtuQ,Sisters Beauty Lounge Hair Salon - City Centre Mirdif,True,
ChIJAemqn4tlXz4RluxuNtm2n_0,Eyelash Secret Ladies Salon - Silicon Oasis,True,
ChIJKb2NtlcTXz4RR-rqMeeDrnw,Armonia Spa,True,
ChIJNcEbcyNpXj4RN7bElDhvr2U,MIA BELLA BEAUTY LOUNGE,True,
ChIJaXRKzyhhXz4Rgco-Kv7KkGw,Freya beauty salon,True,
ChIJScplBrRgXz4RB0mU3HAemF8,1847 Grooming for Men City Centre Mirdif,False,MEN_OR_BARBER
ChIJ6XvQLkd09j4RUNV4J78OMDQ,Retaj Medical Center,False,MEDICAL
ChIJpwaHxnZlXj4Rxgp7ZP4HeFA,The Muse UAE Boutique Spa,True,
ChIJ6_WfJ3dmXj4RZQmzEt54c2U,Rival beauty lounge,True,
ChIJ2WaRquVrXz4R1MMWYgz0O-Q,"Jazz Lounge Spa for Men - Umm Suqeim St, Dubai",False,MEN_OR_BARBER
ChIJo1JRnlFCXz4RVJHo6TowGps,Novomed - Jumeirah 1,False,MEDICAL
ChIJX56uiH1FXj4R0q65jZPBHjU,Tips and Toes Yas Mall,True,
ChIJae_1NFRJXj4RCUMrko0sCNc,nails the modern manicure studio - My City Centre Masdar Branch,True,
ChIJv_FEbKdsXz4RS0OpAt_a7WA,Brow Studio,True,
ChIJuUeP8ao4Xj4RxMi6isbzXA4,nails the modern manicure studio - Dalma Mall branch,True,
ChIJEYbpRLxrXz4RfrljFpyTSe8,Cosmo Secrets Medical Center (Derma & Dental),False,MEDICAL
ChIJPUZqMdFDXz4Rime0wbcP7Cg,Naturals Salon,True,
ChIJIWnOw6xnXz4RUEkZG9Bb87M,Beauty Room Salon & Spa,True,
ChIJYfXpV6tsXz4RKKjGHXHCBpc,Dreamworks Spa | Cascades Tower Dubai Marina,True,
ChIJ7_DtXKFsXz4R50Jlrade44Y,American Medical Center JLT,False,MEDICAL
ChIJw5hG6zZqXz4RMwxx2F-B6QE,Salon Afrina Beauty & Henna - Jumeirah,True,
ChIJwRaGWBhmXj4RxIYcRLEl2qM,Adam & Eve Cosmetic & Wellness Medical Center,False,MEDICAL
ChIJjXtdokFtXz4RL83O2a0D6ZE,Lish Beauty Bar - JLT,True,
ChIJ93WxzyVGXj4RV-nEwzu_2CI,"Tara Rose Salons - Khalifa City A, Abu Dhabi",True,
ChIJcb1OvglBXj4Rpj4qKbJJoW0,Le Beautique Spa Center,True,
ChIJp9ytd6ixij4RjF79c_A7Clk,OCEAN BEAUTY CENTER- Alkhabisi (main branch),True,
ChIJN9iT5I9fXz4Ra9wX-HJfdKQ,Touch Beauty Centre,True,
ChIJywlzodE5Xj4RF1q0f3U82vs,"My Look Ladies Beauty Lounge, Mussafah",True,
ChIJC5OFi0BHXj4RAuJqyhWbkJY,Tips And Toes,True,
ChIJxwcPV5VZXz4R2bv268leaCc,Shatha Beauty Centre,True,
ChIJ34IzryZtXz4RDy5TFmd5NBU,Derma One Aesthetic Center - Cosmetic Centre Dubai,False,MEDICAL
ChIJzSiHIWZCXz4R4AUDZEiN6xU,1847 Grooming for Men City Walk Boulevard,False,MEN_OR_BARBER
ChIJa1olWx9hXz4Rez4OqrBJ3ZE,MIA BELLA BEAUTY LOUNGE,True,
ChIJ98d6OJ1oXj4RGQ8-o1qspv4,Polish Nails Care and More Salon | Best Ladies Salon - Nail Spa,True,
ChIJV_fiWINnXj4RSVmfyhdlhnI,Maiyas Beauty Salon - By Maiyas Makeup Artist,True,
ChIJbSj5iMdfXz4RouJhJae2yms,HERMOSA MEDICAL CENTER,False,MEDICAL
ChIJl_G_HOFZXz4R2PnapI98n0o,Weneya Beauty center ( samnan BR ),True,
ChIJ_d4g4-lrXz4RtpM9Wz9xhsc,Tips and Toes,True,
ChIJEc1fmAVhXz4R7ZoJpS7G1kI,X Hair Lounge Gents Barber,False,MEN_OR_BARBER
ChIJHeslLLBHXj4R2k220ct8BWA,Boho Salon,True,
ChIJKYc-EWBfXz4RkNN7aXLiX_A,The Loft Fifth Avenue Beauty Lounge - City Centre Al Zahia,True,
ChIJq8ya9SdhXz4RQsK6_4hgzls,R N J Ladies Salon,True,
ChIJxZWfPCFZXz4RrR7kgogRbRs,Afrina Beauty Henna & Training Center Al Khezamia,True,
ChIJ__-vrIlCXz4RU6n0DOZPvK0,Bespoke Beauty Studio,True,
ChIJXUoCz0ZtXz4Res-r0ofyu3k,Bella Vie Salon and Spa,True,
ChIJrxTUycpDXz4R_z1tNuPd2cA,Mas Nails salon -160 aed extension with design - walk in available,True,
ChIJIeJVLtz59D4RHrOhPQ9JV_M,SHATHA BEAUTY & SPA salon,True,
ChIJ0UDwxztcXz4R_WI_BKhMQMo,Hala Alsham Ladies Salone,True,
ChIJz9qrpidmXj4RRnRHjQcwj64,Canadian Medical Center CMC Abu Dhabi,False,MEDICAL
ChIJ-YhJtkppXj4Rabaoqq1SQSw,Pink Me Up Beauty Lounge By Julia,True,
ChIJnS98uac4Xj4R3BbG-ufXM_E,Vanitha Ladies Saloon - Mussafah Branch,True,
ChIJiwe0qHBrXz4RjEMJraSg8cI,Natural Touch Beauty Salon – Top Rated Ladies Salon in Discovery Gardens,True,
ChIJJVYkZ4Kzij4REDyJZyiYQC8,Shouq Beauty Salon,True,
ChIJO96ntmJtXz4RR1nUd6qXzIo,Glamour Mark Ladies Salon – JVC,True,
ChIJ7SSzQkJfXz4RFrgppMVBRuI,Awtar Beauty Center - Muwaileh,True,
ChIJJV4cI5lZXz4R0JupBLe8pLU,المجمع الطبي البريطاني British Medical Complex - Sharjah,False,MEDICAL
ChIJ93lAmjZtXz4R5g23DdMKQ9E,The Barber House - Best Men’s Barbershop in JLT,False,MEN_OR_BARBER
ChIJI8rwUytDXj4RW_kVflzSqXQ,Skin Institute Dermatology Centre Abu Dhabi,False,MEDICAL
ChIJnfm8H3RCXz4RBunM8EDKjtU,مركز سلطان العلماء الطبي - اتحاد مول | 𝗦𝘂𝗹𝘁𝗮𝗻 𝗔𝗹𝗢𝗹𝗮𝗺𝗮 𝗠𝗲𝗱𝗶𝗰𝗮𝗹 𝗖𝗲𝗻𝘁𝗲𝗿 Etihad Mall,False,MEDICAL
ChIJBa4fnRRFXj4RPhetV5A5vHI,Its Beauty Ladies Salon – Sail Tower,True,
ChIJc5khtppZXz4RofafrhU7b2o,Pause Saloon and Spa Sharjah,True,
ChIJiTDAc45CXz4R1sFRBmmcgdg,Y12 Hair Salon,True,
ChIJ9fLeKQBZXz4RANcolwUEpRo,ASH Beauty Lounge,True,
ChIJ13X3hjxhXz4RmyOc4SN8FVc,"Perfect Skin Center , Dr beauty clinic",True,
ChIJqf2duTZmXj4R_bteEMRy348,Fame Hair Gents Salon,False,MEN_OR_BARBER
ChIJDfakpIJHXj4R3WYRCyOrI74,Fouziana Henna And Beauty Lounge,True,
ChIJQR_bfiJfXz4R8_7vwfdZEq4,Fly Me Spa,True,
ChIJNVRR1jxnXz4RgUheGZafAng,Beauty Room Salon & Spa,True,
ChIJhVWfudppXj4RW1NJDUldjnk,Tips and Toes Khaleej,True,
ChIJR0do5TZqXz4RF7ibiW3Pcr8,Pastels Salon Jumeirah (Al Wasl),True,
ChIJS77minNfXz4R2YZQP0h5-UU,HAPPY CUT Salon,True,
ChIJX_ZcqnY3Xj4Rktg3FT-LHk8,Arw Style Fitness & Beauty Center,False,FITNESS_OR_SPORTS
ChIJqarYdFc3Xj4RgiJZmsmoQHo,Al Maria Medical Centre - مركز المارية الطبي,False,MEDICAL
ChIJJbh_EMxDXz4R5zUhBWiCNCU,JanaBelle Clinic LLC,False,MEDICAL
ChIJ14bmDIxHXj4R2qToluEzJ7I,American Cosmetic And Dental Arts Medical Center,False,MEDICAL
ChIJ38JVwPRlXz4RMA0uZNO0buk,Bianco Spa (DSO),True,
ChIJD1_g9DpCXj4RWJAagGvwxYA,PAUSE SALON & SPA,True,
ChIJz5Tsn31PXj4RrE5jIkDZ7vw,The H Ladies Beauty Salon,True,
ChIJh1suPOdpXz4RSxCY97bhkNM,The Most Hair Design Ladies Salon,True,
ChIJuXi5rexbXz4Rrge5NnADxho,Anisaty Ladies Salon,True,
ChIJa6WSAEVDXz4RLr0S4wmYup4,Diva Gents Salon | صالون ديفا للرجال,False,MEN_OR_BARBER
ChIJZQxNp4BrXz4RGG36xMjuoJI,ILIOS LADIES SALON,True,
ChIJQ0rUvPZnXz4RKQZx1N6r8ro,MIA BELLA BEAUTY LOUNGE,True,
ChIJaTUdmCBfXz4R3UO495zgSlk,Hair LTD.,True,
ChIJ84617LNgXz4RcItJBI3oJJU,"Kaya Skin Clinic – Sport Society, Mirdif, Dubai",False,MEDICAL
ChIJl2qKJgltXz4ReuBuwKKMYvw,The Salon Dubai | FIVE Jumeirah Village,True,
ChIJtRO2tWRmXj4RN3c1rpNN8Fc,"Victory Medical Center طب الأسنان ،الجلدية, التجميل و الليزر",False,MEDICAL
ChIJk8hQALtnXj4R0sneJuNBZPc,Konjet Beauty Saloon,True,
ChIJ6UyqaL9BXj4RV8qjxrgFtwM,Max Care Primary Healthcare Center,False,MEDICAL
ChIJO_qHc_43Xj4R-51XaEJ9OPQ,Blonde Beauty Lounge,True,
ChIJH5dUcoFrXz4RWOBrkjL0Wzw,Cute Kids Salon,False,MEN_OR_BARBER
ChIJvcTyx0NtXz4Rac1Gnsk9Jzc,Divine Beauty Lounge | Best Hair & Nails Beauty Salon JVC | 20% OFF,True,
ChIJe_rAFutnXj4RkasAfbw9_y8,Elitecare Medical Center,False,MEDICAL
ChIJS_qRzU5HXj4RdDHREb3iqr0,Gold & Ash Ladies Beauty Center,True,
ChIJkz0IbwBrXz4RIwqLuYA0bD4,Unique You Al Barsha,True,
ChIJlxFOJwNnXz4Rdciy2easauQ,Barber Society - Gents Salon Al Warqa,False,MEN_OR_BARBER
ChIJX6xXyQ1nXj4RIqoICSPduQU,Al Rousi Men Spa - مركز الروسي سبا للرجال,False,MEN_OR_BARBER
ChIJM0rVUVJrXz4RO37SirNqh4I,Este Medical Group | Hair and Skin Clinic Dubai,False,MEDICAL
ChIJySbKg_JCXz4RXmzFM-GRpv8,"Nazih Beauty | Blue Tower, SZR | Dubai",True,
ChIJKVa6gnRmXj4RL_OS33S3ZME,Sana Beauty Salon,True,
ChIJ0XFwLEFqXz4Roi4CnzErRDU,515 Medical & Training Clinic,False,MEDICAL
ChIJ1fk5k8JfXz4RhXaNK864CY4,Shade Beauty center,True,
ChIJjUAl_p05Xj4RrzZQVGSfVV0,Le Florina Ladies Beauty Salon Musaffah | صالون فلورينا للتجميل للسيدات | Ladies Beauty Salon MBZ City,True,
ChIJ-yPLqWJnXj4RARhFLzDIQDc,Unwind Beauty Lounge,True,
ChIJd2O9qTdoXj4RFB4dy69OZ9A,Creative Dental Center LLC,False,MEDICAL
ChIJNaSYXthDXj4RprtgcxKvnds,nails the modern manicure studio - Souk - Qaryat Al Beri branch,True,
ChIJ-zN-A-lZXz4RvtTGiuchu-A,NStyle Beauty Lounge,True,
ChIJTSS60x05Xj4RwqbETuIf1qU,Bloom and Blossom Ladies Beauty Saloon Mussafah,True,
ChIJ-SbnyvRbXz4RfQjq13pbrGw,Al Inekas Ladies Salon- BR 1 - 10 + years in Sharjah,True,
ChIJJygT_P1gXz4RggrF7atrAkg,Grand Flora Beauty Salon & Spa - Al Warqa,True,
ChIJLwbhMvxtXz4Rk4gCcOLcVho,Barbershop Milado cut | Gents Salon,False,MEN_OR_BARBER
ChIJ_xlise119j4RPwHaPUlPHLk,Beauty Icon ladies salon,True,
ChIJr5DqpdpZXz4RBkXFYA8Bhis,Cosmolaser Medical Center | مركز كوزمولايزر,True,
ChIJ-bj4weBlXj4RYa1MziOiO6c,Karkafi Hair Extension Abu Dhabi قرقفي للشعر المستعار (اكستنشن) ابوظبي,True,
ChIJE-HwZ7B19j4RTFWNfWB_tCo,Shape of you AlDhait,True,
ChIJkzlGXCZmXj4Rv0Ng_vrsMsI,صالون عروس الخليج - Gulf Bride Saloon,True,
ChIJ41npboJhXz4R7raxWgY_5FU,"Jazz Lounge Spa for Men - Mirdif Avenue Mall, Dubai",False,MEN_OR_BARBER
ChIJGe_oyaJoXj4Rc0cLvGi-DnQ,Nova Health Medical Center,False,MEDICAL
ChIJyW6MvltGXj4R9vMxm5RDOI8,CosmeSurge Clinic Khalifa City | Bariatric Surgery | Dermal Fillers | Laser Hair Removal | HydraFacial | Skin Rejuvenation,False,MEDICAL
ChIJQ3rnkVBhXz4RtgefhpUOauM,Glow365 beauty Mirdif hills avenue,True,
ChIJldsuf4dPXj4RP-dmBlvAypc,The Loft Fifth Avenue Beauty Lounge - Yas Mall,True,
ChIJtcmijnhhXz4R6Mvnk0xrhr4,Furless Permanent Mirdif,True,
ChIJCTLJnDBhXz4Rum1ExuqyLGo,Cosmo Health By AACSH| Mirdif,False,MEDICAL
ChIJAf6vLtZpXz4R5apQG1K1RzI,Safa Dream Ladies Salon LLC,True,
ChIJC4J6G2VtXz4R4RsTT8qB6ac,The Curl Therapy,True,
ChIJm1pVp0BtXz4Rpgo2ztoaZEA,Kozma Curl JLT Branch,True,
ChIJZ3vcheo3Xj4RnSWZDXWS72k,صالون ماكوين للسيدات McQueen Ladies Center,True,
ChIJrRRESi83Xj4RFdDHv7OXwNw,Silkor Khalifa City B - Shakhbout City,False,MEDICAL
ChIJM0YNNT5ZXz4RxMzXwv6OGoI,مركز الوزن المثالي,False,MEDICAL
ChIJjTTlILtpXz4R9D--AtcxpyI,Hair Avenue Beauty Salon,True,
ChIJxw_jYCBmXj4R4W15MAFN0z8,306 Spa | Award-Winning Hair Nails Beauty Salon Abu Dhabi,True,
ChIJ4QqriIlFXj4RlYDoVJA9FCo,"Jazz Lounge Spa for Men - Yas Mall, Abu Dhabi",False,MEN_OR_BARBER
ChIJW5QqzupZXz4RAT2eIL86uMU,Secret Care barber shop & Spa صالون رجالي سر العناية,False,MEN_OR_BARBER
ChIJSW1zuyBhXz4RqFo3pM3UzRw,ORLA Beauty Salon,True,
ChIJV-MZgqZnXj4RqyrxMfMdd98,Naturals Salon,True,
ChIJK43F8H1GXj4R0ciet1fzgdI,Beauty Plus Medical Center,False,MEDICAL
ChIJlVCCajQmE6QRPxItws2xgAc,Haven Salon & Spa for ladies - Abu Dhabi صالون هيفن للسيدات,True,
ChIJ7zNRkgFhXz4R-0gn-lWqmpg,Sakura Beauty Spa,True,
ChIJ1Rym03lDXj4Ry8HrwL3DgZQ,The Fix Beauty Lounge,True,
ChIJeeRj1TVqXz4RWRRmhU-5qKg,Bloom Aesthetic and Laser Clinic عيادة بلوم للتجميل والليزر,False,MEDICAL
ChIJf47Opc9X9D4RU8CdNHz3nRo,Burqau beauty center,True,
ChIJhw_xEt0qL4gR6Bishu08MI8,Namys Beauty Lounge Dubai Best Salon For Ladies,True,
ChIJD78jm21DXj4RFJaaFlEWA9U,Elated Beauty Bar,True,
ChIJB1eybbhrXz4RfNr5DkIOkvQ,Urban Glam - Barsha Heights,True,
ChIJZRZg0ihnXj4R_Pq2INmrLgQ,La Juicy Spa and Beauty Center,True,
ChIJ7xuNn8FrXz4RB3dSnDLcPIg,Twist Curly Hair Salon Dubai,True,
ChIJu_blBE1nXj4RuqjCD1qHHaY,Top Touch Gents salon & spa صالون وسبا توب تاتش,False,MEN_OR_BARBER
ChIJ7YfCKAXNFAARAun7rUoz3ns,Boujie Beauty Salon,True,
ChIJzzbywhyyij4RijXShawdh7I,Amro Ladies Salon,True,
ChIJH32H67ZtXz4R8CNbPtkHgtg,The Perfect Blend Dubai JVC,True,
ChIJ0bA1eb1gXz4R7D1KslapuS0,Silkor‎ Mirdif Branch,False,MEDICAL
ChIJBTzrgYZDXz4R4k3BNQwPjhs,Lash and Brow station,True,
ChIJ7aBvpbBBXj4Rrz5YkTw3PKA,Ushi Nail Spa Al Qana Abu Dhabi,True,
ChIJ7eg4VFo3Xj4RBKDKLzVzjgo,مركز الامارات للعناية الرجالية فرع بني ياس,False,MEN_OR_BARBER
ChIJ69xfDaRHXj4R9w_joO8apaw,Sign Ladies Salon - صالون ساين للسيدات,True,
ChIJjVmxV54IyG8Rb6vQGYUtChQ,GLOW Beauty Center Raha,True,
ChIJYU4PwtJ19j4RTzPR2Cu8EP0,Pause Ladies Spa Salon Rak Branch,True,
ChIJ3_iyPrQ5Xj4RH9UwIvrtDss,blusher salon and spa,True,
ChIJe70BwzttXz4RhOVZU77la9c,The Aesthetics Clinic,False,MEDICAL
ChIJAVJbqQhmXj4RJTYA6vaL20s,مركز ماجستيك الطبي - Majestic Medical Center,False,MEDICAL
ChIJhbXVqRtpXz4RFkKE772AO8Q,HAVIE & MOON,True,
ChIJF2riysJ19j4Rz-IGoUaN4Xg,Djor Beauty Lounge,True,
ChIJ1RNCXzRDXj4RkbuAKXOwcGA,Indigo Ladies Salon,True,
ChIJA3hjb-NHXj4ROuB2SgejwCc,Luxury Harrods Beauty and Spa,True,
ChIJ_XHbJhZmXj4RZEoLST18fRY,Beautiful Henna Centre (صالون النقوش الجميلة),True,
ChIJvVXZyygTXz4RoMJC0fPAHSY,KARKAFI HAIR Extension Dubai Marina قرقفي للشعر المستعار (اكستنشن) دبي مارينا,True,
ChIJBW8b_L5rXz4ROct4NjxpLmY,"Tara Rose Salons - Al Quoz, Dubai",True,
ChIJczawgrJnXz4Rpen1TutFZ64,Bladez Gents Salon صالون رجالي بليدس,False,MEN_OR_BARBER
ChIJBa4VrhZtXz4RBILEucrVUEc,Neferthena Ladies Salon,True,
ChIJIbVQzRdfXz4RpzKkV7NYY3c,Saga Spa for Men - Muwaileh,False,MEN_OR_BARBER
ChIJj1HAlOtfXz4RA3vhwo70jEY,Norsh Spa,True,
ChIJYdYrnnpZXz4RjLXEnfNGyfg,Karkafi Hair Extension Sharjah قرقفي للشعر المستعار (اكستنشن) الشارقة,True,
ChIJiwAxb2JrXz4RIv_oGv3Iun0,Fade and Play - Barsha,False,MEN_OR_BARBER
ChIJDUGzwT9bXz4RmNUWNM5W5sQ,Miss World Beauty Salon | Hair Salon | Al Nabba | Sharjah,True,
ChIJOXqcoflHXj4Rw9lYL-ImdG0,Mirna Kassab Beauty Center,True,
ChIJRTPUSNmtij4RUpukt5fIHhM,"Jazz Lounge Spa for Men - Souq Extra Mall, Abu Dhabi",False,MEN_OR_BARBER
ChIJl5huYkBpXj4RX9faSAjd-iA,RITUALS BEAUTY SPA,True,
ChIJUy6LoMNlXj4RbjQD6nE6-kQ,Syda Beauty Lounge,True,
ChIJsa5u-xZhXz4Roszqs9L7jps,N.Bar Nail Spa & Salon City Centre Mirdif,True,
ChIJKZkeSv1lXj4RxF3R8tzJNU8,Oriental Beauty Lounge,True,
ChIJOYCqtehBXj4RHfXdhlhgtxw,Man Lab Gentlemen's Spa Al Qana Abu Dhabi,False,MEN_OR_BARBER
ChIJbRT00BP59D4Rbv_R_QCqZJ0,Pink & White Saloon Fujairah,True,
ChIJgVSh6TttXz4RiaTD9nqtyCw,Tips and Toes - Al Furjan - Dubai,True,
ChIJhaG4jh5pXz4RRgJr20PuSWo,Salon Dubai | Essential Beauty,True,
ChIJw8SGwix19j4RzuVHrCs480A,Atheer Medical and Dental Center مركز أثير للطب والأسنان,False,MEDICAL
ChIJ46n5PadnXj4RQxaG0H7wG1c,Princess Lounge Ladies Salon,True,
ChIJq_2Ft5NGXj4RBu1gRSV_VPU,Plush Beauty Spa,True,
ChIJ15PLWpJgXz4R5U6x1jNpKmA,Casa Bonita Beauty Salon & Spa صالون و سبا كازا بونيتا,True,
ChIJ_S01UQVnXj4Rp9gKj2D00ws,"My Look Ladies Beauty Lounge, City Branch, Abudhabi",True,
ChIJg9vaPitJXj4RteR_PONRSLE,Rusty Blade,False,MEN_OR_BARBER
ChIJsbf0h6RnXz4RcGzFXL6-7Hs,Derma 247 Laser Clinic,False,MEDICAL
ChIJMcqDKaKtij4RP-EC5vE9v8E,La Poupee Beauty Center - AL AIN,True,
ChIJs9hlpFF09j4R9_vZcehtnPo,Trends Beauty Bar,True,
ChIJb34n5hCuij4RqiS1VgZaSnk,Amber Spa & Beauty Lounge LLC,True,
ChIJx5BOfa5sXz4RXNsRSY2lun4,Essa Beauty,True,
ChIJQ44YqBNrXz4RR_DLtbYjO_Y,Locks By Lou Lou Al Wasl,True,
ChIJVbstSFBmXj4R449I_E3vMkY,Lulu Beauty Centre,True,
ChIJwaaXuTNtXz4RjEA_RaTUJhg,Cutting Edge,True,
ChIJv5Z36SF09j4R9ww4EWphXjo,"Kaya Skin Clinic - Khozam , Ras Al Khaimah",False,MEDICAL
ChIJObWU69VFXj4RHe9sihg8jm0,Belladona,True,
ChIJcRE_l2NmXj4Rs7yNgCkivuE,Glamour Hair Salon abu dhabi,True,
ChIJqTeaHthnXj4R4mu23EJamJY,Eternity Beauty Studio Russian Salon - Abu Dhabi ستوديو تجميل الخلود,True,
ChIJ2bVES9BDXj4R1GQbwTs4s7U,Hair Factory ladies beauty salon Abudhabi,True,
ChIJs0pW-oqxij4RD1dWYgW7sEQ,Rival Salon,True,
ChIJoTzAzZ359D4ReTrBB9qL0w8,Signature clinic,False,MEDICAL
ChIJR4QYtRZCXz4Rrj6Pg9cUZ3Y,Dubai: 306 Spa | Award-Winning Hair & Beauty Salon Jumeirah,True,
ChIJCWVOVMBLXj4R3mIpsIuRc0w,Tips and Toes Falah 1,True,
ChIJNem5iYZtXz4RmjogAPSZ1zE,Health Call Medical and Aesthetic Center,False,MEDICAL
ChIJrR3Ef9prXz4RPa9jzsXsgzE,Art zone,True,
ChIJt6MnD09tXz4R4qbfDLgvwVo,Black Mustache Gents Salon | Barber Shop,False,MEN_OR_BARBER
ChIJp6EpTHprXz4RGABjzaVtGq8,Mashael Beauty Lounge,True,
ChIJMSB4C35HXj4RZaFWsB2HzPA,N.Bar Nail Spa & Salon Khalifa City,True,
ChIJIb3B1-FmXz4RsJU71JnLPSo,Fine Cuts Men's Barbershop,False,MEN_OR_BARBER
ChIJnXnqttZDXz4RvEdHTZdkRT0,Chic Future Beauty Salon,True,
ChIJhS4YWLBfXz4RVr0X3Q-igSA,Hide Beauty Center,True,
ChIJLbYRUTVhXz4RNhPFDAH3VdQ,She's Ladies Beauty Salon,True,
ChIJ6ajNdFRfXz4RodPS8sGnT8E,Three Brothers Barber Shop,False,MEN_OR_BARBER
ChIJ32dV6-JFXj4RirMzddSWiYA,BLONDE LUXURY BEAUTY LOUNGE,True,
ChIJSTj_IsZrXz4RjkgnU6ZMk2A,LaMer Ladies Salon - Beauty Salon - Hair Salon - Nail Salon - Al Barsha Dubai,True,
ChIJ-0U6Z-dhXz4RXRJa0Mc3Hhc,82 House of Beauty,True,
ChIJaxDupR1JXj4RxkHSywjtQnU,Nail It Limited,True,
ChIJpUhxIUVCXj4R-Z4Go8nmIPw,Al Cady Medical Center L.L.C,False,MEDICAL
ChIJrx2Or8FrXz4RiYWRgp_AiGM,The Iridium Building,True,
ChIJHYmgppuxij4RKP9R7btrgyE,مركز داماس للحناء و تجميل السيدات Damas Henna & Beauty Center,True,
ChIJY0phdN1rXz4REnOYlJUocFA,BRAU,True,
ChIJq2ghPblgXz4RScCkKmue97Y,Sultan Al Olama Medical | سلطان العلماء الطبي - مردف,False,FITNESS_OR_SPORTS
ChIJ0bh_UJQ3Xj4RMzjDoCk-2Vw,Summerland Medical Centre,False,MEDICAL
ChIJR2fkRYJfXz4REzmPziZ6qpg,Anisaty Ladies Salon Muweillah Branch,True,
ChIJXwWRdABfXz4RnN7GMvtyDOA,Rare Spa,True,
ChIJEa4388tLXj4R8ttgoixXfhs,"Jazz Lounge Spa for Men - Al Falah 2, Abu Dhabi",False,MEN_OR_BARBER
ChIJZQ_40hlDXz4RQ6Z4M_bxfaA,Lamar House Salon spa - Massage Center in Dubai & Best Moroccan Bath,True,
ChIJU1VVVYX49D4RNPBv71pmqBg,"Kaya Skin Clinic – Fujairah City, Fujairah",False,MEDICAL
ChIJqWAauUtlXj4R5CEvqGsTNdk,Aphrodite Beauty & SPA,True,
ChIJJzvM6h5rXz4RXCkBgiYJZaU,The Nordic International Beauty & Training Centre,True,
ChIJh3jdGflRXj4R_LgciVZOQ6U,Kanaan Gents Saloon & SPA (Al Shahama Old),False,MEN_OR_BARBER
ChIJ0-wRXGlDXj4Re96Hp4-zBiA,Uptown Barbershop,False,MEN_OR_BARBER
ChIJRQHEp-tgXz4RjPFNhFYZlVc,"The Loft Fifth Avenue Beauty Lounge- Shorooq, Mirdif",True,
ChIJ-bwr_cBhXz4R_A7f-_yL6CE,Top Notch Ladies Salon,True,
ChIJa_5SjvRnXj4RYjFue3DePuk,Le Noir Beauty Center | مركز لي نوار للتجميل,True,
ChIJnbuwwDZGXj4R2MuK02ZL3RQ,La Poupee Beauty Center - Abu Dhabi,True,
ChIJPSv6UmVpXz4RD8D6scSDhmI,Pause Salon & Spa,True,
ChIJ00cEbsBpXz4RP7zwiBHcMCY,Bash Lab,True,
ChIJFZhIAO5DXj4RzlYwDOcq5NA,KF Makeup & Hair Styling (Home Service),True,
ChIJh14LqS0TXz4Rd2oLQjVzf2g,Mirrors Executive Men's Salon - Marina,False,MEN_OR_BARBER
ChIJsx8-I0FCXz4RkF31mTk1790,Hello Kitty Beauty Spa Dubai,True,
ChIJg6FONuBnXj4RkIDJUY_jwfU,Magio Hair Experience - Al Bateen,True,
ChIJqz6LntMwXj4RcrW4kFpf6n8,Al Amal Medical & Dental Center - مركز الامل الطبي و طب الاسنان,False,MEDICAL
ChIJ7yIxJNpDXj4R2GCbL6B0_nw,BlowDry Hair Salon,False,MEN_OR_BARBER
ChIJ2SnOrkqxij4R1poi6um3wOU,Cureplus Medical Center (مركز كيور بلس الطبي),False,MEDICAL
ChIJaRyRTE-xij4ROKfEGjuBN00,The Space Beauty Lounge Al Ain,True,
ChIJWcfpH3T49D4RnSdqoRvfb9E,Riviera Salon صالون ريفييرا,True,
ChIJpf9cxi1tXz4RbtgU9W1DO4I,"Sasha Beauty Salon, Vida Hills",True,
ChIJt3cMOVxnXz4RP30_Opmu9B4,Razors Spa & Gents Salon,False,MEN_OR_BARBER
ChIJyVfhuzVfXz4RX-Lh3pu5iJY,Sole Oasis Muweillah (Men's Spa),False,MEN_OR_BARBER
ChIJA-EyzRdfXz4RE3t3rQSKlSc,Nail2u Spa,True,
ChIJxTKT9PZnXz4RTeQKr9lpxH8,Beloved Beauty Salon - Best Ladies Beauty and hair Salon in Dubai,True,
ChIJycSvtZxCXj4R-RJF502OC-k,The Nail Spa - Eastern Mangroves Promenade,True,
ChIJn0DuYyQ5Xj4Rjzb6tDE-V_c,Naturals Salon,True,
ChIJaTkPbgVtXz4RftBn8N4YECY,Sevan Fadez,False,MEN_OR_BARBER
ChIJxVt4blkTXz4Rd2u_R0AqBVs,MUKTA BEAUTY SALOON ( Discovery Gardens),True,
ChIJiVO5P-BfXz4RikSUGaTr2XU,Norsh Spa Aljada,True,
ChIJc4CzqmBCXj4RQT4BHbkDdaU,Bellacure Nails,True,
ChIJDauAueVFXj4R3Xmnuq3eL3M,Reed Beauty Lounge & Studio صالون وستوديو ريد,True,
ChIJ4wIIjUBqXz4RMpLJ4g4MDKk,The Nail Spa - Jumeirah Road,True,
ChIJo4M7ff5HXj4RozyClVf8rfk,Biyo Beauty Spa - Forsan Central Mall,True,
ChIJPd_il09CXz4RNCGy4Mah_Mo,Zieda Beauty Lounge,True,
ChIJ2T14RgBHXj4RPToXjtytLp4,Private villa gents salon,False,MEN_OR_BARBER
ChIJDfWiCfltXz4Rusomg1MTsa4,Nails LAB Salon (JLT Branch),True,
ChIJv066Aa1LXj4RLnzJJT43tGQ,Tips And Toes Falah 5,True,
ChIJq9T5Z_xtXz4Rbq5zSDUkCSI,Saphire Dent Clinic Dubai | عيادة سفير دنت لطب الأسنان,False,MEDICAL
ChIJY59gK9VpXj4ROCwYdCtZdb0,Bride of Sham Ladies Salon (صالون عروس الشام) - Highly recommended ladies salon at Muroor Road in Abu Dhabi,True,
ChIJjX27NHNnXz4R5v3XFitDGFM,HEADZUP GENTS SALON (DSO),False,MEN_OR_BARBER
ChIJT6HWvGA3Xj4Rmf8dQzGbtGY,Deem Beauty Lounge,True,
ChIJTQLaGGwxXj4RtC5iJ9F4WH4,Dana Al Yawazi Women Beauty Center LLC SPC,True,
ChIJ-wp_nklhXz4ROIsEvxv9B7I,Levant Gents Saloon,False,MEN_OR_BARBER
ChIJzYRGHGxfXz4RvTgt5jyI_0I,Al Majarah Al Zarqa Ladies Salon,True,
ChIJ6wqSJytfXz4RIsuiHeaU9CE,Al Kadi Beauty (Salon & Spa),True,
ChIJNUWVaoM3Xj4RHWdV5LZ8nYM,Arous al Sahara Saloon,True,
ChIJEXK3w8dhXz4RghAxv2yBUQY,Beyond Skin Clinic,False,MEDICAL
ChIJxQl97JtFXj4RL1rtIkBcCZM,Golden Desert SPA for Men,False,MEN_OR_BARBER
ChIJ_626N8VX9D4ROcPvrMlaQ2c,Synergy Healing Centre,True,
ChIJBV8FjRZZXz4RmqXXsT4z61o,Qatr Al Nada Ladies Beauty Saloon,True,
ChIJuWItKrRmXz4Rv5r4d0Bt0l0,Ranis Beauty Saloon,True,
ChIJ6TGi-F5BXj4RcXAbEUohchw,Your Dental and Medical Centre Rabdan - يور دينتال اند ميديكال سنتر ربدان,False,MEDICAL
ChIJ18eUxGdZXz4RVWnvBfjJAzI,Nazih Beauty | Al Qasmia St | Sharjah,True,
ChIJYYU_KS1DXz4RdcjCg_AwXeE,"Matryoshka Russian Beauty Salon – Nails, Lashes & Brows - DIFC, Dubai",True,
ChIJlx4c34NfXz4RNWeXsP1TyJk,The white spot,True,
ChIJd1MjLz1fXz4RjRjnzrOqlkg,Walili ladies saloon - صالون وليلي للسيدات / مويلح,True,
ChIJGVsHtbNtXz4RrOYLqo7Jcuc,Gladys Beauty Saloon- Jumeriah Village Triangle,True,
ChIJoV3tjb5FXj4RPTMhunNNho0,AL SAFY OASIS BEAUTY SALON,True,
ChIJMzPF6ZZtXz4Rx0s_zlZyioE,MUKTA BEAUTY SALON ( AL FURJAN),True,
ChIJLXJNyeatij4RT2-2Q09JYw4,Oriental Beauty Lounge - Al Ain City,True,
ChIJXy21KDxHXj4RIdV7o7AKBeU,La Riche Spa Lounge,True,
ChIJ7cKAoCJbXz4RM7OcXrDCz78,Legacy Gents Salon,False,MEN_OR_BARBER
ChIJl7oJBYNFXj4Rpt8ufPOV9ik,صالون بيتس بونز للحيوانات الأليفة Petsponz Mobile Pet Grooming,True,
ChIJWUO80Z9PXj4ReoD9XBjFuPM,Awtar Beauty Center - Deerfields Mall,True,
ChIJkcOkHe1LXj4RoGvVx_GBerI,Freesia Beauty Center مركز فريسيا للتجميل,True,
ChIJI_Ppl_JCXz4RyW7l5QTBQjs,House of Nails,True,
ChIJ4yLyvpJlXz4R9mnI2Y4Podc,She style ladies salon,True,
ChIJJd_Y08Kxij4R755rwM1pNxY,Brush and Blush Beauty Parlour Al Markhaniyyah,True,
ChIJLbmsUNVpXj4Rimbd3z_7Zkc,Ruby Salon - Sultan Bin Zayed Street Br 1 Abu Dhabi,False,MEN_OR_BARBER
ChIJrwz-6ktnXz4RThRfJCdAdsM,The Beauty Society,True,
ChIJX6mpNQBX9D4RX3xr3tlWwk8,Aura beauty salon & spa,True,
ChIJu81xwBpfXz4RRRg116nWxg0,Camellia,True,
ChIJLcxwCJJfXz4RjsE6hzWO5pg,Urban Look Gents Salon,False,MEN_OR_BARBER
ChIJi2wRVcVhXz4RLsX505oXqt0,Opal Glow Plus Medical Center مركز اوبال جلو بلس الطبي,False,MEDICAL
ChIJu-zyqTFHXj4Rfn0ltDhuQLY,Royal Nails Beauty Lounge - Khalifa City,True,
ChIJd9-BXqhsXz4Rd3JGUpR8C-w,Al Waleed Paradise JLT Cluster R,True,
ChIJtZ86m4BlXz4RTr9jlCtPcoA,The Artist Gents Salon Dubai Silicon Oaisis- صالون ذا أرتيست للرجال,False,MEN_OR_BARBER
ChIJOdqeZfA3Xj4R4z8QmaW5kIc,360 Cure Dental & Medical Center عيادة أسنان 360 كيور,False,MEDICAL
ChIJqa7UHI9pXj4RtSOUqeeoLtA,Styler Gents Salon & Spa - Khalifa Park,False,MEN_OR_BARBER
ChIJh5GWp2phXz4RYMsbeBFFZxk,Pinky Pink Beauty Salon,True,
ChIJvT-cm31GXj4RqT_f-3bw9R4,Color Me Spa,True,
ChIJo-ZlFgFfXz4RvbE6oorJqH0,Albanat spa salon,True,
ChIJm5dXNFFJXj4RtVnYoCFdslI,Avenue Medical Center | أفينيو مركز طبي,False,MEDICAL
ChIJz9fcsplJXj4R3XctupxLwzw,The H & Spa,True,
ChIJqWvdQgBJXj4RWBnsE2sHUHY,Pause Salon for Women Shakbout,True,
ChIJO7I5Khj59D4RJDlACuffiqg,The Grey Beauty Center,True,
ChIJG4PiHHpHXj4Rgotz8EAEtKw,Physiomins Beauty,True,
ChIJWx6gaZ919j4RXUuTiLkUWlA,Coated Beauty Lounge,True,
ChIJ8Uq1R1lBXj4Rb-6WJo3wDE4,Flair Ladies Beauty Center,True,
ChIJXcte2qpmXz4R2Cl9eRp_ywU,HEADZUP GENTS SALON (Al Warsan 4) 4 صالون هيدز اب للرجال الورسان,False,MEN_OR_BARBER
ChIJ21D7NpJgXz4RJKj65bT3oq4,Hair Fusion Salon - Mirdif,False,MEN_OR_BARBER
ChIJ4RPvP8hpXj4RZyJsF1mf7zA,Four Seasons Ladies Salon,True,
ChIJAbHY8TNJXj4RCFVFm83o6-w,CT Style Salon,True,
ChIJV5kPnuN19j4RSMkHoVUlpOo,Mirrors Beauty Salon - Ras Al Khaimah,True,
ChIJ1TbI3AhFXj4RIei31htfz6w,Mantis Best Barbershop In Yas island,False,MEN_OR_BARBER
ChIJxYEVxhZhXz4RiyCA3bE9lMY,Danya ladies saloon,True,
ChIJp2gR5idfXz4RPjz-9-DprGg,Beverly Hills Beauty Center,True,
ChIJF9epKQhDXj4Rb0GR3M9bi6E,صالون القصور للعناية بالرجال ALQASOR GENTS SALON,False,MEN_OR_BARBER
ChIJbe5H5t85Xj4RUDLz8Y-DT9k,Break Home Massage Spa Men’s Care,False,MEN_OR_BARBER
ChIJY6BbY3ZPXj4RrUQtPfRTC6M,Filter Ladies Salon,True,
ChIJUX0YRACzij4RNc56QEVDc20,نادي ريكوفري الصحي Recovery Health Club,True,
ChIJT81H6yJfXz4RAm6PY4_CtmE,Asmreko Beauty Centre,True,
ChIJ96MBJCJnXz4R3fmAVRU8dkc,Beautify Me Ladies Salon & Spa,True,
ChIJJThiRQBDXj4ReHyHBI8ug-c,Bonita Beauty lounge,True,
ChIJaQ9wZeNhXz4RR0dWJH5iQnE,Karmela Beauty Lounge,True,
ChIJU_ZWWT9ZXz4RwXAZR2gShjU,Al Zumurud Medical Center مركز الزمرد الطبي,False,MEDICAL
ChIJf-mskP1LXj4Rwp8hj8OpI4Q,Mimarm Beauty Salon | صالون ميمارم للسيدات,True,
ChIJR7yaYMIr0A8RJ1xxI2XJjZQ,Nara Beauty Salon,True,
ChIJo5_Sy5VlXz4R3dERIYwva4s,Spectrum Beauty salon,True,
ChIJP1niJQBHXj4RF3V73XOmjaQ,Reef beauty lounge,True,
ChIJt5zCMjRLXj4RpfBYXaplTHw,White lily beauty salon,True,
ChIJtzeSuFlHXj4RxZPkE4BYjeI,Cello Ladies Beauty Centre,True,
ChIJ41I_Tm-xij4RGDLRsXuw3Ow,Royal Nails Beauty Lounge,True,
ChIJ99Q0xv1JXj4R1dwKWp8HjTQ,Urban Cuts Barbershop (Al Reef),False,MEN_OR_BARBER
ChIJxyUlX85FXj4RXRI9AG9LISg,Skin Glow Facial Center,True,
ChIJ4UkIgGJFXj4Rqq_4olKf64c,White Angel Centre,True,
ChIJbSN1CLFPXj4Rl9x9Aro5dag,Solange Beauty Ladies Salon,True,
ChIJg2qsgy5lXz4RjFk-ES29Ojw,BLOOMS MINI MART & CAFETERIA,True,
ChIJ27NNoSxfXz4RzhvOVsqbLlw,Golden Lotus Beauty Salon,True,
ChIJq6qqqv1YXz4RaNpdZFGR3P0,Vanillia Beauty Center,True,
ChIJ0XhC7Tx19j4RJfHwMVadbfU,majesty Men Care Center,False,MEN_OR_BARBER
ChIJ8a14IlZrXz4RGsZ0xqnyzMM,Nail Candy Beauty Spa,True,
ChIJS9adGiBfXz4ROf65E4Hk_-U,Nails House,True,
ChIJoeXl309rXz4RNxdA5jxJ0MM,صالون بابلون للرجال Babylon Gents Salon,False,MEN_OR_BARBER
ChIJdYoDDmKtij4R1CnCBKUsNvI,فيروم سبا - Virum Spa,True,
ChIJV8rMtqhHXj4R1k1OzNyPle4,Lavender lashes and nails,True,
ChIJ7x4o8xdRXj4RL8VExl8E4AM,Ambiance Men Spa Salon,False,MEN_OR_BARBER
ChIJQ2ZHhag4Xj4R7pQL28Qeifw,Karameesh Gents & Kids Salon,False,MEN_OR_BARBER
ChIJdcRBKP5jXz4RC5T5xeFTq0g,Silvio Gents Salon - Dubai,False,MEN_OR_BARBER
ChIJ22WvAxZPXj4Rba0b6Csy-Ck,Pochinki for men salon khalifa city,False,MEN_OR_BARBER
ChIJkbpRWACvij4RvV8mBcToWBE,صالون ميس وررد,True,
ChIJxwm73mkTXz4R6FK0YeM2Umg,Back Alive Barbershop,False,MEN_OR_BARBER
ChIJ-cOVENZhXz4RHu_PvQSKXgc,Rosalina Beauty Saloon. LLC,True,
ChIJ3RuWcyxnXz4RCLO-jnWZGz0,Yasmine Beauty Salon صالون ياسمين,True,
ChIJwReRVwZPXj4RpK7PtgYsZSw,Elle Beauty Lounge,True,
ChIJlwG5_DI3Xj4RXNhToLQcoWw,Orient Magic Beauty Center,True,
ChIJsXh-qCRFXj4RPD1S74hayKA,Très Chic Beauty Lounge,True,
ChIJLwJz4iE3Xj4RJU4kyWBwJD8,Peony Beauty Center,True,
ChIJk27KicFhXz4RQpyMtihuVLo,Nihals Hair and Beauty Salon in International City Dubai,True,
ChIJLySq1BxFXj4Rgiy9C0CqB30,Little Scissors Kids Salon | صالون ليتل سيزر لأطفال,False,MEN_OR_BARBER
ChIJ4dmgO-9hXz4Rs5WytTfD5r4,Nail Studio Mirdif,True,
ChIJaZVR4APfLYoRDs8nQwNkq7A,"Cutting Edge Ladies Salon I Mega Mall, Sharjah | Ladies Beauty Salon In Sharjah | Cutting Edge Ladies Hairdresser",True,
ChIJbQepX4NtXz4R8Xcv4BeD8mg,"Sasha Beauty Salon, JVC",True,
ChIJ7TeG6gdfXz4R23XbCDrp5lM,Derma One Sparkle Medical Center - مركز ديرما وان سباركل الطبي,False,MEDICAL
ChIJm1gKcAhpXj4RtVHtytsjU04,The Hair Bar Beauty lounge,True,
ChIJP_C8v9pbXz4RnnmAdu9SxYo,VALENCIA LADIES SALON LLC,True,
ChIJ17kOD-exij4RJ9DJM4hBxCo,Lavita Beauty Center,True,
ChIJ6WvjJUxpXj4RBrEpujZgm_0,Magio Hair Experience - Al Mushrif,True,
ChIJqbZoi0E3Xj4RqvcwgAiD-I0,Octa ladies beauty center,True,
ChIJnbUMv8FFXj4RNd5I0EaxNd0,Ivy Beauty and Bubbles at The WB Abu Dhabi,True,
ChIJ0-U5SDVfXz4RjzjD_EyJoHs,Pure beauty ladies salon,True,
ChIJhTfJMztRXj4RxFVl3wqJQak,Tli Beauty Lounge L.L.C صالون تلي بيوتي لاونج الشهامة,True,
ChIJ2cRwm0lynCgR06QvoTEAUV0,Blinklash Women beauty Salon - Abu Dhabi,True,
ChIJmZTGYwZHXj4RUVITzCRY67A,White Angel Centre,True,
ChIJo43uxzs3Xj4RVXtbF8SINMg,Sisters Ladies Saloon,True,
ChIJ2fLyQXlrXz4Rl6K19ZHZSSc,Hair by Us | Beauty Salon | Hair Salon - Tecom,True,
ChIJFYILWUhtXz4R9ftaSETqZbA,Create Beauty Spa,True,
ChIJsfjLSXBFXj4RaCqgv4HM4Zc,TIME SQUARE Barbershop - Al Bandar,False,MEN_OR_BARBER
ChIJJ1YG2bVfXz4RPqFbW8mUgPs,Barber Bell,False,MEN_OR_BARBER
ChIJB5DRKyZmXj4RDRhF9YlGekM,Charm Slimming & Beauty Center مركز شارم للرشاقة والتجميل,False,MEN_OR_BARBER
ChIJe-PIcXs3Xj4R4uamHT7kZpI,Stylicle men salon & spa,False,MEN_OR_BARBER
ChIJFfN9e0RfXz4RHL2GZN8Ean4,OAK SPA,True,
ChIJu1fiwWpJXj4RVNRMH1pYlyA,Styles & Smiles Ladies Salon Limited,True,
ChIJAV19Lv83Xj4R1oqXSoHmJGk,Top Spa & Beauty Centre,True,
ChIJRyJFFMJDXj4Rd1E_0adIPqw,PICASSO TOUCH SALON FOR GENTS,False,MEN_OR_BARBER
ChIJedISKyZtXz4RKOwlWBqc9KY,Barbershop Dubai - حلاق - Barber Republic 💈,False,MEN_OR_BARBER
ChIJ-eiEMHz59D4R1eP2m7AVlE0,مركز تالغو للتجميل - Thalgo Beauty Center,True,
ChIJ404hP7lgXz4RifhN2gdbUyQ,New Cut Gents Salon,False,MEN_OR_BARBER
ChIJH26D38ZFXj4RrPiy947PD0w,The Cloud Spa ذا كلاود سبا,True,
ChIJmVS7RtpJXj4Rb9wAlFGyBaw,Chaouen ladies beauty center,True,
ChIJA7XAjmF19j4RJ9sC8tcQ6ww,مركز آرتال للعناية الشخصية للرجال _ ARTAL MEN PERSONAL CARE CENTER / SPA,False,MEN_OR_BARBER
ChIJUa8OzOlFXj4Rwz13Z_Ot4xk,Nails Style Beauty Centre,True,
ChIJmWiuN-VFXj4RQDF2uLpsGEc,Styler Gents Salon & Spa - Al Raha City,False,MEN_OR_BARBER
ChIJ5Q33s4ZrXz4Rff3RVFuqN4k,New Look Business,False,MEN_OR_BARBER
ChIJ30QrfVlHXj4RNznnw6DrRt8,Spring Days Ladies Beauty Saloon,True,
ChIJB-pJMMD59D4Ru3IjfkszqCM,مركز الفا الطبي Alfa Clinica,False,MEDICAL
ChIJiyMMy9BbXz4ReIW8bqdQNoc,Aladdin Qasr Kids Saloon,False,KIDS_SALON
ChIJC9kG5jB19j4R4B37BfGhlfE,Anat Salon & Spa RAK,True,
ChIJ4QOqNMivij4R-iczh3TJU7g,Murano Spa Center For Men,False,MEN_OR_BARBER
ChIJt4wF7bVhXz4Rri3uGFXZxPE,Naturals Salon,True,
ChIJIYB61EA3Xj4R9F0cV6PBN0g,Ruby Salon - Baniyas Abu Dhabi,False,MEN_OR_BARBER
ChIJFSNK1MOzij4RQf8QpfrN95E,Base beauty and spa,True,
ChIJS15ZNqBDXz4RWD6tXpCSYCk,Hair Repair Salon,True,
ChIJKaM-u2hHXj4Re_WO8PGbt9c,Ruby Salon - Khalifa City Br 3 Abu Dhabi,False,MEN_OR_BARBER
ChIJP1UGUHhBXj4Rq2Q4Br2ER5w,Styler Gents Salon & Spa - Rabdan Area,False,MEN_OR_BARBER
ChIJPzfUDV5BXj4Ra9PYEshTOdw,"Capelli Center Mens (Gym, Salon, Spa)",False,MEN_OR_BARBER
ChIJba3ay3tfXz4ReallJjjtNy4,Mira Beauty ميرا بيوتي - Beauty Chic,True,
ChIJNe0TlU1PXj4Refjm7kiQahI,Mizu Beauty Lounge,True,
ChIJaYl9CpVZXz4Rerjtulc7fLw,Leen Beauty Center,True,
ChIJx5PyJSB09j4ReCYE-DOvnEY,NEW WELLNESS LADIES FITNESS AND SPA | RAK,True,
ChIJ_VKb3Ch39j4R6d2giog1bGI,مريومة بيوتي لاونج,True,
ChIJVdq-wf5HXj4RAyEN29J_D4Q,Vogue beauty salon for ladies,True,
ChIJgwQaObtoXj4RnWr9rQqAL9g,صالون تقاسيم للتجميل,True,
ChIJL3H83LJPXj4RKlSye3d8n04,La Douce Beauty Lounge,True,
ChIJ4b_ggYdGXj4RUcMryAm-OLw,Star Afdal Salon for Men,False,MEN_OR_BARBER
ChIJAdgYhN5PXj4RaWe6WoDcrrc,Beauty Lab Salon,True,
ChIJdQao70pDXj4R3JAMh3w23Is,Kanaan Gents Salon & Spa – Bain Al Jesrain صالون وسبا كنعان للرجال – بين الجسرين,False,MEN_OR_BARBER
ChIJdUbDqP9LXj4RSAKS5ScIBrI,aisha,True,
ChIJn35XMY9fXz4R3Zjk8xl7GB4,Mani & Pedi Sharjah - ماني اند بيدي الشارقة,True,
ChIJMTJk1YBpXj4Rr8PtSnvwj5M,Gold and Ash Shadow Beauty Salon,True,
ChIJQ-xRY6NFXj4Ru-FAiCzJdaQ,Twiink Beauty Studio - Ladies Beauty Salon,True,
ChIJt8i1c6JDXj4RZT68OZOeZA8,Calla Beauty Salon,True,
ChIJn6Y25n5CXj4RNiqHwAV0tvE,Meera Beauty Centre,True,
ChIJ_YwubzttXz4RGev5v4SNJ68,Willow Lane Hair & Beauty,True,
ChIJi3Oh9EhhXz4RrFHQy8FnM9w,Al Rafika Ladies Salon,True,
ChIJ60POGgBBXj4RZm8XLPPzC3U,ELIXIRA LADIES BEAUTY LOUNGE,True,
ChIJjQZufONeXz4R8OsmQMDIssc,Rawaiee Beauty Salon,True,
ChIJofTmTdpfXz4RdMzeH2B-GwU,The Beauty Revival Center مركز إحياء الجمال,True,
ChIJ4bpFkLxLXj4RuvHAx35d5a0,صالون وجيم هلا بالخميس للسيدات,True,
ChIJ1_Yaz8V19j4RjORr66opjvI,صالون هادي,True,
ChIJBQkS3S9JXj4RDc7Mr32zXOY,Stylicle men salon &spa BR -1,False,MEN_OR_BARBER
ChIJieGTC7ZPXj4RX_8hfMRV2HY,Barbar 89,True,
ChIJpY32Uyt19j4RY7oZGJI8DI4,Solo gents center,False,MEN_OR_BARBER
ChIJxZFMcwA3Xj4RKQnM2mnKyaw,House of glow henna and beauty ladies salon صالون,True,
ChIJS7EoHb1HXj4R_CaM82bRZc0,Stardust Gents Salon,False,MEN_OR_BARBER
ChIJ2xuub2NnXz4RW-ld2i0rn5Y,Kids Hair Station Salon,False,MEN_OR_BARBER
ChIJg26InplHXj4RXG9GjMhTi2M,Lashes Vibes,True,
ChIJs5Kbi09mXj4RSS_o7BH2b1U,CRISTAL SPA - Ramada Downtown Hotel Abu Dhabi,True,
ChIJn9Sl_W1DXj4R3LmY5k0gs-s,Omsiyat Beauty Center,True,
ChIJp57p1VhPXj4RuUH6dZbTVEM,Top Touch Gents salon & spa Khalifa A city صالون وسبا توب تاتش مدينة خليفة أ,False,MEN_OR_BARBER
ChIJn8JqQR03Xj4REWqgFbMUIYQ,صالون شباب سناب,True,
ChIJdwN6yac4Xj4Rjoks1vUX42w,Snow White Beauty Salon,True,
ChIJx0WdTdtpXz4R-rWz9lgwd8I,Le Michel Salons Downtown Dubai,True,
ChIJFRhBdlJBXj4RwYy2RLGionw,Nona Colonna Ladies Salon,True,
ChIJ1UO62UV09j4ROx5CK2Bb2UE,Royal Ruby Salon - Al Dhait,True,
ChIJJS9H8odLXj4RMBB1xetn8ZA,صالون سكره للحناء والتجميل,True,
ChIJUcv0Wo2vij4RGxp4BAsn7bU,H R World Beauty Salon,True,
ChIJwZpk-11DXz4RpXWNPfc_7j0,Al khair 3 building,True,
ChIJLYzElP03Xj4REreRhHMZUxA,Wardat Buthaina baniyas صالون ورده بثينه,True,
ChIJq2qbxqVfXz4RQxr6YkzBpvA,Zahid Jani Salon (main),False,MEN_OR_BARBER
ChIJJY0cP_ZHXj4Rezb6C_enoRc,Alfal Beauty Center - Abu Dhabi,True,
ChIJt_rot6w3Xj4RywzijzxGx14,صالون سونا الشوامخ,True,
ChIJG1atwJ9JXj4RTYk6_7zZe0s,Enfield Royal Clinic Abu Dhabi | Shakhbout City - عيادة انفيلد رويال في أبوظبي | مدينة شخبوط,False,MEDICAL
ChIJTXwSh7hPXj4RnKHO-6Jv2Os,iRIS GENTS SALOON صالون آيريس للرجال,False,MEN_OR_BARBER
ChIJf3cbfzdPXj4RMbH1w9jcBl8,Circle Beauty and Spa,True,
ChIJiRA2fSNFXj4RMWrYFpOYLvQ,Scarlet Rose Salon,True,
ChIJoxRqn4RCXj4RxVvskPy8rKw,Beautyspot Salon Al Seef Village,True,
ChIJBSTDRftHXj4RrjwQvtjVgVY,صالون سونا خليفة أ,True,
ChIJBVlvld5hXz4R8RRdNUHPRws,Cavali Star Gents Salon,False,MEN_OR_BARBER
ChIJFR2D8pVPXj4RLQ1l9eAEU5g,Dark candles gents saloon,False,MEN_OR_BARBER
ChIJRcFIcQBPXj4R_ffjuPKPC3w,Groomly Salon & Spa,True,
ChIJoxAi2QxhXz4RW8iaxk-7jo0,TOT Ladies Beauty Salon,True,
ChIJW8oMfABfXz4RIcRUJoLLXbg,Unique Beauty salon,True,
ChIJ27gfVKM3Xj4R0Mww3Vzrmgc,o2 spa for men اوه 2 سبا للرجال,False,MEN_OR_BARBER
ChIJ40-DSf43Xj4RiE7IGLOBm9k,جنة مركز نسائي للتدليك والاسترخاء Jannah women massage and relaxation center,True,
ChIJZaPHks03Xj4R6n0H-_TPtQw,Serenity Room Ladies Salon صالون سيرينيتي روم للسيدات بني ياس,True,
ChIJF7NML_b59D4Rl3FGWbvMQw8,صالون روعه,True,
ChIJa-JXp4dRXj4RwYg3Nwqibmo,صالون فياجو - Viaggio Beauty Salon,True,
ChIJPbDoe05hXz4RP77AYns8EZM,Miss caramel beauty Center & Spa Alwarqa 1,True,
ChIJxfs_Lzo3Xj4RU0tYtvjdnGk,صالون الإخلاص,True,
ChIJoeJOBqg4Xj4R-vvKodELqX8,Boston Ladies Salon,True,
ChIJ1T33f8hHXj4RFbdgTiq-A3U,Palm Beach Gents Salon,False,MEN_OR_BARBER
ChIJp_cpJsFPXj4RIWhXvPqu7X0,Nua Toi Beauty Salon,True,
ChIJz2DereQ5Xj4RWzFjbdzHz5U,Ctrl A Women Personal Care and Beauty | مركز كنترول ايه لتجميل السيدات,True,
ChIJ6ao1YI_6Q6ERsjOXjcPwFsY,Lamore European Spa,True,
ChIJwRS3lGZLXj4RBdg5XZufD1Y,Misk wa sadha beauty center,True,
ChIJPyAt7zX59D4R030rG7smEho,Royal Thai Spa,True,
ChIJL34CrU5KXj4RgMSMmWEYPcs,صالون الامبراطورة,True,
ChIJr-x0DcpFXj4RiHgtUWG1QKE,MAURICE CUT BARBERSHOP,False,MEN_OR_BARBER
ChIJO5rnYmBRXj4R1pXDgiZmjbw,صالون الاخوات الشهامة,True,
ChIJA4vcGj519j4R9kn4p9vsPOM,Royal Care Medical Center - RAK,False,MEDICAL
ChIJ16Zlg3Cvij4RSAL9vtSZD24,AlFal Beauty Center - Alain,True,
ChIJsa0vizFnXj4RdKePMZEwcsY,Kamala tower,True,
ChIJN2WHA61LXj4RDdk-iNPYdsI,Prestige Spa,True,
ChIJ0buKpw5OXj4R8Q_RMWwMbHU,صالون لوسو زون,True,
ChIJGdKHMZ1pXj4RR3J4Sd6tnJg,صالون و سبا القصور للعناية بالرجال ALQASOR Salon&spa,True,
ChIJWeMuTpJcXz4Rp0jl14Nu0n0,Rihana Ethiopian Hair Salon,True,
ChIJA_bkfvdRXj4RIn9092gR8BA,مركز الجمال المخملي للتجميل,True,
ChIJcRySVgBHXj4RSQSySH06yvg,Kanaan Gents Saloon & Spa Khalifa A - صالون وسبا كنعان للرجال مدينة خليفة أ,False,MEN_OR_BARBER
ChIJL4Ti135LXj4RJ14lhmcaziA,صالون سما الفلاح SAMA ALFALAH GENTS SALON,False,MEN_OR_BARBER
ChIJMeY-6BRnXz4Rd_ekTuQcFqs,AJ's Salon,False,MEN_OR_BARBER
ChIJHdY88ulLXj4RxJwFo9jhF2g,Zaman Al Ahlam,True,
ChIJOdy0rpM5Xj4RyYrr8KmUcQU,صالون المزيونه للحناء والتجميل,True,
ChIJQ0b6O_ZpZz4R042RmWWzocs,صالون نونه ستايل للسيدات Salon Nona Style for Ladies,True,
ChIJJZQinK9PXj4R8pDiVbY5L1w,مركز دينيز لتجميل السيدات/ Deneiz ladies beauty center,True,
ChIJLUj9BKRDXz4R70ZHMj4xsww,HI STYLE GENTS SALON L.L.C,False,MEN_OR_BARBER
ChIJ_3PpKfdFXj4RMHet52RdlMM,Edelweiss Beauty Centre,True,
ChIJAch-r0hhXz4RqhO-RtZjmJU,首艺美发,True,
ChIJD_wuRthLXj4RPFrhdlbA0ug,Altifel alwaseem saloon,False,MEN_OR_BARBER
ChIJV6YIh8k3Xj4RrOj5e4LpLng,Cateye beauty كات اي بيوتي,True,
ChIJ08woPh43Xj4RLQn9RfK_d-g,BROWS BY ALHANOOF,True,
ChIJ4-Cv-VhHXj4Rw6LPm_k67ZE,Kerala Hairways Gents Salon,False,MEN_OR_BARBER
ChIJf2gTRgBLXj4Rk7yeAedNhcw,Ruby Salon - New Al Falah - Abu Dhabi,False,MEN_OR_BARBER
ChIJvWRdzGpHXj4RVrdYzftLegk,Ruby Salon - Zayed Plaza (ADA Plaza) Zayed City Abu Dhabi,False,MEN_OR_BARBER
ChIJEXUBpHz49D4RY5EfpwR9bik,SHARFA BEAUTY CENTER,True,
ChIJ445rqPg3Xj4RO1U_JhJFh8c,صالون بيكاتشو للأطفال,False,KIDS_SALON
ChIJ34ze9hZHXj4R0KMoiEIglzM,DE NOIR SALON,True,
ChIJyzQrxX9BXj4R3dgagdsPj3c,SSKY Ladies Beauty Salon | Korean Salon,True,
ChIJs6qa41hHXj4RdPsfdKSWgho,Afro Salon/Romkass Saloon and SPA,True,
ChIJmzoJWuVLXj4RqBn0BWJ2yrk,high class beauty center,True,
ChIJB5lXKVREk2QRj077KebxQ9Q,kids zone -kid's salon,False,KIDS_SALON
ChIJsZFRB6lJXT4REHIm1aEWMHg,مركز الامارات للعناية الرجالية فرع مدينة زايد,False,MEN_OR_BARBER
ChIJK756BwBFXj4RNGsyZqGUr0o,Anu brows star ladies beauty salon,True,
ChIJoT6bF5-vij4RIQkvhC95ltA,jehan Beauty Salon - صالون جيهان للتجميل,True,
ChIJyyBNc7p39j4R6XKw3DIFChg,صالون اسود للرجال,False,MEN_OR_BARBER
ChIJM3khiz5FXj4RppLYUuY_bkg,Fair and Handsome Gents Salon,False,MEN_OR_BARBER
ChIJFbcipNZPXj4RDzs7kJAKif8,No More Lice Abu Dhabi,True,
ChIJNSeH3Jc5Xj4R9Gn6KztlNE4,حلاق جست برستيج للرجال Just Prestige Gents Salon,False,MEN_OR_BARBER
ChIJvygbwHH49D4R1_tQ0L0rXQg,صالون الطاووس وحمام مغربي للرجال,False,MEN_OR_BARBER
ChIJCZZ1_Eb59D4RYKTIUV-vlnA,صالون حبايبنا,True,
ChIJYQXTWupLXj4Rq7nhwQ2tKK4,صالون روماس للسيدات,True,
ChIJtZu0DKp29j4RgJNaI-Y3cKQ,Karims Saloon,True,
ChIJXQMLrqGvij4RwibUhavk5Js,Ninos Spa for kids نينوز سبا للاطفال,False,KIDS_SALON
ChIJhS7daENnXj4RDkqHu8tuBvc,حلاق حسون القبيسي,False,MEN_OR_BARBER
ChIJN2YaKjo3Xj4RP5c-7TO_fxk,صالون سامبا للسيدات,True,
ChIJH9OQ6MdLXj4RhHK3jSbdvQg,صالون فلولة للتجميل,True,
ChIJ64_zRwdnZz4RcLS_SLhM4NQ,Salon Aroos Alshimal,False,MEN_OR_BARBER
ChIJq9HgFrc5Xj4R7MdW2IsUSyI,صالون تلال الشرق,True,
ChIJPaBozw5OXj4RFHmj9O7KVNQ,Aroosal Fareej Ladies Saloon New Shahama,True,
ChIJgTxoI2pHXj4R_AEmXySEpwE,Planet Romeo Gents Saloon صالون بلانيت روميو للرجال - مساج رجالي,False,MEN_OR_BARBER
ChIJaWgU15xnZz4RGUaUj9NBWTg,حلاق تركي hair cut,False,MEN_OR_BARBER
ChIJsTwVxltHXj4RHOGAlmxefg0,Gulf Diamond Salon Abu Dhabi,True,
ChIJpU7HJQBfXz4RrsizL3exSBI,Rukn Al Majlis Gents Salon,False,MEN_OR_BARBER
ChIJmRjN-BVOXj4R0jl2Ub30-EQ,Silver Palm Gents Saloon صالون النخلة الفضية للرجال,False,MEN_OR_BARBER
ChIJjX-vDS5HXj4RdLKTuTi86Vs,Top Ladies Beauty Centre,True,
ChIJ7TMj__359D4RYS1TCgwZb3g,Glamorous Beauty salon & Spa,True,
ChIJMRLGEU1hXz4RPj3LAt32oCo,Cabello Lounge,True,
ChIJtfowytc5Xj4RNDIQaQ9jm1g,Desert Classic Ladies Salon Branch-1,True,
ChIJc9MkYNpcXz4RfW-2MS7oLcM,Hatem Hair Center,True,
ChIJ6facfm1BXj4RmWc9WG_3JAU,Saloon mohammad alhariri for man صالون محمد الحريري للرجال,False,MEN_OR_BARBER
ChIJt5VoqPdRXj4R15pqzNESzv8,صالون بيبي ستايل - Baby Style Saloon,True,
ChIJr3cA2epPXj4RcS6qJB4IjtA,Catchy Beauty & Henna Center مركز كاتشي للحنا و التجميل,True,
ChIJF3S7gY5PXj4Rj-9MkNrGVCc,Serene Suite Beauty Center,True,
ChIJJ1BQAfJnZz4RuT68gybbEUY,GT Center for Men Care - مركز جي تي للعناية الرجالية,False,MEN_OR_BARBER
ChIJwUReR6VBXj4RgOT-FASkJd4,Never Fold Gent Saloon L L C,False,MEN_OR_BARBER
ChIJ0YKeuLt19j4RdlHvfjWrcMk,Riviera Palace ريفييرا بالاس,True,
ChIJc7DZPwlnXj4RDLTM5fIWTaY,Loody Beauty Station,True,
ChIJ65AiVIM3Xj4RYiLWACbYbLM,Al aqeeq Gents Saloon,False,MEN_OR_BARBER
ChIJH1XqynhDXj4R0Ai1Oyl5AxQ,Ruby Salon - Sultan Bin Zayed Street Br 2 Abu Dhabi,False,MEN_OR_BARBER
ChIJSamswnZoZz4RPV0waldsHxA,Lisianthus beauty salon,True,
ChIJd6qp675nZz4RsfdRsLRGiOM,Beauty salon and gym,True,
ChIJkS2kNAD59D4R1gWfnfj8ApA,JOLINE Beauty Salon,True,
ChIJPXGOCltRXj4RDXOA3lqDsEY,لمسة كريستال صالون وسبا للرجال lmsat crystal salon&spa for gents,False,MEN_OR_BARBER
ChIJz4AR6fpTXj4RAdWV-ZxOhEw,NEW HEALTHLINE MEDICAL CENTER مركز نيو هيلث لاين الطبي,False,MEDICAL
ChIJP_xsxGI3Xj4Rs66Ez349Xhs,Ruby Salon - Mafraq Abu Dhabi,False,MEN_OR_BARBER
ChIJk77ZeOn59D4R5xsjJQ7NGmw,mabrook ladies beauty salon llc,True,
ChIJFbhrTABPXj4RGr41seI0ToA,ORYX MOBILES&COMPUTERS,True,
ChIJiZM66x5PXj4RIbSt7qEUTzI,The Essence Lounge,True,
ChIJMV0z8chPXj4R3Ks5UvWdfLM,صالون الرملة للرجال,False,MEN_OR_BARBER
ChIJsw6LWwA5Xj4RW_AF0uHPbZo,مصفح شعبيه 12,True,
ChIJZbAdeyg3Xj4RhrWxz1sAecs,Turquoise Spa,True,
ChIJq9_dP4VnZz4RUCg-FVQRTfI,Al Arabia Center for Men Care,False,MEN_OR_BARBER
ChIJY_lQtH9CXj4RPazw_3Mog-w,Altaf Salon,True,
ChIJVbvGVR909j4RlLooncN9YTA,Artist Faten Stayle مركز فاتن ستايل للتجميل,True,
ChIJ9fMLuP1JXj4RFOdsj2_RPvw,Essenzaصالون حلاقه رجال,False,MEN_OR_BARBER
ChIJN4jY3bVnZz4R_DSQOVuH63Y,Hams Al Harayer Beauty Salon,True,
ChIJpe7674JHXj4R4qEwHDutwpo,Ruby Salon - Khalifa City Br 2 Abu Dhabi,False,MEN_OR_BARBER
ChIJ6-A3RTtnXj4RqdgqRg4jvXw,حلاق المصرينbarbershop Egyptian,False,MEN_OR_BARBER
ChIJqRwwWXtPXj4RIFw8lRVEroE,PARK LANE SALOON,True,
ChIJx_35IbpFXj4RiBbhXLiaAmA,The Excellent Ladies Salon,True,
ChIJIdFUmC5HXj4RvjRmkdpWUKs,Stylato Gent’s Salon,False,MEN_OR_BARBER
ChIJUayCUE5PXj4Rg1xfk-miDhw,صالون AR7,True,
ChIJd7jb5KJ39j4RqLRc1hCRqsE,صالون الرجل الأنيق,True,
ChIJVyWFbBB09j4R21zGehZSyYY,AlNobalaa Saloon,False,MEN_OR_BARBER
ChIJH7KoYyc5Xj4R9VmAGDHvHi4,D.S HAIR CUTTING SALOON,True,
ChIJLV39IwBfXz4RfkymV3QNwoM,Tiptoe nailounge,True,
ChIJ_____xh09j4RK-q74h5hN1U,صالون لمسة أترو للسيدات | Lamsat Atro Ladies Saloon,True,
ChIJUQwY39BPXj4RsxvhH-xf4yg,Ckkr Ladies Beauty Salon & Spa - صالون سي كي كي آر للسيدات والسبا,True,
ChIJsR__Fqp19j4RXj5K03YMFTY,Joker style men careجوكر ستايل للعنايه الشخصية للرجال,False,MEN_OR_BARBER
ChIJ_YYU-SlHXj4R_s2xoMvN3H8,ARSI Makeup and Henna Abudhabi,True,
ChIJdwXVZgBnZz4R2k_2gKsK30g,Royal Team Men Care Center,False,MEN_OR_BARBER
ChIJibicqPdRXj4R8213z11_N4Y,Ruby Salon - Al Shahamah Abu Dhabi,False,MEN_OR_BARBER
ChIJEbucWAJLXj4Rp7RmZXlE6lY,White Way Gents Spa & Salon,False,MEN_OR_BARBER
ChIJz7ftRqp29j4RgWcMWHx7OW0,Al Akaber Saloon,True,
ChIJL3cZuUH59D4RJR0aKCkIQHg,Beauty and Nail Arts Salon,True,
ChIJmckIai1FXj4RDJdfcplz-70,Beautyspot Salons,True,
ChIJm9_KjhVX9D4RH5CoevS7NWs,Qasr al henna Faseel,True,
ChIJX9_SLZ929j4RF2lNn7GYw8I,صالون H2o,True,
ChIJ80o6kQxOXj4R3GhiXR5zl-E,صالون اخلاص شهامه,True,
ChIJX3kmLEtfXz4R0GXoZSCwYWM,Elite Cuts Gents Salon,False,MEN_OR_BARBER
ChIJnzC9s0JLXj4R0e9-co6nGMM,Ruby Salon - Old Al Falah Abu Dhabi,False,MEN_OR_BARBER
ChIJN8Qi_WH49D4RQgSeuX-GN2k,مركز لمسات للتجميل والتدريب,True,
ChIJfyDEzObvVWERtwgCTK7Zz_c,Al Nazish ladies saloon,True,
ChIJ9__pgMNfXz4RgaUJ1yNmYxg,Broummana Saloon,True,
ChIJrzaR6p5PXj4RhUr3DeYN2qM,Nadhra Alzukhiya Ladies Salon صالون نظرة الذكية للسيدات,True,
ChIJq4aa-0hDXj4Rc7vb0m5vM2U,RIVANO GENTS SALON صالون ريفانو للرجال,False,MEN_OR_BARBER
ChIJPeHUOZ9PXj4RP72F07qBF7g,The Nail Spa - Al Zeina,True,
ChIJIZLs6KZPXj4RJSj-YhmfUyo,beige spa - بيج سبا,True,
ChIJbUqn6dRBXj4R42NJ8vyTdW4,صالون سما الشام الرجالي,False,MEN_OR_BARBER
ChIJmbrs0SNhXz4RjWt44UckSIw,发舞台美发店,True,
ChIJ7VfPaRQ5Xj4RA--bXunS0OQ,Just shanab gents salon صالون للرجال جست شنب,False,MEN_OR_BARBER
ChIJW3C9ewBPXj4REgscJwT0eTs,Noor Al mehar ladies salon,True,
ChIJX2ArbwA3Xj4RuRoiKM_sX30,صالون توينز للرجال | TWINS GENTS SALON,False,MEN_OR_BARBER
ChIJiViGkhNfXz4R52oV2JB9bdQ,Il Padrino Gentlemen Lounge | Aljada Sharjah,False,MEN_OR_BARBER
ChIJOwZ5HvpPXj4R1dm89uAMbmw,Kanaan Gents Salon - New Shahama | صالون كنعان للرجال - الشهامة الجديدة,False,MEN_OR_BARBER
ChIJdwpupNxfXz4RczRJqby1gzE,Barber House Spa,False,MEN_OR_BARBER
ChIJ_UjhDgpnZz4RIjSYV7ez3HQ,Besties nails & spa,True,
ChIJQRT3IABRXj4RhK_Znr1OILM,SK beauty studio,True,
ChIJgbru9DwxXj4RasyFIyi2PTM,Shaji vp Al Raha Gents Saloon,False,MEN_OR_BARBER
ChIJ370tt8s5Xj4RbzcVsDTjo3s,ankita ladies beauty salon,True,
ChIJ0WRWELV39j4RhW3sXqmtn0Q,GLO Nails_RAK – Russian Manicure & Nail Salon,True,
ChIJAwQzO5x19j4RYfdCdBFhzkA,Taj Al Zain Gents Saloon صلون تاج الزين للرجال,False,MEN_OR_BARBER
ChIJ-WMhQYxPXj4RV48sW_jXqOo,lulu al khaleej ladies beauty salon (صالون لولو الخليج لتجميل السيدات),True,
ChIJAQMQu4BPXj4RgzlYD-d7xlE,مصبغة الصدف الأوتوماتيكية,True,
ChIJGUnnZ1VVz60RjrmFKHTQ1m4,AL Diyar Beauty Centre,True,
ChIJbWf7-eFFXj4R3ua_ke0oiTc,"Azure Beauty Salon, Crowne Plaza",True,
ChIJkwV77Zmvij4RbWKomCxWpSU,Blue Moon Saloon .gentes,True,
ChIJV0RnGUlnXj4RlaeKnqs23gw,Jocker gents salon,False,MEN_OR_BARBER
ChIJ5dmFEQA5Xj4RUUhWfRGaTWA,Ms,True,
ChIJ7YcGHXJBXj4R2XGB_gU-fdU,صالون سونا بين الجسرينsona salon,True,
ChIJO3IcU29JXj4RXQvZWQrgZn0,Salon Abdullah Saleh حلاق عبداللّه صالح الرجال,False,MEN_OR_BARBER
ChIJscm3ux9BXj4RxCPJKklwFNA,صالون سبشيل بيرد ستايل,True,
ChIJgcq57r83Xj4RlZ-o1uw2tsg,مركز الدكتور أحمد أبو شريعة الطبي للجلدية و الليزر - بني ياس - Dr.Ahmed Abu Sharia Medical Centre Baniyas,False,MEDICAL
ChIJv1C0ZN9AXj4RSxpfmHhrX8g,Green View Gents Saloon,False,MEN_OR_BARBER
ChIJHTnQlVZKXj4RiaTEYsOcroA,صالون برویز - Pervez Saloon BR,False,MEN_OR_BARBER
ChIJyUDLP_JfXz4Rqm9EIayeXX4,صالون مقص للحلاقة,False,MEN_OR_BARBER
ChIJsfE0VEL59D4RClNZQoofpIY,مركز وصالون المقص الكلاسيكي للرجال,False,MEN_OR_BARBER
ChIJo_i7NZdnXj4RihR5VX4FrgI,Beats And Cuts Gents Saloon,False,MEN_OR_BARBER
ChIJD7cY4303Xj4RzPDGba1moEM,Coco Melon Kids Saloon,False,KIDS_SALON
ChIJQw6k-pVX9D4Rq0lZTq4V374,Mirrors Beauty Salon & Spa - Fujairah,True,
ChIJiY916chLXj4RDkfGzvC9L9Y,مركز الضفيرة الذهبية للتجميل,True,
ChIJMY1lrwZOXj4R7-PDKm3Goec,Al Taj International Saloon,True,
ChIJJ2k3u89bXz4RWR969Xe4Pl4,BRONX GENTS SALOON,False,MEN_OR_BARBER
ChIJNZjaMk5FXj4RBlQbbIh0BkA,Beauty Lab Salon,True,
ChIJSdlJGj919j4RniyCy4YWAwM,سمول باربيرس للحلاقة الرجالية,False,MEN_OR_BARBER
ChIJsceFi2pLXj4RcZahYmF59BM,صالون حلاقه,False,MEN_OR_BARBER
ChIJV39jFChnZz4REGForxT_MEg,صالون زهرة ليوا-عائشة,True,
ChIJKV_Zhn939j4RH8sz_XI6bMM,صالون ماندو للحلاقه الرجاليه.Mando Men's Barber Shop,False,MEN_OR_BARBER
ChIJgdngenNDXj4RvFg-pLU16Dk,A One Gents Saloon,False,MEN_OR_BARBER
ChIJI_nn_cn59D4RuLhSDBG0Z6k,REVLON Hair,True,
ChIJDUUsGsVLXj4RZ7U7rm2qrEA,Salon Razor cuts gent صالون رازور كوتس للرجال,False,MEN_OR_BARBER
ChIJL3fU3Kp29j4R-tH7koqfXJM,AL SAMTA GENTS SALOON صالون السمتة للرجال,False,MEN_OR_BARBER
ChIJLZSUf_5fXz4Rq_byF16_u1w,Adam saloon Muwaileh,True,
ChIJccNIq2c3Xj4Rb74WTogUKdo,Q-Care Men's Salon,False,MEN_OR_BARBER
ChIJB_vJfvdRXj4Re408gr2JbX0,SKY KIDS SALOON,False,KIDS_SALON
ChIJS4yRZP1LXj4R9A8SyOTAr94,AL KOUS GENTS SALON BR.5 صالون الكوس للرجال - فرع Shop No.23 First Floor,False,MEN_OR_BARBER
ChIJl0_xH0ZX9D4Rg6qXj6P7R-o,The Look Gents Salon,False,MEN_OR_BARBER
ChIJmT2fsE9nZz4RSz-vzEMRX8M,salon rafiq ghiyathi,True,
ChIJ7bH4JgBnZz4Rmc53L0RPaZc,صالون المشاهير للحلاقة الرجالية,False,MEN_OR_BARBER
ChIJVaKTfJ2zij4RRm2aNjhpOmM,صالون قصر العز للرجال,False,MEN_OR_BARBER
ChIJ0-UqaLA3Xj4RQyw3xdUBT8Y,Shine Creation Beauty Ladies Center,True,
ChIJRQ6cc4xnZz4RUkIH6u24Unc,TARIF GENTS SALOON,False,MEN_OR_BARBER
ChIJ_Qh2LdH59D4Rmrh4GUxU3g8,صالون فور يو للحمام المغربي ولمساج للرجال,False,MEN_OR_BARBER
ChIJF2MmsX519j4RLJdxcr59sPY,مركز سكرة للتجميل النسائي,True,
ChIJ5bmn-n1x9j4RJYq34_ZOmJE,Al Baron Gents Salon,False,MEN_OR_BARBER
ChIJIYTzOov49D4RyGjsl9Fj1io,Butterfliez Salon,True,
ChIJg1n6tro4Xj4RDZdnfw89_Ek,Happy Day Gents Salon,False,MEN_OR_BARBER
ChIJyZnvEO5fXz4RYDYSCHd58zU,صالون المقص التركي TURKISH SCISSOP SALOON,True,
ChIJrTinLv1FXj4R8rARR5eoDAA,صالون داشنج,True,
ChIJy0LT_945Xj4RBGCO1W43Irk,AL Sahir Gents Salon,False,MEN_OR_BARBER
ChIJE_56R4xDXj4RMc7jC5pfVmo,Al Manara Salon,False,MEN_OR_BARBER
ChIJ2Ykyi7tfXz4R2cFimca7ndo,NOOR AL MUHAISNAH GENT'S SALOON,False,MEN_OR_BARBER
ChIJnRN2EqyjYD4R2TPuiuE5sHk,Royal Moon Beauty Salon,True,
ChIJX4cBY3n59D4R9zbKJaup9mo,Al Zaeem Salon,True,
ChIJ356381xFXj4RleluuqcjXKw,La bella vita ladies salon,True,
ChIJMf7gtVM3Xj4RVkTZQc-IkxI,Saloon Abu Hamdan1,True,
ChIJy_ltqMY5Xj4R6AauX68d-hQ,Style and smile gents salon,False,MEN_OR_BARBER
ChIJJw6KqQlBXj4R8b-g8H7A294,صالون الذوق للحلاقة,False,MEN_OR_BARBER
ChIJdyozSdZPXj4RgQ2V8T_lFFs,Al GHARAYEN SALON FOR MEN,False,MEN_OR_BARBER
ChIJiarrbNJbXz4ROcMKETPWAx4,Qemat Al Fakhamah Ladies Saloon,True,
ChIJ4x3g-H1FXj4RJ3-M0d7X8kw,Yves Rocher - France,True,
ChIJj6Ak0v_YhY4RChDIzzMFE6Y,صالون رجالي عربي اكسبريس,False,MEN_OR_BARBER
ChIJzy9_25xnZz4RDqDkfJjTE-4,مركز الغربيه للعناية الرجاليه,False,MEN_OR_BARBER
ChIJ-2RUarlpZz4RkbqejW8J7VI,Oia spa,True,
ChIJO32TCqhDXj4RAwPNdWLQQPo,Scissor touch men spa,False,MEN_OR_BARBER
ChIJ8ex8GXI5Xj4Rc5m8NvenPh0,Zamalek star ladies salon,True,
ChIJ8U8s0m1LXj4Ro5PzKtDofJA,صالون رويال قيرل للسيدات,True,
ChIJsbzWiAlpZz4R6-aELCcsv7g,مركز عصفورة الربيع التجميل spring sparrow beauty centre,True,
ChIJ2wgq0cKDfq8RI1aJLtodTok,Elyra Touch Beauty Center,True,
ChIJPQJJHrpPXj4RNyhBJ79faF4,Eyfir Gents Spa and Morrocon Bath Salon - ايفر للعناية برجال,False,MEN_OR_BARBER
ChIJw8rScR1FXj4RqBQrVfnEKSg,GUMAMELA Ladies Beauty Salon,True,
ChIJlQiBr1FfXz4RQq23b-iYqm8,Kingsman Gents Salon,False,MEN_OR_BARBER
ChIJt60bk3H49D4RFZP3kkOqUcw,Mabrook Salon,True,
ChIJYWX56E03Xj4RQRsp3MOYdE4,صالون سبيرو للرجال Sparrow Salon,False,MEN_OR_BARBER
ChIJx77OIACtij4RWaSVGi1r4L4,صالون سونا المرخانية sona salon,True,
ChIJ82nBnRhhXz4Rv1KPOxbejJk,กระหรี่ล่าสุด,True,
ChIJIe5kLu5JXj4RUbBEY9d3fqs,Men Hairdressing Trimming & Styling,False,MEN_OR_BARBER
ChIJtxVDw8RhXz4R0Q3b5mjr7d4,Nadda beauty十月美甲,True,
ChIJH9tANktfXz4R8gA5d4tzc9U,Noor Alardh Gents Salon,False,MEN_OR_BARBER
ChIJ5y4OGQBPXj4RaKJl5Cl6V6M,Taiwan Massage VIP - Moonlight Retreat,True,
ChIJK6q2uP45Xj4RbfzR3WNVwCY,Nova Beauty Gents Salon,False,MEN_OR_BARBER
ChIJqXKP6445Xj4RWF1Wq2-Mo2w,Style Look Gents Saloon,False,MEN_OR_BARBER
ChIJ73FGJQBpZz4R_hVp0SDsCrA,صالون ارجانا لتجميل السيداتARJANA LADIES BEAUTY SALOON,True,
ChIJr_u4Fd8xXj4RkfURxYMLaJ4,صالون السيوفي للرجال,False,MEN_OR_BARBER
ChIJyfDaEoc5Xj4Rw40zaDXkk6M,صالون الليل الهادي للسيدات | Calm Night Ladies Saloon,True,
ChIJwTfCb19BXj4Rjav9VmrFmWo,Hearcols gens saloon,True,
ChIJVf7l4ahnZz4RIJABTsAJ6_Q,Madina Zayed Hair Dressing Saloon,True,
ChIJFxt_UT6vij4RRApoki-kaTw,Piano salon,True,
ChIJ69tHqqw5Xj4RTcCF7E2t0bI,RED AND WHITE GENTS SALOON,False,MEN_OR_BARBER
ChIJ7YXZt2phXz4RHOnH8T33fCU,SMIDA-Arabian center BRANCH,True,
ChIJZULT0BJnZz4RN-cHmzd-CZg,Shamim Gents,False,MEN_OR_BARBER
ChIJbXhqOv_59D4RJkYEkvTKj0Y,صالون ابو سمره للحلاقة,False,MEN_OR_BARBER
ChIJ4z4ri_FnZz4Rr0dEOiGx9FI,Bonoise Beauty Center,True,
ChIJHxjtWBlFXj4RDcKTU8utwso,Ghanj Salon,True,
ChIJs95Du2JRXj4Rr5S4SaI-Uh8,Sapple Gents Saloon & Spa,False,MEN_OR_BARBER
ChIJv3Tju_NdXz4R8AwrSB2Op5o,Traneem Ladies Salon,True,
ChIJz3fTQAD59D4RJO_sPRI7-1A,صالون الحبيب للحلاقه الرجاليه,False,MEN_OR_BARBER
ChIJj5zIfOevij4R2ibq7N4RC7E,صالون حميد مسلم للرجال,False,MEN_OR_BARBER
ChIJg-4lyOM3Xj4RjXGHH6n7wOw,House of Hair Cutt,True,
ChIJK_kRZy1PXj4RE1g73e3rFNM,Ladies beauty salon,True,
ChIJif9htN1nZz4R6RfuICZnWOc,Tarif Saloon - Branch01,False,MEN_OR_BARBER
ChIJ3-uGn0Iz26cR1MLoPgqPDNw,The Serenity Spa Clinic and Massage,True,
ChIJ3y7HVWf49D4RbunODRJpLq0,صالون السعدي للحلاقة,False,MEN_OR_BARBER
ChIJoRwtTBSyij4R2hO70UOK_gQ,صالون فلاش للرجال,False,MEN_OR_BARBER
ChIJ56reDZs3Xj4RAMJGbLxzSek,صالون مولتو بيلو للرجال,False,MEN_OR_BARBER
ChIJ_fFJq2RnZz4Ro3Tpq-aFN-U,صالون ومركز بلازا للرجالPlaza center for men care,False,MEN_OR_BARBER
ChIJ0V2RmlpnZz4RBGdclplX0bU,GAYATHI HAIRDRESSING GENTS SALOON,False,MEN_OR_BARBER
ChIJvfCWzjZPXj4R6KheLHjO6R4,ONSEN GENTS SALOON,False,MEN_OR_BARBER
ChIJoyHr0ypPXj4RHX4IKbmtBTc,OYOON AL SHAHAMA LADIES SALOON عيون الشهامة صالون,True,
ChIJxZ2_H29nZz4RXvuYJ7UQhOk,Western Flower Hairdresser,True,
ChIJdfIcjBRfXz4RE9PY4K_JLQg,kamal hossain gents salon(1),False,MEN_OR_BARBER
ChIJGZx6RABRXj4RKcPXqTWlMuo,حلاق الشهامه,False,MEN_OR_BARBER
ChIJlQaCIwD59D4RI_eM9HkEybw,صالون اكس مان الفجيرة,True,
ChIJgW8DtvSzij4RImrsJ1zOZnY,صالون جسر الذهبي للرجال,False,MEN_OR_BARBER
ChIJzw1nGGI3Xj4RSdzy0PD4W_k,صالون موفينك للرجال ( متحرك ),False,MEN_OR_BARBER
ChIJ652enmD59D4R5LOlZB3t_Dk,AL ANKABUT hair fixing,True,
ChIJ4TNJ_Beuij4RbLLgYvIfAOU,ALTA Styles,True,
ChIJj5pu4Jmvij4R8VxjaZq3GhM,City saloon tawam,True,
ChIJ98DgdwA3Xj4R9XhEkH014Ow,RIGHT RAZOR Gents Saloon - صالون رايت ريزر للحلاقة الرجالية,False,MEN_OR_BARBER
ChIJj20voD9nZz4R1KWeyOD0k68,TS Gents Salon,False,MEN_OR_BARBER
ChIJNX6i3NxPXj4RnxkrcK6kAG0,Top star gents saloon,False,MEN_OR_BARBER
ChIJzULRJAB39j4REo4ALZzLutw,Wow Nails Accessories,True,
ChIJA48D3iF19j4RgMICY3CYKaQ,حلاق,False,MEN_OR_BARBER
ChIJPfsER1pnZz4RAaM9QgKcxyg,صالون سيلهت للحلاقة SALON SYLHET HAIRDAESSING,False,MEN_OR_BARBER
ChIJJ7jBZY5PXj4RTl6-hx0XHHE,صالون طريق الأناقه,True,
ChIJWyadDQD59D4RD8jdezpObP0,ABDUL FATEH SALOON صالون عبدالفتاح للحلاقة,False,MEN_OR_BARBER
ChIJQSSEGlBpZz4R7CvEumjusdo,AL MARMOOM SALON صالون المرموم للرجال,False,MEN_OR_BARBER
ChIJNyvJUqF39j4RJijXXhkAsXw,Al Daith South,True,
ChIJxyp3PNI3Xj4RTpkPtNt5ECI,DARK MOON GENTS SALON صالون دارك مون للرجال,False,MEN_OR_BARBER
ChIJ_YWfT7J39j4RTURU9kxNfIA,GLOW studio Man Personal Care,True,
ChIJX6orYgBnZz4RzlzzP8ysKtI,Golden Finger Gents Hairdressing saloon,False,MEN_OR_BARBER
ChIJJ5gJMwBFXj4RW3-X0Jq0yYo,Massage Europe Hidden Bliss Spa VV,True,
ChIJryale2Czij4Rc97z1tugN94,Sona Salon for Kids,False,KIDS_SALON
ChIJbZ0FPahLXj4RY3TFKG4293c,Taj Al Embrator,True,
ChIJh87RcwBnZz4RBcVRWCsffX8,Tariq Al Jamaal Gents Salon,False,MEN_OR_BARBER
ChIJ-3zGFwBnZz4R6rFt-91AkXU,حلاق إشاره,False,MEN_OR_BARBER
ChIJeQc9-u2zij4RxYGKkIvunk8,صالون 15 للرجال - فرع الهابوي,False,MEN_OR_BARBER
ChIJAUJXWQBPXj4RFsvzWMRVP5w,صالون تاج البحر Crown of the Sea Salon💈✂️🔥💪🏻,True,
ChIJ3e1XsYlnZz4Rqmk-ugaaE8Y,صالون فيكتوريا للرجال,False,MEN_OR_BARBER
ChIJPSwprdBLXj4RsmIQ8BIG1bY,صالون لاموستاش للحلاقة الرجالية,False,MEN_OR_BARBER
ChIJc9M2xlOvij4R-gAQCRTyIVM,صالون نايس سيزر للرجال-Nice scissor Saloon,False,MEN_OR_BARBER
ChIJn44w0_f59D4RvWYGgclVC2Q,Al fanar gents center صالون الفنار للرجال,False,MEN_OR_BARBER
ChIJlZcxQ5VnZz4RQYCjjUogX50,Gents sloon,False,MEN_OR_BARBER
ChIJjRn-DLxBXj4RNKDugsb_UgI,Golden star gents salon,False,MEN_OR_BARBER
ChIJJeVLTB9hXz4RH-4bfiFsE3U,Nails,True,
ChIJBc3J_KZnZz4RU9I8sA_DGrI,New Al Dhaif saloon,True,
ChIJcR8_Ag03Xj4RoMKJBgEMuA4,Shaimaa Alghadeer Laydi Saloon,True,
ChIJteiZ_KsxXj4RuG_oXaWx5sc,صالون الزياني للرجال,False,MEN_OR_BARBER
ChIJVSBoxRKzij4RyipMKZhIrR4,صالون مساء النور للحلاقة,False,MEN_OR_BARBER
ChIJgSu-zBxBXj4Rz8Jg9k1AQK8,Al Zayani Saloon,True,
ChIJ0Qh_PAB39j4RKEWX0zI8joc,Gold health beautiful eyelashes Manicure,True,
ChIJw8M7dwBfXz4RaVa_fnwYnEM,Haji gul,True,
ChIJKXOaFxhnZz4R47ny1MI7mEo,Kanaan city barbar saloon,True,
ChIJL5_aeAD59D4RCv8HO8aAANs,Najoom gents salon,False,MEN_OR_BARBER
ChIJc16kuon49D4ROdEl3dj7GlI,New Bustan Saloon,True,
ChIJ9WVtyJVJXj4R_N5ygAwDtsk,Nice FEELING,True,
ChIJ1zogncRFXj4RGTxRt0F_muc,Saal Gents Salon,False,MEN_OR_BARBER
ChIJSXAjf_o3Xj4RM-Z9rnoLqQM,Sewing corner abudhabi,True,
ChIJzytGPQBFXj4ROm4eylf7Kho,Yaber alahbabi,True,
ChIJcZqDBgAxXj4RARRPAyKMcKM,Zeeshan,True,
ChIJmae_OABRXj4RIxTWalzHY_k,الخليلل للطباعه في الشهامه,True,
ChIJ-WDHQB359D4RXxfsHFC7uEM,حلاق ماجد,False,MEN_OR_BARBER
ChIJ4dtgSABPXj4RZ2B1AqIw6hM,صالون,True,
ChIJaVP-IbGtij4REpj8CjkEfdo,Bedashing Beauty Lounge Al Ain,False,BEDASHING
ChIJeyjXNgCvij4R3MKT6a88heY,TAIF BEAUTY SALON ASHARIJ BRANCH ALAIN,True,
ChIJG1pmtnGvij4RHhOTDoimxGU,Ondas Ladies Beauty Center مركز أونداس للتجميل للسيدات,True,
ChIJhasCFAavij4RTLvJROlIaJc,Hidden beauty Lounge,True,
ChIJ7S7Bhpetij4RMJrRBcMy2X4,Ella Vera Spa Lounge,True,
ChIJPd269Eivij4RdjSUpOsmWis,Bishkek Beauty salon Al Ain,True,
ChIJnwr5NkOvij4RmdNyeS6uroo,صالون ريفيرا,True,
ChIJb8rKZWuvij4RLIM1lvlk5qs,Glossier Ladies Beauty Center,True,
ChIJXReqYQKuij4RfM51Db0DhR0,Maison De Joelle Al Ain,True,
ChIJ-_Jmvj2vij4Rzs_B58K1mgI,THE GLAM SALON,True,
ChIJJT6mDpGtij4RQ6hVVFR3VHY,Spa Alain,True,
ChIJuUBGT9mtij4RX6VbfPTF0gU,HANA ROYAL BEAUTY SALON,True,
ChIJqatRyVqtij4RZZjneBXxA_Y,MAISON DU GLAMOUR LADIES BEAUTY SALON,True,
ChIJLZQi5qixij4RayvhFBBxGFI,Hush Spa Ladies Centre,True,
ChIJB3929NKzij4RJ5Ff8CCmCq0,New Look Medical Center,False,MEDICAL
ChIJrQZwdLyzij4RLOgYGO6eG90,Man Lab Gentlemen's Spa Al Ain Square,False,MEN_OR_BARBER
ChIJARdJKW-xij4RS5nwkneYuBA,Ushi Nail Spa Al Ain Square,True,
ChIJE79PNEezij4RBibrYfJhS7M,NAULA,True,
ChIJV70DgtGzij4RRh6_4hZV550,Rapunzel spa,True,
ChIJzZzwdvyzij4R93q2jmrkT9g,Emirates platinum ladies center,True,
ChIJ7XCqrZazij4RzL7krO5dGcc,Macsister,True,
ChIJhWHkbROzij4R3nbF40YZU9s,La Bela Princino Beauty Center,True,
ChIJGY_KeQCzij4RqsPrFl-0GpM,Viorica Ladies Beauty Centre,True,
ChIJz2y9eACxij4RsbndWqEjBRc,Need Spa & Dalkah House,True,
ChIJu34BNYyxij4RotZtIy2lDLw,مركز الرغوة الناعمة,True,
ChIJ7ZcjXACxij4Rp1-jfjC1aBo,الأناقة,True,
ChIJGUuk832vij4R3tq1iI3zAC0,Gents Salon & Beauty parlour,False,MEN_OR_BARBER
ChIJN14k-X6xij4R3RrrO7oNnhw,LUCKY ZERO GENTS CENTER,False,MEN_OR_BARBER
ChIJUyeuawC3ij4RNwdUV2e3IPs,/,True,
ChIJf_x7y4izij4RQZivgm3G8bA,صالون برنسيس اند هيروز للأطفال PRINCESS & HEROES KIDS SALOON,False,KIDS_SALON
ChIJm0Rjopezij4RyhXGu8p6clA,Hatta saloon,False,MEN_OR_BARBER
ChIJpxOOGEuzij4RuKvHVHiPZDk,Madhah Hair Cutting Saloon,True,
ChIJS4uv1PZrXz4RrxyMoF1U0ko,Nicolas Beauty Salon,True,
ChIJecBBg6JrXz4RVAR1WCdnaiE,Sultana Spa – Al Barsha,True,
ChIJ2xexuTprXz4Rw8v9Qn8Qf0U,Dynamic Life Clinics -barsha-,False,MEDICAL
ChIJIWujKHtrXz4RE-7llgiR4N0,Arfi Nails Al Barsha,True,
ChIJ692_u5NrXz4RTD99fc17TzU,Bedashing Beauty Lounge Al Barsha,False,BEDASHING
ChIJpfLIdP1rXz4R_R7xnlyKBJk,Mirrors Beauty Lounge - Barsha Heights,True,
ChIJ6w4J8b9rXz4RpQdpnlD62AE,Posh Beauty Center,True,
ChIJFzj-2S1rXz4RBWNL8CDlt1c,Avoria Aesthetic Clinic,False,MEDICAL
ChIJEweVpTBqXz4RjQ1W1Dp8mOo,"Wellbeing Clinic, Dubai",False,MEDICAL
ChIJNRSSi0xqXz4RK6puzEPZpA4,Grand Flora Beauty Salon & Spa - Jumeirah,True,
ChIJ1_sBoNxrXz4RE-uwy9_u5GA,Beautify Me Medical Center,False,MEDICAL
ChIJtQVHyThvXz4Rlt7agELQepk,Boho Salon. DXB,True,
ChIJtS1tnJ9rXz4RHzfSa65XG7w,Tips and Toes - Arjan Branch,True,
ChIJey-AeARvXz4RYT4o2ICbfkQ,Aura Flora Beauty Salon - Ladies Beauty & Nail Salon in Arjan,True,
ChIJgzFdhEVvXz4RfFUxi7RUxzQ,Salon Script | Arjan Dubai,True,
ChIJpXUAIYdpXz4RE5KFld0Hq-Q,The Reformery Aesthetic Clinic,False,MEDICAL
ChIJ7SYyfihrXz4RXLClE0wn5Fs,Leilani Beauty Lounge,True,
ChIJhR7xgQ9vXz4R_DHNyab7d0E,The Green House,True,
ChIJ45xjV7dvXz4Rs6aRKTp46Bg,Ombre Salon - Arjan Branch,True,
ChIJxYEDqrtvXz4ROdRxDwW98lE,91 Beauty Salon Arjan,True,
ChIJ1U1l5N5vXz4R4RhjBztXF3g,Hairtrend Gents Salon - Arjan,False,MEN_OR_BARBER
ChIJqwq2NVFpXz4RMjx88Nz2EaU,Tips and Toes - Park Point,True,
ChIJUVdlILJvXz4Rkgl6CUtm4hk,The Den Salon Dubai,True,
ChIJccLd2X9vXz4Rei7lzTt5N78,Nails By DASH Beauty Salon,True,
ChIJH7f3XthvXz4R88x3K_nW814,Beauty Loft Salon,True,
ChIJZUUZelhvXz4R03pu6KUwLDk,She glam beauty saloon,True,
ChIJ3biAY-prXz4R-cgRIHLq71I,Roxana Aesthetics Clinic,False,MEDICAL
ChIJi6kBHCJqXz4R1LSoBgFHpC4,My Style by Jumana - Jumeirah,True,
ChIJmwSByiZqXz4R71zuNrtpdQQ,Great Lengths Middle East Hair Extension Centre,True,
ChIJP-_wJohpXz4RPmayD9IPhZQ,"VLCC Slimming Beauty Fitness, SZR",True,
ChIJaS4RbthrXz4RuywlDcM5Td0,Medical Village,False,MEDICAL
ChIJz36j41xnXj4Rc6ahANI7LEo,DNA Health & Wellness - Al Wasl,False,MEDICAL
ChIJMeSaCWVrXz4RveubZkApFLk,Tips and Toes - The Greens Souk - Dubai,True,
ChIJRbNfwhVrXz4RnpZhckAR_cc,KOMI WOMEN SALON(Komi korean salon),True,
ChIJodY8V4trXz4RpKyvdL5EfC8,Al Andalus Barber & Hammam Spa,False,MEN_OR_BARBER
ChIJO0fpoXhrXz4RmwW4M8GmdDI,The One Gents Salon | Barber Shop - Tecom,False,MEN_OR_BARBER
ChIJ2d4235NrXz4RiYqv8Pg3E0Q,Hair Signature Salon,True,
ChIJS5NZZetrXz4RdzkaLqgpmAo,Milado Cut Barber Shop,False,MEN_OR_BARBER
ChIJXyZO3NBrXz4RXZf2d5HfGyU,Bahia Beauty Bar Salon,True,
ChIJLfby84FrXz4ReCf-3ArfkN0,PAINT Beauty Lounge,True,
ChIJsRrJTT9DXz4RXl0C48wbrzQ,Crystal Hair Extension Al Barsha | صالون كريستال بيع و تركيب الشعرالمستعار البرشاء,True,
ChIJQWUxURlrXz4Rw8PsX6p1y-A,INSIDE JUMEIRAH Beauty Salon,True,
ChIJiar3s_lrXz4RquJm2VaFTaM,Black Jack Barber Shop,False,MEN_OR_BARBER
ChIJZxbPPRBCXz4RshORjaqEmAc,Salon Ink,True,
ChIJ-x2G8eFrXz4RTbYOYqcjbzw,Version Francaise Pour Elle,True,
ChIJ_f9rnvhrXz4R4OFJnVOy9FY,Royal Ruby Gents Saloon Dubai,False,MEN_OR_BARBER
ChIJfX-wmphvXz4R2FjbEsZ9zjo,Elaine Quinn Ladies Salon,True,
ChIJs4BPeMZpXz4RbCf50Z85toc,The Corner Barber - Dubai Hills,False,MEN_OR_BARBER
ChIJUT9-0hZvXz4RZw7yu7JXlZo,FRQNCY Hair Salon,True,
ChIJZ4GORs1vXz4RVH1VfUSMZnw,BEARDO BARBER SHOP ARJAN,False,MEN_OR_BARBER
ChIJG_lBnh5vXz4RFf-fzpViDVU,AL MANSOUR LADIES SALOON,True,
ChIJf1uHVF1vXz4R_PgvE_iDdeg,The Retreat Beauty Salon,True,
ChIJhasAvIZvXz4R81gKxwIcsIw,Konjo Ladies Salon,True,
ChIJKVma2d1vXz4RO3KzvSzSBP4,Bianco Spa (Hills Branch),True,
ChIJZwNBTwVvXz4RdP-Y_XSAFAc,Styles and Smiles Beauty and African Hair Salon,True,
ChIJPRDTDUdvXz4RB2FprX5HeYg,Ashwina Hair & Beauty Salon,True,
ChIJ5xTWDB9pXz4RvkvpdEhZvm0,"Yalla Hair - Hair Patch Fixing & Hair Replacement Centre, Sheikh Zayed Road, Near Onpassive Metro Station, Dubai",False,MEN_OR_BARBER
ChIJW2LRvOFpXz4R9PtTPVun_dM,collective.,True,
ChIJP7LafjpqXz4RKCD5zqo97EE,Machka Beauty & Body Design,True,
ChIJ2wtENCpqXz4RXapnt8WzLnU,SLaM,True,
ChIJoXiB3DGeQggRdTawguXaZiY,Afro Trim Men's Salon,False,MEN_OR_BARBER
ChIJYV196jZqXz4RiZG90yDY9W8,Aroushi Beauty Salon & Spa,True,
ChIJn9Qyl-lpXz4R9Mt8WGUP3vk,Sfizio Gent’s Salon AKH,False,MEN_OR_BARBER
ChIJ7Yc7JkBrXz4RwU43dZpxxfA,LVLS,False,MEN_OR_BARBER
ChIJaQQQVVNrXz4RsF2g5ruWUfs,We’ve Moved to Pastels Jumeirah,True,
ChIJu-rs299rXz4Rf6H8NIgAEvg,Luxio Nail,True,
ChIJxRRfQC1rXz4RMcJ6Cw8Ho7U,Marolina Beauty Center - Al Barsha,True,
ChIJS5XPi3prXz4Rei1aMIOC6ng,"PodoLogic Dubai | Beauty, Foot & Nail Care",True,
ChIJ_ctknzVqXz4R83FYnvHMdAM,1847 Grooming for Men API,False,MEN_OR_BARBER
ChIJgXm1JUBrXz4RytE-OTZQYvM,VOLNA Beauty Salon,True,
ChIJcevpN19vXz4RQTlUX09po98,1847 Grooming for Men Dubai Hills Mall,False,MEN_OR_BARBER
ChIJQwBJk8NvXz4RkIx_tAQYo4o,N.Bar Nail Spa & Salon Dubai Hills Mall,True,
ChIJX_b4SrRvXz4RfJMmYs5MizM,Nails Eleven Salon,True,
ChIJf6CO9v9vXz4RPz89YP4GQnk,The Loft Fifth Avenue Beauty Lounge - Dubai Hills Mall,True,
ChIJFXuI4KFvXz4RZDeTQ6w8pk0,Jazz Lounge Spa Head Office,True,
ChIJhRi29dRpXz4Rs5u1mIKfUMg,Il Padrino Gentlemen Lounge | Dubai Hills,False,MEN_OR_BARBER
ChIJ__8_94puXz4RRr6WQ2wLdBU,Senses of Asia Wellness & Beauty - Ladies Spa,True,
ChIJ7TiGQZNvXz4RsQBI4VvYsnM,NStyle,True,
ChIJAc2mBNVrXz4R4eKQ2a-yvLA,March14 Dubai Beauty Residence,True,
ChIJP-unmJ9rXz4RFvp-KZTIA-I,House of Enspa (TNS),True,
ChIJgVvk4bFrXz4R6F6QLPciLys,"Aoife Beauty Salon - Best ladies salon for Nails, Hair, Waxing, Facial, Eyelash & Massages.",True,
ChIJPyCPNnBrXz4RnvTY2E0sr0U,Nail,True,
ChIJF376G8JrXz4RUPPQIzJ8hOI,JARCH,True,
ChIJT5pY47RdXz4R23azr6Ja43I,Elysium Spa - Luxury European Spa In Barsha Heights,True,
ChIJ1V4WjYFrXz4R-fb2VoGpJ7k,Dream Valley Gents Spa - European massage centre,False,MEN_OR_BARBER
ChIJSc1XHU9rXz4RZi8wbn7yuzg,Trinity European Spa,True,
ChIJBSu-wnZrXz4RHSvT0v64i2Q,Jasmine Spa - European Massage Barsha Heights,True,
ChIJRR5KxhRrXz4RmTbtrXcj2hI,Trinity Arabic Spa,True,
ChIJd7MPAUBrXz4RubXbT3lM77Q,Quiet Room Spa Massage,True,
ChIJL1Ba9_BrXz4RPYJWXv6IG1o,UCRYO Wellness - Jumeirah,True,
ChIJ31IkxixrXz4RhU83EqoQIrI,J Club at Jumeirah Beach Hotel,True,
ChIJuWnsgmFvXz4RuqfGgVxTYc0,Golden Idea Spa,True,
ChIJLcIz_y1DXz4Rw5jrbRJn05Y,VIP The Oasis Spa Massage,True,
ChIJ4aywXGBrXz4RpFwHB73Aab0,Svan Star Spa Massage Al Barsha,True,
ChIJhyULVyxpXz4RDwzQrnFxj0o,Atlantic Pools & Fountains LLC,True,
ChIJzzCKWCNDXz4RLdMzPUvB1pI,Gold Finger Spa Massage Center,True,
ChIJMVgNinxpXz4R4qoH6Fyo0TQ,In The Pink,False,FITNESS_OR_SPORTS
ChIJdaym5iRvXz4RioT4U6VovLQ,Lira Physiotherapy Center,True,
ChIJMQf7o2FvXz4RS3E8lTuwPtY,Hummingbird Spa,True,
ChIJwe7VyCNvXz4RtrRpqiy7w0o,Massage Spa Golden Life,True,
ChIJ9zkVlFVdXz4RiFXk-lQX5zQ,S Hotel Spa,True,
ChIJH0NI5IlvXz4RTeECx4k3q68,HB SPA,True,
ChIJF_QsY9xrXz4Rgtxfhf0VJr8,Angsana Spa,True,
ChIJ9X7WSCFvXz4RzLt0W2rgWWA,Massaa medical spa & Massage Dubai,True,
ChIJOYyI3iJdXz4RBO2i31YM7p0,Fino Spa Massage Center Arjan,True,
ChIJ81mzk_dpXz4RbXLLVfzPpy0,Lucky Dream Spa Massage Center In Al Khail Mall,True,
ChIJxRgoKjddXz4RERL8ekCTDMs,Gold waves beauty spa est,True,
ChIJd8-LcJ1pXz4RYvhWBYu8d40,Compass - The Swimming Pool Company,True,
ChIJNxX7ddBnZz4RvodXaYBSH6Q,Bedashing Beauty Lounge - Al Dhafra,False,BEDASHING
ChIJ47lBrIZpZz4R8qMfIF7C0mc,Saloon Jury Baniyas/صالون جوري بني ياس,True,
ChIJi5p3eyFpZz4RIy_phEU6XyI,Ruby Salon - Al Dhafra Madinat Zayed (Beda Zayed) Abu Dhabi,False,NON_OPERATIONAL
ChIJtZEXprVpZz4ROlJHQcQefIY,صالون بينك ليبس,True,
ChIJYx6iMwBpZz4R0fI6fCnKOrA,صالون نسمات ايلول,True,
ChIJhRcH34NnZz4RiMOEBgVjZDY,FileNStyle Ladies Nail Care,True,
ChIJv9PAalFnZz4R6TMw9sAbMzM,Al Batul Ladies Salon,True,
ChIJDwvV3spnZz4RPqGsKiMFaaM,Bloom Ladies Salon / صالون بلوم للسيدات,False,NON_OPERATIONAL
ChIJJ_vWKsJnZz4RUvF7Ip7gsIE,Le petit salon,True,
ChIJFaP01K1nZz4R6RCYDvIow60,Tarif Saloon Branch 2,True,
ChIJw_vUCgBnZz4RQb2XTvbLCxg,Ajmeer Gents Salon,False,MEN_OR_BARBER
ChIJX0gAt6hnZz4R_9MBs3wYxyA,Muhannad Saloon,True,
ChIJpZ0WhY9nZz4RxhUv1cBgpZs,City Style Salon,True,
ChIJS37rG2pnZz4RIKuAF4ESchc,Al Adifa Gents Saloon,False,MEN_OR_BARBER
ChIJ78p82ahnZz4RP76LUH3xgaM,Sahara Bath Saloon,False,NON_OPERATIONAL
ChIJa3U1UYhnZz4R6BW6XZL_aCg,صالون,True,
ChIJK9Uk2CxnZz4RocoQQoiCbxE,Zero Zero Men Care Center - مركز زيرو زيرو للعناية الرجالية,False,MEN_OR_BARBER
ChIJr9wbVABnZz4RkXKbS55o85A,Cut and Blade Gents Salon,False,MEN_OR_BARBER
ChIJhST-PqhLXj4R4Ns1HCNIcjA,Bedashing Beauty Lounge Al Falah,False,BEDASHING
ChIJJwJRkhhLXj4RHg-05l3AHaM,OMBRÉ SALON صالون أومبري,True,
ChIJ-Rufg89LXj4R9LX9JgimYwE,Rose Caddy Salon,True,
ChIJ9yCOWgBLXj4RNpETWETZQIs,m2 beauty salon ام 2 بيوتى صالون,True,
ChIJsW6ymvBLXj4RtODlOkNgh_E,Barber King Gents Saloon,False,MEN_OR_BARBER
ChIJQawsdN9LXj4RmQF_48vMyX0,صالون فالنسيا للحلاقة الرجالية Valencia Gents Salon,False,MEN_OR_BARBER
ChIJpyiz9sFLXj4R44LdwEBpgA0,Snip N Shape beauty Salon,True,
ChIJbTzHK9BLXj4Rkf2blpN_OHs,Lamsat Al shareq saloon Henna,True,
ChIJi8b_JRRLXj4RpcuKoAG2qjQ,صالون توب ليدي للسيدات,True,
ChIJmwiF_Z5LXj4RALq0o6o58ck,BARBER BO ALI for MEN,False,MEN_OR_BARBER
ChIJp-oXb_NLXj4RBDc3QGLm-uE,صالون فاز,True,
ChIJB9iPPgBLXj4RcvY_sB8WxMA,صالون في فلاحA,True,
ChIJ25NhJwBLXj4RR7-_dUZ3l7k,Makeup artist kholoud altamimi,True,
ChIJ0TgcyTFLXj4RckbMadzij1s,صالون الدانة للنقوش الجميلة الفلاح الجديدة,False,NON_OPERATIONAL
ChIJqTJYp2lLXj4RoBypwhbNdf0,الظبيانيه,True,
ChIJu0XIBgBLXj4RNXhuRCd-vW8,My Style Salon,True,
ChIJa474lZtLXj4R5JwkTDgNGHM,LUXURY CUT GENTS SALON صالون لاكشري كت للرجال,False,MEN_OR_BARBER
ChIJDUqQz7xLXj4RmjBT0eLZ-aY,صالون غزل للتجميل,True,
ChIJS6j6KVBKXj4RxoBy-O-qwJc,Burjeel Gents Saloon,False,MEN_OR_BARBER
ChIJ-3jbh7xLXj4RruAq0bq6UIE,YELLOW STAR GENTS SALOON,False,MEN_OR_BARBER
ChIJx2wrBgBLXj4RPZTMi4XLOvA,Golden Star Gents Saloon,False,MEN_OR_BARBER
ChIJSdEvO2VLXj4RhaOt0RxEIFg,حلاق عمر,False,MEN_OR_BARBER
ChIJU-Jvx8ZLXj4ROEepDo8c2do,Le Soleil ladies Salon,True,
ChIJn2usOgBLXj4RqqEGPXkfTL0,Mia Home Services Salon,True,
ChIJq-HqDgBLXj4R1dB1FcmhxOo,نجحو حمدوتي,True,
ChIJQZcoOiNfXz4RGYDh55Vo6y4,Talia Beauty Center (Luxury Lounge),False,NON_OPERATIONAL
ChIJ0c6sEwBfXz4R2_n1oRWkBRs,Al Remoush Al Thahabiah Beauty Centre,True,
ChIJEZ7WLD5ZXz4RHju-ZmL7CWI,Samnan Medical Center,False,MEDICAL
ChIJYy1ZBHxfXz4RpGS9b2k2eXo,صالون رمش المها,True,
ChIJWZ5gTL5fXz4RqO4LzvFchyg,Roba Salon,True,
ChIJDRuzuH9fXz4R_UNhl0ZKlOc,DermaZone Laser & Cosmetic Center,False,MEDICAL
ChIJL-m58dNfXz4RAMZ-FxG2Fzo,Haifa Safar Beauty Salon,True,
ChIJYcoAMNNfXz4RhygkXYRIdZk,Bedashing Beauty Lounge Al Jada,False,BEDASHING
ChIJJUbFlrz19T4Rmn8pIcJzj30,صالون رويال للسيدات Royal Beauty Salon,True,
ChIJ9S5b2oNfXz4R_9ibqLSAeuA,Hind Alamiri Beauty Salon,True,
ChIJB4RGDtz19T4RFor4lFp-5uk,صالون شيخة للتجميل والمكياج الشارقة القرائن @shaikhaartist,True,
ChIJ8W5lPs_19T4RfkbaAdufyM8,Al Marasim Beauty Salon Sharjah,True,
ChIJbxwhBQD19T4Ree2T_eVOIPA,Royal Beauty Ladies Salon,True,
ChIJmS_bQQD19T4RzH7R42KJ-bQ,Khawlamakeupartist,True,
ChIJG1_3OwD19T4RAvZ6eS3sQxw,ميلس يوسف حسن,True,
ChIJl3DPcKj19T4Rg2K5JVhf7ck,Mosaic Nail & Beauty Spa - Al Qarayen,True,
ChIJ9QjoGp1fXz4RZ4w_7Tu1Gcw,Hair LTD. Base 39,True,
ChIJ2996Xnf39T4RRs9yL_PPtt4,Eazy Care Medical Center مركز ايزي كير الطبي | Laser Hair Removal | PRP | Dental Implant Braces | GP | Clinic In Ajman | UAE,False,MEDICAL
ChIJecETiaH39T4Rq7O0o-tgGtM,Velvet beauty salon,True,
ChIJRSDw2PX39T4RseVuWvDd5vQ,Sakura Beauty Lounge,True,
ChIJXZWEseP39T4RnHrpKtcirAo,Lash Beauty Center,True,
ChIJZQoUXJ9YXz4Rg3woVYGZz0E,Altitude The Spa & Salon,True,
ChIJdyOsJA339T4Rt18fInECe9E,The Sisters Salon,True,
ChIJNxucuvv39T4RY5NdfQIytkE,Al Maghrbi Beauty Center مركز المغربي للتجميل,True,
ChIJy9j-38VfXz4R-tbo6hKJ2IY,LAMHA ladies salon,True,
ChIJxX4-UQBbXz4Rp3Ky8M4DsI4,صالون قصة فراشة للتجميل | Qessat Frashah Beauty Salon,True,
ChIJpQMjbQBZXz4RzscUup6hkN8,Heya Ladies Saloon,True,
ChIJrwkkTBv39T4RdDA9sAXQGzs,Farju Make Over and Ladies Salon,True,
ChIJNfWoh_xZXz4R1kJlmTJQajo,KADI BEAUTY SALOON - BRANCH 1,True,
ChIJla8vNqX39T4RlMErtwQfxEE,Khairah Beauty saloon,True,
ChIJgy5dPQD39T4R89UwMIHenOU,TheBeautySpot,True,
ChIJVT_tAD5DdwgRbn4DNMU6-18,POOJA BEAUTY SALOON,True,
ChIJtdX9NH5ZXz4RYJrrD5aVdyk,The Goddess Beauty,True,
ChIJw-GbTwBfXz4RqvkboXfdS38,haha,True,
ChIJl6aJKidfXz4RMsniM_bpZsM,Al Sarab Saloon,True,
ChIJ-cxTkZBfXz4R0zjDibX01IM,صالون الرجل السعيد للحلاقة,False,MEN_OR_BARBER
ChIJI7TJMwtfXz4RDzWcvyZKTHA,Hair Line Gents Salon,False,MEN_OR_BARBER
ChIJ_yTeSgBfXz4R2cCXn94CzJI,صالون الفن الاول للحلاقة SALON ALFAN AL AWAL HAIRDRESSING,False,MEN_OR_BARBER
ChIJU2dgx6RfXz4R30Bp8Jiwxmo,صالون الاناقة والنظافة للحلاقة,False,MEN_OR_BARBER
ChIJH7W3Zz9ZXz4R8ljZUTHJ5Lk,Al Rajul Al Mumaiaz Hair Dressing Saloon,True,
ChIJEel2zTdfXz4RBERFEOreDYo,صالون الذئب للحلاقة,False,MEN_OR_BARBER
ChIJ37_HzdVZXz4RBqC6Ah5wiHw,صالون الرماقيه,True,
ChIJWdrboqJfXz4RsoxDGFAS9Ho,صالون احمد غالب,True,
ChIJLeuAYSNfXz4RGXvtmb2DbGA,Al Faris Al Waseem Gents Salon صالون الفارس الوسيم للرجال,False,MEN_OR_BARBER
ChIJA1lgaVRZXz4RiDoYO5c1PWA,Rajab,True,
ChIJTWl3Wnr19T4RfTl83jrc028,صالون علاء الدين للاطفال,True,
ChIJT2seKgr19T4RVNsHnUXx9PU,ABY Saloons & barber for men,False,MEN_OR_BARBER
ChIJQ1jzTu319T4RslXJOrTSANg,صالون انطاليا القرائن,True,
ChIJ4dFw3hL39T4RHF-lbIwylfQ,Rami Barberia men's saloon صالون رامي باربيريا,False,MEN_OR_BARBER
ChIJJx9l9mr39T4RO2VpzMLPSvc,House Barber,False,MEN_OR_BARBER
ChIJ5c5EP2lZXz4R07DF9QCU9pc,Palash Hair Cutting Saloon,True,
ChIJF911LZtZXz4RVy4Wa4HJNIc,The One Man Personal Care,True,
ChIJXbB9bABZXz4RynJc1sz7ZRA,Salauddin haircutting saloon l l c,True,
ChIJRc3JQgBZXz4RMOwBWgd1vTo,SULAIMAN Hair cutting saloon,True,
ChIJc7ZvdgD39T4REk0CY2BlMho,Al mutaqadm saloon,True,
ChIJV3Cg85tYXz4RAp6I-Cd4HMs,Al Banoosh Hair Cutting,True,
ChIJG5O8OD_19T4ReFZfaBhH-T8,Namlah Salon Fze,True,
ChIJz9_EgC739T4RBhkDImzIvnM,Sharea Salon,True,
ChIJcwkmHLhZXz4RME73XC6OACE,Al Rajol Al Aneeq,True,
ChIJQZHZA5FZXz4RbXZBw7s-RzU,Shawareb Gents Salon,False,MEN_OR_BARBER
ChIJmWBipbpZXz4RtOlOCIHkbBs,Al Rahala Haircutting LLC,True,
ChIJS42ILSVfXz4RKJ3_HVGKRNs,N.Bar Nail Spa & Salon Uptown Al Zahia,False,NON_OPERATIONAL
ChIJpVXrOSNfXz4RkF8uK9KPRQc,Anamil Al Nawaiem Ladies Saloon,True,
ChIJd4iAhwhZXz4RmWAapEQuO1I,jazz beauty center,True,
ChIJEWHiVadfXz4R3tvFPPHpaVU,Shemal Al Madina Ladies Salon,True,
ChIJ5dkUnuJZXz4RTGENNUueXYo,MO.SAIFAL ISLAM HAIRDRESSING SALON,True,
ChIJ0ZWD-eBZXz4R4AKI-h_k_wk,مركز مثلث الاناقه و للعنايه الشخصية للرجال,False,MEN_OR_BARBER
ChIJEbbcgdVfXz4RJP4hUx20vbs,Glowy Nails Beauty Saloon L.L.C Sp,True,
ChIJvVhIYgD39T4Rb8D-Cc3IZfQ,LAMSAT SHOUG SALOON,True,
ChIJ5UfzKpBZXz4RqR3Z6iWg7G8,Villa Thalgo Sharjah,True,
ChIJXWiMRTJZXz4ReGpdY_QoSaw,Karima Medical Centre,False,MEDICAL
ChIJ3YEXkxZZXz4RjSEXr0GERIY,Dr Amal Al Qedrah Medical Center | مركز الدكتورة أمل القدرة الطبي,False,MEDICAL
ChIJ-yT1ihVZXz4RXQ5HoIOlVXw,"Saga Spa for Men - Branch 1, Halwan",False,MEN_OR_BARBER
ChIJZ7NQYnVfXz4RSzPdfscHEUU,Golden Horse Spa For Men | سبا الحصان الذهبي للرجال,False,MEN_OR_BARBER
ChIJndAcFrlZXz4R4DSYAvtK7Vc,Dar Al Nukhbah Beauty Center,True,
ChIJL03XKh5fXz4RwJrF2R5bbJc,izil Moroccan Beauty | Hammam & SPA - City Centre Al Zahia,True,
ChIJC9nNpUJfXz4RnTHPcGIF4Ko,Clarins Boutique & Spa (City Centre Al Zahia),True,
ChIJwxgS5_NdXz4RZTCfdS-uCYA,ALYOOM ALSHAJAR Home Massage and Spa,True,
ChIJGzAo3bBfXz4R66JA49LDfaQ,burjmaliha grocery,True,
ChIJ7QQw8vNfXz4Rw8hKdUFBKto,Boo spa,True,
ChIJdZEyyppYXz4RWomt3ECLqGM,Ocean Spa,True,
ChIJRSUJpaFZXz4RJFcaKcrWPiQ,SUNDARI SPA,True,
ChIJH0PMJQBZXz4RNu-rdIR7G0k,"Muwaihat 3, Garnatahstreet",True,
ChIJR7r-tc1fXz4RcB4G42a5EZU,JOYA VILA SPA,False,NON_OPERATIONAL
ChIJv40mJAD39T4RdYokRno0FNc,Canary Spa,True,
ChIJIcgTO9ZDXj4RbWXJ_yrpjuM,Bedashing Beauty Lounge Al Maqta,False,BEDASHING
ChIJFbzk5RNDXj4R3vo4JY7we1U,Teleios Beauty Center,True,
ChIJzeXPk_JBXj4R3ruXrllceTM,Pace e Luce Al Qana,True,
ChIJ9Zq7INpDXj4RWwXWBNAxYXk,360 Salon (MEN & WOMEN),False,MEN_OR_BARBER
ChIJgfD7EvJBXj4R-JkCqmtM-cI,New York Men's Barber,False,MEN_OR_BARBER
ChIJc22EmKppXj4REIpupbbjOuk,Divine lounge ladies center,True,
ChIJIzLTVsRBXj4RquIYrsfLPK0,SP GENTS SALOON,False,MEN_OR_BARBER
ChIJhdQYIydBXj4RqWi2HUxr2Ok,Get fresh saloon,True,
ChIJHQIJeWNBXj4RDpMsSvqlDqI,Saloon M16,True,
ChIJ8ZNb6ERCXj4RRYlU_N7RiGY,Arabella Spa,False,NON_OPERATIONAL
ChIJRfTVvZVDXj4RZZRKmMGM9cs,Bedashing Beauty Lounge Ministries Complex,False,BEDASHING
ChIJ_em4aABDXj4RJvIkDFBUzlU,صالون عشبة الداد,True,
ChIJ1acVeH1HXj4RSli59C2hk2k,Bedashing Beauty Lounge Mohammad Bin Zayed City,False,BEDASHING
ChIJfxeqQk5BXj4RA0PquO-4oMk,Furless Permanent Rabdan Mall - Abu Dhabi,True,
ChIJaYh2cyRHXj4RZhwPswPM8bM,"Kaya Skin Clinic – Mazyad Mall, Abu Dhabi",False,MEDICAL
ChIJ6x3D_plBXj4R-qot1dS-WBE,Link M Ladies Beauty Center,True,
ChIJnexvv2BBXj4RGZ-nIdMn_Y8,Nadreen beauty and fitness centre مركز نادرين للرشاقة والتجميل,True,
ChIJU2cnyp9GXj4RtWRfLtpHLss,Tips and Toes,True,
ChIJcflCD3lHXj4RT3mzoBbL5Xs,Mamati Ladies Salon,True,
ChIJ2VqDUCdEXj4RjIdyKQc4abk,Oriental Beauty Lounge - Khalifa City,True,
ChIJJw47y59GXj4RXlzgo_pMzM8,Canadian Medical & Rehabilitation Center CMC,False,MEDICAL
ChIJXa-sIOVFXj4RDJMVH0WxSGA,Accura Aesthetic Medical Center,False,MEDICAL
ChIJV8chu3ZFXj4R8k3bfpbP4yQ,Hour Al Khaleej Salon,True,
ChIJHVEMxaRGXj4R85sXAIZsZxA,Nails & Beyond Beauty Lounge,True,
ChIJ1Smf20FBXj4RCeF_yKnRjEI,Ivy beauty and spa studio,True,
ChIJA5Ue4_ZFXj4RPStIwJ6t--Q,Tranquilo Spa,True,
ChIJk0bzSwFBXj4Rq8c2Qj2baWE,The Passenger Birds Gents Saloon,False,MEN_OR_BARBER
ChIJVZiLA41BXj4RVrPrXrawPxE,Jax Gents Salon,False,MEN_OR_BARBER
ChIJSUi7DHxBXj4RPWMFKml_oIg,Look alike gents Salon,False,MEN_OR_BARBER
ChIJs0ekz-dBXj4R1sr4gsZdxzU,Lavish Look Gents Salon,False,MEN_OR_BARBER
ChIJWQSREl1DXj4RT1eCziWKAts,FIARMNT RBLOWDRY HAIR SALON,True,
ChIJqRce5t9BXj4R3qKvcCTpM_k,Today Especial Gents Hairdressing Salon,False,MEN_OR_BARBER
ChIJf5J9KzJBXj4RcqYUzulQc1k,Green door salon,True,
ChIJJ0B6VgBBXj4RGCJXLoH0XeU,True looks gents saloon,False,MEN_OR_BARBER
ChIJgc40uP1AXj4RFC1-H9zcjXs,New Happy Saloon,True,
ChIJv3ZKc55BXj4Rt2BUIB7CrG8,DIRECT GENTS SALON (NMDC),False,MEN_OR_BARBER
ChIJcWBx3XBDXj4RydFdwTRGMXg,Triple 9 Barbershop,False,MEN_OR_BARBER
ChIJzb2iNlJDXj4RCp00sbC5K2E,Hairaholic salon,True,
ChIJRRt8dABDXj4R54SP_BQJXNA,Saloon Al Shumookh,True,
ChIJQS7TRp1CXj4R7kO__gEfjH4,Hair By Marquee | Eastern Mangroves,True,
ChIJBUAM_NhDXj4RRkVDWdeQrAQ,ReLook Ladies Salon,True,
ChIJlwClo6JDXj4RMjK6ehDQfXI,Al Ustoora Ladies Salon Abu Dhabi | صالون الاسطوره للسيدات,True,
ChIJ7Y8GNf1BXj4Rwzo1kPLtahg,Gulf Glamour Men Salon,False,MEN_OR_BARBER
ChIJYawb2nZBXj4RntVt437yzIM,Silver style gents saloon,False,MEN_OR_BARBER
ChIJR2DZJ2ZBXj4RDC39CnXXI9w,Brand Star gents Saloon,False,MEN_OR_BARBER
ChIJA3AAmCVHXj4Rd8NywioXdIc,near maziyad mall,True,
ChIJAwxhlcVBXj4RKhfnnsDC_v0,Eleven King Gents Saloon,False,MEN_OR_BARBER
ChIJ2XMhFnJBXj4RnBJf95mMFPI,Dream Flower Gents Salon,False,MEN_OR_BARBER
ChIJ4xr6FQBBXj4R5TWlOuGgAyY,صالون استايل مارك,True,
ChIJ_7VnoLNBXj4RAjn-nwWg6Ek,Spring Time Saloon,True,
ChIJoYBNDVJBXj4R_wO2UgbhcCw,Barber colors,False,MEN_OR_BARBER
ChIJQ6a1E1xBXj4R1p4e9YiUj7A,Fass Saloon Moroccan Bath & Hairdressing,True,
ChIJtXtImCFFXj4Rqsx5C6OQx_A,Molto bello Gents Salon,False,MEN_OR_BARBER
ChIJ-YKeyNZDXj4R5Net_myDZFs,Spa,True,
ChIJBYTycABDXj4RDNycJDR_hQ0,The Massage Taiwan Relaxing AB,True,
ChIJpVMrRgBDXj4REuBYpE0r21Q,Massage Abudhabi Hotel Xekooo,True,
ChIJr7gou4ZDXj4RTzGdtTGJ_8Q,Massage Thaithai Luxury vip1,True,
ChIJvzguviEgcgwR2E6wPG8q1-Y,HR Quinn Spa Serenity and Massage,True,
ChIJsxOxLABBXj4RFMqU6kXmf9s,The Massage Luxury Callista,True,
ChIJU8S8DABDXj4RAe-IWI2fqcM,Massage Taiwan Vip Luxury UAE,True,
ChIJCVYPBQBDXj4RK9Hr5bvtnKk,Massage Taiwan Luxury Tunb,True,
ChIJPUMlkLVBXj4RkepY8QMGr08,Massage spa vodoi ping,True,
ChIJgx44ZABDXj4RkgCdpaXGonE,Massage Home Relax Pure,True,
ChIJJWZLbeY3XagRkR-zsyLkmqg,HD Layer Spa Clinic and Massage Serenity,True,
ChIJjQlacB1DXj4RRfdl3XsYTqg,Vision Spa,True,
ChIJVZmyyOBDXj4RDwZq0SMKrNk,"Up Beat Spa, Abu Dhabi",True,
ChIJkXz7IH9CXj4RWgYYiJwKxfg,Piccaso Gents Care Center,False,MEN_OR_BARBER
ChIJ8YmnzCxDXj4RvJDQt3nvPTA,Massage Abudhabi,True,
ChIJsaFPg3NCXj4Rl_jvW4f2Tl0,Bodylines Fitness & Wellness Club,True,
ChIJX-1Us9hBXj4RHm6FG0TGfO4,Niyama Spa - Novotel Abu Dhabi Gate.,True,
ChIJGRH2xmZHXj4ReVQLGF8nmH8,Bella,True,
ChIJlQ9T01pBXj4RMUpF_aDza6U,Massage center,True,
ChIJc8nyM5ZFXj4RjbZvvDXRw4I,The Spa - Abu Dhabi Golf Resort,True,
ChIJYzjWJkNFXj4RD7r5L6dPJ3Y,Heavenly Spa,True,
ChIJI4x2jrxHXj4RFXtAb1gUoh4,Sansa Beauty Lounge Spa,True,
ChIJL_91dABBXj4RRXgH1tgHOSw,Haif - Massage Spa,True,
ChIJq6qqqtlDXj4RnsoIVdU0CIQ,Maria alsabah,True,
ChIJ73UPkVxBXj4RYyfjOtI6t_8,Papecha SPA Beauty Center,True,
ChIJ9SvcCZhHXj4RT3XuH1YU3Eg,OLIVIA BEAUTY MASSAGE,True,
ChIJ922ZwNhHXj4RWAn_0icDknM,Massage Sun Professional Full Services,True,
ChIJgYqGPNpDXj4Rav-aSMuS46Q,Fairmont Health Club & Beach Club,True,
ChIJx2i_bABFXj4Rb8x68sEZuJA,Massage Taiwan Relax Vip Menn,True,
ChIJF4nttypHXj4ReoHb9BO-Ifg,Crown Spa,True,
ChIJFeF2FdpDXj4RK3fkhKO6qhw,Brandy .C. Spa,True,
ChIJ_8yhcgBDXj4RGpLR6Zpw2Yo,Massage Sense And Serenity Spa,True,
ChIJOxVOHQBHXj4RdUVh6hJaRq8,Massage Relax Olivia Lounge,True,
ChIJ0ePl4Sz59D4RPDea70PHVSs,Bedashing Beauty Lounge Al Taif Mall,False,BEDASHING
ChIJgy_Wo9759D4R2Nv8viI79eY,صالون بيوتي ماجك الفراع الثاني,True,
ChIJc9EQmxD59D4Rcwsk38AoKtw,Mustafa beauty,True,
ChIJaS_ARAD59D4RxizgunrQirs,BOMBONIERA BEAUTY SALON,True,
ChIJ08lYm8T59D4RYTrCU8wk8iE,صالون رهام للسيدات,True,
ChIJSWXqLTP59D4RcignXiGp62g,صالون السندباد للحلاقة Sinbad's hair salon,False,MEN_OR_BARBER
ChIJl5EB_Ir_9D4RUajZc46YwEQ,صالون فيفي,True,
ChIJZ3sPh8D59D4RmHcU1eLIM-4,HAFEEZ MEN SALON FUJAIRAH,False,MEN_OR_BARBER
ChIJ6xHZAAD59D4RdoNFMeICrlY,FIFI LELTAJMEEL SALOON,True,
ChIJk1hF25f59D4Rtb199gZCNUs,Roma Optical - Fujairah city center,True,
ChIJV1DshxdpXz4RaULeP8D5VlE,Benefit Cosmetics Brow Bar,True,
ChIJjQokrCX59D4R_9TmR2AFkQk,Benefit Cosmetics,True,
ChIJ3XQtqGz59D4R-cSQu19crZs,Mustafa beauty 2,True,
ChIJjfRLcoL49D4Raqg2zj70WuQ,Fatima Beauty Center,True,
ChIJJWW8hWT59D4Ruapb0URffN8,be you salon,True,
ChIJIbuOwIL49D4RIgYLKgHFxcU,Abrar Beauty Salon,True,
ChIJY_UvsIhX9D4Rek8rAP8EbQc,TAIF BEAUTY SALON,True,
ChIJPRl4Cpf59D4RySyj10BoT5U,صالون مملكتي,True,
ChIJKRkJtP_59D4RheSZoOWtfEA,QASR AL KAWTHAR LADIES SALOON صالون قصر الكوثر للسيدات,True,
ChIJ6cNBTFX59D4Rnu2bDQ1kNaY,Lara beauty salon,True,
ChIJCXmzTZD59D4RRKy-4elTz3Q,Trends Salon (City Tower Hotel),True,
ChIJMceeZIX49D4R4YbsY9R7Mck,مركز اريام للتجميل - Aryam beauty centre,True,
ChIJtzfT2yr59D4RCPXxIkLxN1c,Fujairah Spa massage 8888,True,
ChIJ61wQTn759D4RidCBfKi2_HY,صالون لجُيِن للسيدات,True,
ChIJi2SMxB1X9D4RCH-oqS0MC1k,Maimoneh Beauty Center,True,
ChIJhaaREJL49D4RTKYQJmuQJAI,Dar Lama Fashion & Beauty Salon,True,
ChIJgZNaedT59D4RVVq6Vw7Vgw8,صالون روزالين للسيدات,True,
ChIJjUGE3j759D4R7tQ9230j_PM,N beauty salon | Best ladies Beauty and hair salon in fujairah | أفضل صالون تجميل وتصفيف شعر للسيدات في الفجيرة,True,
ChIJSa4JVJn59D4RaLSRZHAiphE,Companion Beauty Salon|Fujairah LuLu Mall,True,
ChIJU8d5BF749D4Rt_YEbaNTUYQ,First One Center صالون رجالي سبا ومساج,False,MEN_OR_BARBER
ChIJLSalP4r59D4ROpOODwvV9fk,Al Rawab Ladies Salon,True,
ChIJwUwcvSn59D4Rdtw1WG3kj2w,Blue saloon and spa,True,
ChIJuwyURd759D4RqBIxMb5NeZg,Al Sham Beauty Salon صالون الشام للسيدات,True,
ChIJJyrFTQD59D4Rb8-E4DFYNQI,Ely beauty center,True,
ChIJS-zE0mH49D4R6Q-w7iyxdCo,Four Season Center,True,
ChIJuQD1A0P49D4RE0lL6wEaaBg,VLCC Fujairah,True,
ChIJNcdMMTf59D4RPPSKKcYpsns,Lusiana ladies salon,True,
ChIJXS-_bGb59D4RPppprculaFM,"Kids Saloon fujairah ""Teletubbies""",False,KIDS_SALON
ChIJsf6DqUr59D4RSBxkVvlpGxg,صالون الفرنسي المغربي,True,
ChIJTxpnBNj_9D4RG2wSOl2G400,AHMED PUNJABI HAIR SALON,True,
ChIJ93EaSrX_9D4RLk2RY3_fNxw,حلاق الصناعية,False,MEN_OR_BARBER
ChIJZfOpWiD59D4R06wGEJaIDBE,Sufyan Saloon,True,
ChIJL7kS_6f_9D4REzyfyIQfhAI,SANAIYA BARBER LLC,False,MEN_OR_BARBER
ChIJm503MgD_9D4RJaxBB-pJxt0,SANAIYA BARBER,False,MEN_OR_BARBER
ChIJaePvF1X59D4ReJQxzXpRDqA,Shabab AL diwaniyah saloon LLC - Hair Saloon,True,
ChIJY9oKrZnSv4URgst-ZghjqgE,صالون النخبة للرجال الفجيرة al nokhaba Gents saloon,False,MEN_OR_BARBER
ChIJAx-L8Xf59D4R04totUpvvkw,al rifa,True,
ChIJ2V9wkP359D4RRTsRYZIUqMg,صالون المزين saloon mizain,True,
ChIJoQ5qQrL59D4RKH4qJvSY-VQ,صالون توته,True,
ChIJJ22p-_n59D4R0Ohe7jgxxak,Al Hanaa Hair Saloon,True,
ChIJvXfiSQD59D4RbB_6obOD3QU,Bin yas saloon,True,
ChIJ56BOIQT59D4Rq377WUcuQWI,Broken Arrow Gents Saloon,False,MEN_OR_BARBER
ChIJKzjtA0L49D4RCE4xB0cAeHc,Al Ameen Hair Dressing Saloon,True,
ChIJy3ohBwD59D4RkOfUcgke7XE,Special One Saloon - صالون سبشل ون,True,
ChIJxxDRFvv59D4RuAV4PaaLqXY,حلاق عمر كلاسيك,False,MEN_OR_BARBER
ChIJ3Urs3bX59D4Rk0XpjdkbARs,Happy Hair Dressers,True,
ChIJ3SO_d2f49D4RIjj9GVilIqI,XLNC saloon,True,
ChIJHQ2xCmD49D4RBr2L9vPuqhk,Horya Saloon,True,
ChIJBVe4EGD49D4RSDJ--rcla7Q,Amwaj Hair Dressing for Gents,False,MEN_OR_BARBER
ChIJ9YNKkl349D4RAdG2OkMxE08,Anwar Saloon,True,
ChIJqf3nVMNX9D4RNxk1S1tk-Jk,Mabrook saloon branch 3,True,
ChIJb5NUyFP59D4RTARdrh4ijd4,Silica salon,False,NON_OPERATIONAL
ChIJeYv0XCP59D4RXb5EDR4qGuQ,TRENDY TRIM GENTS SALON LLC - صالون تريندي تريم للرجال,False,NON_OPERATIONAL
ChIJhSGChblX9D4RlDZsX8Y9fwY,صالون عبدو فاشن,True,
ChIJT7XyvFb59D4R1Qk_EOAHSZY,Saloon Al Faris,True,
ChIJ7VTqi0359D4R2_AEsdpK-aE,Katerina Spa,True,
ChIJHTuYaCL59D4RbThcPbv9atk,Eva massage spa,True,
ChIJqekbYu9hXz4R2O8sCUaoUIw,Anna lulu spa,False,NON_OPERATIONAL
ChIJle4Mb4r59D4RJMzJj85f-fo,Fujairah Massage Service 24x7,True,
ChIJMb0Hm7X59D4RNYBf8htk1NE,Massage Royal Fujairah,True,
ChIJnWKE06n59D4RKB1QOjNW6mI,Vip exclusive happy massage spa and services,True,
ChIJr4Dq0sf59D4RWnsXFhVAl9M,Jenny spa,True,
ChIJE8-xDpL49D4RIh42onGoOIQ,Health Club & Spa,True,
ChIJz7n6DnD59D4RRuaQSYRGJE8,city plaza spa,True,
ChIJB0V0wxT59D4RPdoQPntHZXQ,Lucky SPA,True,
ChIJB6xIoUb59D4RsDthGpgY3Fc,Velocity Fitness,False,FITNESS_OR_SPORTS
ChIJC1-ClVD59D4RL_S6g-Wh6LM,City Spa wellness,True,
ChIJEyPjgV349D4RJRa-c-LmM9I,Fathima Medical Centre,False,MEDICAL
ChIJQddnVob59D4RxarJsLOn79w,ABU AL FAHAD FISH SALES SHOP,True,
ChIJj6IstBr59D4RmOAONa-IiF4,"บ้านHaifa,spa",True,
ChIJl1i25Qr59D4RIWX6fu0nf8g,Kingsman Gents Spa LLC-SPC,False,MEN_OR_BARBER
ChIJM8O_cWP59D4R2wXke1beY9w,Aura Spa,True,
ChIJuQ_Q74_59D4RRUlZaS6b06g,Regency Spa,True,
ChIJFz_CEXRX9D4R0j-YMa4Rw6c,Diamond Spa,True,
ChIJoS-Dj3f49D4Rl5iGo4iGZi4,Melody Nails and Spa Ladies Salon Fujairah,True,
ChIJ5ch6Hag3Xj4RlU_4s1p7o8s,Bedashing Beauty Lounge Baniyas,False,BEDASHING
ChIJJ_Fou0A3Xj4RrspXocMigT0,Bella Luna Salon Spa,True,
ChIJRYqhWAA3Xj4RHPWhQzSfkWI,Etoile beauty salon,True,
ChIJKYgzG_g3Xj4Ro3U1KPZAqbI,لافيرت بيوتي صالون La verte Beauty salon,True,
ChIJDT-yNQA3Xj4Rvn8oUGWg5sc,ciseau blanc salon,True,
ChIJfxtFIAA3Xj4Rs6iERtuSuYU,Royal King gents saloon,False,MEN_OR_BARBER
ChIJp39vgc8xXj4R0enSOIbQ8YM,Golden Braids Ladies Saloon,True,
ChIJ3ZZfdZE3Xj4RvJC-9ch6Gfo,Blane Ladies Salon,True,
ChIJc9JWNrA3Xj4Rx2G4o_8krTg,"SALOON,, AL SOUQ, AL MARKAZI",True,
ChIJ7_dsdWo3Xj4RXbS8RI3x6Os,Home Saloon and Henna Services by Mirha ( Henna expert) نقش حناء في المنزل,True,
ChIJxdan-4MxXj4RGKh5nk8c7To,Bhatti gents saloon,False,MEN_OR_BARBER
ChIJM1EEdHw3Xj4R-WwJ5Hn3SDE,Al Muqas Alabyadh Gents Saloon,False,MEN_OR_BARBER
ChIJN3HzqNo3Xj4RfiuV7i4RrAs,Diplomat Gents salon,False,MEN_OR_BARBER
ChIJU-zvugAxXj4RMlVz6V-JxPs,Good Smart Gents Saloon,False,MEN_OR_BARBER
ChIJ2Vb-EwA3Xj4Rvihc0dAhjho,صالون رويال Royal Saloon,True,
ChIJDbcz2A9tXz4RnqvVPtIP15c,Bedashing Beauty Lounge Shakhbout City,False,BEDASHING
ChIJ98xZ6Nc3Xj4RwyvTjxdz5so,CosmeSurge BAS Mall Abu Dhabi | Dermal Fillers | Laser Hair Removal | HydraFacial | Skin Rejuvenation,False,MEDICAL
ChIJY9wBUAA3Xj4RHgCm5aISavs,عروس الصحراء,True,
ChIJ39lgm6M3Xj4RbqH0Ipuq43c,Sugar Beauty Lounge Bawabat,True,
ChIJfdd0XWc5Xj4R7X8N9miotYw,Zahrat Al Batul Ladies Beauty Center,True,
ChIJOyibkek3Xj4RNtUWnHkJcHs,صالون روز نيلز للسيدات,True,
ChIJBfiK_gU3Xj4RveC4lqwKWko,Companion Beauty Salon - AbuDhabi - Bawabat Al Sharq Mall (8th BR),True,
ChIJP62LnMA3Xj4RIszOUCkof-4,Crown worthy beauty center مركز كراون ويرثي للتجميل,True,
ChIJieS4kt43Xj4RjvF8N2Erjjw,Meraki gents salon,False,MEN_OR_BARBER
ChIJhzTbC103Xj4RjodcumrbGZw,Freesia Beauty Center-Luxury Services (Madinati Mall),True,
ChIJySPEeAA3Xj4R86ydETlyKcI,صالون سونا بني ياس sona salon,True,
ChIJnXM8Kjo3Xj4R0nTG9oRpbxc,صالون اورجنالتي للسيدات,True,
ChIJt1f8pV43Xj4R275r0Rk9rLQ,Uhood Ladies Salon صالون عهود للسيدات,True,
ChIJjV4_8zo3Xj4Rimg3RsMt3mU,DESERT CLASSIC LADIES SALON2,True,
ChIJvwV1Ojg3Xj4RKv8KM-y2oV0,صالون خيالي لونج للسيدات e,True,
ChIJOUYK5mQ3Xj4RgsLlrhLrwdk,صالون الابتهال للحناء,True,
ChIJ_zKmtTs3Xj4RYRpi9OuNKb0,صالون عبير للتجميل و الحناء Abeer Beauty & Henna Saloon Baniyas,True,
ChIJS3E1SQAxXj4RxnPr3mawtWI,Floral Touch Ladies Beauty Salon (صالون فلورال تاتش ليديز بيوتي),True,
ChIJP0J_utEwXj4R5biZfmvaRDw,Dijla Medical Centre,False,MEDICAL
ChIJawWDbPk5Xj4R__5pivAeOho,J B smart Gents salon,False,MEN_OR_BARBER
ChIJBakSoX85Xj4RkYjk5vwovD4,SHBAB AL MUSHRIF SALOON-BRصالون شباب المشرف-فرع,True,
ChIJLZRScbg3Xj4R1BTLo0kCEGQ,ALMAQAS ALALAMI TITANIUM GENTS SALOON,False,MEN_OR_BARBER
ChIJjTdDrmc3Xj4R3Pe-SmkJLqQ,السماوي للحلاقة الرجالية,False,MEN_OR_BARBER
ChIJqY6QQ303Xj4R3PVmrx-4llM,صالون فن الابتكار للرجال,False,MEN_OR_BARBER
ChIJv_rQ_UM3Xj4RvZ0kYwJzzC8,صالون حمدان ناصر,True,
ChIJK7qhIU4xXj4RDQ-2UooAW20,Good look gents salon,False,MEN_OR_BARBER
ChIJDelcKEE3Xj4RxM1S9NxWOvI,صالون سيد احمد للرجال,False,MEN_OR_BARBER
ChIJeSKz6TI3Xj4RbrZH9n60qqo,Al Waseet Gents Saloon,False,MEN_OR_BARBER
ChIJUeg6OIQ5Xj4RV7-r_T8gFX8,PAK Style Men's Salon,False,MEN_OR_BARBER
ChIJX3VMsms3Xj4REF2bKkm1TRM,NJ Kids Saloon,False,NON_OPERATIONAL
ChIJL1UIODI3Xj4RCGdEtUUvv2E,Mumtaz Saloon,True,
ChIJv_D_JAAxXj4RzbpREvcyMT8,GENTS B D STAR SALOON,False,MEN_OR_BARBER
ChIJC8C1vNAxXj4R2HGsdwvREr0,Bella Ciao Gents Saloon,False,MEN_OR_BARBER
ChIJ7_z5Rag3Xj4RCfo7DIdW7BQ,Ruby Salon - Baniyas Plaza Hotel Abu Dhabi,False,MEN_OR_BARBER
ChIJ6Zahg84xXj4RWrLGHhmXVFU,صالون الساقيه,True,
ChIJq8-RbfgxXj4RBhgRz6ZVdgI,Juvents Gents Saloon South Al Wathba,False,MEN_OR_BARBER
ChIJjWGmzJ8xXj4RdpXYUHob2aY,BERKAMAR HAIRDRESSING SALON صالون بركمار للحلاقة,False,MEN_OR_BARBER
ChIJfT7nApMxXj4RQ1ScaWaMFyw,Baku men saloon,False,MEN_OR_BARBER
ChIJL-4MydMwXj4RwCG1pUPCqBE,Mohd Akram Din Saloon,True,
ChIJi7oXFgA3Xj4RhhTowMP3h1E,FINE FASHION GENTS SALOON L.L.C,False,MEN_OR_BARBER
ChIJ-daFfQA3Xj4Rp5lBqSC1Bl4,صالون رايفل للرجال متنقل,False,MEN_OR_BARBER
ChIJDSAm6gw3Xj4R9KvWAmgm6iI,صالون القص الجميل للرجال,False,MEN_OR_BARBER
ChIJeZNVTTo3Xj4RNboEW6oqe5w,Saloon Shameem,True,
ChIJcayFawA3Xj4RGL4NMt-j9P8,بوقاسم الحضرمي,True,
ChIJD-kPNyo3Xj4R5j4JRHO67vA,صالون التاج الفضي للرجال,False,MEN_OR_BARBER
ChIJ1182DwA3Xj4R-sFwncDFA_s,Kanaan Saloon Spa Bani Yas,True,
ChIJQ5qjYpc3Xj4RTAn_1hI76aI,izil Moroccan Beauty | Hammam & SPA - Bawabat Al Sharq Mall,True,
ChIJhyCqeQA3Xj4R_lcerU-oqbY,Massage Emily Relax Body,True,
ChIJJbk9MgA5Xj4RdrOXBDBauLA,Massage Rosi Relax Retreat,True,
ChIJT_auE3s3Xj4RdXaLdEzxXV4,Jenny elegance spa and massage,True,
ChIJBSrvv4g3Xj4RDbDoMM4y3IE,Kasia Spa,True,
ChIJCdkvq-G3ij4RlSWto3RUY9Q,Pretty massage spa center,True,
ChIJ8xEGN9RrXz4REA9mu5WURoE,Paramount Medical Center,False,MEDICAL
ChIJEVJBmQNrXz4RSNTnb_vIDdo,"Ishraq Clinic - Laser, Cosmetic & Skin Clinic In Dubai",False,MEDICAL
ChIJHVXH-_ZpXz4R-yZ5Da8l_fI,Snob Salon & Boutique,True,
ChIJddXIf85rXz4RaLcWJAcido0,"The Nest Salon, Jumeirah, Dubai",True,
ChIJrTf_vR9pXz4RuOYL30djD64,Symphony Beauty Clinic,True,
ChIJ0Y0DQ-1DXz4RCSA0T_vf9P8,The Hair Palace Dubai |By Ozzy,True,
ChIJgcZ5RBBCXz4RfChwFCkrjuA,Lucia Clinic,False,MEDICAL
ChIJgarf82RCXz4Rk5W7_Oh9ZCM,Bedashing Beauty Lounge City Walk,False,BEDASHING
ChIJ_dqFX75DXz4RaYQtC2DM0U8,Smile Design Clinic,False,MEDICAL
ChIJ59Ev7_FrXz4RogB4jZ3p6Tw,Brow&Beauty Aesthetic Clinic,True,
ChIJP6sxl_hDXz4Rub7u7Hi2eqQ,Pure Aesthetic Medical Centre,False,MEDICAL
ChIJU6AlfpVbXz4RGFbwztuNhVQ,Mirna Kassab Beauty Center,True,
ChIJ52MzOCBDXz4RfuM2vN2q4KI,beauty lovers salon,False,NON_OPERATIONAL
ChIJFwlHIVVDXz4RDOazhfWIlFI,Ivy Beauty & Bubbles Nikki Beach Resort&Spa Dubai,True,
ChIJZbFFZ4BDXz4RDIe6ca8mNjs,777 Medical Center,False,MEDICAL
ChIJA4o41LVDXz4RcA2P_3VqBsU,Browns & Co.,True,
ChIJ_dXoyK5DXz4RZrxMId_tRPI,Altaderma Clinic & Training Center Dubai,False,MEDICAL
ChIJTdezhjNDXz4R3cCl1Rawe0I,green life medical clinics,False,MEDICAL
ChIJMciJj51pXz4RBhHoFazX-mw,The Colorist Hair Salon,True,
ChIJX3pl6pVpXz4R__R6FCLbjws,DermaPlus Clinic (عيادة ديرما بلس),False,MEDICAL
ChIJK1VAzatDXz4Rq-4cA4BIN14,ELAN Lash & Brow Beauty Lounge,True,
ChIJ74TuJThpXz4R0grQUFgC4YU,Ivy Beauty & Bubbles Hotel Indigo Business Bay,True,
ChIJlcpfSXxCXz4RSCAq5R26n3c,Furless Permanent Coca-Cola Arena/City Walk - SZR,True,
ChIJuQSymgdpXz4RQMKEUEuNCvc,Vanilla Glow Beauty Salon,True,
ChIJU9tRFZBpXz4RCtjRVR5Mbrs,Unique You Downtown,True,
ChIJ7ddNpqppXz4RUcsINlXKdig,Nails LAB Salon - Hair & Body (Business Bay Branch),True,
ChIJq25dk3tdXz4RCkHAN57lCqk,izil Moroccan Beauty | Hammam & SPA - Dubai Mall,True,
ChIJN7Cn185CXz4RRTh3UBTs5i8,Zabeel Ladies Club,True,
ChIJGTKkJjRdXz4RC5-FXb6sggE,American Academy of Cosmetic Surgery Hospital,False,MEDICAL
ChIJJyA3s_1CXz4R08E2nbFQC1M,Diva Gents Salon,False,MEN_OR_BARBER
ChIJu1pClJ1dXz4RE1e3FdCJZSI,New Me Clinic,False,MEDICAL
ChIJ5SM4UtZrXz4RzXOXPJzSI3k,Silvio Al Kassab Salon Jumeirah,False,MEN_OR_BARBER
ChIJP51lMQVqXz4RD6HqPxzgfo8,Be Bar Blow Dry Bar,True,
ChIJQa4CbZZDXz4RntRSQ7Xelgc,Serendipity Ladies Salon,False,NON_OPERATIONAL
ChIJ90ydelZDXz4RQc9i3swo3eU,CHADO SPA,True,
ChIJx9ilFtRpXz4RPC6ViJ_i-2E,Tips and Toes - Business Bay - Dubai,True,
ChIJZYyLggtCXz4RmTXljSi-lFw,MK - Best Barbershop in Dubai,False,MEN_OR_BARBER
ChIJ-06zQGlCXz4RxoQycX_Se1c,Aveda Dubai Flagship Salon,True,
ChIJQWakM0BpXz4RWiHoZdv1lVA,Blossom & Berry Beauty Salon,True,
ChIJv8D5vJZDXz4R8ATs6wp3pdk,M3 BARBERSHOP,False,MEN_OR_BARBER
ChIJbZzY7l5DXz4RtNCr31EpcXI,Hava Gents Salon Jumeirah 2,False,MEN_OR_BARBER
ChIJ8QQdkq5pXz4RX3FnLte83Rk,BAE Russian beauty salon Lashes Hair Nails,True,
ChIJQ2giv9VpXz4R9HiMcqoiXbo,"Salon Millionaire - Best Barbershop in Business Bay, Dubai",False,MEN_OR_BARBER
ChIJQfahUpxpXz4Rl2x8WRtX98k,Kiddie Express Kids Salon (Business Bay),False,KIDS_SALON
ChIJ13g1usVDXz4RdLinKpuurv0,Amaraya Beauty Center,True,
ChIJCQGHccxDXz4RjNHgqI9pZDE,Hair Corner Salon,True,
ChIJBfU02ylDXz4Rr7qQphgIgzg,Crystal Hair Extensions salon Al Karama / صالون كريستال لتركيب الشعر المستعارالكرامة,True,
ChIJrQNq0HpCXz4RlBFKnkcjiqE,X Hair Lounge Gents Salon City walk,False,MEN_OR_BARBER
ChIJZwGswxNDXz4Rl5j17wA6eTk,CREAMÉ Beauty Villa,False,MEDICAL
ChIJj4ruxS5DXz4Rnwa0xss7RRc,The Hideaway,True,
ChIJVfSFln1pXz4R0x_2g6FSFfg,The Directors Cut Gents Salon & barber shop,False,MEN_OR_BARBER
ChIJI4elhJxpXz4RxxBRnNA489w,Lilia Magic Beauty Salon - Beauty Salon,True,
ChIJtzqWi4NCXz4RF8ky6hFeaF8,Barbero Gentlemens Lounge - Barber Shop,False,MEN_OR_BARBER
ChIJN6HokZ1pXz4RwflvRKh7e9o,Cuts & Nails Beauty Salon,True,
ChIJ6c2AYoFpXz4RilwGCaf6d1k,Hair Creators Salon,True,
ChIJwaW8zlVpXz4R_QxOLPP2a1s,"HIGH22 – Beauty Salon, Dubai, Business Bay, Marquise Square Tower",True,
ChIJM5UAbTlpXz4RTzNOf_SieYE,"The Nest Salon, Sobha Hartland, Dubai",True,
ChIJMcUvOvhpXz4RuSMkv6ACI_U,Project Hairway Gents Salon & Barber Shop,False,MEN_OR_BARBER
ChIJRVPVxLNDXz4R-lQDOzwO55k,The Groomsmen Salon,False,MEN_OR_BARBER
ChIJS_Bm19dCXz4RoldSfGCt6rE,Kiddie Express Kids Salon (Karama),False,KIDS_SALON
ChIJaTs5JpZDXz4RWVY_icT2GvA,It's Beauty,True,
ChIJkzEOYOJpXz4RlbTuDgHA32w,Mary Foot Spa Al Wasl,True,
ChIJl-AkqdxDXz4RAVkon7zOmaw,Plume Studio,True,
ChIJOUYpPYVpXz4RkqrQ0oCXA3U,Cozy Bay SPA - Massage in Dubai,True,
ChIJSZ_21VNCXz4RF_RUOtD_cEQ,Yinyang Connection Spa - Massage in Dubai,True,
ChIJ1VivXyNDXz4RASREZCj2yes,Fitness Zone - City Walk Dubai,False,FITNESS_OR_SPORTS
ChIJb0_9DABhXz4Rp_39Xb4CO4A,Micro Vip CENTER,True,
ChIJg-vO4o9DXz4RF4g8xHbIys4,Simple Float,True,
ChIJhYSRjNFpXz4R6pERN-Db6-Y,Ivory Aesthetics Clinic,False,MEDICAL
ChIJvTaxX2xDXz4RUOwNY4jxvQQ,Taj Wellness,True,
ChIJ6Yk7geZDXz4RkvwcofX-1SQ,La Villa Banya Dubai,True,
ChIJPfQtSJZDXz4R-NYmM5I4aus,We Young Wellness,True,
ChIJcd3K8NdDXz4RR1h8ZuKn2dQ,Yinyang Connection Platinum Spa Dubai Mall,True,
ChIJKw2VzWpdXz4R9Fjni2GIp7Y,Pandora Spa and Massage,True,
ChIJRajt97dpXz4RuIjsa4QOCL0,Velvet Massage Spa,True,
ChIJ19P5yoVpXz4Re7UB_llumAk,La Perla Luxury Russian & European SPA,True,
ChIJMZ34fippXz4RTzJ97wbjCVo,PRAMAS Premium Wellness Centre Dubai,True,
ChIJ56d0uz5pXz4RM71e2F5ErjM,Wishah Spa | Massage Center Business Bay Dubai,True,
ChIJbQUFiKlpXz4RW_KyQqD4KLo,Dream Sky Spa Massage,True,
ChIJMfGA1iVDXz4RXKmgWYKnu2g,DoubleTree by Hilton Dubai M Square Hotel & Residences,True,
ChIJa7suLMRDXz4RzCMZBvwRYf4,GymNation Bur Dubai | Best Gym In Bur Dubai,False,FITNESS_OR_SPORTS
ChIJoeYRXyppXz4REpDkKt-XK80,Armonia Spa,True,
ChIJUQgqGVBDXz4RgJvfZWWdG-Y,KQ Spa and Massage Center,True,
ChIJ7zpVPmZDXz4Ra6pILCOqU4s,Lavana Spa Bur Dubai,True,
ChIJb24L7yhDXz4R7HnpINFRsqc,Oasis Day Spa & Massage,True,
ChIJXeCMTcNDXz4RUk-wbt21xQc,Cora Spa Massage Center - Sheikh Zayed Road Dubai,True,
ChIJ7Q7KjQNmXj4ROEhXBTwMTWk,Bedashing Beauty Lounge Khaleej Al Arabi,False,BEDASHING
ChIJ9a_RIghmXj4R_krGb_HAJLc,First Medical Center,False,MEDICAL
ChIJTeiyjJVoXj4RmOYGFJqC100,Emirates Dermatology & Cosmetology Center [EDCC] | Skin Clinic Abu Dhabi | د موزة السويدي,False,MEDICAL
ChIJW1ZZSkNmXj4ROlTwRMqMJUc,Desert Wave Beauty Center,True,
ChIJHYAIMgBnXj4RLEfhkv4gRHg,Najda street Abu Dhabi home,True,
ChIJhRQE4XpnXj4RwrHyIMub1Oo,Skin Code Medical Center ( Skin Care & Facial Treatment ),False,MEDICAL
ChIJx1BuZIdpXj4RYy4-cDCDdS0,Furless Permanent Muroor Rd (Abu Dhabi),True,
ChIJ5Q2p8hxpXj4RW1aP3BZOk1o,صالون عيون المها,True,
ChIJ3dyLL_hpXj4RY54HfB5SeGk,JAW Salon,True,
ChIJ_Vu7UilmXj4R0AsGTzHwkaU,Bedashing Beauty Lounge Delma,False,BEDASHING
ChIJPyQ_-xVpXj4RkJ-p2SBjK8w,مركز برايم تايم لتجميل السيدات,True,
ChIJo1n-M0JnXj4R7PLlSnGxI_Y,Impala Salon Al Nahyan,True,
ChIJ44q9goBDXj4Rw1_ZJL2LHcE,Chic and Sheen Women Salon,True,
ChIJi5sgUA1pXj4RR2EYyqIDdJU,Mencure Center For Men,False,MEN_OR_BARBER
ChIJFxtbP8hpXj4RXDOQeU8pYuU,Lafamme Beaty,True,
ChIJmTBlYG9mXj4R2Shffz-h2qc,بوتيك سبا للرجال أبوظبي - Boutique Men Spa Abu Dhabi,False,MEN_OR_BARBER
ChIJXVTeg0xoXj4R-l-9MIAGs_E,Ruby Salon - Al Mushrif Abu Dhabi,False,MEN_OR_BARBER
ChIJ-9ZHFWBoXj4RzYQ_UiNwV9Q,Corpofino,False,MEDICAL
ChIJpX_OJYJoXj4Rpjz8-daA5RA,Ivana Beauty Centre,True,
ChIJASsD9DJmXj4ROzoEGOtYpgA,GLOW Beauty Center,True,
ChIJT1uGRxhmXj4RrBq1H5yE_YI,Lumiere Skin Clinic LCC,False,MEDICAL
ChIJFdl1ZWZmXj4RoB52XGPadvk,Health & Style Medical Centre - مركز الصحة والتجميل الطبى,False,MEDICAL
ChIJE954bXBnXj4R0i-p2WyA0dk,صالون قبل و بعد Q and B beauty salon,True,
ChIJJ6LXlC5mXj4R44QNWiucYr0,Delma Medical Center & Spa,True,
ChIJWbEXrURmXj4RqTlvNIxNwMg,Makeover beauty center,True,
ChIJIYAxKfpnXj4RttR5NvR6D0Q,Ladroma Royal House of Beauty,True,
ChIJNS4mnhZnXj4ROmaMfmpRpog,Summer colour's ladies salon,True,
ChIJmY8cvnHui2sRb7FTWZ29zT8,Bishkek Ladies Salon,True,
ChIJcdzVQ0lmXj4R8LF1iNswxUY,صالون حلا للسيدات Hala ladys Saloon,True,
ChIJZ-M2UgBnXj4RscZnYuRSk1Y,Razor republic saloon,True,
ChIJ5dTWY9xnXj4RlafUdht72C8,BeauTyka Beauty Salon,True,
ChIJS61JbB5mXj4RgF-hmsgxuBs,Gloss & Glitter Ladies Beauty Lounge,True,
ChIJUcaxMQ1nXj4R95H4ausVth8,Thai House Beauty And Spa / Massage & Home Spa,True,
ChIJ7WWr079nXj4R7A5PaJIu4Eo,Faina Ladies Salon ( RUSSIAN SALON ),True,
ChIJo3Ug8wVmXj4R65NO8YOlHQk,Ruby Salon - Khalidiyah Khalifa Bin Shakbout Street Abu Dhabi,False,MEN_OR_BARBER
ChIJi6wuvEplXj4R9FEhj4wOarU,"Chaps and Co - Al Bateen, Edition",False,MEN_OR_BARBER
ChIJsU4iVmJnXj4ROamPG1JClZU,The Scissors N Razors Saloon,False,MEN_OR_BARBER
ChIJ5R5zm15mXj4RRrTpMfjvLO4,Thai Oasis Spa & Beauty Center (Home Service Available),True,
ChIJGVLBwitmXj4RFe-aUWAN7ZQ,Maxime Coiffeur,False,MEN_OR_BARBER
ChIJBzG5oYFoXj4RczSv65nZvMw,Paris Gents Salon,False,MEN_OR_BARBER
ChIJz-khBddnXj4RZh90CXMi-9k,Beards N Shears Barbershop,False,MEN_OR_BARBER
ChIJFyiZ0CNpXj4RyziQ0BZlrFQ,Adept Saloon,True,
ChIJs3vVRWJpXj4RWFSLjKWVMig,Vesna Beauty Lounge,True,
ChIJY7KxcOhpXj4RFrjOm-7w0eo,Walk Street Gents Saloon,False,MEN_OR_BARBER
ChIJ6Wmgov5pXj4R6zvk8oum9u8,seventy7صالون,False,MEN_OR_BARBER
ChIJl_nk5cNnXj4RwjYoWDZgh6g,Voila Beauty & Co Lounge - Abu Dhabi,True,
ChIJGQcdzZNnXj4REEerUGl7wDg,Kozma Curl Al Reem Island,True,
ChIJ1zf8FadnXj4R6Qnb-30_Pso,Verona Style Men's Salon,False,MEN_OR_BARBER
ChIJn-oc8xhlXj4R_hKmwtnwI7g,EMARA Barbershop,False,MEN_OR_BARBER
ChIJl0EfKNxnXj4RE_7LPFfBu_U,Top Level Lady Beauty Salon,True,
ChIJD5qI_k5mXj4ROtxYMptO8FM,Dalla Beauty Saloon,True,
ChIJc8PsCVlmXj4ROhXIBMggDbc,No Name Gents Salon,False,MEN_OR_BARBER
ChIJa4VmSDRmXj4RXl-D7qDHQIM,Violet Rose Ladies Salon,True,
ChIJZ3N3CtRnXj4RdnRgx-BTN8k,صالون نور الشام,True,
ChIJs3sFBwBnXj4RMlewhxTgws0,"House of Barber Salon (HOB) - Navy Gate, TCA, Abu Dhabi",False,MEN_OR_BARBER
ChIJUzu8eMhnXj4Rt4-7hJKiceE,Spectre Gents Salon & Spa صالون سبيكتر للرجال,False,MEN_OR_BARBER
ChIJs6f-pDNnXj4RXGS-mKMsc2k,1847 Grooming for Men The Galleria Mall,False,MEN_OR_BARBER
ChIJPdrrmFlmXj4Rz0ibkephZOQ,Black Horse Gents Salon,False,MEN_OR_BARBER
ChIJe0NES4tnXj4RGbgYp0MAHGc,Golden Spanish Gents Saloon,False,MEN_OR_BARBER
ChIJY4wBXBRpXj4RBg_Rbh0h_Rg,STYLO SPA & BEAUTY SALON,True,
ChIJJwd2Zv5nXj4RVrJJNK3vHqQ,Kingmakers Men Spa كينج ماكرس سبا للعناية الرجالية,False,MEN_OR_BARBER
ChIJ-w3PM-BlXj4RMB0fGr5xsQQ,حمام وصالون شباب هايد بارك Hide Park Shabab Spa,False,MEN_OR_BARBER
ChIJ7T-37x5pXj4R_yv-rjg24gg,Luxury spa,True,
ChIJi0V3S_BnXj4RlUt2dgvKDkg,مركز روزاليا للتجميل | Rosealia Beauty Center,True,
ChIJ857h14VoXj4R-MivhTIp0zA,Beauty Touch Ladies Salon,True,
ChIJz1mTjIxoXj4R_WhJfZM1SMg,The Club Spa,False,NON_OPERATIONAL
ChIJ8z35MOhnXj4RBz5wq89B23E,Brunetta & Blonde ladies Beauty saloon | Al kwar st - Al Nahyan Abu Dhabi,True,
ChIJF6vyYSlmXj4RZYdK2jK0NF0,Sossi Beauty Centre,True,
ChIJX1RX4wo8YW0RWfZ4IhmQ910,Luxurious Beauty Ladies Salon and Spa(Moroccan Bath & Heena)HIDDEN GEM OF ABUDHABI,True,
ChIJJRQvpxpnXj4RWzb_3l_p7l0,Scintillia Beauty Lounge,True,
ChIJXZUJL9FnXj4R5Uc3ye-seFc,"House of Barber Family Salon (HOB) - Najmat, Al Reem, Abu Dhabi",False,MEN_OR_BARBER
ChIJf4jU275nXj4RCzkfdJMspn8,"Jazz Lounge Spa for Men - Al Reem Mall, Abu Dhabi",False,MEN_OR_BARBER
ChIJu4D5CeRnXj4R8vIUvFK-rmw,NailOn Beauty & Spa Ladies Center,True,
ChIJ34x1dVFmXj4RzlqFjifV9XQ,nails the modern manicure studio Abu Dhabi Mall,True,
ChIJF7H8YnxnXj4R1lfGfS5UKBs,"Noor Beauty Salon | Beach Rotana Hotel Abu Dhabi Manicure and Pedicure, Hair Care .Body Care Nails Eyelashes and more",True,
ChIJ8TsCxJ1nXj4RbbrhicyE6kc,Marjorie Spa & Beauty Ladies Salon,True,
ChIJHxBP9VBmXj4R-TjL_3y1qfc,Ricky's Ladies' Salon,True,
ChIJ0aqt6ztz_a8Rrw4sUQPIb8c,Rose Petals Ladies Salon,True,
ChIJ4YHdZ75nXj4R1oJHRQSR14o,Vision Links Spa Abu Dhabi,True,
ChIJ4fR_TItnXj4RnGZhnrjAIvI,Belle Care Luxury Spa Abu Dhabi,True,
ChIJkdWrG9JlXj4RhlpiF4Ciwe8,The Colorful Spa Center,True,
ChIJG22JYydnXj4RzPs3kGyaXsc,Belle Care Luxury Spa Abu Dhabi (Grand Villaggio Hotel),True,
ChIJAyfXoohnXj4R5BDINg1dmug,BE RELAX SPA - L.L.C,True,
ChIJObqOeatnXj4RUVADkgbVkQc,Ins Spa Abu Dhabi,True,
ChIJS57HFVdmXj4RK43V6xQCnVE,"Eden Luxury Spa – Authentic European & Russian Massage | Al Zahiyah, Abu Dhabi",True,
ChIJUWapcftnXj4RTSK_QQhrZ0o,Tranquil Spa Abu Dhabi,True,
ChIJdfOObk5oXj4RUERDtUuxWpk,Vibez Fitness Centre & Spa (Ladies Only),False,FITNESS_OR_SPORTS
ChIJt2ESedVnXj4R5yriNQ5CZFs,Murjan Spa Abu Dhabi,True,
ChIJDWnhOghnXj4RggbK8JGHeqw,Massage Time Spa A18-ABU DHABI,True,
ChIJs_hgBj9pXj4RMjKgpQn20Uk,Lou Lou Asfar Spa in Abu Dhabi,True,
ChIJjY-w8MlnXj4RR2_KhKfzwdQ,Oud Massage Center,True,
ChIJ4Sd4axNpXj4RmBTZCZY7pxY,DNA Health & Wellness - Abu Dhabi,False,MEDICAL
ChIJI3rrrZBpXj4RCXx_MJegTL8,Hush And Glow Beauty Lounge,True,
ChIJjbK--SlnXj4RJT5sF__r31g,Yinyang Connection Platinum Spa Abu Dhabi,True,
ChIJs5DkWwBnXj4RjX60jlaF42E,Top massage Abu Dhabi,True,
ChIJB-I6JTpnXj4Rx-7KHUyxc3w,Ivory spa abu dhabi,True,
ChIJmYvLrgdnXj4RKfeS2ebgKkA,Happy Time Spa Center,True,
ChIJN-QNN3dnXj4Re0XWlpauF0o,SHOP 12 Men Spa Abu Dhabi,False,MEN_OR_BARBER
ChIJiZQzQd5tXz4RpZpIxBBEbIc,The Salon | Al Furjan,True,
ChIJ6VSr1bFsXz4RvrklgYwor54,"Kaya Middle East Corporate Office, Dubai",False,MEDICAL
ChIJW4wwOd9tXz4RyYU_5slz5Lg,Over The Moon Beauty Salon,True,
ChIJ-0P7Jf1tXz4Rje7-0YFcM3Q,Bedashing Beauty Lounge Jumeirah Park,False,BEDASHING
ChIJQQ9HfGFtXz4Rcqp-MgnFtYs,Hair Lounge Ladies Salon,True,
ChIJUfzV6ChtXz4RQmFktynJTiY,Tito Brothers gents salon,False,MEN_OR_BARBER
ChIJdzDwuXv3NAoRpv5ZrUa0FHM,NS89 Beauty Bee,True,
ChIJQ20Q4t9sXz4RXdmqnHykV_o,N.Bar Nail Spa & Salon The Pavilion Jumeirah Park,True,
ChIJ3bG8qD1DXz4RJegaGeGeS40,Al Arzaan Gents Salon,False,MEN_OR_BARBER
ChIJjSUEOoUTXz4RidlUibu2gXE,SHABAB JABAL ALI GEN'S SALON,True,
ChIJvaDnjb1tXz4Rx0XkYIh7BK8,Ikeda Beauty Salon,True,
ChIJEy4q3t9sXz4RoIIRLAFe1PI,"Sasha Beauty Salon, Jumeirah Park Pavilion",True,
ChIJeQFQusdtXz4RrnQuyjYE6JI,Fine Look Gents Salon,False,MEN_OR_BARBER
ChIJW-0RDINtXz4R-PR22ETHCI4,Rejuvic Couture Beauty Salon ( Ladies),True,
ChIJFYM39WFtXz4RmuHdt8OHkaU,"N.Bar Nail Spa & Salon Green Community, The Market Mall",True,
ChIJ20eohmFtXz4RlmD_xLj39nw,HAIR LOUNGE GENTS SALON,False,MEN_OR_BARBER
ChIJ0SctRSVtXz4RCZyZRHoRUgU,Mi Amor Beauty salon,True,
ChIJZRQMCwAVXz4R_VZHe_SGPOs,Delano Dubai,True,
ChIJV9y8JgAVXz4RXovxINuQywE,Banyan Tree Dubai,True,
ChIJLfsLPFQTXz4RX_4X2fhzqfU,Shakirovna Ladies Beauty Saloon,True,
ChIJGVi9QI9rXz4RW7KGMnJPEhk,Marinascape Mall,True,
ChIJmT_DFnlrXz4R81izidAkUt0,Queens Elite Medical,False,MEDICAL
ChIJ1SfNjnlrXz4R0ozB4L5fksE,The Barber House - Best Men’s Barbershop in Dubai Marina,False,MEN_OR_BARBER
ChIJzbQmWi5rXz4RDRz-3XIcbaY,Paulista Beauty Salon,True,
ChIJZ7AT_a1rXz4RXrD7ww-tuJ4,The Salon Dubai | Sky View Tower Marina,True,
ChIJEQAPcthrXz4R3RTM5SJQyrc,It's Beauty,True,
ChIJsS6LIrxpXz4Rws7Z_6VzWDM,CASA AIRE WELLNESS,True,
ChIJM2gwg5prXz4RTvuSplmJC8A,Moe's Barbershop,False,MEN_OR_BARBER
ChIJsY_AUmltXz4RMQShbaQGQCY,"Soul Senses Spa & Wellness - Mövenpick/Novotel Hotel Jumeirah Village Triangle, Dubai",True,
ChIJp_1oWYNyXz4RGqOgLr1FlHY,Comb And Scissors Gents Salon,False,MEN_OR_BARBER
ChIJnayY5GBtXz4RKym4qjw4Z94,ATILA Ladies Beauty Salon,True,
ChIJH6BhdmttXz4R6qFnHkj5XSw,Lash House Beauty Salon,True,
ChIJ2bny5oZtXz4RmHYfIgIp-c0,OLÉA Wellness Beauty Salon,True,
ChIJy1JfMEtzXz4RsZMQzfZFpy0,MUKTA BEAUTY SALOON (DIP-1),True,
ChIJ6ZNQrbNtXz4RcJs8XZxFPT4,Chi Nail Spa - JVT,True,
ChIJ9djESYRyXz4RGGw2-BPf3GM,Spring Dale Gents Salon,False,MEN_OR_BARBER
ChIJM7-UJbptXz4R3yQ6jeUWHsg,The Dollie Sisters - Ladies Salon,True,
ChIJiZsbz5ZtXz4RhAc9F3Y0SMk,House of Hair,True,
ChIJq2_GrGBtXz4Rb3uoss5ALuo,Yang Place Beauty Salon,True,
ChIJdVYde4ZDXz4Rapj-bIPvOyg,Matrix Gents Salon - IMPZ,False,MEN_OR_BARBER
ChIJbx3zbs1tXz4RYWuD2zQHnBI,"Soul Senses Salon - Mövenpick Hotel JVT, Dubai",True,
ChIJAeX3S6htXz4RprfwZfXyLcY,"Itsu Nails Beauty Salon, JVC",True,
ChIJa1InCzVtXz4Rihe5RIz6XGc,KOKO MOKO Russian Beauty Salon JVC,True,
ChIJQ7UJcfttXz4RoBTDuI2qAvs,Noona Beauty Salon,True,
ChIJa17sR5ZtXz4RMNhHiMM0Zsw,Brau,True,
ChIJi3fzHnRxXz4R9CwkfSdz09k,Pink Nails & Lashes By Youstina,True,
ChIJ0e-xeL7Jb0QRSEJYVRTSDno,Feminista Beauty Salon,True,
ChIJvYNyDyRtXz4Rx1-dR3qdSqU,Twisted Scissors Gents Salon,False,MEN_OR_BARBER
ChIJZR_lhhhtXz4RqarjuJzbGtc,Cabello Lounge,True,
ChIJ7z75MDBtXz4RtK9ltpvDzFM,LAVITA Gents Salon | Barber Shop - DIP,False,MEN_OR_BARBER
ChIJiQKBbuttXz4Rp1ex-npi-XQ,Short hair Gents Salon,False,MEN_OR_BARBER
ChIJrXTK_UsTXz4Rwr1zZ-YrGQY,Royal Life Gents Saloon,False,MEN_OR_BARBER
ChIJ12HQuiRtXz4Rm-fvdP1HXRk,OH Boy Gents Salon,False,MEN_OR_BARBER
ChIJvyAnXABtXz4RAPIlDUMQsnk,𝙶𝙾𝙻𝙳 𝚂𝙸𝙶𝙽𝙰𝚃𝚄𝚁𝙴 𝙶𝙴𝙽𝚃𝚂 𝚂𝙰𝙸𝙾𝙽,True,
ChIJ-88nQwBtXz4RquyTqQ1lOb0,AL AHDAB GANTS SALOON,True,
ChIJJemTAVxtXz4RVWzSRKWkwSc,ZigZag Gents Salon,False,MEN_OR_BARBER
ChIJydD3SHJtXz4RGtQ1_gRYDNo,Al Fouzan Gents Salon,False,MEN_OR_BARBER
ChIJYZl0YiVtXz4RYypPDeNp3Pg,Atlantic Gents Salon. Al Furjan,False,MEN_OR_BARBER
ChIJ3U8vBrLE3EURYgGfiQV6HHU,Sukhpreetkaur (preet) makeup artist,True,
ChIJU_QK2KoUXz4Ru93PuJFIupY,"En Vogue Beauty Center, JBR",True,
ChIJWzSmhLNrXz4RHXehJpUg3E0,"Wide Star Beauty Salon | Dubai Marina Hair, Nails & Lashes | Affordable Quality",True,
ChIJPxviM1VrXz4R0KxbSC9YcNc,Chill Serenity,True,
ChIJq6paeFRrXz4RC_WlZ3B-aeI,Chaps and Co - Dubai Marina,False,MEN_OR_BARBER
ChIJz4GoXLxrXz4RS4Hp4z4ZOPI,Mon Poney Ladies Salon,True,
ChIJf1J_DqoUXz4RswdHKq_bF9g,1847 Grooming for Men JBR,False,MEN_OR_BARBER
ChIJwfH3M1JCXz4RXNFepB9FH5k,Sisters Beauty Lounge Hair Salon - Jumeirah Beach Residences,True,
ChIJn0hk6OVrXz4RlDHlwMNraBc,Sugar,True,
ChIJn_rhhwdtXz4RVxPr2F7oTxA,Soul to Soul salon,True,
ChIJ5ze4b0BzXz4RJUuytcUYezY,Dar Al Madina,True,
ChIJ7Wku_QBtXz4Ru9f5aMzbMy8,The One Gents Salon | Barber Shop - IMPZ,False,MEN_OR_BARBER
ChIJ57aB0sxtXz4R3HGSNzMOVk8,The Professor Style Gents Saloon | Barber shop,False,MEN_OR_BARBER
ChIJ3RiWBWdtXz4RMxjFdoI8lM0,Chance Beauty Lounge 🌸 تشانس بيوتي لاونج,True,
ChIJ4yiZA4JtXz4RyHOqaHDbi2Q,Sasha Beauty Salon,True,
ChIJB45Swr9tXz4R5klphFXiQuo,Cavalero Barbershop,False,MEN_OR_BARBER
ChIJzZKq3qBtXz4RnCvDFbWJEUE,Tache Barbershop (Tache Gents Salon),False,MEN_OR_BARBER
ChIJww1hzH9zXz4RA5qObvwwKts,The LAN Salon DIP1 Branch 1-صالون للرجال لولو النجوم (فرع) مجمع دبي للاستثمار-,False,MEN_OR_BARBER
ChIJNe3pVFZtXz4RviuYM3KjEfc,Royal Prime Gents Salon | Barber Shop - Lago Vista Tower B IMPZ,False,MEN_OR_BARBER
ChIJLWXAa5ttXz4R90i2vNMocj8,SOTA salon,True,
ChIJTV_hyeZtXz4Rju47jz_CRK0,Trevi Salon,True,
ChIJK2kMNQttXz4RSwr6ashIbvw,Bodour Beauty Salon صالون بدور للتجميل,True,
ChIJrz3XvhptXz4R4wDdcB9IE_Y,Sky Beauty Salon,True,
ChIJkT6e9s1tXz4RQYn5-6kcxrY,Spirals Salon,True,
ChIJzVNeM0RtXz4RLd0pZ2oAHfw,Yasmin Beauty Lounge,True,
ChIJyR0D6zZsXz4RHT0ZIk1MVKs,Azema Ladies Salon,True,
ChIJZ3x8r4RtXz4RIKfPYNTZKP4,Backstreet Professionals,False,MEN_OR_BARBER
ChIJoar8E1QTXz4RW0alvnQuQPw,Success Barber Shop and Spa,False,MEN_OR_BARBER
ChIJSRBRezxrXz4R8HJR0L4_WXY,Kohibaa Beauty Salon - The Greens & Views,True,
ChIJPWvkYH1tXz4RXf0Zcca1LwE,Cloud For Beauty Salon,True,
ChIJYz5VGJVDXz4Rnm-Fq2l1WjY,Lena beauty nails Dubai,True,
ChIJU9L0HABzXz4RZeyesg08rMo,Mainails.ae( home base ),True,
ChIJFxrEMPhSiiQRRkTNEUkUeQw,MYSTT Hair & Beauty Salon,True,
ChIJvQQ3qF5tXz4R6oLW8rkmU5c,VOTRE Beauty Crafted with Care,True,
ChIJLR4ydBRtXz4R4D643joO_Ig,AAINA SIGNATURE SHIMMERS SALON,True,
ChIJ45xY87JtXz4RIBxtsE92shg,Nails ART,True,
ChIJ_2dAe2htXz4RJSXzIw_vBCE,Olena nails,True,
ChIJhdRRgeVrXz4RuC0c19eOEis,The Salon Dubai | Yin Yang Dubai Marina,True,
ChIJYczZwaNDXz4RVUkLBjBhJ2I,The Nail Spa,True,
ChIJHdmFvuVtXz4R1K9cWMAdbBY,THT - That Hair Tho,False,NON_OPERATIONAL
ChIJVaa5b91rXz4R49LpEhPbiJ0,UNIQUE PERSONA Dubai Marina,True,
ChIJSaevdyVDXz4Rr54SlMnK6S4,Curve Beauty Salon,True,
ChIJj1ve_eldXz4RGjEWSq6f9Z0,Shams.nailz,True,
ChIJZVDFSbJtXz4Rmcyl_Ugtgas,The One Gents Salon | Barber Shop - JVT,False,MEN_OR_BARBER
ChIJlwWPjZVtXz4RYtSOvRLO4XQ,NailchemyDXB,True,
ChIJq7hvnAZtXz4R3I0tPNpiJgk,Mariani Salon صالون مارياني,False,MEN_OR_BARBER
ChIJ2YzCa_tzXz4R99BFw5m7-Cg,Moon Spa - Nails Salon,True,
ChIJk5O0ns1tXz4RpuLbhCUHm-4,Beauty Trend Salon - Russian Speaking Masters,True,
ChIJedRlvC5tXz4Rkrj0XuGjJbM,1847 Grooming for Men The Springs Souk,False,MEN_OR_BARBER
ChIJ77aaBlxtXz4R4oX4EvOJZU8,HV Spa Happy Valley - DIP Branch,True,
ChIJdYuwBWhtXz4RWZ12sWUWFko,For Him Gents Spa & Massage Center DIP,False,MEN_OR_BARBER
ChIJtzyjC11tXz4R08b2NWPcr-Q,名仁洗浴TXL SPA&MASSAGE【Oriental Bath】,True,
ChIJzfTmQp9zXz4RRFbQii_caho,Wellnes Spa Massages Centre,True,
ChIJTfzZayNtXz4RL4qTi9TeeOQ,Peony Relax Spa and Massage Center DIP 牡丹放松水疗按摩中心,True,
ChIJx0WW-QttXz4RfK48dbuRmug,Ritual Luxe Spa,True,
ChIJqdkDA1ptXz4R0gkF-iVef2Q,"Soul Senses Spa & Wellness - Delta Hotels, DIP",True,
ChIJIeOt80ATXz4Rv_f9WoY_CSs,Massage Body for MEN,False,MEN_OR_BARBER
ChIJEwTTcR5tXz4Ri5PwJbyG_-M,Pine Spa by Versailles,True,
ChIJBysz76JtXz4Rt3PQPgGMdpY,yasmin spa,True,
ChIJn0SrXtNrXz4RMlA4gleIvxU,Media One Hotel,True,
ChIJCUUESVVrXz4RZD1qHUcCgGg,InterContinental Dubai Marina by IHG,True,
ChIJiylT1ikVXz4Re2wDPZeVVIo,Hilton Dubai Jumeirah,True,
ChIJSeWqXFYTXz4RbT0_dsIZWTA,JA Ocean View Hotel Jumeirah Beach,True,
ChIJt-FjuVcTXz4RNrJCgQbutrQ,DoubleTree by Hilton Dubai - Jumeirah Beach,True,
ChIJVwRE6EUVXz4Ro1amzFuYqqI,Wellfit Marina,False,FITNESS_OR_SPORTS
ChIJPeT2SPUVXz4RzFEqt_VOzkE,Banya Forrest,True,
ChIJH6CFrlRrXz4RCT8gYMmCTIE,Yinyang Connection Spa,True,
ChIJv3TWLiETXz4RU0DTfAt3oJI,Bliss Spa Massage Marina,True,
ChIJFboXFQAVXz4RU4R4ASR_hrc,Banyan Tree Spa Dubai,True,
ChIJT_f2ZbwTXz4R5luxS6aCwmk,European Spa,True,
ChIJySXY0lATXz4R7AXDOIPqGPg,The Marina Gym-24 hours Gym in Dubai Marina,False,FITNESS_OR_SPORTS
ChIJXURFoL5zXz4R85fbxdh8Hfw,Golden Spa and Massage Center Dip (Dubai Investment Park),True,
ChIJi75Sv9ZtXz4RsMsBbPN1Aq4,Estilo Arts Barbershop JVT,False,MEN_OR_BARBER
ChIJQTr0s6ltXz4R0uyU90fu2wE,Essence Healing Spa LLC - Jumeirah Golf Estates,True,
ChIJF14F-a1zXz4RPyYrdHQupUQ,华艺养身馆,True,
ChIJ2Tvgu5htXz4RwvnUzaHZHFE,Niyama Spa - Aloft Me'siam Production City,True,
ChIJE_dhgLptXz4RlaDyN3_Dtdw,Tips and Toes - City Center Me'aisem - Dubai,True,
ChIJqW2YnEJtXz4RCDEfc2m7ywY,Nomad Spa Wellness - Els Club,True,
ChIJZZXaZHptXz4RMTL5eRbcKcI,Royal Wellness SPA,True,
ChIJ2_GykD65_yYRQXUg2xXkjPQ,Massage Al Furjan Home Service,True,
ChIJ-ee05xxtXz4R3O7IqebELos,Lavuna spa - Jvc,True,
ChIJuXDqQNptXz4RXfoASl8EZoY,Reflections Russian Spa – Dubai Sports City,True,
ChIJBb_0a4dtXz4RQG3ubZevX0I,Beutics Home Massage Dubai,True,
ChIJy9iDhBxtXz4RUbhmehvl7d4,Nature True Spa,True,
ChIJdwLBNr5tXz4RM4eJJskzHu8,Al Bustan Spa,True,
ChIJT0aO83JtXz4R0VkTd6I7eFI,Royal valley Spa JVC,True,
ChIJGZ6g8ZXtLKAR6E836hl3ICE,Serenity Spa JVC,True,
ChIJG_IHobttXz4R0wnszJ-SPAA,Diamond Star Spa,True,
ChIJC2P0R7RtXz4Rz1ir2pprimU,Desert Sky massage center,True,
ChIJifwQjvBlXj4RZnm7FOATsho,Bella Medical & Invisalign Clinic Abu Dhabi,False,MEDICAL
ChIJfS8fdSdnXj4Re-Hd6z48PNs,Remedy Room,True,
ChIJHQm3XQBnXj4RnoxsgZhJwk4,Fitclinic Exercise and Sport Medicine Medical Center,False,MEDICAL
ChIJOz0hK-RlXj4RlAhCyKvu6r0,Silkor Khalidiya Branch,False,MEDICAL
ChIJc65cRqNlXj4R75nLzvnC6w0,"Jazz Lounge Spa for Men - Nation Towers Mall, Abu Dhabi",False,MEN_OR_BARBER
ChIJxQc-metlXj4RA2Np0qHrA70,Sisters Beauty Lounge Hair Salon - St. Regis Nation Towers,True,
ChIJUQmc5sVlXj4R2PCDAWYrzt0,Tips and Toes - Nation Towers,True,
ChIJX1PpzvFlXj4RdTfKWj-yCKo,Kingdom Of Beauty,True,
ChIJCbQtY9plXj4RSJE2PbCL06g,Conrad Spa at Conrad Abu Dhabi Etihad Towers,True,
ChIJvzTI6fZlXj4RF8U8gHHjyio,Le Cle Beauty and Wellness Center,True,
ChIJId_FDZtoXj4RtLMGvvUMFc0,HAIRWAVES by Charbel,True,
ChIJh4HSu-tlXj4RRX-S-W5CKio,nails the modern manicure studio - Nation Towers Galleria branch,True,
ChIJ56BEBmdvXj4RoEB4wtc7BhE,The Luxe Lift,False,FITNESS_OR_SPORTS
ChIJQ_vZET7Dpg8RsL5NwmtVv4c,Massage PVD gold plated Happy,True,
ChIJNYLTB-tlXj4RSEYSqRV0fDE,Allure Beauty Centre,True,
ChIJjwQqBABpXj4REuTQ2Av-a9Q,Glow in Grace Ladies Salon,True,
ChIJ_cZqExxlXj4RnLj-HXL397o,CAYENNE Beauty Salon by Milad Raji,True,
ChIJ7zVlrFNnXj4RNolp-WNFv9A,حلاق ظبياني,False,MEN_OR_BARBER
ChIJiZPMTaJnXj4RHOK4tARmadY,The Wave Lounge Beauty Spa Al Bateen,True,
ChIJn-VSqNlnXj4R47V-_I-fBjI,Phenomenal Ladies Salon,True,
ChIJ1_XlqW5mXj4R2AysySiBqcQ,صالون سونا مدينة زايد Sona salon,True,
ChIJP4DYhtFnXj4RnpXBRfH3LQo,Tres Jolie Center,False,MEDICAL
ChIJA08z79VnXj4RDoBZEk7Amgs,Get Lashed Beauty Lounge,True,
ChIJ7_6JSx9mXj4RLBGJ5C3BVCg,Tajmeel Clinic - Al Karamah Abu Dhabi,False,MEDICAL
ChIJKeFmXABnXj4RgwAP-cxBXgs,regents spa,True,
ChIJYXvJfPdlXj4RmcqPihLlFT8,G CLASS SALON,True,
ChIJ6y8mSL9lXj4RGDXCzHCh0mc,Rossano Ferretti Hair Spa,True,
ChIJ7THdY-hlXj4RMVnV5sVzJ5k,Physiomins Center,True,
ChIJ935DJ0BnXj4REi93Www6b6w,Simon Beauty Salon,True,
ChIJQdR3YXhlXj4Rs1lVb0ScdqY,hairitage lounge salon,True,
ChIJm5L3bxxnXj4R2bVCq7eRdF0,Rami beauty’s,True,
ChIJdWdZcEJlXj4RaxAMjWCl1as,Ahmad ayoub best hair dresser in abu dhabi,True,
ChIJQ8ljpdVnXj4RXbKAYsbdZ4A,Venere by Ann Ladies Salon,True,
ChIJ2R_mwgpmXj4RFBUQ0mAaS0g,Al Riqqa Ladies Beauty Centre,True,
ChIJydYdq3RmXj4Rpupwrl-WGT8,Concord Saloon,True,
ChIJJ5Q1lF9mXj4RTuzfreZrCRo,Ti Amo Ladies Beauty Salon,True,
ChIJfcklFudlXj4R5PJ2tTD_oCA,Caramel Beauty Lounge,True,
ChIJ2dIzEpVnXj4Rac-Ecr9LGvc,AlHiba Saloon,True,
ChIJBeBfHHdmXj4RAjqjR7BPDHQ,Chamomile Salon and Spa,True,
ChIJEYmO6XRmXj4Rh_EnzUUtp7w,Majestic saloon,True,
ChIJIdnAcBtlXj4ReLhQ8LafChQ,Beautlux Beauty Salon Abu Dhabi,True,
ChIJM38BGwBlXj4RXvM9xafewTw,Pedi:Mani:Cure Studio by Bastien Gonzalez,True,
ChIJeaglB3JmXj4RSN8BMPTWbZw,nails the modern manicure studio - Nayel & Bin Harmal Tower (Previously known as Al Muhairy Center),True,
ChIJYe0rouVnXj4RBQKS16aIjdc,Fairy Queen Beauty Salon & Spa,True,
ChIJf4Q_K-tnXj4Rhaoq4e3jNMM,Hi Nails Russian Beauty Salon,True,
ChIJq6oao2RmXj4RyER0bSVnCfQ,Glamour Touch Nails Spa,True,
ChIJl-g87yFmXj4RjLwB6QyBCDo,La Fleur Blanche,True,
ChIJvaNOssVpXj4R-wYQupCRsPs,Cleopatra Spa,True,
ChIJBfXylsplXj4RpmCpQIjjev8,Ayana Spa,True,
ChIJlylBKmtlXj4R-W3MROPilhg,West Bay Club,True,
ChIJIZcsBEFvXj4RwOm5PlnuNtw,Elvara Luxury Spa Abu Dhabi,True,
ChIJ8Vq3mOtlXj4RdN0Pi3Vw1Os,The Spa at The St. Regis Abu Dhabi,True,
ChIJ65WC-ZZlXj4RueYhagtatO0,"The Spa at Mandarin Oriental, Emirates Palace",True,
ChIJjw1AXF9vXj4Re6zC68ROUNg,"Al Bateen Spa, Villa A10, Royal M Hotel & Resort Abu Dhabi",True,
ChIJd3yM9tpnXj4RqcsO0ErB-sg,ZenSation Massage & Spa,True,
ChIJoxmRIP5lXj4R-63Z_QfnFrw,Bioskinspa Marina,True,
ChIJ4Z-vWw5nXj4Rm6ZRisBiPvs,Finest Massage Spa Abu Dhabi,True,
ChIJH-ae3hJnXj4RBkP2Ar0nyHM,Train Wtc Mall,False,FITNESS_OR_SPORTS
ChIJO6ejzVtnXj4R_42xMGCC1Ro,Leelawadee Spa - by Sheraton Khalidiya Abu Dhabi,True,
ChIJoyeUiolnXj4RKtpzJPjHC1k,Ocean Beauty Spa,True,
ChIJz6dobOJlXj4RX9XDqXofqHE,House of Allure Beauty and Spa,True,
ChIJ-ZUDEelnXj4RtjYW_w6XpAk,Amani Spa,True,
ChIJUeM5tEFnXj4RpuEHBFLRwHs,Ruspa Men Spa,False,MEN_OR_BARBER
ChIJew69Lv1FXj4RjK59U-COz1k,Bedashing Beauty Lounge Khalifa City A,False,BEDASHING
ChIJzyPbvrtHXj4R6KGLA8AAb2Q,Brush and Blush Beauty Parlour,True,
ChIJ-0tOHNBFXj4RsRHQhyyvr4c,"Tajmeel Clinic - Aldar HQ, Abu Dhabi",False,MEDICAL
ChIJJb5APb1FXj4RU9aUzn6zONo,Rendezvous Beauty Spa,True,
ChIJ94th-NBFXj4R2IxdmNM2Fco,"Kaya Skin Clinic – Al Raha Mall, Abu Dhabi",False,MEDICAL
ChIJc62Yg95FXj4RMrgnAOPsoYI,Brown Beauty Lounge,False,NON_OPERATIONAL
ChIJCRc4ebdFXj4RDqx1r4bzbto,Beauty Connection Spa Abu Dhabi,True,
ChIJE5ebIilPXj4RiXM5SudT4Bk,W Nails Lounge,False,NON_OPERATIONAL
ChIJz9Ih5T5GXj4RFa6jMlBD1lU,Kensington Beauty Bar,True,
ChIJkWCcYQBHXj4R4DwKrMJEBbc,Home,True,
ChIJD4c_XalPXj4RdqRn4Ir54qU,Bedashing Beauty Lounge - Zayed International Airport (AUH),False,BEDASHING
ChIJDQ4dJJFGXj4RvEL8WJHJhKo,Hajir Ladies Salon - صالون هاجر,True,
ChIJ09bFWihHXj4Rz2GIyRZn0yE,Head World Gents Saloon & Spa,False,MEN_OR_BARBER
ChIJVVVVVWVGXj4RGN8NnKuUiYw,Ruby Salon - Khalifa City Br 1 Abu Dhabi,False,MEN_OR_BARBER
ChIJP3o02VpHXj4RUh5gekRqlMQ,صالون كونكورد للأطفال خليفة أ - Concord Kids Salon,False,KIDS_SALON
ChIJp2CjyU5HXj4RvZbe7w3iiX0,Concord Salon,True,
ChIJEWwMhwxHXj4RrN74nz0pliA,Noor Gents Salon - Al forsan,False,MEN_OR_BARBER
ChIJHX3X8opFXj4R045axWrT8fw,Salon Les Messieurs Barbershop صالون لي مسيو للرجال,False,MEN_OR_BARBER
ChIJqRBWg7NFXj4RN1a_BZ0VMmc,صالون احمد حسن للرجال,False,NON_OPERATIONAL
ChIJC6xHGX9FXj4RJfdYatBx2Co,White Way Gents Spa & Salon,False,MEN_OR_BARBER
ChIJqT_YDwdFXj4RHavRrgI8obs,Orange Salon for Kids - Al Raha Mall,False,KIDS_SALON
ChIJP2wFAmlFXj4RyTAG9SZLuOo,NATURALS BEAUTY SALON - AL RAHA,True,
ChIJDWEqFgBHXj4Rw6ZtxVi8DoA,مجلس بن عشير,True,
ChIJq6qq6mlGXj4RO92VESUx4Jc,Kats NAILS,True,
ChIJk3jzKPdHXj4R0MWNKxJuIRI,Lush And Luxe AD,True,
ChIJs2eLCmxHXj4RrDVnf_IaW08,Mary Foot Spa Abu Dhabi Al Fursan,True,
ChIJe_CnO5xHXj4R6FkGkdcm414,Style House Barbershop,False,NON_OPERATIONAL
ChIJ-40aM_dFXj4Rygszj_QJ6xk,Wellbeings Holistic Healing,True,
ChIJP462TQBFXj4RsnV8CuaHtcM,Massage European Luxury Raha,True,
ChIJd3VfRABFXj4RoJX7BPVLJ2I,Massage Abu Dhabi korea myvy,True,
ChIJT-NfUO5FXj4R77a7FaDMI7U,Royal Siam Spa,True,
ChIJ716q-BxHXj4RCd1JYV34yEo,Teresita Massage Spa,True,
ChIJv1qk5CGcdy0RV8MzOTAYrA0,Home Massage Abudhabi - Sweet Service,True,
ChIJge9vNABHXj4RONOnLtEBvLM,Massage Service Facial - Massage Body,True,
ChIJdzp725BfXj4RU7DnOfHiaSY,Al Alfredo massage spa,True,
ChIJURVpPwBJXj4RqJu7MxgB1zo,Massage Japan SVIP - Emerald Essence,True,
ChIJCbOffABJXj4RXWtPUSMFZ6Q,HD Home Massage Serenity Sweet,True,
ChIJ-7A0a3ZpXj4RNJZLmTCE1Gk,Massage Diamond Spa Home Massage Masdar,True,
ChIJp3xbSABJXj4RArqZJvxrev0,Taiwan Home Zen Luxury,True,
ChIJkSwLDJNpXj4RtQYxdmrZE70,Massage Relax Curia Ruby Enjoy,True,
ChIJASsJwpdpXj4RK-rxI9CDims,Al Dalal Beauty Salon,True,
ChIJBREr7oNDXj4RfhQ5lRfJBPU,kiraz Ladies Beauty Center,True,
ChIJL7E9GABDXj4RdCs3McQnU1c,TINA BEAUTY,True,
ChIJacCVD2FpXj4Rvre78a0WaQA,Fathimaz Henna -Home Service -خدمة الحناء المنزلية,True,
ChIJy0gbkiRDXj4RsKUFEhYvICw,Organica by Mirrors Saloon,True,
ChIJgeFFaappXj4REiZyLYWaDEg,BENZER GENTS SALON,False,MEN_OR_BARBER
ChIJ0Sd5RyhpXj4Rp9lU2NlVMg4,Olympic Gents Saloon,False,MEN_OR_BARBER
ChIJiUbLcQBpXj4Rrh82_QbLpHQ,صالون الياقوت,True,
ChIJG1BpUgBDXj4RQuIEXS289GI,Nails press ons in ABU DHABI,True,
ChIJgTxkYZpJXj4RusR5vi7BXmA,Ultimate spa,True,
ChIJY7bzHEZpXj4ReDHIyfx7PTs,Kanaan VIP Gents Salon & Spa - Muroor | صالون كنعان في آي بي للرجال,False,MEN_OR_BARBER
ChIJN9eG_DVoXj4RuC7KkUGVwaY,"Kaya Skin Clinic - Mushrif Mall, Abu Dhabi",False,MEDICAL
ChIJPRGoKwBDXj4RPVdbKpl-fl8,Massage Oralie Services Relaxions,True,
ChIJVc-BCDhoXj4RWTz75oIlYOQ,Harrods Beauty Center,True,
ChIJwayUBS9DXj4Rb4ER-WdufF0,Bodylines Fitness & Spa,True,
ChIJSTVRWhdhXz4RTKu1gveB2Ew,Kayla Medical & Aesthetic Center مركز كايلا الطبي,False,MEDICAL
ChIJL_QEkTpcXz4R7As6m_Q-BoE,صالون حلا الشام,True,
ChIJ54PE32NnXz4RggzfKf_eLyw,Grand Flora Beauty Salon & Spa - Rashidiya,True,
ChIJp1bBDyZcXz4R-_1hE0ra_Ow,"Companion Beauty Salon & SPA | Madina Mall, 2nd Floor (Head Office)",True,
ChIJjW3qyTdcXz4ReawLpDKzfZQ,Blush N Curls Ladies Salon & Spa - Al Qusais - Best Beauty Salon In Qusais - Dubai,True,
ChIJO9rOY1ZrXz4RM1v04TXRnTU,LUMA Clinic Dubai,False,MEDICAL
ChIJT4n6R0phXz4RPwat6Axi93g,Brow and Beauty Mirdif,True,
ChIJHczgbTdcXz4RtMBSE8265p4,Shammasi Ladies Salon,True,
ChIJB_FBOgBdXz4Rzv1HuzwXmRU,Roses Dew Beauty Lounge Salon - Madina Mall,True,
ChIJJym1WZlgXz4RDU-v4mRhckE,Bedashing Beauty Lounge - Mirdif 35,False,BEDASHING
ChIJE1CVe7ZhXz4RPi3-mmioJNc,Blank beauty lounge,True,
ChIJjQm_aR5eXz4RBuSMIYXLnQE,Salon Afrina Beauty & Henna - Etihad Mall,True,
ChIJaQ06FQ1nXz4R1PXstZ5Ez1I,Eclatavecnous,True,
ChIJUXfUeL1gXz4RwoJm7PLsBFU,Truelase Beauty Clinic,False,MEDICAL
ChIJOxA3apJgXz4RS1_ETpmpCzQ,Glamour Beauty & Nail Spa Mirdif,True,
ChIJyxgqYEBhXz4RAZNvYw_LX3E,Amro Ladies Salon,True,
ChIJ8T1hzpZcXz4RN0Yw4opznAo,Buthaina Henna And Beauty Saloon,True,
ChIJIV5u57lhXz4RTiAAlQApPLA,Oza beauty center,True,
ChIJPUgcS-NhXz4RMdpvyJgsz80,Mona Beauty Center Al Khawaneej Branch,True,
ChIJXf3q1wRqXz4RSrgwabJZY7Y,Maison de Joelle Mirdif,True,
ChIJX9rSfAhgXz4REP2-OpVO6sI,86 Beauty Lounge,True,
ChIJGe2UN9FfXz4R2KOaY8GQ-6w,Grand Flora Beauty Salon & Spa - Aswaaq Mall Mizhar,True,
ChIJ8Yc6IgBhXz4Rdx4fS5Ow0SQ,ULTA BEAUTY CENTER,True,
ChIJu9QT9KBfXz4RmPFEsoWYCMk,"Decent Rose Ladies Salon | Muwaileh, Sharjah, UAE",False,NON_OPERATIONAL
ChIJUX2qSwBhXz4RptuSK0u82tI,Flourish Beauty Lounge & Spa,True,
ChIJlwYu_B1hXz4RZTOwsrvsdO0,Queen Code - Beauty Salon - Mirdiff - Services from Just @129AED,True,
ChIJUTLJmUBhXz4ReE1-QwVa5zQ,صالون بدع زايد Bede Zayed Salon,True,
ChIJLatvpzxhXz4R6f1fAYU2Y2Y,Juice Salon Arabian Centre,True,
ChIJseo9qXJgXz4R99jVdXEyzg8,Mr Barber Saloon حلاق مستر باربر,False,MEN_OR_BARBER
ChIJVZa8oM1fXz4RleKF7gZelj4,Thfayer Beauty Salon صالون ضفاير للتجميل,True,
ChIJw6flWi5fXz4Ru5lxfNLXAXs,AL FARS GENTS SALON,False,MEN_OR_BARBER
ChIJxaUq0KRhXz4RpKlAdFHFyYM,Eternel Clinic Mirdif,False,MEDICAL
ChIJU90E1hVhXz4RKbhXBXGvb2w,Reaction beauty salon ريأكشن بيوتي صالون,True,
ChIJX8JEWtRgXz4R8lwfLlrHRww,Sandhya Beauty Salon Al Warqaa,True,
ChIJAYtbRnBhXz4R_1Hf8c6DSYQ,"Ashtamudi Ladies Beauty Salon Al Warqa - Best Salon and Beauty Parlour in Al Warqa, Dubai",True,
ChIJ-6lvMLlnXz4RAWRCDUhTRy0,Companion Beauty Salon @ Dubai Badia Sky Center,True,
ChIJWdKdsdBhXz4RcaAB5RbGpG8,صالون انس الشامي للرجال,False,MEN_OR_BARBER
ChIJN0SHAoVnXz4Rqa_DRluouT4,Alanaqa Althahabia ladies Salon,True,
ChIJneGUPABhXz4RE0N617xsX4c,New barber shop Dubai,False,MEN_OR_BARBER
ChIJJw0fUqpdXz4Rp5zGUOHHvO4,Al saada Hairdressing,True,
ChIJixkr1gpdXz4RsyFhhsO1plQ,Neat Heads Lice Treatment,True,
ChIJg8NAHpRdXz4R674YLWLRFA4,Naturals Salon,True,
ChIJTwgtSTVcXz4RIjgKUHZYlKg,B Saigon Beauty Centre - Ladies Salon in Al Qusais,True,
ChIJ7QZKOa1dXz4R0SulC-Xxoig,Al Shaikha Saloon,True,
ChIJYVP9wiZcXz4Ryr1f5m2No8Q,Bodour Beauty Salon صالون بدور للتجميل,True,
ChIJw6Y4HQBdXz4R-G6_K02pC74,AL MAQAS AL RAQI GENTS SALOON,False,MEN_OR_BARBER
ChIJi6JYazFdXz4R82JZL0Bui88,Al Jehad Hair Saloon,True,
ChIJ23QBHwBfXz4RlcTyj4cj-KU,Bab Al Sahel Gents Saloon صالون باب الساحل للرجال,False,MEN_OR_BARBER
ChIJkctWpShfXz4RLWbT4WUpWM8,Art of Scissors,False,MEN_OR_BARBER
ChIJ92B1f81hXz4Rm321-Crpa4Y,Curly Hair Salon for Kids,False,KIDS_SALON
ChIJMRFFemhhXz4RNZzEyUCaiwE,SHABAB AL FAREEJ GENTS SALOON L.L.C,False,MEN_OR_BARBER
ChIJA8qCehhhXz4RbJTncUr18vo,The Hair Lab Gents salon,False,MEN_OR_BARBER
ChIJ7cjsHQBhXz4Rid2CWsBY6_o,Friends GentsSalon,False,MEN_OR_BARBER
ChIJ1b7sNpJgXz4RPRyTURmMt14,مردف.حلاقة هير فيشن,False,MEN_OR_BARBER
ChIJwcJO52VhXz4RHT5mixUzNjc,Sarona Beauty center | مركز سارونا للتجميل,False,NON_OPERATIONAL
ChIJx40lYz1hXz4RG2DhGLR1Tkg,Abeeha Mamoon Official | Makeup & Hair Artist,True,
ChIJdz0NgThhXz4RP4TSckOGe7A,Al Maqas Al Massi Gents saloon,False,MEN_OR_BARBER
ChIJtURYnW9hXz4R7buJvl_4K58,مردف,True,
ChIJOeV_SABhXz4RCf-BqDcwoOM,صالون الخطوة الاولى للرجال,False,MEN_OR_BARBER
ChIJYch0DJpgXz4RYl3-nQQRTQs,Yarmook Hairdressing,True,
ChIJIyhvuphhXz4RHCTKj3lr-oU,I style salon,True,
ChIJx9eINHZfXz4RhzBrl896A-w,Rukn Al ZafraaN HairdressinG SaloN,True,
ChIJAc1VP_VfXz4RaWB02ulApwU,Jafar hassan hairdressing,True,
ChIJGbX62aJfXz4RXT5sTY7a0Rs,Alumdha gents salon,False,MEN_OR_BARBER
ChIJp1Ekb5lfXz4RbWUtaqdmc6E,NOOR AL SAFA GENTS SALON,False,MEN_OR_BARBER
ChIJwxgIBdNfXz4R2RZ3llHfwbE,Golden Scissors Salon Br. Al Mizhar 1,True,
ChIJ7SaAwL9fXz4Ry5ygsTXccn0,صالون الاعيان للرجال,False,MEN_OR_BARBER
ChIJIVYaXIBfXz4RxWYrAHRah6E,حلاق باب الخوانيج,False,MEN_OR_BARBER
ChIJp3qBHkpfXz4Rg0bc9xPcuU0,Coast Star Gents Saloon,False,MEN_OR_BARBER
ChIJ3XD7sFBfXz4RVIb-B8rfjWA,Al Mufadhal Hairdressing Saloon,True,
ChIJdR8roO1ZXz4R7JHuBfdkP48,Paul barber branch-4,False,MEN_OR_BARBER
ChIJY2mPradfXz4Rdpn2fDztHS4,Salam Wadi Men's Saloon,False,MEN_OR_BARBER
ChIJ4Soq2PpfXz4RRmLrirgM8aE,Pretty Cut Saloon,True,
ChIJYf7krX9gXz4RGvBGpDymdfI,Miami Saloon,True,
ChIJl3fA-stcXz4RrWsOzfQF_lg,Bel Remaitha Club,True,
ChIJM9BvpiZhXz4RKekFL2g9Z9Q,Gharam spa & massage Dubai,True,
ChIJ8c0-rT5hXz4RroyUvlpXoWo,Jamal Alhenna SPA & Massage Dubai,True,
ChIJi3McwlFnXz4RAq7JLtmrRr4,GOLDEN SEVEN SPA MASSAGE,True,
ChIJLeoksRxhXz4RKRXWg_MDrk0,LAXTAO ROKN Ayurvedic Center SPA,True,
ChIJT-HmXyhdXz4R8vKxnrlSrDE,Summer VIP Spa Massage Center,True,
ChIJ8bUJlz1dXz4RfRVRzRcZ6zk,Friends Massage Spa - Al Qusais,True,
ChIJKQSgGvJdXz4RMEas4MzbJIQ,Ayur Arogya Massage Center,True,
ChIJ2efCG1hfXz4RhFlkjvCIP9w,South Pole Personal Care Center,True,
ChIJfbEJOjZcXz4RZgL0SJ842ME,Our Spa,True,
ChIJMcFlQRFdXz4RBwOCqiWpGZ0,Chen Yu Spa,True,
ChIJXZYxUuhDXz4Ryj9adQUkUic,Arez Beauty Center ( أريز بيوتي سنتر ),True,
ChIJCX7D9ANdXz4RK7OSLxZK9eY,Rose Gold Personal Care Center,True,
ChIJy56oBQBdXz4RB7OygSPRzEU,Kerala spa,True,
ChIJ184_Rx5eXz4RlUpiUzw7nI4,Royal Touch Spa,True,
ChIJhYED1TVhXz4RzFZ1BKPUr1I,Loofa ladies massage & relaxation centre,True,
ChIJoT5vIw1hXz4REsrI67hb2bU,Zaya clinic,True,
ChIJuXsWUMNhXz4RCkBK2LtRN5Y,SAF Hijama,True,
ChIJG2TxuC1hXz4RnUVqPSP6Xnc,Haven spa,True,
ChIJJ_SevxZhXz4RSYP8O2TizY8,Benny massage spa,True,
ChIJN2GH--ZhXz4R8izacLUM13Q,Yinyang Spa,True,
ChIJ9aEjiFphXz4RFCy-UBdOa00,Juice massage spa,True,
ChIJv9bubABhXz4RWxeW-EjBd1s,Rosewood SPA,True,
ChIJp-kmxLlhXz4RPRQEC8Dd4Mw,Rosewood Foot Massage مركز روزوود لتدليك القدم للنساء,True,
ChIJ2-P0NslhXz4RH62nyWIiYMw,NORA Home Spa and Wellness,True,
ChIJ3wXfTSFfXz4RuikYhUqiugQ,YinYang Spa Massage Body,True,
ChIJ65OdGVFDXz4RujxS_90hHT0,"Aesthetic Clinic in Mirdif / Sculptra, PRP hair treatment, Skin booster, Pigmentation..",False,MEDICAL
ChIJz1xDKv1DXz4Riex4bhOKQCo,Zvezda Ivanova (zizi) | Beauty Therapist,False,MEDICAL
ChIJ4yy80FJhXz4R4SR0vky4V8A,Facial Therapist / Hydrafacial / Face scrub / Dark spots on face,True,
ChIJifIQ9Lk4Xj4RvyIgEGAO9Mo,Indian Star Ladies Beauty Salon,True,
ChIJ1TavO7FHXj4RggvNIQ2170I,OFF WHITE Salon & Spa,True,
ChIJayuaDsM5Xj4RdUrjCnR9yOg,Tirur Saloon,True,
ChIJ8e8Wzr44Xj4RYCEdDKI7hVs,Salama Style Ladies Salon,True,
ChIJjyvQJ3JHXj4RCvnEkHP0x_0,Ivy's Beauty Secret Ladies Salon & Spa,True,
ChIJR3KW7rw5Xj4RS2sYOWLKb1M,Beezah women beauty center,True,
ChIJhVfAK4k5Xj4RbHhZUFTulLQ,"AWTAR BEAUTY CENTER MBZ , ABUDHABI",True,
ChIJ3SEMMhNHXj4R6covViidENk,Hair and fair ladies salon and spa,True,
ChIJBR1S6FBHXj4RlHjUu_rqzo0,Awesome Ladies Salon,True,
ChIJq4yo9plGXj4Rwg8iScd-r9I,Charm Slimming & Beauty Center,True,
ChIJ14qBf3tmXj4Ryl0XGGlJi5A,Le Voyage Beauty & Spa,True,
ChIJR8LWo1tGXj4Rx0MLzz2712E,Dalaagulfbeauty صالون دلع الخليج,True,
ChIJ2Tnc5S5HXj4RNjPyrNjyazw,Milan clinic,False,MEDICAL
ChIJt45Kt0s5Xj4R3UgfbJtPAVs,Al Arafa Star Gents Saloon,False,MEN_OR_BARBER
ChIJ0aF1awA5Xj4RzsnvtOgyrIo,Turkish Mustache تركش موستاش,True,
ChIJxW66xdRHXj4RqJm1nMhRvJc,West life personal care and beauty saloon for men,False,MEN_OR_BARBER
ChIJz27LlA4JIWYR1KLi8sKhdlU,Fair World Professional Ladies Beauty Salon,True,
ChIJ9dq_ZllHXj4RhKzlQemDBoI,Mayar Gents Saloon,False,MEN_OR_BARBER
ChIJ8ZPO0QRBXj4R_OvxspHe20A,Sky tower Gents,False,MEN_OR_BARBER
ChIJO5hjYKg5Xj4R5e0LuAPN4Ms,Beauty hub by Arshu,True,
ChIJO8RuFac4Xj4RcgrYVOoDPMo,Fawaz Hair Salon,True,
ChIJ1RvpsmVHXj4RzqdXYwQ6nco,Vintage salon gents and kids,False,MEN_OR_BARBER
ChIJuc78aQBHXj4RvXyUwUss-Cs,صالون نادي نابولي للرجال,False,MEN_OR_BARBER
ChIJK4bGsO9HXj4R6x-giJhddZA,Delo gents saloon and spa,False,MEN_OR_BARBER
ChIJLTLtxbo4Xj4RYgA2rBQKaYw,مركز الأنامل الذهبية للعناية بالأظافر Alanamel Golden Nails Care Center,True,
ChIJO1lUQJ9HXj4RVpKdHJoQY_4,Good Luck Star Ladies Beauty Salon in Abu Dhabi,True,
ChIJ0TQW78c5Xj4RDtORwC-ONKo,Nails Style Beauty Centre - Dalma Mall,True,
ChIJod5jFpQ5Xj4RJV_dAv0-mg0,SMIDA-Dalma mall Branch,True,
ChIJo2tKXA45Xj4RZMl1vkWjkSI,Glozznailzz_by_Uma,True,
ChIJf1QdxW05Xj4RtIDF95fZkb0,NA Rama Salon,True,
ChIJ2wYny41HXj4RMappaI-lpbU,SMIDA-Capital mall,True,
ChIJk52ZdNo5Xj4RB1qWnAG5aXA,N.Bar Nail Spa & Salon My Town Center MBZ,True,
ChIJh_uD3m85Xj4RBJOJd5VJwQ8,Marvish shine beauty home services,True,
ChIJR0SITitHXj4RVCWVzbn_lEk,Roses Dew Beauty Lounge- Musaffah,True,
ChIJM6dIY9VHXj4Rr8WknVYE9b4,Pattaya Thai Spa For Men,False,MEN_OR_BARBER
ChIJ_SJiAWtHXj4RKz-Q2DlDrjI,Amazing Hand Gents Massage Center & SPA,False,MEN_OR_BARBER
ChIJ2dqWeZk5Xj4R99xZKd6YHlM,MASSAGE - CENTER - ME11,True,
ChIJQdoZCUM5Xj4RQfxpzKbPKiY,"Red Chilly Wellness Spa & health care Center LLC , Shabiya 11",True,
ChIJG5SPokc5Xj4Rp87ChpdkP7s,So Gents Spa,False,MEN_OR_BARBER
ChIJUW15SdI5Xj4R-RuI0ZyXEeA,Thai Massage Center Shabiya & mussafah,True,
ChIJHcvwO7I5Xj4RwP-Txt2Ji00,She Center Massage Spa,True,
ChIJGeXyd7g5Xj4RvsC4oti40rk,Tom massage 24 service,True,
ChIJdaV_HkQ5Xj4R7JYJGBtM9h8,Massage Center Musaffah 02,True,
ChIJp6Qr33pHXj4R1QR5ZMk4RGA,SPA Massage Center ViP,True,
ChIJA3EJ66w5Xj4R9F7EIyT1AIE,HAPPY SPA SHABIA 10,False,NON_OPERATIONAL
ChIJ_79t_bI5Xj4Rx1miBv8qfWk,No massage center,True,
ChIJzyQFxIdHXj4RUv1C_PiTxp4,Hon Spa,True,
ChIJyVN5GCdHXj4ReNVO3YUVu1I,BUFF AND BLOW WOMEN PERSONAL CARE AND BEAUTY,True,
ChIJ06MWZEtHXj4RRsLl_M1Vr_U,Rimal Spa Relax,True,
ChIJR6DuRulnXz4RsewBFpNYmzQ,Bedashing Beauty Lounge Nad Al Sheba,False,BEDASHING
ChIJLSKu0D5nXz4RGBDK06c050k,N.Bar Nail Spa & Salon Meydan Heights,True,
ChIJByQWay9nXz4RdepbnyXyo_Q,LULU GLAM Beauty Salon,True,
ChIJpcEpTollXz4RYWx3J_3jiFI,Beauty Bay Salon & Spa,True,
ChIJwfOXOuNlXz4Rhv9XhOocsEw,Liwan Ladies Salon,True,
ChIJxSCQ0ltmXz4RBDXnZ2z93kY,Nad Alsheba Salon,True,
ChIJZ_wIswtnXz4RdMnU_26j8yk,Manisha and Sunita Beauty Salon,True,
ChIJBcOovzplXz4RPNnZQuYhHFs,Brows by DRT,True,
ChIJfyvyeJxpXz4R95d_eDOquYM,A La Mode Beauty Salon,True,
ChIJJ5b97wBlXz4RWg9WIhQtxMs,Hawaiian Hush Home Spa,True,
ChIJjSHYKmdlXz4R7199l-Nl7Pw,Miss Dolly’s Salon,True,
ChIJT0MB79BlXz4R3Ue-of9OgY8,My Style by Jumana - Nad Al Sheba,True,
ChIJTTjZohJnXz4RLZO4TXpG-qk,Eden Blossom - Best Ladies Salon in Creek Harbour,True,
ChIJW70YwIJnXz4RozAagG9l45Y,Fit & Aesthetic Medical Clinic,True,
ChIJT0AQ1n5nXz4RjOKXwpkzhEY,Mood Salon,True,
ChIJ3XPBxZlhXz4RRQ7K1QNxXfA,Tips and Toes - Creek Beach,True,
ChIJQVQek59rXz4RAG7c_F1lfF4,Samarz Beauty Lounge,True,
ChIJj8F2ecRnXz4RwM7JfxJy_rY,Gloss and Glam Beauty Lounge - Ladies Salon Ras Al Khor - Dubai,True,
ChIJc-XHkRJJC4ARQioJL4ZTssI,My Glow Story Women Salon,True,
ChIJ9zni5CxnXz4RYkBFMmjm6MM,Laloge Beauty Salons And Spa,True,
ChIJcYYO9NJpXz4R5ayXhS1-h08,Essence Healing Spa (Branch) - Sobha Hartland,True,
ChIJaezNNr9pXz4R-DDQ9EjgF4Q,Uncle Sam Gents Salon,False,MEN_OR_BARBER
ChIJj8yR8RppXz4Ro1SLfUtxPZk,Pink Stiletto by Shweta Ladies Salon,True,
ChIJ6RREWe1pXz4RX7j2D37MuOo,Samar Shine Ladies Beauty Salon LLC,True,
ChIJe2frSOFmXz4R2LUGYRiGYRs,Blush Beauty Salon,True,
ChIJk2vrMWppXz4RGutjLinVmmI,Helen Nail Home Service,True,
ChIJn4OqQcNnXz4RTu4vWlp-UNw,Saloon Bab nad Alhamaer صالون باب ندالحمر,True,
ChIJ88zhlKJnXz4RgjUWL8ZQ3TI,Barber shop,False,MEN_OR_BARBER
ChIJlzuPZgBnXz4RPn5Nw51r-j8,creek harbor,True,
ChIJx6wkCWtlXz4RX7Ku5gat0DU,Esthetics Connection Beauty Lounge,True,
ChIJH3yBpCplXz4RZonQD1ayXQo,Queen Code Oasis -Beauty Salon & SPA - Services from Just @89AED,True,
ChIJ57SKJG5kXz4ROxQxs202Ozk,Sakura Beauty Spa,True,
ChIJP90yfQdlXz4RiDBzg7M2PCQ,Red Carpet Clinic,False,MEDICAL
ChIJx--xod1nXz4R9pUr1Qw22GU,Ameera Beauty Salon,True,
ChIJDdodtc9jXz4R3ti9_nqWpII,Maya Beauty Salon,True,
ChIJs4jpcKxnXz4R-oJyGOwSU-c,Cades Beauty Salon,True,
ChIJNZHv4yZlXz4R40GyJJb_xJE,ART ZONE AVENUE BEAUTY SALON,True,
ChIJzyOoiNVnXz4R3-OlizbH3yE,Ray Avenue Ladies Salon,True,
ChIJmQ-EaQtnXz4RIGPcrAzL2rU,City Style barber shop & Spa nad Alhammar صالون سيتي ستايل للرجال ند الحمر,False,MEN_OR_BARBER
ChIJA2ldcoxlXz4RHSRfmmv-Odg,BarberZ Guild (Liwan),False,MEN_OR_BARBER
ChIJNw6Op_1lXz4RiraAUs5U76E,Hair Repair Salon - Nad Al Sheba,True,
ChIJAdx8RQBlXz4RhObqedgirVY,Hair Avenue gents salon,False,MEN_OR_BARBER
ChIJgY2AawBnXz4RvrQgAzAaYGc,Nadalsheiba4,True,
ChIJ3yjuxmdlXz4R_ScJ3uMequc,Blush & Brush Beauty,False,NON_OPERATIONAL
ChIJ22tpJuhnXz4RpijOmmdUyq0,Hairworks Nad Al Sheba Mall,True,
ChIJnYuSyJFlXz4R-I7SrCZP2xM,阿波罗号,True,
ChIJC-2Th4xlXz4Rw5caWKJ5tYc,"House of Weaves - Specialists in Afro mens, women's and wider community hair extensions, weaves, wigs and braids.",False,MEN_OR_BARBER
ChIJCSk-26wTD6URIjAvhufwZV8,VALOUR GENTS SALON,False,MEN_OR_BARBER
ChIJm75PZR4DsCQRPmcPWjYCNlI,Dubai freelance makeup artist-PINK Makeover Studio & Academy,True,
ChIJlaTCtEtnXz4RYLQK5j9kGmA,Black Mustache Gents Salon & Spa | Barber Shop,False,MEN_OR_BARBER
ChIJwRwRdEZnXz4ROgD7Qu2Bz0s,UF Makeup in Dubai,True,
ChIJY6w7FV5nXz4Ruwl7JXmKmpg,Arada Gents hair dressing saloon,False,MEN_OR_BARBER
ChIJNVoATUlnXz4RB8xW0XwMpOE,Al Anaqa Gents salon Barber,False,MEN_OR_BARBER
ChIJXTH26w5nXz4Rl4CiRKs9tt4,Pochinki - Dubai,True,
ChIJPw22BMZnXz4R9f0kWfaMBcg,Omar Al Marzouqi Haircutting Saloon,True,
ChIJC3E7UoZDXz4RvGUrXxKAi4U,Tahir wasim gents salon llc,False,MEN_OR_BARBER
ChIJ0RNuIABnXz4RMeaEfQdwwDw,Al Taif Star Hair Dressing Saloon,True,
ChIJk0wZeQ5nXz4RTguFNFtl8yo,AG Bloom Hair and Beauty,True,
ChIJoajPqSdnXz4RDl2n5wydMTQ,Hair by Aman Sidhu,True,
ChIJT-CEh2hkXz4Rqi92Z6ZL_nw,Brown Sugar Hair Salon,True,
ChIJHcszTSRlXz4RJeLQGJrY92c,The Shave Shop Barber Shop DSO,False,MEN_OR_BARBER
ChIJn-15vKhlXz4RjvDBtBNWL6c,MiniCuts Kids Salon ( Silicon Oasis),False,MEN_OR_BARBER
ChIJm6_EBkBlXz4RQCuT4_8QHCA,Streaks Salon Dubai Silicon Oasis,True,
ChIJ8xbFgMpmXz4R6ZegOigreVs,Amigos Gents Salon,False,MEN_OR_BARBER
ChIJNbKDLy5nXz4R4ALhOumHVIk,Vanity Studio Gents Salon,False,MEN_OR_BARBER
ChIJPz3IZ6lnXz4RRa0y4wCs_Sg,Mastery Salon | Barber Shop,False,MEN_OR_BARBER
ChIJ8dTAdbRmXz4RTquFKhxBuag,صالون الطربوش للرجال,False,MEN_OR_BARBER
ChIJ2Z-uxVlhXz4RYxCu15KDbYE,0724 发型设计,False,MEN_OR_BARBER
ChIJjaALIf1nXz4RPVzhCstZuHU,Aurahues Beauty Lounge - Ladies Salon Ras Al Khor - Dubai,True,
ChIJ39L9PCBnXz4Ruj0HEMZVO9Y,致美 Forever Shine Ladies Beauty Salon,True,
ChIJKaPBWwBhXz4RvfFFzLm8kBQ,Artline Gents Salon,False,MEN_OR_BARBER
ChIJ7ZL6WrRmXz4RWJI163Dc7UQ,Feya Beauty Salon,True,
ChIJ3_pLRNBhXz4RLjGal-_1UyE,Charisma Beauty Ladies Salon,True,
ChIJt9cTcexnXz4RUaFO6PPVPXo,Shoofli Hal Barber Shop,False,MEN_OR_BARBER
ChIJkXbDAU1hXz4RRjwvL3_DIrU,Naya Haus Beauty Salon – Best Ladies Salon in Dubai,True,
ChIJm-Jn27FhXz4RDZU48OeRZ60,漫山也美学馆Manshanye,True,
ChIJWUi5uABnXz4RQxDXirGi_LE,Our Touch Beauty Salon,True,
ChIJqYObZH5lXz4RtXbcBJ8A78E,New Sun Thai Spa,True,
ChIJneF8NgBlXz4RvPJib9rWWyU,برج العنتيل الاسكندراني,True,
ChIJ6UD5pURlXz4R_ibXRGXD9i8,Loraqueen Massage Center,True,
ChIJt0-prtVlXz4RMU4J7-inhRM,Camila Massage Center,True,
ChIJ6emEzb9lXz4R8MSbyIp9ljc,Amira massage spa,True,
ChIJ7TklaHNlXz4RY-_Sf7ZZb34,Tamam Home Spa & Massage Co.,True,
ChIJi0RqD2RnXz4RI-Wmy4Mp-Yk,Adara Spa Retreat Dubai,True,
ChIJAd5bR_b_TYIRc_eqWGJmOU4,Milyne aesthetic center,False,MEDICAL
ChIJY25WU8RnXz4RDy3Jp77w-ws,UCRYO Wellness - Creek Harbour,True,
ChIJzc9yHVJnXz4Rwp63V061Wqw,The Spa at Address Creek Harbour,True,
ChIJsUptcJBDXz4RkhidRU5x2cM,Home Massage europen Dubai,True,
ChIJ75l2foNdXz4RfrjuMNCJ3SU,Rich Mount Contracting & Interiors LLC,True,
ChIJX8a2nkdnXz4RgUqlHtd9Ef8,Hi,True,
ChIJnzckUIZdXz4Rlz1pmDZqACQ,Massage Silk Road Comfort Destination Dubai,True,
ChIJCaZJdQBnXz4R8wRwR_FBzl0,Dubal massage relaxing pink,True,
ChIJaXEeflFnXz4RbJoCv_DiSAw,Best Steam Sauna Room Installer,True,
ChIJVV2SUYpnXz4Rp4CRBm3KfnI,Massage Timeless Noble Escape,True,
ChIJ4VOIwXdrXz4RPPy9WGp477o,Massage Dryhy Spa,True,
ChIJ14sFSwBnXz4R5nXIBwCdFy4,Spa Premium Massage Center,True,
ChIJOXUN-XtnXz4Rgvqrj6saQAk,Massage Hedoiko Spa,True,
ChIJm8R7OQBtXz4RPq8WKm9_Ews,The Massage Wellness Cheryl,True,
ChIJG-cLEs9lXz4Rh0AsrnOFLzY,GymNation Silicon Oasis | Best Gym in Silicon Oasis,False,FITNESS_OR_SPORTS
ChIJBf0LllqYj2sRa05UG6c16E8,La Bella Home Massage for Men,False,MEN_OR_BARBER
ChIJRYH6dSF0fgMRcbh0aeTEeS0,Temple Home Massage and Spa,True,
ChIJjxf3_pBlXz4RyQcPcfrlX_A,Dreamworks Spa | Radisson RED Hotel,True,
ChIJy-kR3FRhXz4Rctm5pR8Ys-Q,Al Bahar SPA and Massage Center,True,
ChIJaUkPW19nXz4RG6fZctiRrd4,Rosemary Spa,False,NON_OPERATIONAL
ChIJDWX7p9dhXz4RWbLhrc_bOKQ,Spring Healings Therapeutic Massage Center,True,
ChIJURfcOI9FXj4RQMm5phqBgY8,Bedashing Beauty Lounge West Yas,False,BEDASHING
ChIJzV7Cj2RFXj4R-EOgdmzk5d4,The Canvas Gents Salon,False,MEN_OR_BARBER
ChIJ8ZtA3AhPXj4R9bv4hORDLjI,Bedashing Beauty Lounge Noya Plaza,False,BEDASHING
ChIJO454ZwBPXj4RZFsKq4kIvPw,Bedashing,False,BEDASHING
ChIJs8VLrXFFXj4RAgma1lPZzZw,Nails Style Beauty Centre - Yas Mall,True,
ChIJA3XvaTVJXj4R4gSJlIkcAPA,Nailbox Beauty Salon,True,
ChIJO-dORjVJXj4R83gBG1VHv14,Scissor Gents/Men Salon & SPA,False,MEN_OR_BARBER
ChIJpyBa0spOXj4R1pXqpsiF-Po,Body Art Beauty Center,True,
ChIJ9UmGSABPXj4REU0bkml0VRU,Massage Japan SVIP - Royal Tea Ceremony,True,
ChIJh9wAonFPXj4R6P2_rlevv90,Bedashing Beauty Lounge,False,BEDASHING
ChIJfxUbmz5OXj4Rh_bZxj75WL4,Baseline Ladies Salon,True,
ChIJm4-13dJPXj4RGhVhaDMey88,مركز غزلان ميكب لتجميل السيدات,True,
ChIJtcOjwlZPXj4RzHRLm0qD3cg,CHAMUELA LADIES BEAUTY CENTER (مركز شامويلا لتجميل السيدات),True,
ChIJfySZEadpXj4RQFGCOlwRwOg,Signature touch salon n spa Deerfields Mall,True,
ChIJnUcr7jxQXj4RIu0t3kTCWXU,White Way Gents Spa & Salon,False,MEN_OR_BARBER
ChIJ1WikRHVPXj4RF_7GOFa5_eQ,Eeyfir gents salon spa,False,MEN_OR_BARBER
ChIJzQ8rNUhOXj4RGlCfY1LYDIc,صالون الندود الباهية,True,
ChIJh0c10OpPXj4RvmcxLktQj9k,مركز بيور بيوتي للسيدات,True,
ChIJp323AgBPXj4RrofDoXgnPcg,Deneiz Parlour,True,
ChIJvZ0A7vBRXj4RHmsCRUSuu9A,حلاق بلايز للرجال,False,MEN_OR_BARBER
ChIJCZNgIwBPXj4RBXDQ6gQyJZc,LITTLE DIVA SALON,True,
ChIJGwMwCABJXj4RkcYsNcCiByQ,Massage Taiwan Relaxions Luxury Abu,True,
ChIJp5cW9blbXz4RHkvxrDrDLJw,مركز بسمة الحياة الطبي رأس الخيمة - Basmat Alhayat Medical Center RAK,False,MEDICAL
ChIJSU1oGll19j4RCktPt_Pr5o0,Bedashing Beauty Lounge RAK,False,BEDASHING
ChIJY2HJGQJ19j4RdCq6WyUdEyA,Dhabia Beauty Lounge,True,
ChIJf1R9sVZ19j4RvFOHHhvi8M4,"Sahara Medical And Dental Center In Al Dhait North, Ras Al Khaimah - مركز سهارا للطب والأسنان ,الضحية، شمال رأس الخيمة",False,MEDICAL
ChIJpdzNnFp19j4RMomGtHfA25Y,Tierra beauty lounge,True,
ChIJs3W4wZp19j4RYBGzFuYY3U4,Perla Beauty Hair and Nail Salon,True,
ChIJDzY92B919j4Rv_y8Wd98RFU,OKO BEAUTY CENTER,True,
ChIJZVu9SwB19j4RKXXW5XFsRzY,Bloom Medical Center - مركز بلوم الطبى,False,MEDICAL
ChIJ4zBgllF19j4ROMTc9V0tA9g,Al worood beauty and henna saloon - Branch 1,True,
ChIJVaDKEj119j4RflvibrL0fYg,Boston Medical center RAK - مركز بوسطن الطبي - رأس الخيمة,False,MEDICAL
ChIJpeBZSRh09j4RU-bAqHawmL0,AWJ Beauty Center,True,
ChIJhe_CqTB09j4R73prPQmuQBU,Tips and Lips Beauty lounge,True,
ChIJH-yfWJt19j4R0GDJMiWTCfM,Beauty touch ladies care salon,True,
ChIJU_PnVd519j4RsgSZcVNX7tQ,مركز شيخة الزين,True,
ChIJ503kUDZ19j4RM3M9avnwbtI,صالون جوتام للتجميل Gautam beauty salon,True,
ChIJl6cp9toinY4RXWO5ksa8U6E,Flora Beauty Lounge,True,
ChIJG2Lepxp09j4RJ1CbbU2AyFI,"Al Barjeel Beauty Center for Men, صالون البارجيل للعناية بالرجال",False,MEN_OR_BARBER
ChIJs9fYRBh09j4RtcwB_AsSovc,Al Aseel beauty and henna center,True,
ChIJWaRuwjJ19j4RqDcPBPK0lB4,صالون سندس للسيدات,True,
ChIJ0_k2qhp09j4RW5NJQknfBxw,مركز لامود للتجميل La Mode Beauty Center LLC,True,
ChIJ_YqF6tF39j4RRFOlplWtEAQ,Topic Beauty Salon,True,
ChIJzcsMWiR29j4Rc5PzTMCtRgU,Al Shabab Personal Men Care Center Branch 1,False,MEN_OR_BARBER
ChIJTzvK4j939j4RZTUV49p5q6E,Al Reem Henna Pigmentation الريم لنقش الحناء,True,
ChIJf4Eu6yx09j4R2nRrgIbrI_Q,Shades Saloon & Spa,True,
ChIJKTwLEjd39j4RyM8fCwDuk4A,MAY Spa Lounge,True,
ChIJAxD-sJJ19j4Rixpby7A29rw,Diamond Beauty Lounge,True,
ChIJsTlX6p929j4RvSNgp5T0dK8,Jadayel beauty center,True,
ChIJlxuxeq519j4R_C_1ELLTT50,N Beauty Salon- Best Beauty & Hair Salon in Ras Al Khaimah أفضل صالون تجميل وشعر في رأس الخيمة,True,
ChIJo-aKmr919j4Ro27ktj_ySCU,The House of Beauty,True,
ChIJ23HGVlFx9j4RHXE9L1mXjU4,Tahra Salon,True,
ChIJl8Kr47F39j4Rng3fa3wo1O8,Al Loaloah Al Baydaa Ladies Beauty Saloon صالون الؤلؤة البيضاء لتجميل السيدات,True,
ChIJM3m2CWt29j4RZlKhyBiOWvY,Al worood beauty and henna saloon,True,
ChIJhaX404p19j4RVw02sjAD0SY,مركز النبراس الطبي - فرع الظيت -AL NEBRAS MEDICAL CENTER- AL DHAIT BRANCH,False,MEDICAL
ChIJZTFdsHt29j4RAX7MugE_05Y,Beauty district center,True,
ChIJF3sVuq529j4RSOu9chamIac,Al Nebras Medical Center,False,MEDICAL
ChIJyd8hkdJ29j4RgoinZAF2O8E,Smile Care Medical Center,False,MEDICAL
ChIJlQ7d-YR39j4RuCGAM8_ZCVc,S11 beauty salon,True,
ChIJDflo59R19j4RvHUqihK1aOo,Amna Darbeen Beauty Centre,True,
ChIJ44Tsrqx29j4Ra0Ys2jTiaTI,Rachna Beauty and Henna Saloon,True,
ChIJx6A95Rp39j4Rv3ZZ3rQ0rq4,صالون ميار للعناية الشخصية للرجال - Mayar Salon,False,MEN_OR_BARBER
ChIJLaekmCtx9j4RzgvdzjBP9JE,صالون شنب للعنايه بالرجال Shanap salon men care center,False,MEN_OR_BARBER
ChIJTW1MpB139j4Riq0jm1uZytQ,Al Ahlam beauty & henna center,True,
ChIJR3BMohp39j4RjHx5bKn1gBw,Deem beauty saloon ladies,True,
ChIJ43mKAul29j4RwMfroDxOpn4,مركز شام للتجميل والحناء,True,
ChIJ0eIdE_d39j4RyGNSjZj8i9k,Skinove beauty spa سكينوفا صالون,True,
ChIJsTXRkgR19j4RHPxNRRmwQrY,صالون أسود وأبيض للرجال,False,MEN_OR_BARBER
ChIJTXkAiuR19j4Rd6-JrfVlf9o,صالون أرنوب و دبدوب للاطفال,True,
ChIJq5oGzUl19j4R2vf9KrEfZNI,AL JADEED HAIR DRESSER SALON,True,
ChIJRzxZ-q519j4RPX8UmuqngbA,Al Mubasher Gents Salon,False,MEN_OR_BARBER
ChIJaYRaHfB19j4Rsjcm_-X2PSY,صالون الطباشير للرجال,False,MEN_OR_BARBER
ChIJ5Q4ZUM919j4RxHQOdY7e7qo,حلاق برويز,False,MEN_OR_BARBER
ChIJ7ZLczoZ19j4RkAzHwWkB1hc,صالون الختم الرجالي,False,MEN_OR_BARBER
ChIJVSj-JOl19j4RY27gWz5B25g,Najm Alsama Gents Salon,False,MEN_OR_BARBER
ChIJhcEpKyLZ9T4RQweMu6oOp1s,AR Gents Hair Dressing,False,MEN_OR_BARBER
ChIJwQTrlFZ19j4RTjrJMX1XE1M,صالون روما للعناية بالرجال,True,
ChIJf8Dk2oJ19j4REeJUc33Skro,Roman Gents Saloon,False,MEN_OR_BARBER
ChIJTVCku0Z09j4RK40fA3qKnHY,Al Nadeya Hair Dresses Saloon,True,
ChIJDSbwoZt19j4RV6lKPAxM7gw,Tanweer Islam,True,
ChIJo60juBp09j4RxprB1ROh4jw,Marahab Hairdressing Saloon,True,
ChIJDfUwTQB39j4RFNtK8WCVirw,O2 Gents saloon,False,MEN_OR_BARBER
ChIJZxWastp39j4RrrOAaqrp3H4,صالون الدهريز للحلاقة,False,MEN_OR_BARBER
ChIJz4_EZAB39j4R3Xsvujuxmc4,SALON ALFOUAH,True,
ChIJq1HBGiF19j4R8uJYNrux1H8,MANSOOR GENTS SALOON,False,MEN_OR_BARBER
ChIJhVcq1_F39j4R1IZvx4CTi88,AL ABEER SALOON,True,
ChIJvYXqlLV39j4R0XgAjdYJoLc,Al Hoot gents saloon,False,MEN_OR_BARBER
ChIJU9xD-DF09j4Rm7ZKqP6eK68,Black Gold Gentlemen Hairdresser Saloon,False,MEN_OR_BARBER
ChIJR7RCJQDZ9T4RNcc9dCPXX6I,Nomi Gents Hair Dresser,False,MEN_OR_BARBER
ChIJZb8HdyZ29j4RnGh5rQdkYTA,Al Buwadi Gents Saloon,False,MEN_OR_BARBER
ChIJ7w_i37t39j4RTP0vf8D4d1Q,AL HARAM GENTS SALOON,False,MEN_OR_BARBER
ChIJm50LW0939j4RXe7Z6mHJ-pM,AL NADEEM HAIR DRESSER,True,
ChIJz_7UrqZ39j4RnttNaxsMM6Y,salon XO,True,
ChIJ3UClc3Bx9j4RYiev0DEeqgc,𝐇𝐈𝐉𝐀𝐁𝐈 Ladies Beauty Salon | Ras Al Khaimah | ‎صالون للسيدات | رأس الخيمة,True,
ChIJF5mBC5N39j4RjTJLNUgD4_A,Rimal gents salon,False,MEN_OR_BARBER
ChIJASlOrAtx9j4RePX-FnPG5NY,مركز عنايه الرجال صالون حلاقة القبطان,False,MEN_OR_BARBER
ChIJm986utF29j4Re3j2-FzN4iU,صالون مرور للسيدات,True,
ChIJ43tWgeV29j4REeRjzPFRpiI,Al Hadath Hair Dresser Saloon,True,
ChIJS7gW7mJ39j4R4AI7enqJxHo,النقاء للحلاقة الرجالية,False,MEN_OR_BARBER
ChIJqbCwCg939j4RY11nCuaJF1s,صالون و حمام الهنا للرجال ، AL Hana Gents Salon & Hamam,False,MEN_OR_BARBER
ChIJGYCnSEF09j4RPvlnrNsCoNU,The lounge Spa,True,
ChIJrU08DyJ19j4R9eK8uVKXt2Q,Vintage deluxe spa,True,
ChIJEZVl9EZ19j4R1Zx8JSWwVc0,spa&massage,True,
ChIJtzZzGAB19j4R3LlM0dSrWcY,Planet spa,True,
ChIJ-QY0rVt19j4Rnnc2NUQfNy0,"VLCC RAK Al Riffa | Slimming, Beauty & Fitness",False,FITNESS_OR_SPORTS
ChIJT8YgcFx19j4R2Qy7eS_7ysY,Paradise Home Spa and Massage,True,
ChIJKYcYNVR19j4RXeT-niJg9To,Sohar Serenity Home Spa and Wellness,True,
ChIJe6YbYHt19j4RzWXUsXw06xU,DREAM PALACE MASSAGE,True,
ChIJr5XIsTF19j4R67aLKuQKBQA,Luxury Palm Home Spa and Wellness,True,
ChIJw9_X_DJ19j4RnkhOKYf6QvI,Rose Garden Home Spa and Massage,True,
ChIJsRB7bQ119j4RP_uex-lYxyg,Al Nada Spa,True,
ChIJ-_lcdHZ19j4RQcBzeULCqtE,Riviera Spa Center مركز ريفييرا سبا للتجميل,True,
ChIJQZ3QFwB19j4RJ7rcl9c8BUw,La mer beauty center,True,
ChIJaUPPmHt29j4RWFdVJLHg0W0,CosmeSurge Al Dhait North RAK | Dermal Fillers | Skin Rejuvenation | HydraFacial | Laser Hair Removal,False,MEDICAL
ChIJv2glGOJ39j4RnFp927mwCf0,Al Anaya Spa,True,
ChIJ_YMRhDRx9j4R0Wdn0vwK2I0,purple crystal massage,True,
ChIJBbp9VnZx9j4RDQ9i_1VGcoI,Al Taj Al Thahabi Spa,True,
ChIJ8yy8A1539j4Rrtf1phKTHhA,Al Taj Al Malaki Men Massage Center,False,MEN_OR_BARBER
ChIJQdf3PTl39j4R9SVdwvcsXJU,HTP men spa,False,MEN_OR_BARBER
ChIJi3cJ0Bd39j4RwwW4VUiwWYU,Thai Spa Rak,True,
ChIJ3dDx17539j4RfG81E9TPNK4,Al Maraya Spa,True,
ChIJIcMHglR39j4Rtze6zFdvlU4,AL MAS SPA,True,
ChIJc2TrBABPXj4RuGMwJyG_aN4,Al bahiya,True,
ChIJxbRadwBPXj4ROiqDmPY2p3Y,F D K BEAUTY CENTRE اف دي كي للتجميل,True,
ChIJMRP7IAFPXj4RSz1qPAw9NhI,La Biche Beauty Salon,True,
ChIJ_QS6FTNPXj4Rh1Dtow6vH_Y,صالون سونا الشهامه sona salon,True,
ChIJ1zUsWro4Xj4RPiP1sG2UhqM,صالون ميار للسيدات,True,
ChIJBcezDOBRXj4ReyZ1UMIFj00,صالون بيوتي بوينت للسيدات beauty point lady salon,True,
ChIJp231VgBRXj4RvZb4Nbd9oig,Star of Al Bahiya gents,False,MEN_OR_BARBER
ChIJRSc7TWFRXj4RK65Kv8muoqg,Chic Style Salon,True,
ChIJE0GrCgBRXj4RiBIo4otUPg8,BALGHAILAM GENTS SALON,False,MEN_OR_BARBER
ChIJ1eqApjhPXj4RMRJODMgPzg0,Alhaiba,True,
ChIJq55P8zdPXj4RgpexpFVFk9Q,Miss Galaxy Beauty Center,True,
ChIJ05JPFVNPXj4Rs8Z2F_7JQ6E,صالون بيت الحنه و الدلكه للسيدات,True,
ChIJV8uRSGdPXj4RqGOQCVV3FYw,صالون ايفير للحلاقه الرجاليه,False,MEN_OR_BARBER
ChIJ3bdzDPdHXj4RQ4xZTiTsXCo,Salon boumbadour,True,
ChIJTZn5kwxOXj4RiXPVafZX66w,Rose Kazan Ladies Centre,True,
ChIJc_5igYhRXj4RffnMtilTDoM,Be Queen Beauty & Care Center,True,
ChIJd4DLeFpPXj4RfCwYjK8HG7o,Saloon BE CooL,True,
ChIJRx3ATQxPXj4RQ93xMrcE58U,Man of cave - Deerfield's mall,False,MEN_OR_BARBER
ChIJU3X7ls9RXj4Rke24DysvvHE,Al Ayan Gents Saloon,False,MEN_OR_BARBER
ChIJ6a7GXQBRXj4RY6VaPDEnhe8,صالون الشهامة لرجال,True,
ChIJpwoeaTpRXj4RsAFBpDhuYpk,Blaze gents salon,False,MEN_OR_BARBER
ChIJ35k9otdRXj4RYrU08MUdiqM,Angels Salon,True,
ChIJc5eJyw9PXj4RDgrlRR3Rk74,Delma Star Gent's Salon,False,MEN_OR_BARBER
ChIJTcAI62k3Xj4RrDfM2aTKmJ8,صالون القمه سيدات,True,
ChIJRwdqDwBJXj4RfDUU2XRviaM,مجمع فلل صالح البريكي,True,
ChIJ22Wcv7M5Xj4RHiLNi34QnEI,MU LaCoiffeur Lounge woman,True,
ChIJW-umFABHXj4RodLZiPhbEqU,Queen Mouza,True,
ChIJq8d_JOc3Xj4Rd1W_OCasSnM,Falcon gulf men salon& spa,False,MEN_OR_BARBER
ChIJFSj2a4k3Xj4RTujzuydX3ys,MIA BELLA BEAUTY LOUNGE - Shakhbout City Abu Dhabi,True,
ChIJO1xpp1Y3Xj4RfJenXaveXKE,Blossom District Ladies Beauty Salon,False,NON_OPERATIONAL
ChIJZ1LG5gBDXj4RE09vzn8m_8Q,Ponytail Beauty Salon,True,
ChIJP_gGHdE3Xj4Rm_qbfE31_R0,Freesia Beauty Center-Luxury Services (Shawamekh Central Mall) مركز فريسيا للتجميل - شوامخ,True,
ChIJVWQVD7E3Xj4RQ-5zO0t9tHU,nisreen.rosie makeup,True,
ChIJT3PvNzI3Xj4RJ1wkNwZNvPk,Golden wave saloon,True,
ChIJ98vusWNJXj4RXbp7IqKZZgo,salha salon,True,
ChIJQxZCWlw3Xj4RqQ5C33U4JIc,Bellaora Home Beauty Salon,True,
ChIJ2SOz_FI5Xj4Rb4VZoGTYkqQ,Ruby Salon - Mohamed Bin Zayed City Br 2 Abu Dhabi,False,MEN_OR_BARBER
ChIJwf6tOSA3Xj4RNTgGxdvf_TQ,صالون كيرلي للرجال Curly Gents Salon,False,MEN_OR_BARBER
ChIJRVm2QQA3Xj4RrVIhZpjhMIs,Al nefali gents salon,False,MEN_OR_BARBER
ChIJG4tGBwBHXj4RPDMlodfkq60,Massage Relax Harmony Pubby,True,
ChIJd-92iFdJXj4ROp1ufzu1DYI,Golden Autumn Home Massage and Spa,True,
ChIJ-VGsVQBJXj4REtRYKJcKtew,The Massage Vip Luxurions,True,
ChIJP6xPuB9JXj4RAH6cmBJSD30,Bioskinspa Shakhboot,True,
ChIJYfh3OItpXj4Rt3V__N7ZRco,Solitude Beauty Ladies Salon & Spa,True,
ChIJo0AcVmRFXj4RX_BMC8Yz8Rc,Taif Beauty salon,True,
ChIJeQR6m39FXj4R_lb3bZ30fCg,Benefit Cosmetics Brow Bar,True,
ChIJDS7MEABFXj4RHdo6dA3-KJ4,Massage Singapore Lunex Harmony,True,
ChIJE9eIMqlFXj4RF-kQMY6rfGk,D.spa.uae,True,
ChIJl-7KepVbXz4Rc8GGr9d8vjk,Al Madar Medical Center Sharjah,False,MEDICAL
ChIJZ6RAxWdbXz4Rce9GlE7dkpQ,Nado Salon,True,
ChIJvRWeHqpbXz4RiMrOejcWbCE,صالون و مركز الاحلام السعيدة للتجميل,True,
ChIJDcrq3ABdXz4RMSRDg1NXe3w,"Ashtamudi Ladies Beauty Salon Al-Qusais, Best Salon and Beauty Parlour in Al-Qusais, Dubai",True,
ChIJd2iYYpZbXz4RMP9pqnbPoQw,I.R. Medical Centre,False,MEDICAL
ChIJh3hXhxZbXz4RXHqhvPbO6P4,Luxury Touch Medical Center,False,MEDICAL
ChIJn30VYoxbXz4R_gsaNv_-ekA,Durrat Aljamal Beauty Center,True,
ChIJc13FmopbXz4RKXdC6JOzpYw,NAJLA'S Chicago Ladies Salon,True,
ChIJ-2zqguxbXz4RPGPXGnPmOjU,ENJAB IVF Clinic | مركز إنجاب لعلاج العقم وأطفال الأنابيب,False,KIDS_SALON
ChIJU-n1FaNrzEwRGbZI9Yx8kN4,Lucky Choice Spa Dubai - Al Nahda 2,True,
ChIJI9LhIsRbXz4R6HoAVBr7RoU,Al Batool Medical Complex for Health & Beauty مجمع البتول الطبي,False,MEDICAL
ChIJhftYWY5bXz4RQhwkY_vDwv8,Jory Medical Centre‎,False,MEDICAL
ChIJcVZpHXdcXz4RUUtDCuiiZ4I,Al Jazibiah beauty saloon,True,
ChIJ08PJWvtdXz4RldfPk4H69kw,Smitha's Roses Dew Beauty Lounge Al Nahda,True,
ChIJs89_YOtbXz4RT9GlncZkBYY,Jazz Gents Salon & Spa 💈🏪💈 جاز صالون و سبا للرجال,False,MEN_OR_BARBER
ChIJZ2CG0I1bXz4RwpDAwGvSERM,Noura Hamdi Beauty Lounge,True,
ChIJyxheYgtcXz4RUgQieXaDAS8,Groomers Gents Salon (Main Branch),False,MEN_OR_BARBER
ChIJOyi7aRlaXz4RKJZFAPRY770,Sharjah Ladies Club,True,
ChIJm1Jy7EJbXz4ReZ-r8qu-8CE,الغزال الفضي صالون Al ghazal fidhi salon,True,
ChIJpaLl1klaXz4RJ7NpssMgXGI,Al Mansour Ladies Saloon,True,
ChIJP44SUjdaXz4R3hGkTSCFd3g,Moon Henna & Beauty Salon,True,
ChIJ_7J1y39bXz4RKGtK3CqxZjs,صالون الاناقه المثالية,True,
ChIJaYehLslbXz4RUxyG7H6yLMY,Zaina Medical Center مركز زينة الطبي,False,MEDICAL
ChIJ48Dh9ZlbXz4R2IDVA9xe6i0,Danya Ladies Saloon,True,
ChIJI6kdiclZXz4RxZY6UTyFWoU,JABAL AL WARD LADIES SALON,True,
ChIJL5YDXKVZXz4RnfZj13al2Ng,صالون سونا للتجميل,True,
ChIJ4flbZQdZXz4R1rPa-ar1hto,Suite 88 Beauty Lounge Azra,True,
ChIJax8yHhdZXz4RbpgE5mygB3g,Al Ahlam Ladies Saloon,True,
ChIJr9DXCOBfXz4Rwj9WKHJI-MI,Lashes House Salon,True,
ChIJPTY1fY1bXz4RruCL5HJixwk,Corners Ladies Saloon,True,
ChIJx0xRuD5dXz4RdXtR4osHMNI,BeautyLand Ladies Saloon,True,
ChIJN_DWUZNdXz4R768kyy6GpEU,Aura Global Beauty Lounge,True,
ChIJwa_PajZcXz4RLar0UQTyHbg,Sinora Beauty Salon,True,
ChIJYT6ACepbXz4RbA8joNTo0qs,Simply Beauty Salon & Spa - King Faisal,True,
ChIJA6w08q5bXz4RNCZY4160wiQ,Dar Al Cindrella Beauty Centre,True,
ChIJ8c8GkDRbXz4R8J0sEh84QHI,صالون التاج الرمادي gray crown salon,True,
ChIJKcS9gTRdXz4RaNt3EUxbMUw,Burj Al Nahda Gents Salon,False,MEN_OR_BARBER
ChIJfUfaJJJbXz4RpoFP5bSJXqE,Taj Gents Salon,False,MEN_OR_BARBER
ChIJwdN7uJFdXz4Rk9QxkgRLN18,The Barber Corner Gents Salon _Qusais,False,MEN_OR_BARBER
ChIJn5UWPkhbXz4R-_LeXvWdxw0,صالون الاطلالة المشرقة للحلاقة,False,MEN_OR_BARBER
ChIJfVFfHNhbXz4R9E4I482PlSI,Perfect Gents Salon (Main Branch),False,MEN_OR_BARBER
ChIJaQJsa8RbXz4RdtSziywH7eE,Shadi Gents Salon,False,MEN_OR_BARBER
ChIJVfp9VCVbXz4RGzLY_DjZii0,صالون علامة الجمال للرجال ALAMAT AL JAMAL GENTS SALOON,False,MEN_OR_BARBER
ChIJoXEiOs5bXz4Ruk64LImWaxI,JABEL AL RAYAT Hairdressing saloon,True,
ChIJS2tOxdNbXz4RdU_0twitk8U,Sahil Al Bahr Ladies Salon,True,
ChIJuyyMW_9bXz4RYpgpgIUSqMI,Saloon al Qasr al arbi hairdressing صالون القصر العربي للحلاقة,False,MEN_OR_BARBER
ChIJQX6b6ANZXz4RyToVKCFlx7g,صالون سفن ستايل للرجال💈عجمان,False,MEN_OR_BARBER
ChIJVUjRd0BYXz4RmrQQH_-ymqU,Guys Style Gents Salon صالون جايز ستايل للرجال,False,MEN_OR_BARBER
ChIJU9qvwU5YXz4RBjf7v4Kv0Bc,Al Bushra Hair Cutting,True,
ChIJwyNLtLRZXz4RrY_DgYhdP00,Al Nuamia Hair Cutting Saloon,True,
ChIJj4YkbMBZXz4R1hZ3CK4HeIk,Al Naseeb Saloon,True,
ChIJmQ1YeptZXz4Rht3Jnkqw_7k,Hair Aura Ladies Beauty Salon Ajman,True,
ChIJXRn1lIpZXz4RM-_n_ZXouIc,AL THRA HAIR CUTTING SALOON,True,
ChIJx1jyz21ZXz4RmRNc1S--gxc,صالون الحريف ALHAREEF SALON HAIR CUTTING,True,
ChIJZ2aTurRZXz4RIDkxCxZxCvQ,Al Waleef Haircutting Saloon,True,
ChIJi20LgHhZXz4RhbOfqFnuT84,Style Cave,True,
ChIJVRWNeedZXz4RyR1W9OlbPHo,Al Maqas Azraq Hair Sutting Saloon,True,
ChIJ4zcSsS5ZXz4Ri6nZ-xrl2sU,Al Rolla Saloon,True,
ChIJyx_Cf7pZXz4RtR5dxEA-Vw4,صالون ابو اسيل للحلاقة Abu Assil Salon Ajman,False,MEN_OR_BARBER
ChIJ222Lfe1bXz4R_miwH9FsJtg,Berlin Beauty Salon,True,
ChIJz9CTbIIBjkQRosDOC6oKDdU,Pink Lotus Beauty Salon | Al Qusais,True,
ChIJAQrsADddXz4RuytGTmUS39I,Fen Health Club,False,MEN_OR_BARBER
ChIJ7RXPmtJeLYQRmizt9cos7O8,Beautiful Hands Ladies Salon,True,
ChIJmaCulUhbXz4RogHGYJ1BGok,Signature Ladies Salon LLC,True,
ChIJX-ITjVlbXz4Rx3PvExUKf9M,Princesses Valley Ladies Salon | صالون وادي الأميرة للسيدات,True,
ChIJVUmRL6ZbXz4RWbYbgj2Ye2k,Leeds Gents Hair Salon,False,MEN_OR_BARBER
ChIJIyAbliNbXz4ReAGBa_WDMPI,TFS Beauty Center,True,
ChIJuasNK4lZXz4RIrgLLmvKOPA,Shammasi Ladies Salon,True,
ChIJN8FIAwBbXz4RjjIAasFIb3A,Pure Pearl Beauty Center,True,
ChIJZx_-DppZXz4RbQoVzMplUgc,Black Rose Ladies Salon,True,
ChIJp24GDDRbXz4RqJddGzPL0oI,Al Inekas Ladies Salon,True,
ChIJa5ovS-5bXz4RTwihM_mvNts,Al Roman Ladies Saloon 💕,True,
ChIJFcKxeSBaXz4R8WST9RkRqfM,Margarita Ladies Salon,True,
ChIJDcGqJ7JbXz4RTtsP5-4JJwM,صالون الشهباء لتجميل السيدات القاسمية المحطة | Shahba Ladies Beauty Salon Al Qasimiah Al Mahatta,True,
ChIJf_PphZtbXz4RjBpx0sC7A9g,صالون كابي ايشوع للرجال,False,MEN_OR_BARBER
ChIJx-F6YCBbXz4RTssOO0nLu6U,Al Mashaier Al Jamilah - Ladies Salon,True,
ChIJz_-SIeVZXz4RKPHZoQto1SE,Nails corner saloon,True,
ChIJHxu4brtZXz4RwmQ0wh84geo,Al anamil Al jamila beauty saloon villa 252,True,
ChIJTYcvTUFdXz4R8TRMayce_BU,Lucky Spa,True,
ChIJRZVSmghdXz4RcQJH32jtcic,Happytime spa Al Qusais 1,True,
ChIJN4OWTHJcXz4R8EqwTo9FDNI,Powerhouse Gym and Swimming Academy | Best Gym in Sharjah,False,FITNESS_OR_SPORTS
ChIJ-bqF9TJbXz4ROpJOxFVMLvU,KOTTAKKAL ABUSHAGARA AYURVEDIC CENTER SHARJAH,False,FITNESS_OR_SPORTS
ChIJtVnZlpldXz4RzDTPdp285gI,Tulip rose massage center,True,
ChIJC1gsdbFbXz4R0EWGA2TgYY8,Morocco bath and massage by jazz حمام مغربي و مساج بادارة جاز,True,
ChIJcw9u3CVdXz4RN-fynEO1ovQ,Spa,True,
ChIJLTTkAkZdXz4ROU9mqnsjEKM,Kovilakom Ayur spa,True,
ChIJuSK4zGNfXz4Rq4Z1CswhaP4,BMD For Spa,True,
ChIJHTuuciRdXz4RUwoNx570Btw,Ayur Mantra Kerala Spa,True,
ChIJp8Fd5O5bXz4RU10iOeDdWsc,Dr. Saba Medical Centre Al Majaz Sharjah - مركز الدكتورة سبأ الطبي,False,MEDICAL
ChIJW4Q6jjpbXz4RMVX56JzJSr8,Vermont Medical Centre مركز فيرمونت الطبي,False,MEDICAL
ChIJ0yK5nd5bXz4R6b4Wk0gJCEo,Men SPA and Saloon,False,MEN_OR_BARBER
ChIJYTEDHthbXz4RnoCtk0BM6cw,Al Gheroub Ladies Salon- Al Qasimiah,True,
ChIJ7dZmbrBZXz4Rf-WIp0vlYEM,Ayur spa,True,
ChIJbZPaxuVZXz4RpJwY8lR6qq8,Diwan Spa,True,
ChIJa5Y8CABZXz4R2mDGVbU3OWE,Tanzeem Spa,True,
ChIJO4h3qu9ZXz4RcJoONEDCM1Y,Thai massage Ajman,True,
ChIJC2hMHmdZXz4RmNpGR1tgjvU,The Body Spa Ajman,True,
ChIJsXQM95VZXz4RpoTEiTtFfbI,Rose Garden spa Ajman,True,
ChIJ-w-QEO9ZXz4RATMZOKyriAo,Nice Care Spa and Massage Center Ajman,True,
ChIJd2qHB3cFm2QR5PqSqKRerxs,The Saj Spa Ajman,True,
ChIJq2Tsk81ZXz4RLE8U65dcP38,View SPA ajman,True,
ChIJSWYuHetZXz4RDDdEy5hBAAI,Apple Spa Ajman,True,
ChIJuVM_fkBZXz4RKhV7UgpG1sM,Horizon spa,True,
ChIJGYN4yliuij4RVdmyprz2s-I,صالون تجميل,True,
ChIJzVSzpS6vij4RHs1SiAUsVSo,Stylena Beauty Center مركز ستالينا للتجميل,True,
ChIJ4xoBN-Ovij4RRMxUU1cZhZk,Al maqam,True,
ChIJZ06Rl2evij4RKK5i-cGvy1I,"Zahraa Al Ward, Ladies Salon",True,
ChIJDUAQUwCvij4RxvPzndlEkBs,TAIF BEAUTY SALON ASHARIJ,True,
ChIJU4NjYgCxij4RBcwdPx0x-yU,Yasmeen henna Beauty salon,True,
ChIJ75l9fqixij4RCKBHJGfstZY,Fankosha Beauty Center | مركز فنكوشة للتجميل,True,
ChIJBeU6eomzij4RQI0dC_6vJyM,Al jimi mall Brush and Blush Beauty Parlour,True,
ChIJN5j0wUWxij4R8TN2xJxsI3M,فينثورا الطبي,True,
ChIJSW3Wc6Cvij4RVqmVUXRIPfY,369 Beauty Ladies Center,True,
ChIJzVM6DwCtij4RkvOo_mxu4bw,History Beauty Center مركز التاريخ للتجميل,True,
ChIJGbhzeuexij4Ra090LoMMZkM,بريتي لارينا سبا العين,True,
ChIJE5gFvtKzij4R686ZJdYDvBM,Salon Reem Al Bawadi,True,
ChIJMU5vP36xij4R7f2yKKT8OOw,MÉLANGE BEAUTÉ,True,
ChIJp-3AC5Sxij4RtDixqNw1tow,روج البنفسج لتجميل السيدات,True,
ChIJ1VSBXQCxij4RNQaz7fTMu2M,صالون تجميل خدمات منزلية,True,
ChIJb5yGfgCxij4Rpc-SpgGqT6c,صالون رحاب بيوتي,True,
ChIJ1-qvRX2xij4R-07uCE0TOyY,Amarei Beauty Spa | For Ladies,True,
ChIJ-Y-shROzij4REi_nYgYTzNs,كارلفت سيدة للسيدات,True,
ChIJT9zKTQCtij4R9rasGY62a9s,صالون املوشي,True,
ChIJL9iC5tizij4RuyXvlC7IdFo,Addis Ababa salon,True,
ChIJWUyAG3Gzij4RhQBnPkdegb4,Miss elegant,True,
ChIJwQLPtTyzij4RdRfACDBChzg,صالون عبدالرحيم للرجال,False,MEN_OR_BARBER
ChIJ6Vqaz22zij4RXNfJYsXsWJA,Most glam ladies salon,True,
ChIJ7Rm_hYRrXz4RZzqmTDGOR6U,Lueur Aesthetic Clinic,False,MEDICAL
ChIJYc0RG_hrXz4R_QoB9L-acCU,Marwan & Radwan Salon,True,
ChIJ2-46feVtXz4RW3iOdJEd6ZY,Fetouna Women Salon,True,
ChIJzXuUo5tsXz4RzzSoaPXEn5c,The Nail Spa - The Lakes/Emirates Hills,True,
ChIJmxgPzVJrXz4RqTv-dAvS41Q,East Elegance Beauty Salon - Tecom Green Ave,True,
ChIJ39QtjvhrXz4RnHHoVj7pYL4,Jwlan Guzellik,True,
ChIJo-Ni9KdDXz4RK70LTH8HRdY,Spa Massage Near You,True,
ChIJnZe-ZMFrXz4RypSPQW-PNo8,Tata nails / electrolysis,True,
ChIJswOYEo5rXz4Rdp8eFDE6uuI,Hair By Hossam,True,
ChIJLdFuxAxrXz4R2rRRkRmRusQ,Royanacastle,True,
ChIJFTkzIYxtXz4RpTwiUJo3mio,Lengths and Lashes Ladies Beauty Salon Barsha,True,
ChIJI74b0KBrXz4RmOv_rl8iEWc,Alyaan's Beauty Salon,True,
ChIJW7-voAZtXz4RrC-t74noPnY,Magic Room Ladies Salon LLC.,True,
ChIJ0zMbblNrXz4RbZerXOOkbNY,Glow Aesthetics Dermatology Clinic,False,MEDICAL
ChIJGdo-ke1rXz4RBQwCVk3PbL4,TOUCH LIFE SPA,True,
ChIJlWNJ7G1rXz4RjLW-0wzJSt8,The Cure,True,
ChIJb6MzRndrXz4Rf9kYbzCrEsk,Bissan Medical centre Dubai| مركز بيسان الطبي دبي,False,MEDICAL
ChIJY7X81tdrXz4RmZs2JAdo93Y,WHITE CLINIC,False,MEDICAL
ChIJec_eH3VrXz4R7F-kRtcUXaI,"Code Hair Ladies Salon - Al Sufouh Branch | Best Hair Extensions, Nails & Luxury Salon",True,
ChIJW_vhozhrXz4RmzolAlSh74k,La Bionda Salon,True,
ChIJz2ApzP5tXz4RR1A2SJQhumg,BellaPharma Beauty Center – Ladies Salon Al Barsha,True,
ChIJg1-LDFhtXz4R-tPU9bdlyT8,Glam & Go Beauty Salon JVC Dubai,True,
ChIJNwCtFc5tXz4RUBZw-oMdf3k,Ombre Salon Tulip,True,
ChIJz3oWKz1tXz4RgSx5f0EYahE,CHERISH LADIES SALON,False,NON_OPERATIONAL
ChIJ_xR0WfNtXz4Ron_J_QpbQMY,Hair Castle Gents Salon,False,MEN_OR_BARBER
ChIJHfufF_ltXz4RDwgo8lwy9NY,CrizStore,True,
ChIJ94hk7YZtXz4RtwYGOl1gbWA,Lush Afrique | Beauty & Hair Salon JVC - Dubai | Best African Braids in Dubai,True,
ChIJKSZ2LMoUvCsRuT5IWX22jUg,Hanna Bella Ladies Salon,True,
ChIJaQTlNX5DXz4RkYHwxjlkg0k,Dubai Makeup Artist - Sally Creates,True,
ChIJCdyIoHBtXz4RENN2xm5R0ig,Better Beauty Ladies Salon - AMSA building,True,
ChIJgTvXCHVpXz4RsHFJ7pdgRjA,RARE SCISSORS GENTS ((ALMQS ALMRN)) HAIRCUTTING & HAIR DRESSING SALON (BR),False,MEN_OR_BARBER
ChIJkfX0eqJtXz4RbJNfbBpYT4Q,MANE 101 Beauty Salon,False,NON_OPERATIONAL
ChIJnYEOS3JtXz4Rx0pj13cQ1nM,Nails.dubai_7,True,
ChIJC-Pexj5tXz4RI2NACJ7H3tc,NASAMAT WARD LADIES SALON,True,
ChIJdwihgKhtXz4R2AmlKG30nQc,Urban Glam JVC,True,
ChIJ07BKMMJtXz4Rh9v8DrzGzo8,TONETRENDZ,True,
ChIJudwJFgBtXz4RoxCshg605jk,Solèa Glow Studio,True,
ChIJmXmD0yhrXz4RZLjcBRXnJ6o,Just Pretty Ladies Salon,True,
ChIJ3R8VfyBrXz4RzQB2VOn8F8w,Reign Beauty Bar Al Barsha,True,
ChIJsR7_vcVrXz4RTyICn3u4qdE,Sama Al Sham Gents Salon,False,MEN_OR_BARBER
ChIJOw_2bhNrXz4R6El-vfiOYp8,Shades Salon,True,
ChIJd4XUcr1rXz4ROD6vqDR24sU,Sona Salon albrsha,True,
ChIJLdBZZVFrXz4RGgZi2AHs970,Sultan Al Olama Medical Barsha Mall مركز سلطان العلماء الطبى فرع البرشاء مول,False,MEDICAL
ChIJrfg1bsBrXz4RMvob-NsSAhA,TruCare Clinics( Derma & Dental Center),False,MEDICAL
ChIJuVtFGABrXz4RzzgtNI1g-_s,Asayel 1 MJL,True,
ChIJL0MGrCdrXz4RRhh6qPWCvYM,MONÉA - Best hair salon in Al Barsha,True,
ChIJxWdj6MNrXz4RbL2IH8EYfFo,Yana Grow my Hair,True,
ChIJ2YzUZ6JrXz4Rh65fqcWa-EE,Asayel Beauty Salon,True,
ChIJD4bp5lRrXz4RbSHxZ-kIxYM,Enana Ladies Beauty Salon,True,
ChIJWUFQYwBrXz4RmnH7ar63h4Q,Rerotti Hair and Beauty Head office,True,
ChIJFQzZEQRrXz4RITH4K2ow47c,Sahereh ladies salon,True,
ChIJD74yEd9rXz4RqgFzXY0lp_8,Momen Ladies Salon,True,
ChIJnVgaLwBrXz4RhpUHa5ytUHE,Folla,True,
ChIJr2VKFixrXz4RiQgP2XD3vw0,Blaura beauty salon,True,
ChIJwVS4G5NrXz4RKW68ddfWAVQ,SFēRA Salon Al Qasr,True,
ChIJRxWUdgBrXz4Rv7hVj9UWcXA,Tattoo shop,True,
ChIJrwHLMpBDXz4RG-p5G02RNLg,Mr & Mrs B Lounge llc,True,
ChIJi0XhEeFrXz4Rt4tw37GjwWk,Creation31 Beauty Salon,True,
ChIJD1ePLKdrXz4R4ff-YEShxvs,Angeltripp Hair,True,
ChIJ3WrG1h9rXz4ROiZbBCzfStk,La Sirene Gents Salon,False,MEN_OR_BARBER
ChIJGcXffoxrXz4RXktJR3_duiw,Mulan Beauty & Spa,True,
ChIJ5R597C1rXz4RtpJbDot86vs,Barber Club Dubai,False,MEN_OR_BARBER
ChIJP6910blrXz4RDBrB-jf74Zg,N.Bar Nail Spa & Salon The Mall,True,
ChIJ92Am1ehrXz4RgUF39TgTj3U,My London Skin Clinic - JBH,False,MEDICAL
ChIJo8ny8RRrXz4RfladSEE6NKk,Arabian Scissors Gents Salon | Barber Shop | Gents Salon,False,MEN_OR_BARBER
ChIJNZV-h0ppXz4RX1x_21do2ts,lange beauty salon,True,
ChIJn_9__4BCXz4R54cZ2psxlas,Med Art Clinic Day Surgery centre,False,MEDICAL
ChIJ0UwU9fBDXz4RWQDRp9kWZ3E,Bulgar Beauty Saloon,True,
ChIJQZ68RFBqXz4RI451BwBh-2o,French Beauty Centre,True,
ChIJn5lxalRqXz4RrBSUiHqpcyw,Carita Paris,True,
ChIJ_YpjhmJrXz4RD-SdWVqhWCA,Prive7 Dubai,True,
ChIJe2IGsiprXz4RTB17M9KfHa0,Wonderstouch Barbershop Dubai,False,MEN_OR_BARBER
ChIJD-ZMDiZrXz4RERm37uAZVY8,Skinwise Aesthetic Medical Center,False,MEDICAL
ChIJbVx-iq1rXz4R5wi7QFRwMCA,Miyoshi Korean Salon,True,
ChIJ8frSAhxrXz4R6slBEOwVlm4,Renew and Revive Polyclinic,False,MEDICAL
ChIJj646gTZqXz4RI_ddYJlCW4o,Lavie Clinic,False,MEDICAL
ChIJ4Xnkw0hqXz4R1SqQ8MaOB18,Biolite Clinic Dubai,False,MEDICAL
ChIJ-3B4vzBqXz4Rg6LchQ5guCo,Royal European Polyclinic Academy,False,MEDICAL
ChIJN6beLyZrXz4RyeVXHz4c7Ck,By H Beauty Ladies Salon,True,
ChIJYaIIwQlrXz4Rm4oC8dh6lNE,Northwest Clinic Day Surgical,False,MEDICAL
ChIJq2dgZC5vXz4RK-f6fsAmCxE,Mahla Beauty Salon,True,
ChIJJ8ZikqVvXz4R6fFsJbfT1So,Ruby Beauty Salon,True,
ChIJLSuNj9ZvXz4ROpiSp5yLWNc,VINCI Beauty Salon,True,
ChIJoU8JavpvXz4RKqvyA_gA57c,Hamzafied Beauty Lounge,True,
ChIJzx81zK9vXz4RHN3UOtKrKi4,Tress Ladies Salon LLC Albarsha,True,
ChIJq0UBBuhvXz4RTmeulwgAkCQ,eman alamiri beauty salon,True,
ChIJsyJhSj1vXz4R5OHAATzHaaY,Beautiful Layla Beauty Salon | صالون بيوتيفول ليلى للتجميل,True,
ChIJS0DRPnJrXz4RmHSjJBuZ4zk,Graffio gents salon,False,MEN_OR_BARBER
ChIJsbnsetdtXz4RVK4fXrjuQ4w,Rerotti Hair & Beauty Al barsha South,True,
ChIJofaksptvXz4RfQKofQNVBZk,Bella Blanca Lounge,True,
ChIJJwYcZC9vXz4RdKWHPProJoA,House of Colour UAE,True,
ChIJ08kRfwBvXz4R2b_qZJDN_Qo,Perle beauty center-Dubai branch,True,
ChIJo0XHQuVvXz4RX5Phn837MDY,AL SAADA HAIR DRESSING,True,
ChIJwa3ajVxvXz4Rr4mTEx30Uo4,nasmat ladies salon,True,
ChIJ9Xfji0xtXz4RNWtdqZZQSrg,HER PLACE,True,
ChIJz3Cp4-JvXz4Rkv-cgso0bIw,Pure Derma,False,MEDICAL
ChIJ3QP71hZrXz4RXM5GkYEBWyg,Secret Salon,False,NON_OPERATIONAL
ChIJK1hHUcRrXz4RXEJ4FE4pJN4,SARAS Beauty Lounge,True,
ChIJH9K-xPhDXz4RYbsv2kRPan0,Laser Clinic Dubai عيادة ليزر دبي,False,MEDICAL
ChIJBX6UmE9vXz4RV-ZDbFD2CH4,CHANEL Fragrance and Beauty,True,
ChIJ94qvnXdvXz4RSyovDe-z77Y,Ksenses World Ladies Salon,True,
ChIJldzzkhZvXz4RqP58EX3zYQ0,Flash Facial,True,
ChIJ9yBJjwhsXz4RdzOzU_uq7DQ,Mademoiselle House Of Beauty - Al Barsha 2,True,
ChIJl13_eyVpXz4RuyD2Mdz4dQ0,Nailed Boutique,True,
ChIJ_ytLU8hvXz4RZhKQkKfJiSk,Salon 971,True,
ChIJ-VZVpCRvXz4R9geUkFI53TA,BeautyBySania Salon - Arjan,True,
ChIJw1iiTq5vXz4RH589Srpw2PM,The Crib Barbershop,False,MEN_OR_BARBER
ChIJ51gyj4puXz4R4MBu-EV-Hqs,KARZ Beauty Salon,True,
ChIJ9yakSWFvXz4RynfBRZfw59E,Moments Beauty Lounge,True,
ChIJ5XVQ-NNvXz4RJYtneKU7Bro,Lushways Salon - Arjan,True,
ChIJfbQad5ZvXz4Rgd7eUD3x7BY,Royanacastle,True,
ChIJD7jeX01vXz4RVRMCBIiPawE,Gladys Beauty Saloon - Dubai Hills,True,
ChIJbev-qwNpXz4R92w3l3EeDN0,Vinca Rosea Ladies Spa - Dubai Hills,True,
ChIJtQKOYbRpXz4RznZAeKpPcXM,Mermaid Universe,False,NON_OPERATIONAL
ChIJ6yo1xAVDXz4RRB-E6eBv3Uk,Benefit Cosmetics Boutique BrowBar & Lounge,True,
ChIJEULr2U1vXz4REyipqD_3eAs,Benefit Cosmetics Brow Bar,True,
ChIJp9oLVyVvXz4R7ntevyJlsos,Feetness parking,True,
ChIJ-9qNpUxpXz4R8LBiFZRzURk,Quality Saloon,True,
ChIJzXwq-SRpXz4RRAryzWjuU3k,ZINDA BAAD gents saloon,False,MEN_OR_BARBER
ChIJvYtMcgBpXz4RderZ6nPPbws,Trim Time Salon Dubai,False,MEN_OR_BARBER
ChIJMefy9-ZpXz4Rdf6J6dW3Bwc,Kanz Al Madina Gent saloon,False,MEN_OR_BARBER
ChIJoxuCOwBpXz4RjwqSo_mAsR4,Superior Haircut saloon,True,
ChIJXyKr36AyQyUR2As0LQMPFtk,The Rose & Crown Lifestyle Consultants,True,
ChIJj6xLaulpXz4RAFnUVEYB6ZA,Norbert's Nail Studio,True,
ChIJu50AUABrXz4Re4FwtRMFVuA,Glam and grace beauty salon,True,
ChIJ3Tw7bGVpXz4R0xKhpczUupM,CUTE & AMAZE GENTS SALON,False,MEN_OR_BARBER
ChIJj95Qj1VrXz4RO7TXi8TL814,Kimia Salon Dubai | Hair color | Balayage | Hair extensions | Nails,True,
ChIJ8y63aQBpXz4RR0M2JKNuISQ,Saloon,True,
ChIJM04ifgBpXz4RPz61qunOiB4,SkyMaid Accommodation,True,
ChIJUeiUt95tXz4Rem3ynVPA2CM,Nailsbyzinovic,True,
ChIJHxm_PJ9rXz4RfI7IB5-aA6A,Elite Luxurious Retreat Men's Salon,False,MEN_OR_BARBER
ChIJB3ibexBpXz4RWUiiiIhfd3E,Furless Permanent Al Quoz,True,
ChIJBd4LQ89rXz4RUdygT-QwBCA,Plaza Clinics - Jumeirah Dubai,False,MEDICAL
ChIJ8-2cniRqXz4RxP4N5tsMRIs,Fadia elmendelek,True,
ChIJGQHuH9tpXz4RCdhOYe4zaVQ,Juice Salon Dubai Hills,True,
ChIJ1zfVLCBDXz4ReSdaUI-nXZw,M3 BARBERSHOP,False,MEN_OR_BARBER
ChIJIfYqcwFpXz4RRia92jLAvoU,Desi Gents Salon,False,MEN_OR_BARBER
ChIJF6qiTdZpXz4RC91u2RSbWo4,"Mr Sam Ladies and Kids Salon - Alkhail Gate, Alquoz",False,KIDS_SALON
ChIJLdVX6hxpXz4RAq9BvnfdCOc,Fatima Makeup Artist,True,
ChIJx37kAxVpXz4RRzPnhd7HjXU,Quality Gents Saloon,False,MEN_OR_BARBER
ChIJb3hmvhhpXz4RgFy4CfzNLoE,Chic By 24Hairdxb,True,
ChIJWVOdSRVpXz4RuVCIucyY-as,QUALITY HAIR DRESSING SALOON (BR),True,
ChIJNyDuH3VpXz4RzBl3M_1dpdI,Patel beauty salon,True,
ChIJ3QO-LQBpXz4R53GIeevo0cM,Style and Trimmers Gents Salon LLC,False,MEN_OR_BARBER
ChIJ_zQLXDhpXz4RF7AlM7LVg8Y,Kahramana beauty center,True,
ChIJ5T7zUJtpXz4RKjmYJalkRLE,Oro Rosa Ladies Beauty Salon,True,
ChIJ06d9E-BpXz4R1NMNghcBTMs,Afro Glow Beauty Salon,True,
ChIJMbEyjAxpXz4REHnzrDi162k,Top To Toe Beauty Center Al Khail Gate,True,
ChIJzckmtpRpXz4Ryjt_12Z3QsA,Star Annabel Beauty Salon - Afro Dubai,True,
ChIJccJ83etpXz4R2crhhTWvWUM,Sri Lankan Saloon,True,
ChIJJTOjShRpXz4Rz89x3PV_ClA,Lavender Park Salon,True,
ChIJ01kQZkVpXz4RuWinByM2B94,Miss saba ladies salon,True,
ChIJDQXcqHxpXz4Ra9pyAJDPdmg,Perfect Look Ladies Salon,True,
ChIJMfsniUf1mCARZV0ym7fjIfs,"Plush Beauty Salon, Al Quoz",True,
ChIJZ4XnE6BpXz4RqBPsaJvJLY0,Falcon Construction Building Contracting Co LLC,True,
ChIJhZaB2DZpXz4RjzJWVsjPaUs,Chic and Shine Beauty Salon LLC,True,
ChIJg-5VBQBpXz4RlWgmAoyu3Uo,BUFF BEAUTY LOUNGE,True,
ChIJKZkhvGZpXz4RAh6GUh-RtmQ,Haircut,True,
ChIJwYZ89LNnXz4Rlvzjwz3Xpps,Fathi Gents Saloon Br,False,MEN_OR_BARBER
ChIJkZCLv5hpXz4RVd9_Qxccbd4,Sowalef Saloon (Br),True,
ChIJ4wscyqJtXz4Ru3HZPHSE77I,"Chaps and Co - Reform, The Lakes",False,MEN_OR_BARBER
ChIJtzgXBn1rXz4Rl_Rjud2Yvno,Caractere Gents Salon | Barber Shop - Panorama Green,False,MEN_OR_BARBER
ChIJ5xLrHoFrXz4RNGIbGIJ5z1o,Classic Vibes Gents Salon,False,MEN_OR_BARBER
ChIJVVVA7JhsXz4RpDbMLQunIKU,Hair By Marquee - The Lakes Club,True,
ChIJy6KMmXdrXz4RJXMjTMdLBgk,Robert Alexander Salon,True,
ChIJU3XoVANrXz4RU30Ih_o90Q0,Sasalon Dubai,True,
ChIJyTrWHnprXz4Rto8FGnV5ZPY,Bellissima Ladies Salon - Tecom (Barsha Heights),True,
ChIJkUyZtuxrXz4RWmh1jznT4GI,Feel Pink - Home Service Beauty Salon,True,
ChIJp06e4sJrXz4RjFEpJxhU-Jw,Mimosa Beauty Lounge Tecom Barsha Heights - Main Branch,True,
ChIJX-kVft1rXz4R-LMzUkNlzpo,Unik Hair Studio,True,
ChIJo3q5flMTXz4RlPYpV6U5_Bs,Gabis Hair Couture - Beauty Salon | Hair Extension | Nails Salon,True,
ChIJJzfDPXdrXz4RoTfdhC626W4,Posh Nails 🌸,True,
ChIJ-yd8knprXz4RWgqborDDIfE,Royal nails salon,True,
ChIJVVWVQHdrXz4RPyGhBUN7i8g,Sweet Lily Beauty Salon,True,
ChIJqdhUX1VtXz4REiskeYFJoSI,Lucky’s Signature Gents Salon,False,MEN_OR_BARBER
ChIJez-OdAxtXz4RNnYFb9zTq3I,Elliah Gents Salon & Barbershop - صالون إيليا للرجال JVC,False,MEN_OR_BARBER
ChIJo5ZxTIFtXz4RZHk_Yd81tJA,Black Mustache District Gents Salon,False,MEN_OR_BARBER
ChIJsyg7CnZsXz4Rk-Yffv8WZoQ,Al Sayah Saloon,True,
ChIJryHfZABtXz4R5yObGdb4I2c,Al barsha 3 street no 32 b,True,
ChIJB-vyU6ZtXz4Rv2cNskoZIJE,BOYKA Gents Salon - Barbershop In JVC,False,MEN_OR_BARBER
ChIJJ7Oi_httXz4R2sjbJujkR1c,Al qasas gents saloon,False,MEN_OR_BARBER
ChIJ3dMkZ51rXz4RbblnFNSf_GM,Blush N Curls Ladies Salon & Spa - Al Barsha - Best Beauty Salon in Barsha - Dubai,True,
ChIJIyKLAphrXz4RHEgl6t35TUU,Billionaire Gents Salon صالون بليونيرالرجالي,False,MEN_OR_BARBER
ChIJLRpXYfprXz4RzAMvLGro7sI,Beauty By Bella Salon,True,
ChIJEScKmOxrXz4RDITez8dct6A,Xpress Gent's Salon Best Salon in Al Barsha,False,MEN_OR_BARBER
ChIJ0U_cz5NrXz4R8AYMiLVahkA,Antiochia Turkish Gents Salon (Al Barsha Branch),False,MEN_OR_BARBER
ChIJQ-5ln3hrXz4RdSF8Zafve2Y,JIMMY’S Barber Shop,False,MEN_OR_BARBER
ChIJQz1TRFZrXz4RYTLpFzZp9hk,Al Najem Allamie Gents Salon,False,MEN_OR_BARBER
ChIJUUsbp3trXz4RRm3wbvh-OhM,Amour Gents Center Top-Rated Salon in Al Barsha,False,MEN_OR_BARBER
ChIJAzTjuIJrXz4RwXvwYUoD5-g,BLACK OAK GENTS SALON,False,MEN_OR_BARBER
ChIJdTfRmEFrXz4RYoHD5ice4Io,Lashes Mona Dubai | lamination | Eyelash Secret Ladies | Secret Home Service | Secret Eyelash | Lash | lash extensions,True,
ChIJ9bJ680NrXz4Rj_yWJ0q_eQk,Diamond Beauty Womens Salon LLC,True,
ChIJa6ckRZNrXz4RAJsIt1yntE8,Soul Senses Salon - Al Barsha,False,NON_OPERATIONAL
ChIJP4W79LBrXz4R3gNg8oK1oKk,Mondo capelli,True,
ChIJfz5zfOJrXz4RSCWkPu992OE,New ronak al madina gents salon est branch,False,MEN_OR_BARBER
ChIJgadI4RtrXz4R8BEcIUEHX9E,Limoz Logli Dubai,True,
ChIJKx3h-MlrXz4RTRrp-qHMogo,Royal Ruby Salon - Umm Al Sheif Dubai,False,MEN_OR_BARBER
ChIJO80Gb0pqXz4RfoYKXOdYOCE,Enigma Ladies Salon,True,
ChIJJVEHqvFrXz4Rh1hS5CYoakg,The Hair Tribe Salon,True,
ChIJY6uQjNpcXz4R9pJDKgGswWU,Seve & Co Beauty Lounge,True,
ChIJ11bBm75rXz4RkWtFZTgoTNY,NStyle Beauty Lounge,True,
ChIJjT3iAlhrXz4Ry9S3ncvqGro,MK - Best Barbershop in Dubai,False,MEN_OR_BARBER
ChIJo1Ydk0BqXz4R8slljwdDzrs,Hair By Marquee - Jumeirah Beach Road,True,
ChIJnan37ahrXz4Ra7CCeKlQXjw,HMT Gents Salon & Spa,False,MEN_OR_BARBER
ChIJjQuCFQBrXz4R6mMaK9O91E4,Eleven11 Beauty Salon - Al Manara,True,
ChIJm959yKduXz4RpyB-kzTNlLY,For You Gents Salon,False,MEN_OR_BARBER
ChIJMU_oXmBvXz4RdNaqe3MdeXY,IAZ hair salon,True,
ChIJXfz0UABvXz4RSoTElgOwhBc,صالون حلاقة رجالي 4U,False,MEN_OR_BARBER
ChIJeaFHDGtvXz4RHt3o4-KHdEM,BILLY CUTS BARBERSHOP LLC | Gents Salon- Arjan,False,MEN_OR_BARBER
ChIJYeLHIKxDXz4Rb1a_NVBlntY,SAMMY GREEN NATURAL BEAUTY,True,
ChIJ3wSfBrNuXz4RRtM5UdZlDi8,Executive Grooming For men,False,MEN_OR_BARBER
ChIJSbTVIT5vXz4R_IPGdpSzPr0,Al nisr mobile shop,True,
ChIJnfNhhAhsXz4Ri7u_uOPuDZE,Samayel Saloon,True,
ChIJ0VST3bNuXz4Rwk5BDnjbl0s,Zaki Gents Salon,False,MEN_OR_BARBER
ChIJ9a7TNlxrXz4RVSgwDD6QXHk,AL MAZYOON GENTS SALON,False,MEN_OR_BARBER
ChIJv4cPCk9vXz4RQpH3j7IBPc0,Hair Salon Pro 24,True,
ChIJd8Gi-49pXz4RlTDerz9ErHQ,Silvio Mobile Salon,False,MEN_OR_BARBER
ChIJcZDkgM5DXz4RQTZgKydxo8k,Styles & Smiles Gents African Salon,False,MEN_OR_BARBER
ChIJf5cjYVVpXz4R14QLUz4SgsI,ZAARA GENTS SALON,False,MEN_OR_BARBER
ChIJI0dvHGRpXz4RIPHNRZjnMBw,Lashkari Gents Saloon,False,MEN_OR_BARBER
ChIJI296UTRpXz4RMRbdqPYaXJ8,SKY ROCK,True,
ChIJJbUDMXxpXz4RxDAEmJ-kHIU,Quality hairdressing saloon,True,
ChIJV-RiO54QT24RdpXGMDzcPgM,Hussain star gents haircutting salon,False,MEN_OR_BARBER
ChIJOzo11BdpXz4RTJd5CMggfOY,Famous star gents saloon,False,MEN_OR_BARBER
ChIJ_6OnN69pXz4RAS7zG_6TrP0,Satisfaction Gents Saloon,False,MEN_OR_BARBER
ChIJS8oPKQBpXz4RkuW-tA5zUT0,ALEBTSAMA ALJAMEELA GENTS SALON,False,MEN_OR_BARBER
ChIJxXHGwSRpXz4RS1eNKFLUlRk,Excellence star saloon,True,
ChIJ1WDBHXVpXz4R1dAzL--opU0,Rooh al shabab,True,
ChIJHWwEZc9rXz4R9yRazDu1g6k,Al Areesh Star Gents Salon,False,MEN_OR_BARBER
ChIJB_ebbXNrXz4RxhPKknQT8Qg,Zahrat Al Qouz Gents Saloon,False,MEN_OR_BARBER
ChIJk28ebGBpXz4RfzihJvwWzuw,Madras Salon,True,
ChIJBxxPGmRpXz4RG3WRzxIyBvc,Jebal Ahad Gents Saloon,False,MEN_OR_BARBER
ChIJI0dvHGRpXz4RSeZQlSzRndc,Exclusive Gents Salon,False,MEN_OR_BARBER
ChIJNchE8-lpXz4RivrXQl_rK-w,AlShamal Gents Salon,False,MEN_OR_BARBER
ChIJ19VVRQBpXz4RAZSh-Z07jtI,Abid or Abdul Gani,True,
ChIJA-rWMGNDXz4R8EwkxfV_iFk,صالون الحريف للرجال,False,MEN_OR_BARBER
ChIJHZoqA4BrXz4RclXIbrKyJ6E,Senyar Gents Salon,False,MEN_OR_BARBER
ChIJC27iniRqXz4Rn5U3WZLv4tc,Gloss Salon and Academy,True,
ChIJfSWlcv9pXz4R_64UYoiBMos,ae.dreamgirlhair.com,True,
ChIJdZXAuaFrXz4RQGnewY7H5W8,Glow Pop House,True,
ChIJOTWWy55pXz4RH_AT-9joVf8,Al Fuhood Gents Saloon,False,MEN_OR_BARBER
ChIJVew1lrdpXz4RMXwmYrWcwbI,NAIZ TRADITIONAL SALOON,True,
ChIJbSpxCQBpXz4Ru9vM1COK1GQ,Best Stylish Gents Saloon,False,MEN_OR_BARBER
ChIJc2Txbq5pXz4RRlzAkygTmhg,ROOH AL SHABAB,True,
ChIJjRZVBBJpXz4RRkYXQw4_SfM,Better Gents Salon,False,MEN_OR_BARBER
ChIJ-97XZgBpXz4R0_Z0yPBEIhU,Prem,True,
ChIJa3LrBBJpXz4RWqNawfuYbbU,Whoz Next,True,
ChIJvY8VYoFpXz4R3WZqLQyUOYo,Joklisebeautyempire,True,
ChIJpZ5lntFpXz4RXnC4ESYVq3Y,Adiba gents salon,False,MEN_OR_BARBER
ChIJEwbcsT9pXz4RQPqHULCCDqU,Boota Gents Salon,False,MEN_OR_BARBER
ChIJPVos8UhpXz4RJOi12LXUmMg,Danielle_Styles,True,
ChIJkZoW7CxpXz4RVkej7eKHQTA,Smart men Saloon,False,MEN_OR_BARBER
ChIJCwZbcSVpXz4RuzxyBmd4AcQ,Hajr al zumurod salon,True,
ChIJH_BDO9xpXz4RfX4EHFM5Fjc,Al Marjan Gents Saloon,False,MEN_OR_BARBER
ChIJVVVVVaBpXz4RC9LlSJ9Vjic,Al Sayah gents salon,False,MEN_OR_BARBER
ChIJfV_2wkdpXz4REJCfVHAhbn8,Al Fady gents saloon,False,MEN_OR_BARBER
ChIJ54t4hKhpXz4Ra47JeSn4ZPA,Young Star Gents Saloon,False,MEN_OR_BARBER
ChIJZ1P8OnppXz4R7pCunM1oEuE,Al nebras salon,True,
ChIJjeQMzINpXz4R5fURul_5vM8,Imperial Gents Salon,False,MEN_OR_BARBER
ChIJVf_jlp9rXz4RcTacq8xxuUI,Afrobeauty Salon,True,
ChIJV02HjGxCSWYRogkA-pkRhUA,Nails And More Ladies Salon,True,
ChIJ27knXfVrXz4R2QIGIIqLN7M,Princess House Ladies Beauty Salon Al Barsha,True,
ChIJW78NYshrXz4RaPSUGNMD9AY,Beauty Point Salon-Dubai-Saratoga Complex-Al Barsha 1(9th BR),True,
ChIJh1aZEutrXz4RCx7Qc9uUfeg,Glitz Beauty Center - Al Barsha,True,
ChIJryJowShDXz4RdjDJanpm4So,The M Beauty Salon صالون ذا ام للتجميل,True,
ChIJZxi8datrXz4RHIphRY2kC0w,L&A nail room,True,
ChIJl3RV11tzXz4RMCjRl9HReJg,Foxy Lane Russian Nail Studio,True,
ChIJ1RsW_GhzXz4RbcP4Zz8s9Do,13:Thirteen Beauty Lounge,True,
ChIJ7fN-hTZqXz4RS6CZCKu0IwU,"Zah Beauty Lounge (Al Marasim Ladies Salon) - Best Henna, Facial, Hairspa, Manicure and Pedicure in Dubai",True,
ChIJF4k5d_hrXz4R0EjhASdjQu4,COZY POINT BEAUTY SALON LLC,True,
ChIJR1TyakprXz4RFMafdc6xLOA,Irene Toma Women’s Salon,True,
ChIJIbLkbnlrXz4Rrz2TOYJb9gU,EuroSpa Massage Center,True,
ChIJaSG2tI9dXz4RoknZReWXyNY,ME ONE Medical Center,False,MEDICAL
ChIJTx0RdcZrXz4Rz8J81BpPl78,Massage In Dubai,True,
ChIJe2YD28BrXz4RKoufr6L2at0,Massage The Royal Touch Dubai,True,
ChIJCezI4P9rXz4R0nwXd4TEEHU,Vue Spa Tecom,True,
ChIJI65tPz9rXz4RJ4U0iVaitYM,Linda massage spa,True,
ChIJ4xZWk9ZDXz4RHEBBt1Ep8_8,Blaire massage spa,True,
ChIJA4OPKuhrXz4R20oQFTVHP6I,Ross kim spa,True,
ChIJuXGbodhrXz4RGv7tTWrLEKo,Pine Spa By Wellbeings,True,
ChIJcXuIVgBtXz4RY20ST5Gxl2Y,Massage Relax Men Wellness Club,False,MEN_OR_BARBER
ChIJkUYWVIZdXz4Rbp0hSFKY6XE,Massage Relax Mia Pure Luxurion,True,
ChIJqdvBFgBtXz4RAl0AqmCKg14,Massage Venus Relax Body,True,
ChIJhepVPABrXz4RHAGxOZeao0w,Massage Sofia Europaen Relax,True,
ChIJIbl6DmFpXz4R7yGwGA-BCJk,Massage Outcall Dubai Relax Luxury,True,
ChIJaVrLSQATXz4RaFEZgFJwO2A,The Massage Relax Experience,True,
ChIJtU4NAQBrXz4RA_pZg73hyvI,Dubai spa massage golden,True,
ChIJySp0f5YNXz4RXqsUn_oKuXo,Massage Dubai Outcall Full Service,True,
ChIJyTpzQPJrXz4RGFhg4qWbVBM,Da Vinci European SPA,True,
ChIJofqfhH1rXz4RGxh8jSXZns8,New Times Barsha Spa Massage,True,
ChIJcUXPUJprXz4R6YlGfsR4Qjk,Effect SPA,True,
ChIJiVBAiphrXz4RUnPJUNzprQ8,Euphorium Ice Bath & Sauna Dubai - 24/7 Cold Plunge,True,
ChIJoc-3jAVrXz4RUdhE9X-6WJA,Bella Spa Dubai | Luxury Russian and European Massage Spa,True,
ChIJX49k-vVrXz4RwatI1fHJX-A,Shambala European Massage Spa Dubai,True,
ChIJiUZ7vhptXz4RhSDYQ0L45Rs,Gallery spa,True,
ChIJ2VCdVQBtXz4RW-BPHpoJXxw,Sultana Spa,True,
ChIJC7CwVwBtXz4RJNiGan1paWE,Massage Spa Thai ABC,True,
ChIJ39xcdgBtXz4RJsoSHYDFoes,Massage Spa Relaxing VIPA,True,
ChIJRfyYtMhtXz4RGYZummtxywk,Banyan Thai Spa,True,
ChIJ2dlNfU9tXz4RHyHLrYR3QZI,Yasmin Touch Foot Massage Center - FZCO,True,
ChIJtw7O9Iw4yaERvGfffTykmpM,Dream Spa Massage Relax,True,
ChIJo-kbGABDXz4RLOM91W6YlDQ,Massage Vip Butha,True,
ChIJHwj6CwBzXz4RuA6-FSouvfc,Massage Body Service Spa Katie,True,
ChIJf0B76atrXz4RqnlMK8X8TKo,Massage Home Dubai Relax,True,
ChIJAz38GbVvXz4RBjSqDI5m1Ls,Massage Spa Home Dubai Lucky,True,
ChIJhcKcWRRtXz4RXiiJH5_yPgQ,SASHA AESTHETIC AND WELLNESS POLY CLINIC,True,
ChIJux4QYQBtXz4RABrInK5lrRA,Massage Dubai Home Full Service Body Relaxing,True,
ChIJdxeryZRrXz4Rkc4vtQFBFcY,Lavana Spa Al Barsha,True,
ChIJ78QAX75rXz4Reqa7p4C_shs,Orange Spa,True,
ChIJZdQCgMZrXz4RaWt7QKrot4I,Evergreen Spa & Massage,True,
ChIJnRnt3-prXz4RZQlN5LUyof4,Gents Mania Saloon & Spa جنتس مينيا صالون و سبا,False,MEN_OR_BARBER
ChIJ42CHILlrXz4RuGyVNfmXXDY,Marolina Spa | Massage Spa - Al Barsha,True,
ChIJzRxDlhxodIMRTASUV4JX-9s,Massage in Dubai,True,
ChIJeeouRZNrXz4RhzS7a4kAwK0,"Soul Senses Spa & Wellness - Grandeur Hotel - Al Barsha, Dubai",True,
ChIJWUJQUHNrXz4RlDkI-mUlJIw,Destiny Care and Spa,True,
ChIJQ8JhaNGxMaMRu3kClxgpN6o,Rewind & Unwind Spa,True,
ChIJr10-BulrXz4RT4g6YaxNlVE,Mood Spa,True,
ChIJLyoOEKtrXz4RC68to61RK8Q,Talise Spa at Madinat Jumeirah,True,
ChIJlS90tidrXz4R9sLhUoq2Nw0,Skylark hotel spa massage مساج عربي تايلندي فندقي,True,
ChIJo04eOQdrXz4RL3tQ8nXl8Y0,Wode Tulip Spa Massage,True,
ChIJ9zGjqkVrXz4Rs0-DWOciP2w,"Soul Senses Spa & Wellness- Novotel Hotel, Al Barsha",True,
ChIJdy7IbqZtXz4RbUNabuRzfZo,Tulip SPA Massage Center,True,
ChIJY-2v1rprXz4Rrl3A33cOpJM,Golden Valley Spa,True,
ChIJCVNqbO9rXz4RKjZnAvPT0Mw,Happy Massage in Al Barsha,True,
ChIJZzdsHvxrXz4RDIBIVrBdZ9Y,Tarah massage spa,True,
ChIJXbXSJxFCXz4RLmXQ14weJiQ,The Pearl Spa and Wellness Jumeirah,True,
ChIJf7VZlwJrXz4R_kzxNzuPLL0,Ceylon home massage dubai,True,
ChIJb86iAmVrXz4ReesbFi4OGbo,Truelase Beauty Clinic - World Trade Center,False,MEDICAL
ChIJazzteQBrXz4RvoVX5tGP1vc,Golden Arabic Spa,True,
ChIJ-zaWLABrXz4RUXO0BPkpNxw,Massage Fidelma,True,
ChIJTzYuv9FnXz4RkvCnDzbDBfM,Dubai Massage Relax Spa Wellness,True,
ChIJFd7EeABzXz4RqkqHzBz3KTs,Massage Body Service Journey Spa,True,
ChIJg7u8AOtrXz4RhOGIDnwnz-A,Talise Spa at Jumeirah Beach Hotel,True,
ChIJ_a5BYVdqXz4RZ4v-Mt1NqNg,Talise Spa at Burj Al Arab,False,NON_OPERATIONAL
ChIJIbnJ6QRrXz4RU8Gl_myJxz8,Talise Spa at Marsa Al Arab,True,
ChIJG3VpJABrXz4RysA57QMzGn0,Best Spa Massage relaxing lucky,True,
ChIJKZG0HrBrXz4RPW6Z0dA8_7g,Massage Rubyyb Spa,True,
ChIJ90D8bwVrXz4RTojxIwwoGGA,Hadaiko Spa,True,
ChIJBSJ8KoX_9T4RO_Q0sGIRIUQ,Massage Phiona Relax Spa,True,
ChIJv3NqEQBtXz4RGVN7vQYRs2M,Vip Massage Relax Jenny,True,
ChIJASZ2xsZrXz4RqITncG2rgBo,Massage Ama Maia Spa,True,
ChIJyaBAMwBlXz4ROEjP0AXG-jg,Massage Relax Lily Body Spa,True,
ChIJaXJbpKVrXz4R0f4_C14opQM,Massage Relax Jane Spa Therapy,True,
ChIJA4ejHwBrXz4RdFbHkRPYzTk,Spa Massage Relax European - Dubai,True,
ChIJVVPIGjNrXz4RxuqfZwyB--o,Home Massage Relax Ava,True,
ChIJtfbdjhlrXz4RcucOOfcOzTU,Al Yamama Spa,True,
ChIJaVrArG1rXz4RfluqiTnOSEQ,Paradise European Spa -Best massage and Spa Dubai al Barsha,True,
ChIJgf2fLX9rXz4RuznYevEZZvo,WVL Al Barsha 1,True,
ChIJmY-VfQFrXz4RWrOTtGOO7m8,Maxwell No.1 Thai Spa,True,
ChIJK-vhbRVqXz4RApvHGLiKN8k,"Silkor Jumeirah Branch, Dubai - مركز سيلكور جميرا",False,MEDICAL
ChIJXXmT_UprXz4R4kF3RnJ_70s,Jumeirah Best SPA & Massage Center,True,
ChIJW_1alMprXz4RWRQqld6X660,Full Moon Spa & Massage Center in Jumeirah 3,True,
ChIJMciDnXRrXz4RTN8ha8OmReA,AZIZAM - Lashes | Brows | Facials,True,
ChIJWZqao3xrXz4R9N4evqzP8S8,Chi Foot Spa - JUMEIRAH,True,
ChIJ6ayQfi1DXz4RPLf-tBEVImk,Golden Taj Spa,False,NON_OPERATIONAL
ChIJtYrVr0xrXz4R8zT-yKKmXgY,Call Away home Spa,True,
ChIJO4HneABtXz4RbFV0Rb5tC5Y,Best Spa Massage Luxury Sunny,True,
ChIJJVA0MFsTXz4R5XuCAIxPW4g,Delight Massage & Spa,True,
ChIJuScPMQBrXz4Rwk0ROgdPFPY,Authentic Balinese Home Spa,True,
ChIJIZMvZidvXz4RaxpohCoYnsI,izil Moroccan Beauty,True,
ChIJxXsXjFNvXz4R1VUTCRdYs1U,Clarins Boutique & Spa (Dubai Hills Mall),True,
ChIJUTdYvm5DXz4RgAPmXI82MVo,Silk Road Massage,True,
ChIJfTMoSYBrXz4RwapdxCXLNSQ,Agatha Kennedy,True,
ChIJncM2YABrXz4RgJWKTCNAY4c,Sultana Spa,True,
ChIJRQz-OFVdXz4R9NE21yz_Y6E,Vip Relax Katina,True,
ChIJESVEI1pvXz4RnaoqewrucRI,Zayna Home Massage and Spa,True,
ChIJb542SgBvXz4RV08D4eDYMFo,Massage Relax Body Rejuvoria,True,
ChIJl7kFqUpvXz4RicJumfUtUCk,"Dreamworks Spa | Holiday Inn & Suites Science Park, Al Barsha South",True,
ChIJRT0ouj1vXz4RPPtbrzDWsbQ,Armonia Spa Millennium Mont Rose,False,NON_OPERATIONAL
ChIJTXy8kEZvXz4Ri55BFOQ-y08,Royal Ru Spa,True,
ChIJLTN7zDRvXz4ROV-dd4MIWGY,The S Massage Spa,True,
ChIJuT7HFQBvXz4R_pEX2drjgMI,Massage Relax Julia Spa,True,
ChIJiYM9ok1vXz4ROcBoEfrYB7A,Phatha Spa,True,
ChIJ2Rz8ZgBvXz4RIt7Crb-Moqg,Massage Relax Dream Body,True,
ChIJL2NgeqlpXz4RqYecJgIw2yk,Best Massage Outcall All Service,True,
ChIJKRIAkpplXz4RAy1RBlThm7M,Massage Vip Relax Sunny,True,
ChIJB0boWY5rXz4RPSVi5Kg9irk,Dr. Sura Alamiry | Aesthetic Doctor,True,
ChIJDdwhLgBpXz4RmrKXSx9UDQI,Massage body relax home service Dubai,True,
ChIJN8pbOHlpXz4R48FmUwSGAlY,Best Spa Massage Dubai Home,True,
ChIJUa3LUQBpXz4RsBUCHwk8Cgg,Gardenia Residence Massage Golden,True,
ChIJJ0ApP9drXz4Rjbm4Rj1Krss,Hottubkart Showroom,True,
ChIJIzPAlsBtXz4R4p5ujyG2oN8,Zen At Home - Best Home Spa Dubai and Abu Dhabi,True,
ChIJFSQXNwBpXz4RJ8J_42zP_4I,Ribi Beauty,True,
ChIJP-unmJ9rXz4R94hUIXZt-HM,Bio Sculpture Middle East LLC,True,
ChIJk2KqHgBpXz4RYI5U-ZUqzXs,Best Massage Spa Royal Zen,True,
ChIJQwu9B9dDXz4RGZqLXdWEOQw,Gentle Wave Massage,True,
ChIJxzuOSxFDXz4RT0-2SD8fcZg,Blue River Massage,True,
ChIJKfrAMiJqXz4RymVe08XbhU4,Shape Zoom Poly Clinic - Dr. Niloofar,False,MEDICAL
ChIJyT91Ni1rXz4R9Bo6PhpuiN0,Doctor Style Clinics,False,MEDICAL
ChIJXRbRNqNrXz4RbGTli5zTsSE,La Vogue Experts Polyclinic,False,MEDICAL
ChIJ07pS8UdrXz4R6NqF51nxu6I,Fit4You PolyClinic Dubai,False,MEDICAL
ChIJr12TzdJrXz4RQOJ80pRv3ag,Sultan Al Olama Medical Center Sheikh Zayed Road | مركز سلطان العلماء الطبي - شارع الشيخ زايد,False,MEDICAL
ChIJ0xSdHh5rXz4RWbTJCpUukkA,Rose Blossom Deli Arabic Spa & Massage - مساج عربي وحمام مغربي,True,
ChIJI0_NS7lpXz4RYlnBBr4yge8,Compass Swimming Pool Supplies,True,
ChIJAVGpfABpXz4Ru4Le-6tcc-U,Massage Relax Oasis Zolley,True,
ChIJ-VhJfgBpXz4RqsSdI4hEMGQ,Massage Relax Callista,True,
ChIJZyvLnudpXz4RnDsjp3lLqTQ,Grace Home Service Spa,True,
ChIJgVFQLANpXz4R0zcfb-2Hxhw,FURNISHED APARTMENT AVAILABLE,True,
ChIJMzdqGABpXz4RuIdXPrtWrFo,Massage Relax Body Emma,True,
ChIJd3Xj-UNpXz4RMCyq2ebcba8,Natueen Spa,True,
ChIJyzolEQBpXz4RG1Ttqs7j_SU,Massage Body Service Renewal Care,True,
ChIJZ2Q2HgBpXz4RzcKDsMYEBMQ,Massage Magic Touch Spa,True,
ChIJxyAzoT1pXz4R2M7Fdq3eOnY,Deluxe Best Spa,True,
ChIJY4opXABpXz4Rl61lvo6VQz8,Massage Spa Dubai Golden Relax,True,
ChIJcRPc8q5LXj4RBYS7OqLRv-4,Elara Beauty Salon,True,
ChIJWywIQUNLXj4Rsot9QiqeF5U,Abu hamdan gents salon branch,False,MEN_OR_BARBER
ChIJBfshCQBLXj4R8lLRss4p7rE,مطبع,True,
ChIJR52zG0hLXj4RkSrrjYMD-nU,صالون قصات للحلاقة الرجالية,False,MEN_OR_BARBER
ChIJs44zDgBLXj4Rghy_a-X3VBg,صالون دوتشي لوتشي,True,
ChIJSQFcsM5LXj4RSSQoyypSq7Q,Moon marimar beauty salon,True,
ChIJEyNXSwBLXj4Rryi_vyyFOf4,Neom Saloon,True,
ChIJmx1MGFJLXj4R1DeoQzykyR8,Tutsha beauty salon,True,
ChIJoehW3PVLXj4RU3UN_7ClLuM,صالون رويال بلوند للسيدات,True,
ChIJS4LrXUJKXj4R06eLXSFl_HI,صالون لابوبيوتي Labobeauty,True,
ChIJLYl3wtRLXj4RNRttv9F9nhs,Durrat al hess,True,
ChIJQ26d0qlLXj4RS8WBOhOn19I,صالون سونا الفلاح sona salon,True,
ChIJz2ltkixLXj4R7VAg6B_e7jg,Beauty Code Ladies Salon,True,
ChIJL3enYZ5LXj4RCZN40EB-Vsc,Al Dafra Al Dahabia Beauty Centre,True,
ChIJhTH3IQA3Xj4RxufTBS3mKI0,Sapna LADIES BEAUTY SALON HOME SERVICE ONLY صالون تجميل,True,
ChIJVXPDirlbXz4RgqUZG9GQD5c,مركز بسمة الحياة لطب الاسنان - الشارقة | Basmat Alhayat Dental Center - Sharjah,False,MEDICAL
ChIJEz8KWKD552IR_ZSDLvRqyNU,Grace Beauty At Home Service Salon,True,
ChIJJ81fMa9fXz4RR2t3BTPH7Ks,Paul Barber Branch -3 I Best Gents salon in Muweilah Sharjah,False,MEN_OR_BARBER
ChIJ1yByaqdfXz4RHhgEkUvYCZQ,Shams Muwaileh Beauty Center,True,
ChIJmbGG9mhfXz4RsF6TvXHGj8w,Noor Al Jamal Ladies Salon,True,
ChIJWxW2p2dfXz4RqBbXWd-aO2U,Shagufta Ladies Salon,True,
ChIJm7iVyrMlRqURIp9-0RjFOKc,Red Moon Beauty Center,True,
ChIJlwqgEzJfXz4RR6emFcENWZM,Show off ladies saloon,True,
ChIJj7Jm3t6b9T4RO1TlKMMHK8M,Feelings beauty salon,True,
ChIJE5wiehRfXz4RUOEscbo2EeY,SAYEDA AL FAAN LADIES SALOON,True,
ChIJBd3hzeJXfyMRta-fcmfoNuI,Royal Art Beauty Center,True,
ChIJf2rzvRhfXz4RzvR4GqMP9Hs,Tiaska Beauty Lounge (Shj.Branch),True,
ChIJCfMbbW9fXz4RveIw7fKrTCc,Nabeesa Abdul Wahab Beauty Center ( Ladies Salon ),True,
ChIJ8-KshT5fXz4RFvqgzFfqjeI,Najmat al sabha ladies saloon,True,
ChIJgXjaAONfXz4REdCrSVyL-xg,صالون العصر الحديث للسيدات,True,
ChIJY5yY3ABfXz4RTrXMjns12uQ,Jumairah Al Jadeed Ladies Saloon,True,
ChIJX8dksxlfXz4R1e1sT07AKUI,Elegant Style Ladies Beauty Salon by NIMI,True,
ChIJR2oDuj5fXz4Rfg8fpq3y1mU,Noure Beauty Center,True,
ChIJkf-pb2j59T4RhGpWeSp_mFA,90's Beauty Salon,True,
ChIJr-Xr3SJfXz4R2jUVpCOh9hE,Reesh Muwaileh,True,
ChIJg6NTysVfXz4RHQLIQndvGv8,Roses Dew Beauty Corner center by Smitha,True,
ChIJDVozUgBfXz4R1X5XT6W1Lwg,The beauty district,True,
ChIJ1eNhgd9fXz4RuvRh2auxfkM,Linda Khalid Beauty Center,True,
ChIJuzCH_qlfXz4RZh8WQHgLwd8,Rawaat Al Jamal Sharjah,True,
ChIJ39ts4aJfXz4RLvBpILB1RJY,Bride & Beauty Ladies Salon,True,
ChIJuZVysqtfXz4RAs7s9mqrbA4,AL ZAMAN HAIR DRESSING SALON,True,
ChIJW3M6-rBZXz4Rn6diDXflPtI,Al Farasha Al Muneera Ladies Saloon,True,
ChIJzSVJf9ZbXz4RASSqerM0e5Q,Saba Beauty Salon,True,
ChIJNRKy4MVfXz4ROisVR8S9AOs,Al Shamaa Al Thahabiah Ladies Salon,True,
ChIJCb0yMIJfXz4R8oHUfm67Tac,Vantage Gents Salon - Sharjah,False,MEN_OR_BARBER
ChIJI_nL7uhfXz4RwO5Ll855id4,Golden Mask Hairdressing Salon,True,
ChIJgbrxgIFfXz4RZanF2b-OebA,Al Raheath Ladies Salon,True,
ChIJ9Y-o93NfXz4Rm2DWuSR9SQQ,RAEHAT AL WARD LADIES SALON,True,
ChIJJw2C9KlfXz4ReoX785kXtzo,Albasha hairdressin saloon صالون الباشا للحلاقه,False,MEN_OR_BARBER
ChIJ4-AW0a9fXz4RCEyiveR4XNQ,Al Duha Salon,True,
ChIJNY29cDNZXz4RT5H-KSCWfCo,Bedashing Beauty Lounge Zawaya Walk,False,BEDASHING
ChIJkZEFdNZeXz4R8AGznZ7zfLk,Anamel beauty and nails spa,True,
ChIJ_830o2pfXz4R8Qx3ONhwrfE,Kalimat Beauty Center مركز كلمات للتجميل,True,
ChIJcfgzQz5ZXz4R76xWmFnB528,Meer Ladies Saloon,True,
ChIJL6YGUT5ZXz4RLXOvfgedjqw,Dhabiah saloon,True,
ChIJrZr_ZshZXz4RZYDbi28a91U,صالون جوجو للسيدات,True,
ChIJodR00X5ZXz4RrGIIFJ9JMOI,Amwaj Al Bahar Beauty Center,True,
ChIJoeEQFz9ZXz4RXeUXpm1BjR0,Sozan Ladies Saloon,True,
ChIJqZR6eBVZXz4RfrFe8JZTrJw,Farah's Beauty Lounge,True,
ChIJgZi0eABZXz4Reaj7bsAr8Hw,Sharjah,True,
ChIJFZ9XEABfXz4R34Q8hsCY-H0,صالون وليد الخليفه,True,
ChIJOb3nNT9ZXz4R0AlN378EF6c,DAR AL ZUMURUD BEAUTY CENTRE,True,
ChIJqyowzS1ZXz4RYeSkHpS17Wc,Azalea Beauty Center,True,
ChIJTbjikgtZXz4RMiGNoUNLPnw,Aisha Beauty Salon,True,
ChIJUSIIsRBZXz4R70gQkI41nIw,Al Burqou Ladies Saloon صالون البرقع,True,
ChIJR2ozSM5bXz4RulJTF9Db8wo,صالون وليلي للسيدات / الجزات Walili Ladies Salon,True,
ChIJX8Cw0BBZXz4Rb2uZZEkEAPw,Mawawil Ladies Saloon,True,
ChIJPZgJ0RBZXz4R5dRt5VZ5oYA,Sugar Iron Salon,True,
ChIJQVCFjfJZXz4RIeP-TQ2bbJU,Dar salwa ladies salon شیبا متخصصة کیا الصبغة الحواجب وترتيب الحواجب,True,
ChIJX8Cw0BBZXz4RQ911ijCqkZE,صالون صوفيا للسيدات,True,
ChIJY0PasBBZXz4RxxSBwQOhhLs,صالون الجوال للسيدات,True,
ChIJRwoDLABZXz4Rr9S5xixAydg,Al Ghaida ladies salon,True,
ChIJH9ezoptZXz4RfRCnIn9sH_4,la belle beauty center & spa,True,
ChIJ7xAfVzlZXz4RhaL2B6vjwkY,Sunflower beauty Center Br.1,True,
ChIJe72N3cNfXz4RSiXGHtRMUkA,Sphere,True,
ChIJBzCGSQBfXz4R2kEJKf63JkE,صالون ليانا للتجميل Layana Beauty Salon,True,
ChIJ7YAC5uZfXz4RAOK_CywTiUw,Karine Beauty Salon,True,
ChIJFZkKF4JfXz4RhqrSSsI3xps,The Herbal Ladies Salon - صالون الأعشاب للسيدات,True,
ChIJfUxSTsRfXz4RCsKQ7BV-KbM,Al Naqsha Salon,True,
ChIJQ_iYnghfXz4RCInkdSg3_Sw,Capri Beauty Center,True,
ChIJMeE-dnJfXz4RQivhpNxdXFA,Al zomorod beauty salon,True,
ChIJZ22FMPxfXz4R9Lfg4J_xjl0,صالون الخيول للحلاقة,False,MEN_OR_BARBER
ChIJU50SyDtfXz4RB-Gqo67mIxk,Hala Zenobia Beauty Salon,True,
ChIJl2BnIelfXz4RJgZZlncmjJQ,Rouge and liner Beauty Salon,True,
ChIJ71pkVgBfXz4Rd_5NevCpHqc,GLOW TIP BEAUTY CENTER,False,NON_OPERATIONAL
ChIJ5XP09olfXz4RuuUpt2nmxFA,GHAZAL BEAUTY SALOON صالون غــــــزل لـلـتـجـمـيـل,True,
ChIJndDtZQBfXz4RmMrbD-5gOFc,محمد ابوزاد للعناية الشخصية للرجال Muhammad Abuzar Gents Personal Care,False,MEN_OR_BARBER
ChIJb8vnGMFYXz4RNDvewkI1L4w,Loolya Beauty Centre,True,
ChIJ5z7QNuRYXz4RfwEqF0YOBNY,Altalah beauty& SPA centre,True,
ChIJq7Dq9v5ZXz4RQ4IhL0h77o0,مركز التاله للتجميل,True,
ChIJI6WupXZZXz4R-Uo2IrStg3M,Candela Spa,True,
ChIJyZLa-MNZXz4RuY4N3AHUYVs,Clove Beauty Center,True,
ChIJo3g7Ct5ZXz4RGQ0rROQAQc0,Sahar Beauty Saloon,True,
ChIJDZ-wGwD39T4R1OOO3DMuXEs,Al bayt Al Jamil beauty center,True,
ChIJESXeOdtZXz4RSMqq71Wclcs,Saloon,True,
ChIJ68UI4x1ZXz4RfrZX0vLwTe0,Tharwa ladies saloon,True,
ChIJeVCgMAxZXz4RtJIckLtRxIE,FEMMAURA BEAUTY LOUNGE,True,
ChIJTXs1jZT39T4RY5UFxgXBVVQ,Evon Beauty Center,True,
ChIJx0nJ0v339T4RyH6dSPj1r3I,..,True,
ChIJW8VsF-JeXz4RBfbSBWGMugE,Al Sahl Gents Saloon,False,MEN_OR_BARBER
ChIJQYAIdw5fXz4RsBCXNvyRoCs,Shuaa Al Shams Hairdressing Salon Sharjah Mouhailah,True,
ChIJL4sJdvtfXz4RMsvZXencQ0U,ADHWA ZABEEL HAIRDESSING SALON,True,
ChIJIbqEfFlfXz4RXyDQmljIUKo,Al sami hairdrasseng saloon,True,
ChIJs-a4h35fXz4Ri-8E6MA4Vlw,AIN AL KHAT HAIRDRESSING SALOON,True,
ChIJ_QLwmKNfXz4RjCgcb8GCpjw,Al zumrud thahabi hairdressing salon,True,
ChIJxVQXTP1eXz4R3cutwVG9DQk,Athar Al Yasmeen Hairdressing Saloon,True,
ChIJiTrU8QFfXz4RVa4ECRrlLmw,JESR AL LAYAH SALOON,True,
ChIJL5t8N-hfXz4RYzLtf_32rM8,Golden Tulip Beauty Salon,True,
ChIJmZXOS-FeXz4Rz2UAf-wp9og,Al Yaseen Hairdressing Saloon,True,
ChIJ_a_D5QBfXz4R9C41Iv-KujM,Salooon,True,
ChIJeQFglOFeXz4REJhcTkhk86k,Jaba Uhad Hairdressing Saloon,True,
ChIJ32l3BP1eXz4RJng1U7EQqxc,Bab Al Manakh Hauirdressing Saloon,True,
ChIJoZpADgBfXz4RuK8NGjJJApc,Rukn Al Darari Saloon,True,
ChIJ61YtAwBfXz4RpmHNgixT3Sg,KINGZ SALON,True,
ChIJqc5lqOJeXz4R6okjSKMM44U,Musharif Hairdressing Saloon,True,
ChIJy8KitONeXz4RFIdD_c0TnBg,Nor Al Qamar Gents Saloon,False,MEN_OR_BARBER
ChIJRd2ILQBfXz4RQoeMtZwc7xY,Tariq Al Tamayoz,True,
ChIJp48dfSZfXz4RUQuOzI99h08,Taj Al Nejoum Gents Saloon,False,MEN_OR_BARBER
ChIJRVW3wNpfXz4RBS0sxeihDHw,Rukn Al Ihtiraf Hairdressing Salon,True,
ChIJWycJ6W9fXz4RvFoNIqfYhV8,Al Sajada Al Hamra Gents Salon,False,MEN_OR_BARBER
ChIJg135IVJfXz4RrnzZCk-satQ,Annie Nunag Beauty Center,True,
ChIJW65DSgBfXz4RHc-voyGOxVQ,Barbers Village Gents Salon,False,MEN_OR_BARBER
ChIJo4unPS1ZXz4RHdmkexTugMQ,صالون الاختيار الاول للحلاقه,False,MEN_OR_BARBER
ChIJGQ0tODJZXz4Rl_nrk7UzIpI,Al Ismailia Hair Dressing Saloon,True,
ChIJI8lEDABfXz4Rrw_ts9Dr_og,Al Tamil Al Abyad Hairdressing Saloon,True,
ChIJrYrSF4lZXz4RYPxfvCT2ZLc,صالون فن الجاذبية,True,
ChIJ8RVCHxdZXz4RxiKB83TcVO0,Al Dour Haircutting Saloon,True,
ChIJUSIIsRBZXz4RkkOIx7qdTXA,Benin Hairdressing Saloon,True,
ChIJs_Pr3hVZXz4RGxil7Ff_884,Hairdresser Tahran Saloon,True,
ChIJax8yHhdZXz4RAjw7Td2209k,Halwan Hair Dresser Saloon,True,
ChIJ0dcd2lNZXz4RQKPU-kY2TN8,Hair By Blue,True,
ChIJVT4oZBhfXz4Rix4Oae6YTKc,Aida Beauty Salon LLC,True,
ChIJ-x70m8hfXz4RJp4k9nabaZ4,"Al badr Al Jameel hairdressing Salon Sharjah Haircut, Massage, Pedicure",True,
ChIJw3WgGHhfXz4RTEtkhaXcmQE,Luster Ladies Salon,True,
ChIJiShrsCxfXz4RMGrgk1TyvJc,Ain Al Jaydaa Ladies Salon,True,
ChIJEdGUSohZXz4RnakJtugwiL8,Al Maraa Al Latefah Ladies Saloon,True,
ChIJd032BwBfXz4RXwG-6BfD_Sg,صالون اوركيد لتجميل,True,
ChIJC7AgssZfXz4RrzpWn0WWa98,Al Jazera Sport,True,
ChIJQ-oeMz1fXz4RIIGdwedvDTg,al sadaf gents salon,False,MEN_OR_BARBER
ChIJR7Y_VWtfXz4RtyFWRD_I_S8,Hernando Gents Salon and Spa,False,MEN_OR_BARBER
ChIJ98r7BU9fXz4RC1YsqR0_O7A,Titanium Hairdressing Saloon صالون تيتانيوم للحلاقة,False,MEN_OR_BARBER
ChIJRTqRoFhZXz4Rodei4kBhuRM,8CQH+V34 Sharjah,True,
ChIJO2ACluZZXz4RbQ8pcNKKSrk,Canada SPA,True,
ChIJEeqr-cqrX0ERM21WrfvrUVQ,By Mila Bella Beauty,True,
ChIJs3UEXetDXj4RHt1DEeZYyhY,Mia Beauty Ladies Salon,True,
ChIJSbdHHABDXj4Rq30nMon0bKo,Massage Japan Luxury - Nippon Signature,True,
ChIJgXI3g2JBXj4R6K9U-w5987A,Eyelash Extension Center,True,
ChIJ283PSsBBXj4REO-rAvURQTo,Continental saloon,True,
ChIJE__JMcNBXj4REcdk-ayGa_4,MYSTIC BEAUTY SALON,True,
ChIJESX9gGVBXj4RR5BCaPBOGxw,Bright Organic برايت اورجانيك,False,NON_OPERATIONAL
ChIJZ38nrbZDXj4ROxX_vYH2IC0,Massage Male therapist,True,
ChIJw2ikwxRDXj4RT2zkIXPGqlM,Massage PvD European Chips,True,
ChIJl7_SMwBBXj4RPp45Y4qDIwc,Massage Sauna Abuvip Home Relaxing,True,
ChIJcTxuQwBBXj4RPzFEJ4VnIT8,Massage Taiwan Muzoun,True,
ChIJeQ6WGoNBXj4RUWvWXTH93Tc,Massage Europen holiday spa zuzz,True,
ChIJw-9nPwBBXj4RaytrObMQ7O8,Massage Korean Luxury Relax Studio,True,
ChIJsZcdI0VCXj4RcqqbomF0j6w,Sugarcoat Ladies Beauty Salon,True,
ChIJx5hdNjFDXj4RaCf8w3PXD_w,Sia Beauty Center,True,
ChIJs5L5tmBCXj4R_YzDA_PrLr0,Her Bar Ladies Salon,True,
ChIJMSPAaYFlXj4Ruu3zlL1_kDM,Yaz ladies salon,True,
ChIJV-fwFABDXj4R4GLh2qIid8c,Taiwanese Massage Urban Escape,True,
ChIJGfqJG55pXj4R7xT9SIYYmPA,Hijab Clinic,True,
ChIJIWprIQBDXj4RZpjPF20zG0k,Taiwan Massage VIP - Majestic Care,True,
ChIJLzU9cgBDXj4R3Vi6c5LO31E,Taiwanese Massage Aura Space,True,
ChIJQ2oV-19BXj4RbojsujTRCSo,Good Men Gents Salon,False,MEN_OR_BARBER
ChIJl_BR0P1BXj4REznJfGmt6co,Sulal Gents Hairdressing Salon,False,MEN_OR_BARBER
ChIJI_jQCXdBXj4RO7ZQppfJW7U,V star bike place,True,
ChIJ4dGnMABBXj4RAMZI-FBiViM,Blue City Gents Saloon,False,MEN_OR_BARBER
ChIJpbza7-VBXj4R25UYPEzqIfQ,AL RIDA GENTS SALOON,False,MEN_OR_BARBER
ChIJG3JHw6JBXj4R4ymOSd6lYo0,Pearl Style Gents Saloon,False,MEN_OR_BARBER
ChIJRd8HTX1BXj4RzhD0Ll52bD8,Fashion box salon,True,
ChIJ2xHlQA1BXj4RJQNcmkvEqQ0,صالون تجميل,True,
ChIJRa8tBPRBXj4RwW1TEi2igWM,RIMI GENTS SALON,False,MEN_OR_BARBER
ChIJhXJdydZHXj4RqFWkuoidlqA,Companion Beauty Salon & SPA| Mazyad Mall Branch,True,
ChIJUWAtgZZBXj4RXG5RVhUuGYA,LASH ME Ladies SALONلاش مي صالون للسيدات,True,
ChIJH70e0D5BXj4RTlmr6g49yAg,Naz Beauty Ladies Salon (Mall Branch),True,
ChIJzzDTfQBHXj4RN13xdSEKIpE,Ask Beauty Salon,True,
ChIJg7NaFiNHXj4RQ3Be-E7XynE,Clair De Lune Spa And Salon For Ladies صالون و سبا كلير دو لون للسيدات,True,
ChIJS45cBMlHXj4RkBwXUGg-P9Q,Bright color Gents Saloon & Bright look Ladies saloon,False,MEN_OR_BARBER
ChIJjw-oAIZBXj4RYs_ZF8S82Wc,HD Beauty Salon - Al Qana,True,
ChIJJT5ZErJGXj4R7VeU-kgIwzI,Gossip Day Spa,True,
ChIJV4F6t4VHXj4RFM9DyQdTykQ,Luce E Luna Beauty Lounge Al Rayyana,True,
ChIJC0BEUwBBXj4RgJ_SiucGyEw,Taiwan Massage VIP - Forest Rain,True,
ChIJz-MhUKJHXj4Rh6q7eTa2Zis,Definition The Hair Expert - Al Forsan Branch,True,
ChIJQWuJfaBBXj4R2OwOYJTPCRQ,Siniora star ladies beauty&spa,False,NON_OPERATIONAL
ChIJbzaVH0xFXj4R4sopMv_a0Ts,Samreen Beauty Saloon,True,
ChIJgVU2UABFXj4RrnJ9POOqlsM,Massage Korean Luxury Heaven Touch,True,
ChIJBY9muG5DXj4RV-rTK3YN8mc,Salon Al Shafra Al Masiya,True,
ChIJUwh_7hJBXj4RT9ne8taJJjY,Style Star Salon & Spa (Branch),True,
ChIJw17T9ldBXj4RFUTg6BdpQyA,Remon Shill Gents Saloon,False,MEN_OR_BARBER
ChIJ9bnhwNBAXj4R7AbIipzaiOg,Day Star Gents Saloon,False,MEN_OR_BARBER
ChIJ-R8nqc9BXj4R1Gg3SAfd9BQ,Dream Tower Gents Saloon,False,MEN_OR_BARBER
ChIJuavuz6C5aGYRE7q7zUhfmw4,Nice view gents saloon,False,MEN_OR_BARBER
ChIJU1NLxAZBXj4R2_ehRiL3EOQ,Kazal gents hairdressing saloon,False,MEN_OR_BARBER
ChIJd57w55lBXj4RuDPBQ5iqCFk,ROCKY GENTS SALON,False,MEN_OR_BARBER
ChIJcy-3Iz5BXj4RlGRz3fzc-m4,Magic Touch Mens Salon,False,MEN_OR_BARBER
ChIJqVKLJgBBXj4RGMhHpW9fOHA,Relax-Mode-Me-Barber-Shop,False,MEN_OR_BARBER
ChIJPxaeDBRBXj4RWPy4QAEY_ac,New Style Gents Hairdressing Saloon,False,MEN_OR_BARBER
ChIJxQJEAwBBXj4RyV2rj8yoNWQ,حلاق خليفة العامري,False,MEN_OR_BARBER
ChIJIVrUotRAXj4Rxa-cbe06qdM,Step Gents Salon,False,MEN_OR_BARBER
ChIJg2R7ewBHXj4RZ3xZfildIzQ,MiMi beauty salon (Capital Mall),True,
ChIJdXiC7-xHXj4RtXjOQOgk60A,muhammed bin Zayed city,True,
ChIJOXCASgBBXj4ReiTJQeiDRD8,Abu Dhabi Mustafa M2,True,
ChIJ7U_bsHdBXj4R7cSQt4Hd_B0,DaWoOD-CaNor-SalOON,True,
ChIJ4ejZDipBXj4R3GVunP6Qwo0,Super fine SALON,True,
ChIJDaOdIwBDXj4RpYUAdbFvoVw,Massage Opera Services Relax,True,
ChIJqxRDl-RHXj4R673QfVkpEws,Massage Repucblic Abudhabi Relax,True,
ChIJgzuQPwBDXj4RhuwUjQr7RLc,Golden Massage Relax Studio,True,
ChIJsUzKsMRpXj4R5NeErIHuQzE,Massage Relax Serenity Abu Dhabi,True,
ChIJkcDxN0gS0YkRW1e2WQQScNA,Home Massage Wellness Paradise Georgia,True,
ChIJBTL1OQBBXj4RmA94qiC1DwI,Massage Relax Men Harmony Spa,False,MEN_OR_BARBER
ChIJQ_Zi26BBXj4Rd3sYGNWTuCk,Abu Dhabi Massage Relax Amelia,True,
ChIJpa6NqhNBXj4ROdCkA5hOvFU,Massage Relax Curia Lisa Enjoy,True,
ChIJhVzGfV5DXj4RJTBoSLzVPuE,Massage Relax Holidays Professional Harmony,True,
ChIJRS3pHQBDXj4RKzmq0gi8wdY,The Massage Relax Services UAE,True,
ChIJRQIxgKZpXj4RyQSld2lVgkk,Massage Relax Holidays Professional Oasis,True,
ChIJi8z-5G1DXj4RtoRCjfegJT4,Serene Spa Massage,True,
ChIJHy1lWABBXj4RhkWLDS_hlPw,Massage Relax True Perfec,True,
ChIJdT6XNwBDXj4RZK3syYtiYqQ,Massage Amazing Home Rotana,True,
ChIJR_9gT15BXj4RQGBc3cOMlYU,Massage Relax Home Abudhabi Sunny,True,
ChIJt_YVKwBDXj4RmTP-hMMns0A,Massage Taiwan Ruby Relax,True,
ChIJ_1qZJtVnXj4RrGd1SsB3oUw,Massage Relax The Galleria,True,
ChIJZT32XwBpXj4RujheJNWwdH8,Home Massage Relaxion Rose,True,
ChIJ_-H4y5h2GoARDEjx3O4SE_8,Heaven Massage Home Private,True,
ChIJEVrTmEUPjCkRro729VxYhjA,Massage Luna - At Hotels For Men and Home,False,MEN_OR_BARBER
ChIJTez5vSV_Sy8R0QLz_EVPU-Q,Aurora Massage - Home Massage FunBody Service,True,
ChIJDTZ_6QRBXj4RofJUIxh5qKc,Massage Russia Relax Spa VIP,True,
ChIJOXLHumpBXj4RqIcIGA0g6nI,Massage Relax Home Abudhabi Well,True,
ChIJtbdvUqdBXj4RuEZ9nD3VrBA,Aurdi best massage spa,True,
ChIJb8PERABHXj4RqBX8ETpIz00,The Massage Relax Winner,True,
ChIJAffmIQBBXj4RcOC8dEoIHKM,Massage Abu Dhabi Gold,True,
ChIJaVu-AqlGXj4Rol1jDv2oPSc,Abu Dhabi Golf Resort,True,
ChIJ_yquDwBPXj4R_NWkAgRdUrY,Massage Relax Home Holidays Aura,True,
ChIJuY1dHABHXj4Rj4y9O3JHKLA,Home Massage Relax And Nancy Spa,True,
ChIJEfuAJwBHXj4RldvhWw20cww,Massage Sense And Serenity Hotel Spa,True,
ChIJcx_dboX49D4R6v_PPZAcIBs,Mega Ladies Saloon,True,
ChIJ1cezDpL49D4RHBXwfFyRLWQ,Marimar Ladies Saloon,True,
ChIJscAvF5n59D4Rio2K29MSl3A,صالون الماغنوليا,True,
ChIJyRKFBgD59D4RfW9dZDMLbqI,صالون سر الفخامة للتجميل,True,
ChIJ32Rmo2D49D4RK0IkD2ObwjY,نايا صالون للسيدات,True,
ChIJnSl0HQb59D4RA6debIfY-Z4,5 stars suaad saloon,True,
ChIJzyN1o-H59D4Rw9iy4vADEeY,awash salon,True,
ChIJD7n4BgD59D4R9bn4w8a3esw,48CW+5CWQ - Al ghurfah - fujairah,True,
ChIJbX-JnGD49D4RtXZ_ZO0Joxg,Al Mas Beauty Saloon,True,
ChIJt8RNXHT59D4RfwrwpvaAb0k,Meem Beauty Salon,True,
ChIJO8wAEQD59D4R2E5Qp-yU_-8,صالون يدوه فرع الفجيرة,True,
ChIJKTFxIwD59D4RFNKVHf4qCFE,صالون بنت الرافدين,True,
ChIJmeKrJgz59D4RdbIK0zGnJ78,صالون ربوع لبنان,True,
ChIJ0cnQ33759D4RQwOlK2BLAgc,BEAUTY SPOT LADIES SALON - صالون بقعة الجمال للسيدات,True,
ChIJGUXscAD59D4RqaF9iiysQnw,Amirat Al Layl Ladies Salon,True,
ChIJM0ecid359D4Rq20uS8tixXU,صالون القطوف للتجميل,True,
ChIJF4fjcQD59D4RSdnMf42_rt0,Lafayette Beauty Centre,True,
ChIJ9YdgH_L59D4RwDQsuse0M9s,Ra beautysalon رموش الغزال,True,
ChIJQ32IFR359D4RA34PgGaWplc,صالون السدن للتجميل,True,
ChIJl9Yf5kP49D4RVUuVyOClAYI,Barbies Beauty Center,True,
ChIJvZtukV359D4RMOK83xSB1Fc,Dr Hussam Askar clinic Syria سوريا د حسام عسكر,False,MEDICAL
ChIJ4XP-UoH59D4RONVJa93xr04,Fanar,True,
ChIJl_U-NyX59D4RRtufc8fLEaQ,مركز نفرتيتي للتجميل الفجيرة,True,
ChIJyYqAOIj49D4RZuVZ_rpyEOc,Shahed Beauty Centre,True,
ChIJ7aPMZsH59D4ReOtmGf_raWE,Paris Beauty Center,True,
ChIJ_bpCHfb59D4R0qHQZozKEY0,Royal nails,True,
ChIJLQ3n7rRX9D4RExSVbDRPnTw,cloudy beauty salon,True,
ChIJ7UUo6RxX9D4RYHufB-ZSpNc,House of Beauty (Russian Salon),True,
ChIJKf-PbXhX9D4RmGf9MunuoDE,مركر تفانين للتجميل,True,
ChIJ_____9pX9D4RU7fGy7WyfQY,La Rose Spa,True,
ChIJ23rrOgD59D4Rn7VrLSi7r8E,داناي بيوتي Danai beauty&spa,True,
ChIJ0wLpSGRX9D4RtgPoNG0xhAU,Ganakshi ladies saloon,True,
ChIJgxS3R2FX9D4RQdcQjkrw3R8,Alia beauty salon,True,
ChIJywODVtlX9D4R9FAQ0OquQMo,Fringe Gents Saloon,False,MEN_OR_BARBER
ChIJew18Ljn59D4RPW_itGVtJ5E,Halo spa center مركز هالو للتجميل,True,
ChIJPVD01JP49D4RVheBiFC89Yc,HairLovie Centre,True,
ChIJPx2hVdT59D4RGe6czyZE3PY,صالون الأميرة لمار الفجيرة ( الغرفة ),True,
ChIJfxd-SO759D4RNOogFRhy6QY,Beauty Magic Centre Fujairah,True,
ChIJ2XbNAsP59D4RDZ0MIP7u55I,WAVES LADIES BEAUTY SALON & SPA صالون ومنتجع صحي ويفز لتجميل السيدات,True,
ChIJVY0b7XH49D4RQxmYoiAOaXQ,MALIK SALOON ( Gents Saloon),False,MEN_OR_BARBER
ChIJZYlAMwD59D4RLHYEdWj8ANI,TOTA BEAUTY SALON,True,
ChIJ7YOCY0z59D4Rrb1fssFSL8E,Couifr saloon صالون كوافير,True,
ChIJDdRAonH49D4ReFlkJ6LIlBM,black rose beauty lounge,True,
ChIJc13OVcD59D4RqhfKlmLenB8,Majed Hair Saloon,True,
ChIJEfAGBgD59D4R259kuEZtKkE,"Fujairah , Ghurfah",True,
ChIJkdbTcoX59D4Rnds8X9bDNBc,SHAMANI BEAUTY CENTRE | مركز شماني للتجميل للسيدات والعناية بالاطفال,True,
ChIJAbpUEzVX9D4RYxko2oeuN1I,Nashr Ladies Salon,True,
ChIJVc308s1X9D4Rl20ej_2WoMA,The Rose Ladies Salon,True,
ChIJZZ-I1FJX9D4RlVcSOOwQOVQ,golden chain beauty salon,True,
ChIJka7OIQBX9D4RykaSV1HbXDs,Feray beauty salon,True,
ChIJ46JNaABX9D4RidIJJwkzgZg,Marigold Beauty Centre,True,
ChIJ40OfV7b59D4RmxNC0cQaWnk,B beauty salon,True,
ChIJTSXckIz49D4R2U9CwipDDRM,Aamir Saloon,True,
ChIJ2xTqzhj59D4RdXxqGguYR5E,صالون النبض للحلاقة الرجالية,False,MEN_OR_BARBER
ChIJnbxjq4n49D4RF6_ardE48ok,Marhaba Hairdressers,True,
ChIJ-aaDEL1X9D4RndeuujNYRco,Al ARABIYA GENTS SALOON NEWSAKAMKAM FUJAIRAH,False,MEN_OR_BARBER
ChIJT07eO2FX9D4ReGUEv-jp5Tw,Wadi shams Saloon,True,
ChIJYZM4wT5X9D4RNWfbHPLcevM,Gent’s Salon Al Najm Al Lamea,False,MEN_OR_BARBER
ChIJIWZ1gP5X9D4Rv9jm21wC3Dg,Casabalanca Style Gents Hair Dresser,False,MEN_OR_BARBER
ChIJW4O0SwBX9D4RbCYvqzzb_wQ,صالون اكس مان Salon X_man صالون الفصيل,True,
ChIJTdKDAwD59D4RYAevvDvIQbg,صالون المشاري,True,
ChIJ_wTSBW749D4R0EXIRWiW_5s,Al Dana Saloon,True,
ChIJBf6DH0L49D4R10QW5O8ndR8,Al Bahar Hair Cutting Saloon,True,
ChIJ80AlKYb59D4RvJgYXE7MaSQ,هاني المصري للحلاقة Hany Elmasry Barbershop,False,MEN_OR_BARBER
ChIJE51Umun59D4RHX7n04aN7XM,Casa Blanca Gents Saloon,False,MEN_OR_BARBER
ChIJF8bhlQ5X9D4Rb3VdU9Ks7Z4,Olivera spa,True,
ChIJG2V1Cl759D4RQquOmYbfd1o,Relieve Fujairah,False,MEDICAL
ChIJ48ma6yv59D4RAbswPmAgxkI,Olive spa,True,
ChIJS_bQxnv59D4R_vgvg0DIm7w,Oasis Spa,True,
ChIJtZvbeaE5Xj4RcFGOifDqc9A,صالون الفارس البيض لرجال,True,
ChIJBxiWyZE3Xj4RC8cf-0yK3kQ,Salon Arous al sahra al gabat branch,True,
ChIJK1Ok9FY3Xj4RCP6gmI_LbbI,Best moments salon,True,
ChIJtxEsPYA3Xj4RxcW4fkSzM3c,Romantic Salon for Ladies-صالون رومانتك للسيدات,True,
ChIJ_fWpmn03Xj4RBLvrJhyU1cU,صالون اولار لتجميل السيدات,False,NON_OPERATIONAL
ChIJo-M-QIM3Xj4R6Kb4dHbsx_E,Posh Beauty Center,True,
ChIJsRoSa4M3Xj4RfpDYwYxKiBM,صالون الصريديه,True,
ChIJ33S81d03Xj4RVkwcJB47i9A,abu hamdan gents salon,False,MEN_OR_BARBER
ChIJiUTSwwg3Xj4RYEmmf_GEyjQ,Abu hamdan gents salon - branch 3,False,MEN_OR_BARBER
