competitor_place_id,competitor_name,competitor_tier,observed_search_type,primary_type,primary_type_display,types,address,latitude,longitude,rating,review_count,business_status,phone,website,google_maps_url,opening_hours,source,retrieved_at
ChIJdeU-c_JlXj4Rki8SWllWktw,InterContinental Abu Dhabi by IHG,ADJACENT,spa,hotel,Hotel,"hotel, massage_spa, resort_hotel, wedding_venue, convention_center, massage, spa, event_venue, lodging, restaurant, food, point_of_interest, service, establishment",King Abdullah Bin Abdulaziz Al Saud St - Al Bateen - W33 - Abu Dhabi,24.4577346,54.334673900000006,4.8,24729.0,OPERATIONAL,+971 2 666 6888,https://www.ihg.com/intercontinental/hotels/gb/en/abu-dhabi/auhha/hoteldetail?cm_mmc=GoogleMaps-_-IC-_-AE-_-AUHHA,https://maps.google.com/?cid=15893860976707121042&g_mp=Cilnb29nbGUubWFwcy5wbGFjZXMudjEuUGxhY2VzLlNlYXJjaE5lYXJieRACGAQgAA,,Google Places API (New) Nearby Search,2026-09-02T15:22:51+00:00
ChIJS-V5iO5CXz4RBNn7K8JMwBg,Conrad Dubai,ADJACENT,spa,hotel,Hotel,"hotel, banquet_hall, business_center, wedding_venue, spa, lodging, event_venue, service, point_of_interest, establishment",Sheikh Zayed Rd - Trade Center First - Dubai,25.225660299999998,55.2840912,4.7,23856.0,OPERATIONAL,+971 4 444 7444,https://www.hilton.com/en/hotels/dxbcdci-conrad-dubai/?SEO_id=GMB-EMEA-CI-DXBCDCI,https://maps.google.com/?cid=1783509849284008196&g_mp=Cilnb29nbGUubWFwcy5wbGFjZXMudjEuUGxhY2VzLlNlYXJjaE5lYXJieRACGAQgAA,,Google Places API (New) Nearby Search,2026-09-02T15:22:51+00:00
ChIJ7za_SY1FXj4R1gEhQkwqFQU,Hilton Abu Dhabi Yas Island,ADJACENT,spa,resort_hotel,Resort hotel,"resort_hotel, business_center, banquet_hall, wedding_venue, hotel, spa, event_venue, lodging, point_of_interest, service, establishment",Yas Bay - Yas Island - YS2 - Abu Dhabi,24.4594232,54.6011471,4.8,19961.0,OPERATIONAL,+971 2 208 6888,https://www.hilton.com/en/hotels/auhyihi-hilton-abu-dhabi-yas-island/?SEO_id=GMB-EMEA-HI-AUHYIHI,https://maps.google.com/?cid=366245451715903958&g_mp=Cilnb29nbGUubWFwcy5wbGFjZXMudjEuUGxhY2VzLlNlYXJjaE5lYXJieRACGAQgAA,,Google Places API (New) Nearby Search,2026-09-02T15:22:51+00:00
ChIJjwmGh3xdXz4RkyRUy7IXAAY,InterContinental Dubai Festival City by IHG,ADJACENT,spa,hotel,Hotel,"hotel, massage_spa, convention_center, wedding_venue, resort_hotel, spa, massage, lodging, event_venue, service, restaurant, food, point_of_interest, establishment",Po 45777 - Al Wasl - Dubai,25.2048493,55.2707828,4.8,19368.0,OPERATIONAL,+971 4 701 1111,https://www.ihg.com/intercontinental/hotels/gb/en/dubai/dxbhb/hoteldetail?cm_mmc=GoogleMaps-_-IC-_-AE-_-DXBHB,https://maps.google.com/?cid=432371620910474387&g_mp=Cilnb29nbGUubWFwcy5wbGFjZXMudjEuUGxhY2VzLlNlYXJjaE5lYXJieRACGAQgAA,,Google Places API (New) Nearby Search,2026-09-02T15:22:51+00:00
ChIJA9g7M45FXj4RgCVL-7Yomi8,Yas Plaza Marina,ADJACENT,spa,resort_hotel,Resort hotel,"resort_hotel, massage_spa, wedding_venue, hotel, massage, spa, event_venue, lodging, point_of_interest, service, establishment",Marina - Yas Island - Yas Plaza - Abu Dhabi,24.466022799999998,54.5992604,4.7,15346.0,OPERATIONAL,+971 2 656 4444,https://www.ihg.com/spnd/hotels/gb/en/abu-dhabi/auhay/hoteldetail?cm_mmc=GoogleMaps-_-SP-_-AE-_-AUHAY,https://maps.google.com/?cid=3430098832561218944&g_mp=Cilnb29nbGUubWFwcy5wbGFjZXMudjEuUGxhY2VzLlNlYXJjaE5lYXJieRACGAQgAA,,Google Places API (New) Nearby Search,2026-09-02T15:22:51+00:00
ChIJa_OlIrxrXz4RwRVPdS8D2yI,Kempinski Hotel Mall of the Emirates,ADJACENT,spa,hotel,Hotel,"hotel, spanish_restaurant, spa, event_venue, italian_restaurant, european_restaurant, lodging, restaurant, food, point_of_interest, establishment",Mall of The Emirates - Sheikh Zayed Rd - Al Barsha First - Al Barsha - Dubai,25.1187246,55.1975641,4.8,13701.0,OPERATIONAL,+971 4 341 0000,https://www.kempinski.com/en/mall-of-the-emirates?utm_medium=organic&utm_source=google&utm_campaign=KIDXB&utm_content=gmb&source=S308962248,https://maps.google.com/?cid=2511604719555646913&g_mp=Cilnb29nbGUubWFwcy5wbGFjZXMudjEuUGxhY2VzLlNlYXJjaE5lYXJieRACGAQgAA,,Google Places API (New) Nearby Search,2026-09-02T15:22:51+00:00
ChIJk9Owd1FmXj4RjsvTFRagkiE,Beach Rotana,ADJACENT,spa,hotel,Hotel,"hotel, fitness_center, resort_hotel, wedding_venue, gym, fine_dining_restaurant, spa, event_venue, sports_activity_location, lodging, health, restaurant, food, point_of_interest, service, establishment",10th St - Al Zahiyah - E16 01 - Abu Dhabi,24.4946073,54.383796,4.6,12314.0,OPERATIONAL,+971 2 697 9000,https://www.rotana.com/rotanahotelandresorts/unitedarabemirates/abudhabi/beachrotana?utm_source=google&utm_medium=local&utm_campaign=hotel,https://maps.google.com/?cid=2419171966567304078&g_mp=Cilnb29nbGUubWFwcy5wbGFjZXMudjEuUGxhY2VzLlNlYXJjaE5lYXJieRACGAQgAA,,Google Places API (New) Nearby Search,2026-09-02T15:22:51+00:00
ChIJGby4pNtpXz4RBWuG57JncIE,Hilton Dubai Al Habtoor City,ADJACENT,spa,hotel,Hotel,"hotel, banquet_hall, wedding_venue, spa, lodging, event_venue, service, point_of_interest, establishment",Al Habtoor City - Sheikh Zayed Rd - Business Bay - Dubai,25.1844955,55.255257199999996,4.5,11962.0,OPERATIONAL,+971 4 437 3333,https://www.hilton.com/en/hotels/dxbahhi-hilton-dubai-al-habtoor-city/?SEO_id=GMB-EMEA-HI-DXBAHHI,https://maps.google.com/?cid=9327068846370482949&g_mp=Cilnb29nbGUubWFwcy5wbGFjZXMudjEuUGxhY2VzLlNlYXJjaE5lYXJieRACGAQgAA,,Google Places API (New) Nearby Search,2026-09-02T15:22:51+00:00
ChIJIX9-hZNlXj4RvO2QAgB5g18,Conrad Abu Dhabi Etihad Towers,ADJACENT,spa,hotel,Hotel,"hotel, extended_stay_hotel, banquet_hall, wedding_venue, spa, event_venue, lodging, point_of_interest, service, establishment",Corniche St - Al Bateen - W32 - Abu Dhabi,24.4584497,54.322305099999994,4.8,11796.0,OPERATIONAL,+971 2 811 5555,https://www.hilton.com/en/hotels/auhetci-conrad-abu-dhabi-etihad-towers/?SEO_id=GMB-EMEA-CI-AUHETCI,https://maps.google.com/?cid=6882477696502263228&g_mp=Cilnb29nbGUubWFwcy5wbGFjZXMudjEuUGxhY2VzLlNlYXJjaE5lYXJieRACGAQgAA,,Google Places API (New) Nearby Search,2026-09-02T15:22:51+00:00
ChIJW4eo-VFCXz4RieFckb95Wqo,Four Seasons Resort Dubai at Jumeirah Beach,ADJACENT,spa,hotel,Hotel,"hotel, wedding_venue, wellness_center, resort_hotel, spa, extended_stay_hotel, lodging, event_venue, service, health, point_of_interest, establishment",Jumeira St - Jumeira Second - Jumeirah 2 - Dubai,25.202314100000002,55.2402131,4.7,9631.0,OPERATIONAL,+971 4 270 7777,https://www.fourseasons.com/dubaijb/?utm_source=google&utm_medium=organicsearch&utm_campaign=tor-bal-hre-mid-seo-na&utm_content=na-na&utm_term=na,https://maps.google.com/?cid=12275257598036205961&g_mp=Cilnb29nbGUubWFwcy5wbGFjZXMudjEuUGxhY2VzLlNlYXJjaE5lYXJieRACGAQgAA,,Google Places API (New) Nearby Search,2026-09-02T15:22:51+00:00
ChIJPdTUEzBoXz4Rrslyy-2ko0s,DoubleTree by Hilton Dubai - Business Bay,ADJACENT,spa,hotel,Hotel,"hotel, business_center, spa, lodging, event_venue, service, point_of_interest, establishment",Business Bay - Bay Square - Dubai,25.186585500000003,55.280356299999994,4.8,9376.0,OPERATIONAL,+971 4 551 1544,https://www.hilton.com/en/hotels/dxbbbdi-doubletree-dubai-business-bay/?SEO_id=GMB-EMEA-DI-DXBBBDI,https://maps.google.com/?cid=5450381315275934126&g_mp=Cilnb29nbGUubWFwcy5wbGFjZXMudjEuUGxhY2VzLlNlYXJjaE5lYXJieRACGAQgAA,,Google Places API (New) Nearby Search,2026-09-02T15:22:51+00:00
ChIJab7Ss8hnXj4Refmx2QNOjl8,GymNation Khalidiyah Mall | Best Gym in Abu Dhabi,ADJACENT,spa,gym,Gym,"gym, fitness_center, spa, sports_complex, sports_school, sports_club, sports_activity_location, association_or_organization, sports_coaching, health, point_of_interest, service, establishment",Top Level - Mall - الخالدية - غرب 9 - أبو ظبي,24.470129999999997,54.3517,4.7,8293.0,OPERATIONAL,+971 4 444 4444,https://gymnation.com/gymsnearme/khalidiyah-mall/,https://maps.google.com/?cid=6885526658740255097&g_mp=Cilnb29nbGUubWFwcy5wbGFjZXMudjEuUGxhY2VzLlNlYXJjaE5lYXJieRACGAQgAA,Monday: Open 24 hours | Tuesday: Open 24 hours | Wednesday: Open 24 hours | Thursday: Open 24 hours | Friday: Open 24 hours | Saturday: Open 24 hours | Sunday: Open 24 hours,Google Places API (New) Nearby Search,2026-09-02T15:22:51+00:00
ChIJ0RRUsr1rXz4RlKp1lR4JqgU,"Hilton Garden Inn Dubai, Mall Avenue",ADJACENT,spa,hotel,Hotel,"hotel, business_center, spa, event_venue, lodging, point_of_interest, service, establishment",22nd St - Al Barsha First - Al Barsha - Dubai,25.1160008,55.1964896,4.6,8119.0,OPERATIONAL,+971 4 307 0707,https://www.hilton.com/en/hotels/dxbmegi-hilton-garden-inn-dubai-mall-avenue/?SEO_id=GMB-EMEA-GI-DXBMEGI,https://maps.google.com/?cid=408148743191636628&g_mp=Cilnb29nbGUubWFwcy5wbGFjZXMudjEuUGxhY2VzLlNlYXJjaE5lYXJieRACGAQgAA,,Google Places API (New) Nearby Search,2026-09-02T15:22:51+00:00
ChIJSxpk35xgXz4RKlZUNi-G1Wo,GymNation Mirdif | Best Gym in Mirdif,ADJACENT,spa,gym,Gym,"gym, fitness_center, spa, sports_complex, sports_school, sports_club, sports_activity_location, association_or_organization, sports_coaching, health, point_of_interest, service, establishment",52 11A St - Al Mizhar First - Al Mizhar - Dubai,25.236891699999997,55.4348618,4.5,6897.0,OPERATIONAL,+971 4 444 4444,https://gymnation.com/gymsnearme/mirdif/,https://maps.google.com/?cid=7698206675392812586&g_mp=Cilnb29nbGUubWFwcy5wbGFjZXMudjEuUGxhY2VzLlNlYXJjaE5lYXJieRACGAQgAA,Monday: Open 24 hours | Tuesday: Open 24 hours | Wednesday: Open 24 hours | Thursday: Open 24 hours | Friday: Open 24 hours | Saturday: Open 24 hours | Sunday: Open 24 hours,Google Places API (New) Nearby Search,2026-09-02T15:22:51+00:00
ChIJbURih5o3Xj4R4qP2Jcu8C8k,Metropolitan Al Mafraq Hotel,ADJACENT,spa,hotel,Hotel,"hotel, massage_spa, swimming_pool, wedding_venue, bar, gym, massage, spa, coffee_shop, cafe, event_venue, food_store, sports_activity_location, store, lodging, health, restaurant, food, point_of_interest, service, establishment",Shk. Maktoum Bin Rashid Rd - Shakhbout City - Al Mafraq - Abu Dhabi,24.330251399999998,54.6229908,4.3,6742.0,OPERATIONAL,+971 2 659 6666,https://www.metropolitanalmafraq.com/,https://maps.google.com/?cid=14486880207068636130&g_mp=Cilnb29nbGUubWFwcy5wbGFjZXMudjEuUGxhY2VzLlNlYXJjaE5lYXJieRACGAQgAA,,Google Places API (New) Nearby Search,2026-09-02T15:22:51+00:00
ChIJGWg_w4RnXj4R3HppcUwqGYk,GymNation Reem Island | Best Gym in Abu Dhabi,ADJACENT,spa,gym,Gym,"gym, fitness_center, spa, sports_complex, sports_school, sports_club, sports_activity_location, association_or_organization, sports_coaching, health, point_of_interest, service, establishment","Shams Boutik, Reem Island - Top Floor - Al Reem Island - Shams Abu Dhabi - Dubai",24.49634,54.40801,4.8,6714.0,OPERATIONAL,+971 4 444 4444,https://gymnation.com/gymsnearme/reem-island/,https://maps.google.com/?cid=9878973765422512860&g_mp=Cilnb29nbGUubWFwcy5wbGFjZXMudjEuUGxhY2VzLlNlYXJjaE5lYXJieRACGAQgAA,Monday: Open 24 hours | Tuesday: Open 24 hours | Wednesday: Open 24 hours | Thursday: Open 24 hours | Friday: Open 24 hours | Saturday: Open 24 hours | Sunday: Open 24 hours,Google Places API (New) Nearby Search,2026-09-02T15:22:51+00:00
ChIJMWoQuStqXz4RojAV94tpCCE,GymNation Al Quoz | Best Gym in Al Quoz,ADJACENT,spa,gym,Gym,"gym, fitness_center, spa, sports_complex, sports_school, sports_club, sports_activity_location, association_or_organization, sports_coaching, health, point_of_interest, service, establishment",ETA Star Building - Mezzanine Floor - 683 Sheikh Zayed Rd - Al Qouz Ind.first - Al Quoz - Dubai,25.14423,55.22244,4.4,6478.0,OPERATIONAL,+971 4 444 4444,https://gymnation.com/gymsnearme/al-quoz/,https://maps.google.com/?cid=2380268452932038818&g_mp=Cilnb29nbGUubWFwcy5wbGFjZXMudjEuUGxhY2VzLlNlYXJjaE5lYXJieRACGAQgAA,Monday: Open 24 hours | Tuesday: Open 24 hours | Wednesday: Open 24 hours | Thursday: Open 24 hours | Friday: Open 24 hours | Saturday: Open 24 hours | Sunday: Open 24 hours,Google Places API (New) Nearby Search,2026-09-02T15:22:51+00:00
ChIJ22xMClVmXj4R1L53MQnc3jM,Four Seasons Hotel Abu Dhabi at Al Maryah Island,ADJACENT,spa,hotel,Hotel,"hotel, extended_stay_hotel, resort_hotel, wedding_venue, spa, event_venue, lodging, point_of_interest, service, establishment",Abu Dhabi Global Market - Second St - Al Maryah Island - MI1 - Abu Dhabi,24.5026743,54.3877831,4.7,6255.0,OPERATIONAL,+971 2 333 2222,https://www.fourseasons.com/abudhabi/?utm_source=google&utm_medium=organicsearch&utm_campaign=tor-abs-hre-mid-seo-na&utm_content=na-na&utm_term=na,https://maps.google.com/?cid=3737666672806837972&g_mp=Cilnb29nbGUubWFwcy5wbGFjZXMudjEuUGxhY2VzLlNlYXJjaE5lYXJieRACGAQgAA,,Google Places API (New) Nearby Search,2026-09-02T15:22:51+00:00
ChIJExptfb5rXz4RXgQyomkL6lI,Two Seasons Hotel & Apartments,ADJACENT,spa,hotel,Hotel,"hotel, spa, sports_activity_location, lodging, restaurant, food, point_of_interest, service, establishment",Sheikh Zayed Rd - Al Safouh Second - Dubai Internet City - Dubai,25.1028982,55.172469799999995,4.4,6242.0,OPERATIONAL,+971 4 399 6666,http://www.2seasonshotels.com/,https://maps.google.com/?cid=5974600403981042782&g_mp=Cilnb29nbGUubWFwcy5wbGFjZXMudjEuUGxhY2VzLlNlYXJjaE5lYXJieRACGAQgAA,Monday: Open 24 hours | Tuesday: Open 24 hours | Wednesday: Open 24 hours | Thursday: Open 24 hours | Friday: Open 24 hours | Saturday: Open 24 hours | Sunday: Open 24 hours,Google Places API (New) Nearby Search,2026-09-02T15:22:51+00:00
ChIJtVkyz-ZlXj4ReMihoxjPp7M,"Royal Rose Hotel Abu Dhabi, Curio Collection by Hilton",ADJACENT,spa,hotel,Hotel,"hotel, banquet_hall, wedding_venue, spa, event_venue, lodging, point_of_interest, service, establishment",1025 Zayed The First St - Al Danah - Al Markaziyah District - Abu Dhabi,24.493274,54.372932,4.4,6212.0,OPERATIONAL,+971 2 672 4000,https://www.hilton.com/en/hotels/auhrrqq-royal-rose-abu-dhabi/?SEO_id=GMB-EMEA-QQ-AUHRRQQ,https://maps.google.com/?cid=12945543358631233656&g_mp=Cilnb29nbGUubWFwcy5wbGFjZXMudjEuUGxhY2VzLlNlYXJjaE5lYXJieRACGAQgAA,,Google Places API (New) Nearby Search,2026-09-02T15:22:51+00:00
ChIJ21OyfVRmXj4RVMDJkavATHQ,Rosewood Abu Dhabi,ADJACENT,spa,hotel,Hotel,"hotel, fitness_center, banquet_hall, wedding_venue, bar, gym, spa, event_venue, sports_activity_location, lodging, health, restaurant, food, point_of_interest, service, establishment",Zayed the First Street - Al Maryah Island - MI1 - Abu Dhabi,24.499773899999997,54.3878651,4.7,6087.0,OPERATIONAL,+971 2 813 5550,https://www.rosewoodhotels.com/en/abu-dhabi,https://maps.google.com/?cid=8380284849747509332&g_mp=Cilnb29nbGUubWFwcy5wbGFjZXMudjEuUGxhY2VzLlNlYXJjaE5lYXJieRACGAQgAA,Monday: Open 24 hours | Tuesday: Open 24 hours | Wednesday: Open 24 hours | Thursday: Open 24 hours | Friday: Open 24 hours | Saturday: Open 24 hours | Sunday: Open 24 hours,Google Places API (New) Nearby Search,2026-09-02T15:22:51+00:00
ChIJCS1uoLtDXz4R8xPbD4VJNC8,Nikki Beach Resort & Spa Dubai,ADJACENT,spa,resort_hotel,Resort hotel,"resort_hotel, spa, hotel, lodging, point_of_interest, establishment",67W4+833 Pearl Jumeirah - Jumeira First - Dubai,25.2459644,55.2553722,4.6,5681.0,OPERATIONAL,+971 4 376 6000,https://dubai.nikkibeach.com/?utm_source=google_business_profile&utm_medium=organic,https://maps.google.com/?cid=3401424454417060851&g_mp=Cilnb29nbGUubWFwcy5wbGFjZXMudjEuUGxhY2VzLlNlYXJjaE5lYXJieRACGAQgAA,,Google Places API (New) Nearby Search,2026-09-02T15:22:51+00:00
ChIJwUxRUHBrXz4RtJtvjg7J4Bw,Naumi Hotel Dubai,ADJACENT,spa,hotel,Hotel,"hotel, mediterranean_restaurant, spa, lodging, restaurant, food, point_of_interest, establishment",Al Khareef 1st Street - شارع الشيخ زايد - الثنيه الأولى - Barsha Heights - دبي,25.099005299999998,55.17286850000001,4.5,5502.0,OPERATIONAL,+971 4 567 2222,http://www.naumihotels.com/naumi-hotel-dubai,https://maps.google.com/?cid=2080884092201573300&g_mp=Cilnb29nbGUubWFwcy5wbGFjZXMudjEuUGxhY2VzLlNlYXJjaE5lYXJieRACGAQgAA,Monday: Open 24 hours | Tuesday: Open 24 hours | Wednesday: Open 24 hours | Thursday: Open 24 hours | Friday: Open 24 hours | Saturday: Open 24 hours | Sunday: Open 24 hours,Google Places API (New) Nearby Search,2026-09-02T15:22:51+00:00
ChIJZThe-mBmXj4R0m9t6MKRRVk,Tryp by Wyndham Abu Dhabi,ADJACENT,spa,hotel,Hotel,"hotel, parking, spa, transportation_service, night_club, lodging, restaurant, food, point_of_interest, establishment",Khalifa Bin Zayed The First St - Al Danah - Zone 1 - Abu Dhabi,24.495655,54.366335199999995,4.3,5316.0,OPERATIONAL,+971 2 202 3555,http://tryphotelauh.com/,https://maps.google.com/?cid=6432707909077790674&g_mp=Cilnb29nbGUubWFwcy5wbGFjZXMudjEuUGxhY2VzLlNlYXJjaE5lYXJieRACGAQgAA,Monday: Open 24 hours | Tuesday: Open 24 hours | Wednesday: Open 24 hours | Thursday: Open 24 hours | Friday: Open 24 hours | Saturday: Open 24 hours | Sunday: Open 24 hours,Google Places API (New) Nearby Search,2026-09-02T15:22:51+00:00
ChIJm8KuZNtpXz4RoA06ag1r5Tw,"Al Habtoor Palace, Preferred Hotels & Resorts",ADJACENT,spa,hotel,Hotel,"hotel, banquet_hall, business_center, wedding_venue, spa, lodging, event_venue, service, point_of_interest, establishment",Al Habtoor City - Sheikh Zayed Rd - Business Bay - Dubai,25.1832212,55.2540214,4.6,4818.0,OPERATIONAL,+971 4 435 5555,https://www.habtoorpalace.com/en,https://maps.google.com/?cid=4388031117303352736&g_mp=Cilnb29nbGUubWFwcy5wbGFjZXMudjEuUGxhY2VzLlNlYXJjaE5lYXJieRACGAQgAA,,Google Places API (New) Nearby Search,2026-09-02T15:22:51+00:00
ChIJSRUnWgBpXj4RuS5uvWhvGZk,GymNation Mushrif Mall | Best Gym in Abu Dhabi,ADJACENT,spa,gym,Gym,"gym, fitness_center, spa, sports_complex, sports_school, sports_club, sports_activity_location, association_or_organization, sports_coaching, health, point_of_interest, service, establishment",Sheikh Rashid Bin Saeed St - Hadbat Al Za`Faranah - Zone 1 - Abu Dhabi,24.4339831,54.4125956,4.7,4546.0,OPERATIONAL,+971 4 444 4444,https://gymnation.com/gymsnearme/mushrif-mall/,https://maps.google.com/?cid=11031971257866137273&g_mp=Cilnb29nbGUubWFwcy5wbGFjZXMudjEuUGxhY2VzLlNlYXJjaE5lYXJieRACGAQgAA,Monday: Open 24 hours | Tuesday: Open 24 hours | Wednesday: Open 24 hours | Thursday: Open 24 hours | Friday: Open 24 hours | Saturday: Open 24 hours | Sunday: Open 24 hours,Google Places API (New) Nearby Search,2026-09-02T15:22:51+00:00
ChIJlwuS98FFXj4RHlziQizgHi8,"The WB Abu Dhabi, Curio Collection by Hilton",ADJACENT,spa,hotel,Hotel,"hotel, banquet_hall, wedding_venue, spa, event_venue, lodging, point_of_interest, service, establishment",Yas Island - YS4 - Abu Dhabi,24.4896045,54.5985148,4.7,4449.0,OPERATIONAL,+971 2 815 0000,https://www.hilton.com/en/hotels/auhwbqq-the-wb-abu-dhabi-hotel/?SEO_id=GMB-EMEA-QQ-AUHWBQQ,https://maps.google.com/?cid=3395397649789246494&g_mp=Cilnb29nbGUubWFwcy5wbGFjZXMudjEuUGxhY2VzLlNlYXJjaE5lYXJieRACGAQgAA,,Google Places API (New) Nearby Search,2026-09-02T15:22:51+00:00
ChIJI6BjaVETXz4RSkZOXGwJiAY,Signature Hotel Apartments & Spa Marina,ADJACENT,spa,hotel,Hotel,"hotel, spa, lodging, restaurant, food, point_of_interest, establishment",349J+F9Q - near Sheikh Zayed Road - Dubai Marina - Dubai,25.0687915,55.131045699999994,4.6,4402.0,OPERATIONAL,+971 4 440 2888,https://www.signature1hotels.com/signature-hotel-apartments-and-spa-dubai-marina,https://maps.google.com/?cid=470636522069968458&g_mp=Cilnb29nbGUubWFwcy5wbGFjZXMudjEuUGxhY2VzLlNlYXJjaE5lYXJieRACGAQgAA,,Google Places API (New) Nearby Search,2026-09-02T15:22:51+00:00
ChIJRdPrEWFmXj4Rvlnp1T7Lwjo,Corniche Hotel Abu Dhabi,ADJACENT,spa,hotel,Hotel,"hotel, spa, lodging, point_of_interest, establishment",Khalifa Bin Zayed The First St - Al Danah - E7 - Abu Dhabi,24.494590100000003,54.3642781,4.2,4389.0,OPERATIONAL,+971 2 614 6000,https://abudhabi.corniche-hotels.com/,https://maps.google.com/?cid=4234170070418938302&g_mp=Cilnb29nbGUubWFwcy5wbGFjZXMudjEuUGxhY2VzLlNlYXJjaE5lYXJieRACGAQgAA,,Google Places API (New) Nearby Search,2026-09-02T15:22:51+00:00
ChIJSZXqIDBDXz4RfFIZDzwAHdU,GymNation Downtown Dubai | Best Gym in Downtown Dubai,ADJACENT,spa,gym,Gym,"gym, fitness_center, spa, sports_coaching, sports_club, sports_school, sports_complex, sports_activity_location, association_or_organization, service, health, point_of_interest, establishment",South Heights Tower A - السطوة - دبي,25.213169999999998,55.272619999999996,4.7,4361.0,OPERATIONAL,+971 4 444 4444,https://gymnation.com/gymsnearme/downtown-dubai/,https://maps.google.com/?cid=15356430562354614908&g_mp=Cilnb29nbGUubWFwcy5wbGFjZXMudjEuUGxhY2VzLlNlYXJjaE5lYXJieRACGAQgAA,Monday: Open 24 hours | Tuesday: Open 24 hours | Wednesday: Open 24 hours | Thursday: Open 24 hours | Friday: Open 24 hours | Saturday: Open 24 hours | Sunday: Open 24 hours,Google Places API (New) Nearby Search,2026-09-02T15:22:51+00:00
ChIJ-wBScttpXz4RC_Y8SYLe7VU,Yinyang Connection Spa,ADJACENT,spa,massage_spa,Massage spa,"massage_spa, spa, massage, service, health, point_of_interest, establishment",Shop No 8 & 9 Al Ferdous 4 - Al Wasl Rd - Al Safa First - Dubai,25.178766399999997,55.2344422,4.8,4032.0,OPERATIONAL,+971 4 358 8838,https://yinyang.ae/day-spa-locations/best-spa-dubai/,https://maps.google.com/?cid=6191849713860146699&g_mp=Cilnb29nbGUubWFwcy5wbGFjZXMudjEuUGxhY2VzLlNlYXJjaE5lYXJieRACGAQgAA,Monday: 10:00 AM – 11:00 PM | Tuesday: 10:00 AM – 11:00 PM | Wednesday: 10:00 AM – 11:00 PM | Thursday: 10:00 AM – 11:00 PM | Friday: 10:00 AM – 11:00 PM | Saturday: 10:00 AM – 11:00 PM | Sunday: 10:00 AM – 11:00 PM,Google Places API (New) Nearby Search,2026-09-02T15:22:51+00:00
ChIJVfpdlgj59D4RVVR6CUwFKpM,DoubleTree by Hilton Fujairah City,ADJACENT,spa,hotel,Hotel,"hotel, business_center, spa, event_venue, lodging, point_of_interest, service, establishment",Al Maktoum Rd - Fujairah City Center - Fujairah,25.120250799999997,56.325092,4.7,3801.0,OPERATIONAL,+971 9 206 0600,https://www.hilton.com/en/hotels/fjrahdi-doubletree-fujairah-city/?SEO_id=GMB-EMEA-DI-FJRAHDI,https://maps.google.com/?cid=10604294096731919445&g_mp=Cilnb29nbGUubWFwcy5wbGFjZXMudjEuUGxhY2VzLlNlYXJjaE5lYXJieRACGAQgAA,,Google Places API (New) Nearby Search,2026-09-02T15:22:51+00:00
ChIJgUmRcNBbXz4RUpGt3JWl9SA,GymNation Mega Mall Men's | Best Gym in Sharjah,ADJACENT,spa,gym,Gym,"gym, fitness_center, spa, sports_coaching, sports_club, sports_school, sports_complex, sports_activity_location, association_or_organization, service, health, point_of_interest, establishment",Mega Mall - 2nd Floor - Bu Danig - Hay Al Qasimiah - Sharjah,25.344980000000003,55.39846,4.7,3473.0,OPERATIONAL,+971 4 444 4444,https://gymnation.com/gymsnearme/mega-mall-mens/,https://maps.google.com/?cid=2374986441578877266&g_mp=Cilnb29nbGUubWFwcy5wbGFjZXMudjEuUGxhY2VzLlNlYXJjaE5lYXJieRACGAQgAA,Monday: Open 24 hours | Tuesday: Open 24 hours | Wednesday: Open 24 hours | Thursday: Open 24 hours | Friday: Open 24 hours | Saturday: Open 24 hours | Sunday: Open 24 hours,Google Places API (New) Nearby Search,2026-09-02T15:22:51+00:00
ChIJAb-qrqF29j4RGV7ZLpJclrc,Ras Al Khaimah Hotel,ADJACENT,spa,hotel,Hotel,"hotel, wedding_venue, spa, event_venue, bakery, sports_club, food_store, association_or_organization, store, lodging, food, point_of_interest, service, establishment","56, Khozam Street - Khuzam - Ras Al Khaimah",25.769184199999998,55.9385513,4.1,3197.0,OPERATIONAL,+971 7 236 2999,http://www.rasalkhaimahhotel.com/,https://maps.google.com/?cid=13228862738368388633&g_mp=Cilnb29nbGUubWFwcy5wbGFjZXMudjEuUGxhY2VzLlNlYXJjaE5lYXJieRACGAQgAA,Monday: Open 24 hours | Tuesday: Open 24 hours | Wednesday: Open 24 hours | Thursday: Open 24 hours | Friday: Open 24 hours | Saturday: Open 24 hours | Sunday: Open 24 hours,Google Places API (New) Nearby Search,2026-09-02T15:22:51+00:00
ChIJxQZIc89fXz4R2nkKCFanbxA,GymNation Al Zahia Ladies | Best Gym in Sharjah,ADJACENT,spa,gym,Gym,"gym, yoga_studio, fitness_center, wellness_center, spa, sports_complex, sports_school, sports_activity_location, school, educational_institution, health, point_of_interest, service, establishment",City Centre - Muwaileh Commercial - Al Zahia - Sharjah,25.31664,55.45605,4.8,3124.0,OPERATIONAL,+971 4 444 4444,https://gymnation.com/gymsnearme/al-zahia-ladies/,https://maps.google.com/?cid=1184349214965660122&g_mp=Cilnb29nbGUubWFwcy5wbGFjZXMudjEuUGxhY2VzLlNlYXJjaE5lYXJieRACGAQgAA,Monday: Open 24 hours | Tuesday: Open 24 hours | Wednesday: Open 24 hours | Thursday: Open 24 hours | Friday: Open 24 hours | Saturday: Open 24 hours | Sunday: Open 24 hours,Google Places API (New) Nearby Search,2026-09-02T15:22:51+00:00
ChIJwx_IedtpXz4Rwt7XtQ0r7IU,Al Habtoor City,ADJACENT,spa,condominium_complex,Condominium complex,"condominium_complex, fine_dining_restaurant, spa, hotel, lodging, sports_complex, sports_activity_location, service, restaurant, food, point_of_interest, establishment",Al Habtoor City - شارع الشيخ زايد - الخليج التجاري - دبي,25.184178499999998,55.254315999999996,4.6,2881.0,OPERATIONAL,+971 4 435 5544,https://www.alhabtoorcity.com/,https://maps.google.com/?cid=9650135439433522882&g_mp=Cilnb29nbGUubWFwcy5wbGFjZXMudjEuUGxhY2VzLlNlYXJjaE5lYXJieRACGAQgAA,Monday: Open 24 hours | Tuesday: Open 24 hours | Wednesday: Open 24 hours | Thursday: Open 24 hours | Friday: Open 24 hours | Saturday: Open 24 hours | Sunday: Open 24 hours,Google Places API (New) Nearby Search,2026-09-02T15:22:51+00:00
ChIJU3RG_FVfXz4RBRkAQDo4vSU,GymNation Al Zahia Men's | Best Gym in Sharjah,ADJACENT,spa,gym,Gym,"gym, fitness_center, spa, sports_complex, sports_school, sports_club, sports_activity_location, association_or_organization, sports_coaching, health, point_of_interest, service, establishment","Mall, City Centre - Muwaileh Commercial - Al Zahia - Sharjah",25.31664,55.45605,4.7,2833.0,OPERATIONAL,+971 4 444 4444,https://gymnation.com/gymsnearme/al-zahia-mens/,https://maps.google.com/?cid=2719391572834654469&g_mp=Cilnb29nbGUubWFwcy5wbGFjZXMudjEuUGxhY2VzLlNlYXJjaE5lYXJieRACGAQgAA,Monday: Open 24 hours | Tuesday: Open 24 hours | Wednesday: Open 24 hours | Thursday: Open 24 hours | Friday: Open 24 hours | Saturday: Open 24 hours | Sunday: Open 24 hours,Google Places API (New) Nearby Search,2026-09-02T15:22:51+00:00
ChIJRVJAl7VbXz4RITAp575LedM,GymNation Mega Mall Ladies | Best Gym in Sharjah,ADJACENT,spa,gym,Gym,"gym, yoga_studio, fitness_center, wellness_center, spa, school, educational_institution, sports_school, sports_complex, sports_activity_location, service, health, point_of_interest, establishment",Mega Mall - 2nd Floor - Bu Danig - Hay Al Qasimiah - Sharjah,25.344980000000003,55.39846,4.8,2724.0,OPERATIONAL,+971 4 444 4444,https://gymnation.com/gymsnearme/mega-mall-ladies/,https://maps.google.com/?cid=15238294097478889505&g_mp=Cilnb29nbGUubWFwcy5wbGFjZXMudjEuUGxhY2VzLlNlYXJjaE5lYXJieRACGAQgAA,Monday: Open 24 hours | Tuesday: Open 24 hours | Wednesday: Open 24 hours | Thursday: Open 24 hours | Friday: Open 24 hours | Saturday: Open 24 hours | Sunday: Open 24 hours,Google Places API (New) Nearby Search,2026-09-02T15:22:51+00:00
ChIJAX38lnhDXz4R6NfrS3bY6yo,Waldorf Astoria Dubai International Financial Centre,ADJACENT,spa,hotel,Hotel,"hotel, banquet_hall, wedding_venue, spa, extended_stay_hotel, lodging, event_venue, service, point_of_interest, establishment",Burj Daman - Al Mustaqbal St - Zaa'beel Second - DIFC - Dubai,25.2111957,55.2818439,4.8,2696.0,OPERATIONAL,+971 4 515 9999,https://www.hilton.com/en/hotels/dxbwawa-waldorf-astoria-dubai-international-financial-centre/?SEO_id=GMB-EMEA-WA-DXBWAWA,https://maps.google.com/?cid=3092803571711465448&g_mp=Cilnb29nbGUubWFwcy5wbGFjZXMudjEuUGxhY2VzLlNlYXJjaE5lYXJieRACGAQgAA,,Google Places API (New) Nearby Search,2026-09-02T15:22:51+00:00
ChIJuQ_SasdBXj4RCdrmVbW1Q74,THE BRIDGE | Wellness Hub,ADJACENT,spa,fitness_center,Fitness center,"fitness_center, gym, spa, sports_activity_location, health, restaurant, food, point_of_interest, establishment",CF2W+X9 - Rabdan - RB6 - Abu Dhabi,24.401376499999998,54.4990855,4.8,2633.0,OPERATIONAL,+971 2 616 4555,https://thebridgehub.com/,https://maps.google.com/?cid=13710001481080822281&g_mp=Cilnb29nbGUubWFwcy5wbGFjZXMudjEuUGxhY2VzLlNlYXJjaE5lYXJieRACGAQgAA,Monday: 5:30 AM – 11:00 PM | Tuesday: 5:30 AM – 11:00 PM | Wednesday: 5:30 AM – 11:00 PM | Thursday: 5:30 AM – 11:00 PM | Friday: 5:30 AM – 9:00 PM | Saturday: 8:00 AM – 9:00 PM | Sunday: 8:00 AM – 9:00 PM,Google Places API (New) Nearby Search,2026-09-02T15:22:51+00:00
ChIJJxer1b9bXz4R2vvtx-3uK04,The Act Hotel - Sharjah,ADJACENT,spa,hotel,Hotel,"hotel, fitness_center, spa, extended_stay_hotel, buffet_restaurant, swimming_pool, lodging, gym, sports_activity_location, service, health, restaurant, food, point_of_interest, establishment",89QP+QM8 Water front - Corniche St - Al Majaz 1 - Al Majaz - Sharjah,25.3394224,55.386753,4.4,2567.0,OPERATIONAL,+971 6 598 0000,https://theacthotel.com/,https://maps.google.com/?cid=5632858463985859546&g_mp=Cilnb29nbGUubWFwcy5wbGFjZXMudjEuUGxhY2VzLlNlYXJjaE5lYXJieRACGAQgAA,Monday: Open 24 hours | Tuesday: Open 24 hours | Wednesday: Open 24 hours | Thursday: Open 24 hours | Friday: Open 24 hours | Saturday: Open 24 hours | Sunday: Open 24 hours,Google Places API (New) Nearby Search,2026-09-02T15:22:51+00:00
ChIJVVVlwe1CXz4RU6KsOwz5b-E,Nassima Tower Hotel Apartments | Sheikh Zayed Road | Dubai,ADJACENT,spa,hotel,Hotel,"hotel, apartment_building, spa, extended_stay_hotel, real_estate_agency, lodging, event_venue, service, point_of_interest, establishment",Nassima Tower - Trade Center First - Dubai,25.223778799999998,55.2822465,4.5,2193.0,OPERATIONAL,+971 4 389 2800,http://www.nassimatower.com/,https://maps.google.com/?cid=16244476211884761683&g_mp=Cilnb29nbGUubWFwcy5wbGFjZXMudjEuUGxhY2VzLlNlYXJjaE5lYXJieRACGAQgAA,,Google Places API (New) Nearby Search,2026-09-02T15:22:51+00:00
ChIJI1hgaiRrXz4R1Jkr0MY-H1Y,Grand Heights Dubai Hotel Apartments,ADJACENT,spa,hotel,Hotel,"hotel, extended_stay_hotel, swimming_pool, bar, gym, spa, sports_activity_location, lodging, health, restaurant, food, point_of_interest, establishment",Al Thanyah Street - Al Thanyah First - Barsha Heights - Dubai,25.097918999999997,55.1787968,4.8,1804.0,OPERATIONAL,+971 4 879 1600,https://www.grandheights.ae/?utm_source=listings&utm_medium=organic&utm_campaign=grandheights,https://maps.google.com/?cid=6205747835156797908&g_mp=Cilnb29nbGUubWFwcy5wbGFjZXMudjEuUGxhY2VzLlNlYXJjaE5lYXJieRACGAQgAA,Monday: Open 24 hours | Tuesday: Open 24 hours | Wednesday: Open 24 hours | Thursday: Open 24 hours | Friday: Open 24 hours | Saturday: Open 24 hours | Sunday: Open 24 hours,Google Places API (New) Nearby Search,2026-09-02T15:22:51+00:00
ChIJcbLNDQJpXz4RB63_J6d14_o,Embassy Suites by Hilton Dubai Business Bay,ADJACENT,spa,hotel,Hotel,"hotel, banquet_hall, spa, lodging, event_venue, service, point_of_interest, establishment",Marasi Dr - Business Bay - Dubai,25.180764999999997,55.2778486,4.9,1619.0,OPERATIONAL,+971 4 494 0000,https://www.hilton.com/en/hotels/dxbaies-embassy-suites-dubai-business-bay/?SEO_id=GMB-EMEA-ES-DXBAIES,https://maps.google.com/?cid=18078422689986358535&g_mp=Cilnb29nbGUubWFwcy5wbGFjZXMudjEuUGxhY2VzLlNlYXJjaE5lYXJieRACGAQgAA,,Google Places API (New) Nearby Search,2026-09-02T15:22:51+00:00
ChIJHYmp7ys3Xj4R6pbPDTmUi8A,The Muse UAE Boutique Spa shakhbout city,ADJACENT,spa,spa,Spa,"spa, point_of_interest, establishment",7 Obaid Bin Khalfan Al Mazrouei St - Shakhbout City - MSH2 - Abu Dhabi,24.347317,54.6282231,4.7,1616.0,OPERATIONAL,+971 600 566660,https://themuse.ae/,https://maps.google.com/?cid=13874346049810700010&g_mp=Cilnb29nbGUubWFwcy5wbGFjZXMudjEuUGxhY2VzLlNlYXJjaE5lYXJieRACGAQgAA,Monday: 10:00 AM – 10:00 PM | Tuesday: 10:00 AM – 10:00 PM | Wednesday: 10:00 AM – 10:00 PM | Thursday: 10:00 AM – 10:00 PM | Friday: 10:00 AM – 10:00 PM | Saturday: 10:00 AM – 10:00 PM | Sunday: 10:00 AM – 10:00 PM,Google Places API (New) Nearby Search,2026-09-02T15:22:51+00:00
ChIJ-V5SI8RbXz4RhbNETKggmdM,72 Hotel Sharjah,ADJACENT,spa,hotel,Hotel,"hotel, banquet_hall, business_center, resort_hotel, spa, extended_stay_hotel, lodging, event_venue, service, restaurant, food, point_of_interest, establishment","Buhairah Corniche, Al Noor Island - 110 Street - Al Majaz District - Al Majaz - Sharjah",25.3368461,55.387316899999995,4.4,1568.0,OPERATIONAL,+971 6 507 9797,https://www.hotel72.com/,https://maps.google.com/?cid=15247253920645690245&g_mp=Cilnb29nbGUubWFwcy5wbGFjZXMudjEuUGxhY2VzLlNlYXJjaE5lYXJieRACGAQgAA,,Google Places API (New) Nearby Search,2026-09-02T15:22:51+00:00
ChIJD-N6ki1lXj4RAJ3DMpPyPXQ,InterContinental Residences Abu Dhabi by IHG,ADJACENT,spa,hotel,Hotel,"hotel, massage_spa, resort_hotel, wedding_venue, convention_center, massage, spa, event_venue, lodging, restaurant, food, point_of_interest, service, establishment",Building 1 Zayed The First St - Al Bateen - W32 - Abu Dhabi,24.455299999999998,54.3296,4.9,1410.0,OPERATIONAL,+971 2 599 9333,https://www.ihg.com/intercontinental/hotels/gb/en/abu-dhabi/auhic/hoteldetail?cm_mmc=GoogleMaps-_-IC-_-AE-_-AUHIC,https://maps.google.com/?cid=8376117596004785408&g_mp=Cilnb29nbGUubWFwcy5wbGFjZXMudjEuUGxhY2VzLlNlYXJjaE5lYXJieRACGAQgAA,,Google Places API (New) Nearby Search,2026-09-02T15:22:51+00:00
ChIJQ4TtbD2xij4RCMMnJhlNJ5o,The Muse UAE Boutique Spa Al Ain,ADJACENT,spa,spa,Spa,"spa, point_of_interest, establishment",Al Dhabi St - Al Khibeesi - Al Sidrah - Abu Dhabi,24.220337,55.6939992,4.8,1341.0,OPERATIONAL,+971 600 566660,https://themuse.ae/,https://maps.google.com/?cid=11107931776342278920&g_mp=Cilnb29nbGUubWFwcy5wbGFjZXMudjEuUGxhY2VzLlNlYXJjaE5lYXJieRACGAQgAA,Monday: 10:00 AM – 10:00 PM | Tuesday: 10:00 AM – 10:00 PM | Wednesday: 10:00 AM – 10:00 PM | Thursday: 10:00 AM – 10:00 PM | Friday: 10:00 AM – 10:00 PM | Saturday: 10:00 AM – 10:00 PM | Sunday: 10:00 AM – 10:00 PM,Google Places API (New) Nearby Search,2026-09-02T15:22:51+00:00
ChIJp5gj9o1CXz4Rde77RZWQvKs,Four Seasons Hotel Dubai International Financial Centre,ADJACENT,spa,hotel,Hotel,"hotel, wedding_venue, wellness_center, resort_hotel, spa, extended_stay_hotel, lodging, event_venue, service, health, point_of_interest, establishment","GV09 Level GF, Gate Village - Bldg 9, Unit - Sheikh Zayed Rd - Zaa'beel Second - DIFC - Dubai",25.213442399999998,55.282338599999996,4.6,1339.0,OPERATIONAL,+971 4 506 0000,https://www.fourseasons.com/dubaidifc/?utm_source=google&utm_medium=organicsearch&utm_campaign=tor-dif-hre-mid-seo-na&utm_content=na-na&utm_term=na,https://maps.google.com/?cid=12374924846905945717&g_mp=Cilnb29nbGUubWFwcy5wbGFjZXMudjEuUGxhY2VzLlNlYXJjaE5lYXJieRACGAQgAA,,Google Places API (New) Nearby Search,2026-09-02T15:22:51+00:00
ChIJAwtwSgBpXz4RkvpdqtfmZzA,InterContinental Residences Dubai Business Bay by IHG,ADJACENT,spa,hotel,Hotel,"hotel, massage_spa, convention_center, wedding_venue, resort_hotel, spa, massage, lodging, event_venue, service, restaurant, food, point_of_interest, establishment",Marasi Dr - Business Bay - Dubai,25.1816636,55.270489,4.8,1317.0,OPERATIONAL,+971 4 836 9999,https://www.ihg.com/intercontinental/hotels/gb/en/dubai/dxbhc/hoteldetail?cm_mmc=GoogleMaps-_-IC-_-AE-_-DXBHC,https://maps.google.com/?cid=3488010250372381330&g_mp=Cilnb29nbGUubWFwcy5wbGFjZXMudjEuUGxhY2VzLlNlYXJjaE5lYXJieRACGAQgAA,,Google Places API (New) Nearby Search,2026-09-02T15:22:51+00:00
ChIJO6b71yNfXz4RQ_YTJwK4dFs,Polished Spa,ADJACENT,spa,spa,Spa,"spa, point_of_interest, establishment","Behind University City Road,Muwaileh - Muwaileh Commercial - Industrial Area - Sharjah",25.3093376,55.4527664,4.7,1227.0,OPERATIONAL,+971 50 997 3005,,https://maps.google.com/?cid=6590094474134943299&g_mp=Cilnb29nbGUubWFwcy5wbGFjZXMudjEuUGxhY2VzLlNlYXJjaE5lYXJieRACGAQgAA,Monday: 9:00 AM – 12:00 AM | Tuesday: 9:00 AM – 12:00 AM | Wednesday: 9:00 AM – 12:00 AM | Thursday: 9:00 AM – 12:00 AM | Friday: 9:00 AM – 12:00 AM | Saturday: 9:00 AM – 12:00 AM | Sunday: 9:00 AM – 12:00 AM,Google Places API (New) Nearby Search,2026-09-02T15:22:51+00:00
ChIJc9YlQLx29j4RceTHX3orDC8,Tower Links Golf Club,ADJACENT,spa,sports_club,Sports club,"massage_spa, golf_course, massage, spa, athletic_field, sports_club, sports_activity_location, association_or_organization, restaurant, food, point_of_interest, service, establishment",4550 شارع خزام - Ras Al Khaimah,25.763337,55.956328,4.1,1152.0,OPERATIONAL,+971 7 227 9939,http://www.towerlinks.ae/,https://maps.google.com/?cid=3390132424096081009&g_mp=Cilnb29nbGUubWFwcy5wbGFjZXMudjEuUGxhY2VzLlNlYXJjaE5lYXJieRACGAQgAA,Monday: 6:00 AM – 6:00 PM | Tuesday: 6:00 AM – 6:00 PM | Wednesday: 6:00 AM – 6:00 PM | Thursday: 6:00 AM – 6:00 PM | Friday: 6:00 AM – 6:00 PM | Saturday: 6:00 AM – 6:00 PM | Sunday: 6:00 AM – 6:00 PM,Google Places API (New) Nearby Search,2026-09-02T15:22:51+00:00
ChIJEc8kvUtPXj4RogZxcD4YHMI,Be Relax Spa,ADJACENT,spa,spa,Spa,"spa, point_of_interest, establishment","Etihad Business Class Lounge, Terminal A - next to Gate C27 - Al Matar - Zayed International Airport - Abu Dhabi",24.450517899999998,54.642085099999996,5.0,841.0,OPERATIONAL,+971 2 805 3179,https://berelax.com/find-us/abu-dhabi-international-airport/abu-dhabi-international-airport-terminal-a/,https://maps.google.com/?cid=13987081199159412386&g_mp=Cilnb29nbGUubWFwcy5wbGFjZXMudjEuUGxhY2VzLlNlYXJjaE5lYXJieRACGAQgAA,Monday: Open 24 hours | Tuesday: Open 24 hours | Wednesday: Open 24 hours | Thursday: Open 24 hours | Friday: Open 24 hours | Saturday: Open 24 hours | Sunday: Open 24 hours,Google Places API (New) Nearby Search,2026-09-02T15:22:51+00:00
ChIJUXfUeL1gXz4RWm0_X4BNgek,Mary Foot Spa Mirdif,ADJACENT,spa,spa,Spa,"spa, point_of_interest, establishment",uptown Mirdif Mall - Algeria St - Mirdif - Dubai,25.224026199999997,55.424395999999994,4.4,718.0,OPERATIONAL,+971 50 170 6688,,https://maps.google.com/?cid=16825814896582028634&g_mp=Cilnb29nbGUubWFwcy5wbGFjZXMudjEuUGxhY2VzLlNlYXJjaE5lYXJieRACGAQgAA,Monday: 11:00 AM – 12:00 AM | Tuesday: 11:00 AM – 12:00 AM | Wednesday: 11:00 AM – 12:00 AM | Thursday: 11:00 AM – 12:00 AM | Friday: 11:00 AM – 12:00 AM | Saturday: 11:00 AM – 12:00 AM | Sunday: 11:00 AM – 12:00 AM,Google Places API (New) Nearby Search,2026-09-02T15:22:51+00:00
ChIJkZwVksppXj4RCWIHUAxgjhM,"Soul Senses Spa & Wellness - Novotel Hotel - Al Bustan, Abu Dhabi مساج",ADJACENT,spa,spa,Spa,"spa, point_of_interest, establishment","Hotel Novotel Abu Dhabi Al Bustan - Shk. Rashid Bin Saeed, St - ربدان - السعادة - Zone 1 - أبو ظبي",24.429375,54.4291117,4.8,660.0,OPERATIONAL,+971 2 501 6117,http://www.soulsensesspa.ae/,https://maps.google.com/?cid=1409169339412079113&g_mp=Cilnb29nbGUubWFwcy5wbGFjZXMudjEuUGxhY2VzLlNlYXJjaE5lYXJieRACGAQgAA,Monday: 10:00 AM – 12:00 AM | Tuesday: 10:00 AM – 12:00 AM | Wednesday: 10:00 AM – 12:00 AM | Thursday: 10:00 AM – 12:00 AM | Friday: 10:00 AM – 12:00 AM | Saturday: 10:00 AM – 12:00 AM | Sunday: 10:00 AM – 12:00 AM,Google Places API (New) Nearby Search,2026-09-02T15:22:51+00:00
ChIJ0YWEjBZZXz4Rlr_6RyMu_RM,الركن التايلندي للمساج و الحمام المغربي للسيدات,ADJACENT,spa,spa,Spa,"spa, point_of_interest, establishment",Wasit St - Al Abar - Halwan - Sharjah,25.344966799999998,55.431709600000005,4.6,652.0,OPERATIONAL,+971 6 561 6659,https://instagram.com/alrokn_althailndi_spa?utm_source=ig_profile_share&igshid=1wga70a8swstf,https://maps.google.com/?cid=1440358184894775190&g_mp=Cilnb29nbGUubWFwcy5wbGFjZXMudjEuUGxhY2VzLlNlYXJjaE5lYXJieRACGAQgAA,Monday: 9:00 AM – 10:30 PM | Tuesday: 9:00 AM – 10:30 PM | Wednesday: 9:00 AM – 10:30 PM | Thursday: 9:00 AM – 10:30 PM | Friday: 10:30 AM – 10:30 PM | Saturday: 9:00 AM – 10:30 PM | Sunday: 9:00 AM – 10:30 PM,Google Places API (New) Nearby Search,2026-09-02T15:22:51+00:00
ChIJJSDCWABhXz4RmeVNwpRaFrE,Chi Foot Spa - UPTOWN MIRDIF,ADJACENT,spa,spa,Spa,"spa, point_of_interest, establishment",J02 Uptown - Mirdif - Dubai,25.2246171,55.425360399999995,4.9,627.0,OPERATIONAL,+971 4 223 6088,http://www.chifootspa.ae/,https://maps.google.com/?cid=12760486189162423705&g_mp=Cilnb29nbGUubWFwcy5wbGFjZXMudjEuUGxhY2VzLlNlYXJjaE5lYXJieRACGAQgAA,Monday: 10:00 AM – 1:00 AM | Tuesday: 10:00 AM – 1:00 AM | Wednesday: 10:00 AM – 1:00 AM | Thursday: 10:00 AM – 1:00 AM | Friday: 10:00 AM – 1:00 AM | Saturday: 10:00 AM – 1:00 AM | Sunday: 10:00 AM – 1:00 AM,Google Places API (New) Nearby Search,2026-09-02T15:22:51+00:00
ChIJpUudORtlXz4RxyIosLAUEBo,Massage luxury & Dubai 6886,ADJACENT,spa,massage_spa,Massage spa,"massage_spa, massage, spa, point_of_interest, service, establishment",348R+VPV - Al Thanyah Fifth - JLT Cluster J - Dubai,25.0671875,55.1418125,4.1,613.0,OPERATIONAL,+971 56 562 9879,https://wa.me/971582116886,https://maps.google.com/?cid=1878023793715716807&g_mp=Cilnb29nbGUubWFwcy5wbGFjZXMudjEuUGxhY2VzLlNlYXJjaE5lYXJieRACGAQgAA,Monday: Open 24 hours | Tuesday: Open 24 hours | Wednesday: Open 24 hours | Thursday: Open 24 hours | Friday: Open 24 hours | Saturday: Open 24 hours | Sunday: Open 24 hours,Google Places API (New) Nearby Search,2026-09-02T15:22:51+00:00
ChIJk8Pik41rXz4ReQjs26aJkFw,RUS ELITE SPA - Best massage and SPA in Dubai,ADJACENT,spa,massage_spa,Massage spa,"massage_spa, massage, spa, point_of_interest, service, establishment",Al Barsha Rd - Al Barsha First - Al Barsha - Dubai,25.113901,55.200215799999995,4.8,495.0,OPERATIONAL,+971 58 555 1333,https://ruselitespa.com/,https://maps.google.com/?cid=6669982397882959993&g_mp=Cilnb29nbGUubWFwcy5wbGFjZXMudjEuUGxhY2VzLlNlYXJjaE5lYXJieRACGAQgAA,Monday: 11:00 AM – 4:00 AM | Tuesday: 11:00 AM – 4:00 AM | Wednesday: 11:00 AM – 4:00 AM | Thursday: 11:00 AM – 4:00 AM | Friday: 11:00 AM – 4:00 AM | Saturday: 11:00 AM – 4:00 AM | Sunday: 11:00 AM – 4:00 AM,Google Places API (New) Nearby Search,2026-09-02T15:22:51+00:00
ChIJgXqyiylDXj4RWZhwIPiJjjg,Cherish SPA,ADJACENT,spa,spa,Spa,"spa, massage_spa, massage, health, point_of_interest, service, establishment",Al Khaleej Al Arabi Street - 6 شارع المُلْتَقى - الروضة - المعارض - أبو ظبي,24.418490700000003,54.4344965,4.9,484.0,OPERATIONAL,+971 58 587 7087,https://cherishspa.ae/,https://maps.google.com/?cid=4075346411606022233&g_mp=Cilnb29nbGUubWFwcy5wbGFjZXMudjEuUGxhY2VzLlNlYXJjaE5lYXJieRACGAQgAA,Monday: 10:00 AM – 2:00 AM | Tuesday: 10:00 AM – 2:00 AM | Wednesday: 10:00 AM – 2:00 AM | Thursday: 10:00 AM – 2:00 AM | Friday: 10:00 AM – 2:00 AM | Saturday: 10:00 AM – 2:00 AM | Sunday: 10:00 AM – 2:00 AM,Google Places API (New) Nearby Search,2026-09-02T15:22:51+00:00
ChIJC5z7Y_lhXz4Rqnxl7XwG-cc,COYA Spa,ADJACENT,spa,spa,Spa,"spa, point_of_interest, establishment","1ST FLOOR, PARK CENTRE MIRDIF - 41 26B St - مردف - دبي",25.217844000000003,55.4183731,4.4,458.0,OPERATIONAL,+971 4 601 5555,,https://maps.google.com/?cid=14409555616377175210&g_mp=Cilnb29nbGUubWFwcy5wbGFjZXMudjEuUGxhY2VzLlNlYXJjaE5lYXJieRACGAQgAA,Monday: 10:00 AM – 10:00 PM | Tuesday: 10:00 AM – 10:00 PM | Wednesday: 9:00 AM – 10:00 PM | Thursday: 10:00 AM – 10:00 PM | Friday: 10:00 AM – 10:00 PM | Saturday: 10:00 AM – 10:00 PM | Sunday: 10:00 AM – 10:00 PM,Google Places API (New) Nearby Search,2026-09-02T15:22:51+00:00
ChIJlcRPQdNDXz4RifA_BEVi50A,Laguna SPA - Sheikh Zayed,ADJACENT,spa,spa,Spa,"spa, massage, service, point_of_interest, establishment",Emirates Grand Hotel - 1st Floor - Trade Center First - Dubai,25.2114159,55.2742693,4.2,447.0,OPERATIONAL,+971 56 990 9425,https://downtownspa.net/,https://maps.google.com/?cid=4676814786611114121&g_mp=Cilnb29nbGUubWFwcy5wbGFjZXMudjEuUGxhY2VzLlNlYXJjaE5lYXJieRACGAQgAA,Monday: Open 24 hours | Tuesday: Open 24 hours | Wednesday: Open 24 hours | Thursday: Open 24 hours | Friday: Open 24 hours | Saturday: Open 24 hours | Sunday: Open 24 hours,Google Places API (New) Nearby Search,2026-09-02T15:22:51+00:00
ChIJnzNF10VhXz4RE_PlzgPKwiU,KLEÏ Spa and Hammam,ADJACENT,spa,spa,Spa,"spa, point_of_interest, establishment",Mirdif Avenue Mall - Mirdif - Dubai,25.232787899999998,55.431883899999995,4.4,441.0,OPERATIONAL,+971 4 295 9994,https://www.fresha.com/book-now/klei-spa-and-hammam-anql67as/all-offer?pId=973054,https://maps.google.com/?cid=2720959242590090003&g_mp=Cilnb29nbGUubWFwcy5wbGFjZXMudjEuUGxhY2VzLlNlYXJjaE5lYXJieRACGAQgAA,Monday: 10:00 AM – 10:00 PM | Tuesday: 10:00 AM – 10:00 PM | Wednesday: 10:00 AM – 10:00 PM | Thursday: 10:00 AM – 10:00 PM | Friday: 10:00 AM – 10:00 PM | Saturday: 10:00 AM – 10:00 PM | Sunday: 10:00 AM – 10:00 PM,Google Places API (New) Nearby Search,2026-09-02T15:22:51+00:00
ChIJxXjaZHprXz4REYnXZsUjqr8,Lavuna Spa - Tecom Barsha,ADJACENT,spa,spa,Spa,"spa, massage_spa, massage, point_of_interest, service, establishment",inside Signature 1 Hotel - Al Thanyah First - Barsha Heights - Dubai,25.0967456,55.1739244,4.2,415.0,OPERATIONAL,+971 52 708 3439,https://lavunaspadubai.com/tecom,https://maps.google.com/?cid=13810890538025978129&g_mp=Cilnb29nbGUubWFwcy5wbGFjZXMudjEuUGxhY2VzLlNlYXJjaE5lYXJieRACGAQgAA,Monday: Open 24 hours | Tuesday: Open 24 hours | Wednesday: Open 24 hours | Thursday: Open 24 hours | Friday: Open 24 hours | Saturday: Open 24 hours | Sunday: Open 24 hours,Google Places API (New) Nearby Search,2026-09-02T15:22:51+00:00
ChIJEaWpCQBrXz4RhlHI9gXIz8w,Paus Club,ADJACENT,spa,wellness_center,Wellness center,"wellness_center, spa, sports_club, association_or_organization, health, restaurant, food, point_of_interest, establishment","1119, 19A Street - شارع الوصل - أم الشيف - ام الشيف - دبي",25.137086699999998,55.202712,4.5,414.0,OPERATIONAL,+971 4 325 1829,http://pausclub.com/,https://maps.google.com/?cid=14758234431857119622&g_mp=Cilnb29nbGUubWFwcy5wbGFjZXMudjEuUGxhY2VzLlNlYXJjaE5lYXJieRACGAQgAA,Monday: 6:00 AM – 12:00 AM | Tuesday: 6:00 AM – 12:00 AM | Wednesday: 6:00 AM – 12:00 AM | Thursday: 6:00 AM – 12:00 AM | Friday: 6:00 AM – 12:00 AM | Saturday: 6:00 AM – 12:00 AM | Sunday: 6:00 AM – 12:00 AM,Google Places API (New) Nearby Search,2026-09-02T15:22:51+00:00
ChIJaaiQQZNnXz4RV1G1xNMMGiQ,泰享来(泰式古法按摩•影院足道•洗浴搓澡)thai space massage - 迪拜酋长国,ADJACENT,spa,spa,Spa,"spa, point_of_interest, establishment",Souk Warsan Block B 1st Floor Street A - ورسان الأولى - مدينة دبي العالمية - دبي,25.1560569,55.400784699999996,4.8,414.0,OPERATIONAL,+971 58 571 3777,,https://maps.google.com/?cid=2601405838437732695&g_mp=Cilnb29nbGUubWFwcy5wbGFjZXMudjEuUGxhY2VzLlNlYXJjaE5lYXJieRACGAQgAA,Monday: 11:00 AM – 3:30 AM | Tuesday: 11:00 AM – 3:30 AM | Wednesday: 11:00 AM – 3:30 AM | Thursday: 11:00 AM – 3:30 AM | Friday: 11:00 AM – 3:30 AM | Saturday: 11:00 AM – 3:30 AM | Sunday: 11:00 AM – 3:30 AM,Google Places API (New) Nearby Search,2026-09-02T15:22:51+00:00
ChIJ82Lw0yNfXz4RN7hn-gRQnno,Horse Spa For Men,ADJACENT,spa,spa,Spa,"spa, point_of_interest, establishment",University City Rd - Muwaileh Commercial - Industrial Area - Sharjah,25.3090983,55.4530792,4.5,383.0,OPERATIONAL,+971 50 740 7064,https://horsespamen.com/,https://maps.google.com/?cid=8835587501258684471&g_mp=Cilnb29nbGUubWFwcy5wbGFjZXMudjEuUGxhY2VzLlNlYXJjaE5lYXJieRACGAQgAA,Monday: 10:00 AM – 12:00 AM | Tuesday: 10:00 AM – 12:00 AM | Wednesday: 10:00 AM – 12:00 AM | Thursday: 10:00 AM – 12:00 AM | Friday: 10:00 AM – 12:00 AM | Saturday: 10:00 AM – 12:00 AM | Sunday: 10:00 AM – 12:00 AM,Google Places API (New) Nearby Search,2026-09-02T15:22:51+00:00
ChIJb-XuaNNgXz4RZwvqMHgFBB8,Fitness Terminal Men's Gym,ADJACENT,spa,gym,Gym,"gym, fitness_center, sports_club, spa, sports_activity_location, point_of_interest, health, association_or_organization, establishment",5CP4+5CR Roof Floor - Building#9 13 St - opp. Sheikh Rashid Bin Makhtoum Mosque - Al Warqa'a First - Dubai,25.185041299999998,55.4064634,4.0,361.0,OPERATIONAL,+971 50 877 7516,http://www.fitnessterminal.ae/,https://maps.google.com/?cid=2234917328857467751&g_mp=Cilnb29nbGUubWFwcy5wbGFjZXMudjEuUGxhY2VzLlNlYXJjaE5lYXJieRACGAQgAA,Monday: 6:00 AM – 12:00 AM | Tuesday: 6:00 AM – 12:00 AM | Wednesday: 6:00 AM – 12:00 AM | Thursday: 6:00 AM – 12:00 AM | Friday: 6:00 AM – 12:00 AM | Saturday: 6:00 AM – 12:00 AM | Sunday: 6:00 AM – 12:00 AM,Google Places API (New) Nearby Search,2026-09-02T15:22:51+00:00
ChIJk-dPUrr59D4RoBQhI4raGBI,Phoenix Gents Spa فونيكس سبا للعناية بالرجال | الفجيرة,ADJACENT,spa,massage_spa,Massage spa,"massage_spa, massage, spa, point_of_interest, service, establishment",Basra Street - Al Faseel - Fujairah,25.1441655,56.3472242,4.9,349.0,OPERATIONAL,+971 9 228 6066,http://phoenixspa.ae/,https://maps.google.com/?cid=1304032378953471136&g_mp=Cilnb29nbGUubWFwcy5wbGFjZXMudjEuUGxhY2VzLlNlYXJjaE5lYXJieRACGAQgAA,Monday: 10:00 AM – 12:00 AM | Tuesday: 10:00 AM – 12:00 AM | Wednesday: 10:00 AM – 12:00 AM | Thursday: 10:00 AM – 12:00 AM | Friday: 2:00 PM – 12:00 AM | Saturday: 10:00 AM – 12:00 AM | Sunday: 10:00 AM – 12:00 AM,Google Places API (New) Nearby Search,2026-09-02T15:22:51+00:00
ChIJCw2jTFhJXj4RcpCamtniuV0,Chiang Mai Traditional Thai Massage,ADJACENT,spa,massage_spa,Massage spa,"massage_spa, spa, massage, point_of_interest, service, establishment",Al Matar - Zayed International Airport - Abu Dhabi,24.419020699999997,54.6455378,4.9,348.0,OPERATIONAL,+971 2 805 8050,http://www.alghazalgolfclub.ae/,https://maps.google.com/?cid=6753678540448370802&g_mp=Cilnb29nbGUubWFwcy5wbGFjZXMudjEuUGxhY2VzLlNlYXJjaE5lYXJieRACGAQgAA,Monday: 10:00 AM – 12:00 AM | Tuesday: 10:00 AM – 12:00 AM | Wednesday: 10:00 AM – 12:00 AM | Thursday: 10:00 AM – 12:00 AM | Friday: 10:00 AM – 12:00 AM | Saturday: 10:00 AM – 12:00 AM | Sunday: 10:00 AM – 12:00 AM,Google Places API (New) Nearby Search,2026-09-02T15:22:51+00:00
ChIJEQ-8fl139j4RXIyCsuPDiJQ,الركن التايلندي للمساج والحمام المغربي للسيدات,ADJACENT,spa,spa,Spa,"spa, massage_spa, massage, point_of_interest, service, establishment",Ras Al-Khaimah - Sheikh Saqr City - Ras Al Khaimah,25.7406294,55.939789499999996,4.5,329.0,OPERATIONAL,+971 7 223 3555,,https://maps.google.com/?cid=10703019897165876316&g_mp=Cilnb29nbGUubWFwcy5wbGFjZXMudjEuUGxhY2VzLlNlYXJjaE5lYXJieRACGAQgAA,Monday: 9:00 AM – 10:30 PM | Tuesday: 9:00 AM – 10:30 PM | Wednesday: 9:00 AM – 10:30 PM | Thursday: 9:00 AM – 10:30 PM | Friday: 10:30 AM – 10:30 PM | Saturday: 9:00 AM – 10:30 PM | Sunday: 9:30 AM – 10:30 PM,Google Places API (New) Nearby Search,2026-09-02T15:22:51+00:00
ChIJT1WJtYdZXz4RC_8axo8boz0,Toronto Star Body Building,ADJACENT,spa,gym,Gym,"gym, sauna, fitness_center, spa, sports_coaching, public_bath, sports_club, sports_school, sports_complex, sports_activity_location, association_or_organization, health, restaurant, food, point_of_interest, establishment",The Grand Avenue - Showroom No 3 - 126 Al Qasimi St - Hay Al Sharq - Sharjah,25.364647599999998,55.4054046,4.2,305.0,OPERATIONAL,+971 6 543 3633,,https://maps.google.com/?cid=4441423961835372299&g_mp=Cilnb29nbGUubWFwcy5wbGFjZXMudjEuUGxhY2VzLlNlYXJjaE5lYXJieRACGAQgAA,Monday: 6:00 AM – 1:00 AM | Tuesday: 6:00 AM – 1:00 AM | Wednesday: 6:00 AM – 1:00 AM | Thursday: 6:00 AM – 1:00 AM | Friday: 2:00 – 11:00 PM | Saturday: 6:00 AM – 1:00 AM | Sunday: 6:00 AM – 1:00 AM,Google Places API (New) Nearby Search,2026-09-02T15:22:51+00:00
ChIJ4yiczIhHXj4RTQcwYwFsewM,C FOUR GYM,ADJACENT,spa,gym,Gym,"gym, yoga_studio, fitness_center, sauna, spa, public_bath, sports_complex, sports_school, sports_activity_location, sports_coaching, health, point_of_interest, establishment",A - 78 شارع الياس العَالي - opposite to Etihad School - Khalifa City - SE16 - Abu Dhabi,24.402300699999998,54.584583099999996,4.5,254.0,OPERATIONAL,+971 56 987 8748,,https://maps.google.com/?cid=250912957464053581&g_mp=Cilnb29nbGUubWFwcy5wbGFjZXMudjEuUGxhY2VzLlNlYXJjaE5lYXJieRACGAQgAA,Monday: 5:00 AM – 1:00 AM | Tuesday: 5:00 AM – 1:00 AM | Wednesday: 5:00 AM – 1:00 AM | Thursday: 5:00 AM – 1:00 AM | Friday: 5:00 AM – 12:00 AM | Saturday: 8:00 AM – 11:00 PM | Sunday: 8:00 AM – 12:00 AM,Google Places API (New) Nearby Search,2026-09-02T15:22:51+00:00
ChIJVRSDeNhDXj4RVnxlw3kuMdg,"Chi, The Spa at Shangri-La",ADJACENT,spa,spa,Spa,"spa, point_of_interest, establishment",Khor - Qaryat al Beri - Rabdan - المَقطَع - Abu Dhabi,24.408072800000003,54.491364399999995,4.6,250.0,OPERATIONAL,+971 2 509 8900,http://www.shangri-la.com/abudhabi/shangrila/health-leisure/chi-the-spa/,https://maps.google.com/?cid=15578283686555384918&g_mp=Cilnb29nbGUubWFwcy5wbGFjZXMudjEuUGxhY2VzLlNlYXJjaE5lYXJieRACGAQgAA,Monday: 10:00 AM – 12:00 AM | Tuesday: 10:00 AM – 12:00 AM | Wednesday: 10:00 AM – 12:00 AM | Thursday: 10:00 AM – 12:00 AM | Friday: 10:00 AM – 12:00 AM | Saturday: 10:00 AM – 12:00 AM | Sunday: 10:00 AM – 12:00 AM,Google Places API (New) Nearby Search,2026-09-02T15:22:51+00:00
ChIJazEKiV5PXj4RDy4Y2DWLIxk,REVIVE Wellness Rehabilitation Center,ADJACENT,spa,wellness_center,Wellness center,"wellness_center, spa, health, point_of_interest, establishment",Al Raha Blvd - Al Rahah - RBW2 - Abu Dhabi,24.4519183,54.6119177,5.0,244.0,OPERATIONAL,+971 55 968 7956,https://www.reviveabudhabi.com/,https://maps.google.com/?cid=1811444538508062223&g_mp=Cilnb29nbGUubWFwcy5wbGFjZXMudjEuUGxhY2VzLlNlYXJjaE5lYXJieRACGAQgAA,Monday: 10:00 AM – 9:30 PM | Tuesday: 10:00 AM – 9:30 PM | Wednesday: 10:00 AM – 9:30 PM | Thursday: 10:00 AM – 9:30 PM | Friday: 10:00 AM – 9:30 PM | Saturday: 10:00 AM – 10:00 PM | Sunday: 9:00 AM – 8:00 PM,Google Places API (New) Nearby Search,2026-09-02T15:22:51+00:00
ChIJo5spWqB29j4RWMhVKTnfQyA,QI Massage Center (formerly TCM Spa Massage Center),ADJACENT,spa,massage_spa,Massage spa,"massage_spa, massage, spa, point_of_interest, service, establishment",Rak Hotel - Khuzam Rd - Khuzam - Ras Al Khaimah,25.769049799999998,55.937795799999996,4.4,243.0,OPERATIONAL,+971 55 781 8511,,https://maps.google.com/?cid=2324947269252925528&g_mp=Cilnb29nbGUubWFwcy5wbGFjZXMudjEuUGxhY2VzLlNlYXJjaE5lYXJieRACGAQgAA,Monday: 9:00 AM – 12:30 AM | Tuesday: 9:00 AM – 12:30 AM | Wednesday: 9:00 AM – 12:30 AM | Thursday: 9:00 AM – 12:30 AM | Friday: 9:00 AM – 12:30 AM | Saturday: 9:00 AM – 12:30 AM | Sunday: 9:00 AM – 12:30 AM,Google Places API (New) Nearby Search,2026-09-02T15:22:51+00:00
ChIJwyHoaClmXj4Rqgsjdqc_LVw,Al Diar Sawa Hotel Apartments,ADJACENT,spa,hotel,Hotel,"hotel, swimming_pool, spa, apartment_building, sports_activity_location, lodging, point_of_interest, service, establishment",Abu Dhabi - Al Nahyan - E25 - Abu Dhabi,24.4665049,54.3850634,3.7,239.0,OPERATIONAL,+971 2 414 7777,http://www.aldiarhotels.com/al-diar-sawa-hotel-apartments-overview,https://maps.google.com/?cid=6642035013915446186&g_mp=Cilnb29nbGUubWFwcy5wbGFjZXMudjEuUGxhY2VzLlNlYXJjaE5lYXJieRACGAQgAA,Monday: Open 24 hours | Tuesday: Open 24 hours | Wednesday: Open 24 hours | Thursday: Open 24 hours | Friday: Open 24 hours | Saturday: Open 24 hours | Sunday: Open 24 hours,Google Places API (New) Nearby Search,2026-09-02T15:22:51+00:00
ChIJOZBMbdxrXz4RHEeuru_-HQA,Ruspa - Ukrainian and European Massage Al Barsha,ADJACENT,spa,massage_spa,Massage spa,"massage_spa, massage, spa, point_of_interest, service, establishment",Courtyard By Marriott Dubai - Al Barsha Rd - behind Mall Of Emirates - Al Barsha First - Al Barsha - Dubai,25.114707799999998,55.197211499999995,4.3,222.0,OPERATIONAL,+971 52 597 2387,https://ruspa.ae/?utm_source=google&utm_medium=organic&utm_campaign=google_business_profile,https://maps.google.com/?cid=8443079705904924&g_mp=Cilnb29nbGUubWFwcy5wbGFjZXMudjEuUGxhY2VzLlNlYXJjaE5lYXJieRACGAQgAA,Monday: 10:00 AM – 2:00 AM | Tuesday: 10:00 AM – 2:00 AM | Wednesday: 10:00 AM – 2:00 AM | Thursday: 10:00 AM – 2:00 AM | Friday: 10:00 AM – 2:00 AM | Saturday: 10:00 AM – 2:00 AM | Sunday: 10:00 AM – 2:00 AM,Google Places API (New) Nearby Search,2026-09-02T15:22:51+00:00
ChIJi135LPRlXj4REqYFVZHI2Ec,Young Massage Spa Abu Dhabi,ADJACENT,spa,massage_spa,Massage spa,"massage_spa, massage, spa, point_of_interest, service, establishment","Royal M Hotel & Resort, Villa A10 Al Bateen Marina King Abdullah Bin Abdulaziz Al Saud Street - شارع القُفَّال - البطين - غرب 35 - أبو ظبي",24.4494415,54.337938699999995,4.4,213.0,OPERATIONAL,+971 56 298 7888,https://www.youngspa.ae/,https://maps.google.com/?cid=5177108298184631826&g_mp=Cilnb29nbGUubWFwcy5wbGFjZXMudjEuUGxhY2VzLlNlYXJjaE5lYXJieRACGAQgAA,Monday: 10:00 AM – 1:00 AM | Tuesday: 10:00 AM – 1:00 AM | Wednesday: 10:00 AM – 1:00 AM | Thursday: 10:00 AM – 1:00 AM | Friday: 10:00 AM – 1:00 AM | Saturday: 10:00 AM – 1:00 AM | Sunday: 10:00 AM – 1:00 AM,Google Places API (New) Nearby Search,2026-09-02T15:22:51+00:00
ChIJe6sxLvttXz4Re7ijGxRbSD4,"Soul Side Wellness – Yoga, Sound Healing & Holistic Therapy in JLT",ADJACENT,spa,wellness_center,Wellness center,"wellness_center, yoga_studio, fitness_center, gym, spa, sports_complex, sports_school, consultant, sports_activity_location, medical_clinic, health, point_of_interest, service, establishment",The Dome Tower - 2603 - Cluster N - Al Thanyah Fifth - Jumeirah Lakes Towers - Dubai,25.0627824,55.1377193,4.8,204.0,OPERATIONAL,+971 54 263 0355,https://www.soulsidestudio.com/,https://maps.google.com/?cid=4487937170595887227&g_mp=Cilnb29nbGUubWFwcy5wbGFjZXMudjEuUGxhY2VzLlNlYXJjaE5lYXJieRACGAQgAA,Monday: 7:30 AM – 9:00 PM | Tuesday: 7:30 AM – 9:00 PM | Wednesday: 7:30 AM – 9:00 PM | Thursday: 7:30 AM – 9:00 PM | Friday: 7:30 AM – 9:00 PM | Saturday: 9:00 AM – 5:30 PM | Sunday: 9:00 AM – 8:00 PM,Google Places API (New) Nearby Search,2026-09-02T15:22:51+00:00
ChIJZ1bF8ZVoXj4RbD0cjR1L2gw,Inspire Sports Center-Ladies Sports & Spa,ADJACENT,spa,fitness_center,Fitness center,"fitness_center, gym, spa, sports_school, sports_activity_location, health, point_of_interest, establishment",شارع 8 - Al Mushrif - W22 - Abu Dhabi,24.4424654,54.3697939,4.6,201.0,OPERATIONAL,+971 50 157 5508,http://www.inspiresports.ae/,https://maps.google.com/?cid=926135263671631212&g_mp=Cilnb29nbGUubWFwcy5wbGFjZXMudjEuUGxhY2VzLlNlYXJjaE5lYXJieRACGAQgAA,Monday: 8:00 AM – 10:00 PM | Tuesday: 8:00 AM – 10:00 PM | Wednesday: 8:00 AM – 10:00 PM | Thursday: 8:00 AM – 10:00 PM | Friday: 8:00 AM – 8:00 PM | Saturday: 9:00 AM – 6:00 PM | Sunday: 9:00 AM – 8:00 PM,Google Places API (New) Nearby Search,2026-09-02T15:22:51+00:00
ChIJR_rCewBx9j4RSyCuMhUQQJQ,Claridge Star Hotel,ADJACENT,spa,hotel,Hotel,"hotel, hookah_bar, spa, cafe, sports_club, association_or_organization, night_club, lodging, restaurant, food, point_of_interest, establishment",Al Qasimi Corniche Rd - Dahan - Ras Al Khaimah,25.7885144,55.936415700000005,4.4,191.0,OPERATIONAL,+971 7 223 9022,https://claridgestar.com/,https://maps.google.com/?cid=10682555999353446475&g_mp=Cilnb29nbGUubWFwcy5wbGFjZXMudjEuUGxhY2VzLlNlYXJjaE5lYXJieRACGAQgAA,Monday: Open 24 hours | Tuesday: Open 24 hours | Wednesday: Open 24 hours | Thursday: Open 24 hours | Friday: Open 24 hours | Saturday: Open 24 hours | Sunday: Open 24 hours,Google Places API (New) Nearby Search,2026-09-02T15:22:51+00:00
ChIJIfX8sJNGXj4ROCxQnh8M2-E,Point Zero Floatation Center,ADJACENT,spa,spa,Spa,"spa, point_of_interest, health, establishment",12th St - Khalifa City - SW14 - Abu Dhabi,24.4072909,54.551618899999994,4.6,182.0,OPERATIONAL,+971 2 445 5775,http://www.pointzerofloatation.com/,https://maps.google.com/?cid=16274615008372993080&g_mp=Cilnb29nbGUubWFwcy5wbGFjZXMudjEuUGxhY2VzLlNlYXJjaE5lYXJieRACGAQgAA,Monday: 10:00 AM – 10:00 PM | Tuesday: 10:00 AM – 10:00 PM | Wednesday: 10:00 AM – 10:00 PM | Thursday: 10:00 AM – 10:00 PM | Friday: 10:00 AM – 10:00 PM | Saturday: 10:00 AM – 10:00 PM | Sunday: 10:00 AM – 10:00 PM,Google Places API (New) Nearby Search,2026-09-02T15:22:51+00:00
ChIJN8niTg2xij4RBieLSrQztzw,Calm & co,ADJACENT,spa,gym,Gym,"yoga_studio, fitness_center, gym, spa, sports_complex, sports_school, sports_activity_location, health, point_of_interest, establishment",244 Al Ghawwas St - Al Muwaij'i - Oud Bin Sag-han - Abu Dhabi,24.212012299999998,55.6956926,4.9,179.0,OPERATIONAL,+971 3 785 3152,https://calmandco.ae/,https://maps.google.com/?cid=4375022412451489542&g_mp=Cilnb29nbGUubWFwcy5wbGFjZXMudjEuUGxhY2VzLlNlYXJjaE5lYXJieRACGAQgAA,Monday: 8:00 AM – 9:30 PM | Tuesday: 8:00 AM – 9:30 PM | Wednesday: 8:00 AM – 10:45 PM | Thursday: 8:00 AM – 10:45 PM | Friday: 9:00 AM – 9:30 PM | Saturday: 9:00 AM – 9:30 PM | Sunday: 9:00 AM – 9:30 PM,Google Places API (New) Nearby Search,2026-09-02T15:22:51+00:00
ChIJb2Jckh1fXz4RCdHEBrREFVY,Peace massage center مركز السلام للمساج,ADJACENT,spa,massage_spa,Massage spa,"massage_spa, massage, spa, point_of_interest, service, establishment",Muwaileh Commercial - Industrial Area - Sharjah,25.308320199999997,55.458930699999996,4.6,177.0,OPERATIONAL,+971 54 488 8309,https://www.fresha.com/book-now/peace-massage-center-sbi0r1ia/all-offer?share&pId=1237452,https://maps.google.com/?cid=6202939601771090185&g_mp=Cilnb29nbGUubWFwcy5wbGFjZXMudjEuUGxhY2VzLlNlYXJjaE5lYXJieRACGAQgAA,Monday: 11:00 AM – 11:00 PM | Tuesday: 11:00 AM – 11:00 PM | Wednesday: 11:00 AM – 11:00 PM | Thursday: 11:00 AM – 11:00 PM | Friday: Closed | Saturday: 11:00 AM – 11:00 PM | Sunday: 11:00 AM – 11:00 PM,Google Places API (New) Nearby Search,2026-09-02T15:22:51+00:00
ChIJJVFWbFV19j4RIkKcOjTUulI,Villa Thalgo RAK,ADJACENT,spa,spa,Spa,"spa, point_of_interest, establishment",Dahan - Ras Al Khaimah,25.7709017,55.923003099999995,4.7,177.0,OPERATIONAL,+971 55 255 5608,,https://maps.google.com/?cid=5961310377564979746&g_mp=Cilnb29nbGUubWFwcy5wbGFjZXMudjEuUGxhY2VzLlNlYXJjaE5lYXJieRACGAQgAA,Monday: 10:00 AM – 11:00 PM | Tuesday: 10:00 AM – 11:00 PM | Wednesday: 10:00 AM – 11:00 PM | Thursday: 10:00 AM – 11:00 PM | Friday: 10:00 AM – 11:00 PM | Saturday: 10:00 AM – 11:00 PM | Sunday: 10:00 AM – 11:00 PM,Google Places API (New) Nearby Search,2026-09-02T15:22:51+00:00
ChIJJfCNVi5HXj4RdUH_bZHjY8I,Dream Garden SPA- Massage Center in Abu Dhabi,ADJACENT,spa,massage_spa,Massage spa,"massage_spa, spa, massage, point_of_interest, service, establishment","Office M04, Building NO.8, Same Union Gift Building C21 - مدينة محمد بن زايد - محمد بن زايد شرق 9 - أبو ظبي",24.344316,54.531892899999995,4.2,169.0,OPERATIONAL,+971 52 299 2688,http://www.dreamgardenspa.com/,https://maps.google.com/?cid=14007289479807582581&g_mp=Cilnb29nbGUubWFwcy5wbGFjZXMudjEuUGxhY2VzLlNlYXJjaE5lYXJieRACGAQgAA,Monday: 10:00 AM – 2:00 AM | Tuesday: 10:00 AM – 2:00 AM | Wednesday: 10:00 AM – 2:00 AM | Thursday: 10:00 AM – 2:00 AM | Friday: 10:00 AM – 2:00 AM | Saturday: 10:00 AM – 2:00 AM | Sunday: 10:00 AM – 2:00 AM,Google Places API (New) Nearby Search,2026-09-02T15:22:51+00:00
ChIJibBV38Gvij4RoFsZ8CCRwPc,King river spa,ADJACENT,spa,massage_spa,Massage spa,"massage_spa, massage, spa, point_of_interest, service, establishment",139 'Asharij St - 'Asharij - Bida Bin Ammar - Abu Dhabi,24.2057574,55.6549385,4.4,166.0,OPERATIONAL,+971 58 617 1919,,https://maps.google.com/?cid=17852428493549820832&g_mp=Cilnb29nbGUubWFwcy5wbGFjZXMudjEuUGxhY2VzLlNlYXJjaE5lYXJieRACGAQgAA,Monday: 10:00 AM – 11:00 PM | Tuesday: 10:00 AM – 11:00 PM | Wednesday: 10:00 AM – 11:00 PM | Thursday: 10:00 AM – 11:00 PM | Friday: 2:00 – 11:00 PM | Saturday: 10:00 AM – 11:00 PM | Sunday: 10:00 AM – 11:00 PM,Google Places API (New) Nearby Search,2026-09-02T15:22:51+00:00
ChIJ8RWvXHRDXj4RFTW6CnjQhaY,Spirit Body & Soul Spa,ADJACENT,spa,massage_spa,Massage spa,"massage_spa, wellness_center, massage, spa, health, point_of_interest, service, establishment",Dhafeer St Between Sultan Bin Zayed The First St. and شارع الشيخ راشد بن سعيد - الشارع الثاني - السعادة - شرق 40 - أبو ظبي,24.4299404,54.4377231,4.2,166.0,OPERATIONAL,+971 56 311 8988,https://velementsgroupmgt.com/spirit-body-%26-soul,https://maps.google.com/?cid=11999225996193182997&g_mp=Cilnb29nbGUubWFwcy5wbGFjZXMudjEuUGxhY2VzLlNlYXJjaE5lYXJieRACGAQgAA,Monday: 10:00 AM – 1:00 AM | Tuesday: 10:00 AM – 1:00 AM | Wednesday: 10:00 AM – 1:00 AM | Thursday: 10:00 AM – 1:00 AM | Friday: 10:00 AM – 1:00 AM | Saturday: 10:00 AM – 1:00 AM | Sunday: 10:00 AM – 1:00 AM,Google Places API (New) Nearby Search,2026-09-02T15:22:51+00:00
ChIJX9yrtmRmXj4R0XuMyz81jnc,Eclipse Spa at Eclipse Boutique Suites | Best Massage Spa in abu dhabi |,ADJACENT,spa,spa,Spa,"spa, massage_spa, massage, point_of_interest, service, establishment",Street # 10 Liwa Street - Al Danah - Zone 1 - Abu Dhabi,24.4902855,54.3577042,3.9,164.0,OPERATIONAL,+971 2 652 1007,https://eclipsespa.flourishspas.com/,https://maps.google.com/?cid=8614881685320530897&g_mp=Cilnb29nbGUubWFwcy5wbGFjZXMudjEuUGxhY2VzLlNlYXJjaE5lYXJieRACGAQgAA,Monday: 10:00 AM – 2:00 AM | Tuesday: 10:00 AM – 2:00 AM | Wednesday: 10:00 AM – 2:00 AM | Thursday: 10:00 AM – 2:00 AM | Friday: 10:00 AM – 2:00 AM | Saturday: 10:00 AM – 2:00 AM | Sunday: 10:00 AM – 2:00 AM,Google Places API (New) Nearby Search,2026-09-02T15:22:51+00:00
ChIJr0TWFSo3Xj4Rd2IjsTaEgDo,Thai Touch Massage,ADJACENT,spa,massage_spa,Massage spa,"massage_spa, massage, spa, point_of_interest, service, establishment",AL RAkbt st - Bani Yas - Baniyas East - Abu Dhabi,24.294876,54.6368375,4.5,157.0,OPERATIONAL,+971 2 563 2732,,https://maps.google.com/?cid=4215514621653770871&g_mp=Cilnb29nbGUubWFwcy5wbGFjZXMudjEuUGxhY2VzLlNlYXJjaE5lYXJieRACGAQgAA,Monday: 11:00 AM – 10:00 PM | Tuesday: 11:00 AM – 10:00 PM | Wednesday: 11:00 AM – 10:00 PM | Thursday: 11:00 AM – 10:00 PM | Friday: 11:00 AM – 10:00 PM | Saturday: 11:00 AM – 10:00 PM | Sunday: 11:00 AM – 10:00 PM,Google Places API (New) Nearby Search,2026-09-02T15:22:51+00:00
ChIJVXC4O3hfXz4R-8FOvOA7MUk,Healing Zone Spa,ADJACENT,spa,spa,Spa,"spa, point_of_interest, establishment",Muwaileh - Muwaileh Commercial - Industrial Area - Sharjah,25.3070874,55.46051800000001,4.5,153.0,OPERATIONAL,+971 6 566 4809,http://healingzonespa.ae/,https://maps.google.com/?cid=5274062475045552635&g_mp=Cilnb29nbGUubWFwcy5wbGFjZXMudjEuUGxhY2VzLlNlYXJjaE5lYXJieRACGAQgAA,Monday: 11:00 AM – 12:00 AM | Tuesday: 11:00 AM – 12:00 AM | Wednesday: 11:00 AM – 12:00 AM | Thursday: 11:00 AM – 12:00 AM | Friday: 11:00 AM – 12:00 AM | Saturday: 11:00 AM – 12:00 AM | Sunday: 11:00 AM – 12:00 AM,Google Places API (New) Nearby Search,2026-09-02T15:22:51+00:00
ChIJqxkK2ypDXz4RAN5Y3XKXiU4,SunShine Spa,ADJACENT,spa,massage,Massage service,"massage_spa, massage, spa, health, point_of_interest, service, establishment","Shop No 1 – Flamingo building, JVC - JVC) – Dubai - البرشاء جنوب الرابعة - قرية جميرا الدائرية - دبي",25.061488200000003,55.200428099999996,4.2,153.0,OPERATIONAL,+971 56 718 9018,http://jvc-massage.com/,https://maps.google.com/?cid=5659220926363393536&g_mp=Cilnb29nbGUubWFwcy5wbGFjZXMudjEuUGxhY2VzLlNlYXJjaE5lYXJieRACGAQgAA,Monday: 11:00 AM – 2:00 AM | Tuesday: 11:00 AM – 2:00 AM | Wednesday: 11:00 AM – 2:00 AM | Thursday: 11:00 AM – 2:00 AM | Friday: 11:00 AM – 2:00 AM | Saturday: 11:00 AM – 2:00 AM | Sunday: 11:00 AM – 2:00 AM,Google Places API (New) Nearby Search,2026-09-02T15:22:51+00:00
ChIJsdjx0dpnXz4RJoEdDkDYZwI,Mary Foot Spa Nad Al Hamar Avenues,ADJACENT,spa,spa,Spa,"spa, point_of_interest, establishment","A12a, Avenues - Shop A04 - Nadd Al Hamar - Dubai",25.1890535,55.3839242,4.5,147.0,OPERATIONAL,+971 50 634 3399,http://instagram.com/maryfootspa,https://maps.google.com/?cid=173344880303374630&g_mp=Cilnb29nbGUubWFwcy5wbGFjZXMudjEuUGxhY2VzLlNlYXJjaE5lYXJieRACGAQgAA,Monday: 12:00 PM – 1:00 AM | Tuesday: 12:00 PM – 1:00 AM | Wednesday: 12:00 PM – 1:00 AM | Thursday: 12:00 PM – 1:00 AM | Friday: 12:00 PM – 1:00 AM | Saturday: 12:00 PM – 1:00 AM | Sunday: 12:00 PM – 1:00 AM,Google Places API (New) Nearby Search,2026-09-02T15:22:51+00:00
ChIJYX-o5_759D4RAi5DohyyBl0,"Oxyzen European Spa And Massage, Fujairah",ADJACENT,spa,massage_spa,Massage spa,"massage_spa, massage, spa, point_of_interest, service, establishment",Corniche Road fujairah AL BAHAR HOTEL - الكورنيش - إمارة الفجيرة,25.129179,56.3566188,4.4,138.0,OPERATIONAL,+971 56 856 3999,https://oxyzenspagroup.com/our-spa/oxyzen-spa-massage-center-fujairah/,https://maps.google.com/?cid=6703240931438702082&g_mp=Cilnb29nbGUubWFwcy5wbGFjZXMudjEuUGxhY2VzLlNlYXJjaE5lYXJieRACGAQgAA,Monday: 10:00 AM – 2:00 AM | Tuesday: 10:00 AM – 2:00 AM | Wednesday: 10:00 AM – 2:00 AM | Thursday: 10:00 AM – 2:00 AM | Friday: 10:00 AM – 2:00 AM | Saturday: 10:00 AM – 2:00 AM | Sunday: 10:00 AM – 2:00 AM,Google Places API (New) Nearby Search,2026-09-02T15:22:51+00:00
ChIJOeI8pUhhXz4RsGHovkGr6dE,Spring Gents Massage,ADJACENT,spa,massage,Massage service,"massage_spa, spa, massage, point_of_interest, service, establishment",Dubai - Warsan First - Dubai International City - Dubai,25.167732899999997,55.413644600000005,3.8,137.0,OPERATIONAL,+971 58 244 2559,http://www.dubai-spring.com/,https://maps.google.com/?cid=15125809122364645808&g_mp=Cilnb29nbGUubWFwcy5wbGFjZXMudjEuUGxhY2VzLlNlYXJjaE5lYXJieRACGAQgAA,Monday: 10:00 AM – 12:00 AM | Tuesday: 10:00 AM – 12:00 AM | Wednesday: 10:00 AM – 12:00 AM | Thursday: 10:00 AM – 12:00 AM | Friday: 12:00 PM – 12:00 AM | Saturday: 10:00 AM – 12:00 AM | Sunday: 10:00 AM – 12:00 AM,Google Places API (New) Nearby Search,2026-09-02T15:22:51+00:00
ChIJffEPtoBDXz4RsOE7keGeUY0,Aurrum Spa - Ukrainian and Russian Massage Center,ADJACENT,spa,massage_spa,Massage spa,"massage_spa, spa, massage, service, point_of_interest, establishment","Leva Hotel, Mazaya Centre - Sheikh Zayed Collector Rd - Al Wasl - Dubai",25.1985241,55.264927,4.4,135.0,OPERATIONAL,+971 58 887 7893,https://aurrumspauae.ae/?utm_source=gbp,https://maps.google.com/?cid=10183094924102853040&g_mp=Cilnb29nbGUubWFwcy5wbGFjZXMudjEuUGxhY2VzLlNlYXJjaE5lYXJieRACGAQgAA,Monday: 10:00 AM – 1:00 AM | Tuesday: 10:00 AM – 1:00 AM | Wednesday: 10:00 AM – 1:00 AM | Thursday: 10:00 AM – 1:00 AM | Friday: 10:00 AM – 1:00 AM | Saturday: 10:00 AM – 1:00 AM | Sunday: 10:00 AM – 1:00 AM,Google Places API (New) Nearby Search,2026-09-02T15:22:51+00:00
ChIJAR_nF0BFXj4R4tqQUPp56G4,Bua Lady Spa,ADJACENT,spa,spa,Spa,"spa, point_of_interest, establishment",Al Rahah - Al Bandar - Abu Dhabi,24.450762299999997,54.6011745,4.8,131.0,OPERATIONAL,+971 56 224 9339,https://www.fresha.com/book-now/bua-ladies-spa-wft0r7wa/all-offer?pId=1089249,https://maps.google.com/?cid=7991771654769400546&g_mp=Cilnb29nbGUubWFwcy5wbGFjZXMudjEuUGxhY2VzLlNlYXJjaE5lYXJieRACGAQgAA,Monday: 10:00 AM – 11:00 PM | Tuesday: 10:00 AM – 11:00 PM | Wednesday: 10:00 AM – 11:00 PM | Thursday: 10:00 AM – 11:00 PM | Friday: 10:00 AM – 11:00 PM | Saturday: 10:00 AM – 11:00 PM | Sunday: 10:00 AM – 11:00 PM,Google Places API (New) Nearby Search,2026-09-02T15:22:51+00:00
ChIJsbCdvm5pXz4RTknaiFZ5zxc,Lucky Star Massage Center Al Quoz,ADJACENT,spa,spa,Spa,"spa, point_of_interest, establishment",Al Shuraifi Building - Shop 2 - Al Waha St - Al Qouz Third - Al Quoz - Dubai,25.162856299999998,55.248003,4.0,124.0,OPERATIONAL,+971 50 124 2383,https://luckycatspa.com/lucky-star-spa,https://maps.google.com/?cid=1715723395621603662&g_mp=Cilnb29nbGUubWFwcy5wbGFjZXMudjEuUGxhY2VzLlNlYXJjaE5lYXJieRACGAQgAA,Monday: 9:00 AM – 1:00 AM | Tuesday: 9:00 AM – 1:00 AM | Wednesday: 9:00 AM – 1:00 AM | Thursday: 9:00 AM – 1:00 AM | Friday: 9:00 AM – 1:00 AM | Saturday: 9:00 AM – 1:00 AM | Sunday: 9:00 AM – 1:00 AM,Google Places API (New) Nearby Search,2026-09-02T15:22:51+00:00
ChIJ_blOqMJIXj4RbCRZ2vyofoI,V Elements Spa - Abu Dhabi International Airport,ADJACENT,spa,massage_spa,Massage spa,"massage_spa, massage, spa, point_of_interest, service, establishment","Abu Dhabi International Airport SkyPark Plaza Level 4, Beside Airport Security Office Premier Inn Level 2 - المطار - مطار زايد الدولي - أبو ظبي",24.4288199,54.641795099999996,4.2,121.0,OPERATIONAL,+971 50 331 9280,https://velementsgroupmgt.com/abu-dhabi-airport,https://maps.google.com/?cid=9403138875944674412&g_mp=Cilnb29nbGUubWFwcy5wbGFjZXMudjEuUGxhY2VzLlNlYXJjaE5lYXJieRACGAQgAA,Monday: Open 24 hours | Tuesday: Open 24 hours | Wednesday: Open 24 hours | Thursday: Open 24 hours | Friday: Open 24 hours | Saturday: Open 24 hours | Sunday: Open 24 hours,Google Places API (New) Nearby Search,2026-09-02T15:22:51+00:00
ChIJKYlQSqJtXz4RjLVjmnsAJic,Tranquil Wellness Tower by Wellcube.life,ADJACENT,spa,wellness_center,Wellness center,"wellness_center, hotel, spa, lodging, health, point_of_interest, service, establishment",Al Barsha South Fifth - Jumeirah Village Triangle - Dubai,25.0561124,55.1940865,4.7,116.0,OPERATIONAL,+971 4 543 4900,http://www.wellcube.life/,https://maps.google.com/?cid=2820942747465397644&g_mp=Cilnb29nbGUubWFwcy5wbGFjZXMudjEuUGxhY2VzLlNlYXJjaE5lYXJieRACGAQgAA,,Google Places API (New) Nearby Search,2026-09-02T15:22:51+00:00
ChIJyS7OpFlAXj4RcGTdHxmWan4,Arabian Pools,ADJACENT,spa,general_contractor,General contractor,"spa, sporting_goods_store, general_contractor, store, point_of_interest, service, establishment",Shop No.05 MusaffahM - 10 - مصفح - مصفح 10 - أبو ظبي,24.3726609,54.507754999999996,4.0,114.0,OPERATIONAL,+971 2 557 1631,http://arabianpools.com/,https://maps.google.com/?cid=9109258230963201136&g_mp=Cilnb29nbGUubWFwcy5wbGFjZXMudjEuUGxhY2VzLlNlYXJjaE5lYXJieRACGAQgAA,Monday: 8:00 AM – 7:00 PM | Tuesday: 8:00 AM – 7:00 PM | Wednesday: 8:00 AM – 7:00 PM | Thursday: 8:00 AM – 7:00 PM | Friday: 8:00 AM – 7:00 PM | Saturday: 8:00 AM – 7:00 PM | Sunday: 9:00 AM – 6:00 PM,Google Places API (New) Nearby Search,2026-09-02T15:22:51+00:00
ChIJcdHOwqZsXz4RI8VN755zYyA,"Supreme Energy Spa - Russian Spa in JLT, Dubai",ADJACENT,spa,spa,Spa,"spa, point_of_interest, establishment","JBC 2 - Ground Floor, G-03 - Cluster V - Al Thanyah Fifth - Jumeirah Lakes Towers - Dubai",25.077683999999998,55.1511299,4.4,114.0,OPERATIONAL,+971 56 799 6792,https://supremeenergyspa.ae/,https://maps.google.com/?cid=2333836158364927267&g_mp=Cilnb29nbGUubWFwcy5wbGFjZXMudjEuUGxhY2VzLlNlYXJjaE5lYXJieRACGAQgAA,Monday: 11:00 AM – 1:00 AM | Tuesday: 11:00 AM – 1:00 AM | Wednesday: 11:00 AM – 1:00 AM | Thursday: 11:00 AM – 1:00 AM | Friday: 11:00 AM – 1:00 AM | Saturday: 11:00 AM – 1:00 AM | Sunday: 11:00 AM – 1:00 AM,Google Places API (New) Nearby Search,2026-09-02T15:22:51+00:00
ChIJy1YoYj1hXz4RCVzckzg0ahY,The Lob Dubai - Padel & Wellness Club,ADJACENT,spa,sports_club,Sports club,"yoga_studio, fitness_center, sauna, gym, spa, public_bath, sports_complex, sports_school, sports_club, sports_activity_location, association_or_organization, health, point_of_interest, establishment","Al Qouz 3, Ind Area 3, 15 street - 3 368 - 452 شارع - ١٥ - القوز الصناعية الثالثة - القوز - دبي",25.125759199999997,55.2203321,4.6,114.0,OPERATIONAL,+971 52 936 5460,https://www.thisisthelob.com/,https://maps.google.com/?cid=1615160833969249289&g_mp=Cilnb29nbGUubWFwcy5wbGFjZXMudjEuUGxhY2VzLlNlYXJjaE5lYXJieRACGAQgAA,Monday: 7:00 AM – 11:30 PM | Tuesday: 7:00 AM – 11:30 PM | Wednesday: 7:00 AM – 11:30 PM | Thursday: 7:00 AM – 11:30 PM | Friday: 7:00 AM – 11:30 PM | Saturday: 7:00 AM – 11:30 PM | Sunday: 7:00 AM – 10:30 PM,Google Places API (New) Nearby Search,2026-09-02T15:22:51+00:00
ChIJTR4Oeh9BXj4Re7dvWUQckQQ,Aroma Ocean Spa Best Massage in Abudhabi & Home Service,ADJACENT,spa,spa,Spa,"spa, point_of_interest, establishment",THE SOUK QARYAT AL BERI - Rabdan - RB2 - Abu Dhabi,24.4089092,54.4911138,4.6,110.0,OPERATIONAL,+971 58 558 6999,https://www.aroma-ocean-spa.com/,https://maps.google.com/?cid=329075327658604411&g_mp=Cilnb29nbGUubWFwcy5wbGFjZXMudjEuUGxhY2VzLlNlYXJjaE5lYXJieRACGAQgAA,Monday: 11:00 AM – 2:00 AM | Tuesday: 11:00 AM – 2:00 AM | Wednesday: 11:00 AM – 2:00 AM | Thursday: 11:00 AM – 2:00 AM | Friday: 11:00 AM – 2:00 AM | Saturday: 11:00 AM – 2:00 AM | Sunday: 11:00 AM – 2:00 AM,Google Places API (New) Nearby Search,2026-09-02T15:22:51+00:00
ChIJvVPxDGM3Xj4R3D2HRdnlzj0,Veneto Spa Men center,ADJACENT,spa,spa,Spa,"spa, point_of_interest, establishment",8J47+677 - Bani Yas - East 3 - Abu Dhabi,24.305545300000002,54.613185099999995,4.0,110.0,OPERATIONAL,+971 2 585 9338,,https://maps.google.com/?cid=4453749802853154268&g_mp=Cilnb29nbGUubWFwcy5wbGFjZXMudjEuUGxhY2VzLlNlYXJjaE5lYXJieRACGAQgAA,Monday: 10:00 AM – 12:00 AM | Tuesday: 10:00 AM – 12:00 AM | Wednesday: 10:00 AM – 12:00 AM | Thursday: 10:00 AM – 12:00 AM | Friday: 10:00 AM – 12:00 AM | Saturday: 10:00 AM – 12:00 AM | Sunday: 10:00 AM – 12:00 AM,Google Places API (New) Nearby Search,2026-09-02T15:22:51+00:00
ChIJP8oGlEtRXj4RHrnakTIgVlA,Super Oasis gents spa,ADJACENT,spa,spa,Spa,"spa, point_of_interest, establishment",Unnamed Road - الباهية - الشهامة الجديدة - أبو ظبي,24.5506773,54.6923221,4.0,109.0,OPERATIONAL,+971 52 331 3933,http://superoasis.ae/,https://maps.google.com/?cid=5788849772598835486&g_mp=Cilnb29nbGUubWFwcy5wbGFjZXMudjEuUGxhY2VzLlNlYXJjaE5lYXJieRACGAQgAA,Monday: 8:30 AM – 11:30 PM | Tuesday: 8:30 AM – 11:30 PM | Wednesday: 8:30 AM – 11:30 PM | Thursday: 8:30 AM – 11:30 PM | Friday: 8:30 AM – 11:30 PM | Saturday: 8:30 AM – 11:30 PM | Sunday: 8:30 AM – 11:30 PM,Google Places API (New) Nearby Search,2026-09-02T15:22:51+00:00
ChIJTyp94lNtXz4RP_0_p6gNwIE,Top View Spa,ADJACENT,spa,massage,Massage service,"massage_spa, massage, spa, health, point_of_interest, service, establishment",Shop No 3 - Ramla Super Store near Premier Inn hotel - Green Community Village - مجمع دبي للاستثمار الأول - قرية المجتمع الخضراء - دبي,25.002067099999998,55.151571,4.3,106.0,OPERATIONAL,+971 56 136 7498,https://topview-spa.com/,https://maps.google.com/?cid=9349487844432805183&g_mp=Cilnb29nbGUubWFwcy5wbGFjZXMudjEuUGxhY2VzLlNlYXJjaE5lYXJieRACGAQgAA,Monday: 11:00 AM – 2:00 AM | Tuesday: 11:00 AM – 2:00 AM | Wednesday: 11:00 AM – 2:00 AM | Thursday: 11:00 AM – 2:00 AM | Friday: 11:00 AM – 2:00 AM | Saturday: 11:00 AM – 2:00 AM | Sunday: 11:00 AM – 2:00 AM,Google Places API (New) Nearby Search,2026-09-02T15:22:51+00:00
ChIJcVGtLXNtXz4Rtx8Yct-WzcA,Sun Shine Spa,ADJACENT,spa,massage_spa,Massage spa,"massage_spa, massage, spa, point_of_interest, service, establishment",of Samia by Azizi - Shop 3 - Al Asayel St - Jabal Ali First - Dubai,25.025494199999997,55.138945199999995,4.6,104.0,OPERATIONAL,+971 58 902 8856,https://sunshinespa.xyz/,https://maps.google.com/?cid=13892926311943905207&g_mp=Cilnb29nbGUubWFwcy5wbGFjZXMudjEuUGxhY2VzLlNlYXJjaE5lYXJieRACGAQgAA,Monday: 10:30 AM – 3:00 AM | Tuesday: 10:30 AM – 3:00 AM | Wednesday: 10:30 AM – 3:00 AM | Thursday: 10:30 AM – 3:00 AM | Friday: 10:30 AM – 3:00 AM | Saturday: 10:30 AM – 3:00 AM | Sunday: 10:30 AM – 3:00 AM,Google Places API (New) Nearby Search,2026-09-02T15:22:51+00:00
ChIJ_5X8R2VdXz4ROt1e0h_Rehw,Amity Spa,ADJACENT,spa,massage_spa,Massage spa,"massage_spa, massage, spa, health, point_of_interest, service, establishment",Shaista Azizi - Jabal Ali First - Al Furjan - Dubai,25.030634499999998,55.1399167,4.4,97.0,OPERATIONAL,+971 56 161 9188,https://amityspa.xyz/,https://maps.google.com/?cid=2052182514824305978&g_mp=Cilnb29nbGUubWFwcy5wbGFjZXMudjEuUGxhY2VzLlNlYXJjaE5lYXJieRACGAQgAA,Monday: 10:00 AM – 3:00 AM | Tuesday: 10:00 AM – 3:00 AM | Wednesday: 10:00 AM – 3:00 AM | Thursday: 10:00 AM – 3:00 AM | Friday: 10:00 AM – 3:00 AM | Saturday: 10:00 AM – 3:00 AM | Sunday: 10:00 AM – 3:00 AM,Google Places API (New) Nearby Search,2026-09-02T15:22:51+00:00
ChIJ8ZJFzQJBXj4RwxToWqY6JAY,MAX BURN GYM Body Building Club,ADJACENT,spa,gym,Gym,"gym, spa, sports_activity_location, health, point_of_interest, establishment",Abu Dhabi - Musaffah - M16 - Abu Dhabi,24.369044,54.4889028,4.4,97.0,OPERATIONAL,+971 50 761 1789,,https://maps.google.com/?cid=442543149553292483&g_mp=Cilnb29nbGUubWFwcy5wbGFjZXMudjEuUGxhY2VzLlNlYXJjaE5lYXJieRACGAQgAA,Monday: 5:00 AM – 12:30 AM | Tuesday: 5:00 AM – 12:30 AM | Wednesday: 5:00 AM – 12:30 AM | Thursday: 5:00 AM – 12:30 AM | Friday: 5:00 AM – 9:00 PM | Saturday: 5:00 AM – 12:30 AM | Sunday: 5:00 AM – 9:00 PM,Google Places API (New) Nearby Search,2026-09-02T15:22:51+00:00
ChIJ2dOYog5tXz4RNRXxxhUcw4E,Cloud Elite European SPA,ADJACENT,spa,massage_spa,Massage spa,"massage_spa, massage, spa, point_of_interest, service, establishment",Jabal Ali First - Al Furjan - Dubai,25.018668899999998,55.142357,4.3,92.0,OPERATIONAL,+971 55 451 5097,https://cloudspa.ae/,https://maps.google.com/?cid=9350348131208860981&g_mp=Cilnb29nbGUubWFwcy5wbGFjZXMudjEuUGxhY2VzLlNlYXJjaE5lYXJieRACGAQgAA,Monday: 10:00 AM – 3:00 AM | Tuesday: 10:00 AM – 3:00 AM | Wednesday: 10:00 AM – 3:00 AM | Thursday: 10:00 AM – 3:00 AM | Friday: 10:00 AM – 3:00 AM | Saturday: 10:00 AM – 3:00 AM | Sunday: 10:00 AM – 3:00 AM,Google Places API (New) Nearby Search,2026-09-02T15:22:51+00:00
ChIJk-Jadx1tXz4RSBAGD3vusJU,Mayflower Spa and Massage,ADJACENT,spa,massage_spa,Massage spa,"massage_spa, massage, spa, point_of_interest, service, establishment",Azizi Plaza - Jabal Ali First - Dubai,25.0214668,55.1390885,4.4,92.0,OPERATIONAL,+971 50 670 8456,https://mayflower-spa.co/,https://maps.google.com/?cid=10786383319852781640&g_mp=Cilnb29nbGUubWFwcy5wbGFjZXMudjEuUGxhY2VzLlNlYXJjaE5lYXJieRACGAQgAA,Monday: 10:00 AM – 6:00 AM | Tuesday: 10:00 AM – 6:00 AM | Wednesday: 10:00 AM – 6:00 AM | Thursday: 10:00 AM – 6:00 AM | Friday: 10:00 AM – 6:00 AM | Saturday: 10:00 AM – 6:00 AM | Sunday: 10:00 AM – 6:00 AM,Google Places API (New) Nearby Search,2026-09-02T15:22:51+00:00
ChIJQfe_D4lFXj4R6bFufgR02Nk,AWAY Spa at W Abu Dhabi - Yas Island,ADJACENT,spa,spa,Spa,"yoga_studio, fitness_center, gym, spa, sports_complex, sports_school, sports_activity_location, health, point_of_interest, establishment",W - Yas Marina Circuit - جزيرة ياس - ياس جنوب 1 - أبو ظبي,24.467284799999998,54.605539199999996,4.4,91.0,OPERATIONAL,+971 2 656 0862,https://www.wabudhabiawayspa.com/,https://maps.google.com/?cid=15697424063849738729&g_mp=Cilnb29nbGUubWFwcy5wbGFjZXMudjEuUGxhY2VzLlNlYXJjaE5lYXJieRACGAQgAA,Monday: 11:00 AM – 9:00 PM | Tuesday: 11:00 AM – 9:00 PM | Wednesday: 11:00 AM – 9:00 PM | Thursday: 11:00 AM – 9:00 PM | Friday: 11:00 AM – 9:00 PM | Saturday: 11:00 AM – 9:00 PM | Sunday: 11:00 AM – 9:00 PM,Google Places API (New) Nearby Search,2026-09-02T15:22:51+00:00
ChIJBeek2ukFXz4RycPQXJkO3Mw,Happy Valley Khalifa City,ADJACENT,spa,massage_spa,Massage spa,"massage_spa, spa, massage, point_of_interest, service, establishment",Khalifa City - Al Forsan Village - Abu Dhabi,24.405255800000003,54.5497594,4.4,89.0,OPERATIONAL,+971 50 100 6422,https://www.happyvalleyuae.com/,https://maps.google.com/?cid=14761689730463613897&g_mp=Cilnb29nbGUubWFwcy5wbGFjZXMudjEuUGxhY2VzLlNlYXJjaE5lYXJieRACGAQgAA,Monday: 11:00 AM – 2:00 AM | Tuesday: 11:00 AM – 2:00 AM | Wednesday: 11:00 AM – 2:00 AM | Thursday: 11:00 AM – 2:00 AM | Friday: 11:00 AM – 2:00 AM | Saturday: 11:00 AM – 2:00 AM | Sunday: 11:00 AM – 2:00 AM,Google Places API (New) Nearby Search,2026-09-02T15:22:51+00:00
ChIJ0_0jx0lOXj4RtxJb7UouR58,Deerfields Gents Center &spa,ADJACENT,spa,spa,Spa,"spa, point_of_interest, establishment",Unnamed Road - GM76+X62 - الباهية - الباهية القديمة - أبو ظبي,24.5148937,54.660526,3.8,88.0,OPERATIONAL,+971 2 563 3434,,https://maps.google.com/?cid=11477193074721624759&g_mp=Cilnb29nbGUubWFwcy5wbGFjZXMudjEuUGxhY2VzLlNlYXJjaE5lYXJieRACGAQgAA,Monday: 9:00 AM – 11:00 PM | Tuesday: 9:00 AM – 11:00 PM | Wednesday: 9:00 AM – 11:00 PM | Thursday: 9:00 AM – 11:00 PM | Friday: 2:00 – 11:00 PM | Saturday: 9:00 AM – 11:00 PM | Sunday: 9:00 AM – 11:00 PM,Google Places API (New) Nearby Search,2026-09-02T15:22:51+00:00
ChIJ8a0pd-BnXz4RMV_y_aRIu5E,NEW THAI PHYSIOTHERAPY CENTER EST. (FOOT SPA),ADJACENT,spa,spa,Spa,"spa, point_of_interest, establishment","Shop No. 3, Muhiri Building 2 - Al Warqa'a First - الورقاء ١ - دبي",25.1930169,55.3998056,4.8,87.0,OPERATIONAL,+971 56 134 9677,https://newthaitherapy.com/,https://maps.google.com/?cid=10501066829616799537&g_mp=Cilnb29nbGUubWFwcy5wbGFjZXMudjEuUGxhY2VzLlNlYXJjaE5lYXJieRACGAQgAA,Monday: 10:00 AM – 12:00 AM | Tuesday: 10:00 AM – 12:00 AM | Wednesday: 10:00 AM – 12:00 AM | Thursday: 10:00 AM – 12:00 AM | Friday: 10:00 AM – 12:00 AM | Saturday: 10:00 AM – 12:00 AM | Sunday: 10:00 AM – 12:00 AM,Google Places API (New) Nearby Search,2026-09-02T15:22:51+00:00
ChIJO6RiBlivij4RsefYxNdYGIU,Paragon Spa for Men,ADJACENT,spa,spa,Spa,"spa, point_of_interest, establishment",Villa #41 Asharej Area opposite Makhaniya mall - عشارج - بدع بن عمار - أبو ظبي,24.2093788,55.662693700000005,4.0,77.0,OPERATIONAL,+971 3 721 5527,,https://maps.google.com/?cid=9590513090229233585&g_mp=Cilnb29nbGUubWFwcy5wbGFjZXMudjEuUGxhY2VzLlNlYXJjaE5lYXJieRACGAQgAA,Monday: 10:00 AM – 12:00 AM | Tuesday: 10:00 AM – 12:00 AM | Wednesday: 10:00 AM – 12:00 AM | Thursday: 10:00 AM – 12:00 AM | Friday: 10:00 AM – 12:00 AM | Saturday: 10:00 AM – 12:00 AM | Sunday: 10:00 AM – 12:00 AM,Google Places API (New) Nearby Search,2026-09-02T15:22:51+00:00
ChIJt78xX05DXj4RpXeSo0eeM9c,De Bene Esse European Spa & Massage,ADJACENT,spa,massage_spa,Massage spa,"massage_spa, massage, spa, point_of_interest, service, establishment",Fairmont Bab Al Bahr - Al Maqta' St - Rabdan - RB2 - Abu Dhabi,24.4144854,54.4916212,4.7,76.0,OPERATIONAL,+971 50 233 6261,http://www.debeneesse.ae/,https://maps.google.com/?cid=15506911972490901413&g_mp=Cilnb29nbGUubWFwcy5wbGFjZXMudjEuUGxhY2VzLlNlYXJjaE5lYXJieRACGAQgAA,Monday: 9:00 AM – 2:00 AM | Tuesday: 9:00 AM – 2:00 AM | Wednesday: 9:00 AM – 2:00 AM | Thursday: 9:00 AM – 2:00 AM | Friday: 9:00 AM – 2:00 AM | Saturday: 9:00 AM – 2:00 AM | Sunday: 9:00 AM – 2:00 AM,Google Places API (New) Nearby Search,2026-09-02T15:22:51+00:00
ChIJB2nvo2oxXj4RUu7lKF5LiOI,National Men's Spa | Best SPA in Abu Dhabi,ADJACENT,spa,massage_spa,Massage spa,"massage_spa, massage, spa, point_of_interest, service, establishment",7JMW+V89 - Bani Yas - EB9 - Abu Dhabi,24.2846787,54.645887099999996,4.3,76.0,OPERATIONAL,+971 55 972 8601,https://nationalmenspa.genesisvirtue.se/,https://maps.google.com/?cid=16323379717189529170&g_mp=Cilnb29nbGUubWFwcy5wbGFjZXMudjEuUGxhY2VzLlNlYXJjaE5lYXJieRACGAQgAA,Monday: 10:00 AM – 11:55 PM | Tuesday: 10:00 AM – 11:55 PM | Wednesday: 10:00 AM – 11:55 PM | Thursday: 10:00 AM – 11:55 PM | Friday: 10:00 AM – 11:55 PM | Saturday: 10:00 AM – 11:55 PM | Sunday: 10:00 AM – 11:55 PM,Google Places API (New) Nearby Search,2026-09-02T15:22:51+00:00
ChIJze1cNQVHXj4Rkp70tAIz8zg,Rimal Spa,ADJACENT,spa,spa,Spa,"spa, massage_spa, massage, point_of_interest, service, establishment",ADNOC Service Station 639 - M Floor - near to Forson Central Mall - Khalifa City - Sector 33 - Abu Dhabi,24.396791999999998,54.556592699999996,3.8,75.0,OPERATIONAL,+971 58 182 8465,https://rimal-spa.com/,https://maps.google.com/?cid=4103679772183535250&g_mp=Cilnb29nbGUubWFwcy5wbGFjZXMudjEuUGxhY2VzLlNlYXJjaE5lYXJieRACGAQgAA,Monday: 10:00 AM – 1:00 AM | Tuesday: 10:00 AM – 1:00 AM | Wednesday: 10:00 AM – 1:00 AM | Thursday: 10:00 AM – 1:00 AM | Friday: 10:00 AM – 1:00 AM | Saturday: 10:00 AM – 1:00 AM | Sunday: 10:00 AM – 1:00 AM,Google Places API (New) Nearby Search,2026-09-02T15:22:51+00:00
ChIJf6P5UgA3Xj4Rk21DYq5OBYQ,Dream Garden SPA Baniyas,ADJACENT,spa,spa,Spa,"spa, point_of_interest, establishment",164 Al Tafawwuq St - Bani Yas - Baniyas East - Abu Dhabi,24.2979581,54.6372131,4.3,72.0,OPERATIONAL,+971 50 523 6788,http://dreamgardenspa.com/,https://maps.google.com/?cid=9513096298769902995&g_mp=Cilnb29nbGUubWFwcy5wbGFjZXMudjEuUGxhY2VzLlNlYXJjaE5lYXJieRACGAQgAA,Monday: 10:00 AM – 2:00 AM | Tuesday: 10:00 AM – 2:00 AM | Wednesday: 10:00 AM – 2:00 AM | Thursday: 10:00 AM – 2:00 AM | Friday: 10:00 AM – 2:00 AM | Saturday: 10:00 AM – 2:00 AM | Sunday: 10:00 AM – 2:00 AM,Google Places API (New) Nearby Search,2026-09-02T15:22:51+00:00
ChIJKVBp9In49D4Rz_9bK-hDUuA,Magic Fingers Ayurveda Wellness Centre,ADJACENT,spa,spa,Spa,"spa, massage_spa, wellness_center, massage, health, point_of_interest, service, establishment",Fujairah - Al Mahattah - Fujairah,25.126318899999998,56.336518899999994,4.7,72.0,OPERATIONAL,+971 9 222 2665,,https://maps.google.com/?cid=16164056677025054671&g_mp=Cilnb29nbGUubWFwcy5wbGFjZXMudjEuUGxhY2VzLlNlYXJjaE5lYXJieRACGAQgAA,Monday: 9:00 AM – 11:00 PM | Tuesday: 9:00 AM – 11:00 PM | Wednesday: 9:00 AM – 11:00 PM | Thursday: 9:00 AM – 11:00 PM | Friday: 5:00 – 11:00 PM | Saturday: 9:00 AM – 11:00 PM | Sunday: 9:00 AM – 11:00 PM,Google Places API (New) Nearby Search,2026-09-02T15:22:51+00:00
ChIJV0YgnyRfXz4RC14mubqOCiE,Royal Spa,ADJACENT,spa,spa,Spa,"spa, point_of_interest, establishment",Muwaileh Commercial - Industrial Area - Sharjah,25.3082569,55.452553599999995,4.0,71.0,OPERATIONAL,+971 6 538 5553,,https://maps.google.com/?cid=2380872285640089099&g_mp=Cilnb29nbGUubWFwcy5wbGFjZXMudjEuUGxhY2VzLlNlYXJjaE5lYXJieRACGAQgAA,Monday: 10:00 AM – 10:00 PM | Tuesday: 10:00 AM – 10:00 PM | Wednesday: 10:00 AM – 10:00 PM | Thursday: 10:00 AM – 10:00 PM | Friday: 12:00 – 10:00 PM | Saturday: 10:00 AM – 10:00 PM | Sunday: 10:00 AM – 10:00 PM,Google Places API (New) Nearby Search,2026-09-02T15:22:51+00:00
ChIJL6IVBwBDXj4RKSjCPwqCyAc,Water spa,ADJACENT,spa,spa,Spa,"spa, massage_spa, massage, point_of_interest, service, establishment",Y Tower capital center - Abu Dhabi National Exhibition Centre - Al Zumurrud St - الروضة - المعارض - أبو ظبي,24.417747799999997,54.44247,3.7,71.0,OPERATIONAL,+971 52 799 6968,https://www.instagram.com/wateerspa?utm_source=qr&igsi=MTdwN2U3NGt3dWQ4Zw==,https://maps.google.com/?cid=560841134138599465&g_mp=Cilnb29nbGUubWFwcy5wbGFjZXMudjEuUGxhY2VzLlNlYXJjaE5lYXJieRACGAQgAA,Monday: 11:00 AM – 2:00 AM | Tuesday: 11:00 AM – 2:00 AM | Wednesday: 11:00 AM – 2:00 AM | Thursday: 11:00 AM – 2:00 AM | Friday: 11:00 AM – 2:00 AM | Saturday: 11:00 AM – 2:00 AM | Sunday: 11:00 AM – 2:00 AM,Google Places API (New) Nearby Search,2026-09-02T15:22:51+00:00
ChIJKzWcpkP49D4R1FFrodVbwPU,"AyurRaha Ayurveda Center, AYURVEDA Physical Therapy",ADJACENT,spa,health,Health,"spa, medical_clinic, health, point_of_interest, establishment","Ayur Raha AyurvedaCenter, Physical Therapy Clinic, Fujairah Trade Center - Hamad Bin Abdulla Road - Fujairah City Center - Fujairah",25.1213297,56.331558699999995,4.7,70.0,OPERATIONAL,+971 50 593 1162,https://sites.google.com/view/ayurrahaayurveda/home,https://maps.google.com/?cid=17708254707915117012&g_mp=Cilnb29nbGUubWFwcy5wbGFjZXMudjEuUGxhY2VzLlNlYXJjaE5lYXJieRACGAQgAA,Monday: 9:00 AM – 10:00 PM | Tuesday: 9:00 AM – 10:00 PM | Wednesday: 9:00 AM – 10:00 PM | Thursday: 9:00 AM – 10:00 PM | Friday: 9:00 AM – 10:00 PM | Saturday: 9:00 AM – 10:00 PM | Sunday: 9:00 AM – 10:00 PM,Google Places API (New) Nearby Search,2026-09-02T15:22:51+00:00
ChIJr9EK9MxtXz4ROoqks9aGM7o,Sweet Rose Spa Massage Center,ADJACENT,spa,massage_spa,Massage spa,"massage_spa, massage, spa, point_of_interest, service, establishment",Fortune Park Hotel - 8th St - Dubai Investment Park First - Green Community Village - Dubai,25.0059233,55.155171800000005,4.5,69.0,OPERATIONAL,+971 56 877 8628,http://www.sweetrosespadubai.com/,https://maps.google.com/?cid=13417215971561867834&g_mp=Cilnb29nbGUubWFwcy5wbGFjZXMudjEuUGxhY2VzLlNlYXJjaE5lYXJieRACGAQgAA,Monday: 10:00 AM – 4:00 AM | Tuesday: 10:00 AM – 4:00 AM | Wednesday: 10:00 AM – 4:00 AM | Thursday: 10:00 AM – 4:00 AM | Friday: 10:00 AM – 4:00 AM | Saturday: 10:00 AM – 4:00 AM | Sunday: 10:00 AM – 4:00 AM,Google Places API (New) Nearby Search,2026-09-02T15:22:51+00:00
ChIJ4wDUsJ1nXz4RQeSuACtOaSE,aweer massage center,ADJACENT,spa,massage_spa,Massage spa,"massage_spa, spa, massage, point_of_interest, service, establishment",Al Awir Road - Ras Al Khor Ind. Third - Dubai,25.1824418,55.379211399999996,3.9,68.0,OPERATIONAL,+971 58 880 8365,https://aweermassagedubai.com/,https://maps.google.com/?cid=2407541422408262721&g_mp=Cilnb29nbGUubWFwcy5wbGFjZXMudjEuUGxhY2VzLlNlYXJjaE5lYXJieRACGAQgAA,Monday: 10:00 AM – 12:30 AM | Tuesday: 10:00 AM – 12:30 AM | Wednesday: 10:00 AM – 12:30 AM | Thursday: 10:00 AM – 12:30 AM | Friday: 10:00 AM – 12:30 AM | Saturday: 10:00 AM – 12:30 AM | Sunday: 10:00 AM – 12:30 AM,Google Places API (New) Nearby Search,2026-09-02T15:22:51+00:00
ChIJV_9x3hVnXz4RmggBaLjn128,V9 Thai Wellness & Spa,ADJACENT,spa,spa,Spa,"spa, point_of_interest, establishment","Souk warsan, Block C, Floor-1st, Shop No: 354-366 - ورسان الأولى - مدينة دبي العالمية - دبي",25.1571549,55.3986563,4.6,67.0,OPERATIONAL,+971 55 583 8997,,https://maps.google.com/?cid=8059164837407688858&g_mp=Cilnb29nbGUubWFwcy5wbGFjZXMudjEuUGxhY2VzLlNlYXJjaE5lYXJieRACGAQgAA,Monday: 10:00 AM – 2:00 AM | Tuesday: 10:00 AM – 2:00 AM | Wednesday: 10:00 AM – 2:00 AM | Thursday: 10:00 AM – 2:00 AM | Friday: 10:00 AM – 2:00 AM | Saturday: 10:00 AM – 2:00 AM | Sunday: 10:00 AM – 2:00 AM,Google Places API (New) Nearby Search,2026-09-02T15:22:51+00:00
ChIJH1Po2mRhXz4Rrn6wwj3XfRM,Massage Service,ADJACENT,spa,massage_spa,Massage spa,"massage_spa, spa, massage, point_of_interest, service, establishment",Warsan First - Dubai International City - Dubai,25.1636725,55.4069733,4.4,66.0,OPERATIONAL,+971 58 658 0530,,https://maps.google.com/?cid=1404515319068786350&g_mp=Cilnb29nbGUubWFwcy5wbGFjZXMudjEuUGxhY2VzLlNlYXJjaE5lYXJieRACGAQgAA,Monday: Open 24 hours | Tuesday: Open 24 hours | Wednesday: Open 24 hours | Thursday: Open 24 hours | Friday: Open 24 hours | Saturday: Open 24 hours | Sunday: Open 24 hours,Google Places API (New) Nearby Search,2026-09-02T15:22:51+00:00
ChIJg382UOJFXj4RjkrTqZMbCIw,Hala Spa,ADJACENT,spa,massage_spa,Massage spa,"massage_spa, massage, spa, health, point_of_interest, service, establishment","RBW9 C09 Basement 1, Rashid Building - Plot No - opposite VIVA Supermarket - Al Rahah - Al Raha Beach - Abu Dhabi",24.441748699999998,54.5805911,4.0,65.0,OPERATIONAL,+971 56 382 9221,https://hala-spa.com/,https://maps.google.com/?cid=10090345286146935438&g_mp=Cilnb29nbGUubWFwcy5wbGFjZXMudjEuUGxhY2VzLlNlYXJjaE5lYXJieRACGAQgAA,Monday: 10:00 AM – 2:00 AM | Tuesday: 10:00 AM – 2:00 AM | Wednesday: 10:00 AM – 2:00 AM | Thursday: 10:00 AM – 2:00 AM | Friday: 10:00 AM – 2:00 AM | Saturday: 10:00 AM – 2:00 AM | Sunday: 10:00 AM – 2:00 AM,Google Places API (New) Nearby Search,2026-09-02T15:22:51+00:00
ChIJR5sguG1DXj4R1QsghcelhSA,Tara spa,ADJACENT,spa,spa,Spa,"spa, massage, point_of_interest, service, establishment",Al Bahri - 42 street - ربدان - ربدان 1 - أبو ظبي,24.415303899999998,54.4996254,3.7,65.0,OPERATIONAL,+971 50 433 8986,http://www.taraspaabudhabi.com/,https://maps.google.com/?cid=2343461457466756053&g_mp=Cilnb29nbGUubWFwcy5wbGFjZXMudjEuUGxhY2VzLlNlYXJjaE5lYXJieRACGAQgAA,Monday: 11:00 AM – 1:00 AM | Tuesday: 11:00 AM – 1:00 AM | Wednesday: 11:00 AM – 1:00 AM | Thursday: 11:00 AM – 1:00 AM | Friday: 11:00 AM – 1:00 AM | Saturday: 11:00 AM – 1:00 AM | Sunday: 11:00 AM – 1:00 AM,Google Places API (New) Nearby Search,2026-09-02T15:22:51+00:00
ChIJgYXJnGVDXj4Rpsp_KC9cIIY,MERAG SPA,ADJACENT,spa,spa,Spa,"spa, point_of_interest, establishment",Al Rawdah - Rowdhat Abu Dhabi - Abu Dhabi,24.4220088,54.456497,3.4,63.0,OPERATIONAL,+971 56 278 5321,http://www.meragspa01.com/,https://maps.google.com/?cid=9664826157949766310&g_mp=Cilnb29nbGUubWFwcy5wbGFjZXMudjEuUGxhY2VzLlNlYXJjaE5lYXJieRACGAQgAA,Monday: 11:00 AM – 12:30 AM | Tuesday: 11:00 AM – 12:30 AM | Wednesday: 11:00 AM – 12:30 AM | Thursday: 11:00 AM – 12:30 AM | Friday: 11:00 AM – 12:30 AM | Saturday: 11:00 AM – 12:30 AM | Sunday: 11:00 AM – 12:30 AM,Google Places API (New) Nearby Search,2026-09-02T15:22:51+00:00
ChIJKZAkpkhfXz4RGaeW31E9WkY,Al mahra spa المهرة سبا للتجميل,ADJACENT,spa,spa,Spa,"spa, point_of_interest, establishment",Muwaileh Commercial - Industrial Area - Sharjah,25.309200399999998,55.4529229,4.4,62.0,OPERATIONAL,+971 50 484 7974,https://instagram.com/al_mahrah_spa?igshid=kks3y91ee5qt,https://maps.google.com/?cid=5069431752411752217&g_mp=Cilnb29nbGUubWFwcy5wbGFjZXMudjEuUGxhY2VzLlNlYXJjaE5lYXJieRACGAQgAA,Monday: 11:00 AM – 10:00 PM | Tuesday: 11:00 AM – 10:00 PM | Wednesday: 11:00 AM – 10:00 PM | Thursday: 11:00 AM – 10:00 PM | Friday: 12:00 – 10:00 PM | Saturday: 11:00 AM – 10:00 PM | Sunday: 11:00 AM – 10:00 PM,Google Places API (New) Nearby Search,2026-09-02T15:22:51+00:00
ChIJx7zVStA5Xj4RUjNVssIsebo,Massage Heaven VIP Shabiya,ADJACENT,spa,massage_spa,Massage spa,"massage_spa, spa, massage, point_of_interest, service, establishment",11 As Sareeh St - Mohamed Bin Zayed City - ME11 - Abu Dhabi,24.3287577,54.5383595,4.9,62.0,OPERATIONAL,+971 56 623 2693,,https://maps.google.com/?cid=13436820177963791186&g_mp=Cilnb29nbGUubWFwcy5wbGFjZXMudjEuUGxhY2VzLlNlYXJjaE5lYXJieRACGAQgAA,Monday: 10:00 AM – 3:30 AM | Tuesday: 10:00 AM – 3:30 AM | Wednesday: 10:00 AM – 3:30 AM | Thursday: 10:00 AM – 3:30 AM | Friday: 10:00 AM – 3:30 AM | Saturday: 10:00 AM – 3:30 AM | Sunday: 10:00 AM – 3:30 AM,Google Places API (New) Nearby Search,2026-09-02T15:22:51+00:00
ChIJy06r3PNFXj4RK3wK2NZkGJc,eforea spa,ADJACENT,spa,spa,Spa,"spa, sauna, public_bath, health, point_of_interest, establishment",Yas Bay - جزيرة ياس - ياس جنوب 2 - أبو ظبي,24.459189499999997,54.601615599999995,4.8,60.0,OPERATIONAL,+971 2 208 6873,https://www.hilton.com/en/hotels/auhyihi-hilton-abu-dhabi-yas-island/spa/,https://maps.google.com/?cid=10887562973078518827&g_mp=Cilnb29nbGUubWFwcy5wbGFjZXMudjEuUGxhY2VzLlNlYXJjaE5lYXJieRACGAQgAA,Monday: 10:00 AM – 9:00 PM | Tuesday: 10:00 AM – 9:00 PM | Wednesday: 10:00 AM – 9:00 PM | Thursday: 10:00 AM – 9:00 PM | Friday: 10:00 AM – 10:00 PM | Saturday: 10:00 AM – 10:00 PM | Sunday: 10:00 AM – 10:00 PM,Google Places API (New) Nearby Search,2026-09-02T15:22:51+00:00
ChIJaS1n9Do3Xj4RNzenzLcsyxI,OLD SHABANA Ladies Salon - Shabana Lounge Beauty and Spa - MAIN,ADJACENT,spa,spa,Spa,"spa, point_of_interest, establishment",15 Jazeerat Al Qurm St - Bani Yas - Baniyas East - Abu Dhabi,24.3007469,54.635925699999994,3.1,58.0,OPERATIONAL,+971 54 777 6518,,https://maps.google.com/?cid=1354225280879114039&g_mp=Cilnb29nbGUubWFwcy5wbGFjZXMudjEuUGxhY2VzLlNlYXJjaE5lYXJieRACGAQgAA,Monday: 9:30 AM – 10:00 PM | Tuesday: 9:30 AM – 10:00 PM | Wednesday: 9:30 AM – 10:00 PM | Thursday: 9:30 AM – 10:00 PM | Friday: 9:30 AM – 10:00 PM | Saturday: 9:30 AM – 10:00 PM | Sunday: 9:30 AM – 10:00 PM,Google Places API (New) Nearby Search,2026-09-02T15:22:51+00:00
ChIJFSiltltX9D4Rf1ZgCDoKytw,Uptown Spa Massage in Fujairah,ADJACENT,spa,massage,Massage service,"massage_spa, massage, spa, point_of_interest, service, establishment",Anajaimat - Dibba Rd - Al Sharyah - 1 - Fujairah,25.158551799999998,56.348401499999994,3.9,58.0,OPERATIONAL,+971 56 371 2999,,https://maps.google.com/?cid=15909539878004610687&g_mp=Cilnb29nbGUubWFwcy5wbGFjZXMudjEuUGxhY2VzLlNlYXJjaE5lYXJieRACGAQgAA,Monday: 10:00 AM – 2:00 AM | Tuesday: 10:00 AM – 2:00 AM | Wednesday: 10:00 AM – 2:00 AM | Thursday: 10:00 AM – 2:00 AM | Friday: 10:00 AM – 2:00 AM | Saturday: 10:00 AM – 2:00 AM | Sunday: 10:00 AM – 2:00 AM,Google Places API (New) Nearby Search,2026-09-02T15:22:51+00:00
ChIJC19mX843Xj4ReUzjGV_htWc,مركز تايم آوت سبا للرجال Time Out Spa,ADJACENT,spa,spa,Spa,"spa, point_of_interest, establishment",بناية الدولي - الطابق الأول - Bani Yas - EB5 - Abu Dhabi,24.2995996,54.624984999999995,3.1,58.0,OPERATIONAL,+971 2 586 8677,,https://maps.google.com/?cid=7473126955263675513&g_mp=Cilnb29nbGUubWFwcy5wbGFjZXMudjEuUGxhY2VzLlNlYXJjaE5lYXJieRACGAQgAA,Monday: 10:00 AM – 11:00 PM | Tuesday: 10:00 AM – 11:00 PM | Wednesday: 10:00 AM – 11:00 PM | Thursday: 10:00 AM – 11:00 PM | Friday: 3:00 – 11:00 PM | Saturday: 10:00 AM – 11:00 PM | Sunday: 10:00 AM – 11:00 PM,Google Places API (New) Nearby Search,2026-09-02T15:22:51+00:00
ChIJZ9hrtuhRXj4RmDgNcCo21dQ,V Elements Spa -Emirates Park Zoo & Resorts,ADJACENT,spa,spa,Spa,"spa, point_of_interest, establishment",12th St - Al Bahyah - Al Bahyah Farms 2 - Abu Dhabi,24.5457389,54.6740905,4.7,55.0,OPERATIONAL,+971 50 898 3580,https://velementsgroupmgt.com/v-elements-emirates-zoo-1,https://maps.google.com/?cid=15336223661976533144&g_mp=Cilnb29nbGUubWFwcy5wbGFjZXMudjEuUGxhY2VzLlNlYXJjaE5lYXJieRACGAQgAA,Monday: 10:00 AM – 2:00 AM | Tuesday: 10:00 AM – 2:00 AM | Wednesday: 10:00 AM – 2:00 AM | Thursday: 10:00 AM – 2:00 AM | Friday: 10:00 AM – 2:00 AM | Saturday: 10:00 AM – 2:00 AM | Sunday: 10:00 AM – 2:00 AM,Google Places API (New) Nearby Search,2026-09-02T15:22:51+00:00
ChIJSz5imk1fXz4RzGkXLDuEm8E,** SPA OLYMPIA ** سبا اولمبيا **,ADJACENT,spa,spa,Spa,"spa, point_of_interest, establishment",Maleha St - Industrial Areas - Industrial Area - Sharjah,25.2847117,55.451639,4.2,53.0,OPERATIONAL,+971 50 908 0911,,https://maps.google.com/?cid=13950889660387912140&g_mp=Cilnb29nbGUubWFwcy5wbGFjZXMudjEuUGxhY2VzLlNlYXJjaE5lYXJieRACGAQgAA,Monday: 9:00 AM – 11:00 PM | Tuesday: 9:00 AM – 11:00 PM | Wednesday: 9:00 AM – 11:00 PM | Thursday: 9:00 AM – 11:00 PM | Friday: 3:00 – 10:00 PM | Saturday: 9:00 AM – 11:00 PM | Sunday: 9:00 AM – 11:00 PM,Google Places API (New) Nearby Search,2026-09-02T15:22:51+00:00
ChIJ80qR6S1HXj4Rnorlpsjhb-8,Doral Spa - Luxurious Massage Center in Al Forsan,ADJACENT,spa,massage_spa,Massage spa,"massage_spa, spa, massage, point_of_interest, service, establishment",Hotel - Marriott - Al Fursan St - Khalifa City - SW17 - Abu Dhabi,24.407183900000003,54.5490706,4.3,53.0,OPERATIONAL,+971 56 737 2259,https://doralspa.ae/,https://maps.google.com/?cid=17253256949389429406&g_mp=Cilnb29nbGUubWFwcy5wbGFjZXMudjEuUGxhY2VzLlNlYXJjaE5lYXJieRACGAQgAA,Monday: 10:00 AM – 2:30 AM | Tuesday: 10:00 AM – 2:30 AM | Wednesday: 10:00 AM – 2:30 AM | Thursday: 10:00 AM – 2:30 AM | Friday: 10:00 AM – 2:30 AM | Saturday: 10:00 AM – 2:30 AM | Sunday: 10:00 AM – 2:30 AM,Google Places API (New) Nearby Search,2026-09-02T15:22:51+00:00
ChIJi6-GBvNDXj4RMSaNKiot2eI,Queen Angela Spa,ADJACENT,spa,spa,Spa,"spa, point_of_interest, establishment",Al Muntada St - near to Premier Inn - Al Rawdah - Capital Centre - Abu Dhabi,24.4201167,54.4407442,4.2,53.0,OPERATIONAL,+971 54 245 3489,http://www.queenangelaspa.com/,https://maps.google.com/?cid=16346145981643695665&g_mp=Cilnb29nbGUubWFwcy5wbGFjZXMudjEuUGxhY2VzLlNlYXJjaE5lYXJieRACGAQgAA,Monday: 11:00 AM – 1:00 AM | Tuesday: 11:00 AM – 1:00 AM | Wednesday: 11:00 AM – 1:00 AM | Thursday: 11:00 AM – 1:00 AM | Friday: 11:00 AM – 1:00 AM | Saturday: 11:00 AM – 1:00 AM | Sunday: 11:00 AM – 1:00 AM,Google Places API (New) Nearby Search,2026-09-02T15:22:51+00:00
ChIJL1v2CGhnXj4Rh-n6AbWCGBM,SPARKLE MASSAGE SPA CENTER IN ABU DHABI | Best massage center abu dhabi,ADJACENT,spa,spa,Spa,"spa, massage_spa, massage, point_of_interest, service, establishment",M floor Airport Rd - Building # 637 old airprt road - inside the Phoneix hotel - آل نهيان - Zone 1 - أبو ظبي,24.4664109,54.374886499999995,4.2,53.0,OPERATIONAL,+971 54 993 9889,https://eclipsespa.flourishspas.com/,https://maps.google.com/?cid=1375993400095598983&g_mp=Cilnb29nbGUubWFwcy5wbGFjZXMudjEuUGxhY2VzLlNlYXJjaE5lYXJieRACGAQgAA,Monday: 10:00 AM – 12:00 AM | Tuesday: 10:00 AM – 12:00 AM | Wednesday: 10:00 AM – 12:00 AM | Thursday: 10:00 AM – 12:00 AM | Friday: 10:00 AM – 12:00 AM | Saturday: 10:00 AM – 12:00 AM | Sunday: 10:00 AM – 12:00 AM,Google Places API (New) Nearby Search,2026-09-02T15:22:51+00:00
ChIJf5dFRgBnXj4RprIV0NTpKe8,EliteSun Oasis LTD,ADJACENT,spa,tanning_studio,Tanning salon,"tanning_studio, massage_spa, massage, spa, point_of_interest, service, establishment",Horizon tower Reem Island - Al Reem Island - Tamouh - Abu Dhabi,24.493649899999998,54.4042338,3.0,52.0,OPERATIONAL,,http://www.elitesunoasis.ae/,https://maps.google.com/?cid=17233562549343335078&g_mp=Cilnb29nbGUubWFwcy5wbGFjZXMudjEuUGxhY2VzLlNlYXJjaE5lYXJieRACGAQgAA,Monday: 10:00 AM – 10:00 PM | Tuesday: 10:00 AM – 10:00 PM | Wednesday: 10:00 AM – 10:00 PM | Thursday: 10:00 AM – 10:00 PM | Friday: 10:00 AM – 10:00 PM | Saturday: 10:00 AM – 10:00 PM | Sunday: 10:00 AM – 10:00 PM,Google Places API (New) Nearby Search,2026-09-02T15:22:51+00:00
ChIJs3whUQt39j4RU4UJRToo0hw,"Mangrove Spa And Massage, Ras Al Khaimah",ADJACENT,spa,massage_spa,Massage spa,"massage_spa, massage, spa, point_of_interest, service, establishment",Al Khor Road - Mangrove Hotel - 1st floor - دفان راس الخيمة - إمارة رأس الخيمة,25.7832084,55.9424589,4.1,52.0,OPERATIONAL,+971 52 127 5999,https://oxyzenspagroup.com/our-spa/garden-spa-massage-center-ras-al-khaimah/,https://maps.google.com/?cid=2076766608902686035&g_mp=Cilnb29nbGUubWFwcy5wbGFjZXMudjEuUGxhY2VzLlNlYXJjaE5lYXJieRACGAQgAA,Monday: 10:00 AM – 2:00 AM | Tuesday: 10:00 AM – 2:00 AM | Wednesday: 10:00 AM – 2:00 AM | Thursday: 10:00 AM – 2:00 AM | Friday: 10:00 AM – 2:00 AM | Saturday: 10:00 AM – 2:00 AM | Sunday: 10:00 AM – 2:00 AM,Google Places API (New) Nearby Search,2026-09-02T15:22:51+00:00
ChIJewESz9c3Xj4RAIgOAtJjRMc,Sunshine Wellness Man SPA,ADJACENT,spa,massage_spa,Massage spa,"massage_spa, massage, spa, point_of_interest, service, establishment","Office M ,Building NO 179 - 6 Al Tala-i' St - Bani Yas - Baniyas East - Abu Dhabi",24.2918547,54.635235599999994,3.5,52.0,OPERATIONAL,+971 55 516 4917,https://sunshinewellnessspaforman.com/,https://maps.google.com/?cid=14358711265592772608&g_mp=Cilnb29nbGUubWFwcy5wbGFjZXMudjEuUGxhY2VzLlNlYXJjaE5lYXJieRACGAQgAA,Monday: 10:00 AM – 2:00 AM | Tuesday: 10:00 AM – 2:00 AM | Wednesday: 10:00 AM – 2:00 AM | Thursday: 10:00 AM – 2:00 AM | Friday: 10:00 AM – 2:00 AM | Saturday: 10:00 AM – 2:00 AM | Sunday: 10:00 AM – 2:00 AM,Google Places API (New) Nearby Search,2026-09-02T15:22:51+00:00
ChIJEd0stQff9T4RzvRvx2HLZRw,AL DAR SPA & MASSAGE,ADJACENT,spa,spa,Spa,"spa, massage_spa, massage, point_of_interest, service, establishment","Al Dar Inn Hotel Apartment, Kharran road - مدينة الشيخ صقر - إمارة رأس الخيمة",25.740464700000004,55.9414677,4.4,51.0,OPERATIONAL,+971 56 437 6888,https://sites.google.com/view/al-dar-spa/home?authuser=0,https://maps.google.com/?cid=2046265226528027854&g_mp=Cilnb29nbGUubWFwcy5wbGFjZXMudjEuUGxhY2VzLlNlYXJjaE5lYXJieRACGAQgAA,Monday: 10:00 AM – 1:00 AM | Tuesday: 10:00 AM – 1:00 AM | Wednesday: 10:00 AM – 1:00 AM | Thursday: 10:00 AM – 1:00 AM | Friday: 10:00 AM – 1:00 AM | Saturday: 10:00 AM – 1:00 AM | Sunday: 10:00 AM – 1:00 AM,Google Places API (New) Nearby Search,2026-09-02T15:22:51+00:00
ChIJzd7czjZLXj4R3VEfa75yFBw,Lavender Home Massage for Women,ADJACENT,spa,spa,Spa,"spa, point_of_interest, establishment",Al Falah Dr - Al Falah - 1F - Abu Dhabi,24.427064599999998,54.713718500000006,5.0,51.0,OPERATIONAL,+971 56 459 9667,,https://maps.google.com/?cid=2023368294762762717&g_mp=Cilnb29nbGUubWFwcy5wbGFjZXMudjEuUGxhY2VzLlNlYXJjaE5lYXJieRACGAQgAA,Monday: Open 24 hours | Tuesday: Open 24 hours | Wednesday: Open 24 hours | Thursday: Open 24 hours | Friday: Open 24 hours | Saturday: Open 24 hours | Sunday: Open 24 hours,Google Places API (New) Nearby Search,2026-09-02T15:22:51+00:00
ChIJJeWpYro5Xj4RihyklyD-wko,Vinca Spa,ADJACENT,spa,massage,Massage service,"massage_spa, sauna, massage, spa, public_bath, health, point_of_interest, service, establishment",Villa 771 Naseem Al Barr St - near to Bawabat al sharq Mall - Shakhbout City - MSH7 - Abu Dhabi,24.349415099999998,54.6072114,4.1,51.0,OPERATIONAL,+971 56 771 1627,https://vinca-spa.ae/,https://maps.google.com/?cid=5387147520225057930&g_mp=Cilnb29nbGUubWFwcy5wbGFjZXMudjEuUGxhY2VzLlNlYXJjaE5lYXJieRACGAQgAA,Monday: 10:00 AM – 12:00 AM | Tuesday: 10:00 AM – 12:00 AM | Wednesday: 10:00 AM – 12:00 AM | Thursday: 10:00 AM – 12:00 AM | Friday: 10:00 AM – 12:00 AM | Saturday: 10:00 AM – 12:00 AM | Sunday: 10:00 AM – 12:00 AM,Google Places API (New) Nearby Search,2026-09-02T15:22:51+00:00
ChIJB9DMvXVhXz4RkKdiEEL1Hkk,东方神韵SPA会所,ADJACENT,spa,massage_spa,Massage spa,"massage_spa, spa, massage, point_of_interest, service, establishment",souk warsan block B - ورسان الأولى - مدينة دبي العالمية - دبي,25.156248299999998,55.4013091,4.5,51.0,OPERATIONAL,+971 58 567 6555,,https://maps.google.com/?cid=5268918278161606544&g_mp=Cilnb29nbGUubWFwcy5wbGFjZXMudjEuUGxhY2VzLlNlYXJjaE5lYXJieRACGAQgAA,Monday: Open 24 hours | Tuesday: Open 24 hours | Wednesday: Open 24 hours | Thursday: Open 24 hours | Friday: Open 24 hours | Saturday: Open 24 hours | Sunday: Open 24 hours,Google Places API (New) Nearby Search,2026-09-02T15:22:51+00:00
ChIJaZLIe45pXj4RLBlKFe7qm3Q,NNS Spa - Abudhabi,ADJACENT,spa,spa,Spa,"spa, point_of_interest, establishment",AG Hotel - P & M Floor - Muroor Rd - Al Nahyan - E22 01 - Abu Dhabi,24.4594307,54.3883285,4.1,50.0,OPERATIONAL,+971 54 562 3539,https://nnsspa.com/,https://maps.google.com/?cid=8402567838070085932&g_mp=Cilnb29nbGUubWFwcy5wbGFjZXMudjEuUGxhY2VzLlNlYXJjaE5lYXJieRACGAQgAA,Monday: 10:00 AM – 1:00 AM | Tuesday: 10:00 AM – 1:00 AM | Wednesday: 10:00 AM – 1:00 AM | Thursday: 10:00 AM – 1:00 AM | Friday: 10:00 AM – 1:00 AM | Saturday: 10:00 AM – 1:00 AM | Sunday: 10:00 AM – 1:00 AM,Google Places API (New) Nearby Search,2026-09-02T15:22:51+00:00
ChIJNSqTl7BdXz4Rg6R1y6XGvkc,Sehr Al Jamal Vip Spa Massage,ADJACENT,spa,massage,Massage service,"massage_spa, spa, massage, point_of_interest, service, establishment",GF - Al Telal 19 - Nadd Al Hamar - Dubai,25.191651099999998,55.3953929,4.3,50.0,OPERATIONAL,+971 54 298 9598,https://sites.google.com/view/sehr-al-jamal-spa/home,https://maps.google.com/?cid=5169787837653296259&g_mp=Cilnb29nbGUubWFwcy5wbGFjZXMudjEuUGxhY2VzLlNlYXJjaE5lYXJieRACGAQgAA,Monday: 11:00 AM – 2:00 AM | Tuesday: 11:00 AM – 2:00 AM | Wednesday: 11:00 AM – 2:00 AM | Thursday: 11:00 AM – 2:00 AM | Friday: 11:00 AM – 2:00 AM | Saturday: 11:00 AM – 2:00 AM | Sunday: 11:00 AM – 2:00 AM,Google Places API (New) Nearby Search,2026-09-02T15:22:51+00:00
ChIJBRNYNI919j4RcGizRML_4tM,Horayzn Spa,ADJACENT,spa,spa,Spa,"spa, massage, point_of_interest, service, establishment",Khuzam St - Khuzam - Ras Al Khaimah,25.767209299999998,55.932133799999995,4.3,49.0,OPERATIONAL,+971 50 322 8895,http://horayznspa.com/,https://maps.google.com/?cid=15268046896580749424&g_mp=Cilnb29nbGUubWFwcy5wbGFjZXMudjEuUGxhY2VzLlNlYXJjaE5lYXJieRACGAQgAA,Monday: 10:00 AM – 3:00 AM | Tuesday: 10:00 AM – 3:00 AM | Wednesday: 10:00 AM – 3:00 AM | Thursday: 10:00 AM – 3:00 AM | Friday: 10:00 AM – 3:00 AM | Saturday: 10:00 AM – 3:00 AM | Sunday: 10:00 AM – 3:00 AM,Google Places API (New) Nearby Search,2026-09-02T15:22:51+00:00
ChIJJbDTold19j4RAniAoY_1UGw,Al Masaya Spa,ADJACENT,spa,massage_spa,Massage spa,"massage_spa, massage, spa, point_of_interest, service, establishment",12 14 St - Khuzam - Ras Al Khaimah,25.764550699999997,55.9318404,3.8,48.0,OPERATIONAL,+971 56 497 4659,https://www.almasayaspa.ae/,https://maps.google.com/?cid=7805008151471749122&g_mp=Cilnb29nbGUubWFwcy5wbGFjZXMudjEuUGxhY2VzLlNlYXJjaE5lYXJieRACGAQgAA,Monday: 10:00 AM – 2:30 AM | Tuesday: 10:00 AM – 2:30 AM | Wednesday: 10:00 AM – 2:30 AM | Thursday: 10:00 AM – 2:30 AM | Friday: 10:00 AM – 2:30 AM | Saturday: 10:00 AM – 2:30 AM | Sunday: 10:00 AM – 2:30 AM,Google Places API (New) Nearby Search,2026-09-02T15:22:51+00:00
ChIJtViQHFRDXj4RlavCqK3Q1xI,Diivana Massage,ADJACENT,spa,massage_spa,Massage spa,"massage_spa, massage, spa, point_of_interest, service, establishment",Millennium Hotel - 1st floor - Al Rawdah - W68 - Abu Dhabi,24.4215222,54.456689,4.3,48.0,OPERATIONAL,+971 2 617 0014,http://diivanamassage.com/,https://maps.google.com/?cid=1357783256954743701&g_mp=Cilnb29nbGUubWFwcy5wbGFjZXMudjEuUGxhY2VzLlNlYXJjaE5lYXJieRACGAQgAA,Monday: 11:00 AM – 1:00 AM | Tuesday: 11:00 AM – 1:00 AM | Wednesday: 11:00 AM – 1:00 AM | Thursday: 11:00 AM – 1:00 AM | Friday: 11:00 AM – 1:00 AM | Saturday: 11:00 AM – 1:00 AM | Sunday: 11:00 AM – 1:00 AM,Google Places API (New) Nearby Search,2026-09-02T15:22:51+00:00
ChIJo4LMTXxFXj4R5iCfrp3S2BQ,Therapists.ae - Home Service Massage,ADJACENT,spa,spa,Spa,"spa, point_of_interest, establishment",Yas Dr - Yas Island - YN3 - Abu Dhabi,24.5007901,54.59777,4.9,48.0,OPERATIONAL,+971 52 833 2662,https://wa.me/971528332662,https://maps.google.com/?cid=1502182050409423078&g_mp=Cilnb29nbGUubWFwcy5wbGFjZXMudjEuUGxhY2VzLlNlYXJjaE5lYXJieRACGAQgAA,Monday: 10:00 AM – 9:00 PM | Tuesday: 10:00 AM – 9:00 PM | Wednesday: 10:00 AM – 9:00 PM | Thursday: 10:00 AM – 9:00 PM | Friday: 10:00 AM – 9:00 PM | Saturday: 10:00 AM – 9:00 PM | Sunday: 10:00 AM – 9:00 PM,Google Places API (New) Nearby Search,2026-09-02T15:22:51+00:00
ChIJI68O-Qp19j4RXZsn_QM_FFQ,AL ANEEQ SPA,ADJACENT,spa,massage_spa,Massage spa,"massage_spa, massage, spa, point_of_interest, service, establishment","near Just Burger, Before Al Naeem City Center - Sheikh Saqr City - Al Dhait North - Ras Al Khaimah",25.7499115,55.9229261,3.6,44.0,OPERATIONAL,+971 54 346 5688,https://www.alaneeqspa.ae/,https://maps.google.com/?cid=6058536685084842845&g_mp=Cilnb29nbGUubWFwcy5wbGFjZXMudjEuUGxhY2VzLlNlYXJjaE5lYXJieRACGAQgAA,Monday: 10:00 AM – 3:00 AM | Tuesday: 10:00 AM – 3:00 AM | Wednesday: 10:00 AM – 3:00 AM | Thursday: 10:00 AM – 3:00 AM | Friday: 10:00 AM – 3:00 AM | Saturday: 10:00 AM – 3:00 AM | Sunday: 10:00 AM – 3:00 AM,Google Places API (New) Nearby Search,2026-09-02T15:22:51+00:00
ChIJqyZ19uATXz4RYCATcv32vsY,Outlook Spa and Salon,ADJACENT,spa,massage_spa,Massage spa,"massage_spa, massage, spa, health, point_of_interest, service, establishment",Zen 4 Building - Ground Floor - Jabal Ali First - Discovery Gardens - Dubai,25.0497892,55.1307257,4.1,44.0,OPERATIONAL,+971 55 166 2328,https://outlookbeautysalonandspa.com/,https://maps.google.com/?cid=14321155433485770848&g_mp=Cilnb29nbGUubWFwcy5wbGFjZXMudjEuUGxhY2VzLlNlYXJjaE5lYXJieRACGAQgAA,Monday: 11:00 AM – 2:00 AM | Tuesday: 11:00 AM – 2:00 AM | Wednesday: 11:00 AM – 2:00 AM | Thursday: 11:00 AM – 2:00 AM | Friday: 11:00 AM – 2:00 AM | Saturday: 11:00 AM – 2:00 AM | Sunday: 11:00 AM – 2:00 AM,Google Places API (New) Nearby Search,2026-09-02T15:22:51+00:00
ChIJsXw0-VxFXj4RMBAkO7f1fCU,UMI SPA,ADJACENT,spa,massage_spa,Massage spa,"massage_spa, massage, spa, point_of_interest, service, establishment",Al raha st. - RBW9 -c17-bldg 31 (p1410 - Al raha - Al raha beach - أبو ظبي,24.441106200000004,54.5792419,4.0,43.0,OPERATIONAL,+971 50 734 5989,https://umispa-abudhabi.com/,https://maps.google.com/?cid=2701304043835494448&g_mp=Cilnb29nbGUubWFwcy5wbGFjZXMudjEuUGxhY2VzLlNlYXJjaE5lYXJieRACGAQgAA,Monday: 10:00 AM – 1:00 AM | Tuesday: 10:00 AM – 1:00 AM | Wednesday: 10:00 AM – 1:00 AM | Thursday: 10:00 AM – 1:00 AM | Friday: 10:00 AM – 1:00 AM | Saturday: 10:00 AM – 1:00 AM | Sunday: 10:00 AM – 1:00 AM,Google Places API (New) Nearby Search,2026-09-02T15:22:51+00:00
ChIJHeqzTol19j4RfP9CjgWGMbg,Cleopatra spa,ADJACENT,spa,massage_spa,Massage spa,"massage_spa, massage, spa, point_of_interest, service, establishment",Tower Links Golf Club - Khuzam Rd - Al Qurum - Ras Al Khaimah,25.763327399999998,55.9564045,4.3,40.0,OPERATIONAL,+971 50 872 6970,https://cleopatramencare-spa.com/,https://maps.google.com/?cid=13272536935257276284&g_mp=Cilnb29nbGUubWFwcy5wbGFjZXMudjEuUGxhY2VzLlNlYXJjaE5lYXJieRACGAQgAA,Monday: 11:00 AM – 3:00 AM | Tuesday: 11:00 AM – 3:00 AM | Wednesday: 11:00 AM – 3:00 AM | Thursday: 11:00 AM – 3:00 AM | Friday: 11:00 AM – 3:00 AM | Saturday: 11:00 AM – 3:00 AM | Sunday: 11:00 AM – 3:00 AM,Google Places API (New) Nearby Search,2026-09-02T15:22:51+00:00
ChIJ6U43YAU5Xj4RP26k2MzGUlQ,Massage & Spa Relaxing Mussafah Shabiya,ADJACENT,spa,massage_spa,Massage spa,"massage_spa, spa, massage, point_of_interest, service, establishment",42 Ramlat Al Manayif St - Mohamed Bin Zayed City - ME10 - Abu Dhabi,24.3361068,54.5350654,4.7,40.0,OPERATIONAL,+971 54 781 5195,https://api.whatsapp.com/send/?phone=971547365669&text&type=phone_number&app_absent=0,https://maps.google.com/?cid=6076137430386503231&g_mp=Cilnb29nbGUubWFwcy5wbGFjZXMudjEuUGxhY2VzLlNlYXJjaE5lYXJieRACGAQgAA,Monday: 9:00 AM – 4:00 AM | Tuesday: 9:00 AM – 4:00 AM | Wednesday: 9:00 AM – 4:00 AM | Thursday: 9:00 AM – 4:00 AM | Friday: 9:00 AM – 4:00 AM | Saturday: 9:00 AM – 4:00 AM | Sunday: 9:00 AM – 4:00 AM,Google Places API (New) Nearby Search,2026-09-02T15:22:51+00:00
ChIJGUQIDLI0wa8RKtaAIfAmL_0,Al Zafaran Spa,ADJACENT,spa,massage_spa,Massage spa,"massage_spa, massage, spa, point_of_interest, service, establishment",مدينة الشيخ خليفة - الظيت الجنوبي - إمارة رأس الخيمة,25.7311755,55.884290099999994,3.9,39.0,OPERATIONAL,+971 56 363 5578,https://zafaranspa.com/,https://maps.google.com/?cid=18243843428297266730&g_mp=Cilnb29nbGUubWFwcy5wbGFjZXMudjEuUGxhY2VzLlNlYXJjaE5lYXJieRACGAQgAA,Monday: 10:00 AM – 2:30 AM | Tuesday: 10:00 AM – 2:30 AM | Wednesday: 10:00 AM – 2:30 AM | Thursday: 10:00 AM – 2:30 AM | Friday: 10:00 AM – 2:30 AM | Saturday: 10:00 AM – 2:30 AM | Sunday: 10:00 AM – 2:30 AM,Google Places API (New) Nearby Search,2026-09-02T15:22:51+00:00
ChIJ06heVr9pXj4RA1W6DzVfZtE,Aura Mens Wellness Spa in Abu Dhabi,ADJACENT,spa,spa,Spa,"spa, point_of_interest, establishment","71, M Floor - Jabal An Nijeed St - Hadbat Al Za`Faranah - Zone 1 - Abu Dhabi",24.446132600000002,54.400291200000005,4.4,39.0,OPERATIONAL,+971 50 980 6433,https://aurawellnesspa.com/,https://maps.google.com/?cid=15088852283053200643&g_mp=Cilnb29nbGUubWFwcy5wbGFjZXMudjEuUGxhY2VzLlNlYXJjaE5lYXJieRACGAQgAA,Monday: 11:00 AM – 2:00 AM | Tuesday: 11:00 AM – 2:00 AM | Wednesday: 11:00 AM – 2:30 AM | Thursday: 11:00 AM – 2:00 AM | Friday: 11:00 AM – 2:00 AM | Saturday: 11:00 AM – 2:00 AM | Sunday: 11:00 AM – 2:00 AM,Google Places API (New) Nearby Search,2026-09-02T15:22:51+00:00
ChIJzfJSb9JhXz4RRtPl-KkMHMA,Mamounia Palace Spa,ADJACENT,spa,massage_spa,Massage spa,"massage_spa, spa, massage, point_of_interest, service, establishment",5CJ4+6CR 7th St - 2 Al Warqa'a 1 St - الورقاء - الورقاء ١ - دبي,25.180556199999998,55.4061209,3.1,39.0,OPERATIONAL,+971 50 523 9024,https://mamouniapalacespa.com/,https://maps.google.com/?cid=13842953278794879814&g_mp=Cilnb29nbGUubWFwcy5wbGFjZXMudjEuUGxhY2VzLlNlYXJjaE5lYXJieRACGAQgAA,Monday: 10:30 AM – 2:30 AM | Tuesday: 10:30 AM – 2:30 AM | Wednesday: 10:30 AM – 2:30 AM | Thursday: 10:30 AM – 2:30 AM | Friday: 10:30 AM – 2:30 AM | Saturday: 10:30 AM – 2:30 AM | Sunday: 10:30 AM – 2:30 AM,Google Places API (New) Nearby Search,2026-09-02T15:22:51+00:00
ChIJQyxNZ99dXz4RACcmo7HgNyk,Royal Spa - مساج عربي,ADJACENT,spa,spa,Spa,"spa, point_of_interest, establishment",Nadd Hessa - Dubai Silicon Oasis - Dubai,25.124247,55.3775614,3.3,39.0,OPERATIONAL,+971 58 619 6645,https://royalspadxb.com/,https://maps.google.com/?cid=2970089532825151232&g_mp=Cilnb29nbGUubWFwcy5wbGFjZXMudjEuUGxhY2VzLlNlYXJjaE5lYXJieRACGAQgAA,Monday: 12:00 PM – 3:00 AM | Tuesday: 12:00 PM – 3:00 AM | Wednesday: 12:00 PM – 3:00 AM | Thursday: 12:00 PM – 3:00 AM | Friday: 12:00 PM – 3:00 AM | Saturday: 12:00 PM – 3:00 AM | Sunday: 12:00 PM – 3:00 AM,Google Places API (New) Nearby Search,2026-09-02T15:22:51+00:00
ChIJ0Z8NHe1hXz4RFMG8HBqBflk,Labella Spa ＆ Mirdif,ADJACENT,spa,massage_spa,Massage spa,"massage_spa, hotel, massage, spa, lodging, point_of_interest, service, establishment",Millennium Place Mirdif Hotel - E block 5th Floor - Mirdif - Dubai,25.222646599999997,55.441974699999996,4.2,38.0,OPERATIONAL,+971 58 628 8225,https://bellathespa.com/,https://maps.google.com/?cid=6448733665592394004&g_mp=Cilnb29nbGUubWFwcy5wbGFjZXMudjEuUGxhY2VzLlNlYXJjaE5lYXJieRACGAQgAA,Monday: 10:00 AM – 1:00 AM | Tuesday: 10:00 AM – 1:00 AM | Wednesday: 10:00 AM – 1:00 AM | Thursday: 10:00 AM – 1:00 AM | Friday: 10:00 AM – 1:00 AM | Saturday: 10:00 AM – 1:00 AM | Sunday: 10:00 AM – 1:00 AM,Google Places API (New) Nearby Search,2026-09-02T15:22:51+00:00
ChIJRZEwDolDXj4Rqw4iMnTm9TY,Optimyze Health & Fitness Boutique,ADJACENT,spa,fitness_center,Fitness center,"fitness_center, wellness_center, gym, spa, sports_activity_location, health, point_of_interest, service, establishment",Bloom Gardens Retail 3 - Al Muntazah - E48 - Abu Dhabi,24.429679099999998,54.459515200000006,4.8,38.0,OPERATIONAL,+971 50 886 4767,https://optimyze.ae/,https://maps.google.com/?cid=3960324834073906859&g_mp=Cilnb29nbGUubWFwcy5wbGFjZXMudjEuUGxhY2VzLlNlYXJjaE5lYXJieRACGAQgAA,Monday: 6:00 AM – 10:00 PM | Tuesday: 6:00 AM – 10:00 PM | Wednesday: 6:00 AM – 10:00 PM | Thursday: 6:00 AM – 10:00 PM | Friday: 6:00 AM – 10:00 PM | Saturday: 9:00 AM – 9:00 PM | Sunday: 9:00 AM – 9:00 PM,Google Places API (New) Nearby Search,2026-09-02T15:22:51+00:00
ChIJuyXYFXhHXj4Rp8DCLtEcqgo,Solly Man Salon & SPA For Man,ADJACENT,spa,massage_spa,Massage spa,"massage_spa, spa, massage, point_of_interest, service, establishment","Building # 9 , Room : M03 - 9 Sareehah st - Mohamed Bin Zayed City - ME9 - Abu Dhabi",24.344254700000004,54.5340615,3.2,38.0,OPERATIONAL,+971 56 582 8116,https://sollymansalonspaforman.com/,https://maps.google.com/?cid=768458371178348711&g_mp=Cilnb29nbGUubWFwcy5wbGFjZXMudjEuUGxhY2VzLlNlYXJjaE5lYXJieRACGAQgAA,Monday: 10:00 AM – 1:00 AM | Tuesday: 10:00 AM – 1:00 AM | Wednesday: 10:00 AM – 1:00 AM | Thursday: 10:00 AM – 1:00 AM | Friday: 10:00 AM – 1:00 AM | Saturday: 10:00 AM – 1:00 AM | Sunday: 10:00 AM – 1:00 AM,Google Places API (New) Nearby Search,2026-09-02T15:22:51+00:00
ChIJQZWeckR19j4RDmRIC5dSA3Y,DIAMOND SPA massage centre in RAS Al khaimah,ADJACENT,spa,massage_spa,Massage spa,"massage_spa, massage, spa, point_of_interest, service, establishment",Bin Majed - opposite of GMC showroom - Al Nadiya - Ras Al Khaimah,25.7547419,55.909241699999995,4.6,37.0,OPERATIONAL,+971 52 184 9222,https://daimondspa556.wixsite.com/diamond,https://maps.google.com/?cid=8503731330088461326&g_mp=Cilnb29nbGUubWFwcy5wbGFjZXMudjEuUGxhY2VzLlNlYXJjaE5lYXJieRACGAQgAA,Monday: 10:00 AM – 2:30 AM | Tuesday: 10:00 AM – 2:30 AM | Wednesday: 10:00 AM – 2:30 AM | Thursday: 10:00 AM – 2:30 AM | Friday: 10:00 AM – 2:30 AM | Saturday: 10:00 AM – 2:30 AM | Sunday: 10:00 AM – 2:30 AM,Google Places API (New) Nearby Search,2026-09-02T15:22:51+00:00
ChIJX7eLH1f59D4Remps2wbxm6s,Jasmine Spa,ADJACENT,spa,massage_spa,Massage spa,"massage_spa, massage, spa, point_of_interest, service, establishment",49Q3+2M2 - Rughaylat Rd - Al Faseel - Sharjah,25.137500300000003,56.354154699999995,3.5,36.0,OPERATIONAL,+971 55 336 7556,,https://maps.google.com/?cid=12365742213629241978&g_mp=Cilnb29nbGUubWFwcy5wbGFjZXMudjEuUGxhY2VzLlNlYXJjaE5lYXJieRACGAQgAA,Monday: 9:00 AM – 3:00 AM | Tuesday: 9:00 AM – 3:00 AM | Wednesday: 9:00 AM – 3:00 AM | Thursday: 9:00 AM – 3:00 AM | Friday: 9:00 AM – 3:00 AM | Saturday: 9:00 AM – 3:00 AM | Sunday: 9:00 AM – 3:00 AM,Google Places API (New) Nearby Search,2026-09-02T15:22:51+00:00
ChIJiR3zySttXz4ROXOEbag1FJw,Blue Personal Care Spa Massage,ADJACENT,spa,massage,Massage service,"massage_spa, massage, spa, point_of_interest, service, establishment",Rose Residences 1 - Jabal Ali First - Al Furjan - Dubai,25.0207725,55.155172400000005,3.6,33.0,OPERATIONAL,+971 56 214 9620,https://www.personalcarespa.com/,https://maps.google.com/?cid=11246673166959145785&g_mp=Cilnb29nbGUubWFwcy5wbGFjZXMudjEuUGxhY2VzLlNlYXJjaE5lYXJieRACGAQgAA,Monday: Open 24 hours | Tuesday: Open 24 hours | Wednesday: Open 24 hours | Thursday: Open 24 hours | Friday: Open 24 hours | Saturday: Open 24 hours | Sunday: Open 24 hours,Google Places API (New) Nearby Search,2026-09-02T15:22:51+00:00
ChIJwVYEFgdPXj4RcoSuSiZWLZE,OZ MEN Al Shahama,ADJACENT,spa,massage_spa,Massage spa,"massage_spa, spa, massage, service, point_of_interest, establishment",Mنفس بناية فطائر الخليج وخيشة الطابق - Tawi Nassas St - Al Shahama - Al Shahamah - Abu Dhabi,24.5331881,54.681865599999995,4.2,32.0,OPERATIONAL,+971 50 408 4705,https://ozmenspa.com/,https://maps.google.com/?cid=10461112231913227378&g_mp=Cilnb29nbGUubWFwcy5wbGFjZXMudjEuUGxhY2VzLlNlYXJjaE5lYXJieRACGAQgAA,Monday: 11:00 AM – 2:00 AM | Tuesday: 11:00 AM – 2:00 AM | Wednesday: 11:00 AM – 2:00 AM | Thursday: 11:00 AM – 2:00 AM | Friday: 11:00 AM – 2:00 AM | Saturday: 11:00 AM – 2:00 AM | Sunday: 11:00 AM – 2:00 AM,Google Places API (New) Nearby Search,2026-09-02T15:22:51+00:00
ChIJffGMsUFnXz4RIx4O02dFhGI,spa,ADJACENT,spa,massage_spa,Massage spa,"massage_spa, spa, massage, point_of_interest, service, establishment",Al Fahad Building - شارع رأس الخور - Ras Al Khor Ind. Third - رأس الخور الصناعية الثالثة - دبي,25.1820964,55.381943,3.7,31.0,OPERATIONAL,+971 55 694 9513,https://sparasalkhour.com/,https://maps.google.com/?cid=7098875224867610147&g_mp=Cilnb29nbGUubWFwcy5wbGFjZXMudjEuUGxhY2VzLlNlYXJjaE5lYXJieRACGAQgAA,Monday: 10:00 AM – 12:00 AM | Tuesday: 10:00 AM – 12:00 AM | Wednesday: 10:00 AM – 12:00 AM | Thursday: 10:00 AM – 12:00 AM | Friday: 10:00 AM – 12:00 AM | Saturday: 10:00 AM – 12:00 AM | Sunday: 10:00 AM – 12:00 AM,Google Places API (New) Nearby Search,2026-09-02T15:22:51+00:00
ChIJx5_ERCppXj4RW2jFEvDfvPc,Sensation Spa at Metropolitan Al Mafraq Hotel,ADJACENT,spa,massage_spa,Massage spa,"massage_spa, massage, spa, point_of_interest, service, establishment",Shk. Maktoum Bin Rashid Rd - Shakhbout City - MSH44 - Abu Dhabi,24.3303618,54.623123,4.5,30.0,OPERATIONAL,+971 55 175 2266,https://wa.me/qr/ZD6L5MXFHNE3K1,https://maps.google.com/?cid=17851389245189875803&g_mp=Cilnb29nbGUubWFwcy5wbGFjZXMudjEuUGxhY2VzLlNlYXJjaE5lYXJieRACGAQgAA,Monday: 10:00 AM – 1:00 AM | Tuesday: 10:00 AM – 1:00 AM | Wednesday: 10:00 AM – 1:00 AM | Thursday: 10:00 AM – 1:00 AM | Friday: 10:00 AM – 1:00 AM | Saturday: 10:00 AM – 1:00 AM | Sunday: 10:00 AM – 1:00 AM,Google Places API (New) Nearby Search,2026-09-02T15:22:51+00:00
ChIJZZtgFcH59D4RtEFfN2BF-mM,al razi center for massage,ADJACENT,spa,massage_spa,Massage spa,"massage_spa, massage, spa, point_of_interest, service, establishment",tarboosh restaurant building204/203 - Hamad Bin Abdulla Rd - مْريشيدْ - إمارة الفجيرة,25.121595199999998,56.3432902,3.5,30.0,OPERATIONAL,+971 56 695 2513,http://alrazi.cc/,https://maps.google.com/?cid=7204146833480696244&g_mp=Cilnb29nbGUubWFwcy5wbGFjZXMudjEuUGxhY2VzLlNlYXJjaE5lYXJieRACGAQgAA,Monday: 9:00 AM – 3:00 AM | Tuesday: 9:00 AM – 3:00 AM | Wednesday: 9:00 AM – 3:00 AM | Thursday: 9:00 AM – 3:00 AM | Friday: 9:00 AM – 3:00 AM | Saturday: 9:00 AM – 3:00 AM | Sunday: 9:00 AM – 3:00 AM,Google Places API (New) Nearby Search,2026-09-02T15:22:51+00:00
ChIJoxRgnkg3Xj4RIGkHLMuWTCU,كاندل سبا,ADJACENT,spa,spa,Spa,"spa, point_of_interest, establishment",Bani Yas - Baniyas East - Abu Dhabi,24.296100199999998,54.6386665,3.8,30.0,OPERATIONAL,+971 58 284 4947,,https://maps.google.com/?cid=2687688876994554144&g_mp=Cilnb29nbGUubWFwcy5wbGFjZXMudjEuUGxhY2VzLlNlYXJjaE5lYXJieRACGAQgAA,Monday: 10:00 AM – 10:00 PM | Tuesday: 10:00 AM – 10:00 PM | Wednesday: 10:00 AM – 10:00 PM | Thursday: 10:00 AM – 10:00 PM | Friday: 10:00 AM – 10:00 PM | Saturday: 10:00 AM – 10:00 PM | Sunday: 10:00 AM – 10:00 PM,Google Places API (New) Nearby Search,2026-09-02T15:22:51+00:00
ChIJq488GgD59D4REZzD3jKoQIc,Ozone Spa & Massage,ADJACENT,spa,massage_spa,Massage spa,"massage_spa, massage, spa, health, point_of_interest, service, establishment",Doubletree by Hilton - Al Maktoum Rd - Fujairah City Center - Fujairah,25.1201586,56.3249529,4.5,28.0,OPERATIONAL,+971 50 856 8999,https://oxyzenspagroup.com/,https://maps.google.com/?cid=9745974530068945937&g_mp=Cilnb29nbGUubWFwcy5wbGFjZXMudjEuUGxhY2VzLlNlYXJjaE5lYXJieRACGAQgAA,Monday: 10:00 AM – 1:00 AM | Tuesday: 10:00 AM – 1:00 AM | Wednesday: 10:00 AM – 1:00 AM | Thursday: 10:00 AM – 1:00 AM | Friday: 10:00 AM – 1:00 AM | Saturday: 10:00 AM – 1:00 AM | Sunday: 10:00 AM – 1:00 AM,Google Places API (New) Nearby Search,2026-09-02T15:22:51+00:00
ChIJvyyV2wRFXj4R_PuWM8M6Joc,The Spa,ADJACENT,spa,massage_spa,Massage spa,"massage_spa, massage, spa, point_of_interest, service, establishment",Mangroves by IHG - M Floor Yas Dr St - Yas Island - Yas Plaza - Abu Dhabi,24.4679973,54.5984994,4.3,28.0,OPERATIONAL,+971 2 656 2494,,https://maps.google.com/?cid=9738535854293842940&g_mp=Cilnb29nbGUubWFwcy5wbGFjZXMudjEuUGxhY2VzLlNlYXJjaE5lYXJieRACGAQgAA,Monday: 10:00 AM – 8:00 PM | Tuesday: 10:00 AM – 8:00 PM | Wednesday: 10:00 AM – 8:00 PM | Thursday: 10:00 AM – 8:00 PM | Friday: 10:00 AM – 8:00 PM | Saturday: 10:00 AM – 8:00 PM | Sunday: 10:00 AM – 8:00 PM,Google Places API (New) Nearby Search,2026-09-02T15:22:51+00:00
ChIJAVs5Tluxij4Rr9CuPi7hmPI,Lunar wellness spa,ADJACENT,spa,spa,Spa,"spa, point_of_interest, establishment",Al Ain - Al Shajan St - Al Khibeesi - Al Sidrah - Abu Dhabi,24.2218377,55.6942223,4.1,27.0,OPERATIONAL,+971 56 919 4451,,https://maps.google.com/?cid=17480969542374969519&g_mp=Cilnb29nbGUubWFwcy5wbGFjZXMudjEuUGxhY2VzLlNlYXJjaE5lYXJieRACGAQgAA,Monday: 10:00 AM – 10:00 PM | Tuesday: 10:00 AM – 10:00 PM | Wednesday: 10:00 AM – 10:00 PM | Thursday: 10:00 AM – 10:00 PM | Friday: 10:00 AM – 10:00 PM | Saturday: 10:00 AM – 10:00 PM | Sunday: 10:00 AM – 10:00 PM,Google Places API (New) Nearby Search,2026-09-02T15:22:51+00:00
ChIJBbkGH-v59D4RHwvOA3iXsgA,M Spa,ADJACENT,spa,massage_spa,Massage spa,"massage_spa, massage, spa, point_of_interest, service, establishment","18th Floor, Millennium Hotel, Near Fujairah Mall, West Fujairah - Hamad Bin Abdulla Rd - Al Nijaimat - Fujairah",25.1228336,56.315004200000004,4.3,27.0,OPERATIONAL,+971 55 127 9777,,https://maps.google.com/?cid=50269087570201375&g_mp=Cilnb29nbGUubWFwcy5wbGFjZXMudjEuUGxhY2VzLlNlYXJjaE5lYXJieRACGAQgAA,Monday: 10:00 AM – 2:00 AM | Tuesday: 10:00 AM – 2:00 AM | Wednesday: 10:00 AM – 2:00 AM | Thursday: 10:00 AM – 2:00 AM | Friday: 10:00 AM – 2:00 AM | Saturday: 10:00 AM – 2:00 AM | Sunday: 10:00 AM – 2:00 AM,Google Places API (New) Nearby Search,2026-09-02T15:22:51+00:00
ChIJQ9K7uAM5Xj4RL8Xhlf04CL4,Massage & spa vip musaffah,ADJACENT,spa,massage_spa,Massage spa,"massage_spa, spa, massage, point_of_interest, service, establishment",Um Al ʹImad St - Mohamed Bin Zayed City - ME11 - Abu Dhabi,24.325967,54.5324022,4.5,26.0,OPERATIONAL,+971 50 533 8683,,https://maps.google.com/?cid=13693257328812475695&g_mp=Cilnb29nbGUubWFwcy5wbGFjZXMudjEuUGxhY2VzLlNlYXJjaE5lYXJieRACGAQgAA,Monday: 9:00 AM – 4:00 AM | Tuesday: 9:00 AM – 4:00 AM | Wednesday: 9:00 AM – 4:00 AM | Thursday: 9:00 AM – 4:00 AM | Friday: 9:00 AM – 4:00 AM | Saturday: 9:00 AM – 4:00 AM | Sunday: 9:00 AM – 4:00 AM,Google Places API (New) Nearby Search,2026-09-02T15:22:51+00:00
ChIJeYynDbFnXz4RgNMo99XCM2k,神韵足道SPA洗浴桑拿中心,ADJACENT,spa,spa,Spa,"spa, point_of_interest, establishment",Souk Warsan - Block D Retail Entrance 1 - Warsan First - Dubai International City - Dubai,25.1579366,55.396911599999996,4.0,26.0,OPERATIONAL,+971 56 828 8666,,https://maps.google.com/?cid=7580616822025147264&g_mp=Cilnb29nbGUubWFwcy5wbGFjZXMudjEuUGxhY2VzLlNlYXJjaE5lYXJieRACGAQgAA,Monday: Open 24 hours | Tuesday: Open 24 hours | Wednesday: Open 24 hours | Thursday: Open 24 hours | Friday: Open 24 hours | Saturday: Open 24 hours | Sunday: Open 24 hours,Google Places API (New) Nearby Search,2026-09-02T15:22:51+00:00
ChIJ4eLkyhb59D4RXu-vHdR8eRc,Thai Spa & Massage,ADJACENT,spa,massage_spa,Massage spa,"massage_spa, massage, spa, point_of_interest, service, establishment",49G3+6XF - Al Gurfa Road - near Fish Market - Al ‘Uwaid - Fujairah,25.1256158,56.354877599999995,4.0,25.0,OPERATIONAL,+971 50 880 7456,,https://maps.google.com/?cid=1691520385527312222&g_mp=Cilnb29nbGUubWFwcy5wbGFjZXMudjEuUGxhY2VzLlNlYXJjaE5lYXJieRACGAQgAA,Monday: 10:00 AM – 3:30 AM | Tuesday: 10:00 AM – 3:30 AM | Wednesday: 10:00 AM – 3:30 AM | Thursday: 10:00 AM – 3:30 AM | Friday: 10:00 AM – 3:30 AM | Saturday: 10:00 AM – 3:30 AM | Sunday: 10:00 AM – 3:30 AM,Google Places API (New) Nearby Search,2026-09-02T15:22:51+00:00
ChIJUQ7hes9HXj4RyvJQNc5ZEzs,L And Y Salon And SPA For Man,ADJACENT,spa,massage_spa,Massage spa,"massage_spa, spa, massage, point_of_interest, service, establishment",P555-c - 49 - Building No：4 - Office No: M01 شارع سريحه - مدينة محمد بن زايد - محمد بن زايد شرق 9 - أبو ظبي,24.3445689,54.533955,3.2,23.0,OPERATIONAL,+971 56 325 1966,https://landysalonandspaforman.com/,https://maps.google.com/?cid=4256844814987883210&g_mp=Cilnb29nbGUubWFwcy5wbGFjZXMudjEuUGxhY2VzLlNlYXJjaE5lYXJieRACGAQgAA,Monday: 10:00 AM – 1:00 AM | Tuesday: 10:00 AM – 12:30 AM | Wednesday: 10:00 AM – 12:30 AM | Thursday: 10:00 AM – 12:30 AM | Friday: 10:00 AM – 1:00 AM | Saturday: 10:00 AM – 1:00 AM | Sunday: 10:00 AM – 1:00 AM,Google Places API (New) Nearby Search,2026-09-02T15:22:51+00:00
ChIJgY3UuVP59D4RWvJpHRBeqBs,Pure Diamond European Spa,ADJACENT,spa,massage_spa,Massage spa,"massage_spa, massage, spa, point_of_interest, service, establishment",Hamad Bin Abdulla RD - opposite Etisalat /Lulu - Fujairah City Center - Fujairah,25.1225032,56.3247475,4.7,23.0,OPERATIONAL,+971 50 879 8488,https://www.purediamondspa.ae/,https://maps.google.com/?cid=1992946258417414746&g_mp=Cilnb29nbGUubWFwcy5wbGFjZXMudjEuUGxhY2VzLlNlYXJjaE5lYXJieRACGAQgAA,,Google Places API (New) Nearby Search,2026-09-02T15:22:51+00:00
ChIJk0UrfHFDXj4R6zRoN3Bg8G4,Olivia massage spa,ADJACENT,spa,massage_spa,Massage spa,"massage_spa, massage, spa, point_of_interest, service, establishment",Tawi al Ghuweifat St - Al Rawdah - W68 - Abu Dhabi,24.4214609,54.4564189,4.0,22.0,OPERATIONAL,+971 58 138 7044,https://wa.me/+971581387044,https://maps.google.com/?cid=7993995373664810219&g_mp=Cilnb29nbGUubWFwcy5wbGFjZXMudjEuUGxhY2VzLlNlYXJjaE5lYXJieRACGAQgAA,Monday: Open 24 hours | Tuesday: Open 24 hours | Wednesday: Open 24 hours | Thursday: Open 24 hours | Friday: Open 24 hours | Saturday: Open 24 hours | Sunday: Open 24 hours,Google Places API (New) Nearby Search,2026-09-02T15:22:51+00:00
ChIJgWJT_Pqtij4RZQmHlcShzKc,إليجانت بيوتي لونج للسيدات,ADJACENT,spa,spa,Spa,"spa, point_of_interest, establishment",Hamdan Bin Mohammad St - Al Markhaniyyah - Muaifaa - Abu Dhabi,24.2267401,55.660303899999995,4.4,21.0,OPERATIONAL,+971 3 767 3707,,https://maps.google.com/?cid=12091216965277256037&g_mp=Cilnb29nbGUubWFwcy5wbGFjZXMudjEuUGxhY2VzLlNlYXJjaE5lYXJieRACGAQgAA,Monday: 10:00 AM – 9:00 PM | Tuesday: 10:00 AM – 9:00 PM | Wednesday: 10:00 AM – 9:00 PM | Thursday: 10:00 AM – 9:00 PM | Friday: 10:00 AM – 9:00 PM | Saturday: 10:00 AM – 9:00 PM | Sunday: 10:00 AM – 9:00 PM,Google Places API (New) Nearby Search,2026-09-02T15:22:51+00:00
ChIJHytneGtPXj4Rw0VlNFnumxE,Al taj Al masi saloon and spa 2.0,ADJACENT,spa,spa,Spa,"spa, point_of_interest, establishment",building 126 Al nahat street - Al Shahama - New Shahamah - Abu Dhabi,24.5377573,54.6922344,4.8,19.0,OPERATIONAL,+971 56 320 8613,https://whatsapp.com/channel/0029VbAXDdgFCCoeV10wP82s,https://maps.google.com/?cid=1268869786933478851&g_mp=Cilnb29nbGUubWFwcy5wbGFjZXMudjEuUGxhY2VzLlNlYXJjaE5lYXJieRACGAQgAA,Monday: 10:00 AM – 11:30 PM | Tuesday: 10:00 AM – 11:30 PM | Wednesday: 10:00 AM – 11:30 PM | Thursday: 10:00 AM – 11:30 PM | Friday: 10:00 AM – 11:30 PM | Saturday: 10:00 AM – 11:30 PM | Sunday: 10:00 AM – 11:30 PM,Google Places API (New) Nearby Search,2026-09-02T15:22:51+00:00
ChIJw2ROZ1VnZz4REWkCf88RV64,RAWAA CENTER FOR MEN CARE,ADJACENT,spa,massage_spa,Massage spa,"massage_spa, massage, spa, point_of_interest, service, establishment",شارع سقيا - Madinat Za'id - MZE16 - Abu Dhabi,23.661029499999998,53.7250441,3.1,18.0,OPERATIONAL,+971 55 554 8703,,https://maps.google.com/?cid=12562529268460054801&g_mp=Cilnb29nbGUubWFwcy5wbGFjZXMudjEuUGxhY2VzLlNlYXJjaE5lYXJieRACGAQgAA,Monday: 9:00 AM – 11:30 PM | Tuesday: 9:00 AM – 11:30 PM | Wednesday: 9:00 AM – 11:30 PM | Thursday: 9:00 AM – 11:30 PM | Friday: 2:00 – 11:30 PM | Saturday: 9:00 AM – 11:30 PM | Sunday: 9:00 AM – 11:30 PM,Google Places API (New) Nearby Search,2026-09-02T15:22:51+00:00
ChIJ36ch5KP59D4RplSmOmPDCi0,Sun Flower VIP Spa Massage Fujairah,ADJACENT,spa,massage,Massage service,"massage_spa, massage, spa, point_of_interest, service, establishment","10th Floor Room 1001, OYO 137 Clifton International Hotel C - 27 Hamad Bin Abdulla Rd - مركز مدينة الفجيرة - الفجيرة",25.122557699999998,56.324229800000005,3.4,18.0,OPERATIONAL,+971 56 253 1121,https://www.spafujairah.com/,https://maps.google.com/?cid=3245621312427021478&g_mp=Cilnb29nbGUubWFwcy5wbGFjZXMudjEuUGxhY2VzLlNlYXJjaE5lYXJieRACGAQgAA,Monday: 10:00 AM – 2:00 AM | Tuesday: 10:00 AM – 2:00 AM | Wednesday: 10:00 AM – 2:00 AM | Thursday: 10:00 AM – 2:00 AM | Friday: 10:00 AM – 2:00 AM | Saturday: 10:00 AM – 2:00 AM | Sunday: 10:00 AM – 2:00 AM,Google Places API (New) Nearby Search,2026-09-02T15:22:51+00:00
ChIJa6J2VrP59D4Rh5pKU_28loI,Vu Beo Spa Massage Fujairah,ADJACENT,spa,spa,Spa,"spa, massage_spa, massage, point_of_interest, service, establishment",Clifton Hotel - Fujairah City Center - Fujairah,25.1226861,56.3241496,4.4,18.0,OPERATIONAL,+971 54 417 6607,https://www.facebook.com/profile.php?id=61553406197626,https://maps.google.com/?cid=9409916267647376007&g_mp=Cilnb29nbGUubWFwcy5wbGFjZXMudjEuUGxhY2VzLlNlYXJjaE5lYXJieRACGAQgAA,Monday: Open 24 hours | Tuesday: Open 24 hours | Wednesday: Open 24 hours | Thursday: Open 24 hours | Friday: Open 24 hours | Saturday: Open 24 hours | Sunday: Open 24 hours,Google Places API (New) Nearby Search,2026-09-02T15:22:51+00:00
ChIJj_uVRRiuij4RQm0_-G-v1tg,Tmkn fitness,ADJACENT,spa,spa,Spa,"gym, spa, sports_activity_location, health, point_of_interest, establishment",Al Ain - 'Asharij - Bida Bin Ammar - Abu Dhabi,24.1998171,55.6596738,3.8,16.0,OPERATIONAL,+971 3 785 1785,,https://maps.google.com/?cid=15624868852649651522&g_mp=Cilnb29nbGUubWFwcy5wbGFjZXMudjEuUGxhY2VzLlNlYXJjaE5lYXJieRACGAQgAA,Monday: 10:00 AM – 9:00 PM | Tuesday: 10:00 AM – 9:00 PM | Wednesday: 10:00 AM – 9:00 PM | Thursday: 10:00 AM – 9:00 PM | Friday: 10:00 AM – 9:00 PM | Saturday: 10:00 AM – 9:00 PM | Sunday: 10:00 AM – 9:00 PM,Google Places API (New) Nearby Search,2026-09-02T15:22:51+00:00
ChIJTZrbp2VPXj4RS7niAstPRgU,Taj Best Gents Salon Spa,ADJACENT,spa,spa,Spa,"spa, point_of_interest, establishment",69 Al Souq St - Al Shahama - New Shahamah - Abu Dhabi,24.5312359,54.691639099999996,4.5,15.0,OPERATIONAL,+971 54 302 3997,,https://maps.google.com/?cid=380078951904753995&g_mp=Cilnb29nbGUubWFwcy5wbGFjZXMudjEuUGxhY2VzLlNlYXJjaE5lYXJieRACGAQgAA,Monday: 8:00 AM – 11:30 PM | Tuesday: 8:00 AM – 11:30 PM | Wednesday: 8:00 AM – 11:30 PM | Thursday: 8:00 AM – 11:30 PM | Friday: 8:00 AM – 11:30 PM | Saturday: 8:00 AM – 11:30 PM | Sunday: 8:00 AM – 11:30 PM,Google Places API (New) Nearby Search,2026-09-02T15:22:51+00:00
ChIJC_38PgA3Xj4RtHKXGietAtY,Vera Lux Beauty Salon صالون فيرا لتجميل السيدات,ADJACENT,spa,spa,Spa,"spa, point_of_interest, establishment",13 Ar Rakb St - Bani Yas - Baniyas East - Abu Dhabi,24.2947778,54.636861100000004,4.6,15.0,OPERATIONAL,+971 50 792 6789,,https://maps.google.com/?cid=15421078457531462324&g_mp=Cilnb29nbGUubWFwcy5wbGFjZXMudjEuUGxhY2VzLlNlYXJjaE5lYXJieRACGAQgAA,Monday: 11:00 AM – 10:00 PM | Tuesday: 11:00 AM – 10:00 PM | Wednesday: Closed | Thursday: 11:00 AM – 10:00 PM | Friday: 11:00 AM – 10:00 PM | Saturday: 11:00 AM – 10:00 PM | Sunday: 11:00 AM – 10:00 PM,Google Places API (New) Nearby Search,2026-09-02T15:22:51+00:00
ChIJRVfe0oU3Xj4RmUK5bJ_JXds,صالون عهود حنا,ADJACENT,spa,spa,Spa,"spa, point_of_interest, establishment",Sharat St - 7JXP+2V6 - شارع بني ياس - بني ياس - بني ياس شرق - أبو ظبي,24.297541499999998,54.6371336,3.3,14.0,OPERATIONAL,,,https://maps.google.com/?cid=15807011953701372569&g_mp=Cilnb29nbGUubWFwcy5wbGFjZXMudjEuUGxhY2VzLlNlYXJjaE5lYXJieRACGAQgAA,,Google Places API (New) Nearby Search,2026-09-02T15:22:51+00:00
ChIJxxnigx03Xj4RSldGUBcB664,Golden Lotus Spa - Baniyas Plaza Hotel,ADJACENT,spa,spa,Spa,"spa, point_of_interest, establishment",7JWQ+FPW Baniyas Plaza Hotel Apartments - R FLOOR - Bani Yas - Baniyas East - Abu Dhabi,24.296158,54.6393792,4.4,13.0,OPERATIONAL,+971 56 508 8819,https://www.facebook.com/goldenlotusspabaniyas/,https://maps.google.com/?cid=12604169181769127754&g_mp=Cilnb29nbGUubWFwcy5wbGFjZXMudjEuUGxhY2VzLlNlYXJjaE5lYXJieRACGAQgAA,Monday: 10:00 AM – 3:00 AM | Tuesday: 10:00 AM – 3:00 AM | Wednesday: 10:00 AM – 3:00 AM | Thursday: 10:00 AM – 3:00 AM | Friday: 10:00 AM – 3:00 AM | Saturday: 10:00 AM – 3:00 AM | Sunday: 10:00 AM – 3:00 AM,Google Places API (New) Nearby Search,2026-09-02T15:22:51+00:00
ChIJ8Vao1ORBXj4RdpI_1i68qzU,Bella spa,ADJACENT,spa,massage_spa,Massage spa,"massage_spa, spa, massage, point_of_interest, service, establishment",Masdar City - SE45 05 - Abu Dhabi,24.4296498,54.621063,3.3,12.0,OPERATIONAL,+971 54 593 6190,http://wa.me/971545936190,https://maps.google.com/?cid=3867391614376710774&g_mp=Cilnb29nbGUubWFwcy5wbGFjZXMudjEuUGxhY2VzLlNlYXJjaE5lYXJieRACGAQgAA,Monday: Open 24 hours | Tuesday: Open 24 hours | Wednesday: Open 24 hours | Thursday: Open 24 hours | Friday: Open 24 hours | Saturday: Open 24 hours | Sunday: Open 24 hours,Google Places API (New) Nearby Search,2026-09-02T15:22:51+00:00
ChIJRaP1YAD59D4RmfdcemfO3QI,Dream Spa Massage,ADJACENT,spa,spa,Spa,"spa, point_of_interest, establishment",Fujairah - Al ‘Uwaid - Fujairah,25.1304196,56.354293999999996,3.3,11.0,OPERATIONAL,+971 50 605 9770,,https://maps.google.com/?cid=206548101758777241&g_mp=Cilnb29nbGUubWFwcy5wbGFjZXMudjEuUGxhY2VzLlNlYXJjaE5lYXJieRACGAQgAA,Monday: 10:00 AM – 2:00 AM | Tuesday: 10:00 AM – 2:00 AM | Wednesday: 10:00 AM – 2:00 AM | Thursday: 10:00 AM – 2:00 AM | Friday: 10:00 AM – 2:00 AM | Saturday: 10:00 AM – 3:00 AM | Sunday: 10:00 AM – 3:00 AM,Google Places API (New) Nearby Search,2026-09-02T15:22:51+00:00
ChIJ81LKm5t39j4RV92IOuobFos,La vita spa,ADJACENT,spa,spa,Spa,"spa, massage_spa, massage, point_of_interest, service, establishment",Al Areej St - Al Qussaidat - Ras Al Khaimah,25.761240100000002,55.9597028,4.5,11.0,OPERATIONAL,+971 56 797 2223,,https://maps.google.com/?cid=10022228713577962839&g_mp=Cilnb29nbGUubWFwcy5wbGFjZXMudjEuUGxhY2VzLlNlYXJjaE5lYXJieRACGAQgAA,Monday: 10:00 AM – 3:00 AM | Tuesday: 10:00 AM – 3:00 AM | Wednesday: 10:00 AM – 3:00 AM | Thursday: 10:00 AM – 3:00 AM | Friday: 10:00 AM – 3:00 AM | Saturday: 10:00 AM – 3:00 AM | Sunday: 10:00 AM – 3:00 AM,Google Places API (New) Nearby Search,2026-09-02T15:22:51+00:00
ChIJC6Xy06f59D4RmjUxAkjujDU,Gianna,ADJACENT,spa,massage_spa,Massage spa,"massage_spa, massage, spa, point_of_interest, service, establishment",Hamad Bin Abdulla Rd - opposite fresh supermarket - Fujairah City Center - Fujairah,25.1228511,56.3249382,4.6,9.0,OPERATIONAL,+971 55 852 9573,https://wa.me/971558529573,https://maps.google.com/?cid=3858720973791507866&g_mp=Cilnb29nbGUubWFwcy5wbGFjZXMudjEuUGxhY2VzLlNlYXJjaE5lYXJieRACGAQgAA,Monday: Open 24 hours | Tuesday: Open 24 hours | Wednesday: Open 24 hours | Thursday: Open 24 hours | Friday: Open 24 hours | Saturday: Open 24 hours | Sunday: Open 24 hours,Google Places API (New) Nearby Search,2026-09-02T15:22:51+00:00
ChIJ945rcwBFXj4RkED4A0Sq8Fs,The Massage Taiwan Luxuryy,ADJACENT,spa,spa,Spa,"spa, point_of_interest, establishment",FH6R+HR - Yas Island - YS3 06 - Abu Dhabi,24.4614375,54.5920625,5.0,9.0,OPERATIONAL,,,https://maps.google.com/?cid=6624982260963098768&g_mp=Cilnb29nbGUubWFwcy5wbGFjZXMudjEuUGxhY2VzLlNlYXJjaE5lYXJieRACGAQgAA,,Google Places API (New) Nearby Search,2026-09-02T15:22:51+00:00
ChIJ9bk34nX59D4RBYRXy7npcO4,Massage Center & Spa Fujairah,ADJACENT,spa,spa,Spa,"massage_spa, massage, spa, point_of_interest, service, establishment",Hamad Bin - Safad - Fujairah,25.1222396,56.3428915,4.0,6.0,OPERATIONAL,+971 55 593 4688,https://www.facebook.com/profile.php?id=61550229210802,https://maps.google.com/?cid=17181489562608174085&g_mp=Cilnb29nbGUubWFwcy5wbGFjZXMudjEuUGxhY2VzLlNlYXJjaE5lYXJieRACGAQgAA,Monday: Open 24 hours | Tuesday: Open 24 hours | Wednesday: Open 24 hours | Thursday: Open 24 hours | Friday: Open 24 hours | Saturday: Open 24 hours | Sunday: Open 24 hours,Google Places API (New) Nearby Search,2026-09-02T15:22:51+00:00
ChIJS_3ToSOvij4Rf1Kgjs1h-4I,Reflection Spa & Saloon franz,ADJACENT,spa,massage_spa,Massage spa,"massage_spa, massage, spa, point_of_interest, service, establishment","Appartment 21, floor 3 Asharej Bldg, Bida Bin Ammar، - عشارج - بدع بن عمار - أبو ظبي",24.1986392,55.6630628,4.0,4.0,OPERATIONAL,+971 56 557 1171,,https://maps.google.com/?cid=9438244979574067839&g_mp=Cilnb29nbGUubWFwcy5wbGFjZXMudjEuUGxhY2VzLlNlYXJjaE5lYXJieRACGAQgAA,Monday: 10:00 AM – 9:00 PM | Tuesday: 10:00 AM – 9:00 PM | Wednesday: 10:00 AM – 9:00 PM | Thursday: 10:00 AM – 9:00 PM | Friday: 10:00 AM – 9:00 PM | Saturday: 10:00 AM – 9:00 PM | Sunday: Closed,Google Places API (New) Nearby Search,2026-09-02T15:22:51+00:00
ChIJezaQQwBBXj4R8W4UeHe3dXo,Massage Relax Elite Beauty,ADJACENT,spa,spa,Spa,"spa, point_of_interest, establishment",GJ2F+88R - Yas Island - Al Dar Labour Village - Abu Dhabi,24.5008625,54.623265599999996,5.0,3.0,OPERATIONAL,,,https://maps.google.com/?cid=8824160768645951217&g_mp=Cilnb29nbGUubWFwcy5wbGFjZXMudjEuUGxhY2VzLlNlYXJjaE5lYXJieRACGAQgAA,Monday: Open 24 hours | Tuesday: Open 24 hours | Wednesday: Open 24 hours | Thursday: Open 24 hours | Friday: Open 24 hours | Saturday: Open 24 hours | Sunday: Open 24 hours,Google Places API (New) Nearby Search,2026-09-02T15:22:51+00:00
ChIJJeEfBQBnXj4Rvh_7We3A1uY,Massage Singapore relax royal CX,ADJACENT,spa,spa,Spa,"spa, point_of_interest, establishment",F9GQ+56G - Al Nahyan - E19 02 - Abu Dhabi,24.481398199999997,54.6177849,5.0,3.0,OPERATIONAL,+971 52 647 6486,http://massagesingapore360.com/,https://maps.google.com/?cid=16633694399388917694&g_mp=Cilnb29nbGUubWFwcy5wbGFjZXMudjEuUGxhY2VzLlNlYXJjaE5lYXJieRACGAQgAA,Monday: Open 24 hours | Tuesday: Open 24 hours | Wednesday: Open 24 hours | Thursday: Open 24 hours | Friday: Open 24 hours | Saturday: Open 24 hours | Sunday: Open 24 hours,Google Places API (New) Nearby Search,2026-09-02T15:22:51+00:00
ChIJbdFPcgBPXj4RDYBTLyeUt1s,Massage Taiwan Hugo tina,ADJACENT,spa,spa,Spa,"spa, point_of_interest, establishment",Yas Island - YS1 - Abu Dhabi,24.4822301,54.620226599999995,5.0,3.0,OPERATIONAL,+971 55 794 5628,http://massageae.com/,https://maps.google.com/?cid=6608913874208129037&g_mp=Cilnb29nbGUubWFwcy5wbGFjZXMudjEuUGxhY2VzLlNlYXJjaE5lYXJieRACGAQgAA,Monday: Open 24 hours | Tuesday: Open 24 hours | Wednesday: Open 24 hours | Thursday: Open 24 hours | Friday: Open 24 hours | Saturday: Open 24 hours | Sunday: Open 24 hours,Google Places API (New) Nearby Search,2026-09-02T15:22:51+00:00
ChIJoyHVcaJPXj4RaHmPfCFqk5w,saloon and spa,ADJACENT,spa,spa,Spa,"spa, point_of_interest, establishment",Al Shahama - New Shahamah - Abu Dhabi,24.5245836,54.6834145,3.7,3.0,OPERATIONAL,+971 56 327 5010,,https://maps.google.com/?cid=11282478183549466984&g_mp=Cilnb29nbGUubWFwcy5wbGFjZXMudjEuUGxhY2VzLlNlYXJjaE5lYXJieRACGAQgAA,Monday: 9:00 AM – 11:00 PM | Tuesday: 9:00 AM – 11:00 PM | Wednesday: 9:00 AM – 11:00 PM | Thursday: 9:00 AM – 11:00 PM | Friday: 9:00 AM – 11:00 PM | Saturday: 9:00 AM – 11:00 PM | Sunday: 9:00 AM – 11:00 PM,Google Places API (New) Nearby Search,2026-09-02T15:22:51+00:00
ChIJ-WtpUkI5Xj4RqlQNsMhAF1k,Massage for men in Abudhabi,ADJACENT,spa,massage_spa,Massage spa,"massage_spa, spa, massage, point_of_interest, service, establishment",Building 11 - مدينة محمد بن زايد - محمد بن زايد شرق 12 - أبو ظبي,24.3226856,54.5336961,5.0,2.0,OPERATIONAL,+971 55 361 8681,https://massage-spa-european-all.my.canva.site/a-b-d,https://maps.google.com/?cid=6419671024531231914&g_mp=Cilnb29nbGUubWFwcy5wbGFjZXMudjEuUGxhY2VzLlNlYXJjaE5lYXJieRACGAQgAA,Monday: Open 24 hours | Tuesday: Open 24 hours | Wednesday: Open 24 hours | Thursday: Open 24 hours | Friday: Open 24 hours | Saturday: Open 24 hours | Sunday: Open 24 hours,Google Places API (New) Nearby Search,2026-09-02T15:22:51+00:00
ChIJ1yhEvWRnZz4Rzd6GUbkGyk0,Trianon Luxury spa,ADJACENT,spa,massage_spa,Massage spa,"massage_spa, massage, spa, point_of_interest, service, establishment",12 - Madinat Za'id - MZE8 - Abu Dhabi,23.669928499999997,53.702940999999996,5.0,2.0,OPERATIONAL,+971 52 309 2572,https://wa.me/971523092572,https://maps.google.com/?cid=5605300079222513357&g_mp=Cilnb29nbGUubWFwcy5wbGFjZXMudjEuUGxhY2VzLlNlYXJjaE5lYXJieRACGAQgAA,Monday: Open 24 hours | Tuesday: Open 24 hours | Wednesday: Open 24 hours | Thursday: Open 24 hours | Friday: Open 24 hours | Saturday: Open 24 hours | Sunday: Open 24 hours,Google Places API (New) Nearby Search,2026-09-02T15:22:51+00:00
ChIJF7iW8qlPXj4RnskxdaHpXic,Faction Gents Salon,ADJACENT,spa,spa,Spa,"spa, point_of_interest, establishment",Park - building 118 Badʹ Khalifa St - near Mafraq Road - Al Shahama - New Shahamah - Abu Dhabi,24.532714,54.691396,5.0,1.0,OPERATIONAL,+971 52 372 1026,,https://maps.google.com/?cid=2836961694955194782&g_mp=Cilnb29nbGUubWFwcy5wbGFjZXMudjEuUGxhY2VzLlNlYXJjaE5lYXJieRACGAQgAA,Monday: 11:30 AM – 12:00 PM | Tuesday: 11:30 AM – 12:00 PM | Wednesday: 10:30 AM – 12:00 PM | Thursday: 11:30 AM – 12:00 PM | Friday: 11:30 AM – 12:00 PM | Saturday: 11:30 AM – 5:00 PM | Sunday: 11:00 AM – 12:00 PM,Google Places API (New) Nearby Search,2026-09-02T15:22:51+00:00
ChIJTRn6LBD5e0cRFFDf0XSnj_o,Helen - Home Massage,ADJACENT,spa,spa,Spa,"spa, point_of_interest, establishment",FJWF+94M - Yas Island - YN7 - Abu Dhabi,24.4959159,54.6228054,5.0,1.0,OPERATIONAL,+971 50 861 0596,https://api.whatsapp.com/send?phone=971569628366,https://maps.google.com/?cid=18054833551330725908&g_mp=Cilnb29nbGUubWFwcy5wbGFjZXMudjEuUGxhY2VzLlNlYXJjaE5lYXJieRACGAQgAA,Monday: Open 24 hours | Tuesday: Open 24 hours | Wednesday: Open 24 hours | Thursday: Open 24 hours | Friday: Open 24 hours | Saturday: Open 24 hours | Sunday: Open 24 hours,Google Places API (New) Nearby Search,2026-09-02T15:22:51+00:00
ChIJS-70CX9PXj4RnSOXsNBeSnU,Joyce exclusive vip massage spa,ADJACENT,spa,massage_spa,Massage spa,"massage_spa, spa, massage, service, point_of_interest, establishment",GMGG+26F - At Taghroudah St - Al Shahama - New Shahamah - Abu Dhabi,24.525036,54.67558950000001,5.0,1.0,OPERATIONAL,+971 52 382 7910,,https://maps.google.com/?cid=8451671901123060637&g_mp=Cilnb29nbGUubWFwcy5wbGFjZXMudjEuUGxhY2VzLlNlYXJjaE5lYXJieRACGAQgAA,Monday: Open 24 hours | Tuesday: Open 24 hours | Wednesday: Open 24 hours | Thursday: Open 24 hours | Friday: Open 24 hours | Saturday: Open 24 hours | Sunday: Open 24 hours,Google Places API (New) Nearby Search,2026-09-02T15:22:51+00:00
ChIJOWstIIc5Xj4RsZnNuhAC5VU,Massage Taiwan SVIP Relax Mia,ADJACENT,spa,spa,Spa,"spa, point_of_interest, establishment",FHQX+PH6 - Yas Island - YS4 - Abu Dhabi,24.4892875,54.5988906,5.0,1.0,OPERATIONAL,,,https://maps.google.com/?cid=6189355533767383473&g_mp=Cilnb29nbGUubWFwcy5wbGFjZXMudjEuUGxhY2VzLlNlYXJjaE5lYXJieRACGAQgAA,Monday: Open 24 hours | Tuesday: Open 24 hours | Wednesday: Open 24 hours | Thursday: Open 24 hours | Friday: Open 24 hours | Saturday: Open 24 hours | Sunday: Open 24 hours,Google Places API (New) Nearby Search,2026-09-02T15:22:51+00:00
ChIJdYcPIiA3Xj4R_ESwePZVZtI,Prestige Palace Massage Spa,ADJACENT,spa,massage_spa,Massage spa,"massage_spa, massage, spa, point_of_interest, service, establishment",30 - 34 Ash Sharat St - Bani Yas - Baniyas East - Abu Dhabi,24.2960258,54.6391248,5.0,1.0,OPERATIONAL,+971 55 905 3604,,https://maps.google.com/?cid=15160899712664487164&g_mp=Cilnb29nbGUubWFwcy5wbGFjZXMudjEuUGxhY2VzLlNlYXJjaE5lYXJieRACGAQgAA,Monday: Open 24 hours | Tuesday: Open 24 hours | Wednesday: Open 24 hours | Thursday: Open 24 hours | Friday: Open 24 hours | Saturday: Open 24 hours | Sunday: Open 24 hours,Google Places API (New) Nearby Search,2026-09-02T15:22:51+00:00
ChIJxaeFdgA3Xj4RZzOvlvGfAds,Spa Baniyas Home Service,ADJACENT,spa,spa,Spa,"spa, point_of_interest, establishment",90 شارع بَدْع فِرَيْح - Bani Yas - EB2 04 - Abu Dhabi,24.3081291,54.639277799999995,5.0,1.0,OPERATIONAL,+971 56 865 5342,,https://maps.google.com/?cid=15781070429246927719&g_mp=Cilnb29nbGUubWFwcy5wbGFjZXMudjEuUGxhY2VzLlNlYXJjaE5lYXJieRACGAQgAA,Monday: 11:00 PM – 3:30 AM | Tuesday: Closed | Wednesday: Closed | Thursday: 11:00 PM – 3:30 AM | Friday: Closed | Saturday: 11:00 PM – 3:30 AM | Sunday: 11:00 PM – 3:30 AM,Google Places API (New) Nearby Search,2026-09-02T15:22:51+00:00
ChIJmTtcTABnZz4Rj481GdWv2PI,Unique Spa,ADJACENT,spa,spa,Spa,"spa, point_of_interest, establishment",6 ʹArqoub Adh Dhabi St - Madinat Za'id - MZE8 - Abu Dhabi,23.668003,53.702650999999996,4.0,1.0,OPERATIONAL,,,https://maps.google.com/?cid=17498929681933897615&g_mp=Cilnb29nbGUubWFwcy5wbGFjZXMudjEuUGxhY2VzLlNlYXJjaE5lYXJieRACGAQgAA,,Google Places API (New) Nearby Search,2026-09-02T15:22:51+00:00
ChIJzcPxGclFXj4RgilnBM_Dex0,Dolly massage spa,ADJACENT,spa,massage_spa,Massage spa,"massage_spa, massage, spa, point_of_interest, service, establishment",Yas Island - YS1 - Abu Dhabi,24.481569,54.619762599999994,,,OPERATIONAL,+971 52 506 7159,,https://maps.google.com/?cid=2124506943134837122&g_mp=Cilnb29nbGUubWFwcy5wbGFjZXMudjEuUGxhY2VzLlNlYXJjaE5lYXJieRACGAQgAA,Monday: Open 24 hours | Tuesday: Open 24 hours | Wednesday: Open 24 hours | Thursday: Open 24 hours | Friday: Open 24 hours | Saturday: Open 24 hours | Sunday: Open 24 hours,Google Places API (New) Nearby Search,2026-09-02T15:22:51+00:00
ChIJceRKVNxnZz4RXiuH3Tnnv6Q,Hana massage spa,ADJACENT,spa,spa,Spa,"spa, point_of_interest, establishment",Madinat Zayed - MZE9 - Abu Dhabi,23.6708694,53.709137600000005,,,OPERATIONAL,+1 680-301-8103,http://wa.me/971588975310,https://maps.google.com/?cid=11871461378487692126&g_mp=Cilnb29nbGUubWFwcy5wbGFjZXMudjEuUGxhY2VzLlNlYXJjaE5lYXJieRACGAQgAA,Monday: Open 24 hours | Tuesday: Open 24 hours | Wednesday: Open 24 hours | Thursday: Open 24 hours | Friday: Open 24 hours | Saturday: Open 24 hours | Sunday: Open 24 hours,Google Places API (New) Nearby Search,2026-09-02T15:22:51+00:00
ChIJvTrBHgA1Xj4ReO_eneusAaw,Home Massage Sense Luxurion,ADJACENT,spa,spa,Spa,"spa, point_of_interest, establishment",FHPX+38G - Yas Island - Ansam project - Abu Dhabi,24.4851875,54.598328099999996,,,OPERATIONAL,+971 52 143 5828,,https://maps.google.com/?cid=12394377777466240888&g_mp=Cilnb29nbGUubWFwcy5wbGFjZXMudjEuUGxhY2VzLlNlYXJjaE5lYXJieRACGAQgAA,Monday: Open 24 hours | Tuesday: Open 24 hours | Wednesday: Open 24 hours | Thursday: Open 24 hours | Friday: Open 24 hours | Saturday: Open 24 hours | Sunday: Open 24 hours,Google Places API (New) Nearby Search,2026-09-02T15:22:51+00:00
ChIJzQADgQ-zij4R4zEDCBluHu8,Kristal beauty salon,ADJACENT,spa,massage_spa,Massage spa,"massage_spa, massage, spa, point_of_interest, service, establishment",Al Ain - Al Khibeesi - Al Meryal - Abu Dhabi,24.2382931,55.697466899999995,,,OPERATIONAL,+234 814 460 1122,,https://maps.google.com/?cid=17230330278153761251&g_mp=Cilnb29nbGUubWFwcy5wbGFjZXMudjEuUGxhY2VzLlNlYXJjaE5lYXJieRACGAQgAA,Monday: Open 24 hours | Tuesday: Open 24 hours | Wednesday: Open 24 hours | Thursday: Open 24 hours | Friday: Open 24 hours | Saturday: Open 24 hours | Sunday: Open 24 hours,Google Places API (New) Nearby Search,2026-09-02T15:22:51+00:00
ChIJSxjx45NLXj4RUBGt4U3BzPY,Lucky massage spa,ADJACENT,spa,massage_spa,Massage spa,"massage_spa, massage, spa, point_of_interest, service, establishment",Wishahah St - Al Falah - 1D - Abu Dhabi,24.4451087,54.7401376,,,OPERATIONAL,+971 52 481 5606,https://wa.me/+971524815606,https://maps.google.com/?cid=17783801568822104400&g_mp=Cilnb29nbGUubWFwcy5wbGFjZXMudjEuUGxhY2VzLlNlYXJjaE5lYXJieRACGAQgAA,Monday: Open 24 hours | Tuesday: Open 24 hours | Wednesday: Open 24 hours | Thursday: Open 24 hours | Friday: Open 24 hours | Saturday: Open 24 hours | Sunday: Open 24 hours,Google Places API (New) Nearby Search,2026-09-02T15:22:51+00:00
ChIJY0VC2YY3Xj4R6IxzHw9HKIo,Mari massage spa,ADJACENT,spa,spa,Spa,"spa, point_of_interest, establishment",Inad St - Shakhbout City - MSH44 - Abu Dhabi,24.330476299999997,54.6229861,,,OPERATIONAL,+971 58 875 0635,https://wa.me/971558204104,https://maps.google.com/?cid=9955285106580229352&g_mp=Cilnb29nbGUubWFwcy5wbGFjZXMudjEuUGxhY2VzLlNlYXJjaE5lYXJieRACGAQgAA,Monday: Open 24 hours | Tuesday: Open 24 hours | Wednesday: Open 24 hours | Thursday: Open 24 hours | Friday: Open 24 hours | Saturday: Open 24 hours | Sunday: Open 24 hours,Google Places API (New) Nearby Search,2026-09-02T15:22:51+00:00
ChIJ2TsjEQBFXj4Rb-4efjHOfG4,Massage At Home South Thun Holidays,ADJACENT,spa,spa,Spa,"spa, point_of_interest, establishment",FHQW+MV - Yas Island - YS4 - Abu Dhabi,24.4892377,54.5971658,,,OPERATIONAL,,,https://maps.google.com/?cid=7961464953248869999&g_mp=Cilnb29nbGUubWFwcy5wbGFjZXMudjEuUGxhY2VzLlNlYXJjaE5lYXJieRACGAQgAA,Monday: Open 24 hours | Tuesday: Open 24 hours | Wednesday: Open 24 hours | Thursday: Open 24 hours | Friday: Open 24 hours | Saturday: Open 24 hours | Sunday: Open 24 hours,Google Places API (New) Nearby Search,2026-09-02T15:22:51+00:00
ChIJeeAdRABFXj4Rzvb-S7eVHy8,Massage Haven of Rest Enjoy,ADJACENT,spa,spa,Spa,"spa, point_of_interest, establishment",FHPX+PPR - Yas Island - YS4 - Abu Dhabi,24.486862499999997,54.599265599999995,,,OPERATIONAL,,,https://maps.google.com/?cid=3395597258547197646&g_mp=Cilnb29nbGUubWFwcy5wbGFjZXMudjEuUGxhY2VzLlNlYXJjaE5lYXJieRACGAQgAA,Monday: Open 24 hours | Tuesday: Open 24 hours | Wednesday: Open 24 hours | Thursday: Open 24 hours | Friday: Open 24 hours | Saturday: Open 24 hours | Sunday: Open 24 hours,Google Places API (New) Nearby Search,2026-09-02T15:22:51+00:00
ChIJFcYkWQBFXj4RETEuxejhGuk,Massage Hinther good service,ADJACENT,spa,spa,Spa,"spa, point_of_interest, establishment",Yas Bay - Yas Island - YS2 - Abu Dhabi,24.4595997,54.601152199999994,,,OPERATIONAL,,,https://maps.google.com/?cid=16796986150088487185&g_mp=Cilnb29nbGUubWFwcy5wbGFjZXMudjEuUGxhY2VzLlNlYXJjaE5lYXJieRACGAQgAA,Monday: Open 24 hours | Tuesday: Open 24 hours | Wednesday: Open 24 hours | Thursday: Open 24 hours | Friday: Open 24 hours | Saturday: Open 24 hours | Sunday: Open 24 hours,Google Places API (New) Nearby Search,2026-09-02T15:22:51+00:00
ChIJcyujQQVFXj4RLUiC5VInFO8,Massage PvD European Relaxing SUS,ADJACENT,spa,spa,Spa,"spa, point_of_interest, establishment",FHMX+PC7 - Yas Island - Ansam project - Abu Dhabi,24.484312499999998,54.59856250000001,,,OPERATIONAL,+84 376 982 653,,https://maps.google.com/?cid=17227437711590311981&g_mp=Cilnb29nbGUubWFwcy5wbGFjZXMudjEuUGxhY2VzLlNlYXJjaE5lYXJieRACGAQgAA,Monday: Open 24 hours | Tuesday: Open 24 hours | Wednesday: Open 24 hours | Thursday: Open 24 hours | Friday: Open 24 hours | Saturday: Open 24 hours | Sunday: Open 24 hours,Google Places API (New) Nearby Search,2026-09-02T15:22:51+00:00
ChIJt0-oE3ZDXj4RR1OqoJZWcA8,Massage Relax Abu Dhabi Spa,ADJACENT,spa,spa,Spa,"spa, point_of_interest, establishment",FJMC+349 - Yas Island - YS1 - Abu Dhabi,24.4826625,54.6203594,,,OPERATIONAL,,,https://maps.google.com/?cid=1112484312901112647&g_mp=Cilnb29nbGUubWFwcy5wbGFjZXMudjEuUGxhY2VzLlNlYXJjaE5lYXJieRACGAQgAA,Monday: Open 24 hours | Tuesday: Open 24 hours | Wednesday: Open 24 hours | Thursday: Open 24 hours | Friday: Open 24 hours | Saturday: Open 24 hours | Sunday: Open 24 hours,Google Places API (New) Nearby Search,2026-09-02T15:22:51+00:00
ChIJqcJ2AyFpXj4RChpVopwphFs,Massage Vip,ADJACENT,spa,spa,Spa,"spa, point_of_interest, establishment",FJM9+2H7 - Yas Island - YS1 - Abu Dhabi,24.4825375,54.6189219,,,OPERATIONAL,+971 55 724 2992,,https://maps.google.com/?cid=6594441507092371978&g_mp=Cilnb29nbGUubWFwcy5wbGFjZXMudjEuUGxhY2VzLlNlYXJjaE5lYXJieRACGAQgAA,Monday: Open 24 hours | Tuesday: Open 24 hours | Wednesday: Open 24 hours | Thursday: Open 24 hours | Friday: Open 24 hours | Saturday: Open 24 hours | Sunday: Open 24 hours,Google Places API (New) Nearby Search,2026-09-02T15:22:51+00:00
ChIJH24wKv1RXj4RvSYUszn_Y_A,Sonic Spa,ADJACENT,spa,massage_spa,Massage spa,"massage_spa, massage, spa, point_of_interest, service, establishment",Shk. Maktoum Bin Rashid Rd - Shakhbout City - Al Mafraq - Abu Dhabi,24.3300423,54.6231935,,,OPERATIONAL,+971 58 802 7866,,https://maps.google.com/?cid=17321969215079720637&g_mp=Cilnb29nbGUubWFwcy5wbGFjZXMudjEuUGxhY2VzLlNlYXJjaE5lYXJieRACGAQgAA,Monday: Open 24 hours | Tuesday: Open 24 hours | Wednesday: Open 24 hours | Thursday: Open 24 hours | Friday: Open 24 hours | Saturday: Open 24 hours | Sunday: Open 24 hours,Google Places API (New) Nearby Search,2026-09-02T15:22:51+00:00
ChIJUfLkSQA3Xj4RrgHZJwapQf4,The Massage Relax Body Renewal,ADJACENT,spa,spa,Spa,"spa, point_of_interest, establishment",9J46+R2P - 4 Al Barwah St - Zayed City - MZ2 - Abu Dhabi,24.357996999999997,54.610246,,,OPERATIONAL,,,https://maps.google.com/?cid=18321110603023319470&g_mp=Cilnb29nbGUubWFwcy5wbGFjZXMudjEuUGxhY2VzLlNlYXJjaE5lYXJieRACGAQgAA,Monday: Open 24 hours | Tuesday: Open 24 hours | Wednesday: Open 24 hours | Thursday: Open 24 hours | Friday: Open 24 hours | Saturday: Open 24 hours | Sunday: Open 24 hours,Google Places API (New) Nearby Search,2026-09-02T15:22:51+00:00
ChIJr4V2Aik3Xj4RIFoc6EUP4bk,Tripping spa,ADJACENT,spa,massage_spa,Massage spa,"massage_spa, massage, spa, point_of_interest, service, establishment",E 11 Road Sheikh Maktoum Road - Shakhbout City - MSH44 - Abu Dhabi,24.331466799999998,54.62344900000001,,,OPERATIONAL,+971 55 625 9927,https://wa.me/+971556259927,https://maps.google.com/?cid=13394003559697898016&g_mp=Cilnb29nbGUubWFwcy5wbGFjZXMudjEuUGxhY2VzLlNlYXJjaE5lYXJieRACGAQgAA,Monday: Open 24 hours | Tuesday: Open 24 hours | Wednesday: Open 24 hours | Thursday: Open 24 hours | Friday: Open 24 hours | Saturday: Open 24 hours | Sunday: Open 24 hours,Google Places API (New) Nearby Search,2026-09-02T15:22:51+00:00
ChIJbcYQ9zBPXj4Rj2jqhkS8_V8,Zenora massage spa,ADJACENT,spa,massage_spa,Massage spa,"massage_spa, spa, massage, service, point_of_interest, establishment",Al Sadirat St - Al Shahama - New Shahamah - Abu Dhabi,24.5251472,54.6756791,,,OPERATIONAL,+971 52 157 3851,https://wa.me/+971521573851,https://maps.google.com/?cid=6916891605218257039&g_mp=Cilnb29nbGUubWFwcy5wbGFjZXMudjEuUGxhY2VzLlNlYXJjaE5lYXJieRACGAQgAA,Monday: Open 24 hours | Tuesday: Open 24 hours | Wednesday: Open 24 hours | Thursday: Open 24 hours | Friday: Open 24 hours | Saturday: Open 24 hours | Sunday: Open 24 hours,Google Places API (New) Nearby Search,2026-09-02T15:22:51+00:00
ChIJSczn7OhDXz4Rx15psO4LBMc,Ivy Beauty & Bubbles Sheraton Grand Dubai,DIRECT,beauty_salon,beauty_salon,Beauty salon,"beauty_salon, point_of_interest, service, establishment",3 Sheikh Zayed Rd - Trade Center First - Dubai,25.2294453,55.286609399999996,4.7,4476.0,OPERATIONAL,+971 52 743 4416,,https://maps.google.com/?cid=14340600233244319431&g_mp=Cilnb29nbGUubWFwcy5wbGFjZXMudjEuUGxhY2VzLlNlYXJjaE5lYXJieRACGAQgAA,Monday: 9:00 AM – 12:00 AM | Tuesday: 9:00 AM – 12:00 AM | Wednesday: 9:00 AM – 12:00 AM | Thursday: 9:00 AM – 12:00 AM | Friday: 9:00 AM – 12:00 AM | Saturday: 9:00 AM – 12:00 AM | Sunday: 9:00 AM – 12:00 AM,Google Places API (New) Nearby Search,2026-09-02T15:22:51+00:00
ChIJj7jMk9dpXz4RpgWmZysF8Mk,Adelya Beauty Salon,DIRECT,beauty_salon,beauty_salon,Beauty salon,"beauty_salon, point_of_interest, service, establishment",Marasi Dr - Business Bay - Dubai,25.184907199999998,55.260340199999995,4.4,3933.0,OPERATIONAL,+971 52 669 1504,https://taplink.cc/theadelya.beauty,https://maps.google.com/?cid=14551136080014738854&g_mp=Cilnb29nbGUubWFwcy5wbGFjZXMudjEuUGxhY2VzLlNlYXJjaE5lYXJieRACGAQgAA,Monday: 11:00 AM – 11:00 PM | Tuesday: 11:00 AM – 11:00 PM | Wednesday: 11:00 AM – 11:00 PM | Thursday: 11:00 AM – 11:00 PM | Friday: 11:00 AM – 11:00 PM | Saturday: 11:00 AM – 11:00 PM | Sunday: 11:00 AM – 11:00 PM,Google Places API (New) Nearby Search,2026-09-02T15:22:51+00:00
ChIJ9T8C6XNrXz4RDO9vYzP1lF8,BellaViso Medical Center,DIRECT,beauty_salon,medical_center,Medical Center,"medical_center, dental_clinic, skin_care_clinic, beauty_salon, hospital, hair_care, dentist, medical_clinic, doctor, service, health, point_of_interest, establishment","Same building Filli cafe, Deyaar Head Office Building - Office No. 305 - Al Barsha First - Al Barsha - Dubai",25.116915199999998,55.1967566,4.8,3907.0,OPERATIONAL,+971 50 427 8083,https://bellavisomedicalcenter.ae/,https://maps.google.com/?cid=6887399331216748300&g_mp=Cilnb29nbGUubWFwcy5wbGFjZXMudjEuUGxhY2VzLlNlYXJjaE5lYXJieRACGAQgAA,Monday: 9:00 AM – 10:00 PM | Tuesday: 9:00 AM – 8:00 PM | Wednesday: Closed | Thursday: 9:00 AM – 10:00 PM | Friday: 9:00 AM – 10:00 PM | Saturday: 9:00 AM – 10:00 PM | Sunday: 9:00 AM – 10:00 PM,Google Places API (New) Nearby Search,2026-09-02T15:22:51+00:00
ChIJGRgwhtVnXj4R82xVmTlqjh0,GG Clinics,DIRECT,beauty_salon,medical_clinic,Medical clinic,"hair_care, medical_center, dental_clinic, dentist, beauty_salon, doctor, hospital, medical_clinic, health, point_of_interest, service, establishment",Villa No 63 - Hameem Street - opposite Al Nahyan Camp - Al Nahyan - E19 02 - Abu Dhabi,24.468783199999997,54.383472299999994,4.6,3202.0,OPERATIONAL,+971 2 445 5511,https://www.ggderma.ae/,https://maps.google.com/?cid=2129756469411015923&g_mp=Cilnb29nbGUubWFwcy5wbGFjZXMudjEuUGxhY2VzLlNlYXJjaE5lYXJieRACGAQgAA,Monday: 8:00 AM – 12:00 AM | Tuesday: 8:00 AM – 12:00 AM | Wednesday: 8:00 AM – 12:00 AM | Thursday: 8:00 AM – 12:00 AM | Friday: 8:00 AM – 12:00 AM | Saturday: 8:00 AM – 12:00 AM | Sunday: 8:00 AM – 12:00 AM,Google Places API (New) Nearby Search,2026-09-02T15:22:51+00:00
ChIJ0-w-wVxrXz4RYc37MlYKCbE,Its Beauty Ladies Salon – Internet City,DIRECT,"hair_salon, nail_salon",beauty_salon,Beauty salon,"beauty_salon, nail_salon, hair_salon, hair_care, spa, point_of_interest, service, establishment",The One Tower - floor 10 - office 1003 Sheikh Zayed Rd - Al Thanyah First - Barsha Heights - Dubai,25.1016403,55.1737684,4.8,2833.0,OPERATIONAL,+971 4 571 4455,https://itsbeauty.ae/branches/internet-city/?utm_source=google_maps&utm_medium=organic_local&utm_campaign=internet_city&utm_content=dubai_website,https://maps.google.com/?cid=12756738784842468705&g_mp=Cilnb29nbGUubWFwcy5wbGFjZXMudjEuUGxhY2VzLlNlYXJjaE5lYXJieRACGAQgAA,Monday: 10:00 AM – 10:00 PM | Tuesday: 10:00 AM – 10:00 PM | Wednesday: 10:00 AM – 10:00 PM | Thursday: 10:00 AM – 10:00 PM | Friday: 10:00 AM – 10:00 PM | Saturday: 10:00 AM – 10:00 PM | Sunday: 10:00 AM – 10:00 PM,Google Places API (New) Nearby Search,2026-09-02T15:22:51+00:00
ChIJIfaNTpJpXz4Rf2hAPr4ITJY,Its Beauty Ladies Salon – Business Bay,DIRECT,"beauty_salon, hair_salon, nail_salon",beauty_salon,Beauty salon,"beauty_salon, nail_salon, hair_salon, hair_care, spa, point_of_interest, service, establishment","Business Bay, Iris Bay 1405 - الخليج التجاري - دبي",25.185901899999998,55.2602652,4.9,2649.0,OPERATIONAL,+971 4 571 4444,https://itsbeauty.ae/branches/business-bay/?utm_source=google_maps&utm_medium=organic_local&utm_campaign=business_bay&utm_content=dubai_website,https://maps.google.com/?cid=10830040817100417151&g_mp=Cilnb29nbGUubWFwcy5wbGFjZXMudjEuUGxhY2VzLlNlYXJjaE5lYXJieRACGAQgAA,Monday: 10:00 AM – 10:00 PM | Tuesday: 10:00 AM – 10:00 PM | Wednesday: 10:00 AM – 10:00 PM | Thursday: 10:00 AM – 10:00 PM | Friday: 10:00 AM – 10:00 PM | Saturday: 10:00 AM – 10:00 PM | Sunday: 10:00 AM – 10:00 PM,Google Places API (New) Nearby Search,2026-09-02T15:22:51+00:00
ChIJZzQyyVFqXz4RIHidgDF01FA,BROWZ,DIRECT,beauty_salon,beauty_salon,Beauty salon,"beauty_salon, medical_clinic, service, health, point_of_interest, establishment",Al Wasl Rd - opposite ENOC Petrol Station - Umm Suqeim Third - Umm Suqeim 3 - Dubai,25.1331745,55.19857880000001,4.8,2554.0,OPERATIONAL,+971 600 564668,http://browz.ae/,https://maps.google.com/?cid=5824407974056917024&g_mp=Cilnb29nbGUubWFwcy5wbGFjZXMudjEuUGxhY2VzLlNlYXJjaE5lYXJieRACGAQgAA,Monday: 8:00 AM – 10:00 PM | Tuesday: 8:00 AM – 10:00 PM | Wednesday: 8:00 AM – 10:00 PM | Thursday: 8:00 AM – 10:00 PM | Friday: 8:00 AM – 10:00 PM | Saturday: 8:00 AM – 10:00 PM | Sunday: 8:00 AM – 10:00 PM,Google Places API (New) Nearby Search,2026-09-02T15:22:51+00:00
ChIJk7BNq4JpXz4R32UzidiqOF8,Ivy Beauty & Bubbles Hub Marquise Square,DIRECT,beauty_salon,beauty_salon,Beauty salon,"beauty_salon, point_of_interest, service, establishment","Street, Marquise Square Tower - 55 Marasi Dr - Business Bay - Dubai",25.185174099999998,55.275796299999996,4.9,2334.0,OPERATIONAL,+971 52 743 4416,https://ivydubai.com/,https://maps.google.com/?cid=6861421879290455519&g_mp=Cilnb29nbGUubWFwcy5wbGFjZXMudjEuUGxhY2VzLlNlYXJjaE5lYXJieRACGAQgAA,Monday: 9:00 AM – 12:00 AM | Tuesday: 9:00 AM – 12:00 AM | Wednesday: 9:00 AM – 12:00 AM | Thursday: 9:00 AM – 12:00 AM | Friday: 9:00 AM – 12:00 AM | Saturday: 9:00 AM – 12:00 AM | Sunday: 9:00 AM – 12:00 AM,Google Places API (New) Nearby Search,2026-09-02T15:22:51+00:00
ChIJVUUMKHhrXz4RZO1u8Ah_C3U,"Ramee Rose Hotel, Dubai",DIRECT,"beauty_salon, spa",hotel,Hotel,"hotel, sauna, beauty_salon, spa, public_bath, lodging, south_indian_restaurant, indian_restaurant, gym, sports_activity_location, association_or_organization, bar, service, health, restaurant, food, point_of_interest, establishment","Al Barsha South, Opp Media Rotana, Barsha Heights - Al Thanyah First - Barsha Heights - Dubai",25.0981234,55.1795907,3.7,2287.0,OPERATIONAL,+971 4 450 0111,https://www.rameehotels.com/ramee-rose-hotel-dubai/,https://maps.google.com/?cid=8433974403551653220&g_mp=Cilnb29nbGUubWFwcy5wbGFjZXMudjEuUGxhY2VzLlNlYXJjaE5lYXJieRACGAQgAA,,Google Places API (New) Nearby Search,2026-09-02T15:22:51+00:00
ChIJ_1hWkeezij4R6Gb2Xj-ip2A,Novomed - Al Ain,DIRECT,beauty_salon,medical_center,Medical Center,"medical_center, beauty_salon, hospital, hair_care, body_art_service, medical_clinic, doctor, service, health, point_of_interest, establishment","Building 47, Towayya al ragayeb Mohammed Ibn Zayed Al Awwal Street - Al Ain - Dubai Rd - Al Tiwayya - Al Ragayeb - Abu Dhabi",24.2513535,55.69359,4.8,2284.0,OPERATIONAL,+971 800 6686,http://www.novomed.com/,https://maps.google.com/?cid=6964713741811607272&g_mp=Cilnb29nbGUubWFwcy5wbGFjZXMudjEuUGxhY2VzLlNlYXJjaE5lYXJieRACGAQgAA,Monday: 9:00 AM – 8:00 PM | Tuesday: 9:00 AM – 8:00 PM | Wednesday: 9:00 AM – 8:00 PM | Thursday: 9:00 AM – 8:00 PM | Friday: Closed | Saturday: 10:00 AM – 6:00 PM | Sunday: 9:00 AM – 9:00 PM,Google Places API (New) Nearby Search,2026-09-02T15:22:51+00:00
ChIJkf___KpsXz4RzEhG5B_vU3Y,Novomed - Dubai Marina,DIRECT,beauty_salon,hospital,Hospital,"hospital, skin_care_clinic, wellness_center, hair_care, medical_center, beauty_salon, doctor, medical_clinic, health, point_of_interest, service, establishment","3004, 30th Floor - Marina Plaza - Al Marsa St - دبي مارينا - دبي",25.0752317,55.140389799999994,4.7,2233.0,OPERATIONAL,+971 800 6686,https://www.novomed.com/,https://maps.google.com/?cid=8526421439795316940&g_mp=Cilnb29nbGUubWFwcy5wbGFjZXMudjEuUGxhY2VzLlNlYXJjaE5lYXJieRACGAQgAA,Monday: 8:00 AM – 7:00 PM | Tuesday: 8:00 AM – 7:00 PM | Wednesday: 8:00 AM – 7:00 PM | Thursday: 8:00 AM – 7:00 PM | Friday: 8:00 AM – 7:00 PM | Saturday: 8:00 AM – 7:00 PM | Sunday: 10:00 AM – 6:00 PM,Google Places API (New) Nearby Search,2026-09-02T15:22:51+00:00
ChIJgy_72bZhXz4R2Ai3UayDt7c,Tru Beauty Lounge - Park Centre Mirdif,DIRECT,beauty_salon,beauty_salon,Beauty salon,"beauty_salon, point_of_interest, service, establishment",Park Centre - Mirdif - Dubai,25.217784599999998,55.418608199999994,4.9,2227.0,OPERATIONAL,+971 4 271 7011,http://trubeauty.ae/,https://maps.google.com/?cid=13238194405807425752&g_mp=Cilnb29nbGUubWFwcy5wbGFjZXMudjEuUGxhY2VzLlNlYXJjaE5lYXJieRACGAQgAA,Monday: 10:00 AM – 10:00 PM | Tuesday: 10:00 AM – 10:00 PM | Wednesday: 10:00 AM – 10:00 PM | Thursday: 10:00 AM – 10:00 PM | Friday: 10:00 AM – 10:00 PM | Saturday: 10:00 AM – 10:00 PM | Sunday: 10:00 AM – 10:00 PM,Google Places API (New) Nearby Search,2026-09-02T15:22:51+00:00
ChIJn4Z0--9tXz4R3M7UlqV0NIw,Glow And Go Gents Salon,DIRECT,hair_salon,hair_salon,Hair salon,"hair_salon, hair_care, point_of_interest, service, establishment",Metro Station - Dubai Investment Park - Green Community East - Dubai,25.0049989,55.1558522,4.7,2207.0,OPERATIONAL,+971 50 401 7414,,https://maps.google.com/?cid=10102828118647819996&g_mp=Cilnb29nbGUubWFwcy5wbGFjZXMudjEuUGxhY2VzLlNlYXJjaE5lYXJieRACGAQgAA,Monday: 10:00 AM – 10:00 PM | Tuesday: 10:00 AM – 10:00 PM | Wednesday: 10:00 AM – 10:00 PM | Thursday: 10:00 AM – 10:00 PM | Friday: 10:00 AM – 10:00 PM | Saturday: 10:00 AM – 10:00 PM | Sunday: 9:00 AM – 10:00 PM,Google Places API (New) Nearby Search,2026-09-02T15:22:51+00:00
ChIJj9Mr4JBDXz4Rv6KTbCsoszY,"Elata Beauty Salon - Jumeirah 3, Dubai",DIRECT,"beauty_salon, hair_salon, nail_salon, spa",beauty_salon,Beauty salon,"beauty_salon, skin_care_clinic, nail_salon, makeup_artist, massage_spa, hair_salon, hair_care, massage, spa, medical_clinic, health, point_of_interest, service, establishment",Sunset Mall Ground Floor - G18 - Jumeirah Beach Rd - Jumeira Third - Jumeirah 3 - Dubai,25.1842966,55.2260515,4.8,2182.0,OPERATIONAL,+971 4 380 6950,https://www.elata.ae/,https://maps.google.com/?cid=3941538265849635519&g_mp=Cilnb29nbGUubWFwcy5wbGFjZXMudjEuUGxhY2VzLlNlYXJjaE5lYXJieRACGAQgAA,Monday: 10:00 AM – 12:00 AM | Tuesday: 10:00 AM – 12:00 AM | Wednesday: 10:00 AM – 12:00 AM | Thursday: 10:00 AM – 12:00 AM | Friday: 10:00 AM – 1:00 AM | Saturday: 10:00 AM – 1:00 AM | Sunday: 10:00 AM – 1:00 AM,Google Places API (New) Nearby Search,2026-09-02T15:22:51+00:00
ChIJa0BZuI5CXz4RXLJJBaBxTKY,Beauty Connection Spa LLC,DIRECT,"beauty_salon, hair_salon, nail_salon, spa",spa,Spa,"spa, nail_salon, hair_salon, beauty_salon, hair_care, service, point_of_interest, establishment",Above AjmanBank - Eiffel 2 Building - 2nd floor Sheikh Zayed Rd - Umm Al Sheif - Dubai,25.1296543,55.2096776,4.4,2172.0,OPERATIONAL,+971 4 321 3553,https://beautyconnectionspa.com/,https://maps.google.com/?cid=11983077640623469148&g_mp=Cilnb29nbGUubWFwcy5wbGFjZXMudjEuUGxhY2VzLlNlYXJjaE5lYXJieRACGAQgAA,Monday: 10:30 AM – 9:00 PM | Tuesday: 10:30 AM – 9:00 PM | Wednesday: 10:30 AM – 9:00 PM | Thursday: 10:30 AM – 9:00 PM | Friday: 10:30 AM – 9:00 PM | Saturday: 10:30 AM – 9:00 PM | Sunday: 10:30 AM – 9:00 PM,Google Places API (New) Nearby Search,2026-09-02T15:22:51+00:00
ChIJVYHnt8ZpXz4Ry6O9cWEiyZk,SEVEN Dubai,DIRECT,"beauty_salon, spa",wellness_center,Wellness center,"wellness_center, beauty_salon, spa, sports_school, sports_complex, gym, sports_activity_location, store, service, health, restaurant, food, point_of_interest, establishment",exit 43 - Al Manara St - Al Qouz Ind.first - Al Quoz - Dubai,25.1474539,55.2281218,4.7,2031.0,OPERATIONAL,+971 4 232 3737,https://seven.club/,https://maps.google.com/?cid=11081426160037241803&g_mp=Cilnb29nbGUubWFwcy5wbGFjZXMudjEuUGxhY2VzLlNlYXJjaE5lYXJieRACGAQgAA,Monday: 5:00 AM – 11:00 PM | Tuesday: 5:00 AM – 11:00 PM | Wednesday: 5:00 AM – 11:00 PM | Thursday: 5:00 AM – 11:00 PM | Friday: 5:00 AM – 11:00 PM | Saturday: 7:00 AM – 8:00 PM | Sunday: 7:00 AM – 8:00 PM,Google Places API (New) Nearby Search,2026-09-02T15:22:51+00:00
ChIJI1MU0phHXj4R9Cwmi8huUZY,hair and nail beauty salon,DIRECT,beauty_salon,beauty_salon,Beauty salon,"beauty_salon, point_of_interest, service, establishment",CHF6+HRF - A - Khalifa City - Sector 32 - Abu Dhabi,24.423937499999997,54.562062499999996,4.7,2010.0,OPERATIONAL,+971 50 797 5400,https://rekaz.io/hair-and-nail,https://maps.google.com/?cid=10831560386409802996&g_mp=Cilnb29nbGUubWFwcy5wbGFjZXMudjEuUGxhY2VzLlNlYXJjaE5lYXJieRACGAQgAA,Monday: 10:00 AM – 10:00 PM | Tuesday: 10:00 AM – 10:00 PM | Wednesday: 10:00 AM – 10:00 PM | Thursday: 10:00 AM – 10:00 PM | Friday: 10:00 AM – 10:00 PM | Saturday: 10:00 AM – 10:00 PM | Sunday: 10:00 AM – 10:00 PM,Google Places API (New) Nearby Search,2026-09-02T15:22:51+00:00
ChIJCaywLhFoXz4R-3ak7Qp1b8k,Chaps and Co - Dubai Design District,DIRECT,hair_salon,barber_shop,Barber shop,"barber_shop, hair_salon, hair_care, health, point_of_interest, service, establishment",Building 6 - Mezzanine floor - Design district - شارع -١١Dubai - زعبيل الثانية - Dubai Design District - دبي,25.1887349,55.2970369,4.9,1828.0,OPERATIONAL,+971 4 240 6843,https://www.chapsandco.com/ae/locations/dubai-design-district/,https://maps.google.com/?cid=14514948813835499259&g_mp=Cilnb29nbGUubWFwcy5wbGFjZXMudjEuUGxhY2VzLlNlYXJjaE5lYXJieRACGAQgAA,Monday: 9:00 AM – 9:00 PM | Tuesday: 9:00 AM – 9:00 PM | Wednesday: 9:00 AM – 9:00 PM | Thursday: 9:00 AM – 9:00 PM | Friday: 9:00 AM – 9:00 PM | Saturday: 9:00 AM – 9:00 PM | Sunday: 9:00 AM – 9:00 PM,Google Places API (New) Nearby Search,2026-09-02T15:22:51+00:00
ChIJzawvhshrXz4RtBj4nBTtqgY,Los Angeles Aesthetic Medical Center,DIRECT,"beauty_salon, spa",medical_center,Medical Center,"medical_center, skin_care_clinic, massage_spa, beauty_salon, spa, hospital, hair_care, massage, medical_clinic, doctor, store, service, health, point_of_interest, establishment",63 Al Thanya St - Villa D - Dubai - 63 شارع الثنيه - أم سقيم الثانية - ام سقيم ٢ - دبي,25.143396799999998,55.2002712,4.7,1821.0,OPERATIONAL,+971 4 370 0011,https://losangelesclinic.ae/,https://maps.google.com/?cid=480456983057012916&g_mp=Cilnb29nbGUubWFwcy5wbGFjZXMudjEuUGxhY2VzLlNlYXJjaE5lYXJieRACGAQgAA,Monday: 10:00 AM – 9:00 PM | Tuesday: 10:00 AM – 9:00 PM | Wednesday: 10:00 AM – 9:00 PM | Thursday: 10:00 AM – 9:00 PM | Friday: 10:00 AM – 9:00 PM | Saturday: 10:00 AM – 9:00 PM | Sunday: 10:00 AM – 9:00 PM,Google Places API (New) Nearby Search,2026-09-02T15:22:51+00:00
ChIJNekS3hg3Xj4R9DMowP9KzqA,Healthline One Day Surgery Center,DIRECT,beauty_salon,medical_clinic,Medical clinic,"electric_vehicle_charging_station, pharmacy, hair_care, dental_clinic, beauty_salon, transportation_service, doctor, store, medical_clinic, health, point_of_interest, service, establishment",163 Saood Khamis Al Hosani St - Bani Yas - East 11 - Abu Dhabi,24.3084706,54.646884299999996,4.7,1819.0,OPERATIONAL,+971 2 566 8600,https://www.healthline.ae/,https://maps.google.com/?cid=11587281353571841012&g_mp=Cilnb29nbGUubWFwcy5wbGFjZXMudjEuUGxhY2VzLlNlYXJjaE5lYXJieRACGAQgAA,Monday: Open 24 hours | Tuesday: Open 24 hours | Wednesday: Open 24 hours | Thursday: Open 24 hours | Friday: Open 24 hours | Saturday: Open 24 hours | Sunday: Open 24 hours,Google Places API (New) Nearby Search,2026-09-02T15:22:51+00:00
ChIJ3YUIZHdZXz4RdqkQQoN5WiM,Sunny Derma,DIRECT,spa,skin_care_clinic,Skin care clinic,"skin_care_clinic, massage_spa, beautician, beauty_salon, spa, hair_care, massage, medical_clinic, consultant, doctor, store, service, health, point_of_interest, establishment",Villa 205 Sheikh Zayed St - Samnan - Halwan - Sharjah,25.342361399999998,55.425697299999996,4.8,1738.0,OPERATIONAL,+971 6 566 8966,https://sunnyderma.com/,https://maps.google.com/?cid=2547482143887501686&g_mp=Cilnb29nbGUubWFwcy5wbGFjZXMudjEuUGxhY2VzLlNlYXJjaE5lYXJieRACGAQgAA,Monday: 9:00 AM – 10:00 PM | Tuesday: 9:00 AM – 10:00 PM | Wednesday: 9:00 AM – 10:00 PM | Thursday: 9:00 AM – 10:00 PM | Friday: 9:00 AM – 10:00 PM | Saturday: 9:00 AM – 10:00 PM | Sunday: 9:00 AM – 10:00 PM,Google Places API (New) Nearby Search,2026-09-02T15:22:51+00:00
ChIJiVOJcq1sXz4RidwAxLInDxE,Chaps and Co - JLT,DIRECT,hair_salon,barber_shop,Barber shop,"barber_shop, hair_salon, hair_care, health, point_of_interest, service, establishment","Rear of, Goldcrest Executive - Cluster C - Al Thanyah Fifth - Jumeirah Lakes Towers - Dubai",25.0686556,55.139659400000006,4.9,1730.0,OPERATIONAL,+971 4 551 6192,https://www.chapsandco.com/ae/locations/jumeirah-lakes-towers/,https://maps.google.com/?cid=1229244872041487497&g_mp=Cilnb29nbGUubWFwcy5wbGFjZXMudjEuUGxhY2VzLlNlYXJjaE5lYXJieRACGAQgAA,Monday: 9:00 AM – 10:00 PM | Tuesday: 9:00 AM – 10:00 PM | Wednesday: 9:00 AM – 10:00 PM | Thursday: 9:00 AM – 10:00 PM | Friday: 9:00 AM – 10:00 PM | Saturday: 9:00 AM – 10:00 PM | Sunday: 9:00 AM – 10:00 PM,Google Places API (New) Nearby Search,2026-09-02T15:22:51+00:00
ChIJx3o07L5rXz4ROX9g1k5On28,Sisters Beauty Lounge Hair Salon - Mall of the Emirates,DIRECT,hair_salon,beauty_salon,Beauty salon,"beauty_salon, nail_salon, massage_spa, hair_salon, hair_care, massage, spa, point_of_interest, service, establishment",Mall of The Emirates - Sheikh Zayed Rd - opposite Joe & The Juice - Ski Dubai Parking - Al Barsha First - Al Barsha - Dubai,25.117973,55.199963999999994,4.6,1726.0,OPERATIONAL,+971 800 7478377,https://www.sistersbeautylounge.com/branches/beauty-salon-in-mall-of-emirates/,https://maps.google.com/?cid=8043233560018059065&g_mp=Cilnb29nbGUubWFwcy5wbGFjZXMudjEuUGxhY2VzLlNlYXJjaE5lYXJieRACGAQgAA,Monday: 9:00 AM – 12:00 AM | Tuesday: 9:00 AM – 12:00 AM | Wednesday: 9:00 AM – 12:00 AM | Thursday: 10:00 AM – 12:00 AM | Friday: 9:00 AM – 12:00 AM | Saturday: 9:00 AM – 12:00 AM | Sunday: 9:00 AM – 12:00 AM,Google Places API (New) Nearby Search,2026-09-02T15:22:51+00:00
ChIJt0PRI9VnXz4R6cLfcZ2CQqA,مركز حلا الشام للتجميل - ند الحمر - Hala Al Sham Beauty Center - Nad Al Hamar branch,DIRECT,"beauty_salon, nail_salon, spa",beauty_salon,Beauty salon,"beauty_salon, makeup_artist, nail_salon, massage_spa, spa, massage, point_of_interest, service, establishment",Avenue - Nadd Al Hamar - Dubai,25.1890103,55.384144799999994,4.6,1716.0,OPERATIONAL,+971 600 554252,https://www.instagram.com/hala_al_sham_beauty_center/,https://maps.google.com/?cid=11547936007263339241&g_mp=Cilnb29nbGUubWFwcy5wbGFjZXMudjEuUGxhY2VzLlNlYXJjaE5lYXJieRACGAQgAA,Monday: 10:00 AM – 10:00 PM | Tuesday: 10:00 AM – 10:00 PM | Wednesday: 10:00 AM – 10:00 PM | Thursday: 10:00 AM – 10:00 PM | Friday: 10:00 AM – 10:00 PM | Saturday: 10:00 AM – 10:00 PM | Sunday: 10:00 AM – 10:00 PM,Google Places API (New) Nearby Search,2026-09-02T15:22:51+00:00
ChIJEz8EupNPXj4RFbdYFRkXgwU,Mantis Gent's Salon Khalifa City,DIRECT,spa,barber_shop,Barber shop,"barber_shop, hair_care, spa, health, point_of_interest, service, establishment","khalifa city A, SE45 Building 61C - مدينة خليفة - جنوب شرق 45 - أبو ظبي",24.4436389,54.6119759,4.9,1712.0,OPERATIONAL,+971 50 835 3530,http://www.mantisgentssalon.com/,https://maps.google.com/?cid=397186588638492437&g_mp=Cilnb29nbGUubWFwcy5wbGFjZXMudjEuUGxhY2VzLlNlYXJjaE5lYXJieRACGAQgAA,Monday: 10:00 AM – 12:00 AM | Tuesday: 10:00 AM – 12:00 AM | Wednesday: 10:00 AM – 12:00 AM | Thursday: 10:00 AM – 12:00 AM | Friday: 10:00 AM – 12:00 AM | Saturday: 10:00 AM – 12:00 AM | Sunday: 10:00 AM – 12:00 AM,Google Places API (New) Nearby Search,2026-09-02T15:22:51+00:00
ChIJ8Uc3ZS5hXz4RVamF1VJU_yA,Namys Beauty Lounge Dubai Best Salon for Ladies,DIRECT,"beauty_salon, hair_salon, nail_salon, spa",beauty_salon,Beauty salon,"beauty_salon, makeup_artist, hair_salon, beautician, nail_salon, body_art_service, hair_care, massage_spa, spa, massage, point_of_interest, service, establishment",V- 12 - Shop No. 10 - Warsan First - Russia Cluster - Dubai,25.1703373,55.40281100000001,4.8,1615.0,OPERATIONAL,+971 55 503 5030,https://namysbeauty.com/?utm_source=google&utm_medium=organic&utm_campaign=Google_My_Business_Listing&utm_content=website,https://maps.google.com/?cid=2377711843021269333&g_mp=Cilnb29nbGUubWFwcy5wbGFjZXMudjEuUGxhY2VzLlNlYXJjaE5lYXJieRACGAQgAA,Monday: 10:00 AM – 12:00 AM | Tuesday: 10:00 AM – 12:00 AM | Wednesday: 10:00 AM – 12:00 AM | Thursday: 10:00 AM – 12:00 AM | Friday: 10:00 AM – 12:00 AM | Saturday: 10:00 AM – 12:00 AM | Sunday: 10:00 AM – 12:00 AM,Google Places API (New) Nearby Search,2026-09-02T15:22:51+00:00
ChIJS7h9niphXz4Rj-MRTZZ5FhM,Beauty Room Salon & Spa,DIRECT,"beauty_salon, spa",beauty_salon,Beauty salon,"beauty_salon, massage_spa, spa, massage, point_of_interest, service, establishment","Al Mashroom Building, Opp. Shaklan Supermarket - Al Warqa'a First - Al Warqa 1 - Dubai",25.189629,55.4044835,4.8,1562.0,OPERATIONAL,+971 4 285 5526,https://beautyroomspa.com/,https://maps.google.com/?cid=1375420422653338511&g_mp=Cilnb29nbGUubWFwcy5wbGFjZXMudjEuUGxhY2VzLlNlYXJjaE5lYXJieRACGAQgAA,Monday: 10:00 AM – 10:00 PM | Tuesday: 10:00 AM – 10:00 PM | Wednesday: 10:00 AM – 10:00 PM | Thursday: 10:00 AM – 10:00 PM | Friday: 10:00 AM – 10:00 PM | Saturday: 10:00 AM – 10:00 PM | Sunday: 10:00 AM – 10:00 PM,Google Places API (New) Nearby Search,2026-09-02T15:22:51+00:00
ChIJ5zK5CZVDXz4RVnD8Fm9pVk4,CHALK,DIRECT,"beauty_salon, hair_salon, nail_salon",beauty_salon,Beauty salon,"beauty_salon, nail_salon, hair_salon, barber_shop, hair_care, event_venue, service, health, point_of_interest, establishment","Warehouse 63, Alserkal Avenue - القوز الصناعية الأولى - القوز - دبي",25.1426116,55.2247736,4.8,1531.0,OPERATIONAL,+971 4 346 6284,https://www.chalk.ae/,https://maps.google.com/?cid=5644815108803424342&g_mp=Cilnb29nbGUubWFwcy5wbGFjZXMudjEuUGxhY2VzLlNlYXJjaE5lYXJieRACGAQgAA,Monday: 10:00 AM – 8:00 PM | Tuesday: 10:00 AM – 8:00 PM | Wednesday: 10:00 AM – 8:00 PM | Thursday: 10:00 AM – 8:00 PM | Friday: 10:00 AM – 8:00 PM | Saturday: 10:00 AM – 8:00 PM | Sunday: 10:00 AM – 8:00 PM,Google Places API (New) Nearby Search,2026-09-02T15:22:51+00:00
ChIJC-YJFChoXz4Ru7vsBmyQHMg,Sisters Beauty Lounge Hair Salon - Dubai Mall,DIRECT,"hair_salon, nail_salon",beauty_salon,Beauty salon,"beauty_salon, nail_salon, massage_spa, hair_salon, hair_care, massage, spa, point_of_interest, service, establishment","Mall Lower Ground Floor - Financial Ctr St - near Waitrose, Cinema Parking - Burj Khalifa - Downtown Dubai - Dubai",25.196615299999998,55.27809990000001,4.5,1499.0,OPERATIONAL,+971 800 7478377,https://www.sistersbeautylounge.com/branches/beauty-salon-in-dubai-mall/,https://maps.google.com/?cid=14419558900580531131&g_mp=Cilnb29nbGUubWFwcy5wbGFjZXMudjEuUGxhY2VzLlNlYXJjaE5lYXJieRACGAQgAA,Monday: 10:00 AM – 12:00 AM | Tuesday: 10:00 AM – 12:00 AM | Wednesday: 10:00 AM – 12:00 AM | Thursday: 10:00 AM – 12:00 AM | Friday: 10:00 AM – 12:00 AM | Saturday: 10:00 AM – 12:00 AM | Sunday: 10:00 AM – 12:00 AM,Google Places API (New) Nearby Search,2026-09-02T15:22:51+00:00
ChIJlYC-dApmXj4RYtgsq7bRsKI,Alafiya Center for Hamam & Saloon,DIRECT,"beauty_salon, nail_salon, spa",spa,Spa,"spa, barber_shop, nail_salon, massage_spa, hair_care, massage, beauty_salon, health, point_of_interest, service, establishment",16th Street - Al Khalidiyah - W9 - Abu Dhabi,24.4691403,54.3469918,4.4,1491.0,OPERATIONAL,+971 2 665 9659,https://alafiyagentsspa.com/,https://maps.google.com/?cid=11723100412531497058&g_mp=Cilnb29nbGUubWFwcy5wbGFjZXMudjEuUGxhY2VzLlNlYXJjaE5lYXJieRACGAQgAA,Monday: 10:00 AM – 12:00 AM | Tuesday: 10:00 AM – 12:00 AM | Wednesday: 10:00 AM – 12:00 AM | Thursday: 10:00 AM – 12:00 AM | Friday: 10:00 AM – 12:00 AM | Saturday: 10:00 AM – 12:00 AM | Sunday: 10:00 AM – 12:00 AM,Google Places API (New) Nearby Search,2026-09-02T15:22:51+00:00
ChIJjwLqLP1FXj4RijrVIwa4Gwo,Silkor Khalifa A Branch Abu Dhabi - مركز سيلكور في خليفة أ‎‎,DIRECT,"beauty_salon, spa",medical_clinic,Medical clinic,"skin_care_clinic, massage_spa, wellness_center, hair_care, medical_center, massage, spa, beauty_salon, hospital, medical_clinic, health, point_of_interest, service, establishment","Silkor Villa, Etihad Plaza Road, near Etihad Airways Headquarters Khalifa City A - مدينة خليفة - جنوب شرق 42 - أبو ظبي",24.439982,54.5988857,4.8,1482.0,OPERATIONAL,+971 56 115 6110,http://www.silkor.com/,https://maps.google.com/?cid=728378101260958346&g_mp=Cilnb29nbGUubWFwcy5wbGFjZXMudjEuUGxhY2VzLlNlYXJjaE5lYXJieRACGAQgAA,Monday: 9:00 AM – 9:00 PM | Tuesday: 9:00 AM – 9:00 PM | Wednesday: 9:00 AM – 9:00 PM | Thursday: 9:00 AM – 9:00 PM | Friday: 9:00 AM – 9:00 PM | Saturday: 9:00 AM – 9:00 PM | Sunday: 9:00 AM – 9:00 PM,Google Places API (New) Nearby Search,2026-09-02T15:22:51+00:00
ChIJ--suGWRlXz4RxJXiRY8kj0s,Ombre Salon DSO,DIRECT,"beauty_salon, nail_salon",beauty_salon,Beauty salon,"beauty_salon, skin_care_clinic, nail_salon, medical_clinic, point_of_interest, health, service, establishment","Binghatti Sapphire Building Shop no, 1 and 2 - Nadd Hessa - Industrial Area - Dubai",25.116368299999998,55.3724273,4.7,1458.0,OPERATIONAL,+971 4 328 2044,http://www.ombresalon.net/,https://maps.google.com/?cid=5444610672285619652&g_mp=Cilnb29nbGUubWFwcy5wbGFjZXMudjEuUGxhY2VzLlNlYXJjaE5lYXJieRACGAQgAA,Monday: 10:30 AM – 9:30 PM | Tuesday: 10:30 AM – 9:30 PM | Wednesday: 10:30 AM – 9:30 PM | Thursday: 10:30 AM – 9:30 PM | Friday: 10:30 AM – 9:30 PM | Saturday: 10:30 AM – 9:30 PM | Sunday: 10:30 AM – 9:30 PM,Google Places API (New) Nearby Search,2026-09-02T15:22:51+00:00
ChIJmbQT5Q9pXz4RTcITLViIWjM,The Salon Dubai | Yin Yang Al Wasl,DIRECT,nail_salon,beauty_salon,Beauty salon,"beauty_salon, nail_salon, point_of_interest, service, establishment",628 Al Wasl Rd - Al Safa 1 - Al Ferdous Building 4 - الصفا 1 - دبي,25.178926399999998,55.2344818,4.8,1458.0,OPERATIONAL,+971 4 358 8809,http://www.thesalondubai.com/,https://maps.google.com/?cid=3700419956133053005&g_mp=Cilnb29nbGUubWFwcy5wbGFjZXMudjEuUGxhY2VzLlNlYXJjaE5lYXJieRACGAQgAA,Monday: 9:00 AM – 9:00 PM | Tuesday: 9:00 AM – 9:00 PM | Wednesday: 9:00 AM – 9:00 PM | Thursday: 9:00 AM – 9:00 PM | Friday: 9:00 AM – 9:00 PM | Saturday: 9:00 AM – 9:00 PM | Sunday: 9:00 AM – 9:00 PM,Google Places API (New) Nearby Search,2026-09-02T15:22:51+00:00
ChIJN4eOKcBrXz4RiIa0wYTexJo,Seagull Medical Center,DIRECT,beauty_salon,doctor,Doctor,"skin_care_clinic, beauty_salon, wellness_center, hair_care, medical_clinic, doctor, service, health, point_of_interest, establishment","2nd floor, Elite Business Center - opp. LULU Hypermarket - البرشاء الأولى - البرشاء - دبي",25.116384,55.2058769,4.7,1387.0,OPERATIONAL,+971 4 288 8135,http://seagullclinic.com/,https://maps.google.com/?cid=11152283239043073672&g_mp=Cilnb29nbGUubWFwcy5wbGFjZXMudjEuUGxhY2VzLlNlYXJjaE5lYXJieRACGAQgAA,Monday: 10:00 AM – 9:00 PM | Tuesday: 10:00 AM – 9:00 PM | Wednesday: 10:00 AM – 9:00 PM | Thursday: 10:00 AM – 9:00 PM | Friday: 10:00 AM – 9:00 PM | Saturday: 10:00 AM – 8:00 PM | Sunday: 10:00 AM – 9:00 PM,Google Places API (New) Nearby Search,2026-09-02T15:22:51+00:00
ChIJnSNwimRCXz4RFzl5J6yPzDU,N.Bar Nail Spa & Salon City Walk Boulevard,DIRECT,"hair_salon, nail_salon",nail_salon,Nail salon,"nail_salon, massage_spa, foot_care, hair_salon, hair_care, massage, spa, beauty_salon, point_of_interest, service, establishment",City Walk - Building 11A - 2 Happiness St - Al Wasl - Dubai,25.203720399999998,55.262177599999994,4.8,1383.0,OPERATIONAL,+971 800 6227,https://nbar.com/location/city-walk-1/,https://maps.google.com/?cid=3876631348818557207&g_mp=Cilnb29nbGUubWFwcy5wbGFjZXMudjEuUGxhY2VzLlNlYXJjaE5lYXJieRACGAQgAA,Monday: 9:00 AM – 10:00 PM | Tuesday: 9:00 AM – 10:00 PM | Wednesday: 9:00 AM – 10:00 PM | Thursday: 9:00 AM – 10:00 PM | Friday: 9:00 AM – 10:00 PM | Saturday: 9:00 AM – 10:00 PM | Sunday: 9:00 AM – 10:00 PM,Google Places API (New) Nearby Search,2026-09-02T15:22:51+00:00
ChIJkUYZJK5nXj4RiJ9Ku8bXwdM,Its Beauty Ladies Salon – Waterfront Tower A,DIRECT,"hair_salon, nail_salon",beauty_salon,Beauty salon,"beauty_salon, nail_salon, hair_salon, spa, hair_care, service, point_of_interest, establishment","Waterfront Tower A, Ground floor, Shop C105 - الزاهية - شرق 16 2 - أبو ظبي",24.4913229,54.3863846,4.8,1378.0,OPERATIONAL,+971 4 571 4477,https://itsbeauty.ae/abudhabi/branches/al-zahiyah/?utm_source=google_ad_maps&utm_medium=organic_local&utm_campaign=waterfront_tower&utm_content=abudhabi_website,https://maps.google.com/?cid=15258714261053677448&g_mp=Cilnb29nbGUubWFwcy5wbGFjZXMudjEuUGxhY2VzLlNlYXJjaE5lYXJieRACGAQgAA,Monday: 10:00 AM – 10:00 PM | Tuesday: 10:00 AM – 10:00 PM | Wednesday: 10:00 AM – 10:00 PM | Thursday: 10:00 AM – 10:00 PM | Friday: 10:00 AM – 10:00 PM | Saturday: 10:00 AM – 10:00 PM | Sunday: 10:00 AM – 10:00 PM,Google Places API (New) Nearby Search,2026-09-02T15:22:51+00:00
ChIJB9zGLKB19j4RHdhZF7f6m8o,Shades Salon & SPA,DIRECT,beauty_salon,beauty_salon,Beauty salon,"beauty_salon, point_of_interest, service, establishment",Al Muhannad Rd - Al Dhait - Ras Al Khaimah,25.720643900000002,55.915502,4.8,1348.0,OPERATIONAL,+971 7 236 8822,https://linktr.ee/shades_rak,https://maps.google.com/?cid=14599538281329317917&g_mp=Cilnb29nbGUubWFwcy5wbGFjZXMudjEuUGxhY2VzLlNlYXJjaE5lYXJieRACGAQgAA,Monday: 9:00 AM – 10:30 PM | Tuesday: 9:00 AM – 10:00 PM | Wednesday: 9:00 AM – 10:00 PM | Thursday: 9:00 AM – 10:00 PM | Friday: 9:00 AM – 10:00 PM | Saturday: 10:00 AM – 10:00 PM | Sunday: 9:00 AM – 10:00 PM,Google Places API (New) Nearby Search,2026-09-02T15:22:51+00:00
ChIJtfAQuSFmXj4RYGR1F27FebY,Ultra Care Medical Center,DIRECT,beauty_salon,medical_center,Medical Center,"medical_center, skin_care_clinic, hair_care, dental_clinic, beauty_salon, hospital, medical_clinic, health, point_of_interest, service, establishment",269 Al Karamah St - near Al Dhafra Compound - Al Manhal - W14 02 - Abu Dhabi,24.462056999999998,54.370169,4.7,1343.0,OPERATIONAL,+971 2 448 1111,http://www.ultracaremc.com/,https://maps.google.com/?cid=13148757663715517536&g_mp=Cilnb29nbGUubWFwcy5wbGFjZXMudjEuUGxhY2VzLlNlYXJjaE5lYXJieRACGAQgAA,Monday: 9:00 AM – 9:00 PM | Tuesday: 9:00 AM – 9:00 PM | Wednesday: 9:00 AM – 9:00 PM | Thursday: 9:00 AM – 9:00 PM | Friday: 12:00 – 8:00 PM | Saturday: 12:00 – 8:00 PM | Sunday: 9:00 AM – 9:00 PM,Google Places API (New) Nearby Search,2026-09-02T15:22:51+00:00
ChIJDQe8QABDXz4Rs71Rlun-et0,Beauty Wise Medical Center,DIRECT,beauty_salon,medical_center,Medical Center,"medical_center, skin_care_clinic, hair_care, dental_clinic, dentist, beauty_salon, consultant, hospital, medical_clinic, health, point_of_interest, service, establishment",Jumeira Road - Rd H.H. Sheikh Hamdan Awards Complex - Block B office 314 - Al Hudaiba - Al Mina - Dubai,25.2405702,55.272363299999995,4.6,1322.0,OPERATIONAL,+971 50 705 8412,https://beautywisemedicalcenter.com/,https://maps.google.com/?cid=15959348508743548339&g_mp=Cilnb29nbGUubWFwcy5wbGFjZXMudjEuUGxhY2VzLlNlYXJjaE5lYXJieRACGAQgAA,Monday: 10:00 AM – 10:00 PM | Tuesday: 10:00 AM – 10:00 PM | Wednesday: 10:00 AM – 10:00 PM | Thursday: 10:00 AM – 10:00 PM | Friday: 10:00 AM – 10:00 PM | Saturday: 10:00 AM – 10:00 PM | Sunday: 10:00 AM – 10:00 PM,Google Places API (New) Nearby Search,2026-09-02T15:22:51+00:00
ChIJ1WFkRoJfXz4RhRGLtbve9hM,Grand Flora Beauty Salon & Spa,DIRECT,beauty_salon,beauty_salon,Beauty salon,"beauty_salon, point_of_interest, service, establishment",West Zone Mall - Al Mizhar First - Al Mizhar - Dubai,25.2442568,55.452292099999994,4.6,1318.0,OPERATIONAL,+971 4 284 8555,https://www.grandflorabeautyae.com/,https://maps.google.com/?cid=1438582028777492869&g_mp=Cilnb29nbGUubWFwcy5wbGFjZXMudjEuUGxhY2VzLlNlYXJjaE5lYXJieRACGAQgAA,Monday: 10:00 AM – 9:00 PM | Tuesday: 10:00 AM – 9:00 PM | Wednesday: 10:00 AM – 10:00 PM | Thursday: 10:00 AM – 10:00 PM | Friday: 10:00 AM – 10:00 PM | Saturday: 10:00 AM – 10:00 PM | Sunday: 10:00 AM – 10:00 PM,Google Places API (New) Nearby Search,2026-09-02T15:22:51+00:00
ChIJH49iOmlmXj4RrwhtAw9IvXQ,Stop Relax Spa Thai Massage,DIRECT,"beauty_salon, spa",massage_spa,Massage spa,"massage_spa, massage, spa, beauty_salon, point_of_interest, service, establishment",121 Theyab Bin Eissa St - Khalifa City - SE5 - Abu Dhabi,24.405092399999997,54.572245699999996,4.2,1316.0,OPERATIONAL,+971 2 443 8881,,https://maps.google.com/?cid=8411958908317141167&g_mp=Cilnb29nbGUubWFwcy5wbGFjZXMudjEuUGxhY2VzLlNlYXJjaE5lYXJieRACGAQgAA,Monday: 10:00 AM – 11:30 PM | Tuesday: 10:00 AM – 11:30 PM | Wednesday: 10:00 AM – 11:30 PM | Thursday: 10:00 AM – 11:30 PM | Friday: 1:00 – 11:30 PM | Saturday: 10:00 AM – 11:30 PM | Sunday: 10:00 AM – 11:30 PM,Google Places API (New) Nearby Search,2026-09-02T15:22:51+00:00
ChIJa4CFpv1rXz4Rb8J-J6i-ArI,Afrina Beauty Club Al Barsha,DIRECT,beauty_salon,beauty_salon,Beauty salon,"beauty_salon, service, point_of_interest, establishment",Shop #1 - Umm Suqeim St - Al Barsha Second - Dubai,25.1075229,55.2244934,4.5,1255.0,OPERATIONAL,+971 4 264 9864,http://www.afrina.com/,https://maps.google.com/?cid=12827024318130995823&g_mp=Cilnb29nbGUubWFwcy5wbGFjZXMudjEuUGxhY2VzLlNlYXJjaE5lYXJieRACGAQgAA,Monday: 10:00 AM – 10:00 PM | Tuesday: 10:00 AM – 10:00 PM | Wednesday: 10:00 AM – 10:00 PM | Thursday: 10:00 AM – 10:00 PM | Friday: 10:00 AM – 10:00 PM | Saturday: 10:00 AM – 10:00 PM | Sunday: 10:00 AM – 10:00 PM,Google Places API (New) Nearby Search,2026-09-02T15:22:51+00:00
ChIJfVIQSThZXz4RHLspfKq_lgU,Dr Sunny,DIRECT,beauty_salon,medical_center,Medical Center,"medical_center, dental_clinic, skin_care_clinic, beauty_salon, hospital, hair_care, dentist, medical_clinic, doctor, service, health, point_of_interest, establishment",Sheikh Zayed Street S124 - سمنان - حلوان - الشارقة,25.3423257,55.4256915,4.8,1219.0,OPERATIONAL,+971 6 566 8966,https://www.drsunnyclinic.com/,https://maps.google.com/?cid=402719955644693276&g_mp=Cilnb29nbGUubWFwcy5wbGFjZXMudjEuUGxhY2VzLlNlYXJjaE5lYXJieRACGAQgAA,Monday: 9:00 AM – 10:00 PM | Tuesday: 9:00 AM – 10:00 PM | Wednesday: 9:00 AM – 10:00 PM | Thursday: 9:00 AM – 10:00 PM | Friday: 9:00 AM – 10:00 PM | Saturday: 9:00 AM – 10:00 PM | Sunday: 10:00 AM – 9:00 PM,Google Places API (New) Nearby Search,2026-09-02T15:22:51+00:00
ChIJX26wLTpmXj4RxpXQo1s3Zjk,The One Spa For Men - Abu Dhabi,DIRECT,"beauty_salon, nail_salon, spa",spa,Spa,"spa, barber_shop, nail_salon, massage_spa, hair_care, massage, beauty_salon, health, point_of_interest, service, establishment","Defense Road, Sultan Restaurant Building, Next to the Lebanon, Flower Restaurant - الدانة - شرق 18 2 - أبو ظبي",24.4753036,54.3768884,4.6,1186.0,OPERATIONAL,+971 2 445 1717,https://theonespa.ae/,https://maps.google.com/?cid=4136054174516286918&g_mp=Cilnb29nbGUubWFwcy5wbGFjZXMudjEuUGxhY2VzLlNlYXJjaE5lYXJieRACGAQgAA,Monday: 10:00 AM – 1:00 AM | Tuesday: 10:00 AM – 1:00 AM | Wednesday: 10:00 AM – 1:00 AM | Thursday: 10:00 AM – 1:00 AM | Friday: 10:00 AM – 1:00 AM | Saturday: 10:00 AM – 1:00 AM | Sunday: 10:00 AM – 1:00 AM,Google Places API (New) Nearby Search,2026-09-02T15:22:51+00:00
ChIJK-7lVO1tXz4RMr9whME7dJY,Ombre Salon JVC,DIRECT,beauty_salon,beauty_salon,Beauty salon,"beauty_salon, point_of_interest, service, establishment","Jumeirah Village Circle Plaza residences 2, Block B, Retail 9 - البرشاء جنوب الرابعة - قرية جميرا الدائرية - دبي",25.0528852,55.207406,4.7,1180.0,OPERATIONAL,+971 52 772 2543,https://www.facebook.com/ombrebsalon/,https://maps.google.com/?cid=10841355905324334898&g_mp=Cilnb29nbGUubWFwcy5wbGFjZXMudjEuUGxhY2VzLlNlYXJjaE5lYXJieRACGAQgAA,Monday: 10:30 AM – 9:30 PM | Tuesday: 10:30 AM – 9:30 PM | Wednesday: 10:30 AM – 9:30 PM | Thursday: 10:30 AM – 9:30 PM | Friday: 10:30 AM – 9:30 PM | Saturday: 10:30 AM – 9:30 PM | Sunday: 10:30 AM – 9:30 PM,Google Places API (New) Nearby Search,2026-09-02T15:22:51+00:00
ChIJ3UyUvGJpXz4RWXFFqOvuOf0,La Vida Clinic,DIRECT,beauty_salon,skin_care_clinic,Skin care clinic,"skin_care_clinic, beauty_salon, hair_care, medical_clinic, doctor, service, health, point_of_interest, establishment",Villa 1188 Al Wasl Rd - Umm Suqeim Second - Umm Suqeim 2 - Dubai,25.1448601,55.2077549,4.8,1174.0,OPERATIONAL,+971 58 805 6666,https://lavidaclinic.com/,https://maps.google.com/?cid=18246878061176123737&g_mp=Cilnb29nbGUubWFwcy5wbGFjZXMudjEuUGxhY2VzLlNlYXJjaE5lYXJieRACGAQgAA,Monday: 10:00 AM – 9:00 PM | Tuesday: 10:00 AM – 9:00 PM | Wednesday: 10:00 AM – 9:00 PM | Thursday: 10:00 AM – 9:00 PM | Friday: 10:00 AM – 9:00 PM | Saturday: 10:00 AM – 9:00 PM | Sunday: Closed,Google Places API (New) Nearby Search,2026-09-02T15:22:51+00:00
ChIJ3SEIKAtDXj4R-KbBxJRio3I,Mikas Beauty Salon,DIRECT,beauty_salon,beauty_salon,Beauty salon,"beauty_salon, point_of_interest, service, establishment",Sheikh Rashid Bin Saeed St - Al Muntazah - Zone 1 - Abu Dhabi,24.4298349,54.443371899999995,4.9,1174.0,OPERATIONAL,+971 56 212 5666,https://www.fresha.com/book-now/by-mikas-wxetk3lw/all-offer?pId=688568,https://maps.google.com/?cid=8260554532623329016&g_mp=Cilnb29nbGUubWFwcy5wbGFjZXMudjEuUGxhY2VzLlNlYXJjaE5lYXJieRACGAQgAA,Monday: 11:00 AM – 9:00 PM | Tuesday: 11:00 AM – 9:00 PM | Wednesday: 11:00 AM – 9:00 PM | Thursday: 11:00 AM – 9:00 PM | Friday: 11:00 AM – 9:00 PM | Saturday: 11:00 AM – 9:00 PM | Sunday: 11:00 AM – 9:00 PM,Google Places API (New) Nearby Search,2026-09-02T15:22:51+00:00
ChIJV8xH9xZnXz4Rzp-5IMdmyCY,Beauty Room Salon & Spa,DIRECT,"beauty_salon, hair_salon, nail_salon, spa",beauty_salon,Beauty salon,"beauty_salon, hair_salon, nail_salon, hair_care, massage_spa, spa, massage, point_of_interest, service, establishment",Nad Al Sheba - Nadd Al Shiba Second - Dubai,25.144464,55.3493819,4.8,1155.0,OPERATIONAL,+971 4 548 7955,http://www.beautyroomspa.com/,https://maps.google.com/?cid=2794596574216953806&g_mp=Cilnb29nbGUubWFwcy5wbGFjZXMudjEuUGxhY2VzLlNlYXJjaE5lYXJieRACGAQgAA,Monday: 10:00 AM – 10:00 PM | Tuesday: 10:00 AM – 10:00 PM | Wednesday: 10:00 AM – 10:00 PM | Thursday: 10:00 AM – 10:00 PM | Friday: 10:00 AM – 10:00 PM | Saturday: 10:00 AM – 10:00 PM | Sunday: 10:00 AM – 10:00 PM,Google Places API (New) Nearby Search,2026-09-02T15:22:51+00:00
ChIJzynOTXJtXz4R-WtRuvgtE5Y,Casa Rio Beauty Salon,DIRECT,"beauty_salon, nail_salon, spa",beauty_salon,Beauty salon,"beauty_salon, nail_salon, makeup_artist, massage_spa, hair_care, massage, spa, supplier, point_of_interest, service, establishment",DAMAC Ghalia Tower - Lazuward S W - Al Barsha South Fourth - Jumeirah Village Circle - Dubai,25.0528059,55.198741899999995,4.8,1148.0,OPERATIONAL,+971 52 790 1188,https://casario-dubai.com/,https://maps.google.com/?cid=10814037676547730425&g_mp=Cilnb29nbGUubWFwcy5wbGFjZXMudjEuUGxhY2VzLlNlYXJjaE5lYXJieRACGAQgAA,Monday: 10:00 AM – 10:00 PM | Tuesday: 10:00 AM – 10:00 PM | Wednesday: 10:00 AM – 10:00 PM | Thursday: 10:00 AM – 10:00 PM | Friday: 10:00 AM – 10:00 PM | Saturday: 10:00 AM – 10:00 PM | Sunday: 10:00 AM – 10:00 PM,Google Places API (New) Nearby Search,2026-09-02T15:22:51+00:00
ChIJM2qkPaZsXz4RMU_zlomoV4g,The Gentlemen's Barber Shop - Dubai,DIRECT,"hair_salon, nail_salon",barber_shop,Barber shop,"barber_shop, nail_salon, massage_spa, hair_salon, hair_care, massage, spa, beauty_salon, medical_clinic, health, point_of_interest, service, establishment","Jumeirah Business Center 5 - Ground floor , unit 4 - Building Cluster W - Al Thanyah Fifth - Jumeirah Lakes Towers - Dubai",25.0765664,55.1497847,4.9,1148.0,OPERATIONAL,+971 55 191 2869,http://thegentlemenslounge.me/,https://maps.google.com/?cid=9824506421028540209&g_mp=Cilnb29nbGUubWFwcy5wbGFjZXMudjEuUGxhY2VzLlNlYXJjaE5lYXJieRACGAQgAA,Monday: 9:00 AM – 11:00 PM | Tuesday: 9:00 AM – 11:00 PM | Wednesday: 9:00 AM – 11:00 PM | Thursday: 9:00 AM – 11:00 PM | Friday: 9:00 AM – 11:00 PM | Saturday: 9:00 AM – 11:00 PM | Sunday: 9:00 AM – 11:00 PM,Google Places API (New) Nearby Search,2026-09-02T15:22:51+00:00
ChIJyWYwdH1DXz4RtY1Iu1lVyGQ,Queens Medical Center Al Satwa,DIRECT,beauty_salon,dental_clinic,Dental clinic,"dental_clinic, hair_care, dentist, beauty_salon, doctor, body_art_service, medical_clinic, health, point_of_interest, service, establishment",Highrise Building - Office No. 203 - 66 2nd December St - Al Bada' - Dubai,25.235883899999997,55.2764695,4.8,1144.0,OPERATIONAL,+971 600 578336,https://www.queensmedicalcenter.ae/,https://maps.google.com/?cid=7262148243017469365&g_mp=Cilnb29nbGUubWFwcy5wbGFjZXMudjEuUGxhY2VzLlNlYXJjaE5lYXJieRACGAQgAA,Monday: 10:00 AM – 10:00 PM | Tuesday: 10:00 AM – 10:00 PM | Wednesday: 10:00 AM – 10:00 PM | Thursday: 10:00 AM – 10:00 PM | Friday: 10:00 AM – 10:00 PM | Saturday: 10:00 AM – 10:00 PM | Sunday: 10:00 AM – 10:00 PM,Google Places API (New) Nearby Search,2026-09-02T15:22:51+00:00
ChIJkfB4BgVmXj4RCj9l9s0IATk,Sisters Beauty Lounge Hair Salon - Al Bateen Villa,DIRECT,"hair_salon, nail_salon",beauty_salon,Beauty salon,"beauty_salon, nail_salon, hair_salon, massage_spa, spa, hair_care, massage, service, point_of_interest, establishment",Street 10 - between street - Villa #241 شارع خليفة بن شخبوط - الخالدية - 9 and 11 - أبو ظبي,24.4628586,54.354886,4.7,1139.0,OPERATIONAL,+971 2 222 2502,https://www.sistersbeautylounge.com/branches/beauty-salon-in-al-bateen/,https://maps.google.com/?cid=4107574015833751306&g_mp=Cilnb29nbGUubWFwcy5wbGFjZXMudjEuUGxhY2VzLlNlYXJjaE5lYXJieRACGAQgAA,Monday: 10:00 AM – 10:00 PM | Tuesday: 10:00 AM – 10:00 PM | Wednesday: 10:00 AM – 10:00 PM | Thursday: 10:00 AM – 10:00 PM | Friday: 10:00 AM – 10:00 PM | Saturday: 10:00 AM – 10:00 PM | Sunday: 10:00 AM – 10:00 PM,Google Places API (New) Nearby Search,2026-09-02T15:22:51+00:00
ChIJScplBrRgXz4RLPW3nEWNtuQ,Sisters Beauty Lounge Hair Salon - City Centre Mirdif,DIRECT,"hair_salon, nail_salon, spa",beauty_salon,Beauty salon,"beauty_salon, nail_salon, massage_spa, tanning_studio, hair_salon, hair_care, massage, spa, point_of_interest, service, establishment","Car Park Entrance C, City Centre - Level 1 - Mirdif - Dubai",25.2173354,55.4084903,4.6,1120.0,OPERATIONAL,+971 800 7478377,https://www.sistersbeautylounge.com/branches/beauty-salon-in-mirdif-city-center/,https://maps.google.com/?cid=16480515216530470188&g_mp=Cilnb29nbGUubWFwcy5wbGFjZXMudjEuUGxhY2VzLlNlYXJjaE5lYXJieRACGAQgAA,Monday: 10:00 AM – 10:00 PM | Tuesday: 10:00 AM – 10:00 PM | Wednesday: 10:00 AM – 10:00 PM | Thursday: 10:00 AM – 10:00 PM | Friday: 10:00 AM – 10:00 PM | Saturday: 10:00 AM – 10:00 PM | Sunday: 10:00 AM – 10:00 PM,Google Places API (New) Nearby Search,2026-09-02T15:22:51+00:00
ChIJAemqn4tlXz4RluxuNtm2n_0,Eyelash Secret Ladies Salon - Silicon Oasis,DIRECT,beauty_salon,beauty_salon,Beauty salon,"beauty_salon, point_of_interest, service, establishment",Radisson Blu Residence - Nadd Hessa - Dubai Silicon Oasis - Dubai,25.1243908,55.377755799999996,4.9,1100.0,OPERATIONAL,+971 58 880 2152,https://eyelashsecretdubai.com/,https://maps.google.com/?cid=18275526856930159766&g_mp=Cilnb29nbGUubWFwcy5wbGFjZXMudjEuUGxhY2VzLlNlYXJjaE5lYXJieRACGAQgAA,Monday: 11:00 AM – 9:00 PM | Tuesday: 11:00 AM – 9:00 PM | Wednesday: 11:00 AM – 9:00 PM | Thursday: 11:00 AM – 9:00 PM | Friday: 11:00 AM – 9:00 PM | Saturday: 11:00 AM – 9:00 PM | Sunday: 11:00 AM – 9:00 PM,Google Places API (New) Nearby Search,2026-09-02T15:22:51+00:00
ChIJKb2NtlcTXz4RR-rqMeeDrnw,Armonia Spa,DIRECT,"beauty_salon, spa",massage_spa,Massage spa,"massage_spa, beauty_salon, spa, massage, service, point_of_interest, establishment","Sidra Tower, 7th Floor - La Suite Dubai Hotel & Apartments - شارع الشيخ زايد - Al Safouh First - الصفوح 1 - دبي",25.1080618,55.1784185,4.7,1099.0,OPERATIONAL,+971 58 685 0992,https://armonia.ae/,https://maps.google.com/?cid=8984263335648881223&g_mp=Cilnb29nbGUubWFwcy5wbGFjZXMudjEuUGxhY2VzLlNlYXJjaE5lYXJieRACGAQgAA,Monday: 10:00 AM – 3:00 AM | Tuesday: 10:00 AM – 3:00 AM | Wednesday: 10:00 AM – 3:00 AM | Thursday: 10:00 AM – 3:00 AM | Friday: 10:00 AM – 3:00 AM | Saturday: 10:00 AM – 3:00 AM | Sunday: 10:00 AM – 3:00 AM,Google Places API (New) Nearby Search,2026-09-02T15:22:51+00:00
ChIJNcEbcyNpXj4RN7bElDhvr2U,MIA BELLA BEAUTY LOUNGE,DIRECT,beauty_salon,beauty_salon,Beauty salon,"beauty_salon, point_of_interest, service, establishment",Ar Rimth St - Al Mushrif - W22 - Abu Dhabi,24.4439583,54.368438,4.6,1095.0,OPERATIONAL,+971 600 560642,https://miabellalounge.com/,https://maps.google.com/?cid=7327197407559857719&g_mp=Cilnb29nbGUubWFwcy5wbGFjZXMudjEuUGxhY2VzLlNlYXJjaE5lYXJieRACGAQgAA,Monday: 10:00 AM – 10:00 PM | Tuesday: 10:00 AM – 10:00 PM | Wednesday: 10:00 AM – 10:00 PM | Thursday: 10:00 AM – 10:00 PM | Friday: 10:00 AM – 10:00 PM | Saturday: 10:00 AM – 10:00 PM | Sunday: 10:00 AM – 10:00 PM,Google Places API (New) Nearby Search,2026-09-02T15:22:51+00:00
ChIJaXRKzyhhXz4Rgco-Kv7KkGw,Freya beauty salon,DIRECT,"beauty_salon, hair_salon, nail_salon",beauty_salon,Beauty salon,"beauty_salon, nail_salon, makeup_artist, hair_salon, hair_care, beautician, supplier, point_of_interest, service, establishment",Park View Tower - Lazuward SW - Al Barsha South Fourth - Jumeirah Village Circle - Dubai,25.0544288,55.2030495,4.8,1084.0,OPERATIONAL,+971 52 195 6629,https://freyadubai.com/,https://maps.google.com/?cid=7822975745721813633&g_mp=Cilnb29nbGUubWFwcy5wbGFjZXMudjEuUGxhY2VzLlNlYXJjaE5lYXJieRACGAQgAA,Monday: 10:00 AM – 8:00 PM | Tuesday: 10:00 AM – 8:00 PM | Wednesday: 10:00 AM – 8:00 PM | Thursday: 10:00 AM – 8:00 PM | Friday: 10:00 AM – 8:00 PM | Saturday: 10:00 AM – 8:00 PM | Sunday: 10:00 AM – 8:00 PM,Google Places API (New) Nearby Search,2026-09-02T15:22:51+00:00
ChIJScplBrRgXz4RB0mU3HAemF8,1847 Grooming for Men City Centre Mirdif,DIRECT,"nail_salon, spa",barber_shop,Barber shop,"barber_shop, nail_salon, beauty_salon, hair_care, massage_spa, spa, massage, point_of_interest, health, service, establishment","1st Floor, City Centre Mirdif Sheikh Mohammed Bin Zayed Road (E311 Road - Entrance C - 1st Floor - South Walk - beside Sisters Beauty Lounge - مردف - دبي",25.2143759,55.406828,4.7,1083.0,OPERATIONAL,+971 800 1847,https://1847formen.com/location/1847-city-centre-mirdif/,https://maps.google.com/?cid=6888289100149049607&g_mp=Cilnb29nbGUubWFwcy5wbGFjZXMudjEuUGxhY2VzLlNlYXJjaE5lYXJieRACGAQgAA,Monday: 10:00 AM – 10:00 PM | Tuesday: 10:00 AM – 10:00 PM | Wednesday: 10:00 AM – 10:00 PM | Thursday: 10:00 AM – 10:00 PM | Friday: 10:00 AM – 11:00 PM | Saturday: 10:00 AM – 11:00 PM | Sunday: 10:00 AM – 11:00 PM,Google Places API (New) Nearby Search,2026-09-02T15:22:51+00:00
ChIJ6XvQLkd09j4RUNV4J78OMDQ,Retaj Medical Center,DIRECT,beauty_salon,medical_center,Medical Center,"medical_center, hair_care, physiotherapist, dentist, beautician, beauty_salon, doctor, hospital, medical_clinic, health, point_of_interest, service, establishment","Sheikh Muhammed Bin Salem Rd, ,Al Dhait South B - United Insurance Building F1 - الظيت - إمارة رأس الخيمة",25.754082,55.911193,4.8,1059.0,OPERATIONAL,+971 7 227 7776,https://retajmc.ae/,https://maps.google.com/?cid=3760521903018136912&g_mp=Cilnb29nbGUubWFwcy5wbGFjZXMudjEuUGxhY2VzLlNlYXJjaE5lYXJieRACGAQgAA,Monday: 9:00 AM – 9:00 PM | Tuesday: 9:00 AM – 9:00 PM | Wednesday: 9:00 AM – 9:00 PM | Thursday: 9:00 AM – 9:00 PM | Friday: 1:00 – 9:00 PM | Saturday: 9:00 AM – 9:00 PM | Sunday: 9:00 AM – 9:00 PM,Google Places API (New) Nearby Search,2026-09-02T15:22:51+00:00
ChIJpwaHxnZlXj4Rxgp7ZP4HeFA,The Muse UAE Boutique Spa,DIRECT,"beauty_salon, spa",spa,Spa,"spa, beauty_salon, point_of_interest, service, establishment",Al Beteen - Al Bateen - W36 - Abu Dhabi,24.458843899999998,54.335490799999995,4.6,1054.0,OPERATIONAL,+971 600 566660,https://themuse.ae/,https://maps.google.com/?cid=5798393309428386502&g_mp=Cilnb29nbGUubWFwcy5wbGFjZXMudjEuUGxhY2VzLlNlYXJjaE5lYXJieRACGAQgAA,Monday: 10:00 AM – 10:00 PM | Tuesday: 10:00 AM – 10:00 PM | Wednesday: 10:00 AM – 10:00 PM | Thursday: 10:00 AM – 10:00 PM | Friday: 10:00 AM – 10:00 PM | Saturday: 10:00 AM – 10:00 PM | Sunday: 10:00 AM – 10:00 PM,Google Places API (New) Nearby Search,2026-09-02T15:22:51+00:00
ChIJ6_WfJ3dmXj4RZQmzEt54c2U,Rival beauty lounge,DIRECT,beauty_salon,beauty_salon,Beauty salon,"beauty_salon, point_of_interest, service, establishment",Abu Dhabi - Mohamed Bin Zayed City - Z19 - Abu Dhabi,24.327073,54.539674899999994,4.7,1046.0,OPERATIONAL,+971 2 621 3251,,https://maps.google.com/?cid=7310319515344243045&g_mp=Cilnb29nbGUubWFwcy5wbGFjZXMudjEuUGxhY2VzLlNlYXJjaE5lYXJieRACGAQgAA,Monday: 11:00 AM – 9:00 PM | Tuesday: 11:00 AM – 9:00 PM | Wednesday: 11:00 AM – 9:00 PM | Thursday: 11:00 AM – 9:00 PM | Friday: 11:00 AM – 9:00 PM | Saturday: 11:00 AM – 9:00 PM | Sunday: 11:00 AM – 9:00 PM,Google Places API (New) Nearby Search,2026-09-02T15:22:51+00:00
ChIJ2WaRquVrXz4R1MMWYgz0O-Q,"Jazz Lounge Spa for Men - Umm Suqeim St, Dubai",DIRECT,"beauty_salon, hair_salon, nail_salon",spa,Spa,"spa, nail_salon, hair_salon, massage_spa, beauty_salon, barber_shop, hair_care, massage, service, health, point_of_interest, establishment","Shop No. 4, Avenues 93&94 - شارع أم سقيم - البرشاء الثانية - دبي",25.108303,55.222991,4.7,1030.0,OPERATIONAL,+971 4 345 0036,http://www.jazzloungespa.com/,https://maps.google.com/?cid=16446006798295942100&g_mp=Cilnb29nbGUubWFwcy5wbGFjZXMudjEuUGxhY2VzLlNlYXJjaE5lYXJieRACGAQgAA,Monday: 10:00 AM – 11:00 PM | Tuesday: 10:00 AM – 11:00 PM | Wednesday: 10:00 AM – 11:00 PM | Thursday: 10:00 AM – 11:00 PM | Friday: 10:00 AM – 11:00 PM | Saturday: 10:00 AM – 11:00 PM | Sunday: 10:00 AM – 11:00 PM,Google Places API (New) Nearby Search,2026-09-02T15:22:51+00:00
ChIJo1JRnlFCXz4RVJHo6TowGps,Novomed - Jumeirah 1,DIRECT,beauty_salon,medical_clinic,Medical clinic,"medical_clinic, skin_care_clinic, hair_care, beauty_salon, doctor, health, point_of_interest, service, establishment",St. 10c • Villa 41 - behind Jumeirah plaza - Jumeira First - Jumeirah 1 - Dubai,25.2285346,55.262139299999994,4.6,1028.0,OPERATIONAL,+971 800 6686,https://www.novomed.com/,https://maps.google.com/?cid=11176298454863876436&g_mp=Cilnb29nbGUubWFwcy5wbGFjZXMudjEuUGxhY2VzLlNlYXJjaE5lYXJieRACGAQgAA,Monday: 9:00 AM – 9:00 PM | Tuesday: 9:00 AM – 7:00 PM | Wednesday: 9:00 AM – 9:00 PM | Thursday: 9:00 AM – 7:00 PM | Friday: 10:00 AM – 6:00 PM | Saturday: 10:00 AM – 6:00 PM | Sunday: 10:00 AM – 7:00 PM,Google Places API (New) Nearby Search,2026-09-02T15:22:51+00:00
ChIJX56uiH1FXj4R0q65jZPBHjU,Tips and Toes Yas Mall,DIRECT,beauty_salon,beauty_salon,Beauty salon,"beauty_salon, point_of_interest, service, establishment",Yas Mall - Lower ground floor - Yas Island - YS1 - Abu Dhabi,24.489139899999998,54.610155299999995,4.2,1021.0,OPERATIONAL,+971 600 586848,http://www.tipsandtoes.com/,https://maps.google.com/?cid=3827709572793609938&g_mp=Cilnb29nbGUubWFwcy5wbGFjZXMudjEuUGxhY2VzLlNlYXJjaE5lYXJieRACGAQgAA,Monday: 10:00 AM – 1:00 AM | Tuesday: 10:00 AM – 1:00 AM | Wednesday: 10:00 AM – 1:00 AM | Thursday: 10:00 AM – 1:00 AM | Friday: 10:00 AM – 1:00 AM | Saturday: 10:00 AM – 1:00 AM | Sunday: 10:00 AM – 1:00 AM,Google Places API (New) Nearby Search,2026-09-02T15:22:51+00:00
ChIJae_1NFRJXj4RCUMrko0sCNc,nails the modern manicure studio - My City Centre Masdar Branch,DIRECT,"beauty_salon, nail_salon",nail_salon,Nail salon,"nail_salon, beauty_salon, point_of_interest, service, establishment","First Floor, My City Centre - Masdar City - SE45 05 - Abu Dhabi",24.4290786,54.6201872,4.8,1007.0,OPERATIONAL,+971 2 885 6000,http://www.nails.ae/,https://maps.google.com/?cid=15494683504522511113&g_mp=Cilnb29nbGUubWFwcy5wbGFjZXMudjEuUGxhY2VzLlNlYXJjaE5lYXJieRACGAQgAA,Monday: 10:00 AM – 10:00 PM | Tuesday: 10:00 AM – 10:00 PM | Wednesday: 10:00 AM – 10:00 PM | Thursday: 10:00 AM – 10:00 PM | Friday: 10:00 AM – 10:00 PM | Saturday: 10:00 AM – 10:00 PM | Sunday: 10:00 AM – 10:00 PM,Google Places API (New) Nearby Search,2026-09-02T15:22:51+00:00
ChIJv_FEbKdsXz4RS0OpAt_a7WA,Brow Studio,DIRECT,beauty_salon,beauty_salon,Beauty salon,"beauty_salon, point_of_interest, service, establishment","Tower, Al Seef Tower 2, JLT Cluster U - Lake Level - Al Thanyah Fifth - Jumeirah Lakes Towers - Dubai",25.08008,55.151826899999996,4.9,1000.0,OPERATIONAL,+971 54 401 6658,https://www.browstudiodubai.com/,https://maps.google.com/?cid=6984479248478716747&g_mp=Cilnb29nbGUubWFwcy5wbGFjZXMudjEuUGxhY2VzLlNlYXJjaE5lYXJieRACGAQgAA,Monday: 10:00 AM – 9:00 PM | Tuesday: 10:00 AM – 9:00 PM | Wednesday: 10:00 AM – 9:00 PM | Thursday: 10:00 AM – 9:00 PM | Friday: 10:00 AM – 9:00 PM | Saturday: 11:00 AM – 8:00 PM | Sunday: 10:00 AM – 9:00 PM,Google Places API (New) Nearby Search,2026-09-02T15:22:51+00:00
ChIJuUeP8ao4Xj4RxMi6isbzXA4,nails the modern manicure studio - Dalma Mall branch,DIRECT,nail_salon,nail_salon,Nail salon,"nail_salon, beauty_salon, service, point_of_interest, establishment","Ground Floor, Dalma Mall - مدينة أبوظبى الصناعية - ايكاد 1 - أبو ظبي",24.3349941,54.523683299999995,4.8,999.0,OPERATIONAL,+971 2 885 6000,http://nails.ae/,https://maps.google.com/?cid=1034970048444942532&g_mp=Cilnb29nbGUubWFwcy5wbGFjZXMudjEuUGxhY2VzLlNlYXJjaE5lYXJieRACGAQgAA,Monday: 10:00 AM – 10:00 PM | Tuesday: 10:00 AM – 10:00 PM | Wednesday: 10:00 AM – 10:00 PM | Thursday: 10:00 AM – 10:00 PM | Friday: 10:00 AM – 10:00 PM | Saturday: 10:00 AM – 10:00 PM | Sunday: 10:00 AM – 10:00 PM,Google Places API (New) Nearby Search,2026-09-02T15:22:51+00:00
ChIJEYbpRLxrXz4RfrljFpyTSe8,Cosmo Secrets Medical Center (Derma & Dental),DIRECT,beauty_salon,medical_center,Medical Center,"medical_center, dental_clinic, skin_care_clinic, beauty_salon, hospital, hair_care, dentist, medical_clinic, doctor, service, health, point_of_interest, establishment","Al Barsha Rd, Al Deyaar Building (near Novotel Suites Mall of Emirates 4th Floor, Office 407 Parking: B2 - 43, 44 & 45 - البرشاء الأولى - البرشاء - دبي",25.1171686,55.1966287,4.6,988.0,OPERATIONAL,+971 4 399 9717,http://cosmosecrets.ae/,https://maps.google.com/?cid=17242474946964470142&g_mp=Cilnb29nbGUubWFwcy5wbGFjZXMudjEuUGxhY2VzLlNlYXJjaE5lYXJieRACGAQgAA,Monday: 9:00 AM – 9:00 PM | Tuesday: 9:00 AM – 9:00 PM | Wednesday: 9:00 AM – 9:00 PM | Thursday: 9:00 AM – 9:00 PM | Friday: 9:00 AM – 9:00 PM | Saturday: 9:00 AM – 9:00 PM | Sunday: 9:00 AM – 9:00 PM,Google Places API (New) Nearby Search,2026-09-02T15:22:51+00:00
ChIJPUZqMdFDXz4Rime0wbcP7Cg,Naturals Salon,DIRECT,"hair_salon, nail_salon, spa",beauty_salon,Beauty salon,"beauty_salon, makeup_artist, hair_salon, nail_salon, hair_care, massage_spa, spa, massage, point_of_interest, service, establishment",Building No 5123 No 2 - opposite Safari Mall - Muweilah - Industrial Area - Sharjah,25.305938299999998,55.452243800000005,4.9,985.0,OPERATIONAL,+971 50 177 6791,https://salons.naturals.in/uae/naturals-salon-beauty-salons-muweilah-sharjah-343329/Home?utm_source=locator&utm_medium=googleplaces,https://maps.google.com/?cid=2948749137924089738&g_mp=Cilnb29nbGUubWFwcy5wbGFjZXMudjEuUGxhY2VzLlNlYXJjaE5lYXJieRACGAQgAA,Monday: 11:00 AM – 11:00 PM | Tuesday: 11:00 AM – 11:00 PM | Wednesday: 11:00 AM – 11:00 PM | Thursday: 11:00 AM – 11:00 PM | Friday: 11:00 AM – 11:00 PM | Saturday: 11:00 AM – 11:00 PM | Sunday: 11:00 AM – 11:00 PM,Google Places API (New) Nearby Search,2026-09-02T15:22:51+00:00
ChIJIWnOw6xnXz4RUEkZG9Bb87M,Beauty Room Salon & Spa,DIRECT,beauty_salon,beauty_salon,Beauty salon,"beauty_salon, point_of_interest, service, establishment",59RV+32 Mall - Union Coop - Nadd Al Hamar - Dubai,25.1909501,55.392663299999995,4.8,957.0,OPERATIONAL,+971 4 289 4033,http://www.beautyroomspa.com/,https://maps.google.com/?cid=12966808701495757136&g_mp=Cilnb29nbGUubWFwcy5wbGFjZXMudjEuUGxhY2VzLlNlYXJjaE5lYXJieRACGAQgAA,Monday: 10:00 AM – 10:00 PM | Tuesday: 10:00 AM – 10:00 PM | Wednesday: 10:00 AM – 10:00 PM | Thursday: 10:00 AM – 10:00 PM | Friday: 10:00 AM – 10:00 PM | Saturday: 10:00 AM – 10:00 PM | Sunday: 10:00 AM – 10:00 PM,Google Places API (New) Nearby Search,2026-09-02T15:22:51+00:00
ChIJYfXpV6tsXz4RKKjGHXHCBpc,Dreamworks Spa | Cascades Tower Dubai Marina,DIRECT,"beauty_salon, spa",spa,Spa,"massage_spa, massage, spa, beauty_salon, health, point_of_interest, service, establishment",Cascades Tower - Al Marsa St - Dubai Marina - Dubai,25.072940799999998,55.1382426,4.7,950.0,OPERATIONAL,+971 4 368 9408,https://dreamworks.ae/locations/marina-cascades/,https://maps.google.com/?cid=10882599340674033704&g_mp=Cilnb29nbGUubWFwcy5wbGFjZXMudjEuUGxhY2VzLlNlYXJjaE5lYXJieRACGAQgAA,Monday: 10:00 AM – 12:00 AM | Tuesday: 10:00 AM – 12:00 AM | Wednesday: 10:00 AM – 12:00 AM | Thursday: 10:00 AM – 12:00 AM | Friday: 10:00 AM – 12:00 AM | Saturday: 10:00 AM – 12:00 AM | Sunday: 10:00 AM – 12:00 AM,Google Places API (New) Nearby Search,2026-09-02T15:22:51+00:00
ChIJ7_DtXKFsXz4R50Jlrade44Y,American Medical Center JLT,DIRECT,beauty_salon,dental_clinic,Dental clinic,"dental_clinic, hair_care, beauty_salon, doctor, medical_clinic, health, point_of_interest, service, establishment","Jumeirah Lakes Towers 101, First Floor Red Diamond Building, Opposite to Cluster Y - الثنيه الخامسة - دبي",25.077209699999997,55.1552387,4.5,936.0,OPERATIONAL,+971 52 641 0764,https://americanmedicalcenteruae.com/,https://maps.google.com/?cid=9719716495057306343&g_mp=Cilnb29nbGUubWFwcy5wbGFjZXMudjEuUGxhY2VzLlNlYXJjaE5lYXJieRACGAQgAA,Monday: 9:00 AM – 11:00 PM | Tuesday: 9:00 AM – 11:00 PM | Wednesday: 9:00 AM – 11:00 PM | Thursday: 9:00 AM – 11:00 PM | Friday: 9:00 AM – 11:00 PM | Saturday: 9:00 AM – 11:00 PM | Sunday: 9:00 AM – 11:00 PM,Google Places API (New) Nearby Search,2026-09-02T15:22:51+00:00
ChIJw5hG6zZqXz4RMwxx2F-B6QE,Salon Afrina Beauty & Henna - Jumeirah,DIRECT,beauty_salon,beauty_salon,Beauty salon,"beauty_salon, point_of_interest, service, establishment",193 Jumeira St - Jumeira First - Jumeirah 1 - Dubai,25.2138772,55.249853900000005,4.6,930.0,OPERATIONAL,+971 4 328 2443,http://www.afrina.com/,https://maps.google.com/?cid=137783512264674355&g_mp=Cilnb29nbGUubWFwcy5wbGFjZXMudjEuUGxhY2VzLlNlYXJjaE5lYXJieRACGAQgAA,Monday: 10:00 AM – 10:00 PM | Tuesday: 10:00 AM – 10:00 PM | Wednesday: 10:00 AM – 10:00 PM | Thursday: 10:00 AM – 10:00 PM | Friday: 10:00 AM – 10:00 PM | Saturday: 10:00 AM – 10:00 PM | Sunday: 10:00 AM – 10:00 PM,Google Places API (New) Nearby Search,2026-09-02T15:22:51+00:00
ChIJwRaGWBhmXj4RxIYcRLEl2qM,Adam & Eve Cosmetic & Wellness Medical Center,DIRECT,"beauty_salon, spa",medical_center,Medical Center,"medical_center, skin_care_clinic, massage_spa, hair_care, massage, spa, beauty_salon, doctor, hospital, medical_clinic, health, point_of_interest, service, establishment",Villa NO: 209 Al Karamah St - near SKMC - Al Manhal - W14 02 - Abu Dhabi,24.4652766,54.3668681,4.5,926.0,OPERATIONAL,+971 2 621 9996,https://adamandeve-ae.com/,https://maps.google.com/?cid=11806790816387335876&g_mp=Cilnb29nbGUubWFwcy5wbGFjZXMudjEuUGxhY2VzLlNlYXJjaE5lYXJieRACGAQgAA,Monday: 10:00 AM – 9:00 PM | Tuesday: 10:00 AM – 9:00 PM | Wednesday: 10:00 AM – 9:00 PM | Thursday: 10:00 AM – 9:00 PM | Friday: 10:00 AM – 9:00 PM | Saturday: 11:00 AM – 7:00 PM | Sunday: 10:00 AM – 9:00 PM,Google Places API (New) Nearby Search,2026-09-02T15:22:51+00:00
ChIJjXtdokFtXz4RL83O2a0D6ZE,Lish Beauty Bar - JLT,DIRECT,beauty_salon,beauty_salon,Beauty salon,"beauty_salon, point_of_interest, service, establishment",Cluster M - Al Thanyah Fifth - Jumeirah Lakes Towers - Dubai,25.0642844,55.1381435,4.9,904.0,OPERATIONAL,+971 58 583 3765,http://www.lishbeautybar.com/,https://maps.google.com/?cid=10513938850291567919&g_mp=Cilnb29nbGUubWFwcy5wbGFjZXMudjEuUGxhY2VzLlNlYXJjaE5lYXJieRACGAQgAA,Monday: 11:00 AM – 9:00 PM | Tuesday: 10:00 AM – 9:00 PM | Wednesday: 10:00 AM – 9:00 PM | Thursday: 10:00 AM – 9:00 PM | Friday: 10:00 AM – 9:00 PM | Saturday: 10:00 AM – 9:00 PM | Sunday: 10:00 AM – 9:00 PM,Google Places API (New) Nearby Search,2026-09-02T15:22:51+00:00
ChIJ93WxzyVGXj4RV-nEwzu_2CI,"Tara Rose Salons - Khalifa City A, Abu Dhabi",DIRECT,"beauty_salon, hair_salon, nail_salon",hair_salon,Hair salon,"nail_salon, hair_salon, hair_care, beautician, beauty_salon, point_of_interest, service, establishment","Khalifa City A, Street 26, Villa 198, Near Adnoc Petrol Station - مدينة خليفة - حوض 15 - أبو ظبي",24.4102858,54.603468,4.8,904.0,OPERATIONAL,+971 2 583 2065,https://www.tararosesalon.com/en/ae/locations/abu-dhabi/khalifa-city/,https://maps.google.com/?cid=2510967055667489111&g_mp=Cilnb29nbGUubWFwcy5wbGFjZXMudjEuUGxhY2VzLlNlYXJjaE5lYXJieRACGAQgAA,Monday: 9:00 AM – 8:00 PM | Tuesday: 9:00 AM – 8:00 PM | Wednesday: 9:00 AM – 8:00 PM | Thursday: 9:00 AM – 8:00 PM | Friday: 9:00 AM – 8:00 PM | Saturday: 9:00 AM – 8:00 PM | Sunday: 9:00 AM – 8:00 PM,Google Places API (New) Nearby Search,2026-09-02T15:22:51+00:00
ChIJcb1OvglBXj4Rpj4qKbJJoW0,Le Beautique Spa Center,DIRECT,"beauty_salon, spa",beauty_salon,Beauty salon,"beauty_salon, spa, point_of_interest, service, establishment",Villa 37 Alsayed Mosa Mohamed Alhashmi St - Rabdan - RB7 - Abu Dhabi,24.4084419,54.5060941,4.4,902.0,OPERATIONAL,+971 2 558 5321,,https://maps.google.com/?cid=7899676250928201382&g_mp=Cilnb29nbGUubWFwcy5wbGFjZXMudjEuUGxhY2VzLlNlYXJjaE5lYXJieRACGAQgAA,Monday: 10:00 AM – 10:00 PM | Tuesday: 10:00 AM – 10:00 PM | Wednesday: 10:00 AM – 10:00 PM | Thursday: 10:00 AM – 10:00 PM | Friday: 10:00 AM – 10:00 PM | Saturday: 10:00 AM – 10:00 PM | Sunday: 10:00 AM – 10:00 PM,Google Places API (New) Nearby Search,2026-09-02T15:22:51+00:00
ChIJp9ytd6ixij4RjF79c_A7Clk,OCEAN BEAUTY CENTER- Alkhabisi (main branch),DIRECT,beauty_salon,beauty_salon,Beauty salon,"beauty_salon, service, point_of_interest, establishment",St - 131 Shakhboot Bin Sultan St - Al Khibeesi - Al Sidrah - Abu Dhabi,24.2190032,55.6873735,4.6,895.0,OPERATIONAL,+971 4 517 9797,https://instagram.com/oceanbeautycenter,https://maps.google.com/?cid=6416006523066867340&g_mp=Cilnb29nbGUubWFwcy5wbGFjZXMudjEuUGxhY2VzLlNlYXJjaE5lYXJieRACGAQgAA,Monday: 10:00 AM – 10:00 PM | Tuesday: 10:00 AM – 10:00 PM | Wednesday: 10:00 AM – 10:00 PM | Thursday: 10:00 AM – 10:00 PM | Friday: 10:00 AM – 10:00 PM | Saturday: 10:00 AM – 10:00 PM | Sunday: 10:00 AM – 10:00 PM,Google Places API (New) Nearby Search,2026-09-02T15:22:51+00:00
ChIJN9iT5I9fXz4Ra9wX-HJfdKQ,Touch Beauty Centre,DIRECT,beauty_salon,beauty_salon,Beauty salon,"beauty_salon, point_of_interest, service, establishment",Muwaileh - Muwaileh Commercial - Industrial Area - Sharjah,25.3106178,55.4560764,4.8,878.0,OPERATIONAL,+971 54 370 4444,,https://maps.google.com/?cid=11850201466911841387&g_mp=Cilnb29nbGUubWFwcy5wbGFjZXMudjEuUGxhY2VzLlNlYXJjaE5lYXJieRACGAQgAA,Monday: 11:00 AM – 10:00 PM | Tuesday: 11:00 AM – 10:00 PM | Wednesday: 11:00 AM – 10:00 PM | Thursday: 11:00 AM – 10:00 PM | Friday: 11:00 AM – 10:00 PM | Saturday: 11:00 AM – 10:00 PM | Sunday: 11:00 AM – 10:00 PM,Google Places API (New) Nearby Search,2026-09-02T15:22:51+00:00
ChIJywlzodE5Xj4RF1q0f3U82vs,"My Look Ladies Beauty Lounge, Mussafah",DIRECT,"beauty_salon, hair_salon, nail_salon, spa",beauty_salon,Beauty salon,"beauty_salon, nail_salon, massage_spa, hair_salon, hair_care, massage, spa, point_of_interest, service, establishment",Fresh Fruit Mart Building - Mezzanine Floor 04 - near Layali AlSham Restaurant - Mohamed Bin Zayed City - ME10 - Abu Dhabi,24.3295148,54.5366401,4.6,872.0,OPERATIONAL,+971 56 669 3421,,https://maps.google.com/?cid=18147884123794201111&g_mp=Cilnb29nbGUubWFwcy5wbGFjZXMudjEuUGxhY2VzLlNlYXJjaE5lYXJieRACGAQgAA,Monday: 9:30 AM – 10:00 PM | Tuesday: 9:30 AM – 10:00 PM | Wednesday: 9:30 AM – 10:00 PM | Thursday: 9:30 AM – 10:00 PM | Friday: 9:30 AM – 10:00 PM | Saturday: 9:30 AM – 10:00 PM | Sunday: 9:30 AM – 10:00 PM,Google Places API (New) Nearby Search,2026-09-02T15:22:51+00:00
ChIJC5OFi0BHXj4RAuJqyhWbkJY,Tips And Toes,DIRECT,beauty_salon,beauty_salon,Beauty salon,"beauty_salon, point_of_interest, service, establishment",9G6R+MXV - Villa No 143 - 78 Tawi Marqab St - Mohamed Bin Zayed City - Z6 - Abu Dhabi,24.3593227,54.5406859,4.4,867.0,OPERATIONAL,+971 2 564 1880,https://www.tipsandtoes.com/en/,https://maps.google.com/?cid=10849342020228145666&g_mp=Cilnb29nbGUubWFwcy5wbGFjZXMudjEuUGxhY2VzLlNlYXJjaE5lYXJieRACGAQgAA,Monday: 10:00 AM – 10:00 PM | Tuesday: 10:00 AM – 10:00 PM | Wednesday: 10:00 AM – 10:00 PM | Thursday: 10:00 AM – 10:00 PM | Friday: 10:00 AM – 10:00 PM | Saturday: 10:00 AM – 10:00 PM | Sunday: 10:00 AM – 10:00 PM,Google Places API (New) Nearby Search,2026-09-02T15:22:51+00:00
ChIJxwcPV5VZXz4R2bv268leaCc,Shatha Beauty Centre,DIRECT,"beauty_salon, hair_salon, nail_salon, spa",beauty_salon,Beauty salon,"beauty_salon, nail_salon, hair_salon, massage_spa, spa, makeup_artist, hair_care, massage, service, point_of_interest, establishment",شارع الشيخ محمد بن صقر القاسمي ضاحية الرقة الجزّات فيلا 208 - الجزات - ضاحية الرقة - الشارقة,25.363868099999998,55.4206959,4.9,861.0,OPERATIONAL,+971 6 555 0357,https://shathabeautycentre.ae/,https://maps.google.com/?cid=2839623786397350873&g_mp=Cilnb29nbGUubWFwcy5wbGFjZXMudjEuUGxhY2VzLlNlYXJjaE5lYXJieRACGAQgAA,Monday: 10:00 AM – 9:00 PM | Tuesday: 10:00 AM – 9:00 PM | Wednesday: 10:00 AM – 9:00 PM | Thursday: 10:00 AM – 9:00 PM | Friday: 10:00 AM – 9:00 PM | Saturday: 10:00 AM – 9:00 PM | Sunday: 10:00 AM – 9:00 PM,Google Places API (New) Nearby Search,2026-09-02T15:22:51+00:00
ChIJ34IzryZtXz4RDy5TFmd5NBU,Derma One Aesthetic Center - Cosmetic Centre Dubai,DIRECT,"beauty_salon, spa",skin_care_clinic,Skin care clinic,"skin_care_clinic, massage_spa, hair_care, massage, spa, beautician, beauty_salon, doctor, medical_clinic, health, point_of_interest, service, establishment",348Q+294 - Cluster M - Al Thanyah Fifth - Jumeirah Lakes Towers - Dubai,25.0650014,55.138459,4.8,857.0,OPERATIONAL,+971 55 555 7231,https://dermaone.ae/?utm_source=gmb,https://maps.google.com/?cid=1527979657248583183&g_mp=Cilnb29nbGUubWFwcy5wbGFjZXMudjEuUGxhY2VzLlNlYXJjaE5lYXJieRACGAQgAA,Monday: 9:00 AM – 9:00 PM | Tuesday: 9:00 AM – 9:00 PM | Wednesday: 9:00 AM – 9:00 PM | Thursday: 9:00 AM – 9:00 PM | Friday: 9:00 AM – 7:00 PM | Saturday: 9:00 AM – 9:00 PM | Sunday: 9:00 AM – 9:00 PM,Google Places API (New) Nearby Search,2026-09-02T15:22:51+00:00
ChIJzSiHIWZCXz4R4AUDZEiN6xU,1847 Grooming for Men City Walk Boulevard,DIRECT,"hair_salon, nail_salon",barber_shop,Barber shop,"barber_shop, nail_salon, massage_spa, hair_salon, hair_care, massage, spa, beauty_salon, health, point_of_interest, service, establishment",City Walk - Bldg 11A - 2 Happiness St - Al Wasl - Dubai,25.2038688,55.2622256,4.8,844.0,OPERATIONAL,+971 800 1847,https://1847formen.com/location/1847-citywalk/,https://maps.google.com/?cid=1579511436378572256&g_mp=Cilnb29nbGUubWFwcy5wbGFjZXMudjEuUGxhY2VzLlNlYXJjaE5lYXJieRACGAQgAA,Monday: 9:00 AM – 10:00 PM | Tuesday: 9:00 AM – 10:00 PM | Wednesday: 9:00 AM – 10:00 PM | Thursday: 9:00 AM – 10:00 PM | Friday: 9:00 AM – 10:00 PM | Saturday: 9:00 AM – 10:00 PM | Sunday: 9:00 AM – 10:00 PM,Google Places API (New) Nearby Search,2026-09-02T15:22:51+00:00
ChIJa1olWx9hXz4Rez4OqrBJ3ZE,MIA BELLA BEAUTY LOUNGE,DIRECT,beauty_salon,beauty_salon,Beauty salon,"beauty_salon, point_of_interest, service, establishment",Khawaneej 1 - Al Khawaneej St - Al Khawaneej - Al Khawaneej 1 - Dubai,25.2328546,55.4738562,4.4,838.0,OPERATIONAL,+971 600 560642,http://www.miabellalounge.com/,https://maps.google.com/?cid=10510638128468737659&g_mp=Cilnb29nbGUubWFwcy5wbGFjZXMudjEuUGxhY2VzLlNlYXJjaE5lYXJieRACGAQgAA,Monday: 10:00 AM – 10:00 PM | Tuesday: 10:00 AM – 10:00 PM | Wednesday: 10:00 AM – 10:00 PM | Thursday: 10:00 AM – 10:00 PM | Friday: 10:00 AM – 10:00 PM | Saturday: 10:00 AM – 10:00 PM | Sunday: 10:00 AM – 10:00 PM,Google Places API (New) Nearby Search,2026-09-02T15:22:51+00:00
ChIJ98d6OJ1oXj4RGQ8-o1qspv4,Polish Nails Care and More Salon | Best Ladies Salon - Nail Spa,DIRECT,"beauty_salon, hair_salon, nail_salon, spa",beauty_salon,Beauty salon,"beauty_salon, makeup_artist, hair_salon, nail_salon, hair_care, spa, point_of_interest, service, establishment","Al Muthhil Street, Rawdhat Abu Dhabi Al Rawdha Residence C98 - المنتزه - شرق 48 - أبو ظبي",24.4184132,54.4673503,4.8,838.0,OPERATIONAL,+971 2 445 2053,http://www.polishsalonuae.ae/,https://maps.google.com/?cid=18349543237053452057&g_mp=Cilnb29nbGUubWFwcy5wbGFjZXMudjEuUGxhY2VzLlNlYXJjaE5lYXJieRACGAQgAA,Monday: 10:00 AM – 9:00 PM | Tuesday: 10:00 AM – 9:00 PM | Wednesday: 10:00 AM – 9:00 PM | Thursday: 10:00 AM – 9:00 PM | Friday: 10:00 AM – 9:00 PM | Saturday: 10:00 AM – 9:00 PM | Sunday: 10:00 AM – 9:00 PM,Google Places API (New) Nearby Search,2026-09-02T15:22:51+00:00
ChIJV_fiWINnXj4RSVmfyhdlhnI,Maiyas Beauty Salon - By Maiyas Makeup Artist,DIRECT,"hair_salon, nail_salon",beauty_salon,Beauty salon,"beauty_salon, nail_salon, hair_salon, makeup_artist, hair_care, service, point_of_interest, establishment",Al Hisn St - شارع خليفة بن زايد الأول - الحصن - المركزية غرب - أبو ظبي,24.485785099999998,54.3530307,4.7,835.0,OPERATIONAL,+971 58 538 8999,http://www.maiyasbeauty.com/,https://maps.google.com/?cid=8252394520061106505&g_mp=Cilnb29nbGUubWFwcy5wbGFjZXMudjEuUGxhY2VzLlNlYXJjaE5lYXJieRACGAQgAA,Monday: 11:00 AM – 10:00 PM | Tuesday: 11:00 AM – 10:00 PM | Wednesday: 11:00 AM – 10:00 PM | Thursday: 11:00 AM – 10:00 PM | Friday: 11:00 AM – 10:00 PM | Saturday: 11:00 AM – 10:00 PM | Sunday: 11:00 AM – 10:00 PM,Google Places API (New) Nearby Search,2026-09-02T15:22:51+00:00
ChIJbSj5iMdfXz4RouJhJae2yms,HERMOSA MEDICAL CENTER,DIRECT,beauty_salon,medical_center,Medical Center,"medical_center, skin_care_clinic, hair_care, physiotherapist, dental_clinic, beauty_salon, doctor, body_art_service, hospital, medical_clinic, health, point_of_interest, service, establishment",Muwaileh Commercial - Industrial Area - Sharjah,25.3105173,55.459810499999996,4.4,832.0,OPERATIONAL,+971 6 535 5507,http://www.hermosa.ae/,https://maps.google.com/?cid=7767221336356807330&g_mp=Cilnb29nbGUubWFwcy5wbGFjZXMudjEuUGxhY2VzLlNlYXJjaE5lYXJieRACGAQgAA,Monday: 9:00 AM – 11:00 PM | Tuesday: 9:00 AM – 11:00 PM | Wednesday: 9:00 AM – 11:00 PM | Thursday: 9:00 AM – 11:00 PM | Friday: 1:00 – 9:00 PM | Saturday: 9:00 AM – 11:00 PM | Sunday: 9:00 AM – 11:00 PM,Google Places API (New) Nearby Search,2026-09-02T15:22:51+00:00
ChIJl_G_HOFZXz4R2PnapI98n0o,Weneya Beauty center ( samnan BR ),DIRECT,"beauty_salon, nail_salon, spa",beauty_salon,Beauty salon,"beauty_salon, nail_salon, sauna, massage_spa, spa, coffee_shop, makeup_artist, cafe, hair_care, massage, public_bath, food_store, store, service, health, food, point_of_interest, establishment",Sheikh Zayed St - Samnan - Halwan - Sharjah,25.3415093,55.4274232,4.7,832.0,OPERATIONAL,+971 50 773 1172,https://www.instagram.com/weneyabeauty?igsh=MjBteGhqNnN1aHoy&utm_source=qr,https://maps.google.com/?cid=5377153436491643352&g_mp=Cilnb29nbGUubWFwcy5wbGFjZXMudjEuUGxhY2VzLlNlYXJjaE5lYXJieRACGAQgAA,Monday: 10:00 AM – 10:00 PM | Tuesday: 10:00 AM – 10:00 PM | Wednesday: 10:00 AM – 10:00 PM | Thursday: 10:00 AM – 10:00 PM | Friday: 10:00 AM – 10:00 PM | Saturday: 10:00 AM – 10:00 PM | Sunday: 10:00 AM – 10:00 PM,Google Places API (New) Nearby Search,2026-09-02T15:22:51+00:00
ChIJ_d4g4-lrXz4RtpM9Wz9xhsc,Tips and Toes,DIRECT,"beauty_salon, hair_salon, nail_salon, spa",spa,Spa,"nail_salon, hair_salon, beauty_salon, spa, hair_care, service, point_of_interest, establishment",Plot # 376-2558 - شارع أم سقيم - البرشاء الثانية - البرشاء - دبي,25.1105786,55.2192861,4.2,825.0,OPERATIONAL,+971 600 586848,https://www.tipsandtoes.com/en/?utm_source=google&utm_campaign=local_search&utm_medium=organic,https://maps.google.com/?cid=14377303377354527670&g_mp=Cilnb29nbGUubWFwcy5wbGFjZXMudjEuUGxhY2VzLlNlYXJjaE5lYXJieRACGAQgAA,Monday: 10:00 AM – 10:00 PM | Tuesday: 10:00 AM – 10:00 PM | Wednesday: 10:00 AM – 10:00 PM | Thursday: 10:00 AM – 10:00 PM | Friday: 10:00 AM – 10:00 PM | Saturday: 10:00 AM – 10:00 PM | Sunday: 10:00 AM – 10:00 PM,Google Places API (New) Nearby Search,2026-09-02T15:22:51+00:00
ChIJEc1fmAVhXz4R7ZoJpS7G1kI,X Hair Lounge Gents Barber,DIRECT,hair_salon,barber_shop,Barber shop,"barber_shop, hair_salon, hair_care, health, point_of_interest, service, establishment",Sheikh Mohammed Bin Zayed Rd Mirdif City center - مردف - دبي,25.2178082,55.4085149,4.8,822.0,OPERATIONAL,+971 4 222 0028,http://www.xhairlounge.com/,https://maps.google.com/?cid=4816254755158989549&g_mp=Cilnb29nbGUubWFwcy5wbGFjZXMudjEuUGxhY2VzLlNlYXJjaE5lYXJieRACGAQgAA,Monday: 10:00 AM – 10:00 PM | Tuesday: 10:00 AM – 10:00 PM | Wednesday: 10:00 AM – 10:00 PM | Thursday: 10:00 AM – 10:00 PM | Friday: 10:00 AM – 12:00 AM | Saturday: 10:00 AM – 12:00 AM | Sunday: 10:00 AM – 12:00 AM,Google Places API (New) Nearby Search,2026-09-02T15:22:51+00:00
ChIJHeslLLBHXj4R2k220ct8BWA,Boho Salon,DIRECT,hair_salon,hair_salon,Hair salon,"hair_salon, hair_care, point_of_interest, service, establishment",Khalifa City - Al Rayyana - Abu Dhabi,24.411804099999998,54.5363769,4.8,821.0,OPERATIONAL,+971 2 546 6996,http://bohosalon.ae/,https://maps.google.com/?cid=6919073617363226074&g_mp=Cilnb29nbGUubWFwcy5wbGFjZXMudjEuUGxhY2VzLlNlYXJjaE5lYXJieRACGAQgAA,Monday: 12:00 – 9:00 PM | Tuesday: 12:00 – 9:00 PM | Wednesday: 9:00 AM – 9:00 PM | Thursday: 9:00 AM – 9:00 PM | Friday: 9:00 AM – 6:00 PM | Saturday: 9:00 AM – 6:00 PM | Sunday: 9:00 AM – 6:00 PM,Google Places API (New) Nearby Search,2026-09-02T15:22:51+00:00
ChIJKYc-EWBfXz4RkNN7aXLiX_A,The Loft Fifth Avenue Beauty Lounge - City Centre Al Zahia,DIRECT,"hair_salon, nail_salon",beauty_salon,Beauty salon,"beauty_salon, hair_salon, nail_salon, hair_care, massage_spa, spa, massage, point_of_interest, service, establishment",Industrial Area - الزاهية - Sharjah - City Centre Alzahia - Level 3 Entrance B - تجارية مويلح - الزاهية - إمارة الشارقةّ,25.3154315,55.454970499999995,4.7,801.0,OPERATIONAL,+971 6 510 5565,https://theloftfifthavenue.com/ae/en/salon/hair-and-beauty-salon-in-city-centre-al-zahia,https://maps.google.com/?cid=17320811672914088848&g_mp=Cilnb29nbGUubWFwcy5wbGFjZXMudjEuUGxhY2VzLlNlYXJjaE5lYXJieRACGAQgAA,Monday: 10:00 AM – 10:00 PM | Tuesday: 10:00 AM – 10:00 PM | Wednesday: 10:00 AM – 10:00 PM | Thursday: 10:00 AM – 10:00 PM | Friday: 10:00 AM – 10:00 PM | Saturday: 10:00 AM – 10:00 PM | Sunday: 10:00 AM – 10:00 PM,Google Places API (New) Nearby Search,2026-09-02T15:22:51+00:00
ChIJq8ya9SdhXz4RQsK6_4hgzls,R N J Ladies Salon,DIRECT,beauty_salon,beauty_salon,Beauty salon,"beauty_salon, point_of_interest, service, establishment",Mirdif Hills Avenue - Shop # 31 78th St - Mirdif - Dubai,25.2234028,55.441418399999996,4.9,794.0,OPERATIONAL,+971 50 266 8108,https://www.rnjladiessalon.com/,https://maps.google.com/?cid=6615331044176085570&g_mp=Cilnb29nbGUubWFwcy5wbGFjZXMudjEuUGxhY2VzLlNlYXJjaE5lYXJieRACGAQgAA,Monday: 10:00 AM – 12:00 AM | Tuesday: 10:00 AM – 12:00 AM | Wednesday: 10:00 AM – 12:00 AM | Thursday: 10:00 AM – 12:00 AM | Friday: 10:00 AM – 12:00 AM | Saturday: 10:00 AM – 12:00 AM | Sunday: 10:00 AM – 12:00 AM,Google Places API (New) Nearby Search,2026-09-02T15:22:51+00:00
ChIJxZWfPCFZXz4RrR7kgogRbRs,Afrina Beauty Henna & Training Center Al Khezamia,DIRECT,beauty_salon,beauty_salon,Beauty salon,"beauty_salon, point_of_interest, service, establishment",Sheikh Saud Bin Sultan Al Qasimi St - Al Khazamiya - Mughaider Suburb - Sharjah,25.3410397,55.443661,4.6,792.0,OPERATIONAL,+971 6 556 4002,http://www.afrina.com/,https://maps.google.com/?cid=1976255089494728365&g_mp=Cilnb29nbGUubWFwcy5wbGFjZXMudjEuUGxhY2VzLlNlYXJjaE5lYXJieRACGAQgAA,Monday: 10:00 AM – 10:00 PM | Tuesday: 10:00 AM – 10:00 PM | Wednesday: 10:00 AM – 10:00 PM | Thursday: 10:00 AM – 10:00 PM | Friday: 10:00 AM – 10:00 PM | Saturday: 10:00 AM – 10:00 PM | Sunday: 10:00 AM – 10:00 PM,Google Places API (New) Nearby Search,2026-09-02T15:22:51+00:00
ChIJ__-vrIlCXz4RU6n0DOZPvK0,Bespoke Beauty Studio,DIRECT,"hair_salon, nail_salon",beauty_salon,Beauty salon,"beauty_salon, nail_salon, makeup_artist, hair_salon, hair_care, point_of_interest, service, establishment",2302 Aspin Commercial Tower Financial Cente - شارع الشيخ زايد - المركز التجاري الأولي - دبي,25.2089625,55.272498399999996,4.3,789.0,OPERATIONAL,+971 4 388 7877,https://bespokebeautystudio.com/,https://maps.google.com/?cid=12518968913661569363&g_mp=Cilnb29nbGUubWFwcy5wbGFjZXMudjEuUGxhY2VzLlNlYXJjaE5lYXJieRACGAQgAA,Monday: 10:00 AM – 9:00 PM | Tuesday: 10:00 AM – 9:00 PM | Wednesday: 10:00 AM – 9:00 PM | Thursday: 10:00 AM – 9:00 PM | Friday: 10:00 AM – 9:00 PM | Saturday: 10:00 AM – 9:00 PM | Sunday: 10:00 AM – 9:00 PM,Google Places API (New) Nearby Search,2026-09-02T15:22:51+00:00
ChIJXUoCz0ZtXz4Res-r0ofyu3k,Bella Vie Salon and Spa,DIRECT,"hair_salon, nail_salon",beauty_salon,Beauty salon,"beauty_salon, nail_salon, massage_spa, hair_salon, hair_care, massage, spa, beautician, point_of_interest, service, establishment",Adress 39 - villa no 2 Hessa St - Al Barsha Third - Al Barsha - Dubai,25.0892303,55.1912716,4.8,778.0,OPERATIONAL,+971 4 235 5384,,https://maps.google.com/?cid=8771871364403154810&g_mp=Cilnb29nbGUubWFwcy5wbGFjZXMudjEuUGxhY2VzLlNlYXJjaE5lYXJieRACGAQgAA,Monday: 10:00 AM – 9:00 PM | Tuesday: 10:00 AM – 9:00 PM | Wednesday: 10:00 AM – 9:00 PM | Thursday: 10:00 AM – 9:00 PM | Friday: 10:00 AM – 9:00 PM | Saturday: 10:00 AM – 9:00 PM | Sunday: 10:00 AM – 9:00 PM,Google Places API (New) Nearby Search,2026-09-02T15:22:51+00:00
ChIJrxTUycpDXz4R_z1tNuPd2cA,Mas Nails salon -160 aed extension with design - walk in available,DIRECT,nail_salon,nail_salon,Nail salon,"nail_salon, beauty_salon, point_of_interest, service, establishment",Dubai Jewel Tower - Al Safouh Second - Dubai Internet City - Dubai,25.102311,55.171628,4.4,778.0,OPERATIONAL,+971 52 720 0490,https://instagram.com/nails_dubai_dxb?igshid=YmMyMTA2M2Y=,https://maps.google.com/?cid=13896382093168819711&g_mp=Cilnb29nbGUubWFwcy5wbGFjZXMudjEuUGxhY2VzLlNlYXJjaE5lYXJieRACGAQgAA,Monday: 10:00 AM – 11:00 PM | Tuesday: 10:00 AM – 11:00 PM | Wednesday: 10:00 AM – 11:00 PM | Thursday: 10:00 AM – 11:00 PM | Friday: 10:00 AM – 11:00 PM | Saturday: 10:00 AM – 11:00 PM | Sunday: 10:00 AM – 11:00 PM,Google Places API (New) Nearby Search,2026-09-02T15:22:51+00:00
ChIJIeJVLtz59D4RHrOhPQ9JV_M,SHATHA BEAUTY & SPA salon,DIRECT,beauty_salon,beauty_salon,Beauty salon,"beauty_salon, point_of_interest, service, establishment",Fujairah - Fujairah City Center - Fujairah,25.1215051,56.3263564,4.7,761.0,OPERATIONAL,+971 50 790 6083,,https://maps.google.com/?cid=17534564003997659934&g_mp=Cilnb29nbGUubWFwcy5wbGFjZXMudjEuUGxhY2VzLlNlYXJjaE5lYXJieRACGAQgAA,Monday: 10:00 AM – 10:00 PM | Tuesday: 10:00 AM – 10:00 PM | Wednesday: 10:00 AM – 10:00 PM | Thursday: 10:00 AM – 10:00 PM | Friday: 10:00 AM – 12:00 AM | Saturday: 10:00 AM – 12:00 AM | Sunday: 10:00 AM – 10:00 PM,Google Places API (New) Nearby Search,2026-09-02T15:22:51+00:00
ChIJ0UDwxztcXz4R_WI_BKhMQMo,Hala Alsham Ladies Salone,DIRECT,"beauty_salon, hair_salon, nail_salon, spa",beauty_salon,Beauty salon,"beauty_salon, nail_salon, massage_spa, hair_salon, hair_care, massage, spa, point_of_interest, service, establishment",Mall - Tripoli St - Al Warqa - Al Warqa 4 - Dubai,25.1984197,55.442307199999995,4.7,759.0,OPERATIONAL,+971 600 554252,https://www.instagram.com/hala_al_sham_beauty_center,https://maps.google.com/?cid=14573732678680404733&g_mp=Cilnb29nbGUubWFwcy5wbGFjZXMudjEuUGxhY2VzLlNlYXJjaE5lYXJieRACGAQgAA,Monday: 10:00 AM – 10:00 PM | Tuesday: 10:00 AM – 10:00 PM | Wednesday: 10:00 AM – 10:00 PM | Thursday: 10:00 AM – 10:00 PM | Friday: 10:00 AM – 10:00 PM | Saturday: 10:00 AM – 10:00 PM | Sunday: 10:00 AM – 10:00 PM,Google Places API (New) Nearby Search,2026-09-02T15:22:51+00:00
ChIJz9qrpidmXj4RRnRHjQcwj64,Canadian Medical Center CMC Abu Dhabi,DIRECT,beauty_salon,medical_center,Medical Center,"medical_center, chiropractor, hair_care, dentist, beauty_salon, doctor, hospital, medical_clinic, health, point_of_interest, service, establishment","Building number 1791, Villa number 1 - 13 Rashid Bin Saeed Al Maktoum St(2nd St) - Al Manhal - W15 02 - Abu Dhabi",24.462072,54.377133199999996,4.2,755.0,OPERATIONAL,+971 800 262,http://canadiancmc.com/,https://maps.google.com/?cid=12578325093262259270&g_mp=Cilnb29nbGUubWFwcy5wbGFjZXMudjEuUGxhY2VzLlNlYXJjaE5lYXJieRACGAQgAA,Monday: 9:00 AM – 9:00 PM | Tuesday: 9:00 AM – 9:00 PM | Wednesday: 9:00 AM – 9:00 PM | Thursday: 9:00 AM – 9:00 PM | Friday: 11:00 AM – 7:00 PM | Saturday: 11:00 AM – 7:00 PM | Sunday: 9:00 AM – 9:00 PM,Google Places API (New) Nearby Search,2026-09-02T15:22:51+00:00
ChIJ-YhJtkppXj4Rabaoqq1SQSw,Pink Me Up Beauty Lounge By Julia,DIRECT,beauty_salon,beauty_salon,Beauty salon,"beauty_salon, point_of_interest, service, establishment",villa 852 Al Khaleej Al Arabi St - Al Bateen - W21 - Abu Dhabi,24.440706,54.3698889,4.6,754.0,OPERATIONAL,+971 2 621 3925,http://www.byjulia.ae/,https://maps.google.com/?cid=3188920917001025129&g_mp=Cilnb29nbGUubWFwcy5wbGFjZXMudjEuUGxhY2VzLlNlYXJjaE5lYXJieRACGAQgAA,Monday: 10:00 AM – 10:00 PM | Tuesday: 10:00 AM – 10:00 PM | Wednesday: 10:00 AM – 10:00 PM | Thursday: 10:00 AM – 10:00 PM | Friday: 10:00 AM – 10:00 PM | Saturday: 10:00 AM – 10:00 PM | Sunday: 10:00 AM – 10:00 PM,Google Places API (New) Nearby Search,2026-09-02T15:22:51+00:00
ChIJnS98uac4Xj4R3BbG-ufXM_E,Vanitha Ladies Saloon - Mussafah Branch,DIRECT,beauty_salon,beauty_salon,Beauty salon,"beauty_salon, point_of_interest, service, establishment","Mezz 01 & 03, Mussafah-10 - Same building with Green Care Pharmacy - in front of Biryani Palace Restaurant - مدينة محمد بن زايد - محمد بن زايد شرق 10 - أبو ظبي",24.3362598,54.5343198,4.6,752.0,OPERATIONAL,+971 50 296 9590,https://vanithasalon.com/,https://maps.google.com/?cid=17380472778297579228&g_mp=Cilnb29nbGUubWFwcy5wbGFjZXMudjEuUGxhY2VzLlNlYXJjaE5lYXJieRACGAQgAA,Monday: 10:00 AM – 9:30 PM | Tuesday: 10:00 AM – 9:30 PM | Wednesday: 10:00 AM – 9:30 PM | Thursday: 10:00 AM – 9:30 PM | Friday: 10:00 AM – 9:30 PM | Saturday: 10:00 AM – 9:30 PM | Sunday: 10:00 AM – 9:30 PM,Google Places API (New) Nearby Search,2026-09-02T15:22:51+00:00
ChIJiwe0qHBrXz4RjEMJraSg8cI,Natural Touch Beauty Salon – Top Rated Ladies Salon in Discovery Gardens,DIRECT,"hair_salon, nail_salon",beauty_salon,Beauty salon,"beauty_salon, nail_salon, makeup_artist, massage_spa, hair_salon, hair_care, massage, spa, body_art_service, point_of_interest, service, establishment",Discovery Gardens Building 17 Shop 04 - جبل علي الأولى - ديسكفري جاردنز - دبي,25.0506201,55.133343499999995,4.8,751.0,OPERATIONAL,+971 56 850 5481,https://naturaltouchbeautysalon.ae/,https://maps.google.com/?cid=14047185341883433868&g_mp=Cilnb29nbGUubWFwcy5wbGFjZXMudjEuUGxhY2VzLlNlYXJjaE5lYXJieRACGAQgAA,Monday: 10:00 AM – 9:30 PM | Tuesday: 10:00 AM – 9:30 PM | Wednesday: 10:00 AM – 9:30 PM | Thursday: 10:00 AM – 9:30 PM | Friday: 10:00 AM – 9:30 PM | Saturday: 10:00 AM – 9:30 PM | Sunday: 10:00 AM – 9:30 PM,Google Places API (New) Nearby Search,2026-09-02T15:22:51+00:00
ChIJJVYkZ4Kzij4REDyJZyiYQC8,Shouq Beauty Salon,DIRECT,beauty_salon,beauty_salon,Beauty salon,"beauty_salon, service, point_of_interest, establishment",56 Al Khayl St - Al Khibeesi - Al Naseriyya - Abu Dhabi,24.233694399999997,55.6816758,4.4,749.0,OPERATIONAL,+971 3 737 2204,,https://maps.google.com/?cid=3404888617595255824&g_mp=Cilnb29nbGUubWFwcy5wbGFjZXMudjEuUGxhY2VzLlNlYXJjaE5lYXJieRACGAQgAA,Monday: 10:00 AM – 10:00 PM | Tuesday: 10:00 AM – 10:00 PM | Wednesday: 10:00 AM – 10:00 PM | Thursday: 10:00 AM – 10:00 PM | Friday: 10:00 AM – 10:00 PM | Saturday: 10:00 AM – 10:00 PM | Sunday: 10:00 AM – 10:00 PM,Google Places API (New) Nearby Search,2026-09-02T15:22:51+00:00
ChIJO96ntmJtXz4RR1nUd6qXzIo,Glamour Mark Ladies Salon – JVC,DIRECT,nail_salon,beauty_salon,Beauty salon,"beauty_salon, nail_salon, point_of_interest, service, establishment","Binghati - district 15, jasmine jvc - shop number 3 - البرشاء جنوب الرابعة - قرية جميرا الدائرية - دبي",25.056939000000003,55.197439499999994,4.7,732.0,OPERATIONAL,+971 54 888 6562,http://glamourmarkdxb.com/,https://maps.google.com/?cid=10001535630893668679&g_mp=Cilnb29nbGUubWFwcy5wbGFjZXMudjEuUGxhY2VzLlNlYXJjaE5lYXJieRACGAQgAA,Monday: 11:00 AM – 9:30 PM | Tuesday: 11:00 AM – 9:30 PM | Wednesday: 11:00 AM – 9:30 PM | Thursday: 11:00 AM – 9:30 PM | Friday: 11:00 AM – 9:30 PM | Saturday: 11:00 AM – 9:30 PM | Sunday: 11:00 AM – 9:30 PM,Google Places API (New) Nearby Search,2026-09-02T15:22:51+00:00
ChIJ7SSzQkJfXz4RFrgppMVBRuI,Awtar Beauty Center - Muwaileh,DIRECT,beauty_salon,beauty_salon,Beauty salon,"beauty_salon, point_of_interest, service, establishment","Al Jada ,bldg - Rihan 3 - Muwaileh Commercial - Sharjah",25.317199799999997,55.4783129,4.8,725.0,OPERATIONAL,+971 50 242 4071,,https://maps.google.com/?cid=16304791818060019734&g_mp=Cilnb29nbGUubWFwcy5wbGFjZXMudjEuUGxhY2VzLlNlYXJjaE5lYXJieRACGAQgAA,Monday: 10:00 AM – 3:00 AM | Tuesday: 10:00 AM – 3:00 AM | Wednesday: 10:00 AM – 3:00 AM | Thursday: 10:00 AM – 12:00 AM | Friday: 10:00 AM – 12:00 AM | Saturday: 10:00 AM – 12:00 AM | Sunday: 10:00 AM – 12:00 AM,Google Places API (New) Nearby Search,2026-09-02T15:22:51+00:00
ChIJJV4cI5lZXz4R0JupBLe8pLU,المجمع الطبي البريطاني British Medical Complex - Sharjah,DIRECT,"beauty_salon, spa",medical_clinic,Medical clinic,"dental_clinic, skin_care_clinic, massage_spa, beauty_salon, spa, pharmacy, hair_care, massage, medical_clinic, consultant, doctor, store, service, health, point_of_interest, establishment",Villa 103 - Sheikh Mohammed Bin Saqr Al Qasimi St - Al Jazzat - Al Riqa Suburb - Sharjah,25.365940499999997,55.4213574,4.5,725.0,OPERATIONAL,+971 6 523 0503,http://www.britishmedicalcomplex.com/,https://maps.google.com/?cid=13088793911288765392&g_mp=Cilnb29nbGUubWFwcy5wbGFjZXMudjEuUGxhY2VzLlNlYXJjaE5lYXJieRACGAQgAA,Monday: 11:00 AM – 8:00 PM | Tuesday: 11:00 AM – 8:00 PM | Wednesday: 11:00 AM – 8:00 PM | Thursday: 11:00 AM – 8:00 PM | Friday: Closed | Saturday: 11:00 AM – 8:00 PM | Sunday: 11:00 AM – 8:00 PM,Google Places API (New) Nearby Search,2026-09-02T15:22:51+00:00
ChIJ93lAmjZtXz4R5g23DdMKQ9E,The Barber House - Best Men’s Barbershop in JLT,DIRECT,hair_salon,barber_shop,Barber shop,"barber_shop, massage_spa, hair_salon, hair_care, massage, spa, beauty_salon, health, point_of_interest, service, establishment",Saba 2 Tower - Cluster Q - الثنيه الخامسة - أبراج بحيرات الجميرا - دبي,25.076915,55.145655999999995,4.9,723.0,OPERATIONAL,+971 58 203 2070,https://thebarberhouse.ae/,https://maps.google.com/?cid=15078907878951030246&g_mp=Cilnb29nbGUubWFwcy5wbGFjZXMudjEuUGxhY2VzLlNlYXJjaE5lYXJieRACGAQgAA,Monday: 9:00 AM – 12:00 AM | Tuesday: 9:00 AM – 12:00 AM | Wednesday: 9:00 AM – 12:00 AM | Thursday: 9:00 AM – 12:00 AM | Friday: 9:00 AM – 12:00 AM | Saturday: 9:00 AM – 12:00 AM | Sunday: 9:00 AM – 12:00 AM,Google Places API (New) Nearby Search,2026-09-02T15:22:51+00:00
ChIJI8rwUytDXj4RW_kVflzSqXQ,Skin Institute Dermatology Centre Abu Dhabi,DIRECT,"beauty_salon, spa",skin_care_clinic,Skin care clinic,"skin_care_clinic, medical_center, body_art_service, beauty_salon, hospital, medical_clinic, hair_care, doctor, massage_spa, spa, massage, point_of_interest, health, service, establishment",C29 - Al Muntazah - E48 - Abu Dhabi,24.4309348,54.4663877,4.7,711.0,OPERATIONAL,+971 2 622 6002,https://www.theskininstitute.ae/,https://maps.google.com/?cid=8406481474157934939&g_mp=Cilnb29nbGUubWFwcy5wbGFjZXMudjEuUGxhY2VzLlNlYXJjaE5lYXJieRACGAQgAA,Monday: 9:00 AM – 9:00 PM | Tuesday: 9:00 AM – 9:00 PM | Wednesday: 9:00 AM – 9:00 PM | Thursday: 9:00 AM – 9:00 PM | Friday: 9:00 AM – 8:00 PM | Saturday: 9:00 AM – 8:00 PM | Sunday: 9:00 AM – 9:00 PM,Google Places API (New) Nearby Search,2026-09-02T15:22:51+00:00
ChIJnfm8H3RCXz4RBunM8EDKjtU,مركز سلطان العلماء الطبي - اتحاد مول | 𝗦𝘂𝗹𝘁𝗮𝗻 𝗔𝗹𝗢𝗹𝗮𝗺𝗮 𝗠𝗲𝗱𝗶𝗰𝗮𝗹 𝗖𝗲𝗻𝘁𝗲𝗿 Etihad Mall,DIRECT,beauty_salon,medical_center,Medical Center,"medical_center, hair_care, dental_clinic, dentist, beauty_salon, doctor, hospital, medical_clinic, health, point_of_interest, service, establishment",Etihad Mall - Al Khawaneej St - Muhaisnah First - Muhaisnah - Dubai,25.236765899999998,55.421819,4.7,704.0,OPERATIONAL,+971 4 256 5550,http://www.samc.ae/,https://maps.google.com/?cid=15388459357038242054&g_mp=Cilnb29nbGUubWFwcy5wbGFjZXMudjEuUGxhY2VzLlNlYXJjaE5lYXJieRACGAQgAA,Monday: 10:00 AM – 10:00 PM | Tuesday: 10:00 AM – 10:00 PM | Wednesday: 10:00 AM – 10:00 PM | Thursday: 10:00 AM – 10:00 PM | Friday: 11:00 AM – 9:00 PM | Saturday: 10:00 AM – 10:00 PM | Sunday: 10:00 AM – 10:00 PM,Google Places API (New) Nearby Search,2026-09-02T15:22:51+00:00
ChIJBa4fnRRFXj4RPhetV5A5vHI,Its Beauty Ladies Salon – Sail Tower,DIRECT,"hair_salon, nail_salon, spa",beauty_salon,Beauty salon,"beauty_salon, nail_salon, hair_salon, hair_care, spa, service, point_of_interest, establishment",Sail Tower - Shop 2 Al Raha Blvd - Al Rahah - RBW8 - Abu Dhabi,24.445178499999997,54.574979899999995,4.8,703.0,OPERATIONAL,+971 4 571 4488,https://itsbeauty.ae/abudhabi/branches/al-raha-blvd/?utm_source=google_ad_maps&utm_medium=organic_local&utm_campaign=sail_tower&utm_content=abudhabi_website,https://maps.google.com/?cid=8267546308054423358&g_mp=Cilnb29nbGUubWFwcy5wbGFjZXMudjEuUGxhY2VzLlNlYXJjaE5lYXJieRACGAQgAA,Monday: 10:00 AM – 10:00 PM | Tuesday: 10:00 AM – 10:00 PM | Wednesday: 10:00 AM – 10:00 PM | Thursday: 10:00 AM – 10:00 PM | Friday: 10:00 AM – 10:00 PM | Saturday: 10:00 AM – 10:00 PM | Sunday: 10:00 AM – 10:00 PM,Google Places API (New) Nearby Search,2026-09-02T15:22:51+00:00
ChIJc5khtppZXz4RofafrhU7b2o,Pause Saloon and Spa Sharjah,DIRECT,beauty_salon,beauty_salon,Beauty salon,"beauty_salon, service, point_of_interest, establishment",9C4R+WQR - Wasit Suburb - Sharjah,25.3573679,55.4418819,3.7,697.0,OPERATIONAL,+971 6 550 0009,https://instagram.com/pause.salon?igshid=165wyut18uj2l,https://maps.google.com/?cid=7669413654745314977&g_mp=Cilnb29nbGUubWFwcy5wbGFjZXMudjEuUGxhY2VzLlNlYXJjaE5lYXJieRACGAQgAA,Monday: 10:00 AM – 10:00 PM | Tuesday: 10:00 AM – 10:00 PM | Wednesday: 10:00 AM – 10:00 PM | Thursday: 10:00 AM – 10:00 PM | Friday: 10:00 AM – 10:00 PM | Saturday: 10:00 AM – 10:00 PM | Sunday: 10:00 AM – 10:00 PM,Google Places API (New) Nearby Search,2026-09-02T15:22:51+00:00
ChIJiTDAc45CXz4R1sFRBmmcgdg,Y12 Hair Salon,DIRECT,"hair_salon, nail_salon",hair_salon,Hair salon,"hair_salon, nail_salon, makeup_artist, hair_care, beauty_salon, store, point_of_interest, service, establishment","Level 1, ICD Brookfield Place - Zaa'beel Second - DIFC - Dubai",25.2114997,55.280465299999996,4.9,694.0,OPERATIONAL,+971 54 590 0312,http://www.y12salons.com/,https://maps.google.com/?cid=15600922559079629270&g_mp=Cilnb29nbGUubWFwcy5wbGFjZXMudjEuUGxhY2VzLlNlYXJjaE5lYXJieRACGAQgAA,Monday: 8:00 AM – 9:00 PM | Tuesday: 8:00 AM – 9:00 PM | Wednesday: 8:00 AM – 9:00 PM | Thursday: 8:00 AM – 9:00 PM | Friday: 8:00 AM – 9:00 PM | Saturday: 8:00 AM – 9:00 PM | Sunday: 9:00 AM – 9:00 PM,Google Places API (New) Nearby Search,2026-09-02T15:22:51+00:00
ChIJ9fLeKQBZXz4RANcolwUEpRo,ASH Beauty Lounge,DIRECT,beauty_salon,beauty_salon,Beauty salon,"beauty_salon, service, point_of_interest, establishment",9C4Q+GQ6 - Wasit St - Al Falaj - Al Riqa Suburb - Sharjah,25.3558628,55.439196499999994,4.6,692.0,OPERATIONAL,+971 6 521 1138,http://www.ashbeautylounge.com/,https://maps.google.com/?cid=1919945238200768256&g_mp=Cilnb29nbGUubWFwcy5wbGFjZXMudjEuUGxhY2VzLlNlYXJjaE5lYXJieRACGAQgAA,Monday: 10:00 AM – 10:00 PM | Tuesday: 10:00 AM – 10:00 PM | Wednesday: 10:00 AM – 10:00 PM | Thursday: 10:00 AM – 10:00 PM | Friday: 10:00 AM – 10:00 PM | Saturday: 10:00 AM – 10:00 PM | Sunday: 10:00 AM – 10:00 PM,Google Places API (New) Nearby Search,2026-09-02T15:22:51+00:00
ChIJ13X3hjxhXz4RmyOc4SN8FVc,"Perfect Skin Center , Dr beauty clinic",DIRECT,"beauty_salon, spa",beauty_salon,Beauty salon,"massage_spa, massage, spa, beauty_salon, point_of_interest, service, establishment",Mirdif avenue mall 1st floor - مردف - دبي,25.2328601,55.432141400000006,4.8,690.0,OPERATIONAL,+971 4 271 3638,https://www.instagram.com/perfectskin.center/,https://maps.google.com/?cid=6275058149361460123&g_mp=Cilnb29nbGUubWFwcy5wbGFjZXMudjEuUGxhY2VzLlNlYXJjaE5lYXJieRACGAQgAA,Monday: 10:00 AM – 8:00 PM | Tuesday: 10:00 AM – 8:00 PM | Wednesday: 10:00 AM – 8:00 PM | Thursday: 10:00 AM – 8:00 PM | Friday: 10:00 AM – 8:00 PM | Saturday: Closed | Sunday: 10:00 AM – 8:00 PM,Google Places API (New) Nearby Search,2026-09-02T15:22:51+00:00
ChIJqf2duTZmXj4R_bteEMRy348,Fame Hair Gents Salon,DIRECT,"hair_salon, nail_salon",barber_shop,Barber shop,"barber_shop, nail_salon, hair_salon, beauty_salon, hair_care, service, health, point_of_interest, establishment",Hazaa Bin Zayed The First St - next to Gava Hotel - Al Nahyan - E19 02 - Abu Dhabi,24.4783901,54.38386920000001,4.6,688.0,OPERATIONAL,+971 2 642 4849,,https://maps.google.com/?cid=10367131053643971581&g_mp=Cilnb29nbGUubWFwcy5wbGFjZXMudjEuUGxhY2VzLlNlYXJjaE5lYXJieRACGAQgAA,Monday: 10:00 AM – 12:00 AM | Tuesday: 10:00 AM – 12:00 AM | Wednesday: 10:00 AM – 12:00 AM | Thursday: 10:00 AM – 12:00 AM | Friday: 10:00 AM – 12:00 AM | Saturday: 10:00 AM – 12:00 AM | Sunday: 10:00 AM – 12:00 AM,Google Places API (New) Nearby Search,2026-09-02T15:22:51+00:00
ChIJDfakpIJHXj4R3WYRCyOrI74,Fouziana Henna And Beauty Lounge,DIRECT,beauty_salon,beauty_salon,Beauty salon,"beauty_salon, point_of_interest, service, establishment",opposite Mazyad Mall - Mohamed Bin Zayed City - Zone 1 - Abu Dhabi,24.3729569,54.5399824,4.4,688.0,OPERATIONAL,+971 2 877 4119,,https://maps.google.com/?cid=13700982658389075677&g_mp=Cilnb29nbGUubWFwcy5wbGFjZXMudjEuUGxhY2VzLlNlYXJjaE5lYXJieRACGAQgAA,,Google Places API (New) Nearby Search,2026-09-02T15:22:51+00:00
ChIJQR_bfiJfXz4R8_7vwfdZEq4,Fly Me Spa,DIRECT,"beauty_salon, spa",beauty_salon,Beauty salon,"beauty_salon, spa, point_of_interest, service, establishment",Thumbay university road - تجارية مويلح - المنطقة الصناعية - الشارقة,25.3104363,55.460380199999996,4.6,686.0,OPERATIONAL,+971 6 567 8886,,https://maps.google.com/?cid=12543186832825777907&g_mp=Cilnb29nbGUubWFwcy5wbGFjZXMudjEuUGxhY2VzLlNlYXJjaE5lYXJieRACGAQgAA,Monday: 10:00 AM – 11:00 PM | Tuesday: 10:00 AM – 11:00 PM | Wednesday: 10:00 AM – 11:00 PM | Thursday: 10:00 AM – 11:00 PM | Friday: 10:00 AM – 11:00 PM | Saturday: 10:00 AM – 11:00 PM | Sunday: 10:00 AM – 11:00 PM,Google Places API (New) Nearby Search,2026-09-02T15:22:51+00:00
ChIJNVRR1jxnXz4RgUheGZafAng,Beauty Room Salon & Spa,DIRECT,"hair_salon, nail_salon",beauty_salon,Beauty salon,"beauty_salon, hair_salon, nail_salon, hair_care, massage_spa, spa, massage, point_of_interest, service, establishment",Nal - 24B St - Nadd Al Hamar - Dubai,25.195234,55.38343,4.8,681.0,OPERATIONAL,+971 4 255 9212,http://www.facebook.com/beautyroomspa,https://maps.google.com/?cid=8647649701524293761&g_mp=Cilnb29nbGUubWFwcy5wbGFjZXMudjEuUGxhY2VzLlNlYXJjaE5lYXJieRACGAQgAA,Monday: 10:00 AM – 10:00 PM | Tuesday: 10:00 AM – 10:00 PM | Wednesday: 10:00 AM – 10:00 PM | Thursday: 10:00 AM – 10:00 PM | Friday: 10:00 AM – 10:00 PM | Saturday: 10:00 AM – 10:00 PM | Sunday: 10:00 AM – 10:00 PM,Google Places API (New) Nearby Search,2026-09-02T15:22:51+00:00
ChIJhVWfudppXj4RW1NJDUldjnk,Tips and Toes Khaleej,DIRECT,beauty_salon,beauty_salon,Beauty salon,"beauty_salon, point_of_interest, service, establishment",Villa # 816 Al Khaleej Al Arabi St - Al Bateen - W21 - Abu Dhabi,24.443234999999998,54.3675005,4.2,681.0,OPERATIONAL,+971 600 586848,http://www.tipsandtoes.com/,https://maps.google.com/?cid=8759040893619098459&g_mp=Cilnb29nbGUubWFwcy5wbGFjZXMudjEuUGxhY2VzLlNlYXJjaE5lYXJieRACGAQgAA,Monday: 10:00 AM – 10:00 PM | Tuesday: 10:00 AM – 10:00 PM | Wednesday: 10:00 AM – 10:00 PM | Thursday: 10:00 AM – 10:00 PM | Friday: 10:00 AM – 10:00 PM | Saturday: 10:00 AM – 10:00 PM | Sunday: 10:00 AM – 10:00 PM,Google Places API (New) Nearby Search,2026-09-02T15:22:51+00:00
ChIJR0do5TZqXz4RF7ibiW3Pcr8,Pastels Salon Jumeirah (Al Wasl),DIRECT,"hair_salon, nail_salon",beauty_salon,Beauty salon,"beauty_salon, nail_salon, tanning_studio, hair_salon, hair_care, medical_clinic, health, point_of_interest, service, establishment",1186 Al Wasl Rd - Umm Suqeim Second - Umm Suqeim 2 - Dubai,25.1450008,55.2078194,4.9,680.0,OPERATIONAL,+971 4 388 3534,http://www.pastels-salon.com/?utm_source=GMB&utm_medium=google,https://maps.google.com/?cid=13795316677956319255&g_mp=Cilnb29nbGUubWFwcy5wbGFjZXMudjEuUGxhY2VzLlNlYXJjaE5lYXJieRACGAQgAA,Monday: 9:00 AM – 7:00 PM | Tuesday: 9:00 AM – 7:00 PM | Wednesday: 9:00 AM – 9:00 PM | Thursday: 9:00 AM – 7:00 PM | Friday: 9:00 AM – 7:00 PM | Saturday: 9:00 AM – 7:00 PM | Sunday: 9:00 AM – 7:00 PM,Google Places API (New) Nearby Search,2026-09-02T15:22:51+00:00
ChIJS77minNfXz4R2YZQP0h5-UU,HAPPY CUT Salon,DIRECT,hair_salon,hair_salon,Hair salon,"hair_salon, hair_care, point_of_interest, service, establishment",8F52+3W2 - Muwaileh Commercial - Industrial Area - Sharjah,25.307534,55.452261799999995,4.7,671.0,OPERATIONAL,+971 56 530 1582,http://www.happycutsalon.com/,https://maps.google.com/?cid=5042194609024829145&g_mp=Cilnb29nbGUubWFwcy5wbGFjZXMudjEuUGxhY2VzLlNlYXJjaE5lYXJieRACGAQgAA,Monday: 9:00 AM – 11:30 PM | Tuesday: 9:00 AM – 11:30 PM | Wednesday: 9:00 AM – 11:30 PM | Thursday: 9:00 AM – 11:30 PM | Friday: 9:00 AM – 11:30 PM | Saturday: 9:00 AM – 11:30 PM | Sunday: 9:00 AM – 11:30 PM,Google Places API (New) Nearby Search,2026-09-02T15:22:51+00:00
ChIJX_ZcqnY3Xj4Rktg3FT-LHk8,Arw Style Fitness & Beauty Center,DIRECT,beauty_salon,gym,Gym,"gym, fitness_center, beauty_salon, sports_activity_location, health, point_of_interest, service, establishment",behind Mafraq Mall - 60 Adh Dhariyat St - Bani Yas - Baniyas East - Abu Dhabi,24.316212399999998,54.625537099999995,4.4,669.0,OPERATIONAL,+971 2 582 8218,https://oddmenu.com/qr/cliqm0q5n628913kjm8tzhqo1d4,https://maps.google.com/?cid=5701147281352808594&g_mp=Cilnb29nbGUubWFwcy5wbGFjZXMudjEuUGxhY2VzLlNlYXJjaE5lYXJieRACGAQgAA,Monday: 10:00 AM – 9:00 PM | Tuesday: 10:00 AM – 9:00 PM | Wednesday: 10:00 AM – 9:00 PM | Thursday: 10:00 AM – 9:00 PM | Friday: 1:00 – 9:00 PM | Saturday: 10:00 AM – 9:00 PM | Sunday: 10:00 AM – 9:00 PM,Google Places API (New) Nearby Search,2026-09-02T15:22:51+00:00
ChIJqarYdFc3Xj4RgiJZmsmoQHo,Al Maria Medical Centre - مركز المارية الطبي,DIRECT,beauty_salon,medical_center,Medical Center,"medical_center, hair_care, dental_clinic, beauty_salon, doctor, hospital, medical_clinic, health, point_of_interest, service, establishment",17 Jazeerat Al Qurm St - Bani Yas - Baniyas East - Abu Dhabi,24.300442099999998,54.636491299999996,4.8,667.0,OPERATIONAL,+971 2 633 1330,https://linktr.ee/almariamedicals1,https://maps.google.com/?cid=8809226454968115842&g_mp=Cilnb29nbGUubWFwcy5wbGFjZXMudjEuUGxhY2VzLlNlYXJjaE5lYXJieRACGAQgAA,Monday: 8:00 AM – 11:45 PM | Tuesday: 8:00 AM – 11:45 PM | Wednesday: 8:00 AM – 11:45 PM | Thursday: 8:00 AM – 11:45 PM | Friday: 3:00 – 11:00 PM | Saturday: 8:00 AM – 11:45 PM | Sunday: 8:00 AM – 11:45 PM,Google Places API (New) Nearby Search,2026-09-02T15:22:51+00:00
ChIJJbh_EMxDXz4R5zUhBWiCNCU,JanaBelle Clinic LLC,DIRECT,beauty_salon,doctor,Doctor,"hair_care, beauty_salon, doctor, medical_clinic, health, point_of_interest, service, establishment",103 Jumeira St - Jumeirah - Jumeirah 1 - Dubai,25.2253884,55.2586629,4.8,667.0,OPERATIONAL,+971 4 267 5753,http://www.janabelle-me.com/,https://maps.google.com/?cid=2680911061466559975&g_mp=Cilnb29nbGUubWFwcy5wbGFjZXMudjEuUGxhY2VzLlNlYXJjaE5lYXJieRACGAQgAA,Monday: 10:00 AM – 10:00 PM | Tuesday: 10:00 AM – 10:00 PM | Wednesday: 10:00 AM – 10:00 PM | Thursday: 10:00 AM – 10:00 PM | Friday: Closed | Saturday: 10:00 AM – 10:00 PM | Sunday: 10:00 AM – 10:00 PM,Google Places API (New) Nearby Search,2026-09-02T15:22:51+00:00
ChIJ14bmDIxHXj4R2qToluEzJ7I,American Cosmetic And Dental Arts Medical Center,DIRECT,beauty_salon,medical_center,Medical Center,"medical_center, skin_care_clinic, hair_care, beauty_salon, doctor, hospital, medical_clinic, health, point_of_interest, service, establishment",Al Fursan St - Khalifa City - Sector 33 - Abu Dhabi,24.397305400000004,54.554914000000004,4.4,660.0,OPERATIONAL,+971 50 142 4047,http://americancosmetic.ae/,https://maps.google.com/?cid=12837286306835375322&g_mp=Cilnb29nbGUubWFwcy5wbGFjZXMudjEuUGxhY2VzLlNlYXJjaE5lYXJieRACGAQgAA,Monday: 12:00 – 9:00 PM | Tuesday: 12:00 – 9:00 PM | Wednesday: 12:00 – 9:00 PM | Thursday: 12:00 – 9:00 PM | Friday: 12:00 – 9:00 PM | Saturday: 12:00 – 9:00 PM | Sunday: 12:00 – 9:00 PM,Google Places API (New) Nearby Search,2026-09-02T15:22:51+00:00
ChIJ38JVwPRlXz4RMA0uZNO0buk,Bianco Spa (DSO),DIRECT,"beauty_salon, hair_salon, nail_salon, spa",beauty_salon,Beauty salon,"beauty_salon, hair_salon, nail_salon, hair_care, massage_spa, spa, massage, point_of_interest, service, establishment",Cedre Shopping Centre shop 24&26 - Cedre Villas Community Centre - ند حصه - Cedre Villas - دبي,25.1272415,55.39665720000001,4.7,650.0,OPERATIONAL,+971 4 333 6166,https://www.biancospa.ae/,https://maps.google.com/?cid=16820580478287220016&g_mp=Cilnb29nbGUubWFwcy5wbGFjZXMudjEuUGxhY2VzLlNlYXJjaE5lYXJieRACGAQgAA,Monday: 9:00 AM – 9:00 PM | Tuesday: 9:00 AM – 9:00 PM | Wednesday: 9:00 AM – 9:00 PM | Thursday: 9:00 AM – 9:00 PM | Friday: 9:00 AM – 9:00 PM | Saturday: 9:00 AM – 9:00 PM | Sunday: 9:00 AM – 9:00 PM,Google Places API (New) Nearby Search,2026-09-02T15:22:51+00:00
ChIJD1_g9DpCXj4RWJAagGvwxYA,PAUSE SALON & SPA,DIRECT,beauty_salon,beauty_salon,Beauty salon,"beauty_salon, point_of_interest, service, establishment","Villa 28,Airport Road, Behind Ministry of Interior - Al Rawdah - W66 - Abu Dhabi",24.414771899999998,54.4655942,3.7,649.0,OPERATIONAL,+971 2 445 6100,https://instagram.com/pause.salon?igshid=13ac5hzuhe3uw,https://maps.google.com/?cid=9279086951768166488&g_mp=Cilnb29nbGUubWFwcy5wbGFjZXMudjEuUGxhY2VzLlNlYXJjaE5lYXJieRACGAQgAA,Monday: 10:00 AM – 10:00 PM | Tuesday: 10:00 AM – 10:00 PM | Wednesday: 10:00 AM – 10:00 PM | Thursday: 10:00 AM – 10:00 PM | Friday: 10:00 AM – 10:00 PM | Saturday: 10:00 AM – 10:00 PM | Sunday: 10:00 AM – 10:00 PM,Google Places API (New) Nearby Search,2026-09-02T15:22:51+00:00
ChIJz5Tsn31PXj4RrE5jIkDZ7vw,The H Ladies Beauty Salon,DIRECT,beauty_salon,beauty_salon,Beauty salon,"beauty_salon, point_of_interest, service, establishment",شاطىء الراحة غرب بناية سلطان ضاحى سلطان - Ar Rahah St - Al Rahah - RBW2 - Abu Dhabi,24.453175599999998,54.6145868,4.5,647.0,OPERATIONAL,+971 2 639 8983,https://www.fresha.com/book-now/the-h-beauty-xzcijruh/all-offer?id=915636&pId=297870,https://maps.google.com/?cid=18225743611493043884&g_mp=Cilnb29nbGUubWFwcy5wbGFjZXMudjEuUGxhY2VzLlNlYXJjaE5lYXJieRACGAQgAA,Monday: 10:00 AM – 10:00 PM | Tuesday: 10:00 AM – 10:00 PM | Wednesday: 10:00 AM – 10:00 PM | Thursday: 10:00 AM – 10:00 PM | Friday: 10:00 AM – 10:00 PM | Saturday: 10:00 AM – 10:00 PM | Sunday: 10:00 AM – 10:00 PM,Google Places API (New) Nearby Search,2026-09-02T15:22:51+00:00
ChIJh1suPOdpXz4RSxCY97bhkNM,The Most Hair Design Ladies Salon,DIRECT,beauty_salon,beauty_salon,Beauty salon,"beauty_salon, point_of_interest, service, establishment",Ground floor Building 6 - زعبيل الثانية - Dubai Design District - دبي,25.188993999999997,55.296856299999995,4.7,638.0,OPERATIONAL,+971 4 421 5577,https://themost.ae/,https://maps.google.com/?cid=15244932914603364427&g_mp=Cilnb29nbGUubWFwcy5wbGFjZXMudjEuUGxhY2VzLlNlYXJjaE5lYXJieRACGAQgAA,Monday: 10:00 AM – 7:00 PM | Tuesday: 10:00 AM – 7:00 PM | Wednesday: 10:00 AM – 7:00 PM | Thursday: 10:00 AM – 7:00 PM | Friday: 10:00 AM – 7:00 PM | Saturday: 10:00 AM – 7:00 PM | Sunday: 10:00 AM – 7:00 PM,Google Places API (New) Nearby Search,2026-09-02T15:22:51+00:00
ChIJuXi5rexbXz4Rrge5NnADxho,Anisaty Ladies Salon,DIRECT,"beauty_salon, hair_salon, nail_salon, spa",beauty_salon,Beauty salon,"beauty_salon, nail_salon, hair_salon, massage_spa, spa, hair_care, massage, service, point_of_interest, establishment",Building - 30 St - Al Majaz 3 - Al Majaz - Sharjah,25.3226937,55.3812177,4.4,636.0,OPERATIONAL,+971 6 556 0303,,https://maps.google.com/?cid=1929233270864152494&g_mp=Cilnb29nbGUubWFwcy5wbGFjZXMudjEuUGxhY2VzLlNlYXJjaE5lYXJieRACGAQgAA,Monday: 10:00 AM – 10:00 PM | Tuesday: 10:00 AM – 10:00 PM | Wednesday: 10:00 AM – 10:00 PM | Thursday: 10:00 AM – 10:00 PM | Friday: 1:00 – 10:00 PM | Saturday: 10:00 AM – 10:00 PM | Sunday: 10:00 AM – 10:00 PM,Google Places API (New) Nearby Search,2026-09-02T15:22:51+00:00
ChIJa6WSAEVDXz4RLr0S4wmYup4,Diva Gents Salon | صالون ديفا للرجال,DIRECT,"beauty_salon, hair_salon",barber_shop,Barber shop,"barber_shop, massage_spa, hair_salon, hair_care, massage, spa, beauty_salon, health, point_of_interest, service, establishment",Sheikh Zayed Rd - Trade Center Second - DIFC - Dubai,25.213227099999997,55.277405099999996,4.2,634.0,OPERATIONAL,+971 4 271 1288,http://www.divasalons.net/,https://maps.google.com/?cid=11437621371892579630&g_mp=Cilnb29nbGUubWFwcy5wbGFjZXMudjEuUGxhY2VzLlNlYXJjaE5lYXJieRACGAQgAA,Monday: 9:30 AM – 11:30 PM | Tuesday: 9:30 AM – 11:30 PM | Wednesday: 9:30 AM – 11:30 PM | Thursday: 9:30 AM – 11:30 PM | Friday: 2:00 – 11:30 PM | Saturday: 9:30 AM – 11:30 PM | Sunday: 9:30 AM – 11:30 PM,Google Places API (New) Nearby Search,2026-09-02T15:22:51+00:00
ChIJZQxNp4BrXz4RGG36xMjuoJI,ILIOS LADIES SALON,DIRECT,"hair_salon, nail_salon",hair_salon,Hair salon,"nail_salon, makeup_artist, massage_spa, hair_salon, hair_care, massage, spa, beauty_salon, point_of_interest, service, establishment",The Iridium - building Office 15 Umm Suqeim St - Al Barsha First - Al Barsha - Dubai,25.1186542,55.2073652,4.6,628.0,OPERATIONAL,+971 50 883 5890,http://www.iliossalon.com/,https://maps.google.com/?cid=10565707271876799768&g_mp=Cilnb29nbGUubWFwcy5wbGFjZXMudjEuUGxhY2VzLlNlYXJjaE5lYXJieRACGAQgAA,Monday: 11:00 AM – 11:00 PM | Tuesday: 11:00 AM – 11:00 PM | Wednesday: 11:00 AM – 11:00 PM | Thursday: 11:00 AM – 11:00 PM | Friday: 11:00 AM – 11:00 PM | Saturday: 11:00 AM – 11:00 PM | Sunday: 11:00 AM – 11:00 PM,Google Places API (New) Nearby Search,2026-09-02T15:22:51+00:00
ChIJQ0rUvPZnXz4RKQZx1N6r8ro,MIA BELLA BEAUTY LOUNGE,DIRECT,beauty_salon,beauty_salon,Beauty salon,"beauty_salon, point_of_interest, service, establishment",Avenue Mall - Nad Al Sheba - Nadd Al Shiba Second - Dubai,25.144420399999998,55.3474954,4.5,626.0,OPERATIONAL,+971 600 560642,https://www.miabellalounge.com/,https://maps.google.com/?cid=13471018408953841193&g_mp=Cilnb29nbGUubWFwcy5wbGFjZXMudjEuUGxhY2VzLlNlYXJjaE5lYXJieRACGAQgAA,Monday: 10:00 AM – 10:00 PM | Tuesday: 10:00 AM – 10:00 PM | Wednesday: 10:00 AM – 10:00 PM | Thursday: 10:00 AM – 10:00 PM | Friday: 10:00 AM – 10:00 PM | Saturday: 10:00 AM – 10:00 PM | Sunday: 10:00 AM – 10:00 PM,Google Places API (New) Nearby Search,2026-09-02T15:22:51+00:00
ChIJaTUdmCBfXz4R3UO495zgSlk,Hair LTD.,DIRECT,hair_salon,hair_salon,Hair salon,"hair_salon, hair_care, point_of_interest, service, establishment",Unnamed Road - تجارية مويلح - المنطقة الصناعية - إمارة الشارقةّ,25.3080212,55.455779,4.6,625.0,OPERATIONAL,+971 58 937 1001,http://www.hairltd.ae/,https://maps.google.com/?cid=6434201982427743197&g_mp=Cilnb29nbGUubWFwcy5wbGFjZXMudjEuUGxhY2VzLlNlYXJjaE5lYXJieRACGAQgAA,Monday: Closed | Tuesday: 10:00 AM – 10:00 PM | Wednesday: 10:00 AM – 10:00 PM | Thursday: 10:00 AM – 10:00 PM | Friday: 10:00 AM – 10:00 PM | Saturday: 10:00 AM – 10:00 PM | Sunday: 10:00 AM – 10:00 PM,Google Places API (New) Nearby Search,2026-09-02T15:22:51+00:00
ChIJ84617LNgXz4RcItJBI3oJJU,"Kaya Skin Clinic – Sport Society, Mirdif, Dubai",DIRECT,spa,skin_care_clinic,Skin care clinic,"skin_care_clinic, massage_spa, hair_care, massage, spa, beauty_salon, doctor, medical_clinic, health, point_of_interest, service, establishment","SAVA Sport Society - Shop no L2-B-305, 306, 307 & 308 - Second Floor - Mirdif - Dubai",25.2216293,55.4086268,4.6,625.0,OPERATIONAL,+971 600 562620,https://www.kayaskinclinic.com/uae/en/,https://maps.google.com/?cid=10746970303172807536&g_mp=Cilnb29nbGUubWFwcy5wbGFjZXMudjEuUGxhY2VzLlNlYXJjaE5lYXJieRACGAQgAA,Monday: 10:00 AM – 9:00 PM | Tuesday: 10:00 AM – 9:00 PM | Wednesday: 10:00 AM – 9:00 PM | Thursday: 10:00 AM – 9:00 PM | Friday: 10:00 AM – 9:00 PM | Saturday: 10:00 AM – 9:00 PM | Sunday: 10:00 AM – 9:00 PM,Google Places API (New) Nearby Search,2026-09-02T15:22:51+00:00
ChIJl2qKJgltXz4ReuBuwKKMYvw,The Salon Dubai | FIVE Jumeirah Village,DIRECT,nail_salon,beauty_salon,Beauty salon,"beauty_salon, nail_salon, point_of_interest, service, establishment",Hotel - Street 5 - Al Barsha South Fourth - Jumeirah Village Circle - Dubai,25.0540023,55.207186099999994,4.8,624.0,OPERATIONAL,+971 52 107 5643,https://www.thesalondubai.com/,https://maps.google.com/?cid=18186252875916566650&g_mp=Cilnb29nbGUubWFwcy5wbGFjZXMudjEuUGxhY2VzLlNlYXJjaE5lYXJieRACGAQgAA,Monday: 9:00 AM – 9:00 PM | Tuesday: 9:00 AM – 9:00 PM | Wednesday: 9:00 AM – 9:00 PM | Thursday: 9:00 AM – 9:00 PM | Friday: 9:00 AM – 9:00 PM | Saturday: 9:00 AM – 9:00 PM | Sunday: 9:00 AM – 9:00 PM,Google Places API (New) Nearby Search,2026-09-02T15:22:51+00:00
ChIJtRO2tWRmXj4RN3c1rpNN8Fc,"Victory Medical Center طب الأسنان ،الجلدية, التجميل و الليزر",DIRECT,"beauty_salon, spa",medical_center,Medical Center,"medical_center, skin_care_clinic, massage_spa, hair_care, dental_clinic, massage, dentist, spa, beauty_salon, doctor, hospital, medical_clinic, health, point_of_interest, service, establishment",223 Hadbat Shakhbout St - Shakhbout City - MSH15 - Abu Dhabi,24.3531281,54.6395206,4.9,620.0,OPERATIONAL,+971 2 309 4005,,https://maps.google.com/?cid=6336649972388558647&g_mp=Cilnb29nbGUubWFwcy5wbGFjZXMudjEuUGxhY2VzLlNlYXJjaE5lYXJieRACGAQgAA,Monday: 9:00 AM – 9:00 PM | Tuesday: 9:00 AM – 9:00 PM | Wednesday: 9:00 AM – 9:00 PM | Thursday: 9:00 AM – 9:00 PM | Friday: Closed | Saturday: Closed | Sunday: 9:00 AM – 9:00 PM,Google Places API (New) Nearby Search,2026-09-02T15:22:51+00:00
ChIJk8hQALtnXj4R0sneJuNBZPc,Konjet Beauty Saloon,DIRECT,beauty_salon,beauty_salon,Beauty salon,"beauty_salon, point_of_interest, service, establishment",Abu Dhabi - Al Zahiyah - E16 02 - Abu Dhabi,24.489785899999998,54.383536899999996,4.6,614.0,OPERATIONAL,+971 50 975 3191,,https://maps.google.com/?cid=17826445668904782290&g_mp=Cilnb29nbGUubWFwcy5wbGFjZXMudjEuUGxhY2VzLlNlYXJjaE5lYXJieRACGAQgAA,Monday: 10:00 AM – 11:00 PM | Tuesday: 10:00 AM – 11:00 PM | Wednesday: 10:00 AM – 11:00 PM | Thursday: 10:00 AM – 11:00 PM | Friday: 10:00 AM – 11:00 PM | Saturday: 10:00 AM – 10:00 PM | Sunday: 10:00 AM – 11:00 PM,Google Places API (New) Nearby Search,2026-09-02T15:22:51+00:00
ChIJ6UyqaL9BXj4RV8qjxrgFtwM,Max Care Primary Healthcare Center,DIRECT,beauty_salon,hospital,Hospital,"hospital, physiotherapist, beauty_salon, medical_clinic, hair_care, doctor, point_of_interest, health, service, establishment",70 itahad street - Rabdan - RB5 - Abu Dhabi,24.403686699999998,54.503485999999995,4.8,611.0,OPERATIONAL,+971 2 555 5097,http://www.maxhealthcare.ae/,https://maps.google.com/?cid=267688994016578135&g_mp=Cilnb29nbGUubWFwcy5wbGFjZXMudjEuUGxhY2VzLlNlYXJjaE5lYXJieRACGAQgAA,Monday: 8:00 AM – 12:00 AM | Tuesday: 8:00 AM – 12:00 AM | Wednesday: 8:00 AM – 12:00 AM | Thursday: 8:00 AM – 12:00 AM | Friday: 8:00 AM – 12:00 AM | Saturday: 8:00 AM – 12:00 AM | Sunday: 8:00 AM – 12:00 AM,Google Places API (New) Nearby Search,2026-09-02T15:22:51+00:00
ChIJO_qHc_43Xj4R-51XaEJ9OPQ,Blonde Beauty Lounge,DIRECT,beauty_salon,beauty_salon,Beauty salon,"beauty_salon, point_of_interest, service, establishment",663 Naseem Al Barr St - Shakhbout City - MSH8 - Abu Dhabi,24.3581339,54.614634699999996,4.0,609.0,OPERATIONAL,+971 2 245 8470,https://blondeuae.com/,https://maps.google.com/?cid=17597953268122099195&g_mp=Cilnb29nbGUubWFwcy5wbGFjZXMudjEuUGxhY2VzLlNlYXJjaE5lYXJieRACGAQgAA,Monday: 10:00 AM – 10:00 PM | Tuesday: 10:00 AM – 10:00 PM | Wednesday: 10:00 AM – 10:00 PM | Thursday: 10:00 AM – 10:00 PM | Friday: 10:00 AM – 10:00 PM | Saturday: 10:00 AM – 10:00 PM | Sunday: 10:00 AM – 10:00 PM,Google Places API (New) Nearby Search,2026-09-02T15:22:51+00:00
ChIJH5dUcoFrXz4RWOBrkjL0Wzw,Cute Kids Salon,DIRECT,hair_salon,hair_salon,Hair salon,"barber_shop, hair_salon, hair_care, store, health, point_of_interest, service, establishment",Postal 540340 - D61 شارع حصة - البرشاء الثالثة - البرشاء - دبي,25.0940525,55.1849291,4.3,604.0,OPERATIONAL,+971 56 619 7797,https://cutekidssalon.com/,https://maps.google.com/?cid=4349338363198431320&g_mp=Cilnb29nbGUubWFwcy5wbGFjZXMudjEuUGxhY2VzLlNlYXJjaE5lYXJieRACGAQgAA,Monday: 10:00 AM – 10:00 PM | Tuesday: 10:00 AM – 10:00 PM | Wednesday: 10:00 AM – 10:00 PM | Thursday: 10:00 AM – 10:00 PM | Friday: 10:00 AM – 10:00 PM | Saturday: 10:00 AM – 10:00 PM | Sunday: 10:00 AM – 10:00 PM,Google Places API (New) Nearby Search,2026-09-02T15:22:51+00:00
ChIJvcTyx0NtXz4Rac1Gnsk9Jzc,Divine Beauty Lounge | Best Hair & Nails Beauty Salon JVC | 20% OFF,DIRECT,"beauty_salon, hair_salon, nail_salon, spa",beauty_salon,Beauty salon,"beauty_salon, nail_salon, massage_spa, hair_salon, hair_care, massage, spa, store, point_of_interest, service, establishment","Divine Beauty Lounge, district 15 Amara residence - Shop no.1 - St 3 Street - 2 - Jumeirah Village Circle - Dubai",25.056721,55.197400099999996,4.5,601.0,OPERATIONAL,+971 52 559 4407,http://www.divinebeautylounge.com/,https://maps.google.com/?cid=3974213132330913129&g_mp=Cilnb29nbGUubWFwcy5wbGFjZXMudjEuUGxhY2VzLlNlYXJjaE5lYXJieRACGAQgAA,Monday: 10:00 AM – 9:00 PM | Tuesday: 10:00 AM – 9:00 PM | Wednesday: 10:00 AM – 9:00 PM | Thursday: 10:00 AM – 9:00 PM | Friday: 10:00 AM – 9:00 PM | Saturday: 10:00 AM – 9:00 PM | Sunday: 10:00 AM – 9:00 PM,Google Places API (New) Nearby Search,2026-09-02T15:22:51+00:00
ChIJe_rAFutnXj4RkasAfbw9_y8,Elitecare Medical Center,DIRECT,beauty_salon,medical_center,Medical Center,"medical_center, hair_care, dentist, beauty_salon, doctor, hospital, medical_clinic, health, point_of_interest, service, establishment","Al Falah Tower, 1st Floor, Next to Elite Motors Al Falah st - Muroor Rd - الدانة - Zone 1 - أبو ظبي",24.4787739,54.3711695,4.5,598.0,OPERATIONAL,+971 58 577 5027,https://elitecaremc.ae/,https://maps.google.com/?cid=3458550918604172177&g_mp=Cilnb29nbGUubWFwcy5wbGFjZXMudjEuUGxhY2VzLlNlYXJjaE5lYXJieRACGAQgAA,Monday: 8:00 AM – 10:00 PM | Tuesday: 8:00 AM – 10:00 PM | Wednesday: 8:00 AM – 10:00 PM | Thursday: 8:00 AM – 10:00 PM | Friday: 8:00 AM – 10:00 PM | Saturday: 8:00 AM – 10:00 PM | Sunday: 8:00 AM – 10:00 PM,Google Places API (New) Nearby Search,2026-09-02T15:22:51+00:00
ChIJS_qRzU5HXj4RdDHREb3iqr0,Gold & Ash Ladies Beauty Center,DIRECT,beauty_salon,beauty_salon,Beauty salon,"beauty_salon, point_of_interest, service, establishment",CHF6+HRF - A - Khalifa City - Sector 32 - Abu Dhabi,24.4240627,54.562051,4.6,598.0,OPERATIONAL,+971 2 643 4955,http://www.mariagoldandash.ae/,https://maps.google.com/?cid=13666985320884810100&g_mp=Cilnb29nbGUubWFwcy5wbGFjZXMudjEuUGxhY2VzLlNlYXJjaE5lYXJieRACGAQgAA,Monday: 11:00 AM – 9:00 PM | Tuesday: 11:00 AM – 9:00 PM | Wednesday: 11:00 AM – 9:00 PM | Thursday: 11:00 AM – 9:00 PM | Friday: 12:00 – 9:00 PM | Saturday: 11:00 AM – 9:00 PM | Sunday: 11:00 AM – 9:00 PM,Google Places API (New) Nearby Search,2026-09-02T15:22:51+00:00
ChIJkz0IbwBrXz4RIwqLuYA0bD4,Unique You Al Barsha,DIRECT,nail_salon,nail_salon,Nail salon,"nail_salon, beauty_salon, point_of_interest, service, establishment","887 Sheikh Zayed St - floor, Pinnacle - 113, 1st - Sheikh Zayed Rd - Al Barsha First - Al Barsha - Dubai",25.109664,55.184180399999995,4.6,597.0,OPERATIONAL,+971 50 731 2050,,https://maps.google.com/?cid=4498027855309638179&g_mp=Cilnb29nbGUubWFwcy5wbGFjZXMudjEuUGxhY2VzLlNlYXJjaE5lYXJieRACGAQgAA,Monday: 10:30 AM – 10:30 PM | Tuesday: 10:30 AM – 10:30 PM | Wednesday: 10:30 AM – 10:30 PM | Thursday: 10:30 AM – 10:30 PM | Friday: 10:30 AM – 10:30 PM | Saturday: 10:30 AM – 10:30 PM | Sunday: 10:30 AM – 10:30 PM,Google Places API (New) Nearby Search,2026-09-02T15:22:51+00:00
ChIJlxFOJwNnXz4Rdciy2easauQ,Barber Society - Gents Salon Al Warqa,DIRECT,beauty_salon,barber_shop,Barber shop,"barber_shop, beauty_salon, hair_care, point_of_interest, health, service, establishment",Al Warqa'a First - Al Warqa 1 - Dubai,25.1922738,55.4014191,4.9,594.0,OPERATIONAL,+971 50 526 8577,https://www.fresha.com/book-now/chop-shop-barber-and-brands-wb117di5/all-offer?id=1299731&pId=614140,https://maps.google.com/?cid=16459157895673727093&g_mp=Cilnb29nbGUubWFwcy5wbGFjZXMudjEuUGxhY2VzLlNlYXJjaE5lYXJieRACGAQgAA,"Monday: 10:00 AM – 11:00 PM | Tuesday: 10:00 AM – 11:00 PM | Wednesday: 10:00 AM – 11:00 PM | Thursday: 10:00 AM – 11:00 PM | Friday: 10:00 AM – 12:30 PM, 2:30 – 11:00 PM | Saturday: 9:00 AM – 11:00 PM | Sunday: 9:00 AM – 11:00 PM",Google Places API (New) Nearby Search,2026-09-02T15:22:51+00:00
ChIJX6xXyQ1nXj4RIqoICSPduQU,Al Rousi Men Spa - مركز الروسي سبا للرجال,DIRECT,nail_salon,spa,Spa,"spa, barber_shop, nail_salon, massage_spa, hair_care, massage, beauty_salon, health, point_of_interest, service, establishment",Sheikh Fatima Bint Mubarak St - Al Nahyan - Zone 1 - Abu Dhabi,24.4647091,54.380184299999996,4.9,589.0,OPERATIONAL,+971 2 445 5655,https://alrousimenspa.com/,https://maps.google.com/?cid=412603983426267682&g_mp=Cilnb29nbGUubWFwcy5wbGFjZXMudjEuUGxhY2VzLlNlYXJjaE5lYXJieRACGAQgAA,Monday: 10:00 AM – 12:00 AM | Tuesday: 10:00 AM – 12:00 AM | Wednesday: 10:00 AM – 12:00 AM | Thursday: 10:00 AM – 12:00 AM | Friday: 10:00 AM – 12:00 AM | Saturday: 10:00 AM – 12:00 AM | Sunday: 10:00 AM – 12:00 AM,Google Places API (New) Nearby Search,2026-09-02T15:22:51+00:00
ChIJM0rVUVJrXz4RO37SirNqh4I,Este Medical Group | Hair and Skin Clinic Dubai,DIRECT,beauty_salon,medical_clinic,Medical clinic,"skin_care_clinic, hair_care, beauty_salon, medical_clinic, health, point_of_interest, service, establishment",Villa- 3 jumeirah beach road - Al Athar Street - Jumeira Third - جميرا الثالثة - دبي,25.1926863,55.234175,5.0,589.0,OPERATIONAL,+971 50 283 0617,https://www.estemedicalgroup.ae/,https://maps.google.com/?cid=9405603666147311163&g_mp=Cilnb29nbGUubWFwcy5wbGFjZXMudjEuUGxhY2VzLlNlYXJjaE5lYXJieRACGAQgAA,Monday: 10:00 AM – 6:00 PM | Tuesday: 10:00 AM – 6:00 PM | Wednesday: 10:00 AM – 6:00 PM | Thursday: 10:00 AM – 6:00 PM | Friday: 10:00 AM – 6:00 PM | Saturday: 10:00 AM – 6:00 PM | Sunday: 10:00 AM – 6:00 PM,Google Places API (New) Nearby Search,2026-09-02T15:22:51+00:00
ChIJySbKg_JCXz4RXmzFM-GRpv8,"Nazih Beauty | Blue Tower, SZR | Dubai",DIRECT,beauty_salon,store,Store,"cosmetics_store, beauty_salon, wholesaler, store, point_of_interest, service, establishment",Sheikh Zayed Rd - Trade Center First - Dubai,25.2209285,55.2807016,4.5,588.0,OPERATIONAL,+971 4 386 6811,http://www.nazih.ae/,https://maps.google.com/?cid=18421571722227838046&g_mp=Cilnb29nbGUubWFwcy5wbGFjZXMudjEuUGxhY2VzLlNlYXJjaE5lYXJieRACGAQgAA,Monday: 9:00 AM – 11:00 PM | Tuesday: 9:00 AM – 11:00 PM | Wednesday: 9:00 AM – 11:00 PM | Thursday: 9:00 AM – 11:00 PM | Friday: 9:00 AM – 12:00 AM | Saturday: 9:00 AM – 12:00 AM | Sunday: 9:00 AM – 11:00 PM,Google Places API (New) Nearby Search,2026-09-02T15:22:51+00:00
ChIJKVa6gnRmXj4RL_OS33S3ZME,Sana Beauty Salon,DIRECT,"hair_salon, nail_salon",beauty_salon,Beauty salon,"beauty_salon, nail_salon, hair_salon, massage_spa, spa, hair_care, massage, service, point_of_interest, establishment",Al Falah St - Al Khalidiyah - W4 - Abu Dhabi,24.4760869,54.3520438,4.7,588.0,OPERATIONAL,+971 2 666 4293,https://www.sanabeauty.ae/,https://maps.google.com/?cid=13935464859586196271&g_mp=Cilnb29nbGUubWFwcy5wbGFjZXMudjEuUGxhY2VzLlNlYXJjaE5lYXJieRACGAQgAA,Monday: 10:00 AM – 9:00 PM | Tuesday: 10:00 AM – 9:00 PM | Wednesday: 10:00 AM – 9:00 PM | Thursday: 10:00 AM – 9:00 PM | Friday: 10:00 AM – 9:00 PM | Saturday: 10:00 AM – 9:00 PM | Sunday: 10:00 AM – 9:00 PM,Google Places API (New) Nearby Search,2026-09-02T15:22:51+00:00
ChIJ0XFwLEFqXz4Roi4CnzErRDU,515 Medical & Training Clinic,DIRECT,beauty_salon,medical_center,Medical Center,"medical_center, skin_care_clinic, massage_spa, beauty_salon, spa, hospital, hair_care, massage, dentist, medical_clinic, doctor, service, health, point_of_interest, establishment",Villa 991 - Al Wasl Rd - next to j3 mall - Al Manara - Dubai,25.1468527,55.2101906,4.4,586.0,OPERATIONAL,+971 50 338 7515,http://www.515clinics.com/,https://maps.google.com/?cid=3838240274547617442&g_mp=Cilnb29nbGUubWFwcy5wbGFjZXMudjEuUGxhY2VzLlNlYXJjaE5lYXJieRACGAQgAA,Monday: 11:00 AM – 9:00 PM | Tuesday: 11:00 AM – 9:00 PM | Wednesday: 11:00 AM – 9:00 PM | Thursday: 11:00 AM – 9:00 PM | Friday: Closed | Saturday: 11:00 AM – 9:00 PM | Sunday: 11:00 AM – 9:00 PM,Google Places API (New) Nearby Search,2026-09-02T15:22:51+00:00
ChIJ1fk5k8JfXz4RhXaNK864CY4,Shade Beauty center,DIRECT,beauty_salon,beauty_salon,Beauty salon,"beauty_salon, point_of_interest, service, establishment",Sharjah - Muwaileh Commercial - Industrial Area - Sharjah,25.3072719,55.4553565,3.7,584.0,OPERATIONAL,+971 6 535 3534,https://instagram.com/shade.uae?utm_source=ig_profile_share&igshid=f4tkcnbbr7g,https://maps.google.com/?cid=10234914823809627781&g_mp=Cilnb29nbGUubWFwcy5wbGFjZXMudjEuUGxhY2VzLlNlYXJjaE5lYXJieRACGAQgAA,Monday: 11:00 AM – 10:00 PM | Tuesday: 11:00 AM – 10:00 PM | Wednesday: 11:00 AM – 10:00 PM | Thursday: 11:00 AM – 10:00 PM | Friday: 11:00 AM – 10:00 PM | Saturday: 11:00 AM – 10:00 PM | Sunday: 11:00 AM – 10:00 PM,Google Places API (New) Nearby Search,2026-09-02T15:22:51+00:00
ChIJjUAl_p05Xj4RrzZQVGSfVV0,Le Florina Ladies Beauty Salon Musaffah | صالون فلورينا للتجميل للسيدات | Ladies Beauty Salon MBZ City,DIRECT,"beauty_salon, nail_salon, spa",beauty_salon,Beauty salon,"beauty_salon, nail_salon, makeup_artist, massage_spa, foot_care, hair_care, massage, spa, point_of_interest, service, establishment",Building No: 1935 - C-70 M-01 - near Etihad Rail Station - Mohamed Bin Zayed City - ME10 - Abu Dhabi,24.3370972,54.5306118,4.8,573.0,OPERATIONAL,+971 56 648 8319,https://leflorinasalon.com/,https://maps.google.com/?cid=6725456871807792815&g_mp=Cilnb29nbGUubWFwcy5wbGFjZXMudjEuUGxhY2VzLlNlYXJjaE5lYXJieRACGAQgAA,Monday: 10:00 AM – 10:00 PM | Tuesday: 10:00 AM – 10:00 PM | Wednesday: 10:00 AM – 10:00 PM | Thursday: Open 24 hours | Friday: 10:00 AM – 10:00 PM | Saturday: 10:00 AM – 10:00 PM | Sunday: 10:00 AM – 10:00 PM,Google Places API (New) Nearby Search,2026-09-02T15:22:51+00:00
ChIJ-yPLqWJnXj4RARhFLzDIQDc,Unwind Beauty Lounge,DIRECT,beauty_salon,beauty_salon,Beauty salon,"beauty_salon, point_of_interest, service, establishment",Central Mall - Al Falah - 1F - Abu Dhabi,24.4274828,54.713971099999995,4.4,566.0,OPERATIONAL,+971 600 558000,https://unwindbeautylounge.waj.ai/,https://maps.google.com/?cid=3981402179872561153&g_mp=Cilnb29nbGUubWFwcy5wbGFjZXMudjEuUGxhY2VzLlNlYXJjaE5lYXJieRACGAQgAA,Monday: 10:00 AM – 10:00 PM | Tuesday: 10:00 AM – 10:00 PM | Wednesday: 10:00 AM – 10:00 PM | Thursday: 10:00 AM – 10:00 PM | Friday: 10:00 AM – 10:00 PM | Saturday: 10:00 AM – 10:00 PM | Sunday: 10:00 AM – 10:00 PM,Google Places API (New) Nearby Search,2026-09-02T15:22:51+00:00
ChIJd2O9qTdoXj4RFB4dy69OZ9A,Creative Dental Center LLC,DIRECT,beauty_salon,medical_clinic,Medical clinic,"medical_clinic, hair_care, medical_center, dental_clinic, dentist, beauty_salon, doctor, hospital, health, point_of_interest, service, establishment",Abu Dhabi - Hadbat Al Za`Faranah - Zone 1 - Abu Dhabi,24.437732999999998,54.4144866,4.5,564.0,OPERATIONAL,+971 2 444 0458,https://creativemedicalcenter.com/,https://maps.google.com/?cid=15017057999424134676&g_mp=Cilnb29nbGUubWFwcy5wbGFjZXMudjEuUGxhY2VzLlNlYXJjaE5lYXJieRACGAQgAA,Monday: 9:00 AM – 11:30 PM | Tuesday: 9:00 AM – 11:30 PM | Wednesday: 9:00 AM – 11:30 PM | Thursday: 9:00 AM – 11:30 PM | Friday: 2:00 – 10:00 PM | Saturday: 2:00 – 10:00 PM | Sunday: 9:00 AM – 11:30 PM,Google Places API (New) Nearby Search,2026-09-02T15:22:51+00:00
ChIJNaSYXthDXj4RprtgcxKvnds,nails the modern manicure studio - Souk - Qaryat Al Beri branch,DIRECT,nail_salon,nail_salon,Nail salon,"nail_salon, beauty_salon, point_of_interest, service, establishment","Second Floor, The Souk - Qaryat Al Beri - ربدان - ربدان 2 - أبو ظبي",24.4088359,54.491181399999995,4.9,564.0,OPERATIONAL,+971 2 885 6000,http://nails.ae/,https://maps.google.com/?cid=15824997159429782438&g_mp=Cilnb29nbGUubWFwcy5wbGFjZXMudjEuUGxhY2VzLlNlYXJjaE5lYXJieRACGAQgAA,Monday: 10:00 AM – 9:00 PM | Tuesday: 10:00 AM – 9:00 PM | Wednesday: 10:00 AM – 9:00 PM | Thursday: 10:00 AM – 9:00 PM | Friday: 10:00 AM – 9:00 PM | Saturday: 10:00 AM – 9:00 PM | Sunday: 10:00 AM – 9:00 PM,Google Places API (New) Nearby Search,2026-09-02T15:22:51+00:00
ChIJ-zN-A-lZXz4RvtTGiuchu-A,NStyle Beauty Lounge,DIRECT,nail_salon,nail_salon,Nail salon,"nail_salon, hair_salon, hair_care, beauty_salon, service, point_of_interest, establishment",Matajer - Al Juraina - Sharjah,25.296428499999998,55.4893017,4.7,562.0,OPERATIONAL,+971 6 545 8420,https://nstyleintl.com/,https://maps.google.com/?cid=16193574163490198718&g_mp=Cilnb29nbGUubWFwcy5wbGFjZXMudjEuUGxhY2VzLlNlYXJjaE5lYXJieRACGAQgAA,Monday: 10:00 AM – 10:00 PM | Tuesday: 10:00 AM – 10:00 PM | Wednesday: 10:00 AM – 10:00 PM | Thursday: 10:00 AM – 10:00 PM | Friday: 10:00 AM – 10:00 PM | Saturday: 10:00 AM – 10:00 PM | Sunday: 10:00 AM – 10:00 PM,Google Places API (New) Nearby Search,2026-09-02T15:22:51+00:00
ChIJTSS60x05Xj4RwqbETuIf1qU,Bloom and Blossom Ladies Beauty Saloon Mussafah,DIRECT,nail_salon,beauty_salon,Beauty salon,"beauty_salon, massage_spa, nail_salon, massage, hair_salon, hair_care, foot_care, spa, service, point_of_interest, establishment",building C136 - next to Mega star Jewellery - مدينة محمد بن زايد - محمد بن زايد شرق 11 - أبو ظبي,24.3264803,54.533942599999996,5.0,560.0,OPERATIONAL,+971 54 485 4000,https://bloomandblossom.ae/,https://maps.google.com/?cid=11949773718118770370&g_mp=Cilnb29nbGUubWFwcy5wbGFjZXMudjEuUGxhY2VzLlNlYXJjaE5lYXJieRACGAQgAA,Monday: 10:00 AM – 10:00 PM | Tuesday: 10:00 AM – 10:00 PM | Wednesday: 10:00 AM – 10:00 PM | Thursday: 10:00 AM – 10:00 PM | Friday: 10:00 AM – 10:00 PM | Saturday: 10:00 AM – 10:00 PM | Sunday: 10:00 AM – 10:00 PM,Google Places API (New) Nearby Search,2026-09-02T15:22:51+00:00
ChIJ-SbnyvRbXz4RfQjq13pbrGw,Al Inekas Ladies Salon- BR 1 - 10 + years in Sharjah,DIRECT,nail_salon,beauty_salon,Beauty salon,"beauty_salon, nail_salon, hair_salon, massage_spa, spa, hair_care, massage, service, point_of_interest, establishment",Al Mahatta - Hay Al Qasimiah - Sharjah,25.347755199999998,55.3922992,4.8,559.0,OPERATIONAL,+971 55 698 2809,,https://maps.google.com/?cid=7830734435257026685&g_mp=Cilnb29nbGUubWFwcy5wbGFjZXMudjEuUGxhY2VzLlNlYXJjaE5lYXJieRACGAQgAA,Monday: 10:30 AM – 10:30 PM | Tuesday: Closed | Wednesday: 10:30 AM – 10:30 PM | Thursday: 10:30 AM – 10:30 PM | Friday: 10:30 AM – 10:30 PM | Saturday: 10:30 AM – 10:30 PM | Sunday: 10:30 AM – 10:30 PM,Google Places API (New) Nearby Search,2026-09-02T15:22:51+00:00
ChIJJygT_P1gXz4RggrF7atrAkg,Grand Flora Beauty Salon & Spa - Al Warqa,DIRECT,beauty_salon,beauty_salon,Beauty salon,"beauty_salon, point_of_interest, service, establishment",Al Warqa - Al Warqa 4 - Dubai,25.1999858,55.4413324,4.3,557.0,OPERATIONAL,+971 4 251 1555,http://www.grandflorabeautyae.com/,https://maps.google.com/?cid=5188828106856925826&g_mp=Cilnb29nbGUubWFwcy5wbGFjZXMudjEuUGxhY2VzLlNlYXJjaE5lYXJieRACGAQgAA,Monday: 10:00 AM – 9:00 PM | Tuesday: 10:00 AM – 9:00 PM | Wednesday: 10:00 AM – 10:00 PM | Thursday: 10:00 AM – 10:00 PM | Friday: 10:00 AM – 10:00 PM | Saturday: 10:00 AM – 10:00 PM | Sunday: 10:00 AM – 10:00 PM,Google Places API (New) Nearby Search,2026-09-02T15:22:51+00:00
ChIJLwbhMvxtXz4Rk4gCcOLcVho,Barbershop Milado cut | Gents Salon,DIRECT,hair_salon,barber_shop,Barber shop,"barber_shop, hair_salon, hair_care, beauty_salon, health, point_of_interest, service, establishment",H39 - معيصم الأولى - Dubai Production City - دبي,25.0351325,55.1995643,4.9,554.0,OPERATIONAL,+971 4 580 0854,https://miladocut.com/,https://maps.google.com/?cid=1897947158083176595&g_mp=Cilnb29nbGUubWFwcy5wbGFjZXMudjEuUGxhY2VzLlNlYXJjaE5lYXJieRACGAQgAA,Monday: 10:00 AM – 12:00 AM | Tuesday: 10:00 AM – 12:00 AM | Wednesday: 10:00 AM – 12:00 AM | Thursday: 10:00 AM – 12:00 AM | Friday: 10:00 AM – 12:00 AM | Saturday: 10:00 AM – 12:00 AM | Sunday: 10:00 AM – 12:00 AM,Google Places API (New) Nearby Search,2026-09-02T15:22:51+00:00
ChIJ_xlise119j4RPwHaPUlPHLk,Beauty Icon ladies salon,DIRECT,"beauty_salon, hair_salon, nail_salon, spa",beauty_salon,Beauty salon,"beauty_salon, nail_salon, makeup_artist, massage_spa, hair_salon, hair_care, massage, spa, beautician, point_of_interest, service, establishment",Ithaid street - Al Dhait - Ras Al Khaimah,25.7439562,55.8999573,4.6,551.0,OPERATIONAL,+971 58 844 8848,http://www.beautyiconsalon.com/,https://maps.google.com/?cid=13338623372353470783&g_mp=Cilnb29nbGUubWFwcy5wbGFjZXMudjEuUGxhY2VzLlNlYXJjaE5lYXJieRACGAQgAA,Monday: 10:00 AM – 11:00 PM | Tuesday: 10:00 AM – 11:00 PM | Wednesday: 10:00 AM – 11:00 PM | Thursday: 10:00 AM – 11:00 PM | Friday: 10:00 AM – 11:00 PM | Saturday: 10:00 AM – 11:00 PM | Sunday: 10:00 AM – 11:00 PM,Google Places API (New) Nearby Search,2026-09-02T15:22:51+00:00
ChIJr5DqpdpZXz4RBkXFYA8Bhis,Cosmolaser Medical Center | مركز كوزمولايزر,DIRECT,beauty_salon,wellness_center,Wellness center,"wellness_center, medical_center, skin_care_clinic, beauty_salon, hospital, hair_care, medical_clinic, doctor, service, health, point_of_interest, establishment","Samnan Building, Opposite Mosque, Al Quassimi Hospital Junction - سمنان - حلوان - الشارقة",25.3405997,55.427961100000005,4.8,550.0,OPERATIONAL,+971 6 567 8200,https://cosmolaser.ae/,https://maps.google.com/?cid=3136195356069807366&g_mp=Cilnb29nbGUubWFwcy5wbGFjZXMudjEuUGxhY2VzLlNlYXJjaE5lYXJieRACGAQgAA,Monday: 10:00 AM – 10:00 PM | Tuesday: 10:00 AM – 10:00 PM | Wednesday: 10:00 AM – 10:00 PM | Thursday: 10:00 AM – 10:00 PM | Friday: 10:00 AM – 10:00 PM | Saturday: 10:00 AM – 10:00 PM | Sunday: 10:00 AM – 10:00 PM,Google Places API (New) Nearby Search,2026-09-02T15:22:51+00:00
ChIJ-bj4weBlXj4RYa1MziOiO6c,Karkafi Hair Extension Abu Dhabi قرقفي للشعر المستعار (اكستنشن) ابوظبي,DIRECT,hair_salon,hair_care,Hair care service,"hair_salon, hair_care, medical_clinic, supplier, store, service, health, point_of_interest, establishment",al manaseer area - Villa 303 - hazza bin Zayed Road - Al Manhal - W18 01 - Abu Dhabi,24.4590616,54.3589525,4.7,550.0,OPERATIONAL,+971 54 447 9570,https://karkafihair.ae/,https://maps.google.com/?cid=12050403502628580705&g_mp=Cilnb29nbGUubWFwcy5wbGFjZXMudjEuUGxhY2VzLlNlYXJjaE5lYXJieRACGAQgAA,Monday: 10:00 AM – 10:00 PM | Tuesday: 10:00 AM – 10:00 PM | Wednesday: 10:00 AM – 10:00 PM | Thursday: 10:00 AM – 10:00 PM | Friday: 10:00 AM – 10:00 PM | Saturday: 10:00 AM – 10:00 PM | Sunday: 4:00 – 10:00 PM,Google Places API (New) Nearby Search,2026-09-02T15:22:51+00:00
ChIJE-HwZ7B19j4RTFWNfWB_tCo,Shape of you AlDhait,DIRECT,beauty_salon,beauty_salon,Beauty salon,"beauty_salon, point_of_interest, service, establishment",al thaqafa street - Al Dhait - الظيت الجنوبي - Ras Al Khaimah,25.741396700000003,55.900227199999996,4.6,549.0,OPERATIONAL,+971 50 414 0262,,https://maps.google.com/?cid=3077224497800893772&g_mp=Cilnb29nbGUubWFwcy5wbGFjZXMudjEuUGxhY2VzLlNlYXJjaE5lYXJieRACGAQgAA,Monday: 10:30 AM – 10:30 PM | Tuesday: 10:30 AM – 10:30 PM | Wednesday: 10:30 AM – 10:30 PM | Thursday: 10:30 AM – 10:30 PM | Friday: 10:30 AM – 10:30 PM | Saturday: 10:30 AM – 10:30 PM | Sunday: 10:30 AM – 10:30 PM,Google Places API (New) Nearby Search,2026-09-02T15:22:51+00:00
ChIJkzlGXCZmXj4Rv0Ng_vrsMsI,صالون عروس الخليج - Gulf Bride Saloon,DIRECT,beauty_salon,beauty_salon,Beauty salon,"beauty_salon, point_of_interest, service, establishment",F97G+JQW - Al Nahyan - Zone 1 - Abu Dhabi,24.4641077,54.3769614,4.5,547.0,OPERATIONAL,+971 2 443 4348,,https://maps.google.com/?cid=13993507554947253183&g_mp=Cilnb29nbGUubWFwcy5wbGFjZXMudjEuUGxhY2VzLlNlYXJjaE5lYXJieRACGAQgAA,Monday: Closed | Tuesday: 10:30 AM – 8:00 PM | Wednesday: 10:30 AM – 8:00 PM | Thursday: 10:30 AM – 8:00 PM | Friday: 1:00 – 8:00 PM | Saturday: 10:30 AM – 8:00 PM | Sunday: 10:30 AM – 8:00 PM,Google Places API (New) Nearby Search,2026-09-02T15:22:51+00:00
ChIJ41npboJhXz4R7raxWgY_5FU,"Jazz Lounge Spa for Men - Mirdif Avenue Mall, Dubai",DIRECT,"beauty_salon, hair_salon, nail_salon, spa",spa,Spa,"spa, barber_shop, nail_salon, massage_spa, hair_salon, hair_care, massage, beauty_salon, health, point_of_interest, service, establishment","Mirdif Avenue Mall, G Floor, Street 27 - مردف - دبي",25.2332286,55.4318847,4.7,546.0,OPERATIONAL,+971 4 235 2726,https://jazzloungespa.com/,https://maps.google.com/?cid=6189141084437853934&g_mp=Cilnb29nbGUubWFwcy5wbGFjZXMudjEuUGxhY2VzLlNlYXJjaE5lYXJieRACGAQgAA,Monday: 10:00 AM – 11:00 PM | Tuesday: 10:00 AM – 11:00 PM | Wednesday: 10:00 AM – 11:00 PM | Thursday: 10:00 AM – 11:00 PM | Friday: 10:00 AM – 12:00 AM | Saturday: 10:00 AM – 12:00 AM | Sunday: 10:00 AM – 12:00 AM,Google Places API (New) Nearby Search,2026-09-02T15:22:51+00:00
ChIJGe_oyaJoXj4Rc0cLvGi-DnQ,Nova Health Medical Center,DIRECT,beauty_salon,medical_center,Medical Center,"medical_center, hair_care, dentist, beauty_salon, doctor, hospital, health, point_of_interest, service, establishment",Al Khaleej Al Arabi St - Al Manhal - W19 01 - Abu Dhabi,24.448196199999998,54.3673243,4.9,537.0,OPERATIONAL,+971 2 665 7557,https://www.novahealth.ae/,https://maps.google.com/?cid=8362830915114321779&g_mp=Cilnb29nbGUubWFwcy5wbGFjZXMudjEuUGxhY2VzLlNlYXJjaE5lYXJieRACGAQgAA,Monday: 10:00 AM – 9:00 PM | Tuesday: 10:00 AM – 9:00 PM | Wednesday: 10:00 AM – 9:00 PM | Thursday: 10:00 AM – 9:00 PM | Friday: 10:00 AM – 8:00 PM | Saturday: Closed | Sunday: 10:00 AM – 9:00 PM,Google Places API (New) Nearby Search,2026-09-02T15:22:51+00:00
ChIJyW6MvltGXj4R9vMxm5RDOI8,CosmeSurge Clinic Khalifa City | Bariatric Surgery | Dermal Fillers | Laser Hair Removal | HydraFacial | Skin Rejuvenation,DIRECT,"beauty_salon, spa",skin_care_clinic,Skin care clinic,"skin_care_clinic, massage_spa, massage, spa, beauty_salon, doctor, medical_clinic, health, point_of_interest, service, establishment",Corner of street 16 and 33 Khalifa city A - Post Office - 99 شارع التشريف - near Khalifa A - مدينة خليفة - جنوب شرق 5 - أبو ظبي,24.4033159,54.572793399999995,4.5,536.0,OPERATIONAL,+971 800 26763,http://www.cosmesurge.com/,https://maps.google.com/?cid=10320072851657454582&g_mp=Cilnb29nbGUubWFwcy5wbGFjZXMudjEuUGxhY2VzLlNlYXJjaE5lYXJieRACGAQgAA,Monday: 9:00 AM – 9:00 PM | Tuesday: 9:00 AM – 9:00 PM | Wednesday: 9:00 AM – 9:00 PM | Thursday: 9:00 AM – 9:00 PM | Friday: 9:00 AM – 6:00 PM | Saturday: Closed | Sunday: 9:00 AM – 9:00 PM,Google Places API (New) Nearby Search,2026-09-02T15:22:51+00:00
ChIJQ3rnkVBhXz4RtgefhpUOauM,Glow365 beauty Mirdif hills avenue,DIRECT,beauty_salon,beauty_salon,Beauty salon,"beauty_salon, point_of_interest, service, establishment",78th St - Mirdif - Dubai,25.221738799999997,55.4413299,4.5,532.0,OPERATIONAL,+971 50 300 0292,https://instagram.com/glow365.ae,https://maps.google.com/?cid=16386926229512456118&g_mp=Cilnb29nbGUubWFwcy5wbGFjZXMudjEuUGxhY2VzLlNlYXJjaE5lYXJieRACGAQgAA,Monday: 10:00 AM – 10:00 PM | Tuesday: 10:00 AM – 10:00 PM | Wednesday: 10:00 AM – 10:00 PM | Thursday: 10:00 AM – 10:00 PM | Friday: 10:00 AM – 10:00 PM | Saturday: 10:00 AM – 10:00 PM | Sunday: 10:00 AM – 10:00 PM,Google Places API (New) Nearby Search,2026-09-02T15:22:51+00:00
ChIJldsuf4dPXj4RP-dmBlvAypc,The Loft Fifth Avenue Beauty Lounge - Yas Mall,DIRECT,"beauty_salon, hair_salon, nail_salon, spa",beauty_salon,Beauty salon,"beauty_salon, nail_salon, massage_spa, hair_salon, hair_care, massage, spa, point_of_interest, service, establishment",Yas Mall - Yas Island - YS1 - Abu Dhabi,24.4895031,54.608194399999995,4.6,528.0,OPERATIONAL,+971 2 565 0060,https://theloftfifthavenue.com/ae/en/salon/hair-and-beauty-salon-in-yas-mall-abu-dhabi,https://maps.google.com/?cid=10937766142204634943&g_mp=Cilnb29nbGUubWFwcy5wbGFjZXMudjEuUGxhY2VzLlNlYXJjaE5lYXJieRACGAQgAA,Monday: 10:00 AM – 10:00 PM | Tuesday: 10:00 AM – 10:00 PM | Wednesday: 10:00 AM – 10:00 PM | Thursday: 10:00 AM – 10:00 PM | Friday: 10:00 AM – 10:00 PM | Saturday: 10:00 AM – 12:00 AM | Sunday: 10:00 AM – 10:00 PM,Google Places API (New) Nearby Search,2026-09-02T15:22:51+00:00
ChIJtcmijnhhXz4R6Mvnk0xrhr4,Furless Permanent Mirdif,DIRECT,beauty_salon,beauty_salon,Beauty salon,"hair_care, beauty_salon, point_of_interest, service, establishment",Park Centre - 1st floor - 41 26B St - Mirdif - Dubai,25.217596099999998,55.4190275,4.7,522.0,OPERATIONAL,+971 800 3875377,https://www.furlesspermanent.com/,https://maps.google.com/?cid=13728778490728664040&g_mp=Cilnb29nbGUubWFwcy5wbGFjZXMudjEuUGxhY2VzLlNlYXJjaE5lYXJieRACGAQgAA,Monday: 10:00 AM – 8:30 PM | Tuesday: 10:00 AM – 8:30 PM | Wednesday: 10:00 AM – 8:30 PM | Thursday: 10:00 AM – 8:30 PM | Friday: 10:00 AM – 8:30 PM | Saturday: 10:00 AM – 8:30 PM | Sunday: 10:00 AM – 8:30 PM,Google Places API (New) Nearby Search,2026-09-02T15:22:51+00:00
ChIJCTLJnDBhXz4Rum1ExuqyLGo,Cosmo Health By AACSH| Mirdif,DIRECT,spa,medical_center,Medical Center,"medical_center, skin_care_clinic, massage_spa, hair_care, massage, spa, beauty_salon, doctor, hospital, medical_clinic, health, point_of_interest, service, establishment",Avenue mall - 2nd floor - Mirdif - Dubai,25.2328889,55.432437099999994,4.8,518.0,OPERATIONAL,+971 4 415 0550,https://www.cosmohealthmc.ae/,https://maps.google.com/?cid=7650686588414094778&g_mp=Cilnb29nbGUubWFwcy5wbGFjZXMudjEuUGxhY2VzLlNlYXJjaE5lYXJieRACGAQgAA,Monday: 9:00 AM – 9:00 PM | Tuesday: 9:00 AM – 9:00 PM | Wednesday: 9:00 AM – 9:00 PM | Thursday: 9:00 AM – 9:00 PM | Friday: 9:00 AM – 9:00 PM | Saturday: 9:00 AM – 9:00 PM | Sunday: 9:00 AM – 9:00 PM,Google Places API (New) Nearby Search,2026-09-02T15:22:51+00:00
ChIJAf6vLtZpXz4R5apQG1K1RzI,Safa Dream Ladies Salon LLC,DIRECT,"hair_salon, nail_salon",beauty_salon,Beauty salon,"beauty_salon, nail_salon, hair_salon, hair_care, supplier, point_of_interest, service, establishment",villa - 965 Al Wasl Rd - Al Manara - Umm Suqeim - Dubai,25.148864099999997,55.2117037,4.5,518.0,OPERATIONAL,+971 50 180 8550,,https://maps.google.com/?cid=3623063789493070565&g_mp=Cilnb29nbGUubWFwcy5wbGFjZXMudjEuUGxhY2VzLlNlYXJjaE5lYXJieRACGAQgAA,Monday: 10:00 AM – 10:00 PM | Tuesday: 10:00 AM – 10:00 PM | Wednesday: 10:00 AM – 10:00 PM | Thursday: 10:00 AM – 10:00 PM | Friday: 10:00 AM – 10:00 PM | Saturday: 10:00 AM – 10:00 PM | Sunday: 10:00 AM – 10:00 PM,Google Places API (New) Nearby Search,2026-09-02T15:22:51+00:00
ChIJC4J6G2VtXz4R4RsTT8qB6ac,The Curl Therapy,DIRECT,hair_salon,hair_salon,Hair salon,"hair_salon, hair_care, point_of_interest, service, establishment","Regent Court, JVC - Al Barsha South Fourth - District 14 - Dubai",25.0534255,55.2060536,4.6,518.0,OPERATIONAL,+971 4 570 6244,http://www.thecurltherapy.com/,https://maps.google.com/?cid=12099344579817577441&g_mp=Cilnb29nbGUubWFwcy5wbGFjZXMudjEuUGxhY2VzLlNlYXJjaE5lYXJieRACGAQgAA,Monday: Closed | Tuesday: 10:00 AM – 7:00 PM | Wednesday: 10:00 AM – 7:00 PM | Thursday: 10:00 AM – 9:00 PM | Friday: 10:00 AM – 9:00 PM | Saturday: 10:00 AM – 9:00 PM | Sunday: 10:00 AM – 9:00 PM,Google Places API (New) Nearby Search,2026-09-02T15:22:51+00:00
ChIJm1pVp0BtXz4Rpgo2ztoaZEA,Kozma Curl JLT Branch,DIRECT,"beauty_salon, hair_salon",hair_salon,Hair salon,"hair_salon, hair_care, beauty_salon, point_of_interest, service, establishment",JLT Cluster H - Cluster H - Al Thanyah Fifth - Jumeirah Lakes Towers - Dubai,25.0702209,55.1441917,4.8,515.0,OPERATIONAL,+971 56 554 4534,https://kozmacurlsalons.com/dubai/,https://maps.google.com/?cid=4639863043163294374&g_mp=Cilnb29nbGUubWFwcy5wbGFjZXMudjEuUGxhY2VzLlNlYXJjaE5lYXJieRACGAQgAA,Monday: Closed | Tuesday: 10:00 AM – 7:00 PM | Wednesday: 10:00 AM – 7:00 PM | Thursday: 10:00 AM – 7:00 PM | Friday: 10:00 AM – 7:00 PM | Saturday: 10:00 AM – 7:00 PM | Sunday: 11:00 AM – 8:00 PM,Google Places API (New) Nearby Search,2026-09-02T15:22:51+00:00
ChIJZ3vcheo3Xj4RnSWZDXWS72k,صالون ماكوين للسيدات McQueen Ladies Center,DIRECT,"beauty_salon, nail_salon",beauty_salon,Beauty salon,"beauty_salon, nail_salon, point_of_interest, service, establishment","of Emirates - Villa 101, No. 1 - 40th St - Shakhbout City - Khalifa B - Abu Dhabi",24.3454448,54.630782499999995,4.3,515.0,OPERATIONAL,+971 2 582 9892,http://www.mcqueenspa.ae/,https://maps.google.com/?cid=7633480924853249437&g_mp=Cilnb29nbGUubWFwcy5wbGFjZXMudjEuUGxhY2VzLlNlYXJjaE5lYXJieRACGAQgAA,Monday: 10:00 AM – 10:00 PM | Tuesday: 10:00 AM – 10:00 PM | Wednesday: 10:00 AM – 10:00 PM | Thursday: 10:00 AM – 10:00 PM | Friday: 10:00 AM – 10:00 PM | Saturday: 10:00 AM – 10:00 PM | Sunday: 10:00 AM – 10:00 PM,Google Places API (New) Nearby Search,2026-09-02T15:22:51+00:00
ChIJrRRESi83Xj4RFdDHv7OXwNw,Silkor Khalifa City B - Shakhbout City,DIRECT,"beauty_salon, spa",medical_clinic,Medical clinic,"skin_care_clinic, massage_spa, wellness_center, hair_care, medical_center, massage, spa, beauty_salon, hospital, medical_clinic, health, point_of_interest, service, establishment",Abu Dhabi - Shakhbout City - MSH6 - Abu Dhabi,24.351749299999998,54.622101799999996,4.6,509.0,OPERATIONAL,+971 2 557 7100,http://www.silkor.com/,https://maps.google.com/?cid=15906880682145075221&g_mp=Cilnb29nbGUubWFwcy5wbGFjZXMudjEuUGxhY2VzLlNlYXJjaE5lYXJieRACGAQgAA,Monday: 9:00 AM – 9:00 PM | Tuesday: 9:00 AM – 9:00 PM | Wednesday: 9:00 AM – 9:00 PM | Thursday: 9:00 AM – 9:00 PM | Friday: 9:00 AM – 9:00 PM | Saturday: 9:00 AM – 9:00 PM | Sunday: 9:00 AM – 9:00 PM,Google Places API (New) Nearby Search,2026-09-02T15:22:51+00:00
ChIJM0YNNT5ZXz4RxMzXwv6OGoI,مركز الوزن المثالي,DIRECT,beauty_salon,medical_center,Medical Center,"medical_center, dental_clinic, beauty_salon, hospital, hair_care, medical_clinic, consultant, doctor, service, health, point_of_interest, establishment",Halwan Suburb - Al Abar - S124 - Al Abar - Halwan - Sharjah,25.3418983,55.4276748,4.8,506.0,OPERATIONAL,+971 6 566 7050,https://alwaznalmithaly.com/,https://maps.google.com/?cid=9374962799166868676&g_mp=Cilnb29nbGUubWFwcy5wbGFjZXMudjEuUGxhY2VzLlNlYXJjaE5lYXJieRACGAQgAA,Monday: 9:00 AM – 10:00 PM | Tuesday: 9:00 AM – 10:00 PM | Wednesday: 9:00 AM – 10:00 PM | Thursday: 9:00 AM – 10:00 PM | Friday: 11:00 AM – 8:00 PM | Saturday: 9:00 AM – 10:00 PM | Sunday: 9:00 AM – 10:00 PM,Google Places API (New) Nearby Search,2026-09-02T15:22:51+00:00
ChIJjTTlILtpXz4R9D--AtcxpyI,Hair Avenue Beauty Salon,DIRECT,"hair_salon, nail_salon",beauty_salon,Beauty salon,"beauty_salon, nail_salon, hair_salon, hair_care, store, point_of_interest, service, establishment",ParkLane Tower - 24 Al A'amal St - Business Bay - Dubai,25.1852338,55.2618939,4.6,504.0,OPERATIONAL,+971 58 641 7813,https://hairavenue.ae/,https://maps.google.com/?cid=2497019317933981684&g_mp=Cilnb29nbGUubWFwcy5wbGFjZXMudjEuUGxhY2VzLlNlYXJjaE5lYXJieRACGAQgAA,Monday: 11:00 AM – 9:00 PM | Tuesday: 11:00 AM – 9:00 PM | Wednesday: 11:00 AM – 9:00 PM | Thursday: 11:00 AM – 9:00 PM | Friday: 12:00 – 9:00 PM | Saturday: 11:00 AM – 9:00 PM | Sunday: 11:00 AM – 9:00 PM,Google Places API (New) Nearby Search,2026-09-02T15:22:51+00:00
ChIJxw_jYCBmXj4R4W15MAFN0z8,306 Spa | Award-Winning Hair Nails Beauty Salon Abu Dhabi,DIRECT,"hair_salon, nail_salon",beauty_salon,Beauty salon,"beauty_salon, nail_salon, hair_salon, massage_spa, spa, makeup_artist, hair_care, massage, service, point_of_interest, establishment",Villa 306 Karamah Street - Al - W14 01 - Abu Dhabi,24.4600032,54.371109700000005,4.6,499.0,OPERATIONAL,+971 2 645 3313,https://www.306spa.ae/,https://maps.google.com/?cid=4599104311978978785&g_mp=Cilnb29nbGUubWFwcy5wbGFjZXMudjEuUGxhY2VzLlNlYXJjaE5lYXJieRACGAQgAA,Monday: 9:00 AM – 9:00 PM | Tuesday: 9:00 AM – 9:00 PM | Wednesday: 9:00 AM – 9:00 PM | Thursday: 9:00 AM – 9:00 PM | Friday: 9:00 AM – 9:00 PM | Saturday: 10:00 AM – 8:00 PM | Sunday: 9:00 AM – 9:00 PM,Google Places API (New) Nearby Search,2026-09-02T15:22:51+00:00
ChIJ4QqriIlFXj4RlYDoVJA9FCo,"Jazz Lounge Spa for Men - Yas Mall, Abu Dhabi",DIRECT,"beauty_salon, hair_salon, nail_salon, spa",spa,Spa,"spa, barber_shop, nail_salon, massage_spa, hair_salon, hair_care, massage, beauty_salon, health, point_of_interest, service, establishment","Yas Mall, Ground Floor - جزيرة ياس - ياس جنوب 1 - أبو ظبي",24.4890764,54.6106535,4.7,497.0,OPERATIONAL,+971 2 562 0235,https://jazzloungespa.com/,https://maps.google.com/?cid=3032116139236294805&g_mp=Cilnb29nbGUubWFwcy5wbGFjZXMudjEuUGxhY2VzLlNlYXJjaE5lYXJieRACGAQgAA,Monday: 10:00 AM – 10:00 PM | Tuesday: 10:00 AM – 10:00 PM | Wednesday: 10:00 AM – 10:00 PM | Thursday: 10:00 AM – 10:00 PM | Friday: 10:00 AM – 12:00 AM | Saturday: 10:00 AM – 12:00 AM | Sunday: 10:00 AM – 10:00 PM,Google Places API (New) Nearby Search,2026-09-02T15:22:51+00:00
ChIJW5QqzupZXz4RAT2eIL86uMU,Secret Care barber shop & Spa صالون رجالي سر العناية,DIRECT,hair_salon,barber_shop,Barber shop,"barber_shop, massage_spa, hair_salon, hair_care, massage, spa, beauty_salon, health, point_of_interest, service, establishment",Zawaya walk - Shop 2 - 3 Street #2 - Al Shahba - Mughaider Suburb - Sharjah,25.329628399999997,55.429825,4.8,492.0,OPERATIONAL,+971 52 408 3539,https://www.scsaloon.com/,https://maps.google.com/?cid=14247202013746969857&g_mp=Cilnb29nbGUubWFwcy5wbGFjZXMudjEuUGxhY2VzLlNlYXJjaE5lYXJieRACGAQgAA,Monday: 10:00 AM – 11:30 PM | Tuesday: 10:00 AM – 11:30 PM | Wednesday: 10:00 AM – 11:30 PM | Thursday: 10:00 AM – 11:30 PM | Friday: 10:00 AM – 11:30 PM | Saturday: 10:00 AM – 11:30 PM | Sunday: 10:00 AM – 11:30 PM,Google Places API (New) Nearby Search,2026-09-02T15:22:51+00:00
ChIJSW1zuyBhXz4RqFo3pM3UzRw,ORLA Beauty Salon,DIRECT,beauty_salon,beauty_salon,Beauty salon,"beauty_salon, point_of_interest, service, establishment",83rd St - Mirdif - Dubai,25.230898699999997,55.4244694,4.4,490.0,OPERATIONAL,+971 56 411 5517,,https://maps.google.com/?cid=2075548982976141992&g_mp=Cilnb29nbGUubWFwcy5wbGFjZXMudjEuUGxhY2VzLlNlYXJjaE5lYXJieRACGAQgAA,Monday: Closed | Tuesday: 10:00 AM – 10:00 PM | Wednesday: 10:00 AM – 10:00 PM | Thursday: 10:00 AM – 10:00 PM | Friday: 10:00 AM – 10:00 PM | Saturday: 10:00 AM – 10:00 PM | Sunday: 10:00 AM – 10:00 PM,Google Places API (New) Nearby Search,2026-09-02T15:22:51+00:00
ChIJV-MZgqZnXj4RqyrxMfMdd98,Naturals Salon,DIRECT,"hair_salon, nail_salon",beauty_salon,Beauty salon,"beauty_salon, nail_salon, hair_salon, massage_spa, spa, hair_care, massage, service, point_of_interest, establishment",903 Al Falah St - near Mitsubishi Showroom - Al Danah - E11 - Abu Dhabi,24.484094799999998,54.3765643,4.8,488.0,OPERATIONAL,+971 54 997 9554,https://salons.naturals.in/uae/naturals-salon-beauty-salons-ai-danah-abu-dhabi-361575/Home?utm_source=locator&utm_medium=googleplaces,https://maps.google.com/?cid=16102371923038644907&g_mp=Cilnb29nbGUubWFwcy5wbGFjZXMudjEuUGxhY2VzLlNlYXJjaE5lYXJieRACGAQgAA,Monday: 10:00 AM – 10:00 PM | Tuesday: 10:00 AM – 10:00 PM | Wednesday: 10:00 AM – 10:00 PM | Thursday: 10:00 AM – 10:00 PM | Friday: 10:00 AM – 10:00 PM | Saturday: 10:00 AM – 10:00 PM | Sunday: 10:00 AM – 10:00 PM,Google Places API (New) Nearby Search,2026-09-02T15:22:51+00:00
ChIJK43F8H1GXj4R0ciet1fzgdI,Beauty Plus Medical Center,DIRECT,spa,doctor,Doctor,"massage_spa, hair_care, massage, spa, beautician, beauty_salon, doctor, body_art_service, clothing_store, store, medical_clinic, health, point_of_interest, service, establishment",Villa 25 16th St - Khalifa City - SE2 - Abu Dhabi,24.4232146,54.566271099999994,4.5,487.0,OPERATIONAL,+971 2 555 3800,http://www.beautyplus.ae/,https://maps.google.com/?cid=15168672578028882129&g_mp=Cilnb29nbGUubWFwcy5wbGFjZXMudjEuUGxhY2VzLlNlYXJjaE5lYXJieRACGAQgAA,Monday: 9:00 AM – 8:00 PM | Tuesday: 9:00 AM – 8:00 PM | Wednesday: 9:00 AM – 8:00 PM | Thursday: 9:00 AM – 8:00 PM | Friday: 9:00 AM – 8:00 PM | Saturday: 9:00 AM – 5:00 PM | Sunday: 9:00 AM – 8:00 PM,Google Places API (New) Nearby Search,2026-09-02T15:22:51+00:00
ChIJlVCCajQmE6QRPxItws2xgAc,Haven Salon & Spa for ladies - Abu Dhabi صالون هيفن للسيدات,DIRECT,"beauty_salon, hair_salon, nail_salon, spa",beauty_salon,Beauty salon,"beauty_salon, nail_salon, makeup_artist, massage_spa, hair_salon, hair_care, massage, spa, point_of_interest, service, establishment",As Sunnaʹ St - Khalifa City - Sector 33 - Abu Dhabi,24.3982234,54.563250599999996,4.6,481.0,OPERATIONAL,+971 50 222 3364,https://havenspa.ae/,https://maps.google.com/?cid=540627452568605247&g_mp=Cilnb29nbGUubWFwcy5wbGFjZXMudjEuUGxhY2VzLlNlYXJjaE5lYXJieRACGAQgAA,Monday: 11:00 AM – 9:00 PM | Tuesday: 10:00 AM – 10:00 PM | Wednesday: 10:00 AM – 10:00 PM | Thursday: 10:00 AM – 10:00 PM | Friday: 10:00 AM – 10:00 PM | Saturday: 10:00 AM – 10:00 PM | Sunday: 10:00 AM – 10:00 PM,Google Places API (New) Nearby Search,2026-09-02T15:22:51+00:00
ChIJ7zNRkgFhXz4R-0gn-lWqmpg,Sakura Beauty Spa,DIRECT,"beauty_salon, hair_salon, nail_salon, spa",beauty_salon,Beauty salon,"beauty_salon, nail_salon, massage_spa, hair_salon, hair_care, massage, spa, point_of_interest, service, establishment",Warqa Mall - Tripoli St - Al Warqa - Al Warqa 4 - Dubai,25.1983909,55.442489599999995,4.4,481.0,OPERATIONAL,+971 4 329 0931,https://www.sakura.ae/,https://maps.google.com/?cid=10996288726424307963&g_mp=Cilnb29nbGUubWFwcy5wbGFjZXMudjEuUGxhY2VzLlNlYXJjaE5lYXJieRACGAQgAA,Monday: 10:00 AM – 10:00 PM | Tuesday: 10:00 AM – 10:00 PM | Wednesday: 10:00 AM – 10:00 PM | Thursday: 10:00 AM – 10:00 PM | Friday: 10:00 AM – 10:00 PM | Saturday: 10:00 AM – 10:00 PM | Sunday: 10:00 AM – 10:00 PM,Google Places API (New) Nearby Search,2026-09-02T15:22:51+00:00
ChIJ1Rym03lDXj4Ry8HrwL3DgZQ,The Fix Beauty Lounge,DIRECT,"beauty_salon, nail_salon",beauty_salon,Beauty salon,"beauty_salon, beautician, nail_salon, hair_care, sports_activity_location, point_of_interest, health, service, establishment",CF7V+547 - 33 Hamad Mohamed thani Al Rumaithi St - Rabdan - RB2 - Abu Dhabi,24.412803399999998,54.4927984,4.1,478.0,OPERATIONAL,+971 2 565 0800,https://www.thefixbeauty.com/,https://maps.google.com/?cid=10701049409361920459&g_mp=Cilnb29nbGUubWFwcy5wbGFjZXMudjEuUGxhY2VzLlNlYXJjaE5lYXJieRACGAQgAA,Monday: 10:00 AM – 10:00 PM | Tuesday: 10:00 AM – 10:00 PM | Wednesday: 10:00 AM – 10:00 PM | Thursday: 10:00 AM – 10:00 PM | Friday: 10:00 AM – 10:00 PM | Saturday: 10:00 AM – 10:00 PM | Sunday: 10:00 AM – 10:00 PM,Google Places API (New) Nearby Search,2026-09-02T15:22:51+00:00
ChIJeeRj1TVqXz4RWRRmhU-5qKg,Bloom Aesthetic and Laser Clinic عيادة بلوم للتجميل والليزر,DIRECT,"beauty_salon, spa",medical_center,Medical Center,"medical_center, skin_care_clinic, massage_spa, beauty_salon, spa, physiotherapist, hospital, hair_care, massage, medical_clinic, doctor, service, health, point_of_interest, establishment",Dubai - Al Manara - Dubai,25.1421349,55.20644,4.5,477.0,OPERATIONAL,+971 4 399 3434,http://bloom-dubai.com/,https://maps.google.com/?cid=12153167345650898009&g_mp=Cilnb29nbGUubWFwcy5wbGFjZXMudjEuUGxhY2VzLlNlYXJjaE5lYXJieRACGAQgAA,Monday: 10:00 AM – 9:00 PM | Tuesday: 10:00 AM – 9:00 PM | Wednesday: 10:00 AM – 9:00 PM | Thursday: 10:00 AM – 9:00 PM | Friday: 1:00 – 9:00 PM | Saturday: 11:00 AM – 7:00 PM | Sunday: 10:00 AM – 9:00 PM,Google Places API (New) Nearby Search,2026-09-02T15:22:51+00:00
ChIJf47Opc9X9D4RU8CdNHz3nRo,Burqau beauty center,DIRECT,beauty_salon,beauty_salon,Beauty salon,"beauty_salon, point_of_interest, service, establishment",منطقة سكمكم _ شارع الكويتي - Al Sharyah - 1 - Fujairah,25.1571047,56.346790899999995,4.5,473.0,OPERATIONAL,+971 9 222 2372,,https://maps.google.com/?cid=1917961129160458323&g_mp=Cilnb29nbGUubWFwcy5wbGFjZXMudjEuUGxhY2VzLlNlYXJjaE5lYXJieRACGAQgAA,Monday: 10:00 AM – 10:00 PM | Tuesday: 10:00 AM – 10:00 PM | Wednesday: 10:00 AM – 10:00 PM | Thursday: 10:00 AM – 10:00 PM | Friday: 10:00 AM – 10:00 PM | Saturday: 10:00 AM – 10:00 PM | Sunday: 10:00 AM – 10:00 PM,Google Places API (New) Nearby Search,2026-09-02T15:22:51+00:00
ChIJhw_xEt0qL4gR6Bishu08MI8,Namys Beauty Lounge Dubai Best Salon For Ladies,DIRECT,nail_salon,beauty_salon,Beauty salon,"beauty_salon, nail_salon, makeup_artist, massage_spa, hair_salon, hair_care, massage, spa, beautician, body_art_service, point_of_interest, service, establishment",England Y16 Shop 3 - ورسان الأولى - مدينة دبي العالمية - دبي,25.171655299999998,55.4022863,4.9,469.0,OPERATIONAL,+971 55 503 5030,https://namysbeauty.com/?utm_source=google&utm_medium=organic&utm_campaign=Google_My_Business_Listing&utm_content=website,https://maps.google.com/?cid=10317813737170147560&g_mp=Cilnb29nbGUubWFwcy5wbGFjZXMudjEuUGxhY2VzLlNlYXJjaE5lYXJieRACGAQgAA,Monday: 10:00 AM – 12:00 AM | Tuesday: 10:00 AM – 1:00 AM | Wednesday: 10:00 AM – 1:00 AM | Thursday: 10:00 AM – 1:00 AM | Friday: 10:00 AM – 1:00 AM | Saturday: 10:00 AM – 12:00 AM | Sunday: 10:00 AM – 12:00 AM,Google Places API (New) Nearby Search,2026-09-02T15:22:51+00:00
ChIJD78jm21DXj4RFJaaFlEWA9U,Elated Beauty Bar,DIRECT,"beauty_salon, nail_salon",beauty_salon,Beauty salon,"beauty_salon, nail_salon, point_of_interest, service, establishment",الفَائِزِين - Al Muntazah - E48 - Abu Dhabi,24.4315307,54.4648325,4.4,466.0,OPERATIONAL,+971 2 441 8810,https://www.fresha.com/book-now/elated-y55iy8qs/all-offer?pId=250397,https://maps.google.com/?cid=15349136492536174100&g_mp=Cilnb29nbGUubWFwcy5wbGFjZXMudjEuUGxhY2VzLlNlYXJjaE5lYXJieRACGAQgAA,Monday: 10:00 AM – 10:00 PM | Tuesday: 10:00 AM – 10:00 PM | Wednesday: 10:00 AM – 10:00 PM | Thursday: 10:00 AM – 10:00 PM | Friday: 10:00 AM – 10:00 PM | Saturday: 10:00 AM – 10:00 PM | Sunday: 10:00 AM – 10:00 PM,Google Places API (New) Nearby Search,2026-09-02T15:22:51+00:00
ChIJB1eybbhrXz4RfNr5DkIOkvQ,Urban Glam - Barsha Heights,DIRECT,"beauty_salon, nail_salon",beauty_salon,Beauty salon,"beauty_salon, nail_salon, massage_spa, spa, massage, service, point_of_interest, establishment","ground floor, Art heights building - shop # 7 - Al Thanyah First - Barsha Heights - Dubai",25.0988513,55.1768786,3.3,464.0,OPERATIONAL,+971 50 134 3009,https://urbanglam.ae/barsha-heights,https://maps.google.com/?cid=17623163968736057980&g_mp=Cilnb29nbGUubWFwcy5wbGFjZXMudjEuUGxhY2VzLlNlYXJjaE5lYXJieRACGAQgAA,Monday: 11:00 AM – 11:00 PM | Tuesday: 11:00 AM – 11:00 PM | Wednesday: 11:00 AM – 11:00 PM | Thursday: 11:00 AM – 11:00 PM | Friday: 11:00 AM – 11:00 PM | Saturday: 11:00 AM – 11:00 PM | Sunday: 11:00 AM – 11:00 PM,Google Places API (New) Nearby Search,2026-09-02T15:22:51+00:00
ChIJZRZg0ihnXj4R_Pq2INmrLgQ,La Juicy Spa and Beauty Center,DIRECT,nail_salon,spa,Spa,"spa, nail_salon, massage_spa, massage, beauty_salon, point_of_interest, service, establishment",F9RH+88V - Mezzanine floor - Al Zahiyah - E16 01 - Abu Dhabi,24.490847199999997,54.378439099999994,4.9,459.0,OPERATIONAL,+971 50 118 2660,,https://maps.google.com/?cid=301367174125517564&g_mp=Cilnb29nbGUubWFwcy5wbGFjZXMudjEuUGxhY2VzLlNlYXJjaE5lYXJieRACGAQgAA,Monday: 10:00 AM – 10:00 PM | Tuesday: 10:00 AM – 10:00 PM | Wednesday: 10:00 AM – 10:00 PM | Thursday: 10:00 AM – 10:00 PM | Friday: 10:00 AM – 10:00 PM | Saturday: 10:00 AM – 10:00 PM | Sunday: 10:00 AM – 10:00 PM,Google Places API (New) Nearby Search,2026-09-02T15:22:51+00:00
ChIJ7xuNn8FrXz4RB3dSnDLcPIg,Twist Curly Hair Salon Dubai,DIRECT,"hair_salon, nail_salon",hair_salon,Hair salon,"nail_salon, hair_salon, hair_care, beauty_salon, point_of_interest, service, establishment",The B1 - Al Barsha Rd - Al Barsha First - Al Barsha - Dubai,25.1159213,55.20161220000001,4.6,458.0,OPERATIONAL,+971 52 413 4264,https://twistfamily.ae/,https://maps.google.com/?cid=9816963397689964295&g_mp=Cilnb29nbGUubWFwcy5wbGFjZXMudjEuUGxhY2VzLlNlYXJjaE5lYXJieRACGAQgAA,Monday: 10:00 AM – 10:00 PM | Tuesday: 10:00 AM – 10:00 PM | Wednesday: 10:00 AM – 10:00 PM | Thursday: 10:00 AM – 10:00 PM | Friday: 10:00 AM – 10:00 PM | Saturday: 10:00 AM – 10:00 PM | Sunday: 10:00 AM – 10:00 PM,Google Places API (New) Nearby Search,2026-09-02T15:22:51+00:00
ChIJu_blBE1nXj4RuqjCD1qHHaY,Top Touch Gents salon & spa صالون وسبا توب تاتش,DIRECT,hair_salon,hair_salon,Hair salon,"hair_salon, hair_care, service, point_of_interest, establishment",503 Sultan Bin Zayed The First St Al - with Al Falah - Muroor Rd - opposite Habib Bank - الدانة - شرق 18 2 - أبو ظبي,24.4785848,54.371173000000006,4.8,454.0,OPERATIONAL,+971 2 665 5506,https://toptouchspa.com/,https://maps.google.com/?cid=11969872205501868218&g_mp=Cilnb29nbGUubWFwcy5wbGFjZXMudjEuUGxhY2VzLlNlYXJjaE5lYXJieRACGAQgAA,Monday: Open 24 hours | Tuesday: Open 24 hours | Wednesday: Open 24 hours | Thursday: Open 24 hours | Friday: Open 24 hours | Saturday: Open 24 hours | Sunday: Open 24 hours,Google Places API (New) Nearby Search,2026-09-02T15:22:51+00:00
ChIJ7YfCKAXNFAARAun7rUoz3ns,Boujie Beauty Salon,DIRECT,"beauty_salon, nail_salon, spa",beauty_salon,Beauty salon,"beauty_salon, nail_salon, massage_spa, massage, spa, point_of_interest, service, establishment",76 Al yas al Ali street - Mezzanine floor - Building C10 - A - مدينة خليفة - حوض 13 - أبو ظبي,24.4022205,54.584081999999995,4.7,449.0,OPERATIONAL,+971 56 520 5151,https://boujie.ae/,https://maps.google.com/?cid=8925627907334465794&g_mp=Cilnb29nbGUubWFwcy5wbGFjZXMudjEuUGxhY2VzLlNlYXJjaE5lYXJieRACGAQgAA,Monday: 11:00 AM – 9:00 PM | Tuesday: 11:00 AM – 9:00 PM | Wednesday: 11:00 AM – 9:00 PM | Thursday: 11:00 AM – 9:00 PM | Friday: 11:00 AM – 9:00 PM | Saturday: 11:00 AM – 9:00 PM | Sunday: 11:00 AM – 9:00 PM,Google Places API (New) Nearby Search,2026-09-02T15:22:51+00:00
ChIJzzbywhyyij4RijXShawdh7I,Amro Ladies Salon,DIRECT,beauty_salon,beauty_salon,Beauty salon,"beauty_salon, service, point_of_interest, establishment","Al Khabissi, Street 16 Villa Number 2 - الخبيصي - الناصرية - أبو ظبي",24.227684699999998,55.6815978,4.6,448.0,OPERATIONAL,+971 3 764 6383,http://www.amroladiessalon.com/,https://maps.google.com/?cid=12864283487423837578&g_mp=Cilnb29nbGUubWFwcy5wbGFjZXMudjEuUGxhY2VzLlNlYXJjaE5lYXJieRACGAQgAA,Monday: 1:00 – 9:00 PM | Tuesday: 10:30 AM – 9:00 PM | Wednesday: 10:30 AM – 9:00 PM | Thursday: 10:30 AM – 9:00 PM | Friday: 10:30 AM – 9:00 PM | Saturday: 10:30 AM – 9:00 PM | Sunday: 10:30 AM – 9:00 PM,Google Places API (New) Nearby Search,2026-09-02T15:22:51+00:00
ChIJH32H67ZtXz4R8CNbPtkHgtg,The Perfect Blend Dubai JVC,DIRECT,"beauty_salon, hair_salon, nail_salon, spa",hair_salon,Hair salon,"nail_salon, massage_spa, hair_salon, hair_care, massage, spa, beauty_salon, health, point_of_interest, service, establishment",Jumeirah Village Circle - البرشاء جنوب الرابعة - قرية جميرا الدائرية - دبي,25.057879699999997,55.2098843,4.9,445.0,OPERATIONAL,+971 50 207 6635,https://www.instagram.com/theperfectblenddubai?igsh=MXEycDg5bHhubGFuYQ==,https://maps.google.com/?cid=15601040688800277488&g_mp=Cilnb29nbGUubWFwcy5wbGFjZXMudjEuUGxhY2VzLlNlYXJjaE5lYXJieRACGAQgAA,Monday: 9:00 AM – 9:00 PM | Tuesday: 9:00 AM – 9:00 PM | Wednesday: 9:00 AM – 9:00 PM | Thursday: 9:00 AM – 9:00 PM | Friday: 9:00 AM – 9:00 PM | Saturday: 9:00 AM – 6:00 PM | Sunday: 9:00 AM – 6:00 PM,Google Places API (New) Nearby Search,2026-09-02T15:22:51+00:00
ChIJ0bA1eb1gXz4R7D1KslapuS0,Silkor‎ Mirdif Branch,DIRECT,spa,medical_clinic,Medical clinic,"skin_care_clinic, massage_spa, wellness_center, hair_care, medical_center, massage, spa, beauty_salon, hospital, medical_clinic, health, point_of_interest, service, establishment","ground floor, Uptown Mirdif Mall - Algeria St - Mirdif - Dubai",25.223965699999997,55.425036899999995,4.5,439.0,OPERATIONAL,+971 4 251 4060,http://www.silkor.com/,https://maps.google.com/?cid=3294850792221720044&g_mp=Cilnb29nbGUubWFwcy5wbGFjZXMudjEuUGxhY2VzLlNlYXJjaE5lYXJieRACGAQgAA,Monday: 9:00 AM – 9:00 PM | Tuesday: 9:00 AM – 9:00 PM | Wednesday: 9:00 AM – 9:00 PM | Thursday: 9:00 AM – 9:00 PM | Friday: 9:00 AM – 9:00 PM | Saturday: 9:00 AM – 9:00 PM | Sunday: 9:00 AM – 9:00 PM,Google Places API (New) Nearby Search,2026-09-02T15:22:51+00:00
ChIJBTzrgYZDXz4R4k3BNQwPjhs,Lash and Brow station,DIRECT,beauty_salon,beauty_salon,Beauty salon,"beauty_salon, point_of_interest, service, establishment",Madinat Badr - Muhaisnah First - Muhaisnah 1 - Dubai,25.2371616,55.4140393,4.3,436.0,OPERATIONAL,+971 56 380 8183,https://lashbrowuae.com/,https://maps.google.com/?cid=1985541030832852450&g_mp=Cilnb29nbGUubWFwcy5wbGFjZXMudjEuUGxhY2VzLlNlYXJjaE5lYXJieRACGAQgAA,Monday: 11:00 AM – 9:00 PM | Tuesday: 11:00 AM – 9:00 PM | Wednesday: 11:00 AM – 9:00 PM | Thursday: 11:00 AM – 9:00 PM | Friday: 11:00 AM – 9:00 PM | Saturday: 11:00 AM – 9:00 PM | Sunday: 11:00 AM – 9:00 PM,Google Places API (New) Nearby Search,2026-09-02T15:22:51+00:00
ChIJ7aBvpbBBXj4Rrz5YkTw3PKA,Ushi Nail Spa Al Qana Abu Dhabi,DIRECT,"beauty_salon, nail_salon, spa",beauty_salon,Beauty salon,"beauty_salon, nail_salon, massage_spa, spa, massage, point_of_interest, service, establishment",Al Khor St - شارع المقطع - ربدان - ربدان 6 - أبو ظبي,24.4034406,54.496313799999996,4.7,435.0,OPERATIONAL,+971 600 590077,http://www.ushispa.com/,https://maps.google.com/?cid=11546164277947154095&g_mp=Cilnb29nbGUubWFwcy5wbGFjZXMudjEuUGxhY2VzLlNlYXJjaE5lYXJieRACGAQgAA,Monday: 10:00 AM – 10:00 PM | Tuesday: 10:00 AM – 10:00 PM | Wednesday: 10:00 AM – 10:00 PM | Thursday: 10:00 AM – 10:00 PM | Friday: 10:00 AM – 10:00 PM | Saturday: 10:00 AM – 10:00 PM | Sunday: 10:00 AM – 10:00 PM,Google Places API (New) Nearby Search,2026-09-02T15:22:51+00:00
ChIJ7eg4VFo3Xj4RBKDKLzVzjgo,مركز الامارات للعناية الرجالية فرع بني ياس,DIRECT,"hair_salon, spa",hair_salon,Hair salon,"hair_salon, massage_spa, hair_care, massage, spa, point_of_interest, service, establishment",بني ياس - شقة 101 - مبنى - السيد ناصر سالم حميد - Al Bateehah St - 2_3 -قC15 - Baniyas East - Abu Dhabi,24.3177614,54.6313111,4.2,433.0,OPERATIONAL,+971 2 555 7211,,https://maps.google.com/?cid=760672059344461828&g_mp=Cilnb29nbGUubWFwcy5wbGFjZXMudjEuUGxhY2VzLlNlYXJjaE5lYXJieRACGAQgAA,Monday: 9:00 AM – 11:00 PM | Tuesday: 9:00 AM – 11:00 PM | Wednesday: 9:00 AM – 11:00 PM | Thursday: 9:00 AM – 11:00 PM | Friday: 9:00 AM – 11:00 PM | Saturday: 9:00 AM – 11:00 PM | Sunday: 9:00 AM – 11:00 PM,Google Places API (New) Nearby Search,2026-09-02T15:22:51+00:00
ChIJ69xfDaRHXj4R9w_joO8apaw,Sign Ladies Salon - صالون ساين للسيدات,DIRECT,beauty_salon,beauty_salon,Beauty salon,"beauty_salon, point_of_interest, service, establishment",Floor M - M01 - As Sunnaʹ St - Khalifa City - Sector 33 - Abu Dhabi,24.3971825,54.5579222,4.1,432.0,OPERATIONAL,+971 2 667 9228,,https://maps.google.com/?cid=12440379162179604471&g_mp=Cilnb29nbGUubWFwcy5wbGFjZXMudjEuUGxhY2VzLlNlYXJjaE5lYXJieRACGAQgAA,Monday: 10:00 AM – 10:00 PM | Tuesday: 10:00 AM – 10:00 PM | Wednesday: 10:00 AM – 10:00 PM | Thursday: 10:00 AM – 10:00 PM | Friday: 10:00 AM – 10:00 PM | Saturday: 10:00 AM – 10:00 PM | Sunday: 10:00 AM – 10:00 PM,Google Places API (New) Nearby Search,2026-09-02T15:22:51+00:00
ChIJjVmxV54IyG8Rb6vQGYUtChQ,GLOW Beauty Center Raha,DIRECT,beauty_salon,beauty_salon,Beauty salon,"beauty_salon, point_of_interest, service, establishment",beach tower c2 - Al Raha - Al Dana - Abu Dhabi,24.441712900000002,54.5808768,4.8,431.0,OPERATIONAL,+971 2 444 0506,http://glowbeautycenter.ae/,https://maps.google.com/?cid=1444016680212671343&g_mp=Cilnb29nbGUubWFwcy5wbGFjZXMudjEuUGxhY2VzLlNlYXJjaE5lYXJieRACGAQgAA,Monday: 9:00 AM – 10:00 PM | Tuesday: 9:00 AM – 10:00 PM | Wednesday: 9:00 AM – 10:00 PM | Thursday: 9:00 AM – 10:00 PM | Friday: 9:00 AM – 10:00 PM | Saturday: 9:00 AM – 10:00 PM | Sunday: 9:00 AM – 10:00 PM,Google Places API (New) Nearby Search,2026-09-02T15:22:51+00:00
ChIJYU4PwtJ19j4RTzPR2Cu8EP0,Pause Ladies Spa Salon Rak Branch,DIRECT,beauty_salon,beauty_salon,Beauty salon,"beauty_salon, point_of_interest, service, establishment",73 Al Muhannad Rd - Al Dhait - الظيت الجنوبي - Ras Al Khaimah,25.7169418,55.916218099999995,4.0,431.0,OPERATIONAL,+971 7 236 6870,,https://maps.google.com/?cid=18235281787730342735&g_mp=Cilnb29nbGUubWFwcy5wbGFjZXMudjEuUGxhY2VzLlNlYXJjaE5lYXJieRACGAQgAA,Monday: 10:00 AM – 10:00 PM | Tuesday: 10:00 AM – 10:00 PM | Wednesday: 10:00 AM – 10:00 PM | Thursday: 10:00 AM – 10:00 PM | Friday: 10:00 AM – 10:00 PM | Saturday: 10:00 AM – 10:00 PM | Sunday: 10:00 AM – 10:00 PM,Google Places API (New) Nearby Search,2026-09-02T15:22:51+00:00
ChIJ3_iyPrQ5Xj4RH9UwIvrtDss,blusher salon and spa,DIRECT,"beauty_salon, spa",beauty_salon,Beauty salon,"beauty_salon, massage_spa, spa, massage, point_of_interest, service, establishment",Abu Dhabi Ladies Club - شارع ١٥ - Al Muzoun - W53 - Abu Dhabi,24.3992844,54.470815099999996,4.6,431.0,OPERATIONAL,+971 54 414 3917,https://linktr.ee/Blushersalonandspa,https://maps.google.com/?cid=14631893897944552735&g_mp=Cilnb29nbGUubWFwcy5wbGFjZXMudjEuUGxhY2VzLlNlYXJjaE5lYXJieRACGAQgAA,Monday: 10:00 AM – 10:00 PM | Tuesday: 10:00 AM – 10:00 PM | Wednesday: 10:00 AM – 10:00 PM | Thursday: 10:00 AM – 10:00 PM | Friday: 10:00 AM – 10:00 PM | Saturday: 10:00 AM – 10:00 PM | Sunday: 10:00 AM – 10:00 PM,Google Places API (New) Nearby Search,2026-09-02T15:22:51+00:00
ChIJe70BwzttXz4RhOVZU77la9c,The Aesthetics Clinic,DIRECT,beauty_salon,skin_care_clinic,Skin care clinic,"skin_care_clinic, hair_care, beauty_salon, doctor, medical_clinic, health, point_of_interest, service, establishment",Jabal Ali First - Al Furjan - Dubai,25.025168299999997,55.1525799,4.7,430.0,OPERATIONAL,+971 54 482 1557,http://theaestheticsclinic.ae/,https://maps.google.com/?cid=15522753146267493764&g_mp=Cilnb29nbGUubWFwcy5wbGFjZXMudjEuUGxhY2VzLlNlYXJjaE5lYXJieRACGAQgAA,Monday: 10:00 AM – 9:00 PM | Tuesday: 10:00 AM – 9:00 PM | Wednesday: 10:00 AM – 9:00 PM | Thursday: 10:00 AM – 9:00 PM | Friday: 10:00 AM – 9:00 PM | Saturday: 10:00 AM – 9:00 PM | Sunday: 10:00 AM – 9:00 PM,Google Places API (New) Nearby Search,2026-09-02T15:22:51+00:00
ChIJAVJbqQhmXj4RJTYA6vaL20s,مركز ماجستيك الطبي - Majestic Medical Center,DIRECT,beauty_salon,medical_center,Medical Center,"medical_center, hair_care, dentist, beauty_salon, doctor, hospital, medical_clinic, health, point_of_interest, service, establishment","Villa number 24, Al Zaab - Al Falah Street Opposite of Sheikh Zayed Academic School - الخالدية - غرب 17 2 - أبو ظبي",24.4642683,54.3517024,4.8,429.0,OPERATIONAL,+971 2 666 9161,https://majesticdc.ae/,https://maps.google.com/?cid=5466116465348326949&g_mp=Cilnb29nbGUubWFwcy5wbGFjZXMudjEuUGxhY2VzLlNlYXJjaE5lYXJieRACGAQgAA,Monday: 11:00 AM – 9:00 PM | Tuesday: 11:00 AM – 9:00 PM | Wednesday: 11:00 AM – 9:00 PM | Thursday: 11:00 AM – 9:00 PM | Friday: 11:00 AM – 9:00 PM | Saturday: Closed | Sunday: 11:00 AM – 9:00 PM,Google Places API (New) Nearby Search,2026-09-02T15:22:51+00:00
ChIJhbXVqRtpXz4RFkKE772AO8Q,HAVIE & MOON,DIRECT,hair_salon,beauty_salon,Beauty salon,"beauty_salon, nail_salon, massage_spa, hair_salon, wellness_center, hair_care, massage, spa, beautician, health, point_of_interest, service, establishment","Unit R03, The Pinnacle Dubai Hills Estate - حدائق الشيخ محمد بن راشد - دبي",25.111131999999998,55.2517031,4.9,427.0,OPERATIONAL,+971 58 599 4841,https://www.havieandmoon.com/,https://maps.google.com/?cid=14140037008315400726&g_mp=Cilnb29nbGUubWFwcy5wbGFjZXMudjEuUGxhY2VzLlNlYXJjaE5lYXJieRACGAQgAA,Monday: 8:00 AM – 9:00 PM | Tuesday: 8:00 AM – 9:00 PM | Wednesday: 8:00 AM – 9:00 PM | Thursday: 8:00 AM – 9:00 PM | Friday: 8:00 AM – 9:00 PM | Saturday: 8:00 AM – 6:00 PM | Sunday: Closed,Google Places API (New) Nearby Search,2026-09-02T15:22:51+00:00
ChIJF2riysJ19j4Rz-IGoUaN4Xg,Djor Beauty Lounge,DIRECT,beauty_salon,beauty_salon,Beauty salon,"beauty_salon, point_of_interest, service, establishment",28B St - behind Center point South - Al Dhait - Ras Al Khaimah,25.7428729,55.8997518,4.4,424.0,OPERATIONAL,+971 7 243 2212,,https://maps.google.com/?cid=8710398488800060111&g_mp=Cilnb29nbGUubWFwcy5wbGFjZXMudjEuUGxhY2VzLlNlYXJjaE5lYXJieRACGAQgAA,Monday: 10:00 AM – 10:00 PM | Tuesday: 10:00 AM – 10:00 PM | Wednesday: 10:00 AM – 10:00 PM | Thursday: 10:00 AM – 10:00 PM | Friday: 10:00 AM – 10:00 PM | Saturday: 10:00 AM – 10:00 PM | Sunday: 10:00 AM – 10:00 PM,Google Places API (New) Nearby Search,2026-09-02T15:22:51+00:00
ChIJ1RNCXzRDXj4RkbuAKXOwcGA,Indigo Ladies Salon,DIRECT,beauty_salon,beauty_salon,Beauty salon,"beauty_salon, point_of_interest, service, establishment","Villa 116, Al Khara-it Street - Old Muroor Rd - المنتزه - شرق 48 - أبو ظبي",24.4295699,54.4435642,4.4,421.0,OPERATIONAL,+971 55 319 9051,https://indigoladiessalon.ae/,https://maps.google.com/?cid=6949248233696705425&g_mp=Cilnb29nbGUubWFwcy5wbGFjZXMudjEuUGxhY2VzLlNlYXJjaE5lYXJieRACGAQgAA,Monday: 10:00 AM – 9:00 PM | Tuesday: 10:00 AM – 9:00 PM | Wednesday: 10:00 AM – 9:00 PM | Thursday: 10:00 AM – 9:00 PM | Friday: 10:00 AM – 9:00 PM | Saturday: 10:00 AM – 9:00 PM | Sunday: 10:00 AM – 9:00 PM,Google Places API (New) Nearby Search,2026-09-02T15:22:51+00:00
ChIJA3hjb-NHXj4ROuB2SgejwCc,Luxury Harrods Beauty and Spa,DIRECT,"beauty_salon, nail_salon, spa",beauty_salon,Beauty salon,"beauty_salon, skin_care_clinic, nail_salon, makeup_artist, massage_spa, hair_care, massage, spa, supplier, medical_clinic, health, point_of_interest, service, establishment",Villa No.4 - 159 12th St - opposite of Al Forsan Village - Khalifa City - SW14 - Abu Dhabi,24.4057002,54.552279,4.6,420.0,OPERATIONAL,+971 58 640 1966,http://www.luxuryharrodsbeautyspa.com/,https://maps.google.com/?cid=2864468614717038650&g_mp=Cilnb29nbGUubWFwcy5wbGFjZXMudjEuUGxhY2VzLlNlYXJjaE5lYXJieRACGAQgAA,Monday: 10:00 AM – 11:00 PM | Tuesday: 10:00 AM – 11:00 PM | Wednesday: 10:00 AM – 11:00 PM | Thursday: 10:00 AM – 2:00 AM | Friday: 10:00 AM – 2:00 AM | Saturday: 10:00 AM – 11:00 PM | Sunday: 10:00 AM – 11:00 PM,Google Places API (New) Nearby Search,2026-09-02T15:22:51+00:00
ChIJ_XHbJhZmXj4RZEoLST18fRY,Beautiful Henna Centre (صالون النقوش الجميلة),DIRECT,"beauty_salon, hair_salon, spa",beauty_salon,Beauty salon,"beauty_salon, hair_salon, hair_care, spa, point_of_interest, service, establishment","Villa 141, Near VIETNAM EMBASSY - Salama Bint Butti St - Al Mushrif - W52 - Abu Dhabi",24.4316998,54.4019581,4.3,417.0,OPERATIONAL,+971 2 634 3963,http://www.beautifulhennacentre.com/,https://maps.google.com/?cid=1620588043583572580&g_mp=Cilnb29nbGUubWFwcy5wbGFjZXMudjEuUGxhY2VzLlNlYXJjaE5lYXJieRACGAQgAA,Monday: 10:30 AM – 10:00 PM | Tuesday: 10:30 AM – 10:00 PM | Wednesday: 10:30 AM – 10:00 PM | Thursday: 10:30 AM – 10:00 PM | Friday: 10:30 AM – 10:00 PM | Saturday: 10:30 AM – 10:00 PM | Sunday: 10:30 AM – 10:00 PM,Google Places API (New) Nearby Search,2026-09-02T15:22:51+00:00
ChIJvVXZyygTXz4RoMJC0fPAHSY,KARKAFI HAIR Extension Dubai Marina قرقفي للشعر المستعار (اكستنشن) دبي مارينا,DIRECT,hair_salon,hair_care,Hair care service,"hair_salon, hair_care, supplier, store, medical_clinic, health, point_of_interest, service, establishment",Studio one Marina - retail 3 Al Seba St - Dubai Marina - Dubai,25.0692746,55.1292304,4.8,413.0,OPERATIONAL,+971 50 703 0823,https://karkafihair.ae/,https://maps.google.com/?cid=2746563501186269856&g_mp=Cilnb29nbGUubWFwcy5wbGFjZXMudjEuUGxhY2VzLlNlYXJjaE5lYXJieRACGAQgAA,Monday: 10:00 AM – 10:00 PM | Tuesday: 10:00 AM – 10:00 PM | Wednesday: 10:00 AM – 10:00 PM | Thursday: 10:00 AM – 10:00 PM | Friday: 10:00 AM – 10:00 PM | Saturday: 10:00 AM – 10:00 PM | Sunday: 4:00 – 10:00 PM,Google Places API (New) Nearby Search,2026-09-02T15:22:51+00:00
ChIJBW8b_L5rXz4ROct4NjxpLmY,"Tara Rose Salons - Al Quoz, Dubai",DIRECT,hair_salon,hair_salon,Hair salon,"nail_salon, hair_salon, hair_care, beautician, beauty_salon, point_of_interest, service, establishment",Arenco Warehouse 10 - next to Build Station - Al Qouz Ind.first - Al Quoz - Dubai,25.142286,55.22379240000001,5.0,413.0,OPERATIONAL,+971 4 832 7061,https://www.tararosesalon.com/en/ae/locations/dubai/al-quoz/,https://maps.google.com/?cid=7362938148130179897&g_mp=Cilnb29nbGUubWFwcy5wbGFjZXMudjEuUGxhY2VzLlNlYXJjaE5lYXJieRACGAQgAA,Monday: 9:00 AM – 8:00 PM | Tuesday: 9:00 AM – 8:00 PM | Wednesday: 9:00 AM – 8:00 PM | Thursday: 9:00 AM – 8:00 PM | Friday: 9:00 AM – 8:00 PM | Saturday: 9:00 AM – 8:00 PM | Sunday: 9:00 AM – 8:00 PM,Google Places API (New) Nearby Search,2026-09-02T15:22:51+00:00
ChIJczawgrJnXz4Rpen1TutFZ64,Bladez Gents Salon صالون رجالي بليدس,DIRECT,hair_salon,barber_shop,Barber shop,"barber_shop, hair_salon, beauty_salon, hair_care, parking, transportation_service, massage_spa, spa, massage, point_of_interest, health, service, establishment",Nad Al hamar Al Tilal 19 Shop No. 1 - ند الحمر - دبي,25.1914953,55.3953996,4.9,411.0,OPERATIONAL,+971 58 680 0765,https://bladezgentssalons.com/,https://maps.google.com/?cid=12567090162145028517&g_mp=Cilnb29nbGUubWFwcy5wbGFjZXMudjEuUGxhY2VzLlNlYXJjaE5lYXJieRACGAQgAA,Monday: 11:00 AM – 12:00 AM | Tuesday: 11:00 AM – 12:00 AM | Wednesday: 11:00 AM – 12:00 AM | Thursday: 11:00 AM – 12:00 AM | Friday: 10:00 AM – 12:00 AM | Saturday: 10:00 AM – 12:00 AM | Sunday: 10:00 AM – 12:00 AM,Google Places API (New) Nearby Search,2026-09-02T15:22:51+00:00
ChIJBa4VrhZtXz4RBILEucrVUEc,Neferthena Ladies Salon,DIRECT,beauty_salon,beauty_salon,Beauty salon,"beauty_salon, point_of_interest, service, establishment","O2 Residence Tower, JVC, Al Barsha 4, Retail 3 - البرشاء جنوب الرابعة - قرية جميرا الدائرية - دبي",25.0464664,55.205284,4.8,410.0,OPERATIONAL,+971 4 552 6387,https://www.neferthena.com/,https://maps.google.com/?cid=5138842241506509316&g_mp=Cilnb29nbGUubWFwcy5wbGFjZXMudjEuUGxhY2VzLlNlYXJjaE5lYXJieRACGAQgAA,Monday: 10:00 AM – 10:00 PM | Tuesday: 10:00 AM – 10:00 PM | Wednesday: 10:00 AM – 10:00 PM | Thursday: 10:00 AM – 10:00 PM | Friday: 10:00 AM – 10:00 PM | Saturday: 10:00 AM – 10:00 PM | Sunday: 10:00 AM – 10:00 PM,Google Places API (New) Nearby Search,2026-09-02T15:22:51+00:00
ChIJIbVQzRdfXz4RpzKkV7NYY3c,Saga Spa for Men - Muwaileh,DIRECT,spa,spa,Spa,"spa, barber_shop, massage_spa, foot_care, hair_care, massage, health, point_of_interest, service, establishment","Ground Floor, Al Maha Building - تجارية مويلح - المنطقة الصناعية - إمارة الشارقةّ",25.307658999999997,55.460969,3.9,410.0,OPERATIONAL,+971 6 544 3344,https://www.sagaspaformen.ae/,https://maps.google.com/?cid=8602817240500548263&g_mp=Cilnb29nbGUubWFwcy5wbGFjZXMudjEuUGxhY2VzLlNlYXJjaE5lYXJieRACGAQgAA,Monday: 9:00 AM – 10:00 PM | Tuesday: 9:00 AM – 10:00 PM | Wednesday: 9:00 AM – 10:00 PM | Thursday: 9:00 AM – 10:00 PM | Friday: 9:00 AM – 10:00 PM | Saturday: 9:00 AM – 10:00 PM | Sunday: 9:00 AM – 10:00 PM,Google Places API (New) Nearby Search,2026-09-02T15:22:51+00:00
ChIJj1HAlOtfXz4RA3vhwo70jEY,Norsh Spa,DIRECT,"hair_salon, nail_salon, spa",beauty_salon,Beauty salon,"beauty_salon, makeup_artist, hair_salon, nail_salon, hair_care, massage_spa, spa, massage, point_of_interest, service, establishment",Muwaliah - طريق المدينة الجامعية - تجارية مويلح - المنطقة الصناعية - الشارقة,25.306399,55.458965299999996,4.5,409.0,OPERATIONAL,+971 56 214 1219,https://linktr.ee/NorshSpa,https://maps.google.com/?cid=5083706973386537731&g_mp=Cilnb29nbGUubWFwcy5wbGFjZXMudjEuUGxhY2VzLlNlYXJjaE5lYXJieRACGAQgAA,Monday: 10:00 AM – 10:00 PM | Tuesday: 10:00 AM – 10:00 PM | Wednesday: 10:00 AM – 10:00 PM | Thursday: 10:00 AM – 10:00 PM | Friday: 10:00 AM – 10:00 PM | Saturday: 10:00 AM – 10:00 PM | Sunday: 10:00 AM – 12:00 AM,Google Places API (New) Nearby Search,2026-09-02T15:22:51+00:00
ChIJYdYrnnpZXz4RjLXEnfNGyfg,Karkafi Hair Extension Sharjah قرقفي للشعر المستعار (اكستنشن) الشارقة,DIRECT,hair_salon,supplier,Suppliers,"hair_salon, hair_care, supplier, store, medical_clinic, health, point_of_interest, service, establishment",E88 - Al Ramla - Al Ramla - West - Sharjah,25.355648,55.4240147,4.7,407.0,OPERATIONAL,+971 54 447 9569,https://karkafihair.ae/,https://maps.google.com/?cid=17926937803862881676&g_mp=Cilnb29nbGUubWFwcy5wbGFjZXMudjEuUGxhY2VzLlNlYXJjaE5lYXJieRACGAQgAA,Monday: 10:00 AM – 10:00 PM | Tuesday: 10:00 AM – 10:00 PM | Wednesday: 10:00 AM – 10:00 PM | Thursday: 10:00 AM – 10:00 PM | Friday: 10:00 AM – 10:00 PM | Saturday: 10:00 AM – 10:00 PM | Sunday: 4:00 – 10:00 PM,Google Places API (New) Nearby Search,2026-09-02T15:22:51+00:00
ChIJiwAxb2JrXz4RIv_oGv3Iun0,Fade and Play - Barsha,DIRECT,hair_salon,barber_shop,Barber shop,"barber_shop, hair_salon, hair_care, beauty_salon, health, point_of_interest, service, establishment",Trio Building - Shop 20 Al Barsha 1 - Al Barsha First - Al Barsha - Dubai,25.110495999999998,55.1956299,4.8,406.0,OPERATIONAL,+971 58 526 8783,https://fadeandplay.com/?utm_source=gmb&utm_medium=organic&utm_campaign=barsha_1,https://maps.google.com/?cid=9059774589812932386&g_mp=Cilnb29nbGUubWFwcy5wbGFjZXMudjEuUGxhY2VzLlNlYXJjaE5lYXJieRACGAQgAA,Monday: 9:00 AM – 11:00 PM | Tuesday: 9:00 AM – 11:00 PM | Wednesday: 9:00 AM – 11:00 PM | Thursday: 9:00 AM – 11:00 PM | Friday: 9:00 AM – 11:00 PM | Saturday: 9:00 AM – 11:00 PM | Sunday: 9:00 AM – 11:00 PM,Google Places API (New) Nearby Search,2026-09-02T15:22:51+00:00
ChIJDUGzwT9bXz4RmNUWNM5W5sQ,Miss World Beauty Salon | Hair Salon | Al Nabba | Sharjah,DIRECT,"hair_salon, nail_salon",beauty_salon,Beauty salon,"beauty_salon, nail_salon, foot_care, hair_salon, hair_care, point_of_interest, service, establishment",Street 30 - behind Dubai Islamic Bank - Al Naba'a - Al Nabba - Sharjah,25.362209999999997,55.3967156,4.8,406.0,OPERATIONAL,+971 56 458 8959,http://www.missworldsalon.com/,https://maps.google.com/?cid=14188123119714489752&g_mp=Cilnb29nbGUubWFwcy5wbGFjZXMudjEuUGxhY2VzLlNlYXJjaE5lYXJieRACGAQgAA,Monday: 10:00 AM – 10:00 PM | Tuesday: 10:00 AM – 10:00 PM | Wednesday: 10:00 AM – 10:00 PM | Thursday: 10:00 AM – 10:00 PM | Friday: 10:00 AM – 10:00 PM | Saturday: 10:00 AM – 10:00 PM | Sunday: 10:00 AM – 10:00 PM,Google Places API (New) Nearby Search,2026-09-02T15:22:51+00:00
ChIJOXqcoflHXj4Rw9lYL-ImdG0,Mirna Kassab Beauty Center,DIRECT,"beauty_salon, spa",beauty_salon,Beauty salon,"massage_spa, massage, spa, beauty_salon, point_of_interest, service, establishment",Saeed Bin Ablan Al Mazrouei St (Street 188) - Khalifa City - SW5 - Abu Dhabi,24.405334699999997,54.5682591,4.8,405.0,OPERATIONAL,+971 50 451 4550,https://www.instagram.com/mirnakassabbeauty/,https://maps.google.com/?cid=7886971600331397571&g_mp=Cilnb29nbGUubWFwcy5wbGFjZXMudjEuUGxhY2VzLlNlYXJjaE5lYXJieRACGAQgAA,Monday: 10:00 AM – 10:00 PM | Tuesday: 10:00 AM – 10:00 PM | Wednesday: 10:00 AM – 10:00 PM | Thursday: 10:00 AM – 10:00 PM | Friday: Closed | Saturday: 10:00 AM – 10:00 PM | Sunday: 10:00 AM – 10:00 PM,Google Places API (New) Nearby Search,2026-09-02T15:22:51+00:00
ChIJRTPUSNmtij4RUpukt5fIHhM,"Jazz Lounge Spa for Men - Souq Extra Mall, Abu Dhabi",DIRECT,"hair_salon, nail_salon, spa",spa,Spa,"spa, barber_shop, nail_salon, massage_spa, hair_salon, hair_care, massage, beauty_salon, health, point_of_interest, service, establishment",Souq Extra Mall Shop 11C - شارع حمدان بن محمد - البطين - غافات الشويهي - أبو ظبي,24.217893999999998,55.640578,4.7,402.0,OPERATIONAL,+971 3 782 1341,http://www.jazzloungespa.com/,https://maps.google.com/?cid=1377759089968585554&g_mp=Cilnb29nbGUubWFwcy5wbGFjZXMudjEuUGxhY2VzLlNlYXJjaE5lYXJieRACGAQgAA,Monday: 10:00 AM – 10:30 PM | Tuesday: 10:00 AM – 10:30 PM | Wednesday: 10:00 AM – 10:30 PM | Thursday: 10:00 AM – 10:30 PM | Friday: 10:00 AM – 10:30 PM | Saturday: 10:00 AM – 10:30 PM | Sunday: 10:00 AM – 10:30 PM,Google Places API (New) Nearby Search,2026-09-02T15:22:51+00:00
ChIJl5huYkBpXj4RX9faSAjd-iA,RITUALS BEAUTY SPA,DIRECT,"beauty_salon, nail_salon",beauty_salon,Beauty salon,"beauty_salon, nail_salon, massage_spa, massage, spa, point_of_interest, service, establishment",Mohammed Bin Khalifa St - Al Manhal - W15 02 - Abu Dhabi,24.454787699999997,54.378054199999994,4.4,402.0,OPERATIONAL,+971 2 635 9968,https://ritualsbeautyspa.com/,https://maps.google.com/?cid=2376454781043136351&g_mp=Cilnb29nbGUubWFwcy5wbGFjZXMudjEuUGxhY2VzLlNlYXJjaE5lYXJieRACGAQgAA,Monday: 10:00 AM – 9:00 PM | Tuesday: 10:00 AM – 9:00 PM | Wednesday: 10:00 AM – 9:00 PM | Thursday: 10:00 AM – 9:00 PM | Friday: 10:00 AM – 9:00 PM | Saturday: 10:00 AM – 9:00 PM | Sunday: 10:00 AM – 9:00 PM,Google Places API (New) Nearby Search,2026-09-02T15:22:51+00:00
ChIJUy6LoMNlXj4RbjQD6nE6-kQ,Syda Beauty Lounge,DIRECT,nail_salon,beauty_salon,Beauty salon,"beauty_salon, nail_salon, point_of_interest, service, establishment",Burj Al Khair - 105 Zayed The First St - Al Bateen - W10 - Abu Dhabi,24.4681543,54.3405072,4.7,402.0,OPERATIONAL,+971 2 883 0260,https://www.instagram.com/sydabeautylounge?igsh=MW4zMm9ibXkxYmNnbA==,https://maps.google.com/?cid=4970349399688557678&g_mp=Cilnb29nbGUubWFwcy5wbGFjZXMudjEuUGxhY2VzLlNlYXJjaE5lYXJieRACGAQgAA,Monday: 11:00 AM – 10:00 PM | Tuesday: 11:00 AM – 10:00 PM | Wednesday: 11:00 AM – 10:00 PM | Thursday: 11:00 AM – 10:00 PM | Friday: 11:00 AM – 10:00 PM | Saturday: 11:00 AM – 10:00 PM | Sunday: 11:00 AM – 10:00 PM,Google Places API (New) Nearby Search,2026-09-02T15:22:51+00:00
ChIJsa5u-xZhXz4Roszqs9L7jps,N.Bar Nail Spa & Salon City Centre Mirdif,DIRECT,nail_salon,nail_salon,Nail salon,"nail_salon, beauty_salon, point_of_interest, service, establishment",Entrance B - City Centre Ground Floor - Sheikh Mohammed Bin Zayed Rd - Mirdif - Dubai,25.2166733,55.4076033,4.8,401.0,OPERATIONAL,+971 800 6227,https://nbar.com/,https://maps.google.com/?cid=11209173404951956642&g_mp=Cilnb29nbGUubWFwcy5wbGFjZXMudjEuUGxhY2VzLlNlYXJjaE5lYXJieRACGAQgAA,Monday: 10:00 AM – 10:00 PM | Tuesday: 10:00 AM – 10:00 PM | Wednesday: 10:00 AM – 10:00 PM | Thursday: 10:00 AM – 10:00 PM | Friday: 10:00 AM – 11:00 PM | Saturday: 10:00 AM – 11:00 PM | Sunday: 10:00 AM – 10:00 PM,Google Places API (New) Nearby Search,2026-09-02T15:22:51+00:00
ChIJKZkeSv1lXj4RxF3R8tzJNU8,Oriental Beauty Lounge,DIRECT,nail_salon,spa,Spa,"nail_salon, fitness_center, massage_spa, swimming_pool, gym, massage, spa, beautician, beauty_salon, sports_activity_location, health, point_of_interest, service, establishment",Al Falah St - Al Bateen - W11 - Abu Dhabi,24.461814399999998,54.3453819,4.3,401.0,OPERATIONAL,+971 2 665 5707,https://orientalbeautylounge.ae/,https://maps.google.com/?cid=5707690053565767108&g_mp=Cilnb29nbGUubWFwcy5wbGFjZXMudjEuUGxhY2VzLlNlYXJjaE5lYXJieRACGAQgAA,Monday: 10:00 AM – 10:00 PM | Tuesday: 10:00 AM – 10:00 PM | Wednesday: 10:00 AM – 10:00 PM | Thursday: 10:00 AM – 10:00 PM | Friday: 10:00 AM – 10:00 PM | Saturday: 10:00 AM – 10:00 PM | Sunday: 10:00 AM – 10:00 PM,Google Places API (New) Nearby Search,2026-09-02T15:22:51+00:00
ChIJOYCqtehBXj4RHfXdhlhgtxw,Man Lab Gentlemen's Spa Al Qana Abu Dhabi,DIRECT,"beauty_salon, nail_salon, spa",barber_shop,Barber shop,"barber_shop, skin_care_clinic, nail_salon, beauty_salon, medical_clinic, hair_care, spa, massage, point_of_interest, health, service, establishment",Rabdan - RB6 - Abu Dhabi,24.4013444,54.4995742,4.8,400.0,OPERATIONAL,+971 600 590077,https://manlab.ae/,https://maps.google.com/?cid=2069228487136113949&g_mp=Cilnb29nbGUubWFwcy5wbGFjZXMudjEuUGxhY2VzLlNlYXJjaE5lYXJieRACGAQgAA,Monday: 10:00 AM – 10:00 PM | Tuesday: 10:00 AM – 10:00 PM | Wednesday: 10:00 AM – 10:00 PM | Thursday: 10:00 AM – 10:00 PM | Friday: 10:00 AM – 10:00 PM | Saturday: 10:00 AM – 10:00 PM | Sunday: 10:00 AM – 10:00 PM,Google Places API (New) Nearby Search,2026-09-02T15:22:51+00:00
ChIJbRT00BP59D4Rbv_R_QCqZJ0,Pink & White Saloon Fujairah,DIRECT,beauty_salon,beauty_salon,Beauty salon,"beauty_salon, point_of_interest, service, establishment",48GR+MVJ - Al Mahattah - Fujairah,25.1262564,56.3421703,4.7,400.0,OPERATIONAL,+971 9 222 2898,https://www.instagram.com/pink_white_saloon_fujairah?igsh=MWJzYTRydzRmZmhvag==,https://maps.google.com/?cid=11341376682860871534&g_mp=Cilnb29nbGUubWFwcy5wbGFjZXMudjEuUGxhY2VzLlNlYXJjaE5lYXJieRACGAQgAA,Monday: 10:00 AM – 10:00 PM | Tuesday: 10:00 AM – 10:00 PM | Wednesday: 10:00 AM – 10:00 PM | Thursday: 10:00 AM – 10:00 PM | Friday: 10:00 AM – 10:00 PM | Saturday: 10:00 AM – 10:00 PM | Sunday: 10:00 AM – 10:00 PM,Google Places API (New) Nearby Search,2026-09-02T15:22:51+00:00
ChIJgVSh6TttXz4RiaTD9nqtyCw,Tips and Toes - Al Furjan - Dubai,DIRECT,nail_salon,spa,Spa,"spa, nail_salon, hair_salon, hair_care, beauty_salon, point_of_interest, service, establishment",Pavilion - Jabal Ali First - Al Furjan - Dubai,25.0253868,55.1526527,4.4,398.0,OPERATIONAL,+971 4 422 6914,https://www.tipsandtoes.com/en/?utm_source=google&utm_campaign=local_search&utm_medium=organic,https://maps.google.com/?cid=3227019876648592521&g_mp=Cilnb29nbGUubWFwcy5wbGFjZXMudjEuUGxhY2VzLlNlYXJjaE5lYXJieRACGAQgAA,Monday: 10:00 AM – 10:00 PM | Tuesday: 10:00 AM – 10:00 PM | Wednesday: 10:00 AM – 10:00 PM | Thursday: 10:00 AM – 10:00 PM | Friday: 10:00 AM – 10:00 PM | Saturday: 10:00 AM – 10:00 PM | Sunday: 10:00 AM – 10:00 PM,Google Places API (New) Nearby Search,2026-09-02T15:22:51+00:00
ChIJhaG4jh5pXz4RRgJr20PuSWo,Salon Dubai | Essential Beauty,DIRECT,nail_salon,beauty_salon,Beauty salon,"beauty_salon, nail_salon, makeup_artist, massage_spa, massage, spa, body_art_service, health, point_of_interest, service, establishment",736 Al Wasl Rd - Jumeira Third - Jumeirah 3 - Dubai,25.175723899999998,55.23157,4.8,396.0,OPERATIONAL,+971 50 556 6487,https://www.phorest.com/salon/essentialbeautysalon?utm_source=googlemybusinens,https://maps.google.com/?cid=7658914616531681862&g_mp=Cilnb29nbGUubWFwcy5wbGFjZXMudjEuUGxhY2VzLlNlYXJjaE5lYXJieRACGAQgAA,Monday: 9:00 AM – 9:00 PM | Tuesday: 9:00 AM – 9:00 PM | Wednesday: 9:00 AM – 9:00 PM | Thursday: 9:00 AM – 9:00 PM | Friday: 9:00 AM – 9:00 PM | Saturday: 9:00 AM – 9:00 PM | Sunday: 9:00 AM – 9:00 PM,Google Places API (New) Nearby Search,2026-09-02T15:22:51+00:00
ChIJw8SGwix19j4RzuVHrCs480A,Atheer Medical and Dental Center مركز أثير للطب والأسنان,DIRECT,beauty_salon,dental_clinic,Dental clinic,"dental_clinic, skin_care_clinic, hair_care, dentist, beauty_salon, medical_clinic, health, point_of_interest, service, establishment",Khuzam St - Khuzam - Ras Al Khaimah,25.767329099999998,55.933810599999994,4.9,395.0,OPERATIONAL,+971 7 243 7999,,https://maps.google.com/?cid=4680146197993219534&g_mp=Cilnb29nbGUubWFwcy5wbGFjZXMudjEuUGxhY2VzLlNlYXJjaE5lYXJieRACGAQgAA,Monday: 9:00 AM – 9:00 PM | Tuesday: 9:00 AM – 9:00 PM | Wednesday: 9:00 AM – 9:00 PM | Thursday: 9:00 AM – 9:00 PM | Friday: 9:00 AM – 10:00 PM | Saturday: 9:00 AM – 10:00 PM | Sunday: 9:00 AM – 10:00 PM,Google Places API (New) Nearby Search,2026-09-02T15:22:51+00:00
ChIJ46n5PadnXj4RQxaG0H7wG1c,Princess Lounge Ladies Salon,DIRECT,hair_salon,beauty_salon,Beauty salon,"beauty_salon, nail_salon, hair_salon, massage_spa, spa, makeup_artist, hair_care, massage, service, point_of_interest, establishment",Damac - G04 - 1 Qirtas St - Al Reem Island - Shams Abu Dhabi - Abu Dhabi,24.5077817,54.405396499999995,4.6,394.0,OPERATIONAL,+971 50 273 3482,,https://maps.google.com/?cid=6276874933125912131&g_mp=Cilnb29nbGUubWFwcy5wbGFjZXMudjEuUGxhY2VzLlNlYXJjaE5lYXJieRACGAQgAA,Monday: 10:00 AM – 9:00 PM | Tuesday: 10:00 AM – 9:00 PM | Wednesday: 10:00 AM – 9:00 PM | Thursday: 10:00 AM – 9:00 PM | Friday: 10:00 AM – 9:00 PM | Saturday: 10:00 AM – 9:00 PM | Sunday: 10:00 AM – 9:00 PM,Google Places API (New) Nearby Search,2026-09-02T15:22:51+00:00
ChIJq_2Ft5NGXj4RBu1gRSV_VPU,Plush Beauty Spa,DIRECT,"beauty_salon, spa",beauty_salon,Beauty salon,"beauty_salon, spa, point_of_interest, service, establishment",12th St - Khalifa City - SW14 - Abu Dhabi,24.4082126,54.5512766,4.6,390.0,OPERATIONAL,+971 2 556 8600,http://plushbeautyspa.ae/,https://maps.google.com/?cid=17677894235390536966&g_mp=Cilnb29nbGUubWFwcy5wbGFjZXMudjEuUGxhY2VzLlNlYXJjaE5lYXJieRACGAQgAA,Monday: 10:00 AM – 9:00 PM | Tuesday: 10:00 AM – 9:00 PM | Wednesday: 10:00 AM – 9:00 PM | Thursday: 10:00 AM – 9:00 PM | Friday: 10:00 AM – 9:00 PM | Saturday: 10:00 AM – 9:00 PM | Sunday: 10:00 AM – 9:00 PM,Google Places API (New) Nearby Search,2026-09-02T15:22:51+00:00
ChIJ15PLWpJgXz4R5U6x1jNpKmA,Casa Bonita Beauty Salon & Spa صالون و سبا كازا بونيتا,DIRECT,"hair_salon, nail_salon, spa",beauty_salon,Beauty salon,"beauty_salon, nail_salon, massage_spa, hair_salon, hair_care, massage, spa, point_of_interest, service, establishment",Al Barajeel Oasis Complex - Mirdif - Dubai,25.2214955,55.434779799999994,4.4,389.0,OPERATIONAL,+971 4 585 6076,http://www.casabonitabeauty.com/,https://maps.google.com/?cid=6929466648029122277&g_mp=Cilnb29nbGUubWFwcy5wbGFjZXMudjEuUGxhY2VzLlNlYXJjaE5lYXJieRACGAQgAA,Monday: 10:00 AM – 10:00 PM | Tuesday: 10:00 AM – 10:00 PM | Wednesday: 10:00 AM – 10:00 PM | Thursday: 10:00 AM – 10:00 PM | Friday: 10:00 AM – 10:00 PM | Saturday: 10:00 AM – 10:00 PM | Sunday: 10:00 AM – 10:00 PM,Google Places API (New) Nearby Search,2026-09-02T15:22:51+00:00
ChIJ_S01UQVnXj4Rp9gKj2D00ws,"My Look Ladies Beauty Lounge, City Branch, Abudhabi",DIRECT,"hair_salon, nail_salon",beauty_salon,Beauty salon,"beauty_salon, nail_salon, hair_salon, massage_spa, beautician, spa, hair_care, massage, service, point_of_interest, establishment","Al Ansari Exchange Building, Mezzanine Floor - 02 شارع حمدان - الزاهية - شرق 13 - أبو ظبي",24.498978599999997,54.3753577,4.7,389.0,OPERATIONAL,+971 54 400 9573,,https://maps.google.com/?cid=852293450057046183&g_mp=Cilnb29nbGUubWFwcy5wbGFjZXMudjEuUGxhY2VzLlNlYXJjaE5lYXJieRACGAQgAA,Monday: 9:30 AM – 9:30 PM | Tuesday: 9:30 AM – 9:30 PM | Wednesday: 9:30 AM – 9:30 PM | Thursday: 9:30 AM – 9:30 PM | Friday: 9:30 AM – 9:30 PM | Saturday: 9:30 AM – 9:30 PM | Sunday: 9:30 AM – 9:30 PM,Google Places API (New) Nearby Search,2026-09-02T15:22:51+00:00
ChIJg9vaPitJXj4RteR_PONRSLE,Rusty Blade,DIRECT,"hair_salon, spa",hair_salon,Hair salon,"barber_shop, massage_spa, massage, hair_salon, hair_care, spa, beauty_salon, health, service, point_of_interest, establishment",Masdar City - SE45 05 - Abu Dhabi,24.433655100000003,54.620495,5.0,389.0,OPERATIONAL,+971 50 280 3119,http://rustyblade.ae/,https://maps.google.com/?cid=12774550379450852533&g_mp=Cilnb29nbGUubWFwcy5wbGFjZXMudjEuUGxhY2VzLlNlYXJjaE5lYXJieRACGAQgAA,Monday: 11:00 AM – 11:00 PM | Tuesday: 11:00 AM – 11:00 PM | Wednesday: 11:00 AM – 11:00 PM | Thursday: 11:00 AM – 11:00 PM | Friday: 11:00 AM – 11:00 PM | Saturday: 11:00 AM – 11:00 PM | Sunday: 11:00 AM – 11:00 PM,Google Places API (New) Nearby Search,2026-09-02T15:22:51+00:00
ChIJsbf0h6RnXz4RcGzFXL6-7Hs,Derma 247 Laser Clinic,DIRECT,"beauty_salon, spa",doctor,Doctor,"skin_care_clinic, beauty_salon, medical_clinic, hair_care, doctor, massage_spa, spa, massage, point_of_interest, health, service, establishment",59RV+63F - Nadd Al Hamar - Dubai,25.191057299999997,55.392703999999995,4.8,388.0,OPERATIONAL,+971 54 991 7286,http://www.dermalaser.ae/,https://maps.google.com/?cid=8929721885978356848&g_mp=Cilnb29nbGUubWFwcy5wbGFjZXMudjEuUGxhY2VzLlNlYXJjaE5lYXJieRACGAQgAA,Monday: 10:00 AM – 10:00 PM | Tuesday: 10:00 AM – 10:00 PM | Wednesday: 10:00 AM – 10:00 PM | Thursday: 10:00 AM – 10:00 PM | Friday: 10:00 AM – 10:00 PM | Saturday: 10:00 AM – 10:00 PM | Sunday: 10:00 AM – 10:00 PM,Google Places API (New) Nearby Search,2026-09-02T15:22:51+00:00
ChIJMcqDKaKtij4RP-EC5vE9v8E,La Poupee Beauty Center - AL AIN,DIRECT,"beauty_salon, nail_salon, spa",beauty_salon,Beauty salon,"beauty_salon, nail_salon, massage_spa, spa, hair_care, massage, service, point_of_interest, establishment",Al Muwaifaa - Area Villa 134 - شارع المَحَّار - المرخانية - مويفعة - أبو ظبي,24.2244724,55.6530285,4.7,388.0,OPERATIONAL,+971 3 780 0889,http://www.lapoupee-beautycenter.com/,https://maps.google.com/?cid=13960945479027188031&g_mp=Cilnb29nbGUubWFwcy5wbGFjZXMudjEuUGxhY2VzLlNlYXJjaE5lYXJieRACGAQgAA,Monday: 10:00 AM – 10:00 PM | Tuesday: 10:00 AM – 10:00 PM | Wednesday: 10:00 AM – 10:00 PM | Thursday: 10:00 AM – 10:00 PM | Friday: 10:00 AM – 10:00 PM | Saturday: 10:00 AM – 10:00 PM | Sunday: 10:00 AM – 10:00 PM,Google Places API (New) Nearby Search,2026-09-02T15:22:51+00:00
ChIJs9hlpFF09j4R9_vZcehtnPo,Trends Beauty Bar,DIRECT,beauty_salon,beauty_salon,Beauty salon,"beauty_salon, point_of_interest, service, establishment",Ras Al-Khaimah - Al Dhait - Ras Al Khaimah,25.743049,55.900144399999995,4.4,388.0,OPERATIONAL,+971 7 227 0002,https://www.fresha.com/book-now/trends-beauty-bar-r8b9co0p/all-offer?pId=90412,https://maps.google.com/?cid=18058429450958797815&g_mp=Cilnb29nbGUubWFwcy5wbGFjZXMudjEuUGxhY2VzLlNlYXJjaE5lYXJieRACGAQgAA,Monday: 10:00 AM – 10:00 PM | Tuesday: 10:00 AM – 10:00 PM | Wednesday: 10:00 AM – 10:00 PM | Thursday: 10:00 AM – 10:00 PM | Friday: 10:00 AM – 10:00 PM | Saturday: 10:00 AM – 10:00 PM | Sunday: 10:00 AM – 10:00 PM,Google Places API (New) Nearby Search,2026-09-02T15:22:51+00:00
ChIJb34n5hCuij4RqiS1VgZaSnk,Amber Spa & Beauty Lounge LLC,DIRECT,beauty_salon,beauty_salon,Beauty salon,"beauty_salon, service, point_of_interest, establishment",العين Street 43 - Villa 79 - 73 Al Jawdah St - 'Asharij - Bida Bin Ammar - Abu Dhabi,24.202061,55.653159599999995,4.5,383.0,OPERATIONAL,+971 3 722 8006,,https://maps.google.com/?cid=8739897010136884394&g_mp=Cilnb29nbGUubWFwcy5wbGFjZXMudjEuUGxhY2VzLlNlYXJjaE5lYXJieRACGAQgAA,Monday: 11:00 AM – 9:00 AM | Tuesday: 11:00 AM – 9:00 AM | Wednesday: 11:00 AM – 9:00 AM | Thursday: 11:00 AM – 9:00 AM | Friday: 11:00 AM – 9:00 AM | Saturday: 11:00 AM – 9:00 AM | Sunday: 11:00 AM – 9:00 AM,Google Places API (New) Nearby Search,2026-09-02T15:22:51+00:00
ChIJx5BOfa5sXz4RXNsRSY2lun4,Essa Beauty,DIRECT,"beauty_salon, hair_salon",beauty_salon,Beauty salon,"beauty_salon, hair_salon, hair_care, point_of_interest, service, establishment",Lake Level - Gold Crest Views 2 - الثنيه الخامسة - JLT Cluster J - دبي,25.066932299999998,55.1412726,4.9,381.0,OPERATIONAL,+971 4 374 4288,http://essabeauty.com/,https://maps.google.com/?cid=9131793220681980764&g_mp=Cilnb29nbGUubWFwcy5wbGFjZXMudjEuUGxhY2VzLlNlYXJjaE5lYXJieRACGAQgAA,Monday: 9:00 AM – 8:00 PM | Tuesday: 9:00 AM – 8:00 PM | Wednesday: 9:00 AM – 8:00 PM | Thursday: 9:00 AM – 8:00 PM | Friday: 9:00 AM – 8:00 PM | Saturday: 9:00 AM – 8:00 PM | Sunday: 9:00 AM – 8:00 PM,Google Places API (New) Nearby Search,2026-09-02T15:22:51+00:00
ChIJQ44YqBNrXz4RR_DLtbYjO_Y,Locks By Lou Lou Al Wasl,DIRECT,hair_salon,hair_salon,Hair salon,"hair_salon, hair_care, point_of_interest, service, establishment",19a - villa 1A شارع الوصل - جميرا - ام الشيف - دبي,25.1318816,55.1985014,4.8,379.0,OPERATIONAL,+971 4 337 0078,http://www.locksbyloulou.com/,https://maps.google.com/?cid=17742814424597262407&g_mp=Cilnb29nbGUubWFwcy5wbGFjZXMudjEuUGxhY2VzLlNlYXJjaE5lYXJieRACGAQgAA,Monday: 9:00 AM – 9:00 PM | Tuesday: 9:00 AM – 9:00 PM | Wednesday: 9:00 AM – 9:00 PM | Thursday: 9:00 AM – 9:00 PM | Friday: 9:00 AM – 7:00 PM | Saturday: 9:00 AM – 5:00 PM | Sunday: 9:00 AM – 6:00 PM,Google Places API (New) Nearby Search,2026-09-02T15:22:51+00:00
ChIJVbstSFBmXj4R449I_E3vMkY,Lulu Beauty Centre,DIRECT,"beauty_salon, nail_salon, spa",beauty_salon,Beauty salon,"beauty_salon, nail_salon, sauna, massage, spa, public_bath, health, point_of_interest, service, establishment",First Floor، RAK Bank Building - Al Zahiyah - E16 01 - Abu Dhabi,24.4938775,54.3815889,4.4,378.0,OPERATIONAL,+971 2 644 5112,https://www.instagram.com/lulubeautycentre/,https://maps.google.com/?cid=5058368449714622435&g_mp=Cilnb29nbGUubWFwcy5wbGFjZXMudjEuUGxhY2VzLlNlYXJjaE5lYXJieRACGAQgAA,Monday: 9:00 AM – 9:00 PM | Tuesday: 9:00 AM – 9:00 PM | Wednesday: 9:00 AM – 9:00 PM | Thursday: 9:00 AM – 9:00 PM | Friday: 9:00 AM – 9:00 PM | Saturday: 9:00 AM – 9:00 PM | Sunday: 9:00 AM – 9:00 PM,Google Places API (New) Nearby Search,2026-09-02T15:22:51+00:00
ChIJwaaXuTNtXz4RjEA_RaTUJhg,Cutting Edge,DIRECT,nail_salon,hair_salon,Hair salon,"nail_salon, hair_salon, hair_care, beauty_salon, point_of_interest, service, establishment",Al Seef Tower 3 - B102 - Cluster U - Al Thanyah Fifth - Jumeirah Lakes Towers - Dubai,25.0795487,55.1507206,4.1,377.0,OPERATIONAL,+971 52 630 2533,https://www.cuttingedgeladies.com/,https://maps.google.com/?cid=1740312108026773644&g_mp=Cilnb29nbGUubWFwcy5wbGFjZXMudjEuUGxhY2VzLlNlYXJjaE5lYXJieRACGAQgAA,Monday: 10:00 AM – 10:00 PM | Tuesday: 10:00 AM – 10:00 PM | Wednesday: 10:00 AM – 10:00 PM | Thursday: 10:00 AM – 10:00 PM | Friday: 10:00 AM – 10:00 PM | Saturday: 10:00 AM – 10:00 PM | Sunday: 10:00 AM – 10:00 PM,Google Places API (New) Nearby Search,2026-09-02T15:22:51+00:00
ChIJv5Z36SF09j4R9ww4EWphXjo,"Kaya Skin Clinic - Khozam , Ras Al Khaimah",DIRECT,beauty_salon,skin_care_clinic,Skin care clinic,"skin_care_clinic, hair_care, beauty_salon, doctor, medical_clinic, health, point_of_interest, service, establishment","Villa 13A, Street No. 12A - behind Khaled Hurriyah Restaurant - خزام - إمارة رأس الخيمة",25.7643225,55.931191600000005,4.4,377.0,OPERATIONAL,+971 600 562620,https://www.kayaskinclinic.com/uae/en/,https://maps.google.com/?cid=4205906210193935607&g_mp=Cilnb29nbGUubWFwcy5wbGFjZXMudjEuUGxhY2VzLlNlYXJjaE5lYXJieRACGAQgAA,Monday: 10:00 AM – 8:00 PM | Tuesday: 10:00 AM – 8:00 PM | Wednesday: 10:00 AM – 8:00 PM | Thursday: 10:00 AM – 8:00 PM | Friday: 10:00 AM – 8:00 PM | Saturday: 10:00 AM – 8:00 PM | Sunday: 10:00 AM – 8:00 PM,Google Places API (New) Nearby Search,2026-09-02T15:22:51+00:00
ChIJObWU69VFXj4RHe9sihg8jm0,Belladona,DIRECT,beauty_salon,beauty_salon,Beauty salon,"beauty_salon, point_of_interest, service, establishment",A - AL Merit Street - Khalifa City - zone 3 - Abu Dhabi,24.431022799999997,54.5698143,3.7,375.0,OPERATIONAL,+971 2 556 0456,,https://maps.google.com/?cid=7894313272926334749&g_mp=Cilnb29nbGUubWFwcy5wbGFjZXMudjEuUGxhY2VzLlNlYXJjaE5lYXJieRACGAQgAA,Monday: 10:00 AM – 9:00 PM | Tuesday: 10:00 AM – 9:00 PM | Wednesday: 10:00 AM – 9:00 PM | Thursday: 10:00 AM – 9:00 PM | Friday: 10:00 AM – 9:00 PM | Saturday: 10:00 AM – 9:00 PM | Sunday: 10:00 AM – 9:00 PM,Google Places API (New) Nearby Search,2026-09-02T15:22:51+00:00
ChIJcRE_l2NmXj4Rs7yNgCkivuE,Glamour Hair Salon abu dhabi,DIRECT,"beauty_salon, hair_salon, nail_salon, spa",hair_salon,Hair salon,"massage_spa, nail_salon, massage, hair_salon, hair_care, spa, beauty_salon, service, point_of_interest, establishment",Al Saada Building - Al Raha Blvd - Al Rahah - RBW2 - Abu Dhabi,24.4514326,54.612331399999995,4.5,375.0,OPERATIONAL,+971 2 882 0944,,https://maps.google.com/?cid=16266476465754586291&g_mp=Cilnb29nbGUubWFwcy5wbGFjZXMudjEuUGxhY2VzLlNlYXJjaE5lYXJieRACGAQgAA,Monday: 10:00 AM – 8:30 PM | Tuesday: 10:00 AM – 8:30 PM | Wednesday: 10:00 AM – 8:30 PM | Thursday: 10:00 AM – 8:30 PM | Friday: 10:00 AM – 8:30 PM | Saturday: 10:00 AM – 8:30 PM | Sunday: 10:00 AM – 8:30 PM,Google Places API (New) Nearby Search,2026-09-02T15:22:51+00:00
ChIJqTeaHthnXj4R4mu23EJamJY,Eternity Beauty Studio Russian Salon - Abu Dhabi ستوديو تجميل الخلود,DIRECT,"hair_salon, nail_salon",beauty_salon,Beauty salon,"beauty_salon, nail_salon, hair_salon, massage_spa, beautician, spa, hair_care, massage, service, point_of_interest, establishment",Beside HANGER and Mark & Spencer Opposite World Trade Center Mall BHS & ADNOC Hamdan Bin Mohammed Street AL Sayegh Center Shop Number 15 - الدانة - Zone 1 - أبو ظبي,24.4858947,54.3586628,4.9,374.0,OPERATIONAL,+971 2 886 7126,https://eternitybeautystudio.com/,https://maps.google.com/?cid=10851522545366494178&g_mp=Cilnb29nbGUubWFwcy5wbGFjZXMudjEuUGxhY2VzLlNlYXJjaE5lYXJieRACGAQgAA,Monday: Closed | Tuesday: 11:00 AM – 10:00 PM | Wednesday: 11:00 AM – 10:00 PM | Thursday: 11:00 AM – 10:00 PM | Friday: 11:00 AM – 10:00 PM | Saturday: 11:00 AM – 10:00 PM | Sunday: 11:00 AM – 10:00 PM,Google Places API (New) Nearby Search,2026-09-02T15:22:51+00:00
ChIJ2bVES9BDXj4R1GQbwTs4s7U,Hair Factory ladies beauty salon Abudhabi,DIRECT,hair_salon,beauty_salon,Beauty salon,"beauty_salon, hair_salon, hair_care, point_of_interest, service, establishment",99 - 1 Hamad Mohamed thani Al Rumaithi St - Rabdan - RB2 - Abu Dhabi,24.408232599999998,54.491768900000004,4.9,370.0,OPERATIONAL,+971 2 509 8912,https://linktr.ee/hairfactoryae,https://maps.google.com/?cid=13092870370990187732&g_mp=Cilnb29nbGUubWFwcy5wbGFjZXMudjEuUGxhY2VzLlNlYXJjaE5lYXJieRACGAQgAA,Monday: 11:00 AM – 8:30 PM | Tuesday: 11:00 AM – 8:30 PM | Wednesday: 11:00 AM – 8:30 PM | Thursday: 11:00 AM – 8:30 PM | Friday: 11:00 AM – 8:30 PM | Saturday: 11:00 AM – 8:30 PM | Sunday: 11:00 AM – 8:30 PM,Google Places API (New) Nearby Search,2026-09-02T15:22:51+00:00
ChIJs0pW-oqxij4RD1dWYgW7sEQ,Rival Salon,DIRECT,beauty_salon,beauty_salon,Beauty salon,"beauty_salon, service, point_of_interest, establishment",120 Al Dirasah St - 'Asharij - Al Dafeinah - Abu Dhabi,24.2050193,55.6784092,4.8,367.0,OPERATIONAL,+971 3 753 1545,,https://maps.google.com/?cid=4949661622279231247&g_mp=Cilnb29nbGUubWFwcy5wbGFjZXMudjEuUGxhY2VzLlNlYXJjaE5lYXJieRACGAQgAA,Monday: 11:00 AM – 9:00 PM | Tuesday: 11:00 AM – 9:00 PM | Wednesday: 11:00 AM – 9:00 PM | Thursday: 11:00 AM – 9:00 PM | Friday: 11:00 AM – 9:00 PM | Saturday: 11:00 AM – 9:00 PM | Sunday: 11:00 AM – 9:00 PM,Google Places API (New) Nearby Search,2026-09-02T15:22:51+00:00
ChIJoTzAzZ359D4ReTrBB9qL0w8,Signature clinic,DIRECT,beauty_salon,medical_center,Medical Center,"medical_center, skin_care_clinic, hair_care, beauty_salon, hospital, medical_clinic, health, point_of_interest, service, establishment",King Faisal St - Al Faseel - Fujairah,25.1408079,56.3525564,4.7,366.0,OPERATIONAL,+971 50 144 7480,https://the-s-clinic.odoo.com/,https://maps.google.com/?cid=1140408899204102777&g_mp=Cilnb29nbGUubWFwcy5wbGFjZXMudjEuUGxhY2VzLlNlYXJjaE5lYXJieRACGAQgAA,Monday: 10:00 AM – 10:00 PM | Tuesday: 10:00 AM – 10:00 PM | Wednesday: 10:00 AM – 10:00 PM | Thursday: 10:00 AM – 10:00 PM | Friday: 2:00 – 10:00 PM | Saturday: 10:00 AM – 10:00 PM | Sunday: 10:00 AM – 10:00 PM,Google Places API (New) Nearby Search,2026-09-02T15:22:51+00:00
ChIJR4QYtRZCXz4Rrj6Pg9cUZ3Y,Dubai: 306 Spa | Award-Winning Hair & Beauty Salon Jumeirah,DIRECT,"hair_salon, nail_salon",beauty_salon,Beauty salon,"beauty_salon, nail_salon, massage_spa, hair_salon, hair_care, massage, spa, medical_clinic, health, point_of_interest, service, establishment",Villa 276 Jumeirah Beach Rd - Jumeira Second - Dubai,25.206991799999997,55.2440144,4.8,364.0,OPERATIONAL,+971 54 402 7373,http://www.306spa.ae/,https://maps.google.com/?cid=8531810934934421166&g_mp=Cilnb29nbGUubWFwcy5wbGFjZXMudjEuUGxhY2VzLlNlYXJjaE5lYXJieRACGAQgAA,Monday: 8:00 AM – 9:00 PM | Tuesday: 8:00 AM – 9:00 PM | Wednesday: 9:00 AM – 9:00 PM | Thursday: 8:00 AM – 9:00 PM | Friday: 8:00 AM – 9:00 PM | Saturday: 8:00 AM – 8:00 PM | Sunday: 9:00 AM – 9:00 PM,Google Places API (New) Nearby Search,2026-09-02T15:22:51+00:00
ChIJCWVOVMBLXj4R3mIpsIuRc0w,Tips and Toes Falah 1,DIRECT,beauty_salon,beauty_salon,Beauty salon,"beauty_salon, point_of_interest, service, establishment",Block A Al Manarah St - Al Falah - 1A - Abu Dhabi,24.4462925,54.716715199999996,4.4,364.0,OPERATIONAL,+971 2 582 6933,http://tipsandtoes.com/,https://maps.google.com/?cid=5508906798346232542&g_mp=Cilnb29nbGUubWFwcy5wbGFjZXMudjEuUGxhY2VzLlNlYXJjaE5lYXJieRACGAQgAA,Monday: 11:00 AM – 9:00 PM | Tuesday: 11:00 AM – 9:00 PM | Wednesday: 11:00 AM – 9:00 PM | Thursday: 11:00 AM – 9:00 PM | Friday: 11:00 AM – 9:00 PM | Saturday: 11:00 AM – 9:00 PM | Sunday: 11:00 AM – 9:00 PM,Google Places API (New) Nearby Search,2026-09-02T15:22:51+00:00
ChIJNem5iYZtXz4RmjogAPSZ1zE,Health Call Medical and Aesthetic Center,DIRECT,beauty_salon,medical_center,Medical Center,"medical_center, wellness_center, hair_care, dentist, beauty_salon, doctor, hospital, medical_clinic, health, point_of_interest, service, establishment","Red Diamond Building, First Floor 107 - Al Thanyah Fifth - Jumeirah Lakes Towers - Dubai",25.077299,55.155133,4.9,362.0,OPERATIONAL,+971 4 564 7498,https://www.healthcalldubai.ae/,https://maps.google.com/?cid=3591508501104442010&g_mp=Cilnb29nbGUubWFwcy5wbGFjZXMudjEuUGxhY2VzLlNlYXJjaE5lYXJieRACGAQgAA,Monday: 9:00 AM – 8:00 PM | Tuesday: 9:00 AM – 8:00 PM | Wednesday: 9:00 AM – 8:00 PM | Thursday: 9:00 AM – 8:00 PM | Friday: 9:00 AM – 6:00 PM | Saturday: 9:00 AM – 8:00 PM | Sunday: 9:00 AM – 8:00 PM,Google Places API (New) Nearby Search,2026-09-02T15:22:51+00:00
ChIJrR3Ef9prXz4RPa9jzsXsgzE,Art zone,DIRECT,"hair_salon, nail_salon",beauty_salon,Beauty salon,"beauty_salon, nail_salon, hair_salon, hair_care, point_of_interest, service, establishment",MD Al Barsha Hotel - Sheikh Zayed Rd - Al Barsha First - Al Barsha - Dubai,25.1139403,55.1912608,4.7,361.0,OPERATIONAL,+971 56 588 9808,https://www.artzonedubai.com/,https://maps.google.com/?cid=3567955664122916669&g_mp=Cilnb29nbGUubWFwcy5wbGFjZXMudjEuUGxhY2VzLlNlYXJjaE5lYXJieRACGAQgAA,Monday: 10:00 AM – 9:00 PM | Tuesday: 10:00 AM – 9:00 PM | Wednesday: 10:00 AM – 9:00 PM | Thursday: 10:00 AM – 9:00 PM | Friday: 10:00 AM – 9:00 PM | Saturday: 10:00 AM – 9:00 PM | Sunday: 10:00 AM – 9:00 PM,Google Places API (New) Nearby Search,2026-09-02T15:22:51+00:00
ChIJt6MnD09tXz4R4qbfDLgvwVo,Black Mustache Gents Salon | Barber Shop,DIRECT,"hair_salon, nail_salon",barber_shop,Barber shop,"barber_shop, nail_salon, massage_spa, hair_salon, hair_care, massage, spa, beauty_salon, health, point_of_interest, service, establishment",JVC - Lazuward S W - Al Barsha South Fourth - Jumeirah Village Circle - Dubai,25.052655899999998,55.201649499999995,4.8,361.0,OPERATIONAL,+971 4 589 6390,https://vanshchokshi.github.io/black-mustache-jvc/,https://maps.google.com/?cid=6539560601455142626&g_mp=Cilnb29nbGUubWFwcy5wbGFjZXMudjEuUGxhY2VzLlNlYXJjaE5lYXJieRACGAQgAA,Monday: 10:00 AM – 11:00 PM | Tuesday: 10:00 AM – 11:00 PM | Wednesday: 10:00 AM – 11:00 PM | Thursday: 10:00 AM – 11:00 PM | Friday: 10:00 AM – 11:00 PM | Saturday: 10:00 AM – 11:00 PM | Sunday: 10:00 AM – 11:00 PM,Google Places API (New) Nearby Search,2026-09-02T15:22:51+00:00
ChIJp6EpTHprXz4RGABjzaVtGq8,Mashael Beauty Lounge,DIRECT,"beauty_salon, hair_salon, nail_salon, spa",beauty_salon,Beauty salon,"beauty_salon, nail_salon, hair_salon, massage_spa, beautician, spa, makeup_artist, hair_care, massage, clothing_store, store, service, point_of_interest, establishment",Jebel Ali Race Course Rd - Al Thanyah First - Barsha Heights - Dubai,25.095209999999998,55.174186999999996,4.5,361.0,OPERATIONAL,+971 55 948 1092,https://mashaelbeauty.com/,https://maps.google.com/?cid=12617517864914714648&g_mp=Cilnb29nbGUubWFwcy5wbGFjZXMudjEuUGxhY2VzLlNlYXJjaE5lYXJieRACGAQgAA,Monday: 10:00 AM – 9:30 PM | Tuesday: 10:00 AM – 9:30 PM | Wednesday: 10:00 AM – 9:30 PM | Thursday: 10:00 AM – 9:30 PM | Friday: 10:00 AM – 9:30 PM | Saturday: 10:00 AM – 9:30 PM | Sunday: 10:00 AM – 9:30 PM,Google Places API (New) Nearby Search,2026-09-02T15:22:51+00:00
ChIJMSB4C35HXj4RZaFWsB2HzPA,N.Bar Nail Spa & Salon Khalifa City,DIRECT,nail_salon,nail_salon,Nail salon,"nail_salon, hair_care, beauty_salon, point_of_interest, service, establishment",community market - Khalifa City - Sector 32 - Abu Dhabi,24.4168211,54.5660077,4.8,361.0,OPERATIONAL,+971 800 6227,https://nbar.com/location/waitrose-khalifa-city/,https://maps.google.com/?cid=17351392025933947237&g_mp=Cilnb29nbGUubWFwcy5wbGFjZXMudjEuUGxhY2VzLlNlYXJjaE5lYXJieRACGAQgAA,Monday: 9:00 AM – 10:00 PM | Tuesday: 9:00 AM – 10:00 PM | Wednesday: 9:00 AM – 10:00 PM | Thursday: 9:00 AM – 10:00 PM | Friday: 9:00 AM – 10:00 PM | Saturday: 9:00 AM – 10:00 PM | Sunday: 9:00 AM – 10:00 PM,Google Places API (New) Nearby Search,2026-09-02T15:22:51+00:00
ChIJIb3B1-FmXz4RsJU71JnLPSo,Fine Cuts Men's Barbershop,DIRECT,hair_salon,barber_shop,Barber shop,"barber_shop, hair_salon, beauty_salon, hair_care, educational_institution, massage_spa, spa, massage, point_of_interest, health, service, establishment",309 Al Awir Road - Ras Al Khor Ind. Third - Dubai,25.182469299999998,55.377365399999995,4.6,358.0,OPERATIONAL,+971 50 823 5167,,https://maps.google.com/?cid=3043812784723432880&g_mp=Cilnb29nbGUubWFwcy5wbGFjZXMudjEuUGxhY2VzLlNlYXJjaE5lYXJieRACGAQgAA,Monday: 9:00 AM – 10:30 PM | Tuesday: 9:00 AM – 10:30 PM | Wednesday: 9:00 AM – 10:30 PM | Thursday: 9:00 AM – 10:30 PM | Friday: 9:00 AM – 10:30 PM | Saturday: 9:00 AM – 10:30 PM | Sunday: 9:00 AM – 10:30 PM,Google Places API (New) Nearby Search,2026-09-02T15:22:51+00:00
ChIJnXnqttZDXz4RvEdHTZdkRT0,Chic Future Beauty Salon,DIRECT,"hair_salon, nail_salon",beauty_salon,Beauty salon,"beauty_salon, nail_salon, hair_salon, hair_care, massage, point_of_interest, service, establishment","Dubai Trade Center, Hotel Apartments - Block A Sheikh Zayed Rd - Trade Center Second - Dubai",25.2233977,55.2848243,4.7,355.0,OPERATIONAL,+971 55 137 5522,http://www.chicfuture.ae/,https://maps.google.com/?cid=4415045610705995708&g_mp=Cilnb29nbGUubWFwcy5wbGFjZXMudjEuUGxhY2VzLlNlYXJjaE5lYXJieRACGAQgAA,Monday: 10:00 AM – 9:00 PM | Tuesday: 10:00 AM – 9:00 PM | Wednesday: 10:00 AM – 9:00 PM | Thursday: 10:00 AM – 9:00 PM | Friday: 10:00 AM – 9:00 PM | Saturday: 10:00 AM – 9:00 PM | Sunday: 10:00 AM – 9:00 PM,Google Places API (New) Nearby Search,2026-09-02T15:22:51+00:00
ChIJhS4YWLBfXz4RVr0X3Q-igSA,Hide Beauty Center,DIRECT,beauty_salon,beauty_salon,Beauty salon,"beauty_salon, point_of_interest, service, establishment",8f34+MJ s - Muwaileh Commercial - Industrial Area - Sharjah,25.3037588,55.4565925,4.2,355.0,OPERATIONAL,+971 6 551 6692,https://www.fresha.com/book-now/hide-salon-fd0aa3p2/all-offer?pId=1270805,https://maps.google.com/?cid=2342331470226898262&g_mp=Cilnb29nbGUubWFwcy5wbGFjZXMudjEuUGxhY2VzLlNlYXJjaE5lYXJieRACGAQgAA,Monday: 11:00 AM – 10:00 PM | Tuesday: 11:00 AM – 10:00 PM | Wednesday: 11:00 AM – 10:00 PM | Thursday: 11:00 AM – 10:00 PM | Friday: 11:00 AM – 10:00 PM | Saturday: 11:00 AM – 10:00 PM | Sunday: 11:00 AM – 10:00 PM,Google Places API (New) Nearby Search,2026-09-02T15:22:51+00:00
ChIJLbYRUTVhXz4RNhPFDAH3VdQ,She's Ladies Beauty Salon,DIRECT,hair_salon,beauty_salon,Beauty salon,"beauty_salon, hair_salon, body_art_service, hair_care, point_of_interest, service, establishment",V10 shop 22 - Warsan First - Russia Cluster - Dubai,25.169256200000003,55.4037704,4.5,355.0,OPERATIONAL,+971 4 874 7190,,https://maps.google.com/?cid=15300406892942398262&g_mp=Cilnb29nbGUubWFwcy5wbGFjZXMudjEuUGxhY2VzLlNlYXJjaE5lYXJieRACGAQgAA,Monday: 10:00 AM – 11:00 PM | Tuesday: 10:00 AM – 11:00 PM | Wednesday: 10:00 AM – 11:00 PM | Thursday: 10:00 AM – 11:00 PM | Friday: 10:00 AM – 11:00 PM | Saturday: 9:00 AM – 11:00 PM | Sunday: 10:00 AM – 11:00 PM,Google Places API (New) Nearby Search,2026-09-02T15:22:51+00:00
ChIJ6ajNdFRfXz4RodPS8sGnT8E,Three Brothers Barber Shop,DIRECT,"hair_salon, spa",barber_shop,Barber shop,"barber_shop, hair_salon, hair_care, spa, point_of_interest, health, service, establishment",3 - Muwailih Commercial - Industrial Area - Sharjah,25.3047036,55.4580299,4.9,355.0,OPERATIONAL,+971 50 433 7020,https://www.fresha.com/book-now/three-brothers-barbershop-e81ck69i/all-offer?share=true&pId=2721710,https://maps.google.com/?cid=13929536623924663201&g_mp=Cilnb29nbGUubWFwcy5wbGFjZXMudjEuUGxhY2VzLlNlYXJjaE5lYXJieRACGAQgAA,Monday: 10:00 AM – 12:00 AM | Tuesday: 10:00 AM – 12:00 AM | Wednesday: 10:00 AM – 12:00 AM | Thursday: 10:00 AM – 12:00 AM | Friday: 1:30 PM – 12:00 AM | Saturday: 10:00 AM – 12:00 AM | Sunday: 10:00 AM – 12:00 AM,Google Places API (New) Nearby Search,2026-09-02T15:22:51+00:00
ChIJ32dV6-JFXj4RirMzddSWiYA,BLONDE LUXURY BEAUTY LOUNGE,DIRECT,beauty_salon,beauty_salon,Beauty salon,"beauty_salon, point_of_interest, service, establishment",A Villa 16 Al Mireef St - Khalifa City - SE42 - Abu Dhabi,24.4396349,54.597625799999996,3.7,351.0,OPERATIONAL,+971 2 245 8929,https://blondeuae.com/,https://maps.google.com/?cid=9262099947907691402&g_mp=Cilnb29nbGUubWFwcy5wbGFjZXMudjEuUGxhY2VzLlNlYXJjaE5lYXJieRACGAQgAA,Monday: 10:00 AM – 10:00 PM | Tuesday: 10:00 AM – 10:00 PM | Wednesday: 10:00 AM – 10:00 PM | Thursday: 10:00 AM – 10:00 PM | Friday: 10:00 AM – 10:00 PM | Saturday: 10:00 AM – 10:00 PM | Sunday: 10:00 AM – 10:00 PM,Google Places API (New) Nearby Search,2026-09-02T15:22:51+00:00
ChIJSTj_IsZrXz4RjkgnU6ZMk2A,LaMer Ladies Salon - Beauty Salon - Hair Salon - Nail Salon - Al Barsha Dubai,DIRECT,nail_salon,hair_care,Hair care service,"nail_salon, massage_spa, hair_care, massage, spa, beauty_salon, point_of_interest, service, establishment",456W+5R7 Building Residence 1451 - Shop 12 - Al Barsha First - Al Barsha - Dubai,25.1099085,55.197728399999995,4.3,351.0,OPERATIONAL,+971 4 575 5328,https://lamerladiessalon.com/,https://maps.google.com/?cid=6958990126460913806&g_mp=Cilnb29nbGUubWFwcy5wbGFjZXMudjEuUGxhY2VzLlNlYXJjaE5lYXJieRACGAQgAA,Monday: 10:00 AM – 10:00 PM | Tuesday: 10:00 AM – 10:00 PM | Wednesday: 10:00 AM – 10:00 PM | Thursday: 10:00 AM – 10:00 PM | Friday: 10:00 AM – 10:00 PM | Saturday: 10:00 AM – 10:00 PM | Sunday: 10:00 AM – 10:00 PM,Google Places API (New) Nearby Search,2026-09-02T15:22:51+00:00
ChIJ-0U6Z-dhXz4RXRJa0Mc3Hhc,82 House of Beauty,DIRECT,"beauty_salon, hair_salon, nail_salon, spa",beauty_salon,Beauty salon,"beauty_salon, nail_salon, makeup_artist, massage_spa, hair_salon, hair_care, massage, spa, store, point_of_interest, service, establishment",Mirdif Hills Avenue - 78th St - Mirdif - Dubai,25.222708899999997,55.4411555,4.7,348.0,OPERATIONAL,+971 54 511 8282,https://www.82houseofbeauty.ae/,https://maps.google.com/?cid=1665830243507245661&g_mp=Cilnb29nbGUubWFwcy5wbGFjZXMudjEuUGxhY2VzLlNlYXJjaE5lYXJieRACGAQgAA,Monday: 10:00 AM – 10:00 PM | Tuesday: 10:00 AM – 10:00 PM | Wednesday: 10:00 AM – 10:00 PM | Thursday: 10:00 AM – 10:00 PM | Friday: 10:00 AM – 10:00 PM | Saturday: 10:00 AM – 10:00 PM | Sunday: 10:00 AM – 10:00 PM,Google Places API (New) Nearby Search,2026-09-02T15:22:51+00:00
ChIJaxDupR1JXj4RxkHSywjtQnU,Nail It Limited,DIRECT,beauty_salon,beauty_salon,Beauty salon,"beauty_salon, service, point_of_interest, establishment",phase 2 block E - مدينة مصدر - جنوب شرق 45 05 - أبو ظبي,24.433221800000002,54.621449899999995,4.6,348.0,OPERATIONAL,+971 55 991 0136,http://www.nailit.ae/,https://maps.google.com/?cid=8449576472935547334&g_mp=Cilnb29nbGUubWFwcy5wbGFjZXMudjEuUGxhY2VzLlNlYXJjaE5lYXJieRACGAQgAA,Monday: 10:00 AM – 10:00 PM | Tuesday: 10:00 AM – 10:00 PM | Wednesday: 10:00 AM – 10:00 PM | Thursday: 10:00 AM – 10:00 PM | Friday: 10:00 AM – 10:00 PM | Saturday: 10:00 AM – 10:00 PM | Sunday: 10:00 AM – 10:00 PM,Google Places API (New) Nearby Search,2026-09-02T15:22:51+00:00
ChIJpUhxIUVCXj4R-Z4Go8nmIPw,Al Cady Medical Center L.L.C,DIRECT,beauty_salon,dentist,Dentist,"skin_care_clinic, dental_clinic, dentist, body_art_service, beauty_salon, medical_clinic, hair_care, doctor, point_of_interest, health, service, establishment",Gazelle Residence - 34 شارع سَرْمَد - Al Muntazah - E48 - Abu Dhabi,24.431531099999997,54.4648173,4.9,345.0,OPERATIONAL,+971 2 627 7762,https://alcadymc.ae/,https://maps.google.com/?cid=18167774650510515961&g_mp=Cilnb29nbGUubWFwcy5wbGFjZXMudjEuUGxhY2VzLlNlYXJjaE5lYXJieRACGAQgAA,Monday: 10:00 AM – 8:00 PM | Tuesday: 10:00 AM – 8:00 PM | Wednesday: 10:00 AM – 8:00 PM | Thursday: 10:00 AM – 8:00 PM | Friday: 10:00 AM – 8:00 PM | Saturday: Closed | Sunday: 10:00 AM – 8:00 PM,Google Places API (New) Nearby Search,2026-09-02T15:22:51+00:00
ChIJrx2Or8FrXz4RiYWRgp_AiGM,The Iridium Building,DIRECT,beauty_salon,business_center,Business center,"business_center, dental_clinic, fitness_center, beauty_salon, farm, medical_clinic, sports_school, gym, sports_activity_location, finance, consultant, general_contractor, wholesaler, service, health, point_of_interest, establishment","البرشاء1, شارع أم سقيم - Um Suqeim Street - Al Barsha First - Al Barsha - Dubai",25.1186337,55.2072461,4.1,344.0,OPERATIONAL,+971 4 591 9414,http://www.mrbproperties.ae/,https://maps.google.com/?cid=7172194197910422921&g_mp=Cilnb29nbGUubWFwcy5wbGFjZXMudjEuUGxhY2VzLlNlYXJjaE5lYXJieRACGAQgAA,Monday: Open 24 hours | Tuesday: Open 24 hours | Wednesday: Open 24 hours | Thursday: Open 24 hours | Friday: Open 24 hours | Saturday: Open 24 hours | Sunday: Open 24 hours,Google Places API (New) Nearby Search,2026-09-02T15:22:51+00:00
ChIJHYmgppuxij4RKP9R7btrgyE,مركز داماس للحناء و تجميل السيدات Damas Henna & Beauty Center,DIRECT,beauty_salon,beauty_salon,Beauty salon,"beauty_salon, service, point_of_interest, establishment",6P84+V99 - Al Muwaij'i - Oud Bin Sag-han - Abu Dhabi,24.217168299999997,55.7059905,4.4,343.0,OPERATIONAL,+971 3 737 4990,,https://maps.google.com/?cid=2414892280085348136&g_mp=Cilnb29nbGUubWFwcy5wbGFjZXMudjEuUGxhY2VzLlNlYXJjaE5lYXJieRACGAQgAA,Monday: 10:00 AM – 10:00 PM | Tuesday: 10:00 AM – 10:00 PM | Wednesday: 10:00 AM – 10:00 PM | Thursday: 10:00 AM – 10:00 PM | Friday: 10:00 AM – 10:00 PM | Saturday: 10:00 AM – 10:00 PM | Sunday: 10:00 AM – 10:00 PM,Google Places API (New) Nearby Search,2026-09-02T15:22:51+00:00
ChIJY0phdN1rXz4REnOYlJUocFA,BRAU,DIRECT,"beauty_salon, spa",beauty_salon,Beauty salon,"beauty_salon, massage_spa, spa, massage, body_art_service, service, point_of_interest, establishment",Al Wasl Rd - Umm Suqeim Second - Umm Suqeim 2 - Dubai,25.1512055,55.2127579,4.9,342.0,OPERATIONAL,+971 50 403 7551,https://brau.ae/?utm_source=gbp&utm_medium=organic&utm_campaign=gbp-listing&utm_content=jumeraih,https://maps.google.com/?cid=5796177343334085394&g_mp=Cilnb29nbGUubWFwcy5wbGFjZXMudjEuUGxhY2VzLlNlYXJjaE5lYXJieRACGAQgAA,Monday: 9:00 AM – 9:00 PM | Tuesday: 9:00 AM – 9:00 PM | Wednesday: 9:00 AM – 9:00 PM | Thursday: 9:00 AM – 9:00 PM | Friday: 9:00 AM – 9:00 PM | Saturday: 9:00 AM – 9:00 PM | Sunday: 9:00 AM – 9:00 PM,Google Places API (New) Nearby Search,2026-09-02T15:22:51+00:00
ChIJq2ghPblgXz4RScCkKmue97Y,Sultan Al Olama Medical | سلطان العلماء الطبي - مردف,DIRECT,beauty_salon,health,Health,"skin_care_clinic, hair_care, dental_clinic, dentist, beauty_salon, doctor, medical_clinic, health, point_of_interest, service, establishment",Park Centre - 15th St - Mirdif - Dubai,25.2175276,55.41790770000001,4.8,342.0,OPERATIONAL,+971 4 284 5778,http://www.samc.ae/,https://maps.google.com/?cid=13184180617264545865&g_mp=Cilnb29nbGUubWFwcy5wbGFjZXMudjEuUGxhY2VzLlNlYXJjaE5lYXJieRACGAQgAA,Monday: 9:00 AM – 9:00 PM | Tuesday: 9:00 AM – 9:00 PM | Wednesday: 9:00 AM – 9:00 PM | Thursday: 9:00 AM – 9:00 PM | Friday: 9:00 AM – 9:00 PM | Saturday: 9:00 AM – 9:00 PM | Sunday: 9:00 AM – 9:00 PM,Google Places API (New) Nearby Search,2026-09-02T15:22:51+00:00
ChIJ0bh_UJQ3Xj4RMzjDoCk-2Vw,Summerland Medical Centre,DIRECT,beauty_salon,medical_center,Medical Center,"medical_center, skin_care_clinic, hair_care, dental_clinic, beauty_salon, doctor, consultant, hospital, medical_clinic, health, point_of_interest, service, establishment",Abu Dhabi - Shakhbout City - MSH3 - Abu Dhabi,24.349162699999997,54.622379699999996,4.4,342.0,OPERATIONAL,+971 2 582 2888,http://www.slmc.ae/,https://maps.google.com/?cid=6690447069947312179&g_mp=Cilnb29nbGUubWFwcy5wbGFjZXMudjEuUGxhY2VzLlNlYXJjaE5lYXJieRACGAQgAA,Monday: 8:00 AM – 11:00 PM | Tuesday: 8:00 AM – 11:00 PM | Wednesday: 8:00 AM – 11:00 PM | Thursday: 8:00 AM – 11:00 PM | Friday: 8:00 AM – 11:00 PM | Saturday: 8:00 AM – 11:00 PM | Sunday: 8:00 AM – 11:00 PM,Google Places API (New) Nearby Search,2026-09-02T15:22:51+00:00
ChIJR2fkRYJfXz4REzmPziZ6qpg,Anisaty Ladies Salon Muweillah Branch,DIRECT,"beauty_salon, nail_salon",beauty_salon,Beauty salon,"beauty_salon, nail_salon, point_of_interest, service, establishment",8F42+V8P - Muwaileh Commercial - Industrial Area - Sharjah,25.3067562,55.4506977,4.5,341.0,OPERATIONAL,+971 6 522 4003,,https://maps.google.com/?cid=11000739346898696467&g_mp=Cilnb29nbGUubWFwcy5wbGFjZXMudjEuUGxhY2VzLlNlYXJjaE5lYXJieRACGAQgAA,Monday: 10:00 AM – 10:00 PM | Tuesday: 10:00 AM – 10:00 PM | Wednesday: 10:00 AM – 10:00 PM | Thursday: 10:00 AM – 10:00 PM | Friday: 1:00 – 10:00 PM | Saturday: 10:00 AM – 10:00 PM | Sunday: 10:00 AM – 10:00 PM,Google Places API (New) Nearby Search,2026-09-02T15:22:51+00:00
ChIJXwWRdABfXz4RnN7GMvtyDOA,Rare Spa,DIRECT,beauty_salon,beauty_salon,Beauty salon,"beauty_salon, point_of_interest, service, establishment",Muwaileh Commercial - Industrial Area - Sharjah,25.3092883,55.4556693,4.6,339.0,OPERATIONAL,+971 58 881 1530,https://www.fresha.com/book-now/rare-spa-i253tg01/all-offer?pId=1194319,https://maps.google.com/?cid=16144405187430637212&g_mp=Cilnb29nbGUubWFwcy5wbGFjZXMudjEuUGxhY2VzLlNlYXJjaE5lYXJieRACGAQgAA,Monday: 11:00 AM – 10:00 PM | Tuesday: 11:00 AM – 10:00 PM | Wednesday: 11:00 AM – 10:00 PM | Thursday: 11:00 AM – 10:00 PM | Friday: 11:00 AM – 10:00 PM | Saturday: 11:00 AM – 10:00 PM | Sunday: 11:00 AM – 10:00 PM,Google Places API (New) Nearby Search,2026-09-02T15:22:51+00:00
ChIJEa4388tLXj4R8ttgoixXfhs,"Jazz Lounge Spa for Men - Al Falah 2, Abu Dhabi",DIRECT,"beauty_salon, hair_salon, nail_salon, spa",spa,Spa,"spa, barber_shop, nail_salon, massage_spa, hair_salon, hair_care, massage, beauty_salon, health, point_of_interest, service, establishment",Al Falah 2 - Al Falah - 1B - Abu Dhabi,24.4546408,54.7239353,4.5,338.0,OPERATIONAL,+971 2 584 8182,https://jazzloungespa.com/,https://maps.google.com/?cid=1981116735304031218&g_mp=Cilnb29nbGUubWFwcy5wbGFjZXMudjEuUGxhY2VzLlNlYXJjaE5lYXJieRACGAQgAA,Monday: 11:00 AM – 11:00 PM | Tuesday: 11:00 AM – 11:00 PM | Wednesday: 11:00 AM – 11:00 PM | Thursday: 11:00 AM – 11:00 PM | Friday: 11:00 AM – 11:00 PM | Saturday: 11:00 AM – 11:00 PM | Sunday: 11:00 AM – 11:00 PM,Google Places API (New) Nearby Search,2026-09-02T15:22:51+00:00
ChIJZQ_40hlDXz4RQ6Z4M_bxfaA,Lamar House Salon spa - Massage Center in Dubai & Best Moroccan Bath,DIRECT,"hair_salon, spa",massage_spa,Massage spa,"massage_spa, hair_salon, hair_care, massage, spa, point_of_interest, service, establishment",villa 2 - Al Bada' - Jumeirah 1 - Dubai,25.2327849,55.265518400000005,4.6,338.0,OPERATIONAL,+971 50 679 9352,https://lamararabicspa.com/,https://maps.google.com/?cid=11564665457885095491&g_mp=Cilnb29nbGUubWFwcy5wbGFjZXMudjEuUGxhY2VzLlNlYXJjaE5lYXJieRACGAQgAA,Monday: Open 24 hours | Tuesday: Open 24 hours | Wednesday: Open 24 hours | Thursday: Open 24 hours | Friday: Open 24 hours | Saturday: Open 24 hours | Sunday: Open 24 hours,Google Places API (New) Nearby Search,2026-09-02T15:22:51+00:00
ChIJU1VVVYX49D4RNPBv71pmqBg,"Kaya Skin Clinic – Fujairah City, Fujairah",DIRECT,beauty_salon,skin_care_clinic,Skin care clinic,"skin_care_clinic, hair_care, beauty_salon, doctor, medical_clinic, health, point_of_interest, service, establishment","Al Rawdha Building suit 1&2 M Floor, Shaikh - Hamad Bin Abdulla Rd - الغُرْفَة - الفجيرة",25.1215978,56.350394099999995,4.6,334.0,OPERATIONAL,+971 600 562620,https://www.kayaskinclinic.com/uae/en/,https://maps.google.com/?cid=1776782593747841076&g_mp=Cilnb29nbGUubWFwcy5wbGFjZXMudjEuUGxhY2VzLlNlYXJjaE5lYXJieRACGAQgAA,Monday: 11:00 AM – 8:00 PM | Tuesday: 11:00 AM – 8:00 PM | Wednesday: 11:00 AM – 8:00 PM | Thursday: 11:00 AM – 8:00 PM | Friday: 11:00 AM – 8:00 PM | Saturday: 11:00 AM – 8:00 PM | Sunday: 11:00 AM – 8:00 PM,Google Places API (New) Nearby Search,2026-09-02T15:22:51+00:00
ChIJqWAauUtlXj4R5CEvqGsTNdk,Aphrodite Beauty & SPA,DIRECT,"hair_salon, nail_salon",beauty_salon,Beauty salon,"beauty_salon, nail_salon, hair_salon, massage_spa, beautician, spa, makeup_artist, hair_care, massage, medical_clinic, service, health, point_of_interest, establishment",Sultan Bin Zayad Street - Das Tower - 9th floor - 903 32nd Street - البطين - أبو ظبي,24.468937699999998,54.337749099999996,4.8,333.0,OPERATIONAL,+971 50 142 2116,http://www.aphrodite-beauty.ae/,https://maps.google.com/?cid=15651437433100116452&g_mp=Cilnb29nbGUubWFwcy5wbGFjZXMudjEuUGxhY2VzLlNlYXJjaE5lYXJieRACGAQgAA,Monday: 11:00 AM – 10:00 PM | Tuesday: 11:00 AM – 10:00 PM | Wednesday: 11:00 AM – 10:00 PM | Thursday: 11:00 AM – 10:00 PM | Friday: 11:00 AM – 10:00 PM | Saturday: 11:00 AM – 10:00 PM | Sunday: 11:00 AM – 10:00 PM,Google Places API (New) Nearby Search,2026-09-02T15:22:51+00:00
ChIJJzvM6h5rXz4RXCkBgiYJZaU,The Nordic International Beauty & Training Centre,DIRECT,nail_salon,educational_institution,Educational institution,"nail_salon, hair_care, massage, spa, beauty_salon, educational_institution, point_of_interest, service, establishment",Villa No. A - 1053 Al Wasl Rd - جميرا - Al Manara - Dubai,25.1425533,55.206833700000004,4.7,331.0,OPERATIONAL,+971 4 221 1521,http://www.nordicbtc.ae/,https://maps.google.com/?cid=11917942049900407132&g_mp=Cilnb29nbGUubWFwcy5wbGFjZXMudjEuUGxhY2VzLlNlYXJjaE5lYXJieRACGAQgAA,Monday: 10:00 AM – 7:00 PM | Tuesday: 10:00 AM – 7:00 PM | Wednesday: 10:00 AM – 7:00 PM | Thursday: 10:00 AM – 7:00 PM | Friday: 10:00 AM – 7:00 PM | Saturday: Closed | Sunday: 10:00 AM – 7:00 PM,Google Places API (New) Nearby Search,2026-09-02T15:22:51+00:00
ChIJh3jdGflRXj4R_LgciVZOQ6U,Kanaan Gents Saloon & SPA (Al Shahama Old),DIRECT,spa,barber_shop,Barber shop,"barber_shop, massage_spa, spa, hair_care, massage, service, health, point_of_interest, establishment",خلف جمعيه - Al Bahyah - Al Shahamah Old - Abu Dhabi,24.5522271,54.693787099999994,4.2,329.0,OPERATIONAL,+971 2 563 5335,https://www.kanaanspa.ae/,https://maps.google.com/?cid=11908447973272238332&g_mp=Cilnb29nbGUubWFwcy5wbGFjZXMudjEuUGxhY2VzLlNlYXJjaE5lYXJieRACGAQgAA,Monday: 9:00 AM – 11:00 PM | Tuesday: 9:00 AM – 11:00 PM | Wednesday: 9:00 AM – 11:00 PM | Thursday: 9:00 AM – 11:00 PM | Friday: 2:30 – 11:00 PM | Saturday: 9:00 AM – 11:00 PM | Sunday: 9:00 AM – 11:00 PM,Google Places API (New) Nearby Search,2026-09-02T15:22:51+00:00
ChIJ0-wRXGlDXj4Re96Hp4-zBiA,Uptown Barbershop,DIRECT,"beauty_salon, spa",barber_shop,Barber shop,"barber_shop, massage_spa, hair_care, massage, spa, beauty_salon, health, point_of_interest, service, establishment","Muroor Road, Al Aman Street Al Falahi Building, Mezzanine Floor - Shop 15 - 4 شارع سلطان بن زايد الأول - السعادة - شرق 40 - أبو ظبي",24.4317935,54.434338999999994,4.4,329.0,OPERATIONAL,+971 2 445 1214,https://instagram.com/uptown.barbershop,https://maps.google.com/?cid=2307729288646352507&g_mp=Cilnb29nbGUubWFwcy5wbGFjZXMudjEuUGxhY2VzLlNlYXJjaE5lYXJieRACGAQgAA,Monday: 10:00 AM – 10:00 PM | Tuesday: 10:00 AM – 10:00 PM | Wednesday: 10:00 AM – 10:00 PM | Thursday: 10:00 AM – 10:00 PM | Friday: 12:00 – 10:00 PM | Saturday: 10:00 AM – 10:00 PM | Sunday: 10:00 AM – 10:00 PM,Google Places API (New) Nearby Search,2026-09-02T15:22:51+00:00
ChIJRQHEp-tgXz4RjPFNhFYZlVc,"The Loft Fifth Avenue Beauty Lounge- Shorooq, Mirdif",DIRECT,"hair_salon, nail_salon",beauty_salon,Beauty salon,"beauty_salon, nail_salon, massage_spa, hair_salon, hair_care, massage, spa, point_of_interest, service, establishment",1a Shorooq Dr - Mirdif - Shorooq - Dubai,25.214153099999997,55.428535999999994,4.6,328.0,OPERATIONAL,+971 4 553 9183,https://theloftfifthavenue.com/ae/en/salon/hair-and-beauty-salon-in-mirdif,https://maps.google.com/?cid=6310978312207200652&g_mp=Cilnb29nbGUubWFwcy5wbGFjZXMudjEuUGxhY2VzLlNlYXJjaE5lYXJieRACGAQgAA,Monday: 10:00 AM – 10:00 PM | Tuesday: 10:00 AM – 10:00 PM | Wednesday: 10:00 AM – 10:00 PM | Thursday: 10:00 AM – 10:00 PM | Friday: 10:00 AM – 10:00 PM | Saturday: 10:00 AM – 10:00 PM | Sunday: 10:00 AM – 10:00 PM,Google Places API (New) Nearby Search,2026-09-02T15:22:51+00:00
ChIJ-bwr_cBhXz4R_A7f-_yL6CE,Top Notch Ladies Salon,DIRECT,"hair_salon, nail_salon",beauty_salon,Beauty salon,"beauty_salon, hair_salon, nail_salon, medical_clinic, hair_care, massage_spa, spa, massage, point_of_interest, health, service, establishment",P16 Top Notch Ladies Salon - Warsan First - France Cluster - Dubai,25.1600696,55.4046142,4.7,328.0,OPERATIONAL,+971 52 851 5053,https://top-notch-ladies.grexa.site/,https://maps.google.com/?cid=2443356716522213116&g_mp=Cilnb29nbGUubWFwcy5wbGFjZXMudjEuUGxhY2VzLlNlYXJjaE5lYXJieRACGAQgAA,Monday: 11:00 AM – 10:00 PM | Tuesday: 11:00 AM – 10:00 PM | Wednesday: 11:00 AM – 10:00 PM | Thursday: 11:00 AM – 10:00 PM | Friday: 11:00 AM – 10:00 PM | Saturday: 11:00 AM – 10:00 PM | Sunday: 11:00 AM – 10:00 PM,Google Places API (New) Nearby Search,2026-09-02T15:22:51+00:00
ChIJa_5SjvRnXj4RYjFue3DePuk,Le Noir Beauty Center | مركز لي نوار للتجميل,DIRECT,hair_salon,spa,Spa,"nail_salon, massage_spa, hair_salon, hair_care, massage, spa, beauty_salon, health, point_of_interest, service, establishment",At Turath St - Al Nahyan - Zone 1 - Abu Dhabi,24.466522599999998,54.380239499999995,4.8,327.0,OPERATIONAL,+971 50 155 1560,http://www.le-noir.com/,https://maps.google.com/?cid=16807115434081792354&g_mp=Cilnb29nbGUubWFwcy5wbGFjZXMudjEuUGxhY2VzLlNlYXJjaE5lYXJieRACGAQgAA,Monday: 11:00 AM – 10:00 PM | Tuesday: 11:00 AM – 10:00 PM | Wednesday: 11:00 AM – 10:00 PM | Thursday: 11:00 AM – 10:00 PM | Friday: 11:00 AM – 10:00 PM | Saturday: 11:00 AM – 10:00 PM | Sunday: 11:00 AM – 10:00 PM,Google Places API (New) Nearby Search,2026-09-02T15:22:51+00:00
ChIJnbuwwDZGXj4R2MuK02ZL3RQ,La Poupee Beauty Center - Abu Dhabi,DIRECT,hair_salon,beauty_salon,Beauty salon,"beauty_salon, nail_salon, massage_spa, hair_salon, hair_care, massage, spa, point_of_interest, service, establishment","Building 114, Mezanine Floor, Airport Road - 15th St - next to Abu Dhabi Islamic Bank - before - Zone 1 - أبو ظبي",24.459327899999998,54.38148340000001,4.8,326.0,OPERATIONAL,+971 2 446 5171,https://www.lapoupee-beautycenter.com/,https://maps.google.com/?cid=1503440755619449816&g_mp=Cilnb29nbGUubWFwcy5wbGFjZXMudjEuUGxhY2VzLlNlYXJjaE5lYXJieRACGAQgAA,Monday: 11:00 AM – 8:00 PM | Tuesday: 11:00 AM – 8:00 PM | Wednesday: 11:00 AM – 8:00 PM | Thursday: 11:00 AM – 8:00 PM | Friday: 11:00 AM – 8:00 PM | Saturday: 11:00 AM – 8:00 PM | Sunday: 11:00 AM – 8:00 PM,Google Places API (New) Nearby Search,2026-09-02T15:22:51+00:00
ChIJPSv6UmVpXz4RD8D6scSDhmI,Pause Salon & Spa,DIRECT,nail_salon,nail_salon,Nail salon,"nail_salon, beauty_salon, point_of_interest, service, establishment","Building #5, Shop #9 - الخليج التجاري - Dubai Design District - دبي",25.1880049,55.297489600000006,3.5,325.0,OPERATIONAL,+971 4 557 7246,,https://maps.google.com/?cid=7099506743418994703&g_mp=Cilnb29nbGUubWFwcy5wbGFjZXMudjEuUGxhY2VzLlNlYXJjaE5lYXJieRACGAQgAA,Monday: 10:00 AM – 10:00 PM | Tuesday: 10:00 AM – 10:00 PM | Wednesday: 10:00 AM – 10:00 PM | Thursday: 10:00 AM – 10:00 PM | Friday: 10:00 AM – 10:00 PM | Saturday: 10:00 AM – 10:00 PM | Sunday: 10:00 AM – 10:00 PM,Google Places API (New) Nearby Search,2026-09-02T15:22:51+00:00
ChIJ00cEbsBpXz4RP7zwiBHcMCY,Bash Lab,DIRECT,beauty_salon,beauty_salon,Beauty salon,"beauty_salon, point_of_interest, service, establishment","Business Bay, The Bayswater Tower - St., Shop go6 - مراسي درايف - الخليج التجاري - دبي",25.1842142,55.264792899999996,4.6,324.0,OPERATIONAL,+971 55 287 2506,https://n820329.alteg.io/company/770394/personal/select-services,https://maps.google.com/?cid=2751941340193406015&g_mp=Cilnb29nbGUubWFwcy5wbGFjZXMudjEuUGxhY2VzLlNlYXJjaE5lYXJieRACGAQgAA,Monday: 10:00 AM – 10:00 PM | Tuesday: 10:00 AM – 10:00 PM | Wednesday: 10:00 AM – 10:00 PM | Thursday: 10:00 AM – 10:00 PM | Friday: 10:00 AM – 10:00 PM | Saturday: 10:00 AM – 10:00 PM | Sunday: 10:00 AM – 10:00 PM,Google Places API (New) Nearby Search,2026-09-02T15:22:51+00:00
ChIJFZhIAO5DXj4RzlYwDOcq5NA,KF Makeup & Hair Styling (Home Service),DIRECT,beauty_salon,beauty_salon,Beauty salon,"beauty_salon, point_of_interest, service, establishment",Bld No 5 - near yas mall - Yas Island - YS3 04 - Abu Dhabi,24.493738999999998,54.586594,5.0,321.0,OPERATIONAL,+971 50 370 7186,https://kfsalon.ae/,https://maps.google.com/?cid=15052203026409346766&g_mp=Cilnb29nbGUubWFwcy5wbGFjZXMudjEuUGxhY2VzLlNlYXJjaE5lYXJieRACGAQgAA,Monday: 7:00 AM – 11:30 PM | Tuesday: 7:00 AM – 11:30 PM | Wednesday: 7:00 AM – 11:30 PM | Thursday: 7:00 AM – 11:30 PM | Friday: 7:00 AM – 11:30 PM | Saturday: 7:00 AM – 11:30 PM | Sunday: 7:00 AM – 10:30 PM,Google Places API (New) Nearby Search,2026-09-02T15:22:51+00:00
ChIJh14LqS0TXz4Rd2oLQjVzf2g,Mirrors Executive Men's Salon - Marina,DIRECT,"hair_salon, nail_salon",barber_shop,Barber shop,"barber_shop, nail_salon, massage_spa, hair_salon, hair_care, massage, spa, beauty_salon, health, point_of_interest, service, establishment","Jannah Hotel, Marina - Ground Floor, Shop - 2 Jannah Pl - Dubai Marina - Dubai",25.0694677,55.133254,4.2,321.0,OPERATIONAL,+971 56 300 5629,https://www.mirrorsbeautylounge.com/,https://maps.google.com/?cid=7529863774565263991&g_mp=Cilnb29nbGUubWFwcy5wbGFjZXMudjEuUGxhY2VzLlNlYXJjaE5lYXJieRACGAQgAA,Monday: 9:00 AM – 9:00 PM | Tuesday: 9:00 AM – 9:00 PM | Wednesday: 9:00 AM – 9:00 PM | Thursday: 9:00 AM – 9:00 PM | Friday: 9:00 AM – 9:00 PM | Saturday: 9:00 AM – 9:00 PM | Sunday: 9:00 AM – 9:00 PM,Google Places API (New) Nearby Search,2026-09-02T15:22:51+00:00
ChIJsx8-I0FCXz4RkF31mTk1790,Hello Kitty Beauty Spa Dubai,DIRECT,"hair_salon, nail_salon",beauty_salon,Beauty salon,"beauty_salon, nail_salon, hair_salon, hair_care, spa, point_of_interest, service, establishment",The Galleria Mall - Ground Floor - Al Wasl - Dubai,25.2068758,55.2544014,4.3,320.0,OPERATIONAL,+971 4 388 7525,https://www.hellokittybeautyspa.com/,https://maps.google.com/?cid=15992059323328322960&g_mp=Cilnb29nbGUubWFwcy5wbGFjZXMudjEuUGxhY2VzLlNlYXJjaE5lYXJieRACGAQgAA,Monday: 10:00 AM – 10:00 PM | Tuesday: 10:00 AM – 10:00 PM | Wednesday: 10:00 AM – 10:00 PM | Thursday: 10:00 AM – 10:00 PM | Friday: 10:00 AM – 10:00 PM | Saturday: 10:00 AM – 10:00 PM | Sunday: 10:00 AM – 10:00 PM,Google Places API (New) Nearby Search,2026-09-02T15:22:51+00:00
ChIJg6FONuBnXj4RkIDJUY_jwfU,Magio Hair Experience - Al Bateen,DIRECT,"hair_salon, nail_salon",beauty_salon,Beauty salon,"beauty_salon, nail_salon, hair_salon, massage_spa, spa, makeup_artist, hair_care, massage, service, point_of_interest, establishment",Al Ghaleel St - Al Khalidiyah - W17 02 - Abu Dhabi,24.462029599999997,54.3504766,4.8,317.0,OPERATIONAL,+971 2 583 3825,https://magiohair.com/,https://maps.google.com/?cid=17708685414489489552&g_mp=Cilnb29nbGUubWFwcy5wbGFjZXMudjEuUGxhY2VzLlNlYXJjaE5lYXJieRACGAQgAA,Monday: 9:00 AM – 9:00 PM | Tuesday: 9:00 AM – 9:00 PM | Wednesday: 9:00 AM – 9:00 PM | Thursday: 9:00 AM – 9:00 PM | Friday: 9:00 AM – 9:00 PM | Saturday: 9:00 AM – 9:00 PM | Sunday: 9:00 AM – 9:00 PM,Google Places API (New) Nearby Search,2026-09-02T15:22:51+00:00
ChIJqz6LntMwXj4RcrW4kFpf6n8,Al Amal Medical & Dental Center - مركز الامل الطبي و طب الاسنان,DIRECT,beauty_salon,medical_center,Medical Center,"medical_center, hair_care, dental_clinic, beauty_salon, doctor, body_art_service, hospital, medical_clinic, health, point_of_interest, service, establishment",Abu Dhabi banyas - east 9 - 7JJX+X4V - 24 - 9 شارع رَأس الموتَر - بني ياس - بني ياس شرق 9 - أبو ظبي,24.2825816,54.6478493,4.5,314.0,OPERATIONAL,+971 2 583 2331,http://www.alamal.ae/,https://maps.google.com/?cid=9217284429946860914&g_mp=Cilnb29nbGUubWFwcy5wbGFjZXMudjEuUGxhY2VzLlNlYXJjaE5lYXJieRACGAQgAA,Monday: 8:00 AM – 12:30 AM | Tuesday: 8:00 AM – 12:30 AM | Wednesday: 8:00 AM – 12:30 AM | Thursday: 8:00 AM – 12:30 AM | Friday: 8:00 AM – 12:30 AM | Saturday: 8:00 AM – 12:30 AM | Sunday: 8:00 AM – 12:30 AM,Google Places API (New) Nearby Search,2026-09-02T15:22:51+00:00
ChIJ7yIxJNpDXj4R2GCbL6B0_nw,BlowDry Hair Salon,DIRECT,nail_salon,beauty_salon,Beauty salon,"beauty_salon, barber_shop, nail_salon, hair_care, health, point_of_interest, service, establishment",Fairmont Bab Al Bahr - Rabdan - RB2 - Abu Dhabi,24.4142734,54.490825699999995,4.7,312.0,OPERATIONAL,+971 2 558 7221,,https://maps.google.com/?cid=9006764536129872088&g_mp=Cilnb29nbGUubWFwcy5wbGFjZXMudjEuUGxhY2VzLlNlYXJjaE5lYXJieRACGAQgAA,Monday: 10:00 AM – 10:00 PM | Tuesday: 10:00 AM – 10:00 PM | Wednesday: 10:00 AM – 10:00 PM | Thursday: 10:00 AM – 10:00 PM | Friday: 10:00 AM – 10:00 PM | Saturday: 10:00 AM – 10:00 PM | Sunday: 10:00 AM – 10:00 PM,Google Places API (New) Nearby Search,2026-09-02T15:22:51+00:00
ChIJ2SnOrkqxij4R1poi6um3wOU,Cureplus Medical Center (مركز كيور بلس الطبي),DIRECT,beauty_salon,medical_center,Medical Center,"medical_center, beauty_salon, medical_lab, pharmacy, hospital, hair_care, medical_clinic, consultant, doctor, store, service, health, point_of_interest, establishment",st 131 - 131st St - Al Khibeesi - Al Sidrah - Abu Dhabi,24.219222300000002,55.6880229,4.3,311.0,OPERATIONAL,+971 3 765 5511,http://www.cureplus.ae/,https://maps.google.com/?cid=16555434445497342678&g_mp=Cilnb29nbGUubWFwcy5wbGFjZXMudjEuUGxhY2VzLlNlYXJjaE5lYXJieRACGAQgAA,Monday: 8:00 AM – 11:00 PM | Tuesday: 8:00 AM – 11:00 PM | Wednesday: 8:00 AM – 11:00 PM | Thursday: 8:00 AM – 11:00 PM | Friday: 8:00 AM – 10:00 PM | Saturday: 8:00 AM – 11:00 PM | Sunday: 8:00 AM – 11:00 PM,Google Places API (New) Nearby Search,2026-09-02T15:22:51+00:00
ChIJaRyRTE-xij4ROKfEGjuBN00,The Space Beauty Lounge Al Ain,DIRECT,beauty_salon,beauty_salon,Beauty salon,"beauty_salon, service, point_of_interest, establishment",174 Sultan Bin Wiqaish Al Dhaheri St - Al Muwaij'i - Oud Bin Sag-han - Abu Dhabi,24.2167021,55.7052835,4.2,309.0,OPERATIONAL,+971 3 734 4566,https://www.fresha.com/book-now/the-space-qass01rp/all-offer?share=true&pId=614667,https://maps.google.com/?cid=5564057955491686200&g_mp=Cilnb29nbGUubWFwcy5wbGFjZXMudjEuUGxhY2VzLlNlYXJjaE5lYXJieRACGAQgAA,Monday: 10:00 AM – 10:00 PM | Tuesday: 10:00 AM – 10:00 PM | Wednesday: 10:00 AM – 10:00 PM | Thursday: 10:00 AM – 10:00 PM | Friday: 10:00 AM – 10:00 PM | Saturday: 10:00 AM – 10:00 PM | Sunday: 10:00 AM – 10:00 PM,Google Places API (New) Nearby Search,2026-09-02T15:22:51+00:00
ChIJWcfpH3T49D4RnSdqoRvfb9E,Riviera Salon صالون ريفييرا,DIRECT,"beauty_salon, hair_salon, spa",beauty_salon,Beauty salon,"beauty_salon, hair_salon, hair_care, spa, point_of_interest, service, establishment",Al Basrah St - Al Faseel - Fujairah,25.1447772,56.3541369,4.4,307.0,OPERATIONAL,+971 9 222 9066,http://www.rivierab.com/,https://maps.google.com/?cid=15091526186107021213&g_mp=Cilnb29nbGUubWFwcy5wbGFjZXMudjEuUGxhY2VzLlNlYXJjaE5lYXJieRACGAQgAA,Monday: 9:00 AM – 10:00 PM | Tuesday: 9:00 AM – 10:00 PM | Wednesday: 9:00 AM – 10:00 PM | Thursday: 9:00 AM – 10:00 PM | Friday: 9:00 AM – 10:00 PM | Saturday: 9:00 AM – 10:00 PM | Sunday: 9:00 AM – 10:00 PM,Google Places API (New) Nearby Search,2026-09-02T15:22:51+00:00
ChIJpf9cxi1tXz4RbtgU9W1DO4I,"Sasha Beauty Salon, Vida Hills",DIRECT,nail_salon,beauty_salon,Beauty salon,"beauty_salon, nail_salon, massage_spa, hair_salon, hair_care, massage, spa, point_of_interest, service, establishment",Al Naseem St - Al Thanyah Third - Dubai,25.0797252,55.1569862,4.8,306.0,OPERATIONAL,+971 4 570 8880,https://sashabeautysalon.ae/vida-hills-branch/,https://maps.google.com/?cid=9384168388098840686&g_mp=Cilnb29nbGUubWFwcy5wbGFjZXMudjEuUGxhY2VzLlNlYXJjaE5lYXJieRACGAQgAA,Monday: 10:30 AM – 9:00 PM | Tuesday: 10:30 AM – 9:00 PM | Wednesday: 10:30 AM – 9:00 PM | Thursday: 10:30 AM – 9:00 PM | Friday: 10:30 AM – 9:00 PM | Saturday: 10:30 AM – 9:00 PM | Sunday: 10:30 AM – 9:00 PM,Google Places API (New) Nearby Search,2026-09-02T15:22:51+00:00
ChIJt3cMOVxnXz4RP30_Opmu9B4,Razors Spa & Gents Salon,DIRECT,nail_salon,barber_shop,Barber shop,"barber_shop, nail_salon, massage_spa, hair_care, massage, spa, beauty_salon, health, point_of_interest, service, establishment",Hassani Building 23 - Shop 6 - Nadd Al Hamar - Dubai,25.187669999999997,55.395376299999995,4.9,304.0,OPERATIONAL,+971 55 409 9849,https://dingg.app/booking/razors-spa-and-gents-salon-nadd-al-hamar,https://maps.google.com/?cid=2230599688585706815&g_mp=Cilnb29nbGUubWFwcy5wbGFjZXMudjEuUGxhY2VzLlNlYXJjaE5lYXJieRACGAQgAA,Monday: 10:00 AM – 12:00 AM | Tuesday: 10:00 AM – 12:00 AM | Wednesday: 10:00 AM – 12:00 AM | Thursday: 10:00 AM – 12:00 AM | Friday: 10:00 AM – 12:00 AM | Saturday: 10:00 AM – 12:00 AM | Sunday: 10:00 AM – 12:00 AM,Google Places API (New) Nearby Search,2026-09-02T15:22:51+00:00
ChIJyVfhuzVfXz4RX-Lh3pu5iJY,Sole Oasis Muweillah (Men's Spa),DIRECT,"nail_salon, spa",massage,Massage service,"massage_spa, nail_salon, massage, foot_care, spa, beauty_salon, health, service, point_of_interest, establishment",Muwaileh Commercial - Industrial Area - Sharjah,25.3070946,55.4640774,4.8,302.0,OPERATIONAL,+971 6 544 2805,https://soleoasis.net/,https://maps.google.com/?cid=10847123781632254559&g_mp=Cilnb29nbGUubWFwcy5wbGFjZXMudjEuUGxhY2VzLlNlYXJjaE5lYXJieRACGAQgAA,Monday: 10:00 AM – 11:30 PM | Tuesday: 10:00 AM – 11:30 PM | Wednesday: 10:00 AM – 11:30 PM | Thursday: 10:00 AM – 11:30 PM | Friday: 2:00 PM – 12:00 AM | Saturday: 10:00 AM – 12:00 AM | Sunday: 10:00 AM – 12:00 AM,Google Places API (New) Nearby Search,2026-09-02T15:22:51+00:00
ChIJA-EyzRdfXz4RE3t3rQSKlSc,Nail2u Spa,DIRECT,"beauty_salon, nail_salon",nail_salon,Nail salon,"nail_salon, beauty_salon, point_of_interest, service, establishment",Muweilah - تجارية مويلح - المنطقة الصناعية - الشارقة,25.3081939,55.453044,4.0,300.0,OPERATIONAL,+971 6 542 9090,,https://maps.google.com/?cid=2852337691703868179&g_mp=Cilnb29nbGUubWFwcy5wbGFjZXMudjEuUGxhY2VzLlNlYXJjaE5lYXJieRACGAQgAA,Monday: Closed | Tuesday: 10:00 AM – 7:00 PM | Wednesday: 10:00 AM – 7:00 PM | Thursday: 10:00 AM – 7:00 PM | Friday: 10:00 AM – 7:00 PM | Saturday: 10:00 AM – 7:00 PM | Sunday: 10:00 AM – 7:00 PM,Google Places API (New) Nearby Search,2026-09-02T15:22:51+00:00
ChIJxTKT9PZnXz4RTeQKr9lpxH8,Beloved Beauty Salon - Best Ladies Beauty and hair Salon in Dubai,DIRECT,nail_salon,beauty_salon,Beauty salon,"beauty_salon, nail_salon, makeup_artist, massage_spa, hair_salon, hair_care, massage, spa, point_of_interest, service, establishment","Shop 14 - Building R19, France cluster, International city - ورسان الأولى - مدينة دبي العالمية - دبي",25.161525,55.3983621,4.8,298.0,OPERATIONAL,+971 56 134 3131,http://belovedbeautysalon.com/,https://maps.google.com/?cid=9206599921917682765&g_mp=Cilnb29nbGUubWFwcy5wbGFjZXMudjEuUGxhY2VzLlNlYXJjaE5lYXJieRACGAQgAA,Monday: 10:00 AM – 10:00 PM | Tuesday: 10:00 AM – 10:00 PM | Wednesday: 10:00 AM – 10:00 PM | Thursday: 10:00 AM – 2:00 AM | Friday: 10:00 AM – 10:00 PM | Saturday: 10:00 AM – 10:00 PM | Sunday: 10:00 AM – 10:00 PM,Google Places API (New) Nearby Search,2026-09-02T15:22:51+00:00
ChIJycSvtZxCXj4R-RJF502OC-k,The Nail Spa - Eastern Mangroves Promenade,DIRECT,nail_salon,nail_salon,Nail salon,"nail_salon, beauty_salon, service, point_of_interest, establishment","Ground Floor, Eastern Mangroves - Promenade - Sheikh Zayed St - الخيران - Zone 1 - أبو ظبي",24.44653,54.438493699999995,4.8,297.0,OPERATIONAL,+971 600 544001,https://thenailspa.com/,https://maps.google.com/?cid=16792672100824716025&g_mp=Cilnb29nbGUubWFwcy5wbGFjZXMudjEuUGxhY2VzLlNlYXJjaE5lYXJieRACGAQgAA,Monday: 9:00 AM – 9:00 PM | Tuesday: 9:00 AM – 9:00 PM | Wednesday: 9:00 AM – 9:00 PM | Thursday: 9:00 AM – 9:00 PM | Friday: 9:00 AM – 9:00 PM | Saturday: 9:00 AM – 9:00 PM | Sunday: 9:00 AM – 9:00 PM,Google Places API (New) Nearby Search,2026-09-02T15:22:51+00:00
ChIJn0DuYyQ5Xj4Rjzb6tDE-V_c,Naturals Salon,DIRECT,"hair_salon, nail_salon",beauty_salon,Beauty salon,"beauty_salon, massage_spa, nail_salon, massage, hair_salon, hair_care, spa, service, point_of_interest, establishment",Plot No C376 Wadi An Najd Street - near Traffic Signal - Mohamed Bin Zayed City - ME10 - Abu Dhabi,24.3376439,54.537925599999994,4.7,296.0,OPERATIONAL,+971 55 774 9077,https://salons.naturals.in/uae/naturals-salon-beauty-salons-shabiya-10-abu-dhabi-409795/Home?utm_source=locator&utm_medium=googleplaces,https://maps.google.com/?cid=17822782433552643727&g_mp=Cilnb29nbGUubWFwcy5wbGFjZXMudjEuUGxhY2VzLlNlYXJjaE5lYXJieRACGAQgAA,Monday: 10:00 AM – 10:00 PM | Tuesday: 10:00 AM – 10:00 PM | Wednesday: 10:00 AM – 10:00 PM | Thursday: 10:00 AM – 10:00 PM | Friday: 10:00 AM – 10:00 PM | Saturday: 10:00 AM – 10:00 PM | Sunday: 10:00 AM – 10:00 PM,Google Places API (New) Nearby Search,2026-09-02T15:22:51+00:00
ChIJaTkPbgVtXz4RftBn8N4YECY,Sevan Fadez,DIRECT,hair_salon,barber_shop,Barber shop,"barber_shop, hair_salon, hair_care, health, point_of_interest, service, establishment",Jumeirah Bay X3 - Al Thanyah Fifth - Jumeirah Lakes Towers - Dubai,25.080270000000002,55.1531794,4.9,293.0,OPERATIONAL,+971 52 596 0995,https://sevanfadez.com/,https://maps.google.com/?cid=2742719518863773822&g_mp=Cilnb29nbGUubWFwcy5wbGFjZXMudjEuUGxhY2VzLlNlYXJjaE5lYXJieRACGAQgAA,Monday: 10:00 AM – 10:00 PM | Tuesday: 10:00 AM – 10:00 PM | Wednesday: 10:00 AM – 10:00 PM | Thursday: 10:00 AM – 10:00 PM | Friday: 10:00 AM – 10:00 PM | Saturday: 10:00 AM – 10:00 PM | Sunday: 10:00 AM – 10:00 PM,Google Places API (New) Nearby Search,2026-09-02T15:22:51+00:00
ChIJxVt4blkTXz4Rd2u_R0AqBVs,MUKTA BEAUTY SALOON ( Discovery Gardens),DIRECT,nail_salon,beauty_salon,Beauty salon,"beauty_salon, nail_salon, makeup_artist, massage_spa, hair_salon, hair_care, massage, spa, beautician, body_art_service, point_of_interest, service, establishment","Discovery Garden, Street No.1, Zen Cluster, Building No. 2 and - Back-side of Hari Prasad Restaurant OR Viva Supermarket - Shop No. 7 - جبل علي الأولى - ديسكفري جاردنز - دبي",25.0493913,55.129601,4.7,290.0,OPERATIONAL,+971 52 410 8859,http://www.muktasaloons.com/,https://maps.google.com/?cid=6558694887904996215&g_mp=Cilnb29nbGUubWFwcy5wbGFjZXMudjEuUGxhY2VzLlNlYXJjaE5lYXJieRACGAQgAA,Monday: 9:00 AM – 9:30 PM | Tuesday: 9:00 AM – 9:30 PM | Wednesday: 9:00 AM – 9:30 PM | Thursday: 9:00 AM – 9:30 PM | Friday: 9:00 AM – 9:30 PM | Saturday: 9:00 AM – 9:30 PM | Sunday: 9:00 AM – 9:30 PM,Google Places API (New) Nearby Search,2026-09-02T15:22:51+00:00
ChIJiVO5P-BfXz4RikSUGaTr2XU,Norsh Spa Aljada,DIRECT,"hair_salon, nail_salon, spa",beauty_salon,Beauty salon,"beauty_salon, hair_salon, nail_salon, hair_care, massage_spa, spa, massage, point_of_interest, service, establishment",Aljada - Muwaileh Commercial - Sharjah,25.3124906,55.474736199999995,4.5,289.0,OPERATIONAL,+971 54 217 1219,https://linktr.ee/NorshSpa,https://maps.google.com/?cid=8492077662420092042&g_mp=Cilnb29nbGUubWFwcy5wbGFjZXMudjEuUGxhY2VzLlNlYXJjaE5lYXJieRACGAQgAA,Monday: 10:00 AM – 10:00 PM | Tuesday: 10:00 AM – 10:00 PM | Wednesday: 10:00 AM – 10:00 PM | Thursday: 10:00 AM – 10:00 PM | Friday: 10:00 AM – 10:00 PM | Saturday: 10:00 AM – 10:00 PM | Sunday: 10:00 AM – 10:00 PM,Google Places API (New) Nearby Search,2026-09-02T15:22:51+00:00
ChIJc4CzqmBCXj4RQT4BHbkDdaU,Bellacure Nails,DIRECT,hair_salon,beauty_salon,Beauty salon,"beauty_salon, massage_spa, hair_salon, hair_care, massage, spa, coffee_shop, cafe, food_store, store, food, point_of_interest, service, establishment",Al Seef Village Mall - Level 1 - شارع الشيخ زايد بن سلطان - Al Muntazah - E48 - Abu Dhabi,24.435519,54.456039,4.3,287.0,OPERATIONAL,+971 2 642 4460,,https://maps.google.com/?cid=11922439682123710017&g_mp=Cilnb29nbGUubWFwcy5wbGFjZXMudjEuUGxhY2VzLlNlYXJjaE5lYXJieRACGAQgAA,Monday: 10:00 AM – 10:00 PM | Tuesday: 10:00 AM – 10:00 PM | Wednesday: 10:00 AM – 10:00 PM | Thursday: 10:00 AM – 10:00 PM | Friday: 10:00 AM – 10:00 PM | Saturday: 10:00 AM – 10:00 PM | Sunday: 10:00 AM – 10:00 PM,Google Places API (New) Nearby Search,2026-09-02T15:22:51+00:00
ChIJDauAueVFXj4R3Xmnuq3eL3M,Reed Beauty Lounge & Studio صالون وستوديو ريد,DIRECT,"hair_salon, nail_salon",beauty_salon,Beauty salon,"beauty_salon, makeup_artist, beautician, massage_spa, nail_salon, massage, hair_salon, hair_care, spa, medical_clinic, health, service, point_of_interest, establishment",Reed Women Beauty And Wellness Center - Al Rahah - RBW9 - Abu Dhabi,24.440606,54.5785753,4.7,285.0,OPERATIONAL,+971 2 445 8705,https://www.instagram.com/reedbeauty.ae/,https://maps.google.com/?cid=8300097476009359837&g_mp=Cilnb29nbGUubWFwcy5wbGFjZXMudjEuUGxhY2VzLlNlYXJjaE5lYXJieRACGAQgAA,Monday: 10:00 AM – 10:00 PM | Tuesday: 10:00 AM – 10:00 PM | Wednesday: 10:00 AM – 10:00 PM | Thursday: 10:00 AM – 10:00 PM | Friday: 10:00 AM – 10:00 PM | Saturday: 10:00 AM – 10:00 PM | Sunday: 10:00 AM – 10:00 PM,Google Places API (New) Nearby Search,2026-09-02T15:22:51+00:00
ChIJ4wIIjUBqXz4RMpLJ4g4MDKk,The Nail Spa - Jumeirah Road,DIRECT,nail_salon,nail_salon,Nail salon,"nail_salon, beauty_salon, point_of_interest, service, establishment",729 Jumeira St - Umm Suqeim Second - Umm Suqeim 2 - Dubai,25.1535883,55.202692799999994,4.7,281.0,OPERATIONAL,+971 600 544001,https://www.thenailspa.com/,https://maps.google.com/?cid=12181124350204285490&g_mp=Cilnb29nbGUubWFwcy5wbGFjZXMudjEuUGxhY2VzLlNlYXJjaE5lYXJieRACGAQgAA,Monday: 9:00 AM – 9:00 PM | Tuesday: 9:00 AM – 9:00 PM | Wednesday: 9:00 AM – 9:00 PM | Thursday: 9:00 AM – 9:00 PM | Friday: 9:00 AM – 9:00 PM | Saturday: 9:00 AM – 9:00 PM | Sunday: 9:00 AM – 9:00 PM,Google Places API (New) Nearby Search,2026-09-02T15:22:51+00:00
ChIJo4M7ff5HXj4RozyClVf8rfk,Biyo Beauty Spa - Forsan Central Mall,DIRECT,nail_salon,beauty_salon,Beauty salon,"beauty_salon, nail_salon, massage_spa, massage, spa, point_of_interest, service, establishment",Forsan Central Mall - Khalifa City - SW4 - Abu Dhabi,24.410541400000003,54.564926,4.8,279.0,OPERATIONAL,+971 2 667 4377,https://biyospa.ae/,https://maps.google.com/?cid=17991313539515694243&g_mp=Cilnb29nbGUubWFwcy5wbGFjZXMudjEuUGxhY2VzLlNlYXJjaE5lYXJieRACGAQgAA,Monday: 10:00 AM – 10:00 PM | Tuesday: 10:00 AM – 10:00 PM | Wednesday: 10:00 AM – 10:00 PM | Thursday: 10:00 AM – 10:00 PM | Friday: 10:00 AM – 10:00 PM | Saturday: 10:00 AM – 10:00 PM | Sunday: 10:00 AM – 10:00 PM,Google Places API (New) Nearby Search,2026-09-02T15:22:51+00:00
ChIJPd_il09CXz4RNCGy4Mah_Mo,Zieda Beauty Lounge,DIRECT,"beauty_salon, hair_salon",beauty_salon,Beauty salon,"beauty_salon, hair_salon, hair_care, point_of_interest, service, establishment",Villa 7 شارع شاطئ جميرة - Jumeira First - Jumeirah 1 - Dubai,25.223615199999998,55.256664099999995,4.5,279.0,OPERATIONAL,+971 54 247 0730,https://ziedabeautylounge.com/,https://maps.google.com/?cid=14626743565337895220&g_mp=Cilnb29nbGUubWFwcy5wbGFjZXMudjEuUGxhY2VzLlNlYXJjaE5lYXJieRACGAQgAA,Monday: 10:00 AM – 10:00 PM | Tuesday: 10:00 AM – 10:00 PM | Wednesday: 10:00 AM – 10:00 PM | Thursday: 10:00 AM – 10:00 PM | Friday: 10:00 AM – 10:00 PM | Saturday: 10:00 AM – 10:00 PM | Sunday: 10:00 AM – 10:00 PM,Google Places API (New) Nearby Search,2026-09-02T15:22:51+00:00
ChIJ2T14RgBHXj4RPToXjtytLp4,Private villa gents salon,DIRECT,hair_salon,hair_salon,Hair salon,"hair_salon, barber_shop, hair_care, health, service, point_of_interest, establishment",أبو ظبي ، خلفة أ - بالقرب من مخابز السلطان - Khalifa City - SW6 - Abu Dhabi,24.4003734,54.569940599999995,4.8,278.0,OPERATIONAL,+971 56 543 6805,,https://maps.google.com/?cid=11398238869709601341&g_mp=Cilnb29nbGUubWFwcy5wbGFjZXMudjEuUGxhY2VzLlNlYXJjaE5lYXJieRACGAQgAA,Monday: 10:00 AM – 12:00 AM | Tuesday: 10:00 AM – 12:00 AM | Wednesday: 10:00 AM – 12:00 AM | Thursday: 10:00 AM – 12:00 AM | Friday: 10:00 AM – 12:00 AM | Saturday: 10:00 AM – 12:00 AM | Sunday: 10:00 AM – 12:00 AM,Google Places API (New) Nearby Search,2026-09-02T15:22:51+00:00
ChIJDfWiCfltXz4Rusomg1MTsa4,Nails LAB Salon (JLT Branch),DIRECT,beauty_salon,beauty_salon,Beauty salon,"beauty_salon, point_of_interest, service, establishment",Fortune Tower - Al Thanyah Fifth - Jumeirah Lakes Towers - Dubai,25.068988599999997,55.1387424,4.8,277.0,OPERATIONAL,+971 55 719 6902,https://www.thenailslab.com/,https://maps.google.com/?cid=12587863682880817850&g_mp=Cilnb29nbGUubWFwcy5wbGFjZXMudjEuUGxhY2VzLlNlYXJjaE5lYXJieRACGAQgAA,Monday: 10:00 AM – 10:00 PM | Tuesday: 10:00 AM – 10:00 PM | Wednesday: 10:00 AM – 10:00 PM | Thursday: 10:00 AM – 10:00 PM | Friday: 10:00 AM – 10:00 PM | Saturday: 10:00 AM – 10:00 PM | Sunday: 10:00 AM – 10:00 PM,Google Places API (New) Nearby Search,2026-09-02T15:22:51+00:00
ChIJv066Aa1LXj4RLnzJJT43tGQ,Tips And Toes Falah 5,DIRECT,beauty_salon,beauty_salon,Beauty salon,"beauty_salon, point_of_interest, service, establishment",Al Falah Drive Street village Center 5 - الفلاح - 1E - أبو ظبي,24.434797099999997,54.732438099999996,4.3,277.0,OPERATIONAL,+971 2 562 1354,http://tipsandtoes.com/,https://maps.google.com/?cid=7256485639662173230&g_mp=Cilnb29nbGUubWFwcy5wbGFjZXMudjEuUGxhY2VzLlNlYXJjaE5lYXJieRACGAQgAA,Monday: 11:00 AM – 9:00 PM | Tuesday: 11:00 AM – 9:00 PM | Wednesday: 11:00 AM – 9:00 PM | Thursday: 11:00 AM – 9:00 PM | Friday: 11:00 AM – 9:00 PM | Saturday: 11:00 AM – 9:00 PM | Sunday: 11:00 AM – 9:00 PM,Google Places API (New) Nearby Search,2026-09-02T15:22:51+00:00
ChIJq9T5Z_xtXz4Rbq5zSDUkCSI,Saphire Dent Clinic Dubai | عيادة سفير دنت لطب الأسنان,DIRECT,beauty_salon,dental_clinic,Dental clinic,"dental_clinic, skin_care_clinic, hair_care, beauty_salon, doctor, medical_clinic, health, point_of_interest, service, establishment",Jumeira St - Jumeira First - Jumeirah 1 - Dubai,25.2257763,55.2590812,4.6,276.0,OPERATIONAL,,https://saphiredentdubai.com/,https://maps.google.com/?cid=2452531283347353198&g_mp=Cilnb29nbGUubWFwcy5wbGFjZXMudjEuUGxhY2VzLlNlYXJjaE5lYXJieRACGAQgAA,Monday: 10:00 AM – 10:00 PM | Tuesday: 10:00 AM – 10:00 PM | Wednesday: 10:00 AM – 10:00 PM | Thursday: 10:00 AM – 10:00 PM | Friday: 10:00 AM – 10:00 PM | Saturday: 10:00 AM – 10:00 PM | Sunday: 10:00 AM – 10:00 PM,Google Places API (New) Nearby Search,2026-09-02T15:22:51+00:00
ChIJY59gK9VpXj4ROCwYdCtZdb0,Bride of Sham Ladies Salon (صالون عروس الشام) - Highly recommended ladies salon at Muroor Road in Abu Dhabi,DIRECT,"hair_salon, nail_salon",beauty_salon,Beauty salon,"beauty_salon, nail_salon, makeup_artist, hair_salon, hair_care, spa, clothing_store, store, point_of_interest, service, establishment",4 Sultan Bin Zayed The First St - Al Sa`Adah - Zone 1 - Abu Dhabi,24.4346598,54.431599,4.7,275.0,OPERATIONAL,+971 54 449 2827,https://brideofshamsalon.ae/,https://maps.google.com/?cid=13651915888609733688&g_mp=Cilnb29nbGUubWFwcy5wbGFjZXMudjEuUGxhY2VzLlNlYXJjaE5lYXJieRACGAQgAA,Monday: 10:00 AM – 9:00 PM | Tuesday: 10:00 AM – 9:00 PM | Wednesday: 10:00 AM – 9:00 PM | Thursday: 10:00 AM – 9:00 PM | Friday: 2:00 – 9:00 PM | Saturday: 10:00 AM – 9:00 PM | Sunday: 10:00 AM – 9:00 PM,Google Places API (New) Nearby Search,2026-09-02T15:22:51+00:00
ChIJjX27NHNnXz4R5v3XFitDGFM,HEADZUP GENTS SALON (DSO),DIRECT,"hair_salon, nail_salon",barber_shop,Barber shop,"barber_shop, hair_salon, nail_salon, beauty_salon, hair_care, spa, point_of_interest, health, service, establishment",Binghatti Views - Nadd Hessa - Dubai Silicon Oasis - Dubai,25.1228534,55.3761454,4.6,275.0,OPERATIONAL,+971 50 443 7868,https://instagram.com/headzupsalon_?utm_source=ig_profile_share&igshid=iorwcmqudc3f,https://maps.google.com/?cid=5987609556934983142&g_mp=Cilnb29nbGUubWFwcy5wbGFjZXMudjEuUGxhY2VzLlNlYXJjaE5lYXJieRACGAQgAA,Monday: 10:00 AM – 12:00 AM | Tuesday: 10:00 AM – 12:00 AM | Wednesday: 10:00 AM – 12:00 AM | Thursday: 10:00 AM – 12:00 AM | Friday: 10:00 AM – 12:00 AM | Saturday: 10:00 AM – 12:00 AM | Sunday: 10:00 AM – 12:00 AM,Google Places API (New) Nearby Search,2026-09-02T15:22:51+00:00
ChIJT6HWvGA3Xj4Rmf8dQzGbtGY,Deem Beauty Lounge,DIRECT,beauty_salon,beauty_salon,Beauty salon,"beauty_salon, point_of_interest, service, establishment",Abu Dhabi - Shakhbout City - MSH7 - Abu Dhabi,24.3555395,54.6126742,4.2,273.0,OPERATIONAL,+971 2 582 3866,,https://maps.google.com/?cid=7400710723558309785&g_mp=Cilnb29nbGUubWFwcy5wbGFjZXMudjEuUGxhY2VzLlNlYXJjaE5lYXJieRACGAQgAA,Monday: 10:00 AM – 9:00 PM | Tuesday: 10:00 AM – 9:00 PM | Wednesday: 10:00 AM – 9:00 PM | Thursday: 10:00 AM – 9:00 PM | Friday: 10:00 AM – 9:00 PM | Saturday: 10:00 AM – 9:00 PM | Sunday: 10:00 AM – 9:00 PM,Google Places API (New) Nearby Search,2026-09-02T15:22:51+00:00
ChIJTQLaGGwxXj4RtC5iJ9F4WH4,Dana Al Yawazi Women Beauty Center LLC SPC,DIRECT,"beauty_salon, hair_salon, nail_salon, spa",beauty_salon,Beauty salon,"beauty_salon, nail_salon, massage_spa, hair_salon, hair_care, massage, spa, point_of_interest, service, establishment",6 Bani Yas St - Bani Yas - EB9 - Abu Dhabi,24.282951200000003,54.646854399999995,4.8,272.0,OPERATIONAL,+971 50 403 6016,https://salonaty.com/salon/Danaalyawazi,https://maps.google.com/?cid=9104159486433701556&g_mp=Cilnb29nbGUubWFwcy5wbGFjZXMudjEuUGxhY2VzLlNlYXJjaE5lYXJieRACGAQgAA,Monday: 11:00 AM – 10:00 PM | Tuesday: 11:00 AM – 10:00 PM | Wednesday: 11:00 AM – 10:00 PM | Thursday: 11:00 AM – 10:00 PM | Friday: 11:00 AM – 10:00 PM | Saturday: 11:00 AM – 10:00 PM | Sunday: 11:00 AM – 10:00 PM,Google Places API (New) Nearby Search,2026-09-02T15:22:51+00:00
ChIJ-wp_nklhXz4ROIsEvxv9B7I,Levant Gents Saloon,DIRECT,"hair_salon, nail_salon",beauty_salon,Beauty salon,"beauty_salon, foot_care, hair_salon, nail_salon, hair_care, massage_spa, spa, massage, point_of_interest, health, service, establishment","Shop 18, CBD-29 - Al Dana Center Building - 42 A Street - Warsan First - Dubai International City - Dubai",25.167909899999998,55.4094473,4.8,272.0,OPERATIONAL,+971 58 529 0018,https://www.facebook.com/LEVANTGENTSSALOON/,https://maps.google.com/?cid=12828500359198837560&g_mp=Cilnb29nbGUubWFwcy5wbGFjZXMudjEuUGxhY2VzLlNlYXJjaE5lYXJieRACGAQgAA,Monday: 10:00 AM – 11:30 PM | Tuesday: 10:00 AM – 11:30 PM | Wednesday: 10:00 AM – 11:30 PM | Thursday: 10:00 AM – 11:30 PM | Friday: 10:00 AM – 11:30 PM | Saturday: 10:00 AM – 11:30 PM | Sunday: 10:00 AM – 11:30 PM,Google Places API (New) Nearby Search,2026-09-02T15:22:51+00:00
ChIJzYRGHGxfXz4RvTgt5jyI_0I,Al Majarah Al Zarqa Ladies Salon,DIRECT,"nail_salon, spa",beauty_salon,Beauty salon,"beauty_salon, skin_care_clinic, makeup_artist, massage_spa, nail_salon, massage, hair_care, spa, body_art_service, medical_clinic, health, service, point_of_interest, establishment",Muwaileh Commercial - Industrial Area - Sharjah,25.3035419,55.4459932,4.9,271.0,OPERATIONAL,+971 55 832 3686,http://www.almazarqals.com/,https://maps.google.com/?cid=4827727120705599677&g_mp=Cilnb29nbGUubWFwcy5wbGFjZXMudjEuUGxhY2VzLlNlYXJjaE5lYXJieRACGAQgAA,Monday: 10:00 AM – 11:00 PM | Tuesday: 10:00 AM – 11:00 PM | Wednesday: 10:00 AM – 11:00 PM | Thursday: 10:00 AM – 11:00 PM | Friday: 10:00 AM – 11:00 PM | Saturday: 10:00 AM – 11:00 PM | Sunday: 10:00 AM – 11:00 PM,Google Places API (New) Nearby Search,2026-09-02T15:22:51+00:00
ChIJ6wqSJytfXz4RIsuiHeaU9CE,Al Kadi Beauty (Salon & Spa),DIRECT,"hair_salon, nail_salon",beauty_salon,Beauty salon,"beauty_salon, hair_salon, nail_salon, hair_care, massage_spa, spa, massage, point_of_interest, service, establishment",Doha Building - Shop 2 Street no 3 - near Samaa Al Khaleej - Muwaileh Commercial - Industrial Area - Sharjah,25.309887600000003,55.454418,4.7,270.0,OPERATIONAL,+971 55 923 1713,https://www.salonalkadi.com/,https://maps.google.com/?cid=2446744213629618978&g_mp=Cilnb29nbGUubWFwcy5wbGFjZXMudjEuUGxhY2VzLlNlYXJjaE5lYXJieRACGAQgAA,Monday: 10:00 AM – 10:00 PM | Tuesday: 10:00 AM – 10:00 PM | Wednesday: 10:00 AM – 10:00 PM | Thursday: 10:00 AM – 10:00 PM | Friday: 2:00 – 10:00 PM | Saturday: 10:00 AM – 10:00 PM | Sunday: 10:00 AM – 10:00 PM,Google Places API (New) Nearby Search,2026-09-02T15:22:51+00:00
ChIJNUWVaoM3Xj4RHWdV5LZ8nYM,Arous al Sahara Saloon,DIRECT,beauty_salon,beauty_salon,Beauty salon,"beauty_salon, point_of_interest, service, establishment",Street 5 - near suroor kg school - Bani Yas - Baniyas East - Abu Dhabi,24.3164573,54.647805,4.2,270.0,OPERATIONAL,+971 2 586 4773,,https://maps.google.com/?cid=9483873515268826909&g_mp=Cilnb29nbGUubWFwcy5wbGFjZXMudjEuUGxhY2VzLlNlYXJjaE5lYXJieRACGAQgAA,Monday: 10:00 AM – 9:00 PM | Tuesday: 10:00 AM – 9:00 PM | Wednesday: 10:00 AM – 9:00 PM | Thursday: 10:00 AM – 9:00 PM | Friday: 11:00 AM – 9:00 PM | Saturday: 10:00 AM – 9:00 PM | Sunday: 10:00 AM – 9:00 PM,Google Places API (New) Nearby Search,2026-09-02T15:22:51+00:00
ChIJEXK3w8dhXz4RghAxv2yBUQY,Beyond Skin Clinic,DIRECT,"beauty_salon, spa",skin_care_clinic,Skin care clinic,"skin_care_clinic, massage_spa, hair_care, massage, spa, beauty_salon, medical_clinic, health, point_of_interest, service, establishment",Mirdif Avenue Mall - Second floor - Mirdif - Dubai,25.2327738,55.432139600000006,4.6,269.0,OPERATIONAL,+971 4 338 7783,https://www.instagram.com/dr.afaq.beyond?igsh=MXJtajJlbzhnZTF4Zg==,https://maps.google.com/?cid=455287341405245570&g_mp=Cilnb29nbGUubWFwcy5wbGFjZXMudjEuUGxhY2VzLlNlYXJjaE5lYXJieRACGAQgAA,Monday: 9:00 AM – 5:00 PM | Tuesday: 10:00 AM – 8:00 PM | Wednesday: 12:00 – 9:00 PM | Thursday: 10:00 AM – 8:00 PM | Friday: 10:00 AM – 8:00 PM | Saturday: Closed | Sunday: 10:00 AM – 8:00 PM,Google Places API (New) Nearby Search,2026-09-02T15:22:51+00:00
ChIJxQl97JtFXj4RL1rtIkBcCZM,Golden Desert SPA for Men,DIRECT,"beauty_salon, hair_salon, nail_salon, spa",spa,Spa,"spa, massage_spa, nail_salon, massage, hair_salon, hair_care, beauty_salon, service, point_of_interest, establishment","Etihad Plaza, Mezzanine Floor, Tower C - Etihad Plaza - 372 Al Mireef St - Khalifa City - SE45 - Abu Dhabi",24.443271,54.608428399999994,4.1,268.0,OPERATIONAL,+971 2 556 7673,https://www.fresha.com/book-now/golden-dessert-spa-for-men-c845irgn/all-offer?id=1240106&pId=1176931,https://maps.google.com/?cid=10595101028899445295&g_mp=Cilnb29nbGUubWFwcy5wbGFjZXMudjEuUGxhY2VzLlNlYXJjaE5lYXJieRACGAQgAA,Monday: 11:00 AM – 10:00 PM | Tuesday: 11:00 AM – 10:00 PM | Wednesday: 11:00 AM – 10:00 PM | Thursday: 11:00 AM – 10:00 PM | Friday: 2:00 – 10:00 PM | Saturday: 11:00 AM – 10:00 PM | Sunday: 11:00 AM – 10:00 PM,Google Places API (New) Nearby Search,2026-09-02T15:22:51+00:00
ChIJ_626N8VX9D4ROcPvrMlaQ2c,Synergy Healing Centre,DIRECT,"beauty_salon, nail_salon, spa",spa,Spa,"nail_salon, massage_spa, wellness_center, massage, spa, cafe, beauty_salon, medical_clinic, health, food, point_of_interest, service, establishment","Villa 216, Al Faseel Road - Villa 216 Al Faseel Rd(E99) - Al Sharia - الفصيل - الفجيرة",25.1564127,56.3503822,4.4,267.0,OPERATIONAL,+971 9 222 2778,https://synergyhealingcentre.ae/,https://maps.google.com/?cid=7440890831582511929&g_mp=Cilnb29nbGUubWFwcy5wbGFjZXMudjEuUGxhY2VzLlNlYXJjaE5lYXJieRACGAQgAA,Monday: 10:00 AM – 10:00 PM | Tuesday: 10:00 AM – 10:00 PM | Wednesday: 10:00 AM – 10:00 PM | Thursday: 10:00 AM – 10:00 PM | Friday: 10:00 AM – 10:00 PM | Saturday: 10:00 AM – 10:00 PM | Sunday: 10:00 AM – 10:00 PM,Google Places API (New) Nearby Search,2026-09-02T15:22:51+00:00
ChIJBV8FjRZZXz4RmqXXsT4z61o,Qatr Al Nada Ladies Beauty Saloon,DIRECT,"hair_salon, nail_salon",beauty_salon,Beauty salon,"beauty_salon, nail_salon, hair_salon, hair_care, spa, point_of_interest, service, establishment",Al Abar - Halwan - Sharjah,25.3451164,55.4317681,4.1,265.0,OPERATIONAL,+971 6 566 9522,,https://maps.google.com/?cid=6551386427305207194&g_mp=Cilnb29nbGUubWFwcy5wbGFjZXMudjEuUGxhY2VzLlNlYXJjaE5lYXJieRACGAQgAA,Monday: 10:00 AM – 10:00 PM | Tuesday: 10:00 AM – 10:00 PM | Wednesday: 10:00 AM – 10:00 PM | Thursday: 10:00 AM – 10:00 PM | Friday: 10:00 AM – 10:00 PM | Saturday: 10:00 AM – 10:00 PM | Sunday: 10:00 AM – 10:00 PM,Google Places API (New) Nearby Search,2026-09-02T15:22:51+00:00
ChIJuWItKrRmXz4Rv5r4d0Bt0l0,Ranis Beauty Saloon,DIRECT,beauty_salon,beauty_salon,Beauty salon,"beauty_salon, point_of_interest, service, establishment",Dubai - Warsan First - Dubai International City - Dubai,25.164401299999998,55.3973626,4.1,265.0,OPERATIONAL,+971 55 607 5384,,https://maps.google.com/?cid=6760586114294651583&g_mp=Cilnb29nbGUubWFwcy5wbGFjZXMudjEuUGxhY2VzLlNlYXJjaE5lYXJieRACGAQgAA,Monday: 9:30 AM – 9:30 PM | Tuesday: Closed | Wednesday: Open 24 hours | Thursday: 9:30 AM – 9:30 PM | Friday: 9:30 AM – 9:30 PM | Saturday: 9:30 AM – 9:30 PM | Sunday: 9:30 AM – 9:30 PM,Google Places API (New) Nearby Search,2026-09-02T15:22:51+00:00
ChIJ6TGi-F5BXj4RcXAbEUohchw,Your Dental and Medical Centre Rabdan - يور دينتال اند ميديكال سنتر ربدان,DIRECT,beauty_salon,medical_center,Medical Center,"medical_center, dental_clinic, dentist, beauty_salon, hospital, medical_clinic, hair_care, doctor, point_of_interest, health, service, establishment",Khalfan Matar Saeed Al Rumaithi St - Rabdan - RB3 - Abu Dhabi,24.4089706,54.5027094,4.7,265.0,OPERATIONAL,+971 2 666 4512,https://ydmc.ae/,https://maps.google.com/?cid=2049737382405304433&g_mp=Cilnb29nbGUubWFwcy5wbGFjZXMudjEuUGxhY2VzLlNlYXJjaE5lYXJieRACGAQgAA,Monday: 10:00 AM – 10:00 PM | Tuesday: 10:00 AM – 10:00 PM | Wednesday: 10:00 AM – 10:00 PM | Thursday: 10:00 AM – 10:00 PM | Friday: 10:00 AM – 10:00 PM | Saturday: Closed | Sunday: 10:00 AM – 10:00 PM,Google Places API (New) Nearby Search,2026-09-02T15:22:51+00:00
ChIJ18eUxGdZXz4RVWnvBfjJAzI,Nazih Beauty | Al Qasmia St | Sharjah,DIRECT,"hair_salon, nail_salon",store,Store,"cosmetics_store, nail_salon, hair_salon, hair_care, beauty_salon, supplier, wholesaler, store, point_of_interest, service, establishment",University City Rd - شيخ خالد بن صقر القسيمي - الصناعيات - المنطقة الصناعية - الشارقة,25.338708,55.413145,4.2,264.0,OPERATIONAL,+971 6 533 6121,https://nazih.ae/,https://maps.google.com/?cid=3603946193915177301&g_mp=Cilnb29nbGUubWFwcy5wbGFjZXMudjEuUGxhY2VzLlNlYXJjaE5lYXJieRACGAQgAA,Monday: 9:00 AM – 10:00 PM | Tuesday: 9:00 AM – 10:00 PM | Wednesday: 9:00 AM – 10:00 PM | Thursday: 9:00 AM – 10:00 PM | Friday: 9:00 AM – 11:00 PM | Saturday: 9:00 AM – 11:00 PM | Sunday: 9:00 AM – 10:00 PM,Google Places API (New) Nearby Search,2026-09-02T15:22:51+00:00
ChIJYYU_KS1DXz4RdcjCg_AwXeE,"Matryoshka Russian Beauty Salon – Nails, Lashes & Brows - DIFC, Dubai",DIRECT,"beauty_salon, hair_salon, nail_salon",beauty_salon,Beauty salon,"beauty_salon, nail_salon, hair_salon, hair_care, point_of_interest, service, establishment",Carlton Downtown Hotel - M Floor - Sheikh Zayed Rd - Trade Center Second - DIFC - Dubai,25.2093371,55.2748061,4.6,263.0,OPERATIONAL,+971 58 554 9788,https://matryoshkasalon.ae/?utm_source=gbp,https://maps.google.com/?cid=16239189640928741493&g_mp=Cilnb29nbGUubWFwcy5wbGFjZXMudjEuUGxhY2VzLlNlYXJjaE5lYXJieRACGAQgAA,Monday: 10:00 AM – 9:00 PM | Tuesday: 10:00 AM – 9:00 PM | Wednesday: 10:00 AM – 9:00 PM | Thursday: 10:00 AM – 9:00 PM | Friday: 10:00 AM – 9:00 PM | Saturday: 10:00 AM – 9:00 PM | Sunday: 10:00 AM – 9:00 PM,Google Places API (New) Nearby Search,2026-09-02T15:22:51+00:00
ChIJlx4c34NfXz4RNWeXsP1TyJk,The white spot,DIRECT,beauty_salon,beauty_salon,Beauty salon,"beauty_salon, point_of_interest, service, establishment",Unnamed Road - 8F44+56C - تجارية مويلح - المنطقة الصناعية - إمارة الشارقةّ,25.3054345,55.4555015,4.2,262.0,OPERATIONAL,+971 6 767 7750,,https://maps.google.com/?cid=11081199232199649077&g_mp=Cilnb29nbGUubWFwcy5wbGFjZXMudjEuUGxhY2VzLlNlYXJjaE5lYXJieRACGAQgAA,Monday: 11:00 AM – 10:00 PM | Tuesday: 11:00 AM – 10:00 PM | Wednesday: 11:00 AM – 10:00 PM | Thursday: 11:00 AM – 10:00 PM | Friday: 11:00 AM – 10:00 PM | Saturday: 11:00 AM – 10:00 PM | Sunday: 11:00 AM – 10:00 PM,Google Places API (New) Nearby Search,2026-09-02T15:22:51+00:00
ChIJd1MjLz1fXz4RjRjnzrOqlkg,Walili ladies saloon - صالون وليلي للسيدات / مويلح,DIRECT,beauty_salon,beauty_salon,Beauty salon,"beauty_salon, point_of_interest, service, establishment",University City Rd - Muwaileh Commercial - Industrial Area - Sharjah,25.309946999999998,55.458797999999994,3.9,261.0,OPERATIONAL,+971 6 539 3555,,https://maps.google.com/?cid=5230555706484529293&g_mp=Cilnb29nbGUubWFwcy5wbGFjZXMudjEuUGxhY2VzLlNlYXJjaE5lYXJieRACGAQgAA,Monday: 10:30 AM – 10:00 PM | Tuesday: 10:30 AM – 10:00 PM | Wednesday: 10:30 AM – 10:00 PM | Thursday: 10:30 AM – 10:00 PM | Friday: 11:00 AM – 10:00 PM | Saturday: 10:30 AM – 10:00 PM | Sunday: 10:30 AM – 10:00 PM,Google Places API (New) Nearby Search,2026-09-02T15:22:51+00:00
ChIJGVsHtbNtXz4RrOYLqo7Jcuc,Gladys Beauty Saloon- Jumeriah Village Triangle,DIRECT,nail_salon,beauty_salon,Beauty salon,"beauty_salon, nail_salon, hair_salon, hair_care, point_of_interest, service, establishment",Imperial Residence - Shop Number 26 - Al Barsha South Fifth - Jumeirah Village Triangle - Dubai,25.047579,55.195712,4.5,258.0,OPERATIONAL,+971 4 552 6277,http://www.gladyssaloon.com/,https://maps.google.com/?cid=16677613984681813676&g_mp=Cilnb29nbGUubWFwcy5wbGFjZXMudjEuUGxhY2VzLlNlYXJjaE5lYXJieRACGAQgAA,Monday: 10:00 AM – 9:00 PM | Tuesday: 10:00 AM – 9:00 PM | Wednesday: 10:00 AM – 9:00 PM | Thursday: 10:00 AM – 9:00 PM | Friday: 10:00 AM – 9:00 PM | Saturday: 10:00 AM – 9:00 PM | Sunday: 10:00 AM – 9:00 PM,Google Places API (New) Nearby Search,2026-09-02T15:22:51+00:00
ChIJoV3tjb5FXj4RPTMhunNNho0,AL SAFY OASIS BEAUTY SALON,DIRECT,"beauty_salon, hair_salon, nail_salon",beauty_salon,Beauty salon,"beauty_salon, nail_salon, massage, hair_salon, hair_care, service, point_of_interest, establishment",CHXW+C3R Entrance from the marina side - Retail number 5 - Al Rahah - Al Seef - Abu Dhabi,24.448701099999997,54.5949915,4.8,256.0,OPERATIONAL,+971 50 699 7957,https://www.alsafyoasis.ae/,https://maps.google.com/?cid=10197923565666382653&g_mp=Cilnb29nbGUubWFwcy5wbGFjZXMudjEuUGxhY2VzLlNlYXJjaE5lYXJieRACGAQgAA,Monday: Closed | Tuesday: 10:00 AM – 8:00 PM | Wednesday: 10:00 AM – 8:00 PM | Thursday: 10:00 AM – 8:00 PM | Friday: 10:00 AM – 8:00 PM | Saturday: 10:00 AM – 8:00 PM | Sunday: 10:00 AM – 8:00 PM,Google Places API (New) Nearby Search,2026-09-02T15:22:51+00:00
ChIJMzPF6ZZtXz4Rx0s_zlZyioE,MUKTA BEAUTY SALON ( AL FURJAN),DIRECT,"hair_salon, nail_salon",beauty_salon,Beauty salon,"beauty_salon, nail_salon, makeup_artist, massage_spa, hair_salon, hair_care, massage, spa, beautician, body_art_service, point_of_interest, service, establishment","Al Furjan, Azizi Star Building, Shop No.12 - جبل علي الأولى - دبي",25.024413199999998,55.1392016,4.8,254.0,OPERATIONAL,+971 56 830 5252,http://www.muktasaloons.com/,https://maps.google.com/?cid=9334398894831782855&g_mp=Cilnb29nbGUubWFwcy5wbGFjZXMudjEuUGxhY2VzLlNlYXJjaE5lYXJieRACGAQgAA,Monday: 9:00 AM – 9:30 PM | Tuesday: 9:00 AM – 9:30 PM | Wednesday: 9:00 AM – 9:30 PM | Thursday: 9:00 AM – 9:30 PM | Friday: 9:00 AM – 9:30 PM | Saturday: 9:00 AM – 9:30 PM | Sunday: 9:00 AM – 9:30 PM,Google Places API (New) Nearby Search,2026-09-02T15:22:51+00:00
ChIJLXJNyeatij4RT2-2Q09JYw4,Oriental Beauty Lounge - Al Ain City,DIRECT,"beauty_salon, hair_salon, spa",beauty_salon,Beauty salon,"beauty_salon, hair_salon, fitness_center, massage_spa, spa, hair_care, massage, gym, sports_activity_location, service, health, point_of_interest, establishment",Hamdan Bin Mohammad St - Al Bateen - Area Al Ain City - Abu Dhabi,24.221936,55.6504443,4.5,254.0,OPERATIONAL,+971 3 783 5553,https://orientalbeautylounge.ae/,https://maps.google.com/?cid=1036752944012619599&g_mp=Cilnb29nbGUubWFwcy5wbGFjZXMudjEuUGxhY2VzLlNlYXJjaE5lYXJieRACGAQgAA,Monday: 10:00 AM – 10:00 PM | Tuesday: 10:00 AM – 10:00 PM | Wednesday: 10:00 AM – 10:00 PM | Thursday: 10:00 AM – 10:00 PM | Friday: 10:00 AM – 10:00 PM | Saturday: 10:00 AM – 10:00 PM | Sunday: 10:00 AM – 10:00 PM,Google Places API (New) Nearby Search,2026-09-02T15:22:51+00:00
ChIJXy21KDxHXj4RIdV7o7AKBeU,La Riche Spa Lounge,DIRECT,"beauty_salon, hair_salon, nail_salon, spa",beauty_salon,Beauty salon,"beauty_salon, nail_salon, makeup_artist, massage_spa, hair_salon, hair_care, massage, spa, public_bath, point_of_interest, service, establishment",75 شارع الرَاقِي - Mohamed Bin Zayed City - Z1 - Abu Dhabi,24.3658128,54.540323699999995,3.9,253.0,OPERATIONAL,+971 2 559 5966,https://www.larichespa.com/,https://maps.google.com/?cid=16502608163342374177&g_mp=Cilnb29nbGUubWFwcy5wbGFjZXMudjEuUGxhY2VzLlNlYXJjaE5lYXJieRACGAQgAA,Monday: 10:00 AM – 10:00 PM | Tuesday: 10:00 AM – 10:00 PM | Wednesday: 10:00 AM – 10:00 PM | Thursday: 10:00 AM – 10:00 PM | Friday: 10:00 AM – 10:00 PM | Saturday: 10:00 AM – 10:00 PM | Sunday: 10:00 AM – 10:00 PM,Google Places API (New) Nearby Search,2026-09-02T15:22:51+00:00
ChIJ7cKAoCJbXz4RM7OcXrDCz78,Legacy Gents Salon,DIRECT,nail_salon,barber_shop,Barber shop,"barber_shop, nail_salon, hair_salon, massage_spa, beauty_salon, spa, hair_care, massage, service, health, point_of_interest, establishment",park - Jamal Abdul Naser St - behind Al Majaz - Al Majaz 2 - Al Majaz - Sharjah,25.322564999999997,55.3878134,4.8,251.0,OPERATIONAL,+971 52 261 7049,https://online.sterve.shop/?business=1137,https://maps.google.com/?cid=13821479844180702003&g_mp=Cilnb29nbGUubWFwcy5wbGFjZXMudjEuUGxhY2VzLlNlYXJjaE5lYXJieRACGAQgAA,Monday: 10:00 AM – 11:30 PM | Tuesday: 10:00 AM – 11:30 PM | Wednesday: 10:00 AM – 11:30 PM | Thursday: 10:00 AM – 11:30 PM | Friday: 12:30 – 11:30 PM | Saturday: 10:00 AM – 11:30 PM | Sunday: 10:00 AM – 11:30 PM,Google Places API (New) Nearby Search,2026-09-02T15:22:51+00:00
ChIJl7oJBYNFXj4Rpt8ufPOV9ik,صالون بيتس بونز للحيوانات الأليفة Petsponz Mobile Pet Grooming,DIRECT,hair_salon,pet_store,Pet store,"pet_store, hair_salon, hair_care, pet_care, beauty_salon, store, service, point_of_interest, establishment",22 Kunna Bint Saeed Al Humairi St - Khalifa City - Sector 33 - Abu Dhabi,24.4045964,54.5557498,4.9,251.0,OPERATIONAL,+971 56 664 6665,,https://maps.google.com/?cid=3023769072818904998&g_mp=Cilnb29nbGUubWFwcy5wbGFjZXMudjEuUGxhY2VzLlNlYXJjaE5lYXJieRACGAQgAA,Monday: 7:00 AM – 10:00 PM | Tuesday: 7:00 AM – 10:00 PM | Wednesday: 7:00 AM – 10:00 PM | Thursday: 7:00 AM – 10:00 PM | Friday: 7:00 AM – 10:00 PM | Saturday: 7:00 AM – 10:00 PM | Sunday: 7:00 AM – 10:00 PM,Google Places API (New) Nearby Search,2026-09-02T15:22:51+00:00
ChIJWUO80Z9PXj4ReoD9XBjFuPM,Awtar Beauty Center - Deerfields Mall,DIRECT,beauty_salon,beauty_salon,Beauty salon,"beauty_salon, service, point_of_interest, establishment",99 - Deerfields mall - Level 3 شارع الرُّبان - الباهية - الباهية القديمة - أبو ظبي,24.5234268,54.6708353,4.7,249.0,OPERATIONAL,+971 52 759 5414,,https://maps.google.com/?cid=17562003455361253498&g_mp=Cilnb29nbGUubWFwcy5wbGFjZXMudjEuUGxhY2VzLlNlYXJjaE5lYXJieRACGAQgAA,Monday: 10:00 AM – 3:00 AM | Tuesday: 10:00 AM – 3:00 AM | Wednesday: 10:00 AM – 3:00 AM | Thursday: 10:00 AM – 3:00 AM | Friday: 10:00 AM – 3:00 AM | Saturday: 10:00 AM – 3:00 AM | Sunday: 10:00 AM – 3:00 AM,Google Places API (New) Nearby Search,2026-09-02T15:22:51+00:00
ChIJkcOkHe1LXj4RoGvVx_GBerI,Freesia Beauty Center مركز فريسيا للتجميل,DIRECT,beauty_salon,beauty_salon,Beauty salon,"beauty_salon, point_of_interest, service, establishment",B2 - الفلاح - 1B - أبو ظبي,24.456683,54.7173142,4.3,249.0,OPERATIONAL,+971 2 585 5008,https://www.fresha.com/book-now/freesia-beauty-center-gwae4pu2/all-offer?pId=992684,https://maps.google.com/?cid=12860734561349626784&g_mp=Cilnb29nbGUubWFwcy5wbGFjZXMudjEuUGxhY2VzLlNlYXJjaE5lYXJieRACGAQgAA,Monday: Closed | Tuesday: 10:15 AM – 10:00 PM | Wednesday: 10:15 AM – 10:00 PM | Thursday: 10:15 AM – 10:00 PM | Friday: 10:15 AM – 10:00 PM | Saturday: 10:15 AM – 10:00 PM | Sunday: 10:15 AM – 10:00 PM,Google Places API (New) Nearby Search,2026-09-02T15:22:51+00:00
ChIJI_Ppl_JCXz4RyW7l5QTBQjs,House of Nails,DIRECT,"hair_salon, nail_salon",beauty_salon,Beauty salon,"beauty_salon, nail_salon, hair_salon, hair_care, point_of_interest, service, establishment",Fairmont Hotel - Sheikh Zayed Rd - Trade Center First - Dubai,25.2264135,55.2838977,4.6,248.0,OPERATIONAL,+971 56 215 4555,https://www.houseofnaildxb.com/,https://maps.google.com/?cid=4270187623481700041&g_mp=Cilnb29nbGUubWFwcy5wbGFjZXMudjEuUGxhY2VzLlNlYXJjaE5lYXJieRACGAQgAA,Monday: 10:00 AM – 2:00 AM | Tuesday: 10:00 AM – 2:00 AM | Wednesday: 10:00 AM – 2:00 AM | Thursday: 10:00 AM – 2:00 AM | Friday: 10:00 AM – 2:00 AM | Saturday: 10:00 AM – 2:00 AM | Sunday: 10:00 AM – 2:00 AM,Google Places API (New) Nearby Search,2026-09-02T15:22:51+00:00
ChIJ4yLyvpJlXz4R9mnI2Y4Podc,She style ladies salon,DIRECT,beauty_salon,beauty_salon,Beauty salon,"beauty_salon, point_of_interest, service, establishment",Silicon oasis Al Zarooni building - ند حصه - واحة دبي للسيليكون - دبي,25.1237301,55.3727795,4.5,247.0,OPERATIONAL,+971 50 715 0817,,https://maps.google.com/?cid=15537717295618484726&g_mp=Cilnb29nbGUubWFwcy5wbGFjZXMudjEuUGxhY2VzLlNlYXJjaE5lYXJieRACGAQgAA,Monday: Closed | Tuesday: 10:00 AM – 9:00 PM | Wednesday: 10:00 AM – 9:00 PM | Thursday: 10:00 AM – 9:00 PM | Friday: 10:00 AM – 9:00 PM | Saturday: 10:00 AM – 9:00 PM | Sunday: 10:00 AM – 9:00 PM,Google Places API (New) Nearby Search,2026-09-02T15:22:51+00:00
ChIJJd_Y08Kxij4R755rwM1pNxY,Brush and Blush Beauty Parlour Al Markhaniyyah,DIRECT,beauty_salon,beauty_salon,Beauty salon,"beauty_salon, service, point_of_interest, establishment",Shakhboot Bin Sultan St - Al Markhaniyyah - Mreifia - Abu Dhabi,24.2147546,55.673829399999995,4.5,242.0,OPERATIONAL,+971 3 761 1288,https://www.brushandblushbeautyparlour.com/,https://maps.google.com/?cid=1600864524970991343&g_mp=Cilnb29nbGUubWFwcy5wbGFjZXMudjEuUGxhY2VzLlNlYXJjaE5lYXJieRACGAQgAA,Monday: 10:00 AM – 10:00 PM | Tuesday: 10:00 AM – 10:00 PM | Wednesday: 10:00 AM – 10:00 PM | Thursday: 10:00 AM – 10:00 PM | Friday: 10:00 AM – 10:00 PM | Saturday: 10:00 AM – 10:00 PM | Sunday: 10:00 AM – 10:00 PM,Google Places API (New) Nearby Search,2026-09-02T15:22:51+00:00
ChIJLbmsUNVpXj4Rimbd3z_7Zkc,Ruby Salon - Sultan Bin Zayed Street Br 1 Abu Dhabi,DIRECT,hair_salon,beauty_salon,Beauty salon,"beauty_salon, barber_shop, cosmetics_store, hair_salon, hair_care, store, health, point_of_interest, service, establishment",Mana Bin Saeed Al Otaiba St - Al Sa`Adah - Zone 1 - Abu Dhabi,24.434188499999998,54.434275500000005,4.1,242.0,OPERATIONAL,+971 52 899 6018,,https://maps.google.com/?cid=5145075876074710666&g_mp=Cilnb29nbGUubWFwcy5wbGFjZXMudjEuUGxhY2VzLlNlYXJjaE5lYXJieRACGAQgAA,Monday: 8:00 AM – 11:00 PM | Tuesday: 8:00 AM – 11:00 PM | Wednesday: 8:00 AM – 11:00 PM | Thursday: 8:00 AM – 11:00 PM | Friday: 8:00 AM – 11:00 PM | Saturday: 8:00 AM – 11:00 PM | Sunday: 8:00 AM – 11:00 PM,Google Places API (New) Nearby Search,2026-09-02T15:22:51+00:00
ChIJrwz-6ktnXz4RThRfJCdAdsM,The Beauty Society,DIRECT,beauty_salon,beauty_salon,Beauty salon,"beauty_salon, point_of_interest, service, establishment",Avenue Mall - 1st Floor - 153 Dubai Al Ain St - Nad Al Sheba - Nadd Al Shiba Second - Dubai,25.144147,55.3472977,4.3,242.0,OPERATIONAL,+971 4 327 6848,https://www.fresha.com/book-now/the-beauty-society-am0znkmn/all-offer?pId=658901,https://maps.google.com/?cid=14084515421505918030&g_mp=Cilnb29nbGUubWFwcy5wbGFjZXMudjEuUGxhY2VzLlNlYXJjaE5lYXJieRACGAQgAA,Monday: 10:00 AM – 10:00 PM | Tuesday: 10:00 AM – 10:00 PM | Wednesday: 10:00 AM – 10:00 PM | Thursday: 10:00 AM – 10:00 PM | Friday: 10:00 AM – 10:00 PM | Saturday: 10:00 AM – 10:00 PM | Sunday: 10:00 AM – 10:00 PM,Google Places API (New) Nearby Search,2026-09-02T15:22:51+00:00
ChIJX6mpNQBX9D4RX3xr3tlWwk8,Aura beauty salon & spa,DIRECT,beauty_salon,beauty_salon,Beauty salon,"beauty_salon, point_of_interest, service, establishment",Kuwait St - Skamkam - Fujairah,25.1582267,56.3491188,4.7,241.0,OPERATIONAL,+971 58 909 0980,https://aura.mywaj.ai/en,https://maps.google.com/?cid=5747251568217652319&g_mp=Cilnb29nbGUubWFwcy5wbGFjZXMudjEuUGxhY2VzLlNlYXJjaE5lYXJieRACGAQgAA,Monday: 11:00 AM – 10:00 PM | Tuesday: 11:00 AM – 10:00 PM | Wednesday: 11:00 AM – 10:00 PM | Thursday: 11:00 AM – 10:00 PM | Friday: 11:00 AM – 10:00 PM | Saturday: 11:00 AM – 10:00 PM | Sunday: 11:00 AM – 10:00 PM,Google Places API (New) Nearby Search,2026-09-02T15:22:51+00:00
ChIJu81xwBpfXz4RRRg116nWxg0,Camellia,DIRECT,beauty_salon,beauty_salon,Beauty salon,"beauty_salon, point_of_interest, service, establishment",Muwaileh Commercial - Al Zahia - Sharjah,25.3226518,55.4632933,3.2,241.0,OPERATIONAL,+971 6 579 3822,,https://maps.google.com/?cid=992716792830171205&g_mp=Cilnb29nbGUubWFwcy5wbGFjZXMudjEuUGxhY2VzLlNlYXJjaE5lYXJieRACGAQgAA,Monday: 9:00 AM – 10:00 PM | Tuesday: 9:00 AM – 10:00 PM | Wednesday: 9:00 AM – 10:00 PM | Thursday: 9:00 AM – 10:00 PM | Friday: 10:00 AM – 10:00 PM | Saturday: 9:00 AM – 10:00 PM | Sunday: 9:00 AM – 10:00 PM,Google Places API (New) Nearby Search,2026-09-02T15:22:51+00:00
ChIJLcxwCJJfXz4RjsE6hzWO5pg,Urban Look Gents Salon,DIRECT,spa,spa,Spa,"barber_shop, hair_care, spa, health, point_of_interest, service, establishment",West Zone Mall - المزهر الأولى - المزهر - دبي,25.2440838,55.4528258,4.1,241.0,OPERATIONAL,+971 4 284 1555,,https://maps.google.com/?cid=11017649898961682830&g_mp=Cilnb29nbGUubWFwcy5wbGFjZXMudjEuUGxhY2VzLlNlYXJjaE5lYXJieRACGAQgAA,Monday: 10:00 AM – 11:00 PM | Tuesday: 10:00 AM – 11:00 PM | Wednesday: 10:00 AM – 11:00 PM | Thursday: 10:00 AM – 11:00 PM | Friday: 10:00 AM – 11:00 PM | Saturday: 10:00 AM – 11:00 PM | Sunday: 10:00 AM – 11:00 PM,Google Places API (New) Nearby Search,2026-09-02T15:22:51+00:00
ChIJi2wRVcVhXz4RLsX505oXqt0,Opal Glow Plus Medical Center مركز اوبال جلو بلس الطبي,DIRECT,"beauty_salon, spa",skin_care_clinic,Skin care clinic,"skin_care_clinic, massage_spa, hair_care, medical_center, massage, spa, beauty_salon, consultant, hospital, medical_clinic, health, point_of_interest, service, establishment",Mirdif Hills Avenue - Office 404 - Al Multaqa A - Mirdif - Dubai,25.2226031,55.441144699999995,5.0,239.0,OPERATIONAL,+971 4 575 0635,https://opalglowplus.com/,https://maps.google.com/?cid=15972604982171649326&g_mp=Cilnb29nbGUubWFwcy5wbGFjZXMudjEuUGxhY2VzLlNlYXJjaE5lYXJieRACGAQgAA,Monday: 10:00 AM – 9:00 PM | Tuesday: 10:00 AM – 9:00 PM | Wednesday: 10:00 AM – 9:00 PM | Thursday: 10:00 AM – 9:00 PM | Friday: 10:00 AM – 9:00 PM | Saturday: 10:00 AM – 9:00 PM | Sunday: 10:00 AM – 9:00 PM,Google Places API (New) Nearby Search,2026-09-02T15:22:51+00:00
ChIJu-zyqTFHXj4Rfn0ltDhuQLY,Royal Nails Beauty Lounge - Khalifa City,DIRECT,beauty_salon,beauty_salon,Beauty salon,"beauty_salon, point_of_interest, service, establishment",Khalifa City A Compound 58 Villa 1 - مدينة خليفة - جنوب غرب 1 - أبو ظبي,24.4264899,54.5539193,4.4,239.0,OPERATIONAL,+971 50 357 0806,https://www.instagram.com/royalnailsbeautylounge.ae/,https://maps.google.com/?cid=13132617703231946110&g_mp=Cilnb29nbGUubWFwcy5wbGFjZXMudjEuUGxhY2VzLlNlYXJjaE5lYXJieRACGAQgAA,Monday: 10:00 AM – 10:00 PM | Tuesday: 10:00 AM – 10:00 PM | Wednesday: 10:00 AM – 10:00 PM | Thursday: 10:00 AM – 10:00 PM | Friday: 10:00 AM – 10:00 PM | Saturday: 10:00 AM – 10:00 PM | Sunday: 10:00 AM – 10:00 PM,Google Places API (New) Nearby Search,2026-09-02T15:22:51+00:00
ChIJd9-BXqhsXz4Rd3JGUpR8C-w,Al Waleed Paradise JLT Cluster R,DIRECT,beauty_salon,apartment_building,Apartment building,"apartment_building, beauty_salon, point_of_interest, service, establishment",Cluster R - Al Thanyah Fifth - Jumeirah Lakes Towers - Dubai,25.0774902,55.147011299999996,4.1,238.0,OPERATIONAL,,http://www.jlt.ae/,https://maps.google.com/?cid=17008825394172162679&g_mp=Cilnb29nbGUubWFwcy5wbGFjZXMudjEuUGxhY2VzLlNlYXJjaE5lYXJieRACGAQgAA,,Google Places API (New) Nearby Search,2026-09-02T15:22:51+00:00
ChIJtZ86m4BlXz4RTr9jlCtPcoA,The Artist Gents Salon Dubai Silicon Oaisis- صالون ذا أرتيست للرجال,DIRECT,"hair_salon, nail_salon",hair_salon,Hair salon,"hair_salon, nail_salon, beauty_salon, hair_care, massage, point_of_interest, service, establishment",Al Ain - Dubai Rd - Nadd Hessa - Dubai Silicon Oasis - Dubai,25.116377399999998,55.369834499999996,4.8,238.0,OPERATIONAL,+971 58 830 7078,,https://maps.google.com/?cid=9255547232791543630&g_mp=Cilnb29nbGUubWFwcy5wbGFjZXMudjEuUGxhY2VzLlNlYXJjaE5lYXJieRACGAQgAA,Monday: 10:00 AM – 12:00 AM | Tuesday: 10:00 AM – 12:00 AM | Wednesday: 10:00 AM – 12:00 AM | Thursday: 10:00 AM – 12:00 AM | Friday: 10:00 AM – 12:00 AM | Saturday: 10:00 AM – 12:00 AM | Sunday: 10:00 AM – 12:00 AM,Google Places API (New) Nearby Search,2026-09-02T15:22:51+00:00
ChIJOdqeZfA3Xj4R4z8QmaW5kIc,360 Cure Dental & Medical Center عيادة أسنان 360 كيور,DIRECT,beauty_salon,dental_clinic,Dental clinic,"dental_clinic, skin_care_clinic, hair_care, medical_center, dentist, beauty_salon, doctor, hospital, medical_clinic, health, point_of_interest, service, establishment",27 Ar Ruwwad St - Shakhbout City - MSH4 - Abu Dhabi,24.3494291,54.625065299999996,4.7,237.0,OPERATIONAL,+971 50 313 6004,https://www.360curemedical.ae/,https://maps.google.com/?cid=9768511712655327203&g_mp=Cilnb29nbGUubWFwcy5wbGFjZXMudjEuUGxhY2VzLlNlYXJjaE5lYXJieRACGAQgAA,Monday: 10:00 AM – 10:00 PM | Tuesday: 10:00 AM – 10:00 PM | Wednesday: 10:00 AM – 10:00 PM | Thursday: 10:00 AM – 10:00 PM | Friday: 12:00 – 8:00 PM | Saturday: 12:00 – 8:00 PM | Sunday: 10:00 AM – 10:00 PM,Google Places API (New) Nearby Search,2026-09-02T15:22:51+00:00
ChIJqa7UHI9pXj4RtSOUqeeoLtA,Styler Gents Salon & Spa - Khalifa Park,DIRECT,nail_salon,barber_shop,Barber shop,"barber_shop, nail_salon, hair_care, beauty_salon, health, point_of_interest, service, establishment",Al Halawi St - Khalifa Park - E48 - Abu Dhabi,24.429668100000004,54.4633634,4.8,231.0,OPERATIONAL,+971 2 883 0104,https://www.styler.ae/,https://maps.google.com/?cid=15001113121753670581&g_mp=Cilnb29nbGUubWFwcy5wbGFjZXMudjEuUGxhY2VzLlNlYXJjaE5lYXJieRACGAQgAA,Monday: 9:00 AM – 11:45 PM | Tuesday: 9:00 AM – 11:45 PM | Wednesday: 9:00 AM – 11:45 PM | Thursday: 9:00 AM – 11:45 PM | Friday: 9:00 AM – 11:45 PM | Saturday: 9:00 AM – 11:45 PM | Sunday: 9:00 AM – 11:45 PM,Google Places API (New) Nearby Search,2026-09-02T15:22:51+00:00
ChIJh5GWp2phXz4RYMsbeBFFZxk,Pinky Pink Beauty Salon,DIRECT,nail_salon,beauty_salon,Beauty salon,"beauty_salon, nail_salon, point_of_interest, service, establishment",Warsan Fourth - warsan 4 - Dubai,25.148654999999998,55.403154,4.8,228.0,OPERATIONAL,+971 52 829 1510,,https://maps.google.com/?cid=1830507714881244000&g_mp=Cilnb29nbGUubWFwcy5wbGFjZXMudjEuUGxhY2VzLlNlYXJjaE5lYXJieRACGAQgAA,Monday: 12:00 – 10:00 PM | Tuesday: 12:00 – 10:00 PM | Wednesday: 12:00 – 10:00 PM | Thursday: 12:00 – 10:00 PM | Friday: 12:00 – 10:00 PM | Saturday: 12:00 – 10:00 PM | Sunday: 12:00 – 10:00 PM,Google Places API (New) Nearby Search,2026-09-02T15:22:51+00:00
ChIJvT-cm31GXj4RqT_f-3bw9R4,Color Me Spa,DIRECT,"beauty_salon, nail_salon, spa",spa,Spa,"nail_salon, spa, beauty_salon, point_of_interest, service, establishment","SE-2,Khalifa City A,Beside Emirate Islamic Bank - Khalifa City - SE2 - Abu Dhabi",24.421968399999997,54.566522299999995,4.4,227.0,OPERATIONAL,+971 2 556 4557,https://www.fresha.com/book-now/color-me-spa-hzm6im0r/all-offer?pId=722373,https://maps.google.com/?cid=2230953584254468009&g_mp=Cilnb29nbGUubWFwcy5wbGFjZXMudjEuUGxhY2VzLlNlYXJjaE5lYXJieRACGAQgAA,Monday: 10:00 AM – 9:00 PM | Tuesday: 10:00 AM – 9:00 PM | Wednesday: 10:00 AM – 9:00 PM | Thursday: 10:00 AM – 9:00 PM | Friday: 10:00 AM – 9:00 PM | Saturday: 10:00 AM – 9:00 PM | Sunday: 10:00 AM – 9:00 PM,Google Places API (New) Nearby Search,2026-09-02T15:22:51+00:00
ChIJo-ZlFgFfXz4RvbE6oorJqH0,Albanat spa salon,DIRECT,nail_salon,beauty_salon,Beauty salon,"beauty_salon, massage_spa, nail_salon, massage, spa, service, point_of_interest, establishment",University City Rd - Muwaileh Commercial - Industrial Area - Sharjah,25.3083057,55.455492199999995,4.2,226.0,OPERATIONAL,+971 56 106 0609,,https://maps.google.com/?cid=9054708648092807613&g_mp=Cilnb29nbGUubWFwcy5wbGFjZXMudjEuUGxhY2VzLlNlYXJjaE5lYXJieRACGAQgAA,Monday: 11:00 AM – 9:30 PM | Tuesday: 11:00 AM – 9:30 PM | Wednesday: 11:00 AM – 9:30 PM | Thursday: 11:00 AM – 9:30 PM | Friday: 1:00 – 9:30 PM | Saturday: 11:00 AM – 9:30 PM | Sunday: 11:00 AM – 9:30 PM,Google Places API (New) Nearby Search,2026-09-02T15:22:51+00:00
ChIJm5dXNFFJXj4RtVnYoCFdslI,Avenue Medical Center | أفينيو مركز طبي,DIRECT,spa,skin_care_clinic,Skin care clinic,"skin_care_clinic, massage_spa, wellness_center, hair_care, massage, spa, beauty_salon, doctor, medical_clinic, health, point_of_interest, service, establishment",Shakbout city - plot 17- villa 82 - مدينة شخبوط - مدينة شخبوط 17 - أبو ظبي,24.3711539,54.650549999999996,4.8,226.0,OPERATIONAL,+971 800 7080,https://avenuemedicalcenter.ae/,https://maps.google.com/?cid=5958927655978424757&g_mp=Cilnb29nbGUubWFwcy5wbGFjZXMudjEuUGxhY2VzLlNlYXJjaE5lYXJieRACGAQgAA,Monday: 9:00 AM – 10:00 PM | Tuesday: 9:00 AM – 10:00 PM | Wednesday: 9:00 AM – 10:00 PM | Thursday: 9:00 AM – 10:00 PM | Friday: 2:00 – 10:00 PM | Saturday: 2:00 – 10:00 PM | Sunday: 9:00 AM – 10:00 PM,Google Places API (New) Nearby Search,2026-09-02T15:22:51+00:00
ChIJz9fcsplJXj4R3XctupxLwzw,The H & Spa,DIRECT,beauty_salon,beauty_salon,Beauty salon,"beauty_salon, point_of_interest, service, establishment","abu dhabi, shakhbout city, st #72 - plot 624 - villa 3 sec 21 - مدينة شخبوط - مدينة شخبوط 21 - أبو ظبي",24.3761816,54.643456799999996,4.3,226.0,OPERATIONAL,+971 50 939 6919,https://instagram.com/the_h_spa?utm_medium=copy_link,https://maps.google.com/?cid=4378426399244777437&g_mp=Cilnb29nbGUubWFwcy5wbGFjZXMudjEuUGxhY2VzLlNlYXJjaE5lYXJieRACGAQgAA,Monday: 10:45 AM – 9:45 PM | Tuesday: 10:45 AM – 9:45 PM | Wednesday: 10:45 AM – 9:45 PM | Thursday: 10:45 AM – 9:45 PM | Friday: 10:45 AM – 9:45 PM | Saturday: 10:45 AM – 9:45 PM | Sunday: 10:45 AM – 9:45 PM,Google Places API (New) Nearby Search,2026-09-02T15:22:51+00:00
ChIJqWvdQgBJXj4RWBnsE2sHUHY,Pause Salon for Women Shakbout,DIRECT,beauty_salon,beauty_salon,Beauty salon,"beauty_salon, point_of_interest, service, establishment",9J68+8PQ - Shakhbout City - MSH8 - Abu Dhabi,24.360834,54.6168731,3.6,225.0,OPERATIONAL,+971 54 550 8501,,https://maps.google.com/?cid=8525322251089484120&g_mp=Cilnb29nbGUubWFwcy5wbGFjZXMudjEuUGxhY2VzLlNlYXJjaE5lYXJieRACGAQgAA,Monday: 10:00 AM – 10:00 PM | Tuesday: 10:00 AM – 10:00 PM | Wednesday: 10:00 AM – 10:00 PM | Thursday: 10:00 AM – 10:00 PM | Friday: 10:00 AM – 10:00 PM | Saturday: 10:00 AM – 10:00 PM | Sunday: 10:00 AM – 10:00 PM,Google Places API (New) Nearby Search,2026-09-02T15:22:51+00:00
ChIJO7I5Khj59D4RJDlACuffiqg,The Grey Beauty Center,DIRECT,beauty_salon,beauty_salon,Beauty salon,"beauty_salon, point_of_interest, service, establishment",48CW+J3F - Mraisheed - Fujairah,25.1215981,56.345182199999996,4.3,225.0,OPERATIONAL,+971 54 717 9998,https://instagram.com/thegrey.ae?igshid=YjNmNGQ3MDY=,https://maps.google.com/?cid=12144765528560384292&g_mp=Cilnb29nbGUubWFwcy5wbGFjZXMudjEuUGxhY2VzLlNlYXJjaE5lYXJieRACGAQgAA,Monday: 10:00 AM – 10:00 PM | Tuesday: 10:00 AM – 10:00 PM | Wednesday: 10:00 AM – 10:00 PM | Thursday: 10:00 AM – 10:00 PM | Friday: 10:00 AM – 10:00 PM | Saturday: 10:00 AM – 10:00 PM | Sunday: 10:00 AM – 10:00 PM,Google Places API (New) Nearby Search,2026-09-02T15:22:51+00:00
ChIJG4PiHHpHXj4Rgotz8EAEtKw,Physiomins Beauty,DIRECT,"hair_salon, nail_salon",beauty_salon,Beauty salon,"beauty_salon, nail_salon, hair_salon, hair_care, spa, store, service, point_of_interest, establishment","Al Forsan Village Town Square, Al Fursan Streeet - A - مدينة خليفة - جنوب غرب 17 - أبو ظبي",24.4045615,54.5496568,4.6,222.0,OPERATIONAL,+971 2 666 0994,,https://maps.google.com/?cid=12444576347290045314&g_mp=Cilnb29nbGUubWFwcy5wbGFjZXMudjEuUGxhY2VzLlNlYXJjaE5lYXJieRACGAQgAA,Monday: 10:00 AM – 9:00 PM | Tuesday: 10:00 AM – 9:00 PM | Wednesday: 10:00 AM – 9:00 PM | Thursday: 10:00 AM – 9:00 PM | Friday: 10:00 AM – 9:00 PM | Saturday: 10:00 AM – 9:00 PM | Sunday: 10:00 AM – 9:00 PM,Google Places API (New) Nearby Search,2026-09-02T15:22:51+00:00
ChIJWx6gaZ919j4RXUuTiLkUWlA,Coated Beauty Lounge,DIRECT,"beauty_salon, hair_salon, nail_salon, spa",beauty_salon,Beauty salon,"beauty_salon, nail_salon, massage_spa, hair_salon, hair_care, massage, spa, point_of_interest, service, establishment","9023904 The Corner - 25.7178674, 55 - Sheikh Khalifa City - Ras Al Khaimah",25.717870500000004,55.902394699999995,4.4,221.0,OPERATIONAL,+971 7 223 8431,https://www.fresha.com/book-now/coated-beauty-lounge-and-a5mpompw/all-offer?share&pId=1430083,https://maps.google.com/?cid=5789963058031053661&g_mp=Cilnb29nbGUubWFwcy5wbGFjZXMudjEuUGxhY2VzLlNlYXJjaE5lYXJieRACGAQgAA,Monday: 10:00 AM – 10:00 PM | Tuesday: 10:00 AM – 10:00 PM | Wednesday: 10:00 AM – 10:00 PM | Thursday: 10:00 AM – 10:00 PM | Friday: 10:00 AM – 10:00 PM | Saturday: 10:00 AM – 10:00 PM | Sunday: 10:00 AM – 10:00 PM,Google Places API (New) Nearby Search,2026-09-02T15:22:51+00:00
ChIJ8Uq1R1lBXj4Rb-6WJo3wDE4,Flair Ladies Beauty Center,DIRECT,beauty_salon,beauty_salon,Beauty salon,"beauty_salon, point_of_interest, service, establishment",Bain Al Jessrain - Villa 33 Alsayed Mosa Mohamed Alhashmi St - Rabdan - RB7 - Abu Dhabi,24.4086887,54.5061483,4.4,216.0,OPERATIONAL,+971 56 979 7815,https://wa.me/message/4MOCXMEH5F5ZN1,https://maps.google.com/?cid=5624134523707387503&g_mp=Cilnb29nbGUubWFwcy5wbGFjZXMudjEuUGxhY2VzLlNlYXJjaE5lYXJieRACGAQgAA,Monday: 10:00 AM – 9:00 PM | Tuesday: 10:00 AM – 9:00 PM | Wednesday: 10:00 AM – 9:00 PM | Thursday: 10:00 AM – 9:00 PM | Friday: 10:00 AM – 9:00 PM | Saturday: 10:00 AM – 9:00 PM | Sunday: 10:00 AM – 9:00 PM,Google Places API (New) Nearby Search,2026-09-02T15:22:51+00:00
ChIJXcte2qpmXz4R2Cl9eRp_ywU,HEADZUP GENTS SALON (Al Warsan 4) 4 صالون هيدز اب للرجال الورسان,DIRECT,nail_salon,barber_shop,Barber shop,"barber_shop, nail_salon, hair_salon, hair_care, spa, beauty_salon, health, point_of_interest, service, establishment",Al Manama St - Warsan Fourth - Dubai,25.1496562,55.4035186,4.5,216.0,OPERATIONAL,+971 4 426 7352,,https://maps.google.com/?cid=417567142146025944&g_mp=Cilnb29nbGUubWFwcy5wbGFjZXMudjEuUGxhY2VzLlNlYXJjaE5lYXJieRACGAQgAA,Monday: 11:00 AM – 12:00 AM | Tuesday: 11:00 AM – 12:00 AM | Wednesday: 11:00 AM – 12:00 AM | Thursday: 11:00 AM – 12:00 AM | Friday: 11:00 AM – 12:00 AM | Saturday: 11:00 AM – 12:00 AM | Sunday: 11:00 AM – 12:00 AM,Google Places API (New) Nearby Search,2026-09-02T15:22:51+00:00
ChIJ21D7NpJgXz4RJKj65bT3oq4,Hair Fusion Salon - Mirdif,DIRECT,"hair_salon, nail_salon",barber_shop,Barber shop,"barber_shop, nail_salon, hair_salon, hair_care, beauty_salon, health, point_of_interest, service, establishment",31 24B St - Mirdif - Dubai,25.2244413,55.4175902,4.6,215.0,OPERATIONAL,+971 4 236 2666,http://www.hairfusionbarbershop.com/,https://maps.google.com/?cid=12583892665151170596&g_mp=Cilnb29nbGUubWFwcy5wbGFjZXMudjEuUGxhY2VzLlNlYXJjaE5lYXJieRACGAQgAA,Monday: 10:00 AM – 11:00 PM | Tuesday: 10:00 AM – 11:00 PM | Wednesday: 10:00 AM – 11:00 PM | Thursday: 10:00 AM – 11:00 PM | Friday: 10:00 AM – 11:00 PM | Saturday: 10:00 AM – 11:00 PM | Sunday: 10:00 AM – 11:00 PM,Google Places API (New) Nearby Search,2026-09-02T15:22:51+00:00
ChIJ4RPvP8hpXj4RZyJsF1mf7zA,Four Seasons Ladies Salon,DIRECT,"hair_salon, nail_salon",beauty_salon,Beauty salon,"beauty_salon, nail_salon, massage_spa, hair_salon, hair_care, massage, spa, point_of_interest, service, establishment",Sheikh Rashid Bin Saeed St - Al Sa`Adah - Zone 1 - Abu Dhabi,24.429628299999997,54.428322099999995,4.5,214.0,OPERATIONAL,+971 2 575 5666,http://www.4seasons-salon.com/,https://maps.google.com/?cid=3526212238248256103&g_mp=Cilnb29nbGUubWFwcy5wbGFjZXMudjEuUGxhY2VzLlNlYXJjaE5lYXJieRACGAQgAA,Monday: 10:00 AM – 9:00 PM | Tuesday: 10:00 AM – 9:00 PM | Wednesday: 10:00 AM – 9:00 PM | Thursday: 10:00 AM – 9:00 PM | Friday: 10:00 AM – 9:00 PM | Saturday: 10:00 AM – 9:00 PM | Sunday: 10:00 AM – 9:00 PM,Google Places API (New) Nearby Search,2026-09-02T15:22:51+00:00
ChIJAbHY8TNJXj4RCFVFm83o6-w,CT Style Salon,DIRECT,"beauty_salon, hair_salon, nail_salon, spa",hair_salon,Hair salon,"hair_salon, massage_spa, nail_salon, massage, hair_care, foot_care, spa, beauty_salon, health, service, point_of_interest, establishment",1200 Al Mireef Street - Khalifa City - SE45 05 - Abu Dhabi,24.4285483,54.62048,4.8,212.0,OPERATIONAL,+971 2 552 0422,https://instagram.com/ct_style_salon?igshid=YmMyMTA2M2Y=,https://maps.google.com/?cid=17071994782248949000&g_mp=Cilnb29nbGUubWFwcy5wbGFjZXMudjEuUGxhY2VzLlNlYXJjaE5lYXJieRACGAQgAA,Monday: 11:00 AM – 10:00 PM | Tuesday: 11:00 AM – 10:00 PM | Wednesday: 11:00 AM – 10:00 PM | Thursday: 11:00 AM – 10:00 PM | Friday: 11:00 AM – 10:30 PM | Saturday: 11:00 AM – 10:30 PM | Sunday: 11:00 AM – 11:00 PM,Google Places API (New) Nearby Search,2026-09-02T15:22:51+00:00
ChIJV5kPnuN19j4RSMkHoVUlpOo,Mirrors Beauty Salon - Ras Al Khaimah,DIRECT,beauty_salon,beauty_salon,Beauty salon,"beauty_salon, point_of_interest, service, establishment",Unnamed Road - الظيت - إمارة رأس الخيمة,25.726818700000003,55.920645199999996,4.1,212.0,OPERATIONAL,+971 7 208 2277,https://www.instagram.com/mirrorsbs/,https://maps.google.com/?cid=16907679950759774536&g_mp=Cilnb29nbGUubWFwcy5wbGFjZXMudjEuUGxhY2VzLlNlYXJjaE5lYXJieRACGAQgAA,Monday: 10:00 AM – 10:00 PM | Tuesday: 10:00 AM – 10:00 PM | Wednesday: 10:00 AM – 10:00 PM | Thursday: 10:00 AM – 10:00 PM | Friday: 10:00 AM – 10:00 PM | Saturday: 10:00 AM – 10:00 PM | Sunday: 10:00 AM – 10:00 PM,Google Places API (New) Nearby Search,2026-09-02T15:22:51+00:00
ChIJ1TbI3AhFXj4RIei31htfz6w,Mantis Best Barbershop In Yas island,DIRECT,hair_salon,hair_salon,Hair salon,"hair_salon, hair_care, point_of_interest, service, establishment",Yas Island - Ansam project - Abu Dhabi,24.4854803,54.5983229,5.0,211.0,OPERATIONAL,+971 54 555 8033,https://mantisgentssalon.com/,https://maps.google.com/?cid=12452276067873843233&g_mp=Cilnb29nbGUubWFwcy5wbGFjZXMudjEuUGxhY2VzLlNlYXJjaE5lYXJieRACGAQgAA,Monday: 9:00 AM – 11:00 PM | Tuesday: 9:00 AM – 11:00 PM | Wednesday: 9:00 AM – 11:00 PM | Thursday: 9:00 AM – 11:00 PM | Friday: 9:00 AM – 11:00 PM | Saturday: 9:00 AM – 11:00 PM | Sunday: 9:00 AM – 11:00 PM,Google Places API (New) Nearby Search,2026-09-02T15:22:51+00:00
ChIJxYEVxhZhXz4RiyCA3bE9lMY,Danya ladies saloon,DIRECT,beauty_salon,beauty_salon,Beauty salon,"beauty_salon, point_of_interest, service, establishment",A RESIDENCE - 13 St - Al Warqa - Al Warqa 1 - Dubai,25.1841908,55.405376399999994,3.4,209.0,OPERATIONAL,+971 54 759 5244,,https://maps.google.com/?cid=14309129750197575819&g_mp=Cilnb29nbGUubWFwcy5wbGFjZXMudjEuUGxhY2VzLlNlYXJjaE5lYXJieRACGAQgAA,Monday: 9:00 AM – 10:00 PM | Tuesday: 9:00 AM – 10:00 PM | Wednesday: 9:00 AM – 10:00 PM | Thursday: 9:00 AM – 10:00 PM | Friday: 9:00 AM – 10:00 PM | Saturday: 9:00 AM – 10:00 PM | Sunday: 9:00 AM – 10:00 PM,Google Places API (New) Nearby Search,2026-09-02T15:22:51+00:00
ChIJp2gR5idfXz4RPjz-9-DprGg,Beverly Hills Beauty Center,DIRECT,beauty_salon,beauty_salon,Beauty salon,"beauty_salon, point_of_interest, service, establishment",Muweile Commercial Area University City Road Al Mansour Building - تجارية مويلح - المنطقة الصناعية - الشارقة,25.3074415,55.457648199999994,4.6,208.0,OPERATIONAL,+971 6 535 0231,https://beverlyhbc.com/,https://maps.google.com/?cid=7542660628381318206&g_mp=Cilnb29nbGUubWFwcy5wbGFjZXMudjEuUGxhY2VzLlNlYXJjaE5lYXJieRACGAQgAA,Monday: 10:00 AM – 9:00 PM | Tuesday: 10:00 AM – 9:00 PM | Wednesday: 10:00 AM – 9:00 PM | Thursday: 10:00 AM – 9:00 PM | Friday: 1:00 – 9:00 PM | Saturday: 10:00 AM – 9:00 PM | Sunday: 10:00 AM – 9:00 PM,Google Places API (New) Nearby Search,2026-09-02T15:22:51+00:00
ChIJF9epKQhDXj4Rb0GR3M9bi6E,صالون القصور للعناية بالرجال ALQASOR GENTS SALON,DIRECT,"hair_salon, nail_salon",hair_salon,Hair salon,"hair_salon, nail_salon, hair_care, beauty_salon, point_of_interest, service, establishment",Sultan Bin Zayed The First St - Al Sa`Adah - E40 - Abu Dhabi,24.4326297,54.4346508,4.9,208.0,OPERATIONAL,+971 56 449 2055,,https://maps.google.com/?cid=11640498610186043759&g_mp=Cilnb29nbGUubWFwcy5wbGFjZXMudjEuUGxhY2VzLlNlYXJjaE5lYXJieRACGAQgAA,Monday: 10:00 AM – 1:00 AM | Tuesday: 10:00 AM – 1:00 AM | Wednesday: 10:00 AM – 1:00 AM | Thursday: 10:00 AM – 1:00 AM | Friday: 10:00 AM – 1:00 AM | Saturday: 10:00 AM – 1:00 AM | Sunday: 10:00 AM – 1:00 AM,Google Places API (New) Nearby Search,2026-09-02T15:22:51+00:00
ChIJbe5H5t85Xj4RUDLz8Y-DT9k,Break Home Massage Spa Men’s Care,DIRECT,spa,beauty_salon,Beauty salon,"beauty_salon, sauna, public_bath, spa, massage, point_of_interest, health, service, establishment",2 Riqʹat Hasan St - Mohamed Bin Zayed City - ME11 - Abu Dhabi,24.3264605,54.5335775,4.8,207.0,OPERATIONAL,+971 2 877 8831,http://break-home-mens-care.bizonline.ae/,https://maps.google.com/?cid=15658879083653313104&g_mp=Cilnb29nbGUubWFwcy5wbGFjZXMudjEuUGxhY2VzLlNlYXJjaE5lYXJieRACGAQgAA,Monday: 12:00 PM – 12:00 AM | Tuesday: 12:00 PM – 12:00 AM | Wednesday: 12:00 PM – 12:00 AM | Thursday: 12:00 PM – 12:00 AM | Friday: 2:00 PM – 12:00 AM | Saturday: 12:00 PM – 12:00 AM | Sunday: 12:00 PM – 12:00 AM,Google Places API (New) Nearby Search,2026-09-02T15:22:51+00:00
ChIJY6BbY3ZPXj4RrUQtPfRTC6M,Filter Ladies Salon,DIRECT,"beauty_salon, hair_salon",hair_salon,Hair salon,"hair_salon, hair_care, beauty_salon, service, point_of_interest, establishment",Al Rahah - Al faridah complex - Abu Dhabi,24.452472999999998,54.6142056,4.7,207.0,OPERATIONAL,+971 50 267 6751,https://www.filterladiessalon.com/,https://maps.google.com/?cid=11748576361389573293&g_mp=Cilnb29nbGUubWFwcy5wbGFjZXMudjEuUGxhY2VzLlNlYXJjaE5lYXJieRACGAQgAA,Monday: 9:00 AM – 10:00 PM | Tuesday: 9:00 AM – 10:00 PM | Wednesday: 9:00 AM – 10:00 PM | Thursday: 9:00 AM – 10:00 PM | Friday: 9:00 AM – 10:00 PM | Saturday: 9:00 AM – 10:00 PM | Sunday: 9:00 AM – 10:00 PM,Google Places API (New) Nearby Search,2026-09-02T15:22:51+00:00
ChIJUX0YRACzij4RNc56QEVDc20,نادي ريكوفري الصحي Recovery Health Club,DIRECT,"hair_salon, spa",spa,Spa,"skin_care_clinic, massage_spa, hair_salon, hair_care, massage, spa, medical_clinic, health, point_of_interest, service, establishment",Al Raw'ah St - Al Markhaniyyah - Mreifia - Abu Dhabi,24.2316519,55.6756132,4.8,205.0,OPERATIONAL,+971 3 735 4090,https://www.instagram.com/recoveryhealthclub/?hl=ar,https://maps.google.com/?cid=7886721337169464885&g_mp=Cilnb29nbGUubWFwcy5wbGFjZXMudjEuUGxhY2VzLlNlYXJjaE5lYXJieRACGAQgAA,Monday: 10:00 AM – 11:00 PM | Tuesday: 10:00 AM – 11:00 PM | Wednesday: 10:00 AM – 11:00 PM | Thursday: 10:00 AM – 11:00 PM | Friday: 2:00 PM – 12:00 AM | Saturday: 10:00 AM – 12:00 AM | Sunday: 10:00 AM – 11:00 PM,Google Places API (New) Nearby Search,2026-09-02T15:22:51+00:00
ChIJT81H6yJfXz4RAm6PY4_CtmE,Asmreko Beauty Centre,DIRECT,"hair_salon, nail_salon",beauty_salon,Beauty salon,"beauty_salon, hair_salon, nail_salon, hair_care, point_of_interest, service, establishment",8F54+HCP - University City Rd - Muwaileh Commercial - Industrial Area - Sharjah,25.3089683,55.4560767,4.5,202.0,OPERATIONAL,+971 56 206 2042,,https://maps.google.com/?cid=7041028988546805250&g_mp=Cilnb29nbGUubWFwcy5wbGFjZXMudjEuUGxhY2VzLlNlYXJjaE5lYXJieRACGAQgAA,Monday: 10:00 AM – 10:00 PM | Tuesday: 10:00 AM – 10:00 PM | Wednesday: 10:00 AM – 10:00 PM | Thursday: 10:00 AM – 10:00 PM | Friday: 2:00 – 10:00 PM | Saturday: 10:00 AM – 10:00 PM | Sunday: 10:00 AM – 10:00 PM,Google Places API (New) Nearby Search,2026-09-02T15:22:51+00:00
ChIJ96MBJCJnXz4R3fmAVRU8dkc,Beautify Me Ladies Salon & Spa,DIRECT,"hair_salon, nail_salon",beauty_salon,Beauty salon,"beauty_salon, makeup_artist, hair_salon, beautician, nail_salon, body_art_service, hair_care, spa, massage, point_of_interest, service, establishment","9th St - Block E - Shop E08, Nadd Al Hamar Avenues, Nadd Al Hamar - Deira - ند الحمر - دبي",25.1890447,55.382507499999996,4.4,202.0,OPERATIONAL,+971 4 263 1011,http://www.beautifymeuae.com/,https://maps.google.com/?cid=5149369286271236573&g_mp=Cilnb29nbGUubWFwcy5wbGFjZXMudjEuUGxhY2VzLlNlYXJjaE5lYXJieRACGAQgAA,Monday: 11:00 AM – 10:00 PM | Tuesday: 11:00 AM – 10:00 PM | Wednesday: 11:00 AM – 10:00 PM | Thursday: 11:00 AM – 10:00 PM | Friday: 11:00 AM – 10:00 PM | Saturday: 11:00 AM – 10:00 PM | Sunday: 11:00 AM – 10:00 PM,Google Places API (New) Nearby Search,2026-09-02T15:22:51+00:00
ChIJJThiRQBDXj4ReHyHBI8ug-c,Bonita Beauty lounge,DIRECT,"beauty_salon, nail_salon",beauty_salon,Beauty salon,"beauty_salon, tanning_studio, nail_salon, hair_care, massage, point_of_interest, service, establishment",Al Muntazah - Ministries Complex - Abu Dhabi,24.4315392,54.4644468,4.5,202.0,OPERATIONAL,+971 52 438 1128,http://www.bonitabeauty.ae/,https://maps.google.com/?cid=16682228636501638264&g_mp=Cilnb29nbGUubWFwcy5wbGFjZXMudjEuUGxhY2VzLlNlYXJjaE5lYXJieRACGAQgAA,Monday: 11:00 AM – 10:00 PM | Tuesday: 11:00 AM – 10:00 PM | Wednesday: 11:00 AM – 10:00 PM | Thursday: 11:00 AM – 10:00 PM | Friday: 11:00 AM – 10:00 PM | Saturday: 11:00 AM – 10:00 PM | Sunday: 11:00 AM – 10:00 PM,Google Places API (New) Nearby Search,2026-09-02T15:22:51+00:00
ChIJaQ9wZeNhXz4RR0dWJH5iQnE,Karmela Beauty Lounge,DIRECT,"hair_salon, nail_salon",beauty_salon,Beauty salon,"beauty_salon, nail_salon, hair_salon, hair_care, point_of_interest, service, establishment",Warqa Mall - Al Warqa - Al Warqa 4 - Dubai,25.1984419,55.442321799999995,4.9,201.0,OPERATIONAL,+971 4 852 9200,https://karmelabeauty.com/,https://maps.google.com/?cid=8161193768663795527&g_mp=Cilnb29nbGUubWFwcy5wbGFjZXMudjEuUGxhY2VzLlNlYXJjaE5lYXJieRACGAQgAA,Monday: 10:00 AM – 10:00 PM | Tuesday: 10:00 AM – 10:00 PM | Wednesday: 10:00 AM – 10:00 PM | Thursday: 10:00 AM – 10:00 PM | Friday: 10:00 AM – 10:00 PM | Saturday: 10:00 AM – 10:00 PM | Sunday: 10:00 AM – 10:00 PM,Google Places API (New) Nearby Search,2026-09-02T15:22:51+00:00
ChIJU_ZWWT9ZXz4RwXAZR2gShjU,Al Zumurud Medical Center مركز الزمرد الطبي,DIRECT,spa,medical_center,Medical Center,"medical_center, dental_clinic, skin_care_clinic, beauty_salon, spa, hospital, hair_care, dentist, medical_clinic, doctor, service, health, point_of_interest, establishment",Villa 189 - S124 Sheikh Zayed St - Samnan - Halwan - Sharjah,25.3437098,55.423411599999994,4.7,200.0,OPERATIONAL,+971 6 531 6697,https://www.instagram.com/alzumurudmc?igsh=MXN0aG9mbWwzd254ZQ%3D%3D&utm_source=qr,https://maps.google.com/?cid=3856790369968156865&g_mp=Cilnb29nbGUubWFwcy5wbGFjZXMudjEuUGxhY2VzLlNlYXJjaE5lYXJieRACGAQgAA,Monday: 10:00 AM – 9:00 PM | Tuesday: 10:00 AM – 9:00 PM | Wednesday: 10:00 AM – 9:00 PM | Thursday: 10:00 AM – 9:00 PM | Friday: Closed | Saturday: 10:00 AM – 9:00 PM | Sunday: 10:00 AM – 9:00 PM,Google Places API (New) Nearby Search,2026-09-02T15:22:51+00:00
ChIJf-mskP1LXj4Rwp8hj8OpI4Q,Mimarm Beauty Salon | صالون ميمارم للسيدات,DIRECT,beauty_salon,beauty_salon,Beauty salon,"beauty_salon, point_of_interest, service, establishment",Sky Mall - Al Falah - FA5 - Abu Dhabi,24.423951300000002,54.712176199999995,4.2,200.0,OPERATIONAL,+971 52 373 7012,https://instagram.com/mimarm.ae?igshid=MzRlODBiNWFlZA==,https://maps.google.com/?cid=9521640694576422850&g_mp=Cilnb29nbGUubWFwcy5wbGFjZXMudjEuUGxhY2VzLlNlYXJjaE5lYXJieRACGAQgAA,Monday: 11:00 AM – 9:00 PM | Tuesday: 11:00 AM – 9:00 PM | Wednesday: 11:00 AM – 9:00 PM | Thursday: 11:00 AM – 9:00 PM | Friday: 11:00 AM – 9:00 PM | Saturday: 11:00 AM – 9:00 PM | Sunday: 11:00 AM – 9:00 PM,Google Places API (New) Nearby Search,2026-09-02T15:22:51+00:00
ChIJR7yaYMIr0A8RJ1xxI2XJjZQ,Nara Beauty Salon,DIRECT,beauty_salon,beauty_salon,Beauty salon,"beauty_salon, point_of_interest, service, establishment",But bin Mohammed alqubasi - مدينة خليفة - حوض 13 - أبو ظبي,24.4021227,54.5837655,4.4,199.0,OPERATIONAL,+971 56 571 9118,https://www.fresha.com/book-now/nara-ladies-beauty-salon-b4pihqvn/all-offer?share=true&pId=1419692,https://maps.google.com/?cid=10704433325553048615&g_mp=Cilnb29nbGUubWFwcy5wbGFjZXMudjEuUGxhY2VzLlNlYXJjaE5lYXJieRACGAQgAA,Monday: 11:00 AM – 9:00 PM | Tuesday: 11:00 AM – 9:00 PM | Wednesday: 11:00 AM – 9:00 PM | Thursday: 11:00 AM – 9:00 PM | Friday: 11:00 AM – 9:00 PM | Saturday: 11:00 AM – 9:00 PM | Sunday: 11:00 AM – 9:00 PM,Google Places API (New) Nearby Search,2026-09-02T15:22:51+00:00
ChIJo5_Sy5VlXz4R3dERIYwva4s,Spectrum Beauty salon,DIRECT,beauty_salon,beauty_salon,Beauty salon,"beauty_salon, point_of_interest, service, establishment",Shop#2 al sondos building - ند حصه - واحة دبي للسيليكون - دبي,25.1163019,55.3698365,3.4,199.0,OPERATIONAL,+971 4 296 5320,,https://maps.google.com/?cid=10046175672676766173&g_mp=Cilnb29nbGUubWFwcy5wbGFjZXMudjEuUGxhY2VzLlNlYXJjaE5lYXJieRACGAQgAA,Monday: 10:00 AM – 9:00 PM | Tuesday: 10:00 AM – 9:00 PM | Wednesday: 10:00 AM – 9:00 PM | Thursday: 10:00 AM – 9:00 PM | Friday: 10:00 AM – 9:00 PM | Saturday: 10:00 AM – 9:00 PM | Sunday: 10:00 AM – 9:00 PM,Google Places API (New) Nearby Search,2026-09-02T15:22:51+00:00
ChIJP1niJQBHXj4RF3V73XOmjaQ,Reef beauty lounge,DIRECT,beauty_salon,beauty_salon,Beauty salon,"beauty_salon, point_of_interest, service, establishment",Khalifa City - SE1 - Abu Dhabi,24.4311616,54.569916899999996,4.1,195.0,OPERATIONAL,+971 2 672 8442,,https://maps.google.com/?cid=11857316410503689495&g_mp=Cilnb29nbGUubWFwcy5wbGFjZXMudjEuUGxhY2VzLlNlYXJjaE5lYXJieRACGAQgAA,Monday: 10:00 AM – 10:00 PM | Tuesday: 10:00 AM – 10:00 PM | Wednesday: 10:00 AM – 10:00 PM | Thursday: 10:00 AM – 10:00 PM | Friday: 10:00 AM – 10:00 PM | Saturday: 10:00 AM – 10:00 PM | Sunday: 10:00 AM – 10:00 PM,Google Places API (New) Nearby Search,2026-09-02T15:22:51+00:00
ChIJt5zCMjRLXj4RpfBYXaplTHw,White lily beauty salon,DIRECT,beauty_salon,beauty_salon,Beauty salon,"beauty_salon, point_of_interest, service, establishment",12 Al Ajras St - Al Falah - 1C - Abu Dhabi,24.4586641,54.7400197,4.3,194.0,OPERATIONAL,+971 2 222 1112,,https://maps.google.com/?cid=8956645541318029477&g_mp=Cilnb29nbGUubWFwcy5wbGFjZXMudjEuUGxhY2VzLlNlYXJjaE5lYXJieRACGAQgAA,Monday: 11:00 AM – 9:00 PM | Tuesday: 11:00 AM – 9:00 PM | Wednesday: 11:00 AM – 9:00 PM | Thursday: 11:00 AM – 9:00 PM | Friday: 11:00 AM – 9:00 PM | Saturday: 11:00 AM – 9:00 PM | Sunday: 11:00 AM – 9:00 PM,Google Places API (New) Nearby Search,2026-09-02T15:22:51+00:00
ChIJtzeSuFlHXj4RxZPkE4BYjeI,Cello Ladies Beauty Centre,DIRECT,nail_salon,beauty_salon,Beauty salon,"beauty_salon, nail_salon, service, point_of_interest, establishment",m9 Alexandria Cafe building - Mohamed Bin Zayed City - ME9 - Abu Dhabi,24.3415335,54.534056899999996,4.6,191.0,OPERATIONAL,,https://www.cellobeauty.com/,https://maps.google.com/?cid=16324801531400721349&g_mp=Cilnb29nbGUubWFwcy5wbGFjZXMudjEuUGxhY2VzLlNlYXJjaE5lYXJieRACGAQgAA,Monday: 10:30 AM – 8:30 PM | Tuesday: 10:30 AM – 8:30 PM | Wednesday: 10:30 AM – 8:30 PM | Thursday: 10:30 AM – 8:30 PM | Friday: 10:30 AM – 8:30 PM | Saturday: 10:30 AM – 8:30 PM | Sunday: 10:30 AM – 8:30 PM,Google Places API (New) Nearby Search,2026-09-02T15:22:51+00:00
ChIJ41I_Tm-xij4RGDLRsXuw3Ow,Royal Nails Beauty Lounge,DIRECT,"beauty_salon, nail_salon",nail_salon,Nail salon,"nail_salon, beauty_salon, service, point_of_interest, establishment","Asharej Roundabout, 138th St, Villa C1 - المويجعي - عود بن صقحان - أبو ظبي",24.2088814,55.6876623,4.5,191.0,OPERATIONAL,+971 800 769259,https://www.fresha.com/book-now/royal-nails-beauty-lounge-jnilxx1i/all-offer?pId=551709,https://maps.google.com/?cid=17067710733138080280&g_mp=Cilnb29nbGUubWFwcy5wbGFjZXMudjEuUGxhY2VzLlNlYXJjaE5lYXJieRACGAQgAA,Monday: 10:00 AM – 10:00 PM | Tuesday: 10:00 AM – 10:00 PM | Wednesday: 10:00 AM – 10:00 PM | Thursday: 10:00 AM – 10:00 PM | Friday: 10:00 AM – 10:00 PM | Saturday: 10:00 AM – 10:00 PM | Sunday: 10:00 AM – 10:00 PM,Google Places API (New) Nearby Search,2026-09-02T15:22:51+00:00
ChIJ99Q0xv1JXj4R1dwKWp8HjTQ,Urban Cuts Barbershop (Al Reef),DIRECT,hair_salon,barber_shop,Barber shop,"barber_shop, hair_salon, hair_care, service, health, point_of_interest, establishment",Al Reef Downtown - الريف - أبو ظبي,24.457630599999998,54.673306999999994,4.7,191.0,OPERATIONAL,+971 2 584 9099,https://www.urbancuts.ae/,https://maps.google.com/?cid=3786691242680310997&g_mp=Cilnb29nbGUubWFwcy5wbGFjZXMudjEuUGxhY2VzLlNlYXJjaE5lYXJieRACGAQgAA,Monday: 10:00 AM – 10:00 PM | Tuesday: 10:00 AM – 10:00 PM | Wednesday: 10:00 AM – 10:00 PM | Thursday: 10:00 AM – 10:00 PM | Friday: 10:00 AM – 10:00 PM | Saturday: 10:00 AM – 10:00 PM | Sunday: 10:00 AM – 10:00 PM,Google Places API (New) Nearby Search,2026-09-02T15:22:51+00:00
ChIJxyUlX85FXj4RXRI9AG9LISg,Skin Glow Facial Center,DIRECT,"beauty_salon, spa",service,Services,"skin_care_clinic, massage_spa, beauty_salon, spa, massage, medical_clinic, store, service, health, point_of_interest, establishment",178 Al Rahah Street - Beach - شارع القناة - الرَّاحَة - شاطئ الراحة غرب 5 - أبو ظبي,24.445646099999998,54.5953667,4.7,190.0,OPERATIONAL,+971 54 565 4768,http://www.skinglowfacialcenter.com/,https://maps.google.com/?cid=2891675375866024541&g_mp=Cilnb29nbGUubWFwcy5wbGFjZXMudjEuUGxhY2VzLlNlYXJjaE5lYXJieRACGAQgAA,Monday: 11:00 AM – 9:00 PM | Tuesday: 11:00 AM – 9:00 PM | Wednesday: 11:00 AM – 9:00 PM | Thursday: 11:00 AM – 9:00 PM | Friday: 11:00 AM – 9:00 PM | Saturday: 11:00 AM – 9:00 PM | Sunday: 11:00 AM – 9:00 PM,Google Places API (New) Nearby Search,2026-09-02T15:22:51+00:00
ChIJ4UkIgGJFXj4Rqq_4olKf64c,White Angel Centre,DIRECT,hair_salon,hair_salon,Hair salon,"hair_salon, hair_care, point_of_interest, service, establishment",15 Ibn Seena St - Yas Island - YS3 04 - Abu Dhabi,24.493464000000003,54.5866737,4.6,190.0,OPERATIONAL,+971 2 551 8487,https://instagram.com/w.a.mh?igshid=cHJyaW9kOWRoMWpo,https://maps.google.com/?cid=9794096991917617066&g_mp=Cilnb29nbGUubWFwcy5wbGFjZXMudjEuUGxhY2VzLlNlYXJjaE5lYXJieRACGAQgAA,Monday: 10:00 AM – 12:00 AM | Tuesday: 10:00 AM – 12:00 AM | Wednesday: 10:00 AM – 12:00 AM | Thursday: 10:00 AM – 12:00 AM | Friday: 10:00 AM – 12:00 AM | Saturday: 10:00 AM – 12:00 AM | Sunday: 10:00 AM – 12:00 AM,Google Places API (New) Nearby Search,2026-09-02T15:22:51+00:00
ChIJbSN1CLFPXj4Rl9x9Aro5dag,Solange Beauty Ladies Salon,DIRECT,beauty_salon,beauty_salon,Beauty salon,"beauty_salon, service, point_of_interest, establishment",مقابل ديرفيلدز مول - Al Shahama - New Shahamah - Abu Dhabi,24.5312962,54.6803093,3.9,189.0,OPERATIONAL,+971 2 642 3057,https://instagram.com/solange_beautysalon?igshid=YmMyMTA2M2Y=,https://maps.google.com/?cid=12138671841715543191&g_mp=Cilnb29nbGUubWFwcy5wbGFjZXMudjEuUGxhY2VzLlNlYXJjaE5lYXJieRACGAQgAA,Monday: 12:00 – 9:00 PM | Tuesday: 12:00 – 9:00 PM | Wednesday: 10:00 AM – 10:00 PM | Thursday: 10:00 AM – 10:00 PM | Friday: 10:00 AM – 10:00 PM | Saturday: 10:00 AM – 10:00 PM | Sunday: 10:00 AM – 10:00 PM,Google Places API (New) Nearby Search,2026-09-02T15:22:51+00:00
ChIJg2qsgy5lXz4RjFk-ES29Ojw,BLOOMS MINI MART & CAFETERIA,DIRECT,hair_salon,food_delivery,Food delivery,"hair_salon, coffee_shop, cafe, food_delivery, grocery_store, hair_care, food_store, food, store, point_of_interest, service, establishment","49FH+H9M Sheikha Ali, Mosque - Nadd Hessa - Dubai Silicon Oasis - Dubai",25.1241064,55.378250699999995,3.7,186.0,OPERATIONAL,+971 4 332 8065,,https://maps.google.com/?cid=4339989192185371020&g_mp=Cilnb29nbGUubWFwcy5wbGFjZXMudjEuUGxhY2VzLlNlYXJjaE5lYXJieRACGAQgAA,Monday: 9:00 AM – 12:00 AM | Tuesday: 9:00 AM – 12:00 AM | Wednesday: 9:00 AM – 12:00 AM | Thursday: 9:00 AM – 12:00 AM | Friday: 9:00 AM – 12:00 AM | Saturday: 9:00 AM – 12:00 AM | Sunday: 9:00 AM – 12:00 AM,Google Places API (New) Nearby Search,2026-09-02T15:22:51+00:00
ChIJ27NNoSxfXz4RzhvOVsqbLlw,Golden Lotus Beauty Salon,DIRECT,spa,beauty_salon,Beauty salon,"beauty_salon, spa, point_of_interest, service, establishment",Muwaileh Commercial - Industrial AreaMuwailih Commercial - Sharjah,25.3073016,55.4553114,4.6,186.0,OPERATIONAL,+971 6 538 1666,,https://maps.google.com/?cid=6642417793760107470&g_mp=Cilnb29nbGUubWFwcy5wbGFjZXMudjEuUGxhY2VzLlNlYXJjaE5lYXJieRACGAQgAA,Monday: 11:00 AM – 10:00 PM | Tuesday: 11:00 AM – 10:00 PM | Wednesday: 11:00 AM – 10:00 PM | Thursday: 11:00 AM – 10:00 PM | Friday: 11:00 AM – 10:00 PM | Saturday: 11:00 AM – 10:00 PM | Sunday: 11:00 AM – 10:00 PM,Google Places API (New) Nearby Search,2026-09-02T15:22:51+00:00
ChIJq6qqqv1YXz4RaNpdZFGR3P0,Vanillia Beauty Center,DIRECT,beauty_salon,beauty_salon,Beauty salon,"beauty_salon, point_of_interest, service, establishment",8F53+9Q7 - Muwaileh Commercial - Industrial Area - Sharjah,25.3084167,55.45440920000001,4.3,185.0,OPERATIONAL,+971 56 287 3000,http://vanillia.ae/,https://maps.google.com/?cid=18292655565234362984&g_mp=Cilnb29nbGUubWFwcy5wbGFjZXMudjEuUGxhY2VzLlNlYXJjaE5lYXJieRACGAQgAA,Monday: 11:00 AM – 10:00 PM | Tuesday: 11:00 AM – 10:00 PM | Wednesday: 11:00 AM – 10:00 PM | Thursday: 11:00 AM – 10:00 PM | Friday: 12:00 – 10:00 PM | Saturday: 11:00 AM – 10:00 PM | Sunday: 11:00 AM – 10:00 PM,Google Places API (New) Nearby Search,2026-09-02T15:22:51+00:00
ChIJ0XhC7Tx19j4RJfHwMVadbfU,majesty Men Care Center,DIRECT,"beauty_salon, hair_salon, nail_salon, spa",barber_shop,Barber shop,"barber_shop, nail_salon, massage_spa, hair_salon, hair_care, massage, spa, beauty_salon, health, point_of_interest, service, establishment",70 Khuzam St - Khuzam - Ras Al Khaimah,25.767405399999998,55.9344975,4.9,185.0,OPERATIONAL,+971 50 133 0625,https://instagram.com/centermajesty?igshid=YmMyMTA2M2Y=,https://maps.google.com/?cid=17684964305284428069&g_mp=Cilnb29nbGUubWFwcy5wbGFjZXMudjEuUGxhY2VzLlNlYXJjaE5lYXJieRACGAQgAA,Monday: 10:00 AM – 11:00 PM | Tuesday: 10:00 AM – 11:00 PM | Wednesday: 10:00 AM – 11:00 PM | Thursday: 10:00 AM – 11:00 PM | Friday: 2:00 – 11:00 PM | Saturday: 10:00 AM – 11:00 PM | Sunday: 10:00 AM – 11:00 PM,Google Places API (New) Nearby Search,2026-09-02T15:22:51+00:00
ChIJ8a14IlZrXz4RGsZ0xqnyzMM,Nail Candy Beauty Spa,DIRECT,nail_salon,nail_salon,Nail salon,"nail_salon, beauty_salon, point_of_interest, service, establishment",Al Marsa St - Dubai Marina - Dubai,25.0792382,55.1444883,4.5,184.0,OPERATIONAL,+971 4 425 7788,https://www.nailcandy.ae/,https://maps.google.com/?cid=14108918543637857818&g_mp=Cilnb29nbGUubWFwcy5wbGFjZXMudjEuUGxhY2VzLlNlYXJjaE5lYXJieRACGAQgAA,Monday: 11:00 AM – 9:00 PM | Tuesday: 11:00 AM – 9:00 PM | Wednesday: 11:00 AM – 9:00 PM | Thursday: 11:00 AM – 9:00 PM | Friday: 11:00 AM – 9:00 PM | Saturday: 11:00 AM – 9:00 PM | Sunday: Closed,Google Places API (New) Nearby Search,2026-09-02T15:22:51+00:00
ChIJS9adGiBfXz4ROf65E4Hk_-U,Nails House,DIRECT,"beauty_salon, nail_salon",nail_salon,Nail salon,"nail_salon, beauty_salon, point_of_interest, service, establishment",Muwailih Al afraan building shop 3 - تجارية مويلح - المنطقة الصناعية - إمارة الشارقةّ,25.3077179,55.4534959,4.6,184.0,OPERATIONAL,+971 58 576 8785,,https://maps.google.com/?cid=16573216396779585081&g_mp=Cilnb29nbGUubWFwcy5wbGFjZXMudjEuUGxhY2VzLlNlYXJjaE5lYXJieRACGAQgAA,Monday: 11:00 AM – 10:00 PM | Tuesday: 11:00 AM – 10:00 PM | Wednesday: 11:00 AM – 10:00 PM | Thursday: 11:00 AM – 10:00 PM | Friday: 11:00 AM – 10:00 PM | Saturday: 11:00 AM – 10:00 PM | Sunday: 11:00 AM – 10:00 PM,Google Places API (New) Nearby Search,2026-09-02T15:22:51+00:00
ChIJoeXl309rXz4RNxdA5jxJ0MM,صالون بابلون للرجال Babylon Gents Salon,DIRECT,"hair_salon, nail_salon",barber_shop,Barber shop,"barber_shop, nail_salon, massage_spa, hair_salon, hair_care, massage, spa, beauty_salon, health, point_of_interest, service, establishment",Emerald Building Shop No 2 - البرشاء الأولى - البرشاء - دبي,25.115132499999998,55.1985094,4.8,184.0,OPERATIONAL,+971 4 547 7278,https://babylongentssalon.com/,https://maps.google.com/?cid=14109858158461589303&g_mp=Cilnb29nbGUubWFwcy5wbGFjZXMudjEuUGxhY2VzLlNlYXJjaE5lYXJieRACGAQgAA,Monday: 10:00 AM – 12:00 AM | Tuesday: 10:00 AM – 12:00 AM | Wednesday: 10:00 AM – 12:00 AM | Thursday: 10:00 AM – 12:00 AM | Friday: 10:00 AM – 12:00 AM | Saturday: 10:00 AM – 12:00 AM | Sunday: 10:00 AM – 12:00 AM,Google Places API (New) Nearby Search,2026-09-02T15:22:51+00:00
ChIJdYoDDmKtij4R1CnCBKUsNvI,فيروم سبا - Virum Spa,DIRECT,"beauty_salon, hair_salon, nail_salon, spa",spa,Spa,"spa, nail_salon, hair_salon, sauna, skin_care_clinic, beauty_salon, hair_care, massage, medical_clinic, public_bath, service, health, point_of_interest, establishment",Al Ain - Al Markhaniyyah - Muaifaa - Abu Dhabi,24.2268223,55.6600935,4.5,184.0,OPERATIONAL,+971 3 733 4717,https://linktr.ee/virumspa,https://maps.google.com/?cid=17453186493181995476&g_mp=Cilnb29nbGUubWFwcy5wbGFjZXMudjEuUGxhY2VzLlNlYXJjaE5lYXJieRACGAQgAA,Monday: 10:00 AM – 11:00 PM | Tuesday: 10:00 AM – 11:00 PM | Wednesday: 10:00 AM – 11:00 PM | Thursday: 10:00 AM – 11:00 PM | Friday: 2:00 – 11:00 PM | Saturday: 10:00 AM – 11:00 PM | Sunday: 10:00 AM – 11:00 PM,Google Places API (New) Nearby Search,2026-09-02T15:22:51+00:00
ChIJV8rMtqhHXj4R1k1OzNyPle4,Lavender lashes and nails,DIRECT,"beauty_salon, hair_salon, nail_salon",beauty_salon,Beauty salon,"beauty_salon, nail_salon, hair_salon, hair_care, supplier, service, point_of_interest, establishment",Liwa canal view - Al Rahah - RBW3 - Abu Dhabi,24.450534599999997,54.6130253,4.4,183.0,OPERATIONAL,+971 52 947 5558,,https://maps.google.com/?cid=17191805331039997398&g_mp=Cilnb29nbGUubWFwcy5wbGFjZXMudjEuUGxhY2VzLlNlYXJjaE5lYXJieRACGAQgAA,Monday: 12:00 – 11:00 PM | Tuesday: 12:00 – 11:00 PM | Wednesday: 12:00 – 11:00 PM | Thursday: 12:00 – 11:00 PM | Friday: 12:00 – 11:00 PM | Saturday: 12:00 – 11:00 PM | Sunday: 12:00 – 11:00 PM,Google Places API (New) Nearby Search,2026-09-02T15:22:51+00:00
ChIJ7x4o8xdRXj4RL8VExl8E4AM,Ambiance Men Spa Salon,DIRECT,"beauty_salon, nail_salon, spa",barber_shop,Barber shop,"barber_shop, nail_salon, massage_spa, beauty_salon, spa, hair_care, massage, service, health, point_of_interest, establishment",Al Shahama - Abu Dhabi Rd - Al Shahama - Al Shahamah Old - Abu Dhabi,24.5534958,54.6941304,4.0,182.0,OPERATIONAL,+971 56 553 2557,https://instagram.com/ambiancemenspasalon?igshid=MzRlODBiNWFlZA==,https://maps.google.com/?cid=279227986291770671&g_mp=Cilnb29nbGUubWFwcy5wbGFjZXMudjEuUGxhY2VzLlNlYXJjaE5lYXJieRACGAQgAA,Monday: 11:00 AM – 11:00 PM | Tuesday: 11:00 AM – 11:00 PM | Wednesday: 11:00 AM – 11:00 PM | Thursday: 11:00 AM – 11:00 PM | Friday: 11:00 AM – 11:00 PM | Saturday: 11:00 AM – 11:00 PM | Sunday: 11:00 AM – 11:00 PM,Google Places API (New) Nearby Search,2026-09-02T15:22:51+00:00
ChIJQ2ZHhag4Xj4R7pQL28Qeifw,Karameesh Gents & Kids Salon,DIRECT,hair_salon,hair_salon,Hair salon,"hair_salon, hair_care, service, point_of_interest, establishment",Mussafah commercial - city - 66th street - مدينة محمد بن زايد - محمد بن زايد شرق 10 - أبو ظبي,24.3345248,54.5321733,4.3,182.0,OPERATIONAL,+971 2 556 5552,http://www.karameeshsalon.com/,https://maps.google.com/?cid=18197109600204592366&g_mp=Cilnb29nbGUubWFwcy5wbGFjZXMudjEuUGxhY2VzLlNlYXJjaE5lYXJieRACGAQgAA,Monday: 8:00 AM – 11:00 PM | Tuesday: 8:00 AM – 11:00 PM | Wednesday: 8:00 AM – 11:00 PM | Thursday: 8:00 AM – 11:00 PM | Friday: 8:00 AM – 11:00 PM | Saturday: 8:00 AM – 11:00 PM | Sunday: 8:00 AM – 11:00 PM,Google Places API (New) Nearby Search,2026-09-02T15:22:51+00:00
ChIJdcRBKP5jXz4RC5T5xeFTq0g,Silvio Gents Salon - Dubai,DIRECT,hair_salon,hair_salon,Hair salon,"barber_shop, hair_salon, beauty_salon, hair_care, spa, point_of_interest, health, service, establishment",Al Manama St - Warsan Fourth - Dubai,25.1485733,55.4063854,4.5,182.0,OPERATIONAL,+971 50 578 1718,https://www.silvioalkassab.com/,https://maps.google.com/?cid=5236371220902548491&g_mp=Cilnb29nbGUubWFwcy5wbGFjZXMudjEuUGxhY2VzLlNlYXJjaE5lYXJieRACGAQgAA,Monday: 10:00 AM – 12:00 AM | Tuesday: 10:00 AM – 12:00 AM | Wednesday: 10:00 AM – 12:00 AM | Thursday: 10:00 AM – 12:00 AM | Friday: 10:00 AM – 12:00 AM | Saturday: 10:00 AM – 12:00 AM | Sunday: 10:00 AM – 12:00 AM,Google Places API (New) Nearby Search,2026-09-02T15:22:51+00:00
ChIJ22WvAxZPXj4Rba0b6Csy-Ck,Pochinki for men salon khalifa city,DIRECT,hair_salon,hair_salon,Hair salon,"hair_salon, hair_care, service, point_of_interest, establishment",CJV7+G4 - Khalifa City - SE45 - Abu Dhabi,24.443619100000003,54.6129975,4.6,181.0,OPERATIONAL,+971 50 398 0900,,https://maps.google.com/?cid=3024222313938398573&g_mp=Cilnb29nbGUubWFwcy5wbGFjZXMudjEuUGxhY2VzLlNlYXJjaE5lYXJieRACGAQgAA,Monday: 10:00 AM – 12:00 AM | Tuesday: 10:00 AM – 12:00 AM | Wednesday: 10:00 AM – 12:00 AM | Thursday: 10:00 AM – 12:00 AM | Friday: 10:00 AM – 12:00 AM | Saturday: 10:00 AM – 12:00 AM | Sunday: 10:00 AM – 12:00 AM,Google Places API (New) Nearby Search,2026-09-02T15:22:51+00:00
ChIJkbpRWACvij4RvV8mBcToWBE,صالون ميس وررد,DIRECT,"beauty_salon, nail_salon",nail_salon,Nail salon,"nail_salon, beauty_salon, service, point_of_interest, establishment",'Asharij - Bida Bin Ammar - Abu Dhabi,24.1982389,55.661967,4.0,181.0,OPERATIONAL,+971 55 621 3640,,https://maps.google.com/?cid=1250004825192947645&g_mp=Cilnb29nbGUubWFwcy5wbGFjZXMudjEuUGxhY2VzLlNlYXJjaE5lYXJieRACGAQgAA,Monday: 10:30 AM – 10:00 PM | Tuesday: 10:30 AM – 10:00 PM | Wednesday: 10:30 AM – 10:00 PM | Thursday: 10:30 AM – 10:00 PM | Friday: 10:30 AM – 10:00 PM | Saturday: 10:30 AM – 10:00 PM | Sunday: 10:30 AM – 10:00 PM,Google Places API (New) Nearby Search,2026-09-02T15:22:51+00:00
ChIJxwm73mkTXz4R6FK0YeM2Umg,Back Alive Barbershop,DIRECT,"beauty_salon, hair_salon",barber_shop,Barber shop,"barber_shop, hair_salon, hair_care, beauty_salon, health, point_of_interest, service, establishment","Stella Maris Tower, Floor B1 - دبي مارينا - دبي",25.0699428,55.132489199999995,4.6,180.0,OPERATIONAL,+971 4 342 3688,https://backalivebarbershop.com/,https://maps.google.com/?cid=7517131078259462888&g_mp=Cilnb29nbGUubWFwcy5wbGFjZXMudjEuUGxhY2VzLlNlYXJjaE5lYXJieRACGAQgAA,Monday: 10:00 AM – 10:00 PM | Tuesday: 10:00 AM – 10:00 PM | Wednesday: 10:00 AM – 10:00 PM | Thursday: 10:00 AM – 10:00 PM | Friday: 10:00 AM – 10:00 PM | Saturday: 10:00 AM – 10:00 PM | Sunday: 10:00 AM – 10:00 PM,Google Places API (New) Nearby Search,2026-09-02T15:22:51+00:00
ChIJ-cOVENZhXz4RHu_PvQSKXgc,Rosalina Beauty Saloon. LLC,DIRECT,"beauty_salon, hair_salon, nail_salon",beauty_salon,Beauty salon,"beauty_salon, hair_salon, nail_salon, hair_care, store, point_of_interest, service, establishment",France R22 SHOP 12 - ورسان الأولى - France Cluster - دبي,25.1627746,55.3976039,4.2,180.0,OPERATIONAL,+971 55 754 7825,https://www.fresha.com/book-now/rosalina-beauty-saloon-t5043cd4/all-offer?pId=1122690,https://maps.google.com/?cid=531013559045320478&g_mp=Cilnb29nbGUubWFwcy5wbGFjZXMudjEuUGxhY2VzLlNlYXJjaE5lYXJieRACGAQgAA,Monday: 10:00 AM – 10:00 PM | Tuesday: 10:00 AM – 10:00 PM | Wednesday: 10:00 AM – 10:00 PM | Thursday: 10:00 AM – 10:00 PM | Friday: 12:00 – 10:00 PM | Saturday: 10:00 AM – 10:00 PM | Sunday: 10:00 AM – 10:00 PM,Google Places API (New) Nearby Search,2026-09-02T15:22:51+00:00
ChIJ3RuWcyxnXz4RCLO-jnWZGz0,Yasmine Beauty Salon صالون ياسمين,DIRECT,beauty_salon,beauty_salon,Beauty salon,"beauty_salon, point_of_interest, service, establishment",Al Warqa'a First - Al Warqa 1 - Dubai,25.1938556,55.3989506,4.4,179.0,OPERATIONAL,+971 4 273 2868,https://instagram.com/yasmine_beauty_salon_dubai?igshid=OGQ5ZDc2ODk2ZA==,https://maps.google.com/?cid=4403281790869877512&g_mp=Cilnb29nbGUubWFwcy5wbGFjZXMudjEuUGxhY2VzLlNlYXJjaE5lYXJieRACGAQgAA,Monday: 11:45 AM – 12:00 AM | Tuesday: 11:45 AM – 12:00 AM | Wednesday: 11:45 AM – 12:00 AM | Thursday: 11:45 AM – 12:00 AM | Friday: 11:45 AM – 12:00 AM | Saturday: 11:45 AM – 12:00 AM | Sunday: 11:45 AM – 12:00 AM,Google Places API (New) Nearby Search,2026-09-02T15:22:51+00:00
ChIJwReRVwZPXj4RpK7PtgYsZSw,Elle Beauty Lounge,DIRECT,beauty_salon,beauty_salon,Beauty salon,"beauty_salon, service, point_of_interest, establishment",A building C64 - Khalifa City - SE45 - Abu Dhabi,24.4437745,54.6134158,4.4,178.0,OPERATIONAL,+971 2 878 3277,https://www.elleuae.com/,https://maps.google.com/?cid=3199011517665095332&g_mp=Cilnb29nbGUubWFwcy5wbGFjZXMudjEuUGxhY2VzLlNlYXJjaE5lYXJieRACGAQgAA,Monday: 9:00 AM – 10:00 PM | Tuesday: 9:00 AM – 10:00 PM | Wednesday: 9:00 AM – 10:00 PM | Thursday: 9:00 AM – 10:00 PM | Friday: 9:00 AM – 10:00 PM | Saturday: 9:00 AM – 10:00 PM | Sunday: 9:00 AM – 10:00 PM,Google Places API (New) Nearby Search,2026-09-02T15:22:51+00:00
ChIJlwG5_DI3Xj4RXNhToLQcoWw,Orient Magic Beauty Center,DIRECT,beauty_salon,beauty_salon,Beauty salon,"beauty_salon, point_of_interest, service, establishment",Al Hzm St - Al Shawamekh - SHM5 - Abu Dhabi,24.34702,54.6486047,4.4,176.0,OPERATIONAL,+971 52 867 7022,https://www.instagram.com/orientmagic_?igsh=MWN3eWI1cjd0Z21mMw==,https://maps.google.com/?cid=7827569189456173148&g_mp=Cilnb29nbGUubWFwcy5wbGFjZXMudjEuUGxhY2VzLlNlYXJjaE5lYXJieRACGAQgAA,Monday: 10:00 AM – 11:00 PM | Tuesday: 10:00 AM – 11:00 PM | Wednesday: 10:00 AM – 11:00 PM | Thursday: 10:00 AM – 11:00 PM | Friday: 10:00 AM – 11:00 PM | Saturday: 10:00 AM – 11:00 PM | Sunday: 10:00 AM – 11:00 PM,Google Places API (New) Nearby Search,2026-09-02T15:22:51+00:00
ChIJsXh-qCRFXj4RPD1S74hayKA,Très Chic Beauty Lounge,DIRECT,beauty_salon,beauty_salon,Beauty salon,"beauty_salon, point_of_interest, service, establishment",AL DAR Staff Housing - Block B 2 Al Athari St - Yas Island - YS6 - Abu Dhabi,24.496552899999998,54.5991874,4.9,176.0,OPERATIONAL,+971 2 517 5810,https://www.treschicbeautylounge.com/,https://maps.google.com/?cid=11585609585587797308&g_mp=Cilnb29nbGUubWFwcy5wbGFjZXMudjEuUGxhY2VzLlNlYXJjaE5lYXJieRACGAQgAA,Monday: 10:00 AM – 10:00 PM | Tuesday: 10:00 AM – 10:00 PM | Wednesday: 10:00 AM – 10:00 PM | Thursday: 10:00 AM – 12:00 AM | Friday: 10:00 AM – 12:00 AM | Saturday: 10:00 AM – 12:00 AM | Sunday: 10:00 AM – 10:00 PM,Google Places API (New) Nearby Search,2026-09-02T15:22:51+00:00
ChIJLwJz4iE3Xj4RJU4kyWBwJD8,Peony Beauty Center,DIRECT,beauty_salon,beauty_salon,Beauty salon,"beauty_salon, point_of_interest, service, establishment",Omair Bin Yousef Al Muhairi St - Bani Yas - East 11 - Abu Dhabi,24.3071374,54.6487473,3.9,175.0,OPERATIONAL,+971 2 585 3142,,https://maps.google.com/?cid=4549885084544814629&g_mp=Cilnb29nbGUubWFwcy5wbGFjZXMudjEuUGxhY2VzLlNlYXJjaE5lYXJieRACGAQgAA,Monday: 11:00 AM – 10:00 PM | Tuesday: 11:00 AM – 10:00 PM | Wednesday: 11:00 AM – 10:00 PM | Thursday: 11:00 AM – 10:00 PM | Friday: 11:00 AM – 10:00 PM | Saturday: 11:00 AM – 10:00 PM | Sunday: 11:00 AM – 10:00 PM,Google Places API (New) Nearby Search,2026-09-02T15:22:51+00:00
ChIJk27KicFhXz4RQpyMtihuVLo,Nihals Hair and Beauty Salon in International City Dubai,DIRECT,"hair_salon, nail_salon",beauty_salon,Beauty salon,"beauty_salon, makeup_artist, hair_salon, nail_salon, body_art_service, hair_care, point_of_interest, service, establishment",France Cluster P06 SHOP NO-4 - ورسان الأولى - مدينة دبي العالمية - دبي,25.1605037,55.4038487,4.9,173.0,OPERATIONAL,+971 50 889 3556,http://nihalssalon.com/,https://maps.google.com/?cid=13426477510238706754&g_mp=Cilnb29nbGUubWFwcy5wbGFjZXMudjEuUGxhY2VzLlNlYXJjaE5lYXJieRACGAQgAA,Monday: Closed | Tuesday: 11:00 AM – 10:00 PM | Wednesday: 11:00 AM – 10:00 PM | Thursday: 11:00 AM – 10:00 PM | Friday: 12:00 – 10:00 PM | Saturday: 11:00 AM – 10:00 PM | Sunday: 11:00 AM – 10:00 PM,Google Places API (New) Nearby Search,2026-09-02T15:22:51+00:00
ChIJLySq1BxFXj4Rgiy9C0CqB30,Little Scissors Kids Salon | صالون ليتل سيزر لأطفال,DIRECT,beauty_salon,barber_shop,Barber shop,"barber_shop, cosmetics_store, hair_care, beauty_salon, store, health, point_of_interest, service, establishment",Yas Mall - Yas Island - YS1 - Abu Dhabi,24.4873673,54.6068852,4.3,172.0,OPERATIONAL,+971 56 417 1583,http://www.littlescissorssalon.ae/,https://maps.google.com/?cid=9009356771629542530&g_mp=Cilnb29nbGUubWFwcy5wbGFjZXMudjEuUGxhY2VzLlNlYXJjaE5lYXJieRACGAQgAA,Monday: 10:00 AM – 10:00 PM | Tuesday: 10:00 AM – 10:00 PM | Wednesday: 10:00 AM – 10:00 PM | Thursday: 10:00 AM – 10:00 PM | Friday: 10:00 AM – 12:00 AM | Saturday: 10:00 AM – 12:00 AM | Sunday: 10:00 AM – 10:00 PM,Google Places API (New) Nearby Search,2026-09-02T15:22:51+00:00
ChIJ4dmgO-9hXz4Rs5WytTfD5r4,Nail Studio Mirdif,DIRECT,"beauty_salon, nail_salon",nail_salon,Nail salon,"nail_salon, beauty_salon, point_of_interest, service, establishment",999c Al Khawaneej St - Mirdif - Dubai,25.232888,55.4321906,4.4,172.0,OPERATIONAL,+971 4 385 5226,https://linktr.ee/nailstudiomirdif,https://maps.google.com/?cid=13755896755888756147&g_mp=Cilnb29nbGUubWFwcy5wbGFjZXMudjEuUGxhY2VzLlNlYXJjaE5lYXJieRACGAQgAA,Monday: 10:00 AM – 10:00 PM | Tuesday: 10:00 AM – 10:00 PM | Wednesday: 10:00 AM – 10:00 PM | Thursday: 10:00 AM – 10:00 PM | Friday: 10:00 AM – 10:00 PM | Saturday: 10:00 AM – 10:00 PM | Sunday: 10:00 AM – 10:00 PM,Google Places API (New) Nearby Search,2026-09-02T15:22:51+00:00
ChIJaZVR4APfLYoRDs8nQwNkq7A,"Cutting Edge Ladies Salon I Mega Mall, Sharjah | Ladies Beauty Salon In Sharjah | Cutting Edge Ladies Hairdresser",DIRECT,hair_salon,hair_salon,Hair salon,"hair_salon, hair_care, point_of_interest, service, establishment",Istiqlal Street - بو دانيج - near Immigration Office - بودانق - حي القاسمية - إمارة الشارقةّ,25.3451181,55.398596899999994,4.0,171.0,OPERATIONAL,+971 52 186 5938,https://cuttingedgeladies.com/,https://maps.google.com/?cid=12730378736867200782&g_mp=Cilnb29nbGUubWFwcy5wbGFjZXMudjEuUGxhY2VzLlNlYXJjaE5lYXJieRACGAQgAA,Monday: 10:00 AM – 10:00 PM | Tuesday: 10:00 AM – 10:00 PM | Wednesday: 10:00 AM – 10:00 PM | Thursday: 10:00 AM – 10:00 PM | Friday: 10:00 AM – 12:00 AM | Saturday: 10:00 AM – 12:00 AM | Sunday: 10:00 AM – 12:00 AM,Google Places API (New) Nearby Search,2026-09-02T15:22:51+00:00
ChIJbQepX4NtXz4R8Xcv4BeD8mg,"Sasha Beauty Salon, JVC",DIRECT,nail_salon,beauty_salon,Beauty salon,"beauty_salon, nail_salon, massage_spa, hair_salon, hair_care, massage, spa, point_of_interest, service, establishment",Binghatti Corner - Al Barsha South Fourth - Jumeirah Village Circle - Dubai,25.064021999999998,55.2014389,4.8,171.0,OPERATIONAL,+971 4 570 9703,https://sashabeautysalon.ae/jvc-branch/,https://maps.google.com/?cid=7562250862877177841&g_mp=Cilnb29nbGUubWFwcy5wbGFjZXMudjEuUGxhY2VzLlNlYXJjaE5lYXJieRACGAQgAA,Monday: 11:00 AM – 9:00 PM | Tuesday: 11:00 AM – 9:00 PM | Wednesday: 11:00 AM – 9:00 PM | Thursday: 11:00 AM – 9:00 PM | Friday: 11:00 AM – 9:00 PM | Saturday: 11:00 AM – 9:00 PM | Sunday: 11:00 AM – 9:00 PM,Google Places API (New) Nearby Search,2026-09-02T15:22:51+00:00
ChIJ7TeG6gdfXz4R23XbCDrp5lM,Derma One Sparkle Medical Center - مركز ديرما وان سباركل الطبي,DIRECT,beauty_salon,medical_center,Medical Center,"medical_center, hair_care, beautician, beauty_salon, doctor, hospital, medical_clinic, health, point_of_interest, service, establishment",Etihad Mall - Gate no 2 First Floor - Muhaisnah First - Muhaisnah - Dubai,25.2369627,55.4207348,4.5,170.0,OPERATIONAL,+971 52 222 2794,http://dermaonesparkle.com/,https://maps.google.com/?cid=6045775985257444827&g_mp=Cilnb29nbGUubWFwcy5wbGFjZXMudjEuUGxhY2VzLlNlYXJjaE5lYXJieRACGAQgAA,Monday: 9:00 AM – 9:00 PM | Tuesday: 9:00 AM – 9:00 PM | Wednesday: 9:00 AM – 9:00 PM | Thursday: 9:00 AM – 9:00 PM | Friday: 9:00 AM – 7:30 PM | Saturday: 9:00 AM – 9:00 PM | Sunday: 9:00 AM – 9:00 PM,Google Places API (New) Nearby Search,2026-09-02T15:22:51+00:00
ChIJm1gKcAhpXj4RtVHtytsjU04,The Hair Bar Beauty lounge,DIRECT,beauty_salon,beauty_salon,Beauty salon,"beauty_salon, point_of_interest, service, establishment",Bani Yas - EB8 - Abu Dhabi,24.294043100000003,54.6378433,4.3,170.0,OPERATIONAL,+971 2 631 1343,https://www.fresha.com/book-now/hair-bar-ladies-salon-lyic2j9e/all-offer?pId=634896,https://maps.google.com/?cid=5643894184934724021&g_mp=Cilnb29nbGUubWFwcy5wbGFjZXMudjEuUGxhY2VzLlNlYXJjaE5lYXJieRACGAQgAA,Monday: 10:00 AM – 10:00 PM | Tuesday: 10:00 AM – 10:00 PM | Wednesday: 10:00 AM – 10:00 PM | Thursday: 10:00 AM – 10:00 PM | Friday: 10:00 AM – 10:30 PM | Saturday: 10:00 AM – 10:30 PM | Sunday: 10:00 AM – 10:30 PM,Google Places API (New) Nearby Search,2026-09-02T15:22:51+00:00
ChIJP_C8v9pbXz4RnnmAdu9SxYo,VALENCIA LADIES SALON LLC,DIRECT,"hair_salon, nail_salon",beauty_salon,Beauty salon,"beauty_salon, nail_salon, massage_spa, hair_salon, hair_care, massage, spa, point_of_interest, service, establishment",Corner Bilal Bin Rabah St - Al Nad - Hay Al Qasimiah - Sharjah,25.340733699999998,55.3930213,4.8,166.0,OPERATIONAL,+971 50 870 3162,,https://maps.google.com/?cid=9999489736084847006&g_mp=Cilnb29nbGUubWFwcy5wbGFjZXMudjEuUGxhY2VzLlNlYXJjaE5lYXJieRACGAQgAA,Monday: 11:00 AM – 10:00 PM | Tuesday: 11:00 AM – 10:00 PM | Wednesday: 11:00 AM – 10:00 PM | Thursday: 11:00 AM – 10:00 PM | Friday: 2:00 – 10:00 PM | Saturday: 11:00 AM – 10:00 PM | Sunday: 11:00 AM – 10:00 PM,Google Places API (New) Nearby Search,2026-09-02T15:22:51+00:00
ChIJ17kOD-exij4RJ9DJM4hBxCo,Lavita Beauty Center,DIRECT,beauty_salon,beauty_salon,Beauty salon,"beauty_salon, service, point_of_interest, establishment",Asharij Dist - Al Dirasah St - 'Asharij - Al Dafeinah - Abu Dhabi,24.2042188,55.6764394,4.0,165.0,OPERATIONAL,+971 3 737 7533,,https://maps.google.com/?cid=3081660098268483623&g_mp=Cilnb29nbGUubWFwcy5wbGFjZXMudjEuUGxhY2VzLlNlYXJjaE5lYXJieRACGAQgAA,Monday: 10:00 AM – 9:30 PM | Tuesday: 10:00 AM – 9:30 PM | Wednesday: 10:00 AM – 9:30 PM | Thursday: 10:00 AM – 9:30 PM | Friday: 10:00 AM – 9:30 PM | Saturday: 10:00 AM – 9:30 PM | Sunday: 10:00 AM – 9:30 PM,Google Places API (New) Nearby Search,2026-09-02T15:22:51+00:00
ChIJ6WvjJUxpXj4RBrEpujZgm_0,Magio Hair Experience - Al Mushrif,DIRECT,"beauty_salon, hair_salon, nail_salon, spa",beauty_salon,Beauty salon,"beauty_salon, nail_salon, makeup_artist, massage_spa, hair_salon, hair_care, massage, spa, point_of_interest, service, establishment",Al bustan complex Shop 7 - السعادة - Zone 1 - أبو ظبي,24.4290432,54.4286937,4.9,165.0,OPERATIONAL,+971 2 673 4827,https://www.magiohair.com/,https://maps.google.com/?cid=18274305701153714438&g_mp=Cilnb29nbGUubWFwcy5wbGFjZXMudjEuUGxhY2VzLlNlYXJjaE5lYXJieRACGAQgAA,Monday: 9:00 AM – 9:00 PM | Tuesday: 9:00 AM – 9:00 PM | Wednesday: 9:00 AM – 9:00 PM | Thursday: 9:00 AM – 9:00 PM | Friday: 9:00 AM – 9:00 PM | Saturday: 9:00 AM – 9:00 PM | Sunday: 9:00 AM – 9:00 PM,Google Places API (New) Nearby Search,2026-09-02T15:22:51+00:00
ChIJqbZoi0E3Xj4RqvcwgAiD-I0,Octa ladies beauty center,DIRECT,beauty_salon,beauty_salon,Beauty salon,"beauty_salon, point_of_interest, service, establishment",10 Al Musawamah - Bani Yas - Baniyas West - Abu Dhabi,24.300845600000002,54.616661699999995,4.8,164.0,OPERATIONAL,+971 2 550 8434,https://www.octabeauty.ae/,https://maps.google.com/?cid=10230070626105751466&g_mp=Cilnb29nbGUubWFwcy5wbGFjZXMudjEuUGxhY2VzLlNlYXJjaE5lYXJieRACGAQgAA,Monday: 11:00 AM – 10:00 PM | Tuesday: 11:00 AM – 10:00 PM | Wednesday: 11:00 AM – 10:00 PM | Thursday: 11:00 AM – 10:00 PM | Friday: 11:00 AM – 10:00 PM | Saturday: 11:00 AM – 10:00 PM | Sunday: 11:00 AM – 10:00 PM,Google Places API (New) Nearby Search,2026-09-02T15:22:51+00:00
ChIJnbUMv8FFXj4RNd5I0EaxNd0,Ivy Beauty and Bubbles at The WB Abu Dhabi,DIRECT,hair_salon,hair_salon,Hair salon,"hair_salon, hair_care, point_of_interest, service, establishment",Curio Collection by Hilton - 1st Floor - Yas Island - YS4 - Abu Dhabi,24.4885217,54.5976449,4.8,163.0,OPERATIONAL,+971 58 665 8678,https://ivyabudhabi.com/,https://maps.google.com/?cid=15939841373848002101&g_mp=Cilnb29nbGUubWFwcy5wbGFjZXMudjEuUGxhY2VzLlNlYXJjaE5lYXJieRACGAQgAA,Monday: 9:00 AM – 8:00 PM | Tuesday: 9:00 AM – 8:00 PM | Wednesday: 9:00 AM – 8:00 PM | Thursday: 9:00 AM – 10:00 PM | Friday: 9:00 AM – 8:00 PM | Saturday: 9:00 AM – 8:00 PM | Sunday: 9:00 AM – 8:00 PM,Google Places API (New) Nearby Search,2026-09-02T15:22:51+00:00
ChIJ0-U5SDVfXz4RjzjD_EyJoHs,Pure beauty ladies salon,DIRECT,beauty_salon,beauty_salon,Beauty salon,"beauty_salon, point_of_interest, service, establishment",Muwaileh Commercial - Industrial Area - Sharjah,25.307006200000004,55.45336880000001,4.2,163.0,OPERATIONAL,+971 52 256 3060,,https://maps.google.com/?cid=8908271026690013327&g_mp=Cilnb29nbGUubWFwcy5wbGFjZXMudjEuUGxhY2VzLlNlYXJjaE5lYXJieRACGAQgAA,Monday: 10:00 AM – 10:00 PM | Tuesday: 10:00 AM – 10:00 PM | Wednesday: 10:00 AM – 10:00 PM | Thursday: 10:00 AM – 10:00 PM | Friday: 10:00 AM – 10:00 PM | Saturday: 10:00 AM – 10:00 PM | Sunday: 10:00 AM – 10:00 PM,Google Places API (New) Nearby Search,2026-09-02T15:22:51+00:00
ChIJhTfJMztRXj4RxFVl3wqJQak,Tli Beauty Lounge L.L.C صالون تلي بيوتي لاونج الشهامة,DIRECT,beauty_salon,beauty_salon,Beauty salon,"beauty_salon, service, point_of_interest, establishment",Al Mu'ayid Street - شارع التَّوَاصُل - الباهية - مزارع الباهية 2 - أبو ظبي,24.543929,54.675675899999995,4.5,163.0,OPERATIONAL,+971 2 563 6745,https://www.instagram.com/tli.ae/?hl=en,https://maps.google.com/?cid=12196179945686652356&g_mp=Cilnb29nbGUubWFwcy5wbGFjZXMudjEuUGxhY2VzLlNlYXJjaE5lYXJieRACGAQgAA,Monday: 10:00 AM – 10:00 PM | Tuesday: 10:00 AM – 10:00 PM | Wednesday: 10:00 AM – 10:00 PM | Thursday: 10:00 AM – 10:00 PM | Friday: 10:00 AM – 10:00 PM | Saturday: 10:00 AM – 10:00 PM | Sunday: 10:00 AM – 10:00 PM,Google Places API (New) Nearby Search,2026-09-02T15:22:51+00:00
ChIJ2cRwm0lynCgR06QvoTEAUV0,Blinklash Women beauty Salon - Abu Dhabi,DIRECT,nail_salon,beauty_salon,Beauty salon,"beauty_salon, nail_salon, beautician, point_of_interest, service, establishment",Thalassa Building - Al Rahah - Al Dana - Abu Dhabi,24.446167799999998,54.5802401,4.6,162.0,OPERATIONAL,+971 2 676 2989,https://blinklashbyrica.ae/,https://maps.google.com/?cid=6724155931798512851&g_mp=Cilnb29nbGUubWFwcy5wbGFjZXMudjEuUGxhY2VzLlNlYXJjaE5lYXJieRACGAQgAA,Monday: 10:00 AM – 8:00 PM | Tuesday: 10:00 AM – 8:00 AM | Wednesday: 10:00 AM – 8:00 AM | Thursday: 10:00 AM – 8:00 AM | Friday: 10:00 AM – 8:00 AM | Saturday: 10:00 AM – 8:00 AM | Sunday: 10:00 AM – 8:00 AM,Google Places API (New) Nearby Search,2026-09-02T15:22:51+00:00
ChIJmZTGYwZHXj4RUVITzCRY67A,White Angel Centre,DIRECT,hair_salon,hair_salon,Hair salon,"hair_salon, hair_care, service, point_of_interest, establishment",392 شارع الإيثار - Mohamed Bin Zayed City - Z7 - Abu Dhabi,24.3535142,54.5590688,4.5,161.0,OPERATIONAL,+971 55 232 5467,,https://maps.google.com/?cid=12748380085268206161&g_mp=Cilnb29nbGUubWFwcy5wbGFjZXMudjEuUGxhY2VzLlNlYXJjaE5lYXJieRACGAQgAA,Monday: 10:00 AM – 1:00 AM | Tuesday: 10:00 AM – 1:00 AM | Wednesday: 10:00 AM – 1:00 AM | Thursday: 10:00 AM – 1:00 AM | Friday: 10:00 AM – 1:00 AM | Saturday: 10:00 AM – 1:00 AM | Sunday: 10:00 AM – 1:00 AM,Google Places API (New) Nearby Search,2026-09-02T15:22:51+00:00
ChIJo43uxzs3Xj4RVXtbF8SINMg,Sisters Ladies Saloon,DIRECT,beauty_salon,beauty_salon,Beauty salon,"beauty_salon, point_of_interest, service, establishment",7JWQ+R7H - Bani Yas - Baniyas East - Abu Dhabi,24.2970658,54.638232699999996,3.7,159.0,OPERATIONAL,+971 2 583 5466,,https://maps.google.com/?cid=14426305882161380181&g_mp=Cilnb29nbGUubWFwcy5wbGFjZXMudjEuUGxhY2VzLlNlYXJjaE5lYXJieRACGAQgAA,Monday: 8:00 AM – 5:51 AM | Tuesday: 9:00 AM – 10:00 PM | Wednesday: 9:00 AM – 10:00 PM | Thursday: 9:00 AM – 10:00 PM | Friday: 9:00 AM – 10:00 PM | Saturday: 9:00 AM – 10:00 PM | Sunday: 8:00 AM – 5:51 AM,Google Places API (New) Nearby Search,2026-09-02T15:22:51+00:00
ChIJ2fLyQXlrXz4Rl6K19ZHZSSc,Hair by Us | Beauty Salon | Hair Salon - Tecom,DIRECT,nail_salon,beauty_salon,Beauty salon,"beauty_salon, nail_salon, hair_care, point_of_interest, service, establishment",10 - 8 Al Rabeea' 1 St - Al Thanyah First - Barsha Heights - Dubai,25.0942918,55.176914599999996,4.4,158.0,OPERATIONAL,+971 4 552 5960,http://hairbyus.ae/,https://maps.google.com/?cid=2831033061694874263&g_mp=Cilnb29nbGUubWFwcy5wbGFjZXMudjEuUGxhY2VzLlNlYXJjaE5lYXJieRACGAQgAA,Monday: 10:30 AM – 9:00 PM | Tuesday: 10:30 AM – 9:00 PM | Wednesday: 10:30 AM – 9:00 PM | Thursday: 10:30 AM – 9:00 PM | Friday: 10:30 AM – 9:00 PM | Saturday: 10:30 AM – 9:00 PM | Sunday: 10:30 AM – 9:00 PM,Google Places API (New) Nearby Search,2026-09-02T15:22:51+00:00
ChIJFYILWUhtXz4R9ftaSETqZbA,Create Beauty Spa,DIRECT,"beauty_salon, spa",massage,Massage service,"massage_spa, massage, spa, beauty_salon, health, point_of_interest, service, establishment",Shop No : 01 at Al Manara Tower - near to Novotel hotel - البرشاء جنوب الخامسة - Jumeirah Village Triangle - دبي,25.0431912,55.1937456,4.4,152.0,OPERATIONAL,+971 56 796 0515,https://createbeauty-spa.com/,https://maps.google.com/?cid=12710823102315690997&g_mp=Cilnb29nbGUubWFwcy5wbGFjZXMudjEuUGxhY2VzLlNlYXJjaE5lYXJieRACGAQgAA,Monday: 11:00 AM – 2:00 AM | Tuesday: 11:00 AM – 2:00 AM | Wednesday: 11:00 AM – 2:00 AM | Thursday: 11:00 AM – 2:00 AM | Friday: 11:00 AM – 2:00 AM | Saturday: 11:00 AM – 2:00 AM | Sunday: 11:00 AM – 2:00 AM,Google Places API (New) Nearby Search,2026-09-02T15:22:51+00:00
ChIJsfjLSXBFXj4RaCqgv4HM4Zc,TIME SQUARE Barbershop - Al Bandar,DIRECT,"beauty_salon, spa",barber_shop,Barber shop,"barber_shop, beauty_salon, spa, hair_care, supplier, manufacturer, store, service, health, point_of_interest, establishment",Al Raha St - Al Rahah - Al Bandar - Abu Dhabi,24.450062799999998,54.6010472,4.9,152.0,OPERATIONAL,+971 2 667 9146,https://tsbarbershop.com/,https://maps.google.com/?cid=10944253427124808296&g_mp=Cilnb29nbGUubWFwcy5wbGFjZXMudjEuUGxhY2VzLlNlYXJjaE5lYXJieRACGAQgAA,Monday: 10:00 AM – 10:00 PM | Tuesday: 10:00 AM – 10:00 PM | Wednesday: 10:00 AM – 10:00 PM | Thursday: 10:00 AM – 10:00 PM | Friday: 10:00 AM – 10:00 PM | Saturday: 10:00 AM – 10:00 PM | Sunday: 10:00 AM – 10:00 PM,Google Places API (New) Nearby Search,2026-09-02T15:22:51+00:00
ChIJJ1YG2bVfXz4RPqFbW8mUgPs,Barber Bell,DIRECT,hair_salon,hair_salon,Hair salon,"hair_salon, hair_care, point_of_interest, service, establishment",Muwaileh Commercial - Industrial Area - Sharjah,25.306983700000004,55.453472999999995,4.7,151.0,OPERATIONAL,+971 6 539 0552,https://www.fresha.com/ar/a/barber-bell-sharjah-sheikh-khalifa-bin-zayed-al-nahyan-road-rao3q59l,https://maps.google.com/?cid=18122648493080944958&g_mp=Cilnb29nbGUubWFwcy5wbGFjZXMudjEuUGxhY2VzLlNlYXJjaE5lYXJieRACGAQgAA,Monday: 10:00 AM – 11:30 PM | Tuesday: 10:00 AM – 11:30 PM | Wednesday: 10:00 AM – 11:30 PM | Thursday: 10:00 AM – 11:30 PM | Friday: 10:00 AM – 11:30 PM | Saturday: 10:00 AM – 11:30 PM | Sunday: 10:00 AM – 11:30 PM,Google Places API (New) Nearby Search,2026-09-02T15:22:51+00:00
ChIJB5DRKyZmXj4RDRhF9YlGekM,Charm Slimming & Beauty Center مركز شارم للرشاقة والتجميل,DIRECT,"hair_salon, nail_salon",beauty_salon,Beauty salon,"beauty_salon, nail_salon, hair_salon, massage_spa, spa, barber_shop, hair_care, massage, service, health, point_of_interest, establishment",Villa Number 722 - Delma Street - Al Nahyan - Zone 1 - Abu Dhabi,24.4640062,54.3792994,4.4,149.0,OPERATIONAL,+971 2 445 5004,https://www.instagram.com/uaecharm,https://maps.google.com/?cid=4862276306039281677&g_mp=Cilnb29nbGUubWFwcy5wbGFjZXMudjEuUGxhY2VzLlNlYXJjaE5lYXJieRACGAQgAA,Monday: 9:30 AM – 9:00 PM | Tuesday: 9:30 AM – 9:00 PM | Wednesday: 9:30 AM – 9:00 PM | Thursday: 9:30 AM – 9:00 PM | Friday: 9:30 AM – 9:00 PM | Saturday: 9:30 AM – 9:00 PM | Sunday: 9:30 AM – 9:00 PM,Google Places API (New) Nearby Search,2026-09-02T15:22:51+00:00
ChIJe-PIcXs3Xj4R4uamHT7kZpI,Stylicle men salon & spa,DIRECT,"beauty_salon, spa",beauty_salon,Beauty salon,"beauty_salon, barber_shop, massage_spa, hair_care, massage, spa, health, point_of_interest, service, establishment",Shakhbout City - MSH8 - Abu Dhabi,24.3578196,54.6148862,3.9,149.0,OPERATIONAL,+971 54 269 2267,https://instagram.com/styliclesalon?igshid=YmMyMTA2M2Y=,https://maps.google.com/?cid=10549370132598548194&g_mp=Cilnb29nbGUubWFwcy5wbGFjZXMudjEuUGxhY2VzLlNlYXJjaE5lYXJieRACGAQgAA,Monday: 9:00 AM – 11:30 PM | Tuesday: 9:00 AM – 11:30 PM | Wednesday: 9:00 AM – 11:30 PM | Thursday: 9:00 AM – 11:30 PM | Friday: 9:00 AM – 11:30 PM | Saturday: 9:00 AM – 11:30 PM | Sunday: 9:00 AM – 11:30 PM,Google Places API (New) Nearby Search,2026-09-02T15:22:51+00:00
ChIJFfN9e0RfXz4RHL2GZN8Ean4,OAK SPA,DIRECT,beauty_salon,beauty_salon,Beauty salon,"beauty_salon, point_of_interest, service, establishment",Sharjah - Muwaileh Commercial - Sharjah,25.326641799999997,55.4720259,4.4,148.0,OPERATIONAL,+971 50 409 0506,https://www.fresha.com/book-now/oak-spa-ist3ascv/all-offer?pId=1116842,https://maps.google.com/?cid=9109098553821019420&g_mp=Cilnb29nbGUubWFwcy5wbGFjZXMudjEuUGxhY2VzLlNlYXJjaE5lYXJieRACGAQgAA,Monday: 10:00 AM – 10:00 PM | Tuesday: 10:00 AM – 10:00 PM | Wednesday: 10:00 AM – 10:00 PM | Thursday: 10:00 AM – 10:00 PM | Friday: 1:00 – 10:00 PM | Saturday: 10:00 AM – 10:00 PM | Sunday: 10:00 AM – 10:00 PM,Google Places API (New) Nearby Search,2026-09-02T15:22:51+00:00
ChIJu1fiwWpJXj4RVNRMH1pYlyA,Styles & Smiles Ladies Salon Limited,DIRECT,"hair_salon, nail_salon",hair_salon,Hair salon,"nail_salon, hair_salon, hair_care, beauty_salon, health, service, point_of_interest, establishment",https://maps.google.com/?q=24.433218 - 54.620743 - Khalifa City - SE45 05 - Abu Dhabi,24.4332173,54.620744900000005,4.5,147.0,OPERATIONAL,+971 2 634 2241,https://styles-and-smiles-web.lovable.app/,https://maps.google.com/?cid=2348442874792432724&g_mp=Cilnb29nbGUubWFwcy5wbGFjZXMudjEuUGxhY2VzLlNlYXJjaE5lYXJieRACGAQgAA,Monday: 10:00 AM – 10:00 PM | Tuesday: 10:00 AM – 10:00 PM | Wednesday: 10:00 AM – 10:00 PM | Thursday: 10:00 AM – 10:00 PM | Friday: 10:00 AM – 10:00 PM | Saturday: 10:00 AM – 10:00 PM | Sunday: 10:00 AM – 10:00 PM,Google Places API (New) Nearby Search,2026-09-02T15:22:51+00:00
ChIJAV19Lv83Xj4R1oqXSoHmJGk,Top Spa & Beauty Centre,DIRECT,"beauty_salon, spa",beauty_salon,Beauty salon,"beauty_salon, swimming_pool, gym, spa, cafe, sports_activity_location, health, food, point_of_interest, service, establishment","Villa 693, Street 33 - مدينة شخبوط - مدينة شخبوط 7 - أبو ظبي",24.354412999999997,54.611655999999996,4.0,146.0,OPERATIONAL,+971 56 432 3377,http://www.topladies.ae/,https://maps.google.com/?cid=7576433916120632022&g_mp=Cilnb29nbGUubWFwcy5wbGFjZXMudjEuUGxhY2VzLlNlYXJjaE5lYXJieRACGAQgAA,Monday: 10:30 AM – 10:00 PM | Tuesday: 10:30 AM – 10:00 PM | Wednesday: 10:00 AM – 10:00 PM | Thursday: 10:00 AM – 10:00 PM | Friday: 11:00 AM – 10:09 PM | Saturday: 11:00 AM – 10:00 PM | Sunday: 10:30 AM – 10:00 PM,Google Places API (New) Nearby Search,2026-09-02T15:22:51+00:00
ChIJRyJFFMJDXj4Rd1E_0adIPqw,PICASSO TOUCH SALON FOR GENTS,DIRECT,"hair_salon, nail_salon, spa",barber_shop,Barber shop,"barber_shop, skin_care_clinic, nail_salon, massage_spa, hair_salon, hair_care, massage, spa, beauty_salon, medical_clinic, health, point_of_interest, service, establishment",Gardenia C99 - Al Muntazah - E48 - Abu Dhabi,24.4182126,54.4675654,4.8,144.0,OPERATIONAL,+971 52 578 6822,,https://maps.google.com/?cid=12411437508686991735&g_mp=Cilnb29nbGUubWFwcy5wbGFjZXMudjEuUGxhY2VzLlNlYXJjaE5lYXJieRACGAQgAA,Monday: 11:00 AM – 1:00 AM | Tuesday: 11:00 AM – 1:00 AM | Wednesday: 11:00 AM – 1:00 AM | Thursday: 11:00 AM – 1:00 AM | Friday: 11:00 AM – 1:00 AM | Saturday: 11:00 AM – 1:00 AM | Sunday: 11:00 AM – 1:00 AM,Google Places API (New) Nearby Search,2026-09-02T15:22:51+00:00
ChIJedISKyZtXz4RKOwlWBqc9KY,Barbershop Dubai - حلاق - Barber Republic 💈,DIRECT,nail_salon,barber_shop,Barber shop,"barber_shop, nail_salon, hair_salon, hair_care, beauty_salon, health, point_of_interest, service, establishment",Vida The Hills - Emirates Hills - Dubai Vida The Hills Residence - Block C - الثنيه الرابعة - دبي,25.0778683,55.1591928,4.8,143.0,OPERATIONAL,+971 4 585 8269,https://www.barberrepublic.ae/,https://maps.google.com/?cid=12030412141575400488&g_mp=Cilnb29nbGUubWFwcy5wbGFjZXMudjEuUGxhY2VzLlNlYXJjaE5lYXJieRACGAQgAA,Monday: 10:00 AM – 10:00 PM | Tuesday: 10:00 AM – 10:00 PM | Wednesday: 10:00 AM – 10:00 PM | Thursday: 10:00 AM – 10:00 PM | Friday: 10:00 AM – 10:00 PM | Saturday: 10:00 AM – 10:00 PM | Sunday: 10:00 AM – 10:00 PM,Google Places API (New) Nearby Search,2026-09-02T15:22:51+00:00
ChIJ-eiEMHz59D4R1eP2m7AVlE0,مركز تالغو للتجميل - Thalgo Beauty Center,DIRECT,beauty_salon,beauty_salon,Beauty salon,"beauty_salon, point_of_interest, service, establishment",Al Faseel St - Al Faseel - Fujairah,25.1439199,56.3472157,4.1,143.0,OPERATIONAL,+971 56 922 2656,,https://maps.google.com/?cid=5590116885748704213&g_mp=Cilnb29nbGUubWFwcy5wbGFjZXMudjEuUGxhY2VzLlNlYXJjaE5lYXJieRACGAQgAA,Monday: 10:00 AM – 10:00 PM | Tuesday: 10:00 AM – 10:00 PM | Wednesday: 10:00 AM – 10:00 PM | Thursday: 10:00 AM – 10:00 PM | Friday: 10:00 AM – 10:00 PM | Saturday: 10:00 AM – 10:00 PM | Sunday: 10:00 AM – 10:00 PM,Google Places API (New) Nearby Search,2026-09-02T15:22:51+00:00
ChIJ404hP7lgXz4RifhN2gdbUyQ,New Cut Gents Salon,DIRECT,hair_salon,barber_shop,Barber shop,"barber_shop, hair_salon, hair_care, health, point_of_interest, service, establishment",pink mall - street number B15 - Mirdif - Dubai,25.217534,55.418943899999995,4.5,142.0,OPERATIONAL,+971 4 271 0304,https://newcut.ae/,https://maps.google.com/?cid=2617535897717831817&g_mp=Cilnb29nbGUubWFwcy5wbGFjZXMudjEuUGxhY2VzLlNlYXJjaE5lYXJieRACGAQgAA,Monday: 10:00 AM – 11:00 PM | Tuesday: 10:00 AM – 11:00 PM | Wednesday: 10:00 AM – 11:00 PM | Thursday: 10:00 AM – 11:00 PM | Friday: 10:00 AM – 11:00 PM | Saturday: 10:00 AM – 11:00 PM | Sunday: 10:00 AM – 11:00 PM,Google Places API (New) Nearby Search,2026-09-02T15:22:51+00:00
ChIJH26D38ZFXj4RrPiy947PD0w,The Cloud Spa ذا كلاود سبا,DIRECT,beauty_salon,beauty_salon,Beauty salon,"beauty_salon, point_of_interest, service, establishment",CHWW+HW7 - Al Rahah - Al Raha Gardens - Abu Dhabi,24.4464017,54.5972929,4.0,142.0,OPERATIONAL,+971 2 565 7116,,https://maps.google.com/?cid=5480827484481190060&g_mp=Cilnb29nbGUubWFwcy5wbGFjZXMudjEuUGxhY2VzLlNlYXJjaE5lYXJieRACGAQgAA,Monday: 10:00 AM – 10:00 PM | Tuesday: 10:00 AM – 10:00 PM | Wednesday: 10:00 AM – 10:00 PM | Thursday: 10:00 AM – 10:00 PM | Friday: 10:00 AM – 10:00 PM | Saturday: 10:00 AM – 10:00 PM | Sunday: 10:00 AM – 10:00 PM,Google Places API (New) Nearby Search,2026-09-02T15:22:51+00:00
ChIJmVS7RtpJXj4Rb9wAlFGyBaw,Chaouen ladies beauty center,DIRECT,beauty_salon,beauty_salon,Beauty salon,"beauty_salon, point_of_interest, service, establishment",30 Al Khawas St - Shakhbout City - MSH19 - Abu Dhabi,24.3743421,54.6461164,3.9,141.0,OPERATIONAL,+971 2 622 6911,,https://maps.google.com/?cid=12395509612852337775&g_mp=Cilnb29nbGUubWFwcy5wbGFjZXMudjEuUGxhY2VzLlNlYXJjaE5lYXJieRACGAQgAA,Monday: 11:00 AM – 9:00 PM | Tuesday: 11:00 AM – 9:00 PM | Wednesday: 11:00 AM – 9:00 PM | Thursday: 11:00 AM – 9:00 PM | Friday: 11:00 AM – 9:00 PM | Saturday: 11:00 AM – 9:00 PM | Sunday: 11:00 AM – 9:00 PM,Google Places API (New) Nearby Search,2026-09-02T15:22:51+00:00
ChIJA7XAjmF19j4RJ9sC8tcQ6ww,مركز آرتال للعناية الشخصية للرجال _ ARTAL MEN PERSONAL CARE CENTER / SPA,DIRECT,"beauty_salon, hair_salon, spa",massage_spa,Massage spa,"massage_spa, skin_care_clinic, foot_care, sauna, hair_salon, hair_care, massage, spa, beautician, public_bath, beauty_salon, government_office, medical_clinic, health, point_of_interest, service, establishment",الظيت - الظيت الجنوبي - إمارة رأس الخيمة,25.7198174,55.915230300000005,4.9,141.0,OPERATIONAL,+971 56 906 1164,https://uaewebai.wixstudio.io/artalcenter,https://maps.google.com/?cid=930856267646425895&g_mp=Cilnb29nbGUubWFwcy5wbGFjZXMudjEuUGxhY2VzLlNlYXJjaE5lYXJieRACGAQgAA,Monday: 11:00 AM – 11:30 PM | Tuesday: 11:00 AM – 11:30 PM | Wednesday: 11:00 AM – 11:30 PM | Thursday: 11:00 AM – 11:30 PM | Friday: 2:00 PM – 12:00 AM | Saturday: 11:00 AM – 12:00 AM | Sunday: 11:00 AM – 12:00 AM,Google Places API (New) Nearby Search,2026-09-02T15:22:51+00:00
ChIJUa8OzOlFXj4Rwz13Z_Ot4xk,Nails Style Beauty Centre,DIRECT,"beauty_salon, nail_salon",beauty_salon,Beauty salon,"beauty_salon, nail_salon, point_of_interest, service, establishment",level 1 - Yas Island - YS1 - Abu Dhabi,24.4888344,54.608671099999995,3.7,140.0,OPERATIONAL,+971 2 447 7927,https://nailsstylespa.com/contact-us.aspx,https://maps.google.com/?cid=1865525931586043331&g_mp=Cilnb29nbGUubWFwcy5wbGFjZXMudjEuUGxhY2VzLlNlYXJjaE5lYXJieRACGAQgAA,Monday: 10:00 AM – 10:00 PM | Tuesday: 10:00 AM – 10:00 PM | Wednesday: 10:00 AM – 10:00 PM | Thursday: 10:00 AM – 10:00 PM | Friday: 10:00 AM – 10:00 PM | Saturday: 10:00 AM – 10:00 PM | Sunday: 10:00 AM – 10:00 PM,Google Places API (New) Nearby Search,2026-09-02T15:22:51+00:00
ChIJmWiuN-VFXj4RQDF2uLpsGEc,Styler Gents Salon & Spa - Al Raha City,DIRECT,nail_salon,barber_shop,Barber shop,"barber_shop, nail_salon, hair_care, beauty_salon, store, health, point_of_interest, service, establishment",C16 - Al Raha Blvd - Al Raha City - Al Dana - Abu Dhabi,24.441575999999998,54.5798385,4.8,140.0,OPERATIONAL,+971 2 877 2814,https://www.styler.ae/,https://maps.google.com/?cid=5122964125348409664&g_mp=Cilnb29nbGUubWFwcy5wbGFjZXMudjEuUGxhY2VzLlNlYXJjaE5lYXJieRACGAQgAA,Monday: 9:00 AM – 11:00 PM | Tuesday: 9:00 AM – 11:00 PM | Wednesday: 9:00 AM – 11:00 PM | Thursday: 9:00 AM – 11:00 PM | Friday: 9:00 AM – 11:00 PM | Saturday: 9:00 AM – 11:00 PM | Sunday: 9:00 AM – 11:00 PM,Google Places API (New) Nearby Search,2026-09-02T15:22:51+00:00
ChIJ5Q33s4ZrXz4Rff3RVFuqN4k,New Look Business,DIRECT,hair_salon,barber_shop,Barber shop,"barber_shop, hair_salon, hair_care, beauty_salon, supplier, health, point_of_interest, service, establishment",Umm Al sheif -SKB Plaza properties Office No: 104 - أم الشيف - ام الشيف - دبي,25.1251858,55.2032153,4.6,138.0,OPERATIONAL,+971 58 680 7722,https://linktr.ee/NewLookBusiness,https://maps.google.com/?cid=9887558816157007229&g_mp=Cilnb29nbGUubWFwcy5wbGFjZXMudjEuUGxhY2VzLlNlYXJjaE5lYXJieRACGAQgAA,Monday: 11:00 AM – 10:00 PM | Tuesday: 11:00 AM – 10:00 PM | Wednesday: 11:00 AM – 10:00 PM | Thursday: 11:00 AM – 10:00 PM | Friday: 11:00 AM – 10:00 PM | Saturday: 11:00 AM – 10:00 PM | Sunday: 11:00 AM – 10:00 PM,Google Places API (New) Nearby Search,2026-09-02T15:22:51+00:00
ChIJ30QrfVlHXj4RNznnw6DrRt8,Spring Days Ladies Beauty Saloon,DIRECT,beauty_salon,beauty_salon,Beauty salon,"beauty_salon, point_of_interest, service, establishment","14 Musari St, Building No.C80, ME9, Near Safeer Mall - مدينة محمد بن زايد - محمد بن زايد شرق 9 - أبو ظبي",24.3435658,54.5363791,4.8,137.0,OPERATIONAL,+971 2 555 6410,,https://maps.google.com/?cid=16088805794541680951&g_mp=Cilnb29nbGUubWFwcy5wbGFjZXMudjEuUGxhY2VzLlNlYXJjaE5lYXJieRACGAQgAA,Monday: 10:00 AM – 10:00 PM | Tuesday: 10:00 AM – 10:00 PM | Wednesday: 10:00 AM – 10:00 PM | Thursday: 10:00 AM – 10:00 PM | Friday: 10:00 AM – 10:00 PM | Saturday: 10:00 AM – 10:00 PM | Sunday: 10:00 AM – 10:00 PM,Google Places API (New) Nearby Search,2026-09-02T15:22:51+00:00
ChIJB-pJMMD59D4Ru3IjfkszqCM,مركز الفا الطبي Alfa Clinica,DIRECT,beauty_salon,medical_center,Medical Center,"medical_center, hair_care, dental_clinic, beauty_salon, doctor, hospital, medical_clinic, health, point_of_interest, service, establishment",Fujairah - Al Faseel - Fujairah,25.1453715,56.3513224,4.0,136.0,OPERATIONAL,+971 9 222 2932,,https://maps.google.com/?cid=2569359986746684091&g_mp=Cilnb29nbGUubWFwcy5wbGFjZXMudjEuUGxhY2VzLlNlYXJjaE5lYXJieRACGAQgAA,Monday: 8:00 AM – 11:00 PM | Tuesday: 8:00 AM – 11:00 PM | Wednesday: 8:00 AM – 11:00 PM | Thursday: 8:00 AM – 11:00 PM | Friday: 8:00 AM – 11:00 PM | Saturday: 8:00 AM – 11:00 PM | Sunday: 8:00 AM – 11:00 PM,Google Places API (New) Nearby Search,2026-09-02T15:22:51+00:00
ChIJiyMMy9BbXz4ReIW8bqdQNoc,Aladdin Qasr Kids Saloon,DIRECT,hair_salon,hair_salon,Hair salon,"hair_salon, hair_care, point_of_interest, service, establishment",Near Salama Islamic Arab Insurance - Al Estiqlal St - Bu Danig - Hay Al Qasimiah - Sharjah,25.344356899999998,55.397148699999995,3.8,133.0,OPERATIONAL,+971 55 525 0502,,https://maps.google.com/?cid=9743063523910255992&g_mp=Cilnb29nbGUubWFwcy5wbGFjZXMudjEuUGxhY2VzLlNlYXJjaE5lYXJieRACGAQgAA,"Monday: 10:00 AM – 11:00 PM | Tuesday: 10:00 AM – 11:00 PM | Wednesday: 10:00 AM – 11:00 PM | Thursday: 10:00 AM – 11:00 PM | Friday: 9:00 – 11:30 AM, 2:00 – 11:00 PM | Saturday: 10:00 AM – 11:00 PM | Sunday: 10:00 AM – 11:00 PM",Google Places API (New) Nearby Search,2026-09-02T15:22:51+00:00
ChIJC9kG5jB19j4R4B37BfGhlfE,Anat Salon & Spa RAK,DIRECT,beauty_salon,beauty_salon,Beauty salon,"beauty_salon, point_of_interest, service, establishment",Al Ittihad Street - Al Dhait - Ras Al Khaimah,25.7360877,55.8922521,4.8,133.0,OPERATIONAL,+971 7 226 1467,https://anatsalon.ae/,https://maps.google.com/?cid=17407997991230053856&g_mp=Cilnb29nbGUubWFwcy5wbGFjZXMudjEuUGxhY2VzLlNlYXJjaE5lYXJieRACGAQgAA,Monday: 10:00 AM – 10:00 PM | Tuesday: 10:00 AM – 10:00 PM | Wednesday: 10:00 AM – 10:00 PM | Thursday: 10:00 AM – 10:00 PM | Friday: 10:00 AM – 10:00 PM | Saturday: 10:00 AM – 10:00 PM | Sunday: 10:00 AM – 10:00 PM,Google Places API (New) Nearby Search,2026-09-02T15:22:51+00:00
ChIJ4QOqNMivij4R-iczh3TJU7g,Murano Spa Center For Men,DIRECT,"beauty_salon, spa",spa,Spa,"spa, massage_spa, beauty_salon, hair_care, massage, service, point_of_interest, establishment",Al Shifa Bint Abdullah St - 'Asharij - Bida Bin Ammar - Abu Dhabi,24.1982974,55.6615475,4.6,133.0,OPERATIONAL,+971 50 212 0466,https://muranospacenter.com/,https://maps.google.com/?cid=13282181228367390714&g_mp=Cilnb29nbGUubWFwcy5wbGFjZXMudjEuUGxhY2VzLlNlYXJjaE5lYXJieRACGAQgAA,Monday: 11:00 AM – 12:00 AM | Tuesday: 11:00 AM – 12:00 AM | Wednesday: 11:00 AM – 12:00 AM | Thursday: 11:00 AM – 12:00 AM | Friday: 11:00 AM – 12:00 AM | Saturday: 11:00 AM – 12:00 AM | Sunday: 11:00 AM – 12:00 AM,Google Places API (New) Nearby Search,2026-09-02T15:22:51+00:00
ChIJt4wF7bVhXz4Rri3uGFXZxPE,Naturals Salon,DIRECT,nail_salon,beauty_salon,Beauty salon,"beauty_salon, hair_salon, nail_salon, hair_care, massage_spa, spa, massage, point_of_interest, service, establishment","Lulu Hypermarket - Shop No M16, 1st Floor - Al Warqa - Al Warqa 2 - Dubai",25.1989568,55.41210410000001,4.9,132.0,OPERATIONAL,+971 58 682 8731,https://salons.naturals.in/uae/naturals-salon-beauty-salons-al-warqa-2-dubai-418508/Home?utm_source=locator&utm_medium=googleplaces,https://maps.google.com/?cid=17421288218089631150&g_mp=Cilnb29nbGUubWFwcy5wbGFjZXMudjEuUGxhY2VzLlNlYXJjaE5lYXJieRACGAQgAA,Monday: 10:00 AM – 10:00 PM | Tuesday: 10:00 AM – 10:00 PM | Wednesday: 10:00 AM – 10:00 PM | Thursday: 10:00 AM – 10:00 PM | Friday: 10:00 AM – 10:00 PM | Saturday: 10:00 AM – 10:00 PM | Sunday: 10:00 AM – 10:00 PM,Google Places API (New) Nearby Search,2026-09-02T15:22:51+00:00
ChIJIYB61EA3Xj4R9F0cV6PBN0g,Ruby Salon - Baniyas Abu Dhabi,DIRECT,hair_salon,barber_shop,Barber shop,"barber_shop, hair_salon, hair_care, beauty_salon, health, point_of_interest, service, establishment",Bani Yas St - Bani Yas - EB5 - Abu Dhabi,24.2966597,54.628955299999994,3.8,131.0,OPERATIONAL,+971 52 899 6015,,https://maps.google.com/?cid=5203840801735204340&g_mp=Cilnb29nbGUubWFwcy5wbGFjZXMudjEuUGxhY2VzLlNlYXJjaE5lYXJieRACGAQgAA,Monday: 8:00 AM – 11:00 PM | Tuesday: 8:00 AM – 11:00 PM | Wednesday: 8:00 AM – 11:00 PM | Thursday: 8:00 AM – 11:00 PM | Friday: 8:00 AM – 11:00 PM | Saturday: 8:00 AM – 11:00 PM | Sunday: 8:00 AM – 11:00 PM,Google Places API (New) Nearby Search,2026-09-02T15:22:51+00:00
ChIJFSNK1MOzij4RQf8QpfrN95E,Base beauty and spa,DIRECT,beauty_salon,beauty_salon,Beauty salon,"beauty_salon, service, point_of_interest, establishment",Shakhbout Bin Sultan St - Al Khibeesi - Al Sidrah - Abu Dhabi,24.221101899999997,55.696005799999995,4.0,130.0,OPERATIONAL,+971 3 755 0055,,https://maps.google.com/?cid=10518101931141955393&g_mp=Cilnb29nbGUubWFwcy5wbGFjZXMudjEuUGxhY2VzLlNlYXJjaE5lYXJieRACGAQgAA,Monday: 10:00 AM – 10:00 PM | Tuesday: 10:00 AM – 10:00 PM | Wednesday: 10:00 AM – 10:00 PM | Thursday: 10:00 AM – 10:00 PM | Friday: 10:00 AM – 10:00 PM | Saturday: 10:00 AM – 10:00 PM | Sunday: 10:00 AM – 10:00 PM,Google Places API (New) Nearby Search,2026-09-02T15:22:51+00:00
ChIJS15ZNqBDXz4RWD6tXpCSYCk,Hair Repair Salon,DIRECT,hair_salon,hair_salon,Hair salon,"hair_salon, hair_care, point_of_interest, service, establishment",16 51st St - Jumeirah - Jumeirah 1 - Dubai,25.221878,55.259029,4.3,130.0,OPERATIONAL,+971 4 349 9909,https://hairrepairdubai.ae/,https://maps.google.com/?cid=2981544102080626264&g_mp=Cilnb29nbGUubWFwcy5wbGFjZXMudjEuUGxhY2VzLlNlYXJjaE5lYXJieRACGAQgAA,Monday: 9:30 AM – 9:00 PM | Tuesday: 9:30 AM – 9:00 PM | Wednesday: 9:30 AM – 9:00 PM | Thursday: 9:30 AM – 9:00 PM | Friday: 9:30 AM – 9:00 PM | Saturday: 9:30 AM – 9:00 PM | Sunday: 9:30 AM – 9:00 PM,Google Places API (New) Nearby Search,2026-09-02T15:22:51+00:00
ChIJKaM-u2hHXj4Re_WO8PGbt9c,Ruby Salon - Khalifa City Br 3 Abu Dhabi,DIRECT,hair_salon,beauty_salon,Beauty salon,"beauty_salon, hair_salon, barber_shop, hair_care, service, health, point_of_interest, establishment",EARTH SUPER MARKET BUILDING - At Taradi St - Khalifa City - SE40 - Abu Dhabi,24.427336999999998,54.6007945,4.5,130.0,OPERATIONAL,+971 52 899 6003,,https://maps.google.com/?cid=15544064102317880699&g_mp=Cilnb29nbGUubWFwcy5wbGFjZXMudjEuUGxhY2VzLlNlYXJjaE5lYXJieRACGAQgAA,Monday: 8:00 AM – 2:00 AM | Tuesday: 8:00 AM – 2:00 AM | Wednesday: 8:00 AM – 2:00 AM | Thursday: 8:00 AM – 2:00 AM | Friday: 8:00 AM – 2:00 AM | Saturday: 8:00 AM – 2:00 AM | Sunday: 8:00 AM – 2:00 AM,Google Places API (New) Nearby Search,2026-09-02T15:22:51+00:00
ChIJP1UGUHhBXj4Rq2Q4Br2ER5w,Styler Gents Salon & Spa - Rabdan Area,DIRECT,nail_salon,barber_shop,Barber shop,"barber_shop, nail_salon, massage_spa, hair_care, massage, spa, beauty_salon, health, point_of_interest, service, establishment",CG44+WR3 - Rabdan - RB8 - Abu Dhabi,24.4072636,54.5069552,4.7,130.0,OPERATIONAL,+971 2 622 4437,https://www.styler.ae/,https://maps.google.com/?cid=11261115340651259051&g_mp=Cilnb29nbGUubWFwcy5wbGFjZXMudjEuUGxhY2VzLlNlYXJjaE5lYXJieRACGAQgAA,Monday: 9:00 AM – 11:45 PM | Tuesday: 9:00 AM – 11:45 PM | Wednesday: 9:00 AM – 11:45 PM | Thursday: 9:00 AM – 11:45 PM | Friday: 9:00 AM – 11:45 PM | Saturday: 9:00 AM – 11:45 PM | Sunday: 9:00 AM – 11:45 PM,Google Places API (New) Nearby Search,2026-09-02T15:22:51+00:00
ChIJPzfUDV5BXj4Ra9PYEshTOdw,"Capelli Center Mens (Gym, Salon, Spa)",DIRECT,nail_salon,gym,Gym,"gym, barber_shop, nail_salon, hair_care, spa, beauty_salon, sports_activity_location, health, point_of_interest, service, establishment",Ban Al Jasrain - 40 شارع الطاروق - Rabdan - RB4 - Abu Dhabi,24.4065002,54.5008256,4.3,129.0,OPERATIONAL,+971 2 558 9900,,https://maps.google.com/?cid=15868806880791417707&g_mp=Cilnb29nbGUubWFwcy5wbGFjZXMudjEuUGxhY2VzLlNlYXJjaE5lYXJieRACGAQgAA,Monday: 12:00 – 10:00 PM | Tuesday: 12:00 – 10:00 PM | Wednesday: 12:00 – 10:00 PM | Thursday: 12:00 – 10:00 PM | Friday: 2:00 AM – 10:00 PM | Saturday: Closed | Sunday: 12:00 – 10:00 PM,Google Places API (New) Nearby Search,2026-09-02T15:22:51+00:00
ChIJba3ay3tfXz4ReallJjjtNy4,Mira Beauty ميرا بيوتي - Beauty Chic,DIRECT,"hair_salon, nail_salon, spa",beauty_salon,Beauty salon,"beauty_salon, hair_salon, nail_salon, hair_care, massage_spa, spa, massage, point_of_interest, service, establishment",Muwaileh Commercial - Al Zahia - Sharjah,25.3065861,55.456675999999995,4.4,129.0,OPERATIONAL,+971 52 757 0506,https://beautychicsalon.ae/,https://maps.google.com/?cid=3330391274881919353&g_mp=Cilnb29nbGUubWFwcy5wbGFjZXMudjEuUGxhY2VzLlNlYXJjaE5lYXJieRACGAQgAA,Monday: 10:00 AM – 11:00 PM | Tuesday: 10:00 AM – 11:00 PM | Wednesday: 10:00 AM – 11:00 PM | Thursday: 10:00 AM – 11:00 PM | Friday: 10:00 AM – 11:00 PM | Saturday: 10:00 AM – 11:00 PM | Sunday: 10:00 AM – 11:00 PM,Google Places API (New) Nearby Search,2026-09-02T15:22:51+00:00
ChIJNe0TlU1PXj4Refjm7kiQahI,Mizu Beauty Lounge,DIRECT,beauty_salon,beauty_salon,Beauty salon,"beauty_salon, point_of_interest, service, establishment",Yas Acres Golf & Country Club - Yas Island - Yas North - Abu Dhabi,24.4971301,54.6134801,4.8,129.0,OPERATIONAL,+971 50 962 6498,https://www.fresha.com/a/mizu-beauty-lounge-abu-dhabi-yas-acres-golf-country-club-c0rm8626,https://maps.google.com/?cid=1327031683134191737&g_mp=Cilnb29nbGUubWFwcy5wbGFjZXMudjEuUGxhY2VzLlNlYXJjaE5lYXJieRACGAQgAA,Monday: 10:00 AM – 8:00 PM | Tuesday: 10:00 AM – 8:00 PM | Wednesday: 10:00 AM – 8:00 PM | Thursday: 10:00 AM – 8:00 PM | Friday: 10:00 AM – 8:00 PM | Saturday: 9:00 AM – 7:00 PM | Sunday: 9:00 AM – 7:00 PM,Google Places API (New) Nearby Search,2026-09-02T15:22:51+00:00
ChIJaYl9CpVZXz4Rerjtulc7fLw,Leen Beauty Center,DIRECT,"hair_salon, nail_salon",beauty_salon,Beauty salon,"beauty_salon, nail_salon, makeup_artist, massage_spa, hair_salon, hair_care, massage, spa, point_of_interest, service, establishment",Unnamed Road - اليرموك - حلوان - الشارقة,25.3540413,55.4083362,4.7,128.0,OPERATIONAL,+971 6 555 0979,https://www.fresha.com/book-now/us94m11n/all-offer?share=true&pId=450801,https://maps.google.com/?cid=13581795824226908282&g_mp=Cilnb29nbGUubWFwcy5wbGFjZXMudjEuUGxhY2VzLlNlYXJjaE5lYXJieRACGAQgAA,Monday: 9:30 AM – 10:00 PM | Tuesday: 9:30 AM – 10:00 PM | Wednesday: 9:30 AM – 10:00 PM | Thursday: 9:30 AM – 10:00 PM | Friday: 12:30 – 10:00 PM | Saturday: 9:30 AM – 10:00 PM | Sunday: 9:30 AM – 10:00 PM,Google Places API (New) Nearby Search,2026-09-02T15:22:51+00:00
ChIJx5PyJSB09j4ReCYE-DOvnEY,NEW WELLNESS LADIES FITNESS AND SPA | RAK,DIRECT,"beauty_salon, spa",spa,Spa,"fitness_center, swimming_pool, gym, spa, beauty_salon, sports_activity_location, health, point_of_interest, service, establishment",Khuzam - Ras Al Khaimah,25.7653599,55.9338353,4.3,128.0,OPERATIONAL,+971 7 236 1553,,https://maps.google.com/?cid=5088134316761032312&g_mp=Cilnb29nbGUubWFwcy5wbGFjZXMudjEuUGxhY2VzLlNlYXJjaE5lYXJieRACGAQgAA,Monday: 7:30 AM – 10:00 PM | Tuesday: 7:30 AM – 10:00 PM | Wednesday: 7:30 AM – 10:00 PM | Thursday: 7:30 AM – 10:00 PM | Friday: 8:30 AM – 9:00 PM | Saturday: 1:00 AM – 10:00 PM | Sunday: 7:30 AM – 10:00 PM,Google Places API (New) Nearby Search,2026-09-02T15:22:51+00:00
ChIJ_VKb3Ch39j4R6d2giog1bGI,مريومة بيوتي لاونج,DIRECT,beauty_salon,beauty_salon,Beauty salon,"beauty_salon, point_of_interest, service, establishment",Khuzam Rd - Khuzam - Ras Al Khaimah,25.7673307,55.934252699999995,4.1,127.0,OPERATIONAL,+971 50 390 9887,,https://maps.google.com/?cid=7092102373759311337&g_mp=Cilnb29nbGUubWFwcy5wbGFjZXMudjEuUGxhY2VzLlNlYXJjaE5lYXJieRACGAQgAA,,Google Places API (New) Nearby Search,2026-09-02T15:22:51+00:00
ChIJVdq-wf5HXj4RAyEN29J_D4Q,Vogue beauty salon for ladies,DIRECT,beauty_salon,beauty_salon,Beauty salon,"beauty_salon, service, point_of_interest, establishment",Khalifa City - SE42 - Abu Dhabi,24.437367,54.600981999999995,4.3,126.0,OPERATIONAL,+971 52 299 0006,http://www.voguebeautysalon.net/,https://maps.google.com/?cid=9515965081252077827&g_mp=Cilnb29nbGUubWFwcy5wbGFjZXMudjEuUGxhY2VzLlNlYXJjaE5lYXJieRACGAQgAA,Monday: 11:00 AM – 11:00 PM | Tuesday: 11:00 AM – 11:00 PM | Wednesday: 11:00 AM – 11:00 PM | Thursday: 11:00 AM – 11:00 PM | Friday: 11:00 AM – 11:00 PM | Saturday: 11:00 AM – 11:00 PM | Sunday: 11:00 AM – 11:00 PM,Google Places API (New) Nearby Search,2026-09-02T15:22:51+00:00
ChIJgwQaObtoXj4RnWr9rQqAL9g,صالون تقاسيم للتجميل,DIRECT,beauty_salon,beauty_salon,Beauty salon,"beauty_salon, point_of_interest, service, establishment",As Sunnaʹ St - Khalifa City - Sector 33 - Abu Dhabi,24.3968851,54.5571576,4.6,126.0,OPERATIONAL,+971 56 888 7081,https://www.instagram.com/taqaseem_ladies_salon?igsh=OGQ5ZDc2ODk2ZA==,https://maps.google.com/?cid=15577810419454929565&g_mp=Cilnb29nbGUubWFwcy5wbGFjZXMudjEuUGxhY2VzLlNlYXJjaE5lYXJieRACGAQgAA,Monday: 11:00 AM – 9:00 PM | Tuesday: 11:00 AM – 9:00 PM | Wednesday: 11:00 AM – 9:00 PM | Thursday: 11:00 AM – 9:00 PM | Friday: 12:00 – 9:00 PM | Saturday: 11:00 AM – 9:00 PM | Sunday: 11:00 AM – 9:00 PM,Google Places API (New) Nearby Search,2026-09-02T15:22:51+00:00
ChIJL3H83LJPXj4RKlSye3d8n04,La Douce Beauty Lounge,DIRECT,"beauty_salon, spa",beauty_salon,Beauty salon,"beauty_salon, spa, service, point_of_interest, establishment",FJ35+9X - Al Rahah - RBW2 - Abu Dhabi,24.453438,54.609938,4.5,125.0,OPERATIONAL,+971 50 254 9932,https://ladoucebeauty.ae/,https://maps.google.com/?cid=5665383708873610282&g_mp=Cilnb29nbGUubWFwcy5wbGFjZXMudjEuUGxhY2VzLlNlYXJjaE5lYXJieRACGAQgAA,Monday: 11:30 AM – 10:00 PM | Tuesday: 10:00 AM – 10:00 PM | Wednesday: 10:00 AM – 10:00 PM | Thursday: 10:00 AM – 10:00 PM | Friday: 10:00 AM – 10:00 PM | Saturday: 10:00 AM – 10:00 PM | Sunday: 10:00 AM – 10:00 PM,Google Places API (New) Nearby Search,2026-09-02T15:22:51+00:00
ChIJ4b_ggYdGXj4RUcMryAm-OLw,Star Afdal Salon for Men,DIRECT,hair_salon,hair_salon,Hair salon,"hair_salon, hair_care, service, point_of_interest, establishment",CH98+X8F - Khalifa City - SW2 - Abu Dhabi,24.419948899999998,54.565807299999996,3.9,125.0,OPERATIONAL,+971 52 939 9649,,https://maps.google.com/?cid=13562799227048543057&g_mp=Cilnb29nbGUubWFwcy5wbGFjZXMudjEuUGxhY2VzLlNlYXJjaE5lYXJieRACGAQgAA,Monday: 7:00 AM – 11:00 PM | Tuesday: 7:00 AM – 11:00 PM | Wednesday: 7:00 AM – 11:00 PM | Thursday: 7:00 AM – 11:00 PM | Friday: 7:00 AM – 11:00 PM | Saturday: 7:00 AM – 11:00 PM | Sunday: 7:00 AM – 11:00 PM,Google Places API (New) Nearby Search,2026-09-02T15:22:51+00:00
ChIJAdgYhN5PXj4RaWe6WoDcrrc,Beauty Lab Salon,DIRECT,beauty_salon,beauty_salon,Beauty salon,"beauty_salon, point_of_interest, service, establishment",Waters edge Building 13 shop 14 - جزيرة ياس - ياس جنوب 1 - أبو ظبي,24.4810208,54.618110099999996,4.4,124.0,OPERATIONAL,+971 50 911 6488,https://beautylabsalonae.com/,https://maps.google.com/?cid=13235758798724556649&g_mp=Cilnb29nbGUubWFwcy5wbGFjZXMudjEuUGxhY2VzLlNlYXJjaE5lYXJieRACGAQgAA,Monday: 10:00 AM – 9:00 PM | Tuesday: 10:00 AM – 9:00 PM | Wednesday: 10:00 AM – 9:00 PM | Thursday: 10:00 AM – 9:00 PM | Friday: 10:00 AM – 9:00 PM | Saturday: 10:00 AM – 9:00 PM | Sunday: 11:00 AM – 9:00 PM,Google Places API (New) Nearby Search,2026-09-02T15:22:51+00:00
ChIJdQao70pDXj4R3JAMh3w23Is,Kanaan Gents Salon & Spa – Bain Al Jesrain صالون وسبا كنعان للرجال – بين الجسرين,DIRECT,"beauty_salon, hair_salon, spa",barber_shop,Barber shop,"barber_shop, hair_salon, beauty_salon, hair_care, massage_spa, spa, massage, point_of_interest, health, service, establishment",28 شارع البحري - Al Maqta' St - Rabdan - RB1 - Abu Dhabi,24.4172367,54.495774600000004,4.5,124.0,OPERATIONAL,+971 2 443 4746,https://www.kanaanspa.ae/,https://maps.google.com/?cid=10077989974617919708&g_mp=Cilnb29nbGUubWFwcy5wbGFjZXMudjEuUGxhY2VzLlNlYXJjaE5lYXJieRACGAQgAA,Monday: 9:00 AM – 11:00 PM | Tuesday: 9:00 AM – 11:00 PM | Wednesday: 9:00 AM – 11:00 PM | Thursday: 9:00 AM – 11:00 PM | Friday: 2:30 – 11:00 PM | Saturday: 9:00 AM – 11:00 PM | Sunday: 9:00 AM – 11:00 PM,Google Places API (New) Nearby Search,2026-09-02T15:22:51+00:00
ChIJdUbDqP9LXj4RSAKS5ScIBrI,aisha,DIRECT,beauty_salon,beauty_salon,Beauty salon,"beauty_salon, point_of_interest, service, establishment","الفلاح الجديدة New Al falah, 1E, 626 Villa 32 - Al Falah - 1E - Abu Dhabi",24.4295252,54.7322905,4.0,124.0,OPERATIONAL,+971 2 666 3006,https://www.instagram.com/blushandglow.ae?igsh=aTg2bW9lM2Nvcmtx&utm_source=qr,https://maps.google.com/?cid=12827949556059734600&g_mp=Cilnb29nbGUubWFwcy5wbGFjZXMudjEuUGxhY2VzLlNlYXJjaE5lYXJieRACGAQgAA,Monday: 10:00 AM – 9:00 PM | Tuesday: 10:00 AM – 9:00 PM | Wednesday: 10:00 AM – 9:00 PM | Thursday: 10:00 AM – 9:00 PM | Friday: 10:00 AM – 9:00 PM | Saturday: 10:00 AM – 9:00 PM | Sunday: 10:00 AM – 9:00 PM,Google Places API (New) Nearby Search,2026-09-02T15:22:51+00:00
ChIJn35XMY9fXz4R3Zjk8xl7GB4,Mani & Pedi Sharjah - ماني اند بيدي الشارقة,DIRECT,nail_salon,nail_salon,Nail salon,"nail_salon, beauty_salon, service, point_of_interest, establishment",Sheikh Khalifa Bin Zayed Al Nahyan Rd - near Safari Mall - Muwaileh Commercial - Al Mowaileh Suburb - Sharjah,25.3073208,55.452394999999996,4.3,123.0,OPERATIONAL,+971 54 496 4410,,https://maps.google.com/?cid=2168618571975137501&g_mp=Cilnb29nbGUubWFwcy5wbGFjZXMudjEuUGxhY2VzLlNlYXJjaE5lYXJieRACGAQgAA,Monday: 10:00 AM – 12:00 AM | Tuesday: 10:00 AM – 12:00 AM | Wednesday: 10:00 AM – 12:00 AM | Thursday: 10:00 AM – 12:00 AM | Friday: 10:00 AM – 12:00 AM | Saturday: 10:00 AM – 12:00 AM | Sunday: 10:00 AM – 12:00 AM,Google Places API (New) Nearby Search,2026-09-02T15:22:51+00:00
ChIJMTJk1YBpXj4Rr8PtSnvwj5M,Gold and Ash Shadow Beauty Salon,DIRECT,hair_salon,hair_salon,Hair salon,"hair_salon, hair_care, service, point_of_interest, establishment",Al Karamah St - Al Manhal - W15 02 - Abu Dhabi,24.4573067,54.375054399999996,4.7,122.0,OPERATIONAL,+971 2 444 6660,https://mariagoldandash.ae/,https://maps.google.com/?cid=10632981657573770159&g_mp=Cilnb29nbGUubWFwcy5wbGFjZXMudjEuUGxhY2VzLlNlYXJjaE5lYXJieRACGAQgAA,Monday: 11:00 AM – 9:00 PM | Tuesday: 11:00 AM – 9:00 PM | Wednesday: 11:00 AM – 9:00 PM | Thursday: 11:00 AM – 9:00 PM | Friday: 12:00 – 9:00 PM | Saturday: 11:00 AM – 9:00 PM | Sunday: 11:00 AM – 9:00 PM,Google Places API (New) Nearby Search,2026-09-02T15:22:51+00:00
ChIJQ-xRY6NFXj4Ru-FAiCzJdaQ,Twiink Beauty Studio - Ladies Beauty Salon,DIRECT,beauty_salon,beauty_salon,Beauty salon,"beauty_salon, point_of_interest, service, establishment","Al Muneera Beach Plaza Level B, Unit B1-11 - الرَّاحَة - شاطئ الراحة غرب 2 - أبو ظبي",24.4520067,54.604555999999995,4.3,122.0,OPERATIONAL,+971 58 589 4465,https://www.fresha.com/a/twiink-studio-abu-dhabi-al-muneera-beach-plaza-level-b-unit-b1-11-bfno16kt,https://maps.google.com/?cid=11850599187597025723&g_mp=Cilnb29nbGUubWFwcy5wbGFjZXMudjEuUGxhY2VzLlNlYXJjaE5lYXJieRACGAQgAA,Monday: 9:30 AM – 7:30 PM | Tuesday: 9:30 AM – 7:30 PM | Wednesday: 9:30 AM – 7:30 PM | Thursday: 9:30 AM – 7:30 PM | Friday: 9:30 AM – 7:30 PM | Saturday: 9:30 AM – 7:30 PM | Sunday: 9:30 AM – 7:30 PM,Google Places API (New) Nearby Search,2026-09-02T15:22:51+00:00
ChIJt8i1c6JDXj4RZT68OZOeZA8,Calla Beauty Salon,DIRECT,beauty_salon,beauty_salon,Beauty salon,"beauty_salon, point_of_interest, service, establishment",Unnamed Road، - CFP2+GF2 - Al Muntazah - E48 - Abu Dhabi,24.4360023,54.4512533,4.9,121.0,OPERATIONAL,+971 2 626 7287,,https://maps.google.com/?cid=1109185763406003813&g_mp=Cilnb29nbGUubWFwcy5wbGFjZXMudjEuUGxhY2VzLlNlYXJjaE5lYXJieRACGAQgAA,Monday: 10:00 AM – 8:00 PM | Tuesday: 10:00 AM – 8:00 PM | Wednesday: 10:00 AM – 8:00 PM | Thursday: 10:00 AM – 8:00 PM | Friday: 10:00 AM – 8:00 PM | Saturday: 10:00 AM – 8:00 PM | Sunday: 10:00 AM – 8:00 PM,Google Places API (New) Nearby Search,2026-09-02T15:22:51+00:00
ChIJn6Y25n5CXj4RNiqHwAV0tvE,Meera Beauty Centre,DIRECT,nail_salon,beauty_salon,Beauty salon,"beauty_salon, foot_care, nail_salon, sauna, spa, hair_care, massage, public_bath, service, health, point_of_interest, establishment",المرور شارع - ٣١ - Al Sa`Adah - E40 - Abu Dhabi,24.432024499999997,54.438005100000005,4.0,120.0,OPERATIONAL,+971 2 444 7822,https://instagram.com/meera.salon?igshid=NDk5N2NlZjQ=,https://maps.google.com/?cid=17417236176955714102&g_mp=Cilnb29nbGUubWFwcy5wbGFjZXMudjEuUGxhY2VzLlNlYXJjaE5lYXJieRACGAQgAA,Monday: 10:00 AM – 10:00 PM | Tuesday: 10:00 AM – 10:00 PM | Wednesday: 10:00 AM – 10:00 PM | Thursday: 10:00 AM – 10:00 PM | Friday: 10:00 AM – 10:00 PM | Saturday: 10:00 AM – 10:00 PM | Sunday: 10:00 AM – 10:00 PM,Google Places API (New) Nearby Search,2026-09-02T15:22:51+00:00
ChIJ_YwubzttXz4RGev5v4SNJ68,Willow Lane Hair & Beauty,DIRECT,hair_salon,hair_salon,Hair salon,"hair_salon, hair_care, point_of_interest, service, establishment",Gold Crest Executive - Cluster C - Al Thanyah Fifth - Jumeirah Lakes Towers - Dubai,25.0686474,55.139584,4.5,120.0,OPERATIONAL,+971 52 584 8201,,https://maps.google.com/?cid=12621212082025130777&g_mp=Cilnb29nbGUubWFwcy5wbGFjZXMudjEuUGxhY2VzLlNlYXJjaE5lYXJieRACGAQgAA,Monday: 9:00 AM – 9:00 PM | Tuesday: 9:00 AM – 9:00 PM | Wednesday: 9:00 AM – 8:00 PM | Thursday: 9:00 AM – 9:00 PM | Friday: 9:00 AM – 7:00 PM | Saturday: 8:00 AM – 4:00 PM | Sunday: 9:00 AM – 6:00 AM,Google Places API (New) Nearby Search,2026-09-02T15:22:51+00:00
ChIJi3Oh9EhhXz4RrFHQy8FnM9w,Al Rafika Ladies Salon,DIRECT,hair_salon,hair_salon,Hair salon,"hair_salon, hair_care, point_of_interest, service, establishment","First Floor, Park Centre - Mirdif - Dubai",25.2178488,55.4186507,4.6,118.0,OPERATIONAL,+971 52 143 6541,,https://maps.google.com/?cid=15867139994202165676&g_mp=Cilnb29nbGUubWFwcy5wbGFjZXMudjEuUGxhY2VzLlNlYXJjaE5lYXJieRACGAQgAA,Monday: 10:00 AM – 9:00 PM | Tuesday: 10:00 AM – 9:00 PM | Wednesday: 10:00 AM – 9:00 PM | Thursday: 10:00 AM – 9:00 PM | Friday: 10:00 AM – 9:00 PM | Saturday: 10:00 AM – 9:00 PM | Sunday: 10:00 AM – 9:00 PM,Google Places API (New) Nearby Search,2026-09-02T15:22:51+00:00
ChIJ60POGgBBXj4RZm8XLPPzC3U,ELIXIRA LADIES BEAUTY LOUNGE,DIRECT,nail_salon,beauty_salon,Beauty salon,"beauty_salon, nail_salon, massage, health, point_of_interest, service, establishment",بين الجسرين - Rabdan - RB7 - Abu Dhabi,24.4088873,54.506125499999996,4.4,118.0,OPERATIONAL,+971 56 541 4234,https://elixirabeauty.ae/,https://maps.google.com/?cid=8434102952923721574&g_mp=Cilnb29nbGUubWFwcy5wbGFjZXMudjEuUGxhY2VzLlNlYXJjaE5lYXJieRACGAQgAA,Monday: 11:00 AM – 9:00 PM | Tuesday: 11:00 AM – 9:00 PM | Wednesday: 11:00 AM – 9:00 PM | Thursday: 11:00 AM – 9:00 PM | Friday: 11:00 AM – 9:00 PM | Saturday: 11:00 AM – 9:00 PM | Sunday: 11:00 AM – 9:00 PM,Google Places API (New) Nearby Search,2026-09-02T15:22:51+00:00
ChIJjQZufONeXz4R8OsmQMDIssc,Rawaiee Beauty Salon,DIRECT,nail_salon,beauty_salon,Beauty salon,"beauty_salon, makeup_artist, massage_spa, nail_salon, massage, spa, service, point_of_interest, establishment",Sharjah - Muwaileh Commercial - Industrial Area - Sharjah,25.295187499999997,55.4420625,4.1,118.0,OPERATIONAL,+971 50 149 1053,,https://maps.google.com/?cid=14389784487437724656&g_mp=Cilnb29nbGUubWFwcy5wbGFjZXMudjEuUGxhY2VzLlNlYXJjaE5lYXJieRACGAQgAA,Monday: 10:00 AM – 11:00 PM | Tuesday: 10:00 AM – 11:00 PM | Wednesday: 10:00 AM – 11:00 PM | Thursday: 10:00 AM – 11:00 PM | Friday: 1:00 – 11:00 PM | Saturday: 10:00 AM – 11:00 PM | Sunday: 10:00 AM – 11:00 PM,Google Places API (New) Nearby Search,2026-09-02T15:22:51+00:00
ChIJofTmTdpfXz4RdMzeH2B-GwU,The Beauty Revival Center مركز إحياء الجمال,DIRECT,spa,beauty_salon,Beauty salon,"beauty_salon, spa, point_of_interest, service, establishment",Muwaileh Commercial - Industrial Area - Sharjah,25.309438399999998,55.453923599999996,4.4,118.0,OPERATIONAL,+971 50 583 1722,,https://maps.google.com/?cid=368026745877482612&g_mp=Cilnb29nbGUubWFwcy5wbGFjZXMudjEuUGxhY2VzLlNlYXJjaE5lYXJieRACGAQgAA,Monday: 11:00 AM – 10:00 PM | Tuesday: 11:00 AM – 10:00 PM | Wednesday: 11:00 AM – 10:00 PM | Thursday: 11:00 AM – 10:00 PM | Friday: 12:00 – 10:00 PM | Saturday: 11:00 AM – 10:00 PM | Sunday: 11:00 AM – 10:00 PM,Google Places API (New) Nearby Search,2026-09-02T15:22:51+00:00
ChIJ4bpFkLxLXj4RuvHAx35d5a0,صالون وجيم هلا بالخميس للسيدات,DIRECT,beauty_salon,beauty_salon,Beauty salon,"beauty_salon, gym, sports_activity_location, health, point_of_interest, service, establishment",Abu Dhabi - Al Falah - 1B - Abu Dhabi,24.4474272,54.7282691,3.9,118.0,OPERATIONAL,+971 2 639 3530,,https://maps.google.com/?cid=12530524337326846394&g_mp=Cilnb29nbGUubWFwcy5wbGFjZXMudjEuUGxhY2VzLlNlYXJjaE5lYXJieRACGAQgAA,Monday: 10:00 AM – 10:00 PM | Tuesday: 10:00 AM – 10:00 PM | Wednesday: 10:00 AM – 10:00 PM | Thursday: 10:00 AM – 10:00 PM | Friday: 12:00 – 10:00 PM | Saturday: 10:00 AM – 10:00 PM | Sunday: 10:00 AM – 10:00 PM,Google Places API (New) Nearby Search,2026-09-02T15:22:51+00:00
ChIJ1_Yaz8V19j4RjORr66opjvI,صالون هادي,DIRECT,hair_salon,hair_salon,Hair salon,"hair_salon, hair_care, service, point_of_interest, establishment",Sheikh Mohammed bin Salem St - Dahan - Ras Al Khaimah,25.7813122,55.9355038,4.8,117.0,OPERATIONAL,+971 50 237 7304,,https://maps.google.com/?cid=17477953017942369420&g_mp=Cilnb29nbGUubWFwcy5wbGFjZXMudjEuUGxhY2VzLlNlYXJjaE5lYXJieRACGAQgAA,Monday: 10:00 AM – 1:00 AM | Tuesday: 10:00 AM – 1:00 AM | Wednesday: 10:00 AM – 1:00 AM | Thursday: 10:00 AM – 1:00 AM | Friday: 10:00 AM – 1:00 AM | Saturday: 10:00 AM – 1:00 AM | Sunday: 10:00 AM – 1:00 AM,Google Places API (New) Nearby Search,2026-09-02T15:22:51+00:00
ChIJBQkS3S9JXj4RDc7Mr32zXOY,Stylicle men salon &spa BR -1,DIRECT,spa,barber_shop,Barber shop,"barber_shop, massage_spa, hair_care, massage, spa, beauty_salon, health, point_of_interest, service, establishment",Naseem Al Barr St - Shakhbout City - MSH10 - Abu Dhabi,24.372035399999998,54.6265058,4.3,115.0,OPERATIONAL,+971 55 365 5870,http://styliclesalon.com/,https://maps.google.com/?cid=16599339678982524429&g_mp=Cilnb29nbGUubWFwcy5wbGFjZXMudjEuUGxhY2VzLlNlYXJjaE5lYXJieRACGAQgAA,Monday: 9:00 AM – 11:30 PM | Tuesday: 9:00 AM – 11:30 PM | Wednesday: 9:00 AM – 11:30 PM | Thursday: 9:00 AM – 11:30 PM | Friday: 9:00 AM – 11:30 PM | Saturday: 9:00 AM – 11:30 PM | Sunday: 9:00 AM – 11:30 PM,Google Places API (New) Nearby Search,2026-09-02T15:22:51+00:00
ChIJieGTC7ZPXj4RX_8hfMRV2HY,Barbar 89,DIRECT,beauty_salon,beauty_salon,Beauty salon,"beauty_salon, service, point_of_interest, establishment",Khalifa City - SE45 - Abu Dhabi,24.444593899999997,54.6137867,4.6,113.0,OPERATIONAL,+971 55 669 9701,,https://maps.google.com/?cid=8563688993829551967&g_mp=Cilnb29nbGUubWFwcy5wbGFjZXMudjEuUGxhY2VzLlNlYXJjaE5lYXJieRACGAQgAA,Monday: 10:00 AM – 11:00 PM | Tuesday: 10:00 AM – 11:00 PM | Wednesday: 10:00 AM – 11:00 PM | Thursday: 10:00 AM – 11:00 PM | Friday: 10:00 AM – 11:00 PM | Saturday: 10:00 AM – 11:00 PM | Sunday: 10:00 AM – 11:00 PM,Google Places API (New) Nearby Search,2026-09-02T15:22:51+00:00
ChIJpY32Uyt19j4RY7oZGJI8DI4,Solo gents center,DIRECT,beauty_salon,beauty_salon,Beauty salon,"beauty_salon, point_of_interest, service, establishment",Sheikh Mohamed Bin Salem Rd - Dahan - Ras Al Khaimah,25.7745706,55.92637,4.0,113.0,OPERATIONAL,+971 55 227 7444,,https://maps.google.com/?cid=10235622651273525859&g_mp=Cilnb29nbGUubWFwcy5wbGFjZXMudjEuUGxhY2VzLlNlYXJjaE5lYXJieRACGAQgAA,Monday: 12:00 PM – 10:00 AM | Tuesday: 12:00 PM – 10:00 AM | Wednesday: 12:00 PM – 10:00 AM | Thursday: 12:00 PM – 10:00 AM | Friday: 12:00 PM – 10:00 AM | Saturday: 12:00 PM – 10:00 AM | Sunday: 12:00 PM – 10:00 AM,Google Places API (New) Nearby Search,2026-09-02T15:22:51+00:00
ChIJxZFMcwA3Xj4RKQnM2mnKyaw,House of glow henna and beauty ladies salon صالون,DIRECT,nail_salon,beauty_salon,Beauty salon,"beauty_salon, beautician, nail_salon, point_of_interest, service, establishment",Bani Yas - Baniyas East - Abu Dhabi,24.2949658,54.6366464,4.5,112.0,OPERATIONAL,+971 55 361 1236,https://online.sterve.shop/?business=6139,https://maps.google.com/?cid=12450705200833628457&g_mp=Cilnb29nbGUubWFwcy5wbGFjZXMudjEuUGxhY2VzLlNlYXJjaE5lYXJieRACGAQgAA,Monday: 11:00 AM – 11:30 PM | Tuesday: 11:00 AM – 11:30 PM | Wednesday: 11:00 AM – 11:30 PM | Thursday: 11:00 AM – 11:30 PM | Friday: 11:00 AM – 11:30 PM | Saturday: 11:00 AM – 11:30 PM | Sunday: 11:00 AM – 11:30 PM,Google Places API (New) Nearby Search,2026-09-02T15:22:51+00:00
ChIJS7EoHb1HXj4R_CaM82bRZc0,Stardust Gents Salon,DIRECT,hair_salon,hair_salon,Hair salon,"barber_shop, hair_salon, hair_care, health, point_of_interest, service, establishment",Community Al Rayyana Plaza - Khalifa City - Al Rayyana - Abu Dhabi,24.411317399999998,54.5362875,4.7,112.0,OPERATIONAL,+971 2 444 8300,https://stardustcuts.com/,https://maps.google.com/?cid=14800465990525921020&g_mp=Cilnb29nbGUubWFwcy5wbGFjZXMudjEuUGxhY2VzLlNlYXJjaE5lYXJieRACGAQgAA,Monday: 12:00 – 10:00 PM | Tuesday: 12:00 – 10:00 PM | Wednesday: 12:00 – 10:00 PM | Thursday: 12:00 – 10:00 PM | Friday: 2:00 – 10:00 PM | Saturday: 10:00 AM – 10:00 PM | Sunday: 10:00 AM – 10:00 PM,Google Places API (New) Nearby Search,2026-09-02T15:22:51+00:00
ChIJ2xuub2NnXz4RW-ld2i0rn5Y,Kids Hair Station Salon,DIRECT,hair_salon,hair_salon,Hair salon,"hair_salon, barber_shop, beauty_salon, hair_care, point_of_interest, health, service, establishment","First Floor , The Arch Mall - Nad Al Sheba - Nad Al Sheba 3 - Dubai",25.147649299999998,55.374359399999996,4.7,109.0,OPERATIONAL,+971 56 797 6463,,https://maps.google.com/?cid=10853441102923295067&g_mp=Cilnb29nbGUubWFwcy5wbGFjZXMudjEuUGxhY2VzLlNlYXJjaE5lYXJieRACGAQgAA,Monday: 10:00 AM – 10:00 PM | Tuesday: 10:00 AM – 10:00 PM | Wednesday: 10:00 AM – 10:00 PM | Thursday: 10:00 AM – 10:00 PM | Friday: 10:00 AM – 10:00 PM | Saturday: 10:00 AM – 10:00 PM | Sunday: 10:00 AM – 10:00 PM,Google Places API (New) Nearby Search,2026-09-02T15:22:51+00:00
ChIJg26InplHXj4RXG9GjMhTi2M,Lashes Vibes,DIRECT,nail_salon,beauty_salon,Beauty salon,"beauty_salon, nail_salon, service, point_of_interest, establishment",31 As Sunnaʹ St - Khalifa City - Sector 33 - Abu Dhabi,24.3983921,54.560806299999996,4.0,109.0,OPERATIONAL,+971 55 550 5170,https://instagram.com/lashes_vibes?igshid=3jca2mxtfwij,https://maps.google.com/?cid=7172918952329637724&g_mp=Cilnb29nbGUubWFwcy5wbGFjZXMudjEuUGxhY2VzLlNlYXJjaE5lYXJieRACGAQgAA,Monday: 10:00 AM – 9:00 PM | Tuesday: 10:00 AM – 9:00 PM | Wednesday: 10:00 AM – 9:00 PM | Thursday: 10:00 AM – 9:00 PM | Friday: 10:00 AM – 9:00 PM | Saturday: 10:00 AM – 9:00 PM | Sunday: 10:00 AM – 9:00 PM,Google Places API (New) Nearby Search,2026-09-02T15:22:51+00:00
ChIJs5Kbi09mXj4RSS_o7BH2b1U,CRISTAL SPA - Ramada Downtown Hotel Abu Dhabi,DIRECT,beauty_salon,spa,Spa,"spa, massage_spa, massage, beauty_salon, point_of_interest, service, establishment","9th Floor Ramada Downtown Hotel, 8th Street - Sheikh Zayed Bin Sultan St - Al Zahiyah - E16 01 - Abu Dhabi",24.490731,54.380064499999996,3.8,108.0,OPERATIONAL,+971 52 781 9955,https://flourishspas.com/cristal-spa/,https://maps.google.com/?cid=6156409772488273737&g_mp=Cilnb29nbGUubWFwcy5wbGFjZXMudjEuUGxhY2VzLlNlYXJjaE5lYXJieRACGAQgAA,Monday: 10:00 AM – 1:00 AM | Tuesday: 10:00 AM – 1:00 AM | Wednesday: 10:00 AM – 1:00 AM | Thursday: 10:00 AM – 1:00 AM | Friday: 10:00 AM – 1:00 AM | Saturday: 10:00 AM – 1:00 AM | Sunday: 10:00 AM – 1:00 AM,Google Places API (New) Nearby Search,2026-09-02T15:22:51+00:00
ChIJn9Sl_W1DXj4R3LmY5k0gs-s,Omsiyat Beauty Center,DIRECT,hair_salon,beauty_salon,Beauty salon,"beauty_salon, nail_salon, makeup_artist, massage_spa, hair_salon, hair_care, massage, spa, public_bath, point_of_interest, service, establishment","Danet - Al Yaqoot Tower, Mezzanine Floor - شارع - ٣١ - السعادة - شرق 40 - أبو ظبي",24.430598099999997,54.4367916,4.7,108.0,OPERATIONAL,+971 58 520 2005,,https://maps.google.com/?cid=16983954138697611740&g_mp=Cilnb29nbGUubWFwcy5wbGFjZXMudjEuUGxhY2VzLlNlYXJjaE5lYXJieRACGAQgAA,Monday: 11:00 AM – 9:30 PM | Tuesday: 11:00 AM – 9:30 PM | Wednesday: 11:00 AM – 9:30 PM | Thursday: 11:00 AM – 9:30 PM | Friday: 11:00 AM – 10:00 PM | Saturday: 11:00 AM – 10:00 PM | Sunday: 11:00 AM – 10:00 PM,Google Places API (New) Nearby Search,2026-09-02T15:22:51+00:00
ChIJp57p1VhPXj4RuUH6dZbTVEM,Top Touch Gents salon & spa Khalifa A city صالون وسبا توب تاتش مدينة خليفة أ,DIRECT,hair_salon,hair_salon,Hair salon,"hair_salon, hair_care, service, point_of_interest, establishment",CJV7+Q28 - Khalifa City - SE45 - Abu Dhabi,24.444349499999998,54.612706599999996,4.9,108.0,OPERATIONAL,+971 56 833 4333,https://toptouchspa.com/,https://maps.google.com/?cid=4851735341762757049&g_mp=Cilnb29nbGUubWFwcy5wbGFjZXMudjEuUGxhY2VzLlNlYXJjaE5lYXJieRACGAQgAA,Monday: 10:00 AM – 2:00 AM | Tuesday: 10:00 AM – 2:00 AM | Wednesday: 10:00 AM – 2:00 AM | Thursday: 10:00 AM – 2:00 AM | Friday: 10:00 AM – 2:00 AM | Saturday: 10:00 AM – 2:00 AM | Sunday: 10:00 AM – 2:00 AM,Google Places API (New) Nearby Search,2026-09-02T15:22:51+00:00
ChIJn8JqQR03Xj4REWqgFbMUIYQ,صالون شباب سناب,DIRECT,hair_salon,hair_salon,Hair salon,"hair_salon, hair_care, point_of_interest, service, establishment",11 - 3 Al Mandous St - Bani Yas - East 3 - Abu Dhabi,24.306414699999998,54.6113145,4.8,106.0,OPERATIONAL,+971 56 205 0616,,https://maps.google.com/?cid=9520913846632475153&g_mp=Cilnb29nbGUubWFwcy5wbGFjZXMudjEuUGxhY2VzLlNlYXJjaE5lYXJieRACGAQgAA,Monday: 12:00 PM – 3:00 AM | Tuesday: 12:00 PM – 3:00 AM | Wednesday: 12:00 PM – 3:00 AM | Thursday: 12:00 PM – 3:00 AM | Friday: 12:00 PM – 3:00 AM | Saturday: 12:00 PM – 3:00 AM | Sunday: 12:00 PM – 3:00 AM,Google Places API (New) Nearby Search,2026-09-02T15:22:51+00:00
ChIJdwN6yac4Xj4Rjoks1vUX42w,Snow White Beauty Salon,DIRECT,nail_salon,beauty_salon,Beauty salon,"beauty_salon, nail_salon, service, point_of_interest, establishment",Mohamed Bin Zayed City - ME10 - Abu Dhabi,24.3358869,54.5339369,4.6,105.0,OPERATIONAL,+971 2 552 3442,https://snowwhiteladiessalon.ae/,https://maps.google.com/?cid=7846141320437205390&g_mp=Cilnb29nbGUubWFwcy5wbGFjZXMudjEuUGxhY2VzLlNlYXJjaE5lYXJieRACGAQgAA,Monday: 9:30 AM – 10:00 PM | Tuesday: 9:30 AM – 10:00 PM | Wednesday: 9:30 AM – 10:00 PM | Thursday: 9:30 AM – 10:00 PM | Friday: 9:30 AM – 10:00 PM | Saturday: 9:30 AM – 10:00 PM | Sunday: 9:30 AM – 10:00 PM,Google Places API (New) Nearby Search,2026-09-02T15:22:51+00:00
ChIJx0WdTdtpXz4R-rWz9lgwd8I,Le Michel Salons Downtown Dubai,DIRECT,"hair_salon, nail_salon",beauty_salon,Beauty salon,"beauty_salon, nail_salon, massage_spa, hair_salon, hair_care, massage, spa, point_of_interest, service, establishment",The Dubai Edition Hotel L1 - Dubai Fountain St - برج خليفة - وسط مدينة دبي - دبي,25.192126899999998,55.280751099999996,4.6,104.0,OPERATIONAL,+971 50 795 2078,https://lemichelsalons.com/,https://maps.google.com/?cid=14012721924240815610&g_mp=Cilnb29nbGUubWFwcy5wbGFjZXMudjEuUGxhY2VzLlNlYXJjaE5lYXJieRACGAQgAA,Monday: 10:00 AM – 9:00 PM | Tuesday: 10:00 AM – 9:00 PM | Wednesday: 10:00 AM – 9:00 PM | Thursday: 10:00 AM – 9:00 PM | Friday: 10:00 AM – 9:00 PM | Saturday: 10:00 AM – 9:00 PM | Sunday: 10:00 AM – 9:00 PM,Google Places API (New) Nearby Search,2026-09-02T15:22:51+00:00
ChIJFRhBdlJBXj4RwYy2RLGionw,Nona Colonna Ladies Salon,DIRECT,"hair_salon, nail_salon",beauty_salon,Beauty salon,"beauty_salon, nail_salon, hair_salon, hair_care, point_of_interest, service, establishment",jamaiyyah Co - Office #107 - opp. Society Building - Rabdan - RB8 - Abu Dhabi,24.4076347,54.5058601,4.4,104.0,OPERATIONAL,+971 2 557 6015,http://www.nonacolonna.com/,https://maps.google.com/?cid=8980919489175915713&g_mp=Cilnb29nbGUubWFwcy5wbGFjZXMudjEuUGxhY2VzLlNlYXJjaE5lYXJieRACGAQgAA,Monday: Closed | Tuesday: 11:00 AM – 10:00 PM | Wednesday: 11:00 AM – 10:00 PM | Thursday: 11:00 AM – 10:00 PM | Friday: 12:00 AM – 10:00 PM | Saturday: 11:00 AM – 10:00 PM | Sunday: 11:00 AM – 10:00 PM,Google Places API (New) Nearby Search,2026-09-02T15:22:51+00:00
ChIJ1UO62UV09j4ROx5CK2Bb2UE,Royal Ruby Salon - Al Dhait,DIRECT,hair_salon,hair_salon,Hair salon,"hair_salon, hair_care, service, point_of_interest, establishment",QW25+544 Bait almandi restaurant - Al Dhait - Neir - Ras Al Khaimah,25.7503877,55.9078312,3.7,104.0,OPERATIONAL,+971 7 236 9009,,https://maps.google.com/?cid=4744924151012269627&g_mp=Cilnb29nbGUubWFwcy5wbGFjZXMudjEuUGxhY2VzLlNlYXJjaE5lYXJieRACGAQgAA,Monday: 8:30 AM – 11:30 PM | Tuesday: 8:30 AM – 11:30 PM | Wednesday: 8:30 AM – 11:30 PM | Thursday: 8:30 AM – 11:30 PM | Friday: 8:30 AM – 11:30 PM | Saturday: 8:30 AM – 11:30 PM | Sunday: 8:00 AM – 11:00 PM,Google Places API (New) Nearby Search,2026-09-02T15:22:51+00:00
ChIJJS9H8odLXj4RMBB1xetn8ZA,صالون سكره للحناء والتجميل,DIRECT,beauty_salon,beauty_salon,Beauty salon,"beauty_salon, point_of_interest, service, establishment",CPVR+HXM - Al Dhara St - Al Falah - 1D - Abu Dhabi,24.4439539,54.742432799999996,4.1,103.0,OPERATIONAL,+971 50 209 0993,,https://maps.google.com/?cid=10444243273176649776&g_mp=Cilnb29nbGUubWFwcy5wbGFjZXMudjEuUGxhY2VzLlNlYXJjaE5lYXJieRACGAQgAA,Monday: 10:00 AM – 10:00 PM | Tuesday: 10:00 AM – 10:00 PM | Wednesday: 10:00 AM – 10:00 PM | Thursday: 10:00 AM – 10:00 PM | Friday: 10:00 AM – 10:00 PM | Saturday: 10:00 AM – 10:00 PM | Sunday: 10:00 AM – 10:00 PM,Google Places API (New) Nearby Search,2026-09-02T15:22:51+00:00
ChIJUcv0Wo2vij4RGxp4BAsn7bU,H R World Beauty Salon,DIRECT,"hair_salon, nail_salon, spa",beauty_salon,Beauty salon,"beauty_salon, nail_salon, massage_spa, hair_salon, hair_care, massage, spa, beautician, supplier, body_art_service, point_of_interest, service, establishment","ALDAMHARI 3 FLOOR, ROOM NUMBER 17. ROADABLES - 33013 - عشارج - بدع بن عمار - أبو ظبي",24.1981152,55.6617489,4.6,102.0,OPERATIONAL,+971 50 745 7567,https://www.instagram.com/h_r_world_beauty_salon,https://maps.google.com/?cid=13109177018618485275&g_mp=Cilnb29nbGUubWFwcy5wbGFjZXMudjEuUGxhY2VzLlNlYXJjaE5lYXJieRACGAQgAA,Monday: 10:00 AM – 10:00 PM | Tuesday: 10:00 AM – 10:00 PM | Wednesday: 10:00 AM – 10:00 PM | Thursday: 10:00 AM – 10:00 PM | Friday: 10:00 AM – 10:00 PM | Saturday: 10:00 AM – 10:00 PM | Sunday: 10:00 AM – 10:00 PM,Google Places API (New) Nearby Search,2026-09-02T15:22:51+00:00
ChIJwZpk-11DXz4RpXWNPfc_7j0,Al khair 3 building,DIRECT,beauty_salon,beauty_salon,Beauty salon,"beauty_salon, point_of_interest, service, establishment",501 - al khair 3 building - السطوة - دبي,25.218255900000003,55.271923099999995,3.9,101.0,OPERATIONAL,,,https://maps.google.com/?cid=4462574611892893093&g_mp=Cilnb29nbGUubWFwcy5wbGFjZXMudjEuUGxhY2VzLlNlYXJjaE5lYXJieRACGAQgAA,,Google Places API (New) Nearby Search,2026-09-02T15:22:51+00:00
ChIJLYzElP03Xj4REreRhHMZUxA,Wardat Buthaina baniyas صالون ورده بثينه,DIRECT,beauty_salon,beauty_salon,Beauty salon,"beauty_salon, point_of_interest, service, establishment",5 Ar Rakb St - Bani Yas - Baniyas East - Abu Dhabi,24.294562400000004,54.637101099999995,3.7,101.0,OPERATIONAL,+971 55 229 9223,,https://maps.google.com/?cid=1176311911609906962&g_mp=Cilnb29nbGUubWFwcy5wbGFjZXMudjEuUGxhY2VzLlNlYXJjaE5lYXJieRACGAQgAA,Monday: 10:30 AM – 10:00 PM | Tuesday: 10:30 AM – 10:00 PM | Wednesday: 10:30 AM – 10:00 PM | Thursday: 10:30 AM – 10:30 PM | Friday: 11:00 AM – 10:00 PM | Saturday: 10:30 AM – 10:00 PM | Sunday: 10:30 AM – 10:00 PM,Google Places API (New) Nearby Search,2026-09-02T15:22:51+00:00
ChIJq2qbxqVfXz4RQxr6YkzBpvA,Zahid Jani Salon (main),DIRECT,hair_salon,barber_shop,Barber shop,"barber_shop, hair_salon, beauty_salon, hair_care, point_of_interest, health, service, establishment",Maleha St - Muwaileh Commercial - Industrial Area - Sharjah,25.290625199999997,55.4449191,4.3,99.0,OPERATIONAL,+971 54 775 5011,,https://maps.google.com/?cid=17340759949058906691&g_mp=Cilnb29nbGUubWFwcy5wbGFjZXMudjEuUGxhY2VzLlNlYXJjaE5lYXJieRACGAQgAA,Monday: 7:00 AM – 11:45 PM | Tuesday: 7:00 AM – 11:45 PM | Wednesday: 7:00 AM – 11:45 PM | Thursday: 7:00 AM – 11:45 PM | Friday: 7:00 AM – 11:45 PM | Saturday: 7:00 AM – 11:45 PM | Sunday: 7:00 AM – 11:45 PM,Google Places API (New) Nearby Search,2026-09-02T15:22:51+00:00
ChIJJY0cP_ZHXj4Rezb6C_enoRc,Alfal Beauty Center - Abu Dhabi,DIRECT,beauty_salon,beauty_salon,Beauty salon,"beauty_salon, point_of_interest, service, establishment",Mohamed Bin Zayed City - Z1 - Abu Dhabi,24.372701199999998,54.540085399999995,3.5,98.0,OPERATIONAL,+971 50 333 9149,,https://maps.google.com/?cid=1702826813622466171&g_mp=Cilnb29nbGUubWFwcy5wbGFjZXMudjEuUGxhY2VzLlNlYXJjaE5lYXJieRACGAQgAA,Monday: 10:00 AM – 9:00 PM | Tuesday: 10:00 AM – 9:00 PM | Wednesday: 10:00 AM – 9:00 PM | Thursday: 10:00 AM – 9:00 PM | Friday: 10:00 AM – 9:00 PM | Saturday: 10:00 AM – 9:00 PM | Sunday: 10:00 AM – 9:00 PM,Google Places API (New) Nearby Search,2026-09-02T15:22:51+00:00
ChIJt_rot6w3Xj4RywzijzxGx14,صالون سونا الشوامخ,DIRECT,beauty_salon,beauty_salon,Beauty salon,"beauty_salon, point_of_interest, service, establishment",13 Qalʹat Masafi St - Al Shawamekh - SHM11 - Abu Dhabi,24.327903,54.644655,3.4,98.0,OPERATIONAL,+971 3 737 9898,,https://maps.google.com/?cid=6829504585856584907&g_mp=Cilnb29nbGUubWFwcy5wbGFjZXMudjEuUGxhY2VzLlNlYXJjaE5lYXJieRACGAQgAA,Monday: 9:00 AM – 11:00 PM | Tuesday: 9:00 AM – 11:00 PM | Wednesday: 9:00 AM – 11:00 PM | Thursday: 9:00 AM – 11:00 PM | Friday: 9:00 AM – 11:00 PM | Saturday: 9:00 AM – 11:00 PM | Sunday: 9:00 AM – 11:00 PM,Google Places API (New) Nearby Search,2026-09-02T15:22:51+00:00
ChIJG1atwJ9JXj4RTYk6_7zZe0s,Enfield Royal Clinic Abu Dhabi | Shakhbout City - عيادة انفيلد رويال في أبوظبي | مدينة شخبوط,DIRECT,spa,skin_care_clinic,Skin care clinic,"skin_care_clinic, massage_spa, hair_care, massage, spa, beauty_salon, doctor, medical_clinic, health, point_of_interest, service, establishment",Villa 3 - Block 9 Al ʹAlya-a St - Shakhbout City - MSH9 - Abu Dhabi,24.3678274,54.623046599999995,5.0,96.0,OPERATIONAL,+971 2 501 4200,https://enfieldroyalclinicad.ae/,https://maps.google.com/?cid=5439180380739111245&g_mp=Cilnb29nbGUubWFwcy5wbGFjZXMudjEuUGxhY2VzLlNlYXJjaE5lYXJieRACGAQgAA,Monday: Closed | Tuesday: 10:00 AM – 8:00 PM | Wednesday: 10:00 AM – 8:00 PM | Thursday: 10:00 AM – 8:00 PM | Friday: 10:00 AM – 8:00 PM | Saturday: 10:00 AM – 8:00 PM | Sunday: 9:00 AM – 8:00 PM,Google Places API (New) Nearby Search,2026-09-02T15:22:51+00:00
ChIJTXwSh7hPXj4RnKHO-6Jv2Os,iRIS GENTS SALOON صالون آيريس للرجال,DIRECT,hair_salon,hair_salon,Hair salon,"hair_salon, hair_care, service, point_of_interest, establishment",Al Rahah - RBW3 - Abu Dhabi,24.4499365,54.6133248,4.3,96.0,OPERATIONAL,+971 56 316 9328,,https://maps.google.com/?cid=16994455939682574748&g_mp=Cilnb29nbGUubWFwcy5wbGFjZXMudjEuUGxhY2VzLlNlYXJjaE5lYXJieRACGAQgAA,Monday: 9:00 AM – 11:00 PM | Tuesday: 9:00 AM – 11:00 PM | Wednesday: 9:00 AM – 11:00 PM | Thursday: 9:00 AM – 11:00 PM | Friday: 9:00 AM – 11:00 PM | Saturday: 9:00 AM – 11:00 PM | Sunday: 9:00 AM – 11:00 PM,Google Places API (New) Nearby Search,2026-09-02T15:22:51+00:00
ChIJf3cbfzdPXj4RMbH1w9jcBl8,Circle Beauty and Spa,DIRECT,beauty_salon,beauty_salon,Beauty salon,"beauty_salon, service, point_of_interest, establishment",Al Shahama - New Shahamah - Abu Dhabi,24.5383027,54.692425099999994,4.2,95.0,OPERATIONAL,+971 2 583 9050,,https://maps.google.com/?cid=6847403107022123313&g_mp=Cilnb29nbGUubWFwcy5wbGFjZXMudjEuUGxhY2VzLlNlYXJjaE5lYXJieRACGAQgAA,Monday: 11:00 AM – 9:00 PM | Tuesday: 11:00 AM – 9:00 PM | Wednesday: 11:00 AM – 9:00 PM | Thursday: 11:00 AM – 9:00 PM | Friday: 11:00 AM – 9:00 PM | Saturday: 11:00 AM – 9:00 PM | Sunday: 11:00 AM – 9:00 PM,Google Places API (New) Nearby Search,2026-09-02T15:22:51+00:00
ChIJiRA2fSNFXj4RMWrYFpOYLvQ,Scarlet Rose Salon,DIRECT,beauty_salon,beauty_salon,Beauty salon,"beauty_salon, point_of_interest, service, establishment",درب ياس الترفيهي - Yas Island - YN3 - Abu Dhabi,24.501072399999998,54.599037300000006,4.8,95.0,OPERATIONAL,+971 55 945 8561,https://scarletrosesalon.ae/,https://maps.google.com/?cid=17595168551694002737&g_mp=Cilnb29nbGUubWFwcy5wbGFjZXMudjEuUGxhY2VzLlNlYXJjaE5lYXJieRACGAQgAA,Monday: 10:00 AM – 10:00 PM | Tuesday: 10:00 AM – 10:00 PM | Wednesday: 10:00 AM – 10:00 PM | Thursday: 10:00 AM – 10:00 PM | Friday: 10:00 AM – 10:00 PM | Saturday: 10:00 AM – 10:00 PM | Sunday: 10:00 AM – 10:00 PM,Google Places API (New) Nearby Search,2026-09-02T15:22:51+00:00
ChIJoxRqn4RCXj4RxVvskPy8rKw,Beautyspot Salon Al Seef Village,DIRECT,"hair_salon, nail_salon",hair_salon,Hair salon,"nail_salon, makeup_artist, hair_salon, hair_care, spa, beauty_salon, point_of_interest, service, establishment","Andalus Resort & Spa - The Walk, Al Seef Village - المنتزه - شرق 48 - أبو ظبي",24.4357759,54.4540797,4.2,94.0,OPERATIONAL,+971 50 205 6000,http://beautyspot.me/,https://maps.google.com/?cid=12442527663467027397&g_mp=Cilnb29nbGUubWFwcy5wbGFjZXMudjEuUGxhY2VzLlNlYXJjaE5lYXJieRACGAQgAA,Monday: 10:00 AM – 8:00 PM | Tuesday: 10:00 AM – 8:00 PM | Wednesday: 10:00 AM – 8:00 PM | Thursday: 10:00 AM – 8:00 PM | Friday: 10:00 AM – 8:00 PM | Saturday: 10:00 AM – 8:00 PM | Sunday: 10:00 AM – 8:00 PM,Google Places API (New) Nearby Search,2026-09-02T15:22:51+00:00
ChIJBSTDRftHXj4RrjwQvtjVgVY,صالون سونا خليفة أ,DIRECT,beauty_salon,beauty_salon,Beauty salon,"beauty_salon, point_of_interest, service, establishment",37 Theyab Bin Eissa St - Khalifa City - SE2 - Abu Dhabi,24.4213995,54.5654772,3.3,93.0,OPERATIONAL,+971 50 312 7788,,https://maps.google.com/?cid=6233498486135864494&g_mp=Cilnb29nbGUubWFwcy5wbGFjZXMudjEuUGxhY2VzLlNlYXJjaE5lYXJieRACGAQgAA,Monday: 9:00 AM – 10:45 PM | Tuesday: 9:00 AM – 10:45 PM | Wednesday: 9:00 AM – 10:45 PM | Thursday: 9:00 AM – 10:45 PM | Friday: 9:00 AM – 10:45 PM | Saturday: 9:00 AM – 10:45 PM | Sunday: 9:00 AM – 10:45 PM,Google Places API (New) Nearby Search,2026-09-02T15:22:51+00:00
ChIJBVlvld5hXz4R8RRdNUHPRws,Cavali Star Gents Salon,DIRECT,hair_salon,barber_shop,Barber shop,"barber_shop, hair_salon, hair_care, health, point_of_interest, service, establishment",505 Tripoli St - Al Warqa'a Third - Dubai,25.2064913,55.4262387,4.4,92.0,OPERATIONAL,+971 4 832 7730,,https://maps.google.com/?cid=812846136738780401&g_mp=Cilnb29nbGUubWFwcy5wbGFjZXMudjEuUGxhY2VzLlNlYXJjaE5lYXJieRACGAQgAA,Monday: 10:00 AM – 12:00 AM | Tuesday: 10:00 AM – 12:00 AM | Wednesday: 10:00 AM – 12:00 AM | Thursday: 10:00 AM – 12:00 AM | Friday: 10:00 AM – 12:00 AM | Saturday: 10:00 AM – 12:00 AM | Sunday: 10:00 AM – 12:00 AM,Google Places API (New) Nearby Search,2026-09-02T15:22:51+00:00
ChIJFR2D8pVPXj4RLQ1l9eAEU5g,Dark candles gents saloon,DIRECT,spa,spa,Spa,"spa, barber_shop, hair_care, service, health, point_of_interest, establishment","Souk7, Mafraq Road - Al Shahama - New Shahamah - Abu Dhabi",24.5240667,54.69069100000001,4.1,92.0,OPERATIONAL,+971 2 642 2684,,https://maps.google.com/?cid=10976122081068256557&g_mp=Cilnb29nbGUubWFwcy5wbGFjZXMudjEuUGxhY2VzLlNlYXJjaE5lYXJieRACGAQgAA,"Monday: 10:00 AM – 11:00 PM | Tuesday: 10:00 AM – 11:00 PM | Wednesday: 10:00 AM – 11:00 PM | Thursday: 10:00 AM – 11:00 PM | Friday: 10:00 AM – 12:30 PM, 2:30 – 11:00 PM | Saturday: 10:00 AM – 11:00 PM | Sunday: 10:00 AM – 11:00 PM",Google Places API (New) Nearby Search,2026-09-02T15:22:51+00:00
ChIJRcFIcQBPXj4R_ffjuPKPC3w,Groomly Salon & Spa,DIRECT,hair_salon,hair_salon,Hair salon,"hair_salon, hair_care, point_of_interest, service, establishment",Abu Dhabi - Al Shahama - New Shahamah - Abu Dhabi,24.534065299999998,54.6825372,4.8,92.0,OPERATIONAL,+971 50 412 3012,,https://maps.google.com/?cid=8938396158093686781&g_mp=Cilnb29nbGUubWFwcy5wbGFjZXMudjEuUGxhY2VzLlNlYXJjaE5lYXJieRACGAQgAA,Monday: 10:30 AM – 11:30 PM | Tuesday: 10:30 AM – 11:30 PM | Wednesday: 10:30 AM – 11:30 PM | Thursday: 10:30 AM – 11:30 PM | Friday: 10:30 AM – 11:30 PM | Saturday: 10:30 AM – 11:30 PM | Sunday: 10:30 AM – 11:30 PM,Google Places API (New) Nearby Search,2026-09-02T15:22:51+00:00
ChIJoxAi2QxhXz4RW8iaxk-7jo0,TOT Ladies Beauty Salon,DIRECT,nail_salon,nail_salon,Nail salon,"nail_salon, beauty_salon, point_of_interest, service, establishment",Mirdif - Dubai,25.2227054,55.4349311,4.7,90.0,OPERATIONAL,+971 50 410 2399,http://totladiesbeautysalon.com/,https://maps.google.com/?cid=10200296157349595227&g_mp=Cilnb29nbGUubWFwcy5wbGFjZXMudjEuUGxhY2VzLlNlYXJjaE5lYXJieRACGAQgAA,Monday: 10:00 AM – 10:00 PM | Tuesday: 10:00 AM – 10:00 PM | Wednesday: 10:00 AM – 10:00 PM | Thursday: 10:00 AM – 10:00 PM | Friday: 10:00 AM – 10:00 PM | Saturday: 10:00 AM – 10:00 PM | Sunday: 10:00 AM – 10:00 PM,Google Places API (New) Nearby Search,2026-09-02T15:22:51+00:00
ChIJW8oMfABfXz4RIcRUJoLLXbg,Unique Beauty salon,DIRECT,beauty_salon,beauty_salon,Beauty salon,"beauty_salon, point_of_interest, service, establishment",Sharjah - Muwaileh Commercial - Industrial Area - Sharjah,25.305950499999998,55.45648860000001,4.3,90.0,OPERATIONAL,+971 6 715 0073,https://uniquebeautyy.com/en/,https://maps.google.com/?cid=13284998235662107681&g_mp=Cilnb29nbGUubWFwcy5wbGFjZXMudjEuUGxhY2VzLlNlYXJjaE5lYXJieRACGAQgAA,Monday: 10:00 AM – 10:00 PM | Tuesday: 10:00 AM – 10:00 PM | Wednesday: 10:00 AM – 10:00 PM | Thursday: 10:00 AM – 10:00 PM | Friday: 10:00 AM – 10:00 PM | Saturday: 10:00 AM – 10:00 PM | Sunday: 10:00 AM – 10:00 PM,Google Places API (New) Nearby Search,2026-09-02T15:22:51+00:00
ChIJ27gfVKM3Xj4R0Mww3Vzrmgc,o2 spa for men اوه 2 سبا للرجال,DIRECT,"beauty_salon, hair_salon, nail_salon, spa",spa,Spa,"spa, nail_salon, sauna, hair_salon, hair_care, massage, public_bath, beauty_salon, health, point_of_interest, service, establishment",villa3 - Al Rakb St - Bani Yas - EB8 - Abu Dhabi,24.2937623,54.6382195,4.0,89.0,OPERATIONAL,+971 56 166 3339,https://o2spa.ae/,https://maps.google.com/?cid=548009088759418064&g_mp=Cilnb29nbGUubWFwcy5wbGFjZXMudjEuUGxhY2VzLlNlYXJjaE5lYXJieRACGAQgAA,Monday: 10:00 AM – 1:00 AM | Tuesday: 10:00 AM – 1:00 AM | Wednesday: 10:00 AM – 1:00 AM | Thursday: 10:00 AM – 1:00 AM | Friday: 10:00 AM – 1:00 AM | Saturday: 10:00 AM – 1:00 AM | Sunday: 10:00 AM – 1:00 AM,Google Places API (New) Nearby Search,2026-09-02T15:22:51+00:00
ChIJ40-DSf43Xj4RiE7IGLOBm9k,جنة مركز نسائي للتدليك والاسترخاء Jannah women massage and relaxation center,DIRECT,"beauty_salon, nail_salon, spa",spa,Spa,"spa, nail_salon, massage_spa, massage, beauty_salon, national_park, park, point_of_interest, service, establishment","Baniyas, Almuwaiji street, mezanin 08 - بني ياس شرق. بناية مخبز الخليج، طابق الميزانين شقة 8 - بني ياس - بني ياس شرق 2 3 - أبو ظبي",24.3179965,54.630896799999995,4.5,89.0,OPERATIONAL,+971 50 929 6762,https://instagram.com/jannah.ae?igshid=YmMyMTA2M2Y=,https://maps.google.com/?cid=15680269133835423368&g_mp=Cilnb29nbGUubWFwcy5wbGFjZXMudjEuUGxhY2VzLlNlYXJjaE5lYXJieRACGAQgAA,Monday: 1:00 – 10:00 PM | Tuesday: 1:00 – 10:00 PM | Wednesday: 1:00 – 10:00 PM | Thursday: 1:00 – 10:00 PM | Friday: 1:00 – 10:00 PM | Saturday: 1:00 – 10:00 PM | Sunday: 1:00 – 10:00 PM,Google Places API (New) Nearby Search,2026-09-02T15:22:51+00:00
ChIJZaPHks03Xj4R6n0H-_TPtQw,Serenity Room Ladies Salon صالون سيرينيتي روم للسيدات بني ياس,DIRECT,beauty_salon,beauty_salon,Beauty salon,"beauty_salon, point_of_interest, service, establishment",Bani Yas St - Bani Yas - Baniyas East - Abu Dhabi,24.2936534,54.6384336,4.1,88.0,OPERATIONAL,+971 56 664 0642,https://www.instagram.com/serenityroom.ae?igsh=MXRqbDJ5b3Rwd2E3dw==,https://maps.google.com/?cid=915866750330306026&g_mp=Cilnb29nbGUubWFwcy5wbGFjZXMudjEuUGxhY2VzLlNlYXJjaE5lYXJieRACGAQgAA,Monday: Closed | Tuesday: 11:00 AM – 9:00 PM | Wednesday: 11:00 AM – 9:00 PM | Thursday: 11:00 AM – 9:00 PM | Friday: 11:00 AM – 9:00 PM | Saturday: 11:00 AM – 9:00 PM | Sunday: 11:00 AM – 9:00 PM,Google Places API (New) Nearby Search,2026-09-02T15:22:51+00:00
ChIJF7NML_b59D4Rl3FGWbvMQw8,صالون روعه,DIRECT,beauty_salon,beauty_salon,Beauty salon,"beauty_salon, point_of_interest, service, establishment",48MV+HF9 - Al Ittihad - Al Owaid Rd - Al ‘Uwaid - Fujairah,25.133912,56.343725299999996,4.1,88.0,OPERATIONAL,+971 9 222 9170,,https://maps.google.com/?cid=1099947839037272471&g_mp=Cilnb29nbGUubWFwcy5wbGFjZXMudjEuUGxhY2VzLlNlYXJjaE5lYXJieRACGAQgAA,,Google Places API (New) Nearby Search,2026-09-02T15:22:51+00:00
ChIJa-JXp4dRXj4RwYg3Nwqibmo,صالون فياجو - Viaggio Beauty Salon,DIRECT,beauty_salon,beauty_salon,Beauty salon,"beauty_salon, point_of_interest, service, establishment",17 Al Munjizeen St - Al Bahyah - Al Bahyah New - Abu Dhabi,24.5438373,54.630502299999996,3.8,88.0,OPERATIONAL,+971 2 631 7484,https://viaggio-beauty.com/,https://maps.google.com/?cid=7669245380218292417&g_mp=Cilnb29nbGUubWFwcy5wbGFjZXMudjEuUGxhY2VzLlNlYXJjaE5lYXJieRACGAQgAA,Monday: 10:00 AM – 12:00 AM | Tuesday: 10:00 AM – 12:00 AM | Wednesday: Open 24 hours | Thursday: Open 24 hours | Friday: 10:00 AM – 12:00 AM | Saturday: 10:00 AM – 12:00 AM | Sunday: 10:00 AM – 12:00 AM,Google Places API (New) Nearby Search,2026-09-02T15:22:51+00:00
ChIJPbDoe05hXz4RP77AYns8EZM,Miss caramel beauty Center & Spa Alwarqa 1,DIRECT,beauty_salon,beauty_salon,Beauty salon,"beauty_salon, point_of_interest, service, establishment",Al Warqa'a First - Al Warqa 1 - Dubai,25.187969199999998,55.4068908,4.2,87.0,OPERATIONAL,+971 4 280 4280,,https://maps.google.com/?cid=10597317898814930495&g_mp=Cilnb29nbGUubWFwcy5wbGFjZXMudjEuUGxhY2VzLlNlYXJjaE5lYXJieRACGAQgAA,Monday: 10:00 AM – 10:30 PM | Tuesday: 10:00 AM – 10:30 PM | Wednesday: 10:00 AM – 10:30 PM | Thursday: 10:00 AM – 10:30 PM | Friday: 10:00 AM – 10:30 PM | Saturday: 10:00 AM – 10:30 PM | Sunday: 10:00 AM – 10:30 PM,Google Places API (New) Nearby Search,2026-09-02T15:22:51+00:00
ChIJxfs_Lzo3Xj4RU0tYtvjdnGk,صالون الإخلاص,DIRECT,beauty_salon,beauty_salon,Beauty salon,"beauty_salon, point_of_interest, service, establishment",7JWP+5WW - Bani Yas - Baniyas East - Abu Dhabi,24.295481,54.6373183,4.1,87.0,OPERATIONAL,+971 2 583 3137,,https://maps.google.com/?cid=7610201530630163283&g_mp=Cilnb29nbGUubWFwcy5wbGFjZXMudjEuUGxhY2VzLlNlYXJjaE5lYXJieRACGAQgAA,Monday: 9:00 AM – 11:00 PM | Tuesday: 9:00 AM – 11:00 PM | Wednesday: 9:00 AM – 11:00 PM | Thursday: 9:00 AM – 11:00 PM | Friday: 12:00 AM – 11:00 PM | Saturday: 9:00 AM – 11:00 PM | Sunday: 9:00 AM – 11:00 PM,Google Places API (New) Nearby Search,2026-09-02T15:22:51+00:00
ChIJoeJOBqg4Xj4R-vvKodELqX8,Boston Ladies Salon,DIRECT,nail_salon,beauty_salon,Beauty salon,"beauty_salon, skin_care_clinic, massage_spa, nail_salon, massage, hair_salon, hair_care, spa, medical_clinic, health, service, point_of_interest, establishment","Mussaffah Shaabiya,ME 10 - Mohamed Bin Zayed City - ME10 - Abu Dhabi",24.3371434,54.532560000000004,4.3,86.0,OPERATIONAL,+971 2 622 7881,,https://maps.google.com/?cid=9198896708871453690&g_mp=Cilnb29nbGUubWFwcy5wbGFjZXMudjEuUGxhY2VzLlNlYXJjaE5lYXJieRACGAQgAA,Monday: 10:00 AM – 10:00 PM | Tuesday: 10:00 AM – 10:00 PM | Wednesday: 10:00 AM – 10:00 PM | Thursday: 10:00 AM – 10:00 PM | Friday: 10:00 AM – 10:00 PM | Saturday: 10:00 AM – 10:00 PM | Sunday: 10:00 AM – 10:00 PM,Google Places API (New) Nearby Search,2026-09-02T15:22:51+00:00
ChIJ1T33f8hHXj4RFbdgTiq-A3U,Palm Beach Gents Salon,DIRECT,"hair_salon, nail_salon",hair_salon,Hair salon,"hair_salon, barber_shop, nail_salon, hair_care, massage, beauty_salon, health, point_of_interest, service, establishment",Gate 2 - Khalifa City - Sas Al Nakhl Village - Abu Dhabi,24.407425,54.526014499999995,4.8,86.0,OPERATIONAL,+971 2 558 7558,http://palmbeachsalon.ae/,https://maps.google.com/?cid=8431792016280565525&g_mp=Cilnb29nbGUubWFwcy5wbGFjZXMudjEuUGxhY2VzLlNlYXJjaE5lYXJieRACGAQgAA,Monday: 11:00 AM – 10:00 PM | Tuesday: 11:00 AM – 10:00 PM | Wednesday: 11:00 AM – 10:00 PM | Thursday: 11:00 AM – 10:00 PM | Friday: 11:00 AM – 10:00 PM | Saturday: 11:00 AM – 10:00 PM | Sunday: 11:00 AM – 10:00 PM,Google Places API (New) Nearby Search,2026-09-02T15:22:51+00:00
ChIJp_cpJsFPXj4RIWhXvPqu7X0,Nua Toi Beauty Salon,DIRECT,beauty_salon,beauty_salon,Beauty salon,"beauty_salon, point_of_interest, service, establishment",Building no P891 - Al Raha Blvd - Al Raha Beach - Al Zeina - Abu Dhabi,24.4557958,54.6165765,4.8,85.0,OPERATIONAL,+971 2 641 4451,https://www.nuatoi.com/,https://maps.google.com/?cid=9074101216146319393&g_mp=Cilnb29nbGUubWFwcy5wbGFjZXMudjEuUGxhY2VzLlNlYXJjaE5lYXJieRACGAQgAA,Monday: 10:00 AM – 8:00 PM | Tuesday: 10:00 AM – 8:00 PM | Wednesday: 10:00 AM – 8:00 PM | Thursday: 10:00 AM – 9:00 PM | Friday: 10:00 AM – 9:00 PM | Saturday: 10:00 AM – 8:00 PM | Sunday: 10:00 AM – 8:00 PM,Google Places API (New) Nearby Search,2026-09-02T15:22:51+00:00
ChIJz2DereQ5Xj4RWzFjbdzHz5U,Ctrl A Women Personal Care and Beauty | مركز كنترول ايه لتجميل السيدات,DIRECT,nail_salon,beauty_salon,Beauty salon,"beauty_salon, nail_salon, service, point_of_interest, establishment",Building: C164 - Floor: M - Office: 01 - 8GGP+F5F Ctrl A Ladies Salon A صالون كنترول - 11th St - مدينة محمد بن زايد - محمد بن زايد شرق 11 - أبو ظبي,24.3261631,54.5354337,5.0,84.0,OPERATIONAL,+971 2 564 6677,http://ctrlaladiessalon.ae/,https://maps.google.com/?cid=10795066581372318043&g_mp=Cilnb29nbGUubWFwcy5wbGFjZXMudjEuUGxhY2VzLlNlYXJjaE5lYXJieRACGAQgAA,Monday: 11:00 AM – 11:00 PM | Tuesday: 11:00 AM – 11:00 PM | Wednesday: 11:00 AM – 11:00 PM | Thursday: 11:00 AM – 11:00 PM | Friday: 1:00 – 11:00 PM | Saturday: 11:00 AM – 11:00 PM | Sunday: 11:00 AM – 11:00 PM,Google Places API (New) Nearby Search,2026-09-02T15:22:51+00:00
ChIJ6ao1YI_6Q6ERsjOXjcPwFsY,Lamore European Spa,DIRECT,beauty_salon,massage_spa,Massage spa,"massage_spa, wellness_center, massage, spa, beauty_salon, health, point_of_interest, service, establishment",Al A'amal Street - Park Regis Business Bay Hotel - 4th Floor - الخليج التجاري - دبي,25.185499699999998,55.261928999999995,4.3,83.0,OPERATIONAL,+971 55 368 7190,https://lamorespa.com/,https://maps.google.com/?cid=14273860791682151346&g_mp=Cilnb29nbGUubWFwcy5wbGFjZXMudjEuUGxhY2VzLlNlYXJjaE5lYXJieRACGAQgAA,Monday: 10:00 AM – 3:00 AM | Tuesday: 10:00 AM – 3:00 AM | Wednesday: 10:00 AM – 3:00 AM | Thursday: 10:00 AM – 3:00 AM | Friday: 10:00 AM – 3:00 AM | Saturday: 10:00 AM – 3:00 AM | Sunday: 10:00 AM – 3:00 AM,Google Places API (New) Nearby Search,2026-09-02T15:22:51+00:00
ChIJwRS3lGZLXj4RBdg5XZufD1Y,Misk wa sadha beauty center,DIRECT,beauty_salon,beauty_salon,Beauty salon,"beauty_salon, point_of_interest, service, establishment",Al Falah - 1D - Abu Dhabi,24.4488088,54.7400701,3.7,83.0,OPERATIONAL,+971 50 373 3392,,https://maps.google.com/?cid=6201350701545281541&g_mp=Cilnb29nbGUubWFwcy5wbGFjZXMudjEuUGxhY2VzLlNlYXJjaE5lYXJieRACGAQgAA,Monday: 10:00 AM – 10:30 PM | Tuesday: 10:00 AM – 10:30 PM | Wednesday: 10:00 AM – 10:30 PM | Thursday: 10:00 AM – 10:30 PM | Friday: 10:00 AM – 10:30 PM | Saturday: 10:00 AM – 10:30 PM | Sunday: 10:00 AM – 10:30 PM,Google Places API (New) Nearby Search,2026-09-02T15:22:51+00:00
ChIJPyAt7zX59D4R030rG7smEho,Royal Thai Spa,DIRECT,beauty_salon,beauty_salon,Beauty salon,"beauty_salon, point_of_interest, service, establishment",Unnamed Road - 48CJ+9G6 - مركز مدينة الفجيرة - الفجيرة,25.120917799999997,56.3312636,4.4,83.0,OPERATIONAL,+971 54 447 0949,,https://maps.google.com/?cid=1878606579623493075&g_mp=Cilnb29nbGUubWFwcy5wbGFjZXMudjEuUGxhY2VzLlNlYXJjaE5lYXJieRACGAQgAA,Monday: 10:00 AM – 10:00 PM | Tuesday: 10:00 AM – 10:00 PM | Wednesday: 10:00 AM – 10:00 PM | Thursday: 10:00 AM – 10:00 PM | Friday: 10:00 AM – 10:00 PM | Saturday: 10:00 AM – 10:00 PM | Sunday: 10:00 AM – 10:00 PM,Google Places API (New) Nearby Search,2026-09-02T15:22:51+00:00
ChIJL34CrU5KXj4RgMSMmWEYPcs,صالون الامبراطورة,DIRECT,beauty_salon,beauty_salon,Beauty salon,"beauty_salon, point_of_interest, service, establishment",14 An Nasl St - Al Falah - FA4 - Abu Dhabi,24.4245982,54.724868099999995,3.7,83.0,OPERATIONAL,+971 2 584 6748,,https://maps.google.com/?cid=14644888370745754752&g_mp=Cilnb29nbGUubWFwcy5wbGFjZXMudjEuUGxhY2VzLlNlYXJjaE5lYXJieRACGAQgAA,Monday: 10:00 AM – 10:00 PM | Tuesday: 10:00 AM – 10:00 PM | Wednesday: 10:00 AM – 10:00 PM | Thursday: 10:00 AM – 10:00 PM | Friday: 10:00 AM – 10:00 PM | Saturday: 10:00 AM – 10:00 PM | Sunday: 10:00 AM – 10:00 PM,Google Places API (New) Nearby Search,2026-09-02T15:22:51+00:00
ChIJr-x0DcpFXj4RiHgtUWG1QKE,MAURICE CUT BARBERSHOP,DIRECT,hair_salon,hair_salon,Hair salon,"hair_salon, hair_care, point_of_interest, service, establishment",Al Rahah - Al Muneera - Abu Dhabi,24.451948599999998,54.6043751,4.9,82.0,OPERATIONAL,+971 55 173 1253,https://www.fresha.com/book-now/maurice-cut-barbershop-vfr4uikw/all-offer?pId=724618,https://maps.google.com/?cid=11619486468194269320&g_mp=Cilnb29nbGUubWFwcy5wbGFjZXMudjEuUGxhY2VzLlNlYXJjaE5lYXJieRACGAQgAA,Monday: 10:00 AM – 10:00 PM | Tuesday: 10:00 AM – 10:00 PM | Wednesday: 10:00 AM – 10:00 PM | Thursday: 10:00 AM – 10:00 PM | Friday: 10:00 AM – 10:00 PM | Saturday: 10:00 AM – 10:00 PM | Sunday: 10:00 AM – 10:00 PM,Google Places API (New) Nearby Search,2026-09-02T15:22:51+00:00
ChIJO5rnYmBRXj4R1pXDgiZmjbw,صالون الاخوات الشهامة,DIRECT,beauty_salon,beauty_salon,Beauty salon,"beauty_salon, service, point_of_interest, establishment",HM5V+QRW - Unnamed Road - Al Bahyah - Al Shahamah New - Abu Dhabi,24.559488299999998,54.694580599999995,3.5,82.0,OPERATIONAL,+971 2 563 3610,,https://maps.google.com/?cid=13586627966435300822&g_mp=Cilnb29nbGUubWFwcy5wbGFjZXMudjEuUGxhY2VzLlNlYXJjaE5lYXJieRACGAQgAA,,Google Places API (New) Nearby Search,2026-09-02T15:22:51+00:00
ChIJA4vcGj519j4R9kn4p9vsPOM,Royal Care Medical Center - RAK,DIRECT,beauty_salon,medical_center,Medical Center,"medical_center, skin_care_clinic, hair_care, dental_clinic, dentist, beauty_salon, doctor, hospital, medical_clinic, health, point_of_interest, service, establishment",Khuzam Rd - Khuzam - Ras Al Khaimah,25.7665328,55.9347244,4.1,81.0,OPERATIONAL,+971 7 235 7111,http://www.royalcare.ae/,https://maps.google.com/?cid=16374222773372340726&g_mp=Cilnb29nbGUubWFwcy5wbGFjZXMudjEuUGxhY2VzLlNlYXJjaE5lYXJieRACGAQgAA,Monday: 9:30 AM – 10:00 PM | Tuesday: 9:30 AM – 10:00 PM | Wednesday: 9:30 AM – 10:00 PM | Thursday: 9:30 AM – 10:00 PM | Friday: 2:00 – 10:00 PM | Saturday: 9:30 AM – 10:00 PM | Sunday: 9:30 AM – 10:00 PM,Google Places API (New) Nearby Search,2026-09-02T15:22:51+00:00
ChIJ16Zlg3Cvij4RSAL9vtSZD24,AlFal Beauty Center - Alain,DIRECT,beauty_salon,beauty_salon,Beauty salon,"beauty_salon, service, point_of_interest, establishment",5MX7+C7R - 'Asharij - Bida Bin Ammar - Abu Dhabi,24.198562499999998,55.6631875,4.3,80.0,OPERATIONAL,+971 50 333 9249,,https://maps.google.com/?cid=7930726607839101512&g_mp=Cilnb29nbGUubWFwcy5wbGFjZXMudjEuUGxhY2VzLlNlYXJjaE5lYXJieRACGAQgAA,Monday: 10:00 AM – 9:00 PM | Tuesday: 10:00 AM – 9:00 PM | Wednesday: 10:00 AM – 9:00 PM | Thursday: 10:00 AM – 9:00 PM | Friday: 10:00 AM – 9:00 PM | Saturday: 10:00 AM – 9:00 PM | Sunday: 10:00 AM – 9:00 PM,Google Places API (New) Nearby Search,2026-09-02T15:22:51+00:00
ChIJsa0vizFnXj4RdKePMZEwcsY,Kamala tower,DIRECT,beauty_salon,beauty_salon,Beauty salon,"beauty_salon, point_of_interest, service, establishment",2 شارع الزِّبِيل - Al Khalidiyah - W8 - Abu Dhabi,24.4736231,54.347513799999994,4.2,80.0,OPERATIONAL,+971 56 665 5432,,https://maps.google.com/?cid=14299545167014635380&g_mp=Cilnb29nbGUubWFwcy5wbGFjZXMudjEuUGxhY2VzLlNlYXJjaE5lYXJieRACGAQgAA,Monday: 11:00 AM – 9:00 PM | Tuesday: 11:00 AM – 9:00 PM | Wednesday: 11:00 AM – 9:00 PM | Thursday: 11:00 AM – 9:00 PM | Friday: 11:00 AM – 9:00 PM | Saturday: 11:00 AM – 9:00 PM | Sunday: 11:00 AM – 9:00 PM,Google Places API (New) Nearby Search,2026-09-02T15:22:51+00:00
ChIJN2WHA61LXj4RDdk-iNPYdsI,Prestige Spa,DIRECT,"hair_salon, spa",spa,Spa,"massage_spa, hair_salon, wellness_center, hair_care, massage, spa, public_bath, health, point_of_interest, service, establishment",Al Tafaddul st-Al Falah E near by SPAR Express شارع التفضل - القديم - بجوار سبار اكسيبريس - Al Falah Dr - Al Falah - 1E - Abu Dhabi,24.4345309,54.7329951,3.5,80.0,OPERATIONAL,+971 2 585 5858,https://www.fresha.com/book-now/prestige-spa-hw1l18rm/all-offer?pId=1083660,https://maps.google.com/?cid=14012625693645396237&g_mp=Cilnb29nbGUubWFwcy5wbGFjZXMudjEuUGxhY2VzLlNlYXJjaE5lYXJieRACGAQgAA,Monday: 8:30 AM – 11:30 PM | Tuesday: 8:30 AM – 11:30 PM | Wednesday: 8:30 AM – 11:30 PM | Thursday: 8:30 AM – 11:30 PM | Friday: 8:30 AM – 11:30 PM | Saturday: 8:30 AM – 11:30 PM | Sunday: 8:30 AM – 11:30 PM,Google Places API (New) Nearby Search,2026-09-02T15:22:51+00:00
ChIJ0buKpw5OXj4R8Q_RMWwMbHU,صالون لوسو زون,DIRECT,beauty_salon,beauty_salon,Beauty salon,"beauty_salon, service, point_of_interest, establishment",GMJR+FH9 - Al Shahama - New Shahamah - Abu Dhabi,24.5311739,54.6914932,3.7,80.0,OPERATIONAL,+971 52 226 3981,,https://maps.google.com/?cid=8461151458754105329&g_mp=Cilnb29nbGUubWFwcy5wbGFjZXMudjEuUGxhY2VzLlNlYXJjaE5lYXJieRACGAQgAA,Monday: 10:00 AM – 10:00 PM | Tuesday: 10:00 AM – 10:00 PM | Wednesday: 10:00 AM – 10:00 PM | Thursday: 10:00 AM – 10:00 PM | Friday: 1:00 – 11:00 PM | Saturday: 10:00 AM – 10:00 PM | Sunday: 10:00 AM – 10:00 PM,Google Places API (New) Nearby Search,2026-09-02T15:22:51+00:00
ChIJGdKHMZ1pXj4RR3J4Sd6tnJg,صالون و سبا القصور للعناية بالرجال ALQASOR Salon&spa,DIRECT,"hair_salon, nail_salon",massage_spa,Massage spa,"massage_spa, nail_salon, sauna, hair_salon, hair_care, massage, spa, public_bath, beauty_salon, health, point_of_interest, service, establishment",Al Saada - Al Sa`Adah - Zone 1 - Abu Dhabi,24.4325534,54.4334542,4.8,79.0,OPERATIONAL,+971 56 758 8065,,https://maps.google.com/?cid=10996855560358883911&g_mp=Cilnb29nbGUubWFwcy5wbGFjZXMudjEuUGxhY2VzLlNlYXJjaE5lYXJieRACGAQgAA,Monday: 10:00 AM – 11:00 PM | Tuesday: 10:00 AM – 11:00 PM | Wednesday: 10:00 AM – 11:00 PM | Thursday: 10:00 AM – 11:00 PM | Friday: 10:00 AM – 11:00 PM | Saturday: 10:00 AM – 11:00 PM | Sunday: 10:00 AM – 11:00 PM,Google Places API (New) Nearby Search,2026-09-02T15:22:51+00:00
ChIJWeMuTpJcXz4Rp0jl14Nu0n0,Rihana Ethiopian Hair Salon,DIRECT,hair_salon,hair_salon,Hair salon,"hair_salon, hair_care, point_of_interest, service, establishment",Unnamed road - Al Warqa'a First - Dubai,25.1888192,55.4050765,4.0,78.0,OPERATIONAL,+971 55 551 4931,http://www.webparadise.xyz.lk/expair/rihansaloon.biz/profile.html,https://maps.google.com/?cid=9066430512392128679&g_mp=Cilnb29nbGUubWFwcy5wbGFjZXMudjEuUGxhY2VzLlNlYXJjaE5lYXJieRACGAQgAA,Monday: 10:00 AM – 11:00 PM | Tuesday: 10:00 AM – 11:00 PM | Wednesday: 10:00 AM – 11:00 PM | Thursday: 10:00 AM – 11:00 PM | Friday: 10:00 AM – 11:00 PM | Saturday: 10:00 AM – 11:00 PM | Sunday: 10:00 AM – 11:00 PM,Google Places API (New) Nearby Search,2026-09-02T15:22:51+00:00
ChIJA_bkfvdRXj4RIn9092gR8BA,مركز الجمال المخملي للتجميل,DIRECT,beauty_salon,beauty_salon,Beauty salon,"beauty_salon, service, point_of_interest, establishment",Sheikh Maktoum Road (E 11 Road - الباهية - الشهامة الجديدة - أبو ظبي,24.556306000000003,54.694333,4.2,77.0,OPERATIONAL,+971 2 563 4677,,https://maps.google.com/?cid=1220494641543282466&g_mp=Cilnb29nbGUubWFwcy5wbGFjZXMudjEuUGxhY2VzLlNlYXJjaE5lYXJieRACGAQgAA,Monday: 10:30 AM – 9:30 PM | Tuesday: 10:30 AM – 9:30 PM | Wednesday: 10:30 AM – 9:30 PM | Thursday: 10:30 AM – 9:30 PM | Friday: 10:30 AM – 9:30 PM | Saturday: 10:30 AM – 9:30 PM | Sunday: 10:30 AM – 9:30 PM,Google Places API (New) Nearby Search,2026-09-02T15:22:51+00:00
ChIJcRySVgBHXj4RSQSySH06yvg,Kanaan Gents Saloon & Spa Khalifa A - صالون وسبا كنعان للرجال مدينة خليفة أ,DIRECT,spa,barber_shop,Barber shop,"barber_shop, beauty_salon, hair_care, massage_spa, spa, massage, point_of_interest, health, service, establishment",41 As Sunnaʹ St - Khalifa City - Sector 33 - Abu Dhabi,24.3981095,54.5631248,4.2,75.0,OPERATIONAL,+971 2 583 2155,https://www.kanaanspa.ae/,https://maps.google.com/?cid=17927205576466629705&g_mp=Cilnb29nbGUubWFwcy5wbGFjZXMudjEuUGxhY2VzLlNlYXJjaE5lYXJieRACGAQgAA,Monday: 11:30 AM – 11:00 PM | Tuesday: 11:30 AM – 11:00 PM | Wednesday: 11:30 AM – 11:00 PM | Thursday: 11:30 AM – 11:00 PM | Friday: 2:30 AM – 11:00 PM | Saturday: 11:30 AM – 11:00 PM | Sunday: 11:30 AM – 11:00 PM,Google Places API (New) Nearby Search,2026-09-02T15:22:51+00:00
ChIJL4Ti135LXj4RJ14lhmcaziA,صالون سما الفلاح SAMA ALFALAH GENTS SALON,DIRECT,"beauty_salon, hair_salon",barber_shop,Barber shop,"barber_shop, hair_salon, hair_care, beauty_salon, health, point_of_interest, service, establishment",Abu Dhabi - Al Falah - 1C - Abu Dhabi,24.4456924,54.729270899999996,3.9,75.0,OPERATIONAL,+971 2 246 7592,,https://maps.google.com/?cid=2363855886350638631&g_mp=Cilnb29nbGUubWFwcy5wbGFjZXMudjEuUGxhY2VzLlNlYXJjaE5lYXJieRACGAQgAA,Monday: 9:00 AM – 11:30 PM | Tuesday: 9:00 AM – 11:30 PM | Wednesday: 9:00 AM – 11:30 PM | Thursday: 9:00 AM – 11:30 PM | Friday: 9:00 AM – 11:30 PM | Saturday: 9:00 AM – 11:30 PM | Sunday: 9:00 AM – 11:30 PM,Google Places API (New) Nearby Search,2026-09-02T15:22:51+00:00
ChIJMeY-6BRnXz4Rd_ekTuQcFqs,AJ's Salon,DIRECT,nail_salon,barber_shop,Barber shop,"barber_shop, nail_salon, massage_spa, hair_salon, hair_care, massage, spa, beauty_salon, health, point_of_interest, service, establishment",Nad Al Hamar Rd - Nadd Al Hamar - Dubai,25.2016045,55.376374299999995,4.7,74.0,OPERATIONAL,+971 52 269 7832,https://www.instagram.com/ajssalon.ae/,https://maps.google.com/?cid=12328072796870866807&g_mp=Cilnb29nbGUubWFwcy5wbGFjZXMudjEuUGxhY2VzLlNlYXJjaE5lYXJieRACGAQgAA,Monday: 11:30 AM – 11:00 PM | Tuesday: 11:30 AM – 11:00 PM | Wednesday: 11:30 AM – 11:00 PM | Thursday: 11:30 AM – 11:00 PM | Friday: 11:30 AM – 11:00 PM | Saturday: 11:30 AM – 11:00 PM | Sunday: 11:30 AM – 11:00 PM,Google Places API (New) Nearby Search,2026-09-02T15:22:51+00:00
ChIJHdY88ulLXj4RxJwFo9jhF2g,Zaman Al Ahlam,DIRECT,beauty_salon,beauty_salon,Beauty salon,"beauty_salon, point_of_interest, service, establishment",Al Falah - 1A - Abu Dhabi,24.4487453,54.7131573,3.6,74.0,OPERATIONAL,+971 2 626 4400,,https://maps.google.com/?cid=7500712024973089988&g_mp=Cilnb29nbGUubWFwcy5wbGFjZXMudjEuUGxhY2VzLlNlYXJjaE5lYXJieRACGAQgAA,Monday: 9:00 AM – 10:00 PM | Tuesday: 9:00 AM – 10:00 PM | Wednesday: 9:00 AM – 10:00 PM | Thursday: 9:00 AM – 10:00 PM | Friday: 9:00 AM – 10:00 PM | Saturday: 9:00 AM – 10:00 PM | Sunday: Closed,Google Places API (New) Nearby Search,2026-09-02T15:22:51+00:00
ChIJOdy0rpM5Xj4RyYrr8KmUcQU,صالون المزيونه للحناء والتجميل,DIRECT,"hair_salon, nail_salon",beauty_salon,Beauty salon,"beauty_salon, nail_salon, massage, hair_salon, hair_care, health, service, point_of_interest, establishment",14 Yaw Al Ghuweifat St - Mohamed Bin Zayed City - ME10 - Abu Dhabi,24.329577099999998,54.533423299999995,4.1,73.0,OPERATIONAL,+971 58 154 4331,,https://maps.google.com/?cid=392258100170296009&g_mp=Cilnb29nbGUubWFwcy5wbGFjZXMudjEuUGxhY2VzLlNlYXJjaE5lYXJieRACGAQgAA,Monday: 10:00 AM – 10:00 PM | Tuesday: 10:00 AM – 10:00 PM | Wednesday: 10:00 AM – 10:00 PM | Thursday: 10:00 AM – 10:00 PM | Friday: 10:00 AM – 10:00 PM | Saturday: 10:00 AM – 10:00 PM | Sunday: 10:00 AM – 10:00 PM,Google Places API (New) Nearby Search,2026-09-02T15:22:51+00:00
ChIJQ0b6O_ZpZz4R042RmWWzocs,صالون نونه ستايل للسيدات Salon Nona Style for Ladies,DIRECT,beauty_salon,beauty_salon,Beauty salon,"beauty_salon, point_of_interest, service, establishment",Madinat Zayed - MZW16 - Abu Dhabi,23.6192133,53.7078134,4.5,73.0,OPERATIONAL,+971 50 141 2280,,https://maps.google.com/?cid=14673206309899308499&g_mp=Cilnb29nbGUubWFwcy5wbGFjZXMudjEuUGxhY2VzLlNlYXJjaE5lYXJieRACGAQgAA,Monday: 10:00 AM – 11:00 PM | Tuesday: 10:00 AM – 11:00 PM | Wednesday: 10:00 AM – 11:00 PM | Thursday: 10:00 AM – 11:00 PM | Friday: 10:00 AM – 11:00 PM | Saturday: 10:00 AM – 11:00 PM | Sunday: 10:00 AM – 11:00 PM,Google Places API (New) Nearby Search,2026-09-02T15:22:51+00:00
ChIJJZQinK9PXj4R8pDiVbY5L1w,مركز دينيز لتجميل السيدات/ Deneiz ladies beauty center,DIRECT,beauty_salon,beauty_salon,Beauty salon,"beauty_salon, service, point_of_interest, establishment","مقابل ديرفيلدز مول - الشهامه الجديده - Building No, 33 / M floor - الشهامة - الشهامة الجديدة - أبو ظبي",24.5227643,54.674014899999996,4.0,73.0,OPERATIONAL,+971 50 356 6488,,https://maps.google.com/?cid=6642591430682513650&g_mp=Cilnb29nbGUubWFwcy5wbGFjZXMudjEuUGxhY2VzLlNlYXJjaE5lYXJieRACGAQgAA,Monday: 10:00 AM – 9:00 PM | Tuesday: 10:00 AM – 9:00 PM | Wednesday: 10:00 AM – 9:00 PM | Thursday: 10:00 AM – 9:00 PM | Friday: 10:00 AM – 9:00 PM | Saturday: 10:00 AM – 9:00 PM | Sunday: 10:00 AM – 9:00 PM,Google Places API (New) Nearby Search,2026-09-02T15:22:51+00:00
ChIJLUj9BKRDXz4R70ZHMj4xsww,HI STYLE GENTS SALON L.L.C,DIRECT,hair_salon,hair_salon,Hair salon,"hair_salon, hair_care, point_of_interest, service, establishment",tulip building - Block C 78th St - Mirdif - Dubai,25.221106499999998,55.441204299999995,4.9,72.0,OPERATIONAL,+971 54 518 8881,,https://maps.google.com/?cid=915129292487608047&g_mp=Cilnb29nbGUubWFwcy5wbGFjZXMudjEuUGxhY2VzLlNlYXJjaE5lYXJieRACGAQgAA,Monday: 10:00 AM – 12:00 AM | Tuesday: 10:00 AM – 12:00 AM | Wednesday: 10:00 AM – 12:00 AM | Thursday: 10:00 AM – 12:00 AM | Friday: 10:00 AM – 12:00 AM | Saturday: 10:00 AM – 12:00 AM | Sunday: 10:00 AM – 12:00 AM,Google Places API (New) Nearby Search,2026-09-02T15:22:51+00:00
ChIJ_3PpKfdFXj4RMHet52RdlMM,Edelweiss Beauty Centre,DIRECT,beauty_salon,beauty_salon,Beauty salon,"beauty_salon, point_of_interest, service, establishment",Abu Dhabi - Al Rahah - RBW2 - Abu Dhabi,24.452109900000004,54.604428299999995,4.6,71.0,OPERATIONAL,+971 2 557 1192,,https://maps.google.com/?cid=14092991821914142512&g_mp=Cilnb29nbGUubWFwcy5wbGFjZXMudjEuUGxhY2VzLlNlYXJjaE5lYXJieRACGAQgAA,Monday: 9:00 AM – 7:00 PM | Tuesday: Closed | Wednesday: 9:00 AM – 7:00 PM | Thursday: 9:00 AM – 7:00 PM | Friday: 9:00 AM – 7:00 PM | Saturday: 9:00 AM – 7:00 PM | Sunday: 9:00 AM – 7:00 PM,Google Places API (New) Nearby Search,2026-09-02T15:22:51+00:00
ChIJAch-r0hhXz4RqhO-RtZjmJU,首艺美发,DIRECT,hair_salon,hair_salon,Hair salon,"hair_salon, hair_care, point_of_interest, service, establishment",Warsan First - China Cluster - Dubai,25.1668578,55.413436399999995,4.2,70.0,OPERATIONAL,+971 55 821 8732,,https://maps.google.com/?cid=10779475480072295338&g_mp=Cilnb29nbGUubWFwcy5wbGFjZXMudjEuUGxhY2VzLlNlYXJjaE5lYXJieRACGAQgAA,Monday: 11:00 AM – 11:30 PM | Tuesday: 11:00 AM – 11:30 PM | Wednesday: 11:00 AM – 11:30 PM | Thursday: 11:00 AM – 11:30 PM | Friday: 11:00 AM – 11:30 PM | Saturday: 11:00 AM – 11:30 PM | Sunday: 11:00 AM – 11:30 PM,Google Places API (New) Nearby Search,2026-09-02T15:22:51+00:00
ChIJD_wuRthLXj4RPFrhdlbA0ug,Altifel alwaseem saloon,DIRECT,hair_salon,hair_salon,Hair salon,"barber_shop, hair_salon, hair_care, store, health, point_of_interest, service, establishment",الشامخة - سوق جناين - Abdullah Bin Kenaish Al Hameli St - Al Shamkhah - SH1 - Abu Dhabi,24.411001499999998,54.7572189,4.6,69.0,OPERATIONAL,+971 2 546 3645,https://atifelalwaseemchildrensaloon.setmore.com/,https://maps.google.com/?cid=16776683039502719548&g_mp=Cilnb29nbGUubWFwcy5wbGFjZXMudjEuUGxhY2VzLlNlYXJjaE5lYXJieRACGAQgAA,"Monday: 3:30 PM – 12:00 AM | Tuesday: Closed | Wednesday: 3:00 – 7:00 PM, 8:00 PM – 12:00 AM | Thursday: 3:00 – 7:00 PM, 8:00 PM – 12:00 AM | Friday: 4:00 – 7:00 PM, 8:00 PM – 12:00 AM | Saturday: 3:30 – 7:00 PM, 8:00 PM – 12:00 AM | Sunday: 3:30 – 7:00 PM, 8:00 PM – 12:00 AM",Google Places API (New) Nearby Search,2026-09-02T15:22:51+00:00
ChIJV6YIh8k3Xj4RrOj5e4LpLng,Cateye beauty كات اي بيوتي,DIRECT,beauty_salon,beauty_salon,Beauty salon,"beauty_salon, point_of_interest, service, establishment",8J9J+95W - Bani Yas - Baniyas East - Abu Dhabi,24.318437499999998,54.6304375,4.5,69.0,OPERATIONAL,+971 55 127 3327,https://cateyesbeauty.com/,https://maps.google.com/?cid=8660115880115038380&g_mp=Cilnb29nbGUubWFwcy5wbGFjZXMudjEuUGxhY2VzLlNlYXJjaE5lYXJieRACGAQgAA,Monday: 11:00 AM – 11:00 PM | Tuesday: 11:00 AM – 11:00 PM | Wednesday: 2:00 – 10:00 PM | Thursday: 2:00 – 10:00 PM | Friday: 11:00 AM – 10:00 PM | Saturday: 11:00 AM – 11:00 PM | Sunday: 11:00 AM – 11:00 PM,Google Places API (New) Nearby Search,2026-09-02T15:22:51+00:00
ChIJ08woPh43Xj4RLQn9RfK_d-g,BROWS BY ALHANOOF,DIRECT,beauty_salon,beauty_salon,Beauty salon,"beauty_salon, point_of_interest, service, establishment",شارع - المويجعي - Baniyas East - Abu Dhabi,24.2950119,54.636540499999995,4.3,68.0,OPERATIONAL,+971 56 766 6393,,https://maps.google.com/?cid=16751068386305050925&g_mp=Cilnb29nbGUubWFwcy5wbGFjZXMudjEuUGxhY2VzLlNlYXJjaE5lYXJieRACGAQgAA,Monday: 12:00 – 10:00 PM | Tuesday: 12:00 – 10:00 PM | Wednesday: 12:00 – 10:00 PM | Thursday: 12:30 – 10:00 PM | Friday: 12:00 – 10:00 PM | Saturday: 12:00 – 10:00 PM | Sunday: 12:00 – 10:00 PM,Google Places API (New) Nearby Search,2026-09-02T15:22:51+00:00
ChIJ4-Cv-VhHXj4Rw6LPm_k67ZE,Kerala Hairways Gents Salon,DIRECT,hair_salon,beauty_salon,Beauty salon,"beauty_salon, hair_salon, hair_care, service, point_of_interest, establishment",Abu Dhabi - Mohamed Bin Zayed City - ME9 - Abu Dhabi,24.340585599999997,54.5357117,4.4,68.0,OPERATIONAL,+971 52 709 5001,,https://maps.google.com/?cid=10515125548715320003&g_mp=Cilnb29nbGUubWFwcy5wbGFjZXMudjEuUGxhY2VzLlNlYXJjaE5lYXJieRACGAQgAA,Monday: 7:30 AM – 11:30 PM | Tuesday: 7:30 AM – 11:30 PM | Wednesday: 7:30 AM – 11:30 PM | Thursday: 7:30 AM – 11:30 PM | Friday: 7:30 AM – 11:30 PM | Saturday: 7:30 AM – 11:30 PM | Sunday: 7:30 AM – 11:30 PM,Google Places API (New) Nearby Search,2026-09-02T15:22:51+00:00
ChIJf2gTRgBLXj4Rk7yeAedNhcw,Ruby Salon - New Al Falah - Abu Dhabi,DIRECT,hair_salon,beauty_salon,Beauty salon,"beauty_salon, barber_shop, hair_salon, hair_care, health, point_of_interest, service, establishment",CPJR+Q76 V5-Outlet-3 - Unnamed Rd - Al Falah - 1E - Abu Dhabi,24.4316565,54.7405834,4.8,67.0,OPERATIONAL,+971 52 899 6047,,https://maps.google.com/?cid=14737271010199780499&g_mp=Cilnb29nbGUubWFwcy5wbGFjZXMudjEuUGxhY2VzLlNlYXJjaE5lYXJieRACGAQgAA,Monday: 10:00 AM – 11:00 PM | Tuesday: 10:00 AM – 11:00 PM | Wednesday: 10:00 AM – 11:00 PM | Thursday: 10:00 AM – 11:00 PM | Friday: 10:00 AM – 11:00 PM | Saturday: 10:00 AM – 11:00 PM | Sunday: 10:00 AM – 11:00 PM,Google Places API (New) Nearby Search,2026-09-02T15:22:51+00:00
ChIJvWRdzGpHXj4RVrdYzftLegk,Ruby Salon - Zayed Plaza (ADA Plaza) Zayed City Abu Dhabi,DIRECT,"beauty_salon, hair_salon",beauty_salon,Beauty salon,"beauty_salon, barber_shop, hair_salon, hair_care, health, point_of_interest, service, establishment",Tawi Al Qaymah St - Zayed City - MZ5 - Abu Dhabi,24.3867849,54.6283792,3.9,67.0,OPERATIONAL,+971 52 899 6049,,https://maps.google.com/?cid=682941838354069334&g_mp=Cilnb29nbGUubWFwcy5wbGFjZXMudjEuUGxhY2VzLlNlYXJjaE5lYXJieRACGAQgAA,Monday: 8:00 AM – 11:00 PM | Tuesday: 8:00 AM – 11:00 PM | Wednesday: 8:00 AM – 11:00 PM | Thursday: 8:00 AM – 11:00 PM | Friday: 8:00 AM – 11:00 PM | Saturday: 8:00 AM – 11:00 PM | Sunday: 8:00 AM – 11:00 PM,Google Places API (New) Nearby Search,2026-09-02T15:22:51+00:00
ChIJEXUBpHz49D4RY5EfpwR9bik,SHARFA BEAUTY CENTER,DIRECT,hair_salon,beauty_salon,Beauty salon,"beauty_salon, hair_salon, hair_care, point_of_interest, service, establishment",Merashid - Madhab Rd - Mraisheed - Fujairah,25.1209475,56.3403974,4.0,65.0,OPERATIONAL,+971 50 627 4070,,https://maps.google.com/?cid=2985461061930422627&g_mp=Cilnb29nbGUubWFwcy5wbGFjZXMudjEuUGxhY2VzLlNlYXJjaE5lYXJieRACGAQgAA,Monday: Open 24 hours | Tuesday: Open 24 hours | Wednesday: Open 24 hours | Thursday: Open 24 hours | Friday: Open 24 hours | Saturday: Open 24 hours | Sunday: Open 24 hours,Google Places API (New) Nearby Search,2026-09-02T15:22:51+00:00
ChIJ445rqPg3Xj4RO1U_JhJFh8c,صالون بيكاتشو للأطفال,DIRECT,hair_salon,hair_salon,Hair salon,"hair_salon, hair_care, point_of_interest, service, establishment",Sarab Community Market - Bani Yas - EB2 03 - Abu Dhabi,24.314843699999997,54.6345249,4.9,65.0,OPERATIONAL,+971 50 310 0019,,https://maps.google.com/?cid=14377536279657010491&g_mp=Cilnb29nbGUubWFwcy5wbGFjZXMudjEuUGxhY2VzLlNlYXJjaE5lYXJieRACGAQgAA,Monday: 11:00 AM – 11:00 PM | Tuesday: 11:00 AM – 11:00 PM | Wednesday: 11:00 AM – 11:00 PM | Thursday: 11:00 AM – 11:00 PM | Friday: 11:00 AM – 11:00 PM | Saturday: 11:00 AM – 11:00 PM | Sunday: 11:00 AM – 11:00 PM,Google Places API (New) Nearby Search,2026-09-02T15:22:51+00:00
ChIJ34ze9hZHXj4R0KMoiEIglzM,DE NOIR SALON,DIRECT,hair_salon,hair_salon,Hair salon,"hair_salon, hair_care, spa, service, point_of_interest, establishment",شارع الاسواق - شارع ذياب بن عيسى - مدينة خليفة - جنوب غرب 2 - أبو ظبي,24.4222437,54.565321999999995,4.6,64.0,OPERATIONAL,+971 55 911 8359,,https://maps.google.com/?cid=3717475487541928912&g_mp=Cilnb29nbGUubWFwcy5wbGFjZXMudjEuUGxhY2VzLlNlYXJjaE5lYXJieRACGAQgAA,,Google Places API (New) Nearby Search,2026-09-02T15:22:51+00:00
ChIJyzQrxX9BXj4R3dgagdsPj3c,SSKY Ladies Beauty Salon | Korean Salon,DIRECT,nail_salon,beauty_salon,Beauty salon,"beauty_salon, nail_salon, massage_spa, hair_salon, hair_care, massage, spa, point_of_interest, service, establishment",100 Al Dhaid St - Rabdan - RB8 - Abu Dhabi,24.4074668,54.506292099999996,4.9,64.0,OPERATIONAL,+971 55 486 7788,http://www.sskybeauty.com/,https://maps.google.com/?cid=8615122047621322973&g_mp=Cilnb29nbGUubWFwcy5wbGFjZXMudjEuUGxhY2VzLlNlYXJjaE5lYXJieRACGAQgAA,Monday: 12:00 – 9:00 PM | Tuesday: Closed | Wednesday: 12:00 – 9:00 PM | Thursday: 12:00 – 9:00 PM | Friday: 12:00 – 9:00 PM | Saturday: 12:00 – 9:00 PM | Sunday: 12:00 – 9:00 PM,Google Places API (New) Nearby Search,2026-09-02T15:22:51+00:00
ChIJs6qa41hHXj4RdPsfdKSWgho,Afro Salon/Romkass Saloon and SPA,DIRECT,hair_salon,hair_salon,Hair salon,"hair_salon, hair_care, service, point_of_interest, establishment",Abu Dhabi - Mohamed Bin Zayed City - ME9 - Abu Dhabi,24.3409382,54.5363906,4.1,63.0,OPERATIONAL,+971 52 969 8805,,https://maps.google.com/?cid=1910254825025567604&g_mp=Cilnb29nbGUubWFwcy5wbGFjZXMudjEuUGxhY2VzLlNlYXJjaE5lYXJieRACGAQgAA,Monday: 10:00 AM – 10:00 PM | Tuesday: Open 24 hours | Wednesday: 10:00 AM – 10:00 PM | Thursday: 10:00 AM – 10:00 PM | Friday: 10:00 AM – 10:00 PM | Saturday: 10:00 AM – 9:00 PM | Sunday: 10:00 AM – 10:00 PM,Google Places API (New) Nearby Search,2026-09-02T15:22:51+00:00
ChIJmzoJWuVLXj4RqBn0BWJ2yrk,high class beauty center,DIRECT,beauty_salon,beauty_salon,Beauty salon,"beauty_salon, point_of_interest, service, establishment",CPR7+73F - Al Badiyah St - Al Falah - 1A - Abu Dhabi,24.4406885,54.712665099999995,3.7,63.0,OPERATIONAL,+971 54 350 8500,,https://maps.google.com/?cid=13387643005690976680&g_mp=Cilnb29nbGUubWFwcy5wbGFjZXMudjEuUGxhY2VzLlNlYXJjaE5lYXJieRACGAQgAA,Monday: 10:00 AM – 10:00 PM | Tuesday: 10:00 AM – 10:00 PM | Wednesday: 10:00 AM – 10:00 PM | Thursday: 10:00 AM – 10:00 PM | Friday: 10:00 AM – 10:00 PM | Saturday: 10:00 AM – 10:00 PM | Sunday: 10:00 AM – 10:00 PM,Google Places API (New) Nearby Search,2026-09-02T15:22:51+00:00
ChIJB5lXKVREk2QRj077KebxQ9Q,kids zone -kid's salon,DIRECT,hair_salon,hair_salon,Hair salon,"hair_salon, hair_care, point_of_interest, service, establishment","Muwaileh commercial industrial area - Opposite kindergarten School, Shop no 1 building no 2092 - تجارية مويلح - المنطقة الصناعية - الشارقة",25.3006642,55.4513487,4.5,63.0,OPERATIONAL,+971 52 927 9564,https://kidzsalon.ae/,https://maps.google.com/?cid=15295334730329443983&g_mp=Cilnb29nbGUubWFwcy5wbGFjZXMudjEuUGxhY2VzLlNlYXJjaE5lYXJieRACGAQgAA,"Monday: 10:00 AM – 10:00 PM | Tuesday: 10:00 AM – 10:00 PM | Wednesday: 10:00 AM – 10:00 PM | Thursday: 10:00 AM – 10:00 PM | Friday: 9:00 AM – 12:00 PM, 2:00 PM – 12:00 AM | Saturday: 9:00 AM – 12:00 AM | Sunday: 9:00 AM – 12:00 AM",Google Places API (New) Nearby Search,2026-09-02T15:22:51+00:00
ChIJsZFRB6lJXT4REHIm1aEWMHg,مركز الامارات للعناية الرجالية فرع مدينة زايد,DIRECT,beauty_salon,beauty_salon,Beauty salon,"beauty_salon, hospital, health, point_of_interest, service, establishment",Al Mahareeth St - Madinat Za'id - MZE16 - Abu Dhabi,23.6559925,53.7222675,4.1,63.0,OPERATIONAL,+971 2 888 2111,,https://maps.google.com/?cid=8660446967755076112&g_mp=Cilnb29nbGUubWFwcy5wbGFjZXMudjEuUGxhY2VzLlNlYXJjaE5lYXJieRACGAQgAA,Monday: 9:00 AM – 11:00 PM | Tuesday: 9:00 AM – 11:00 PM | Wednesday: 9:00 AM – 11:00 PM | Thursday: 9:00 AM – 11:00 PM | Friday: 9:00 AM – 11:00 PM | Saturday: 9:00 AM – 11:00 PM | Sunday: 9:00 AM – 11:00 PM,Google Places API (New) Nearby Search,2026-09-02T15:22:51+00:00
ChIJK756BwBFXj4RNGsyZqGUr0o,Anu brows star ladies beauty salon,DIRECT,beauty_salon,beauty_salon,Beauty salon,"beauty_salon, point_of_interest, service, establishment",Khalifa City - SW18 - Abu Dhabi,24.430369499999998,54.5611052,4.1,62.0,OPERATIONAL,+971 50 382 5781,,https://maps.google.com/?cid=5381683500656257844&g_mp=Cilnb29nbGUubWFwcy5wbGFjZXMudjEuUGxhY2VzLlNlYXJjaE5lYXJieRACGAQgAA,Monday: 10:00 AM – 10:00 PM | Tuesday: 10:00 AM – 10:30 PM | Wednesday: 10:00 AM – 10:30 PM | Thursday: 10:00 AM – 10:30 PM | Friday: 10:00 AM – 10:30 PM | Saturday: 10:00 AM – 10:30 PM | Sunday: 10:00 AM – 10:30 PM,Google Places API (New) Nearby Search,2026-09-02T15:22:51+00:00
ChIJoT6bF5-vij4RIQkvhC95ltA,jehan Beauty Salon - صالون جيهان للتجميل,DIRECT,"hair_salon, nail_salon, spa",beauty_salon,Beauty salon,"beauty_salon, nail_salon, makeup_artist, massage_spa, hair_salon, hair_care, massage, spa, point_of_interest, service, establishment",Al Shifa Bint Abdullah St - 'Asharij - Bida Bin Ammar - Abu Dhabi,24.1980769,55.661911499999995,5.0,62.0,OPERATIONAL,+971 52 655 7855,,https://maps.google.com/?cid=15030334051383707937&g_mp=Cilnb29nbGUubWFwcy5wbGFjZXMudjEuUGxhY2VzLlNlYXJjaE5lYXJieRACGAQgAA,Monday: Closed | Tuesday: 10:00 AM – 9:00 PM | Wednesday: 10:00 AM – 9:00 PM | Thursday: 10:00 AM – 9:00 PM | Friday: 10:00 AM – 9:00 PM | Saturday: 10:00 AM – 9:00 PM | Sunday: 10:00 AM – 9:00 PM,Google Places API (New) Nearby Search,2026-09-02T15:22:51+00:00
ChIJyyBNc7p39j4R6XKw3DIFChg,صالون اسود للرجال,DIRECT,hair_salon,hair_salon,Hair salon,"hair_salon, hair_care, service, point_of_interest, establishment",Corniche Al Qawasim St - Dafan Ras Al Khaimah - Ras Al Khaimah,25.7853602,55.9453238,4.7,62.0,OPERATIONAL,+971 56 699 1166,https://aswadbarber.com/,https://maps.google.com/?cid=1732202722686431977&g_mp=Cilnb29nbGUubWFwcy5wbGFjZXMudjEuUGxhY2VzLlNlYXJjaE5lYXJieRACGAQgAA,Monday: 10:00 AM – 10:00 PM | Tuesday: 10:00 AM – 10:00 PM | Wednesday: 10:00 AM – 10:00 PM | Thursday: 10:00 AM – 12:00 AM | Friday: 1:30 PM – 12:00 AM | Saturday: 10:00 AM – 12:00 AM | Sunday: 10:00 AM – 12:00 AM,Google Places API (New) Nearby Search,2026-09-02T15:22:51+00:00
ChIJM3khiz5FXj4RppLYUuY_bkg,Fair and Handsome Gents Salon,DIRECT,hair_salon,hair_salon,Hair salon,"barber_shop, massage_spa, massage, hair_salon, hair_care, spa, beauty_salon, health, service, point_of_interest, establishment",Oppo: of Lamara Residence - The Golden Tower - behind Alraha Garden - الرَّاحَة - شاطئ الراحة غرب 7 - أبو ظبي,24.442878,54.586539699999996,4.0,61.0,OPERATIONAL,+971 56 832 3110,,https://maps.google.com/?cid=5219179276633936550&g_mp=Cilnb29nbGUubWFwcy5wbGFjZXMudjEuUGxhY2VzLlNlYXJjaE5lYXJieRACGAQgAA,Monday: 9:30 AM – 10:30 PM | Tuesday: 9:30 AM – 10:30 PM | Wednesday: 9:30 AM – 10:30 PM | Thursday: 9:30 AM – 10:30 PM | Friday: 9:30 AM – 10:30 PM | Saturday: 9:00 AM – 10:30 PM | Sunday: 9:30 AM – 10:30 PM,Google Places API (New) Nearby Search,2026-09-02T15:22:51+00:00
ChIJFbcipNZPXj4RDzs7kJAKif8,No More Lice Abu Dhabi,DIRECT,hair_salon,hair_salon,Hair salon,"hair_salon, hair_care, beauty_salon, point_of_interest, service, establishment","4th FLOOR, DEERFIELDS MALL - شارع أبوظبي - الشهامة - الباهية - الباهية القديمة - أبو ظبي",24.5247451,54.671875,3.9,61.0,OPERATIONAL,+971 50 152 8828,http://nomorelice.ae/,https://maps.google.com/?cid=18413260167492352783&g_mp=Cilnb29nbGUubWFwcy5wbGFjZXMudjEuUGxhY2VzLlNlYXJjaE5lYXJieRACGAQgAA,Monday: 12:00 – 10:00 PM | Tuesday: 12:00 – 10:00 PM | Wednesday: 12:00 – 10:00 PM | Thursday: 12:00 – 10:00 PM | Friday: 12:00 – 10:00 PM | Saturday: 12:00 – 9:00 PM | Sunday: 12:00 – 10:00 PM,Google Places API (New) Nearby Search,2026-09-02T15:22:51+00:00
ChIJNSeH3Jc5Xj4R9Gn6KztlNE4,حلاق جست برستيج للرجال Just Prestige Gents Salon,DIRECT,hair_salon,hair_salon,Hair salon,"hair_salon, hair_care, beauty_salon, supplier, manufacturer, store, point_of_interest, service, establishment","8J54+WM Abu Dhabi 24.3097525, 54.6066343 - بني ياس - شرق 3 - أبو ظبي",24.3101079,54.606490799999996,4.5,61.0,OPERATIONAL,+971 50 585 4558,https://wa.link/f2ssp9,https://maps.google.com/?cid=5635240338562640372&g_mp=Cilnb29nbGUubWFwcy5wbGFjZXMudjEuUGxhY2VzLlNlYXJjaE5lYXJieRACGAQgAA,Monday: 9:00 AM – 12:30 AM | Tuesday: 9:00 AM – 12:30 AM | Wednesday: 9:00 AM – 12:30 AM | Thursday: 9:00 AM – 12:30 AM | Friday: 9:00 AM – 12:30 AM | Saturday: 9:00 AM – 12:30 AM | Sunday: 9:00 AM – 12:30 AM,Google Places API (New) Nearby Search,2026-09-02T15:22:51+00:00
ChIJvygbwHH49D4R1_tQ0L0rXQg,صالون الطاووس وحمام مغربي للرجال,DIRECT,"beauty_salon, spa",beauty_salon,Beauty salon,"beauty_salon, barber_shop, sauna, hair_care, massage, spa, public_bath, health, point_of_interest, service, establishment",الفصيل شارع الهلال الاحمر بجانب - مقهى الساهر - Al Faseel - Fujairah,25.1368324,56.3529237,4.3,61.0,OPERATIONAL,+971 50 414 1160,,https://maps.google.com/?cid=602686019381296087&g_mp=Cilnb29nbGUubWFwcy5wbGFjZXMudjEuUGxhY2VzLlNlYXJjaE5lYXJieRACGAQgAA,Monday: Open 24 hours | Tuesday: Open 24 hours | Wednesday: Open 24 hours | Thursday: Open 24 hours | Friday: Open 24 hours | Saturday: Open 24 hours | Sunday: Open 24 hours,Google Places API (New) Nearby Search,2026-09-02T15:22:51+00:00
ChIJCZZ1_Eb59D4RYKTIUV-vlnA,صالون حبايبنا,DIRECT,hair_salon,hair_salon,Hair salon,"hair_salon, foot_care, sauna, hair_care, spa, public_bath, beauty_salon, health, point_of_interest, service, establishment",Unnamed Road - المحطة - الفجيرة,25.1260224,56.3365588,4.6,61.0,OPERATIONAL,+971 55 250 1541,,https://maps.google.com/?cid=8112864602683384928&g_mp=Cilnb29nbGUubWFwcy5wbGFjZXMudjEuUGxhY2VzLlNlYXJjaE5lYXJieRACGAQgAA,Monday: 10:00 AM – 2:00 AM | Tuesday: 10:00 AM – 2:00 AM | Wednesday: 10:00 AM – 2:00 AM | Thursday: 10:00 AM – 2:00 AM | Friday: 10:00 AM – 2:00 AM | Saturday: 10:00 AM – 2:00 AM | Sunday: 10:00 AM – 2:00 AM,Google Places API (New) Nearby Search,2026-09-02T15:22:51+00:00
ChIJYQXTWupLXj4Rq7nhwQ2tKK4,صالون روماس للسيدات,DIRECT,beauty_salon,beauty_salon,Beauty salon,"beauty_salon, point_of_interest, service, establishment",9 ʹArqoub Um Al ʹOush St - Al Falah - 1C - Abu Dhabi,24.4552841,54.7317799,4.1,60.0,OPERATIONAL,+971 56 212 3226,,https://maps.google.com/?cid=12549470636266863019&g_mp=Cilnb29nbGUubWFwcy5wbGFjZXMudjEuUGxhY2VzLlNlYXJjaE5lYXJieRACGAQgAA,Monday: 12:00 – 11:30 PM | Tuesday: 12:00 – 11:50 PM | Wednesday: 12:00 – 11:50 PM | Thursday: 12:00 – 11:50 PM | Friday: 12:00 – 11:50 PM | Saturday: 12:00 – 11:50 PM | Sunday: 12:00 – 11:50 PM,Google Places API (New) Nearby Search,2026-09-02T15:22:51+00:00
ChIJtZu0DKp29j4RgJNaI-Y3cKQ,Karims Saloon,DIRECT,hair_salon,hair_salon,Hair salon,"hair_salon, hair_care, service, point_of_interest, establishment",Ras Al-Khaimah - Sheikh Saqr City - Ras Al Khaimah,25.765433299999998,55.9255238,4.6,59.0,OPERATIONAL,+971 50 679 5050,,https://maps.google.com/?cid=11849032081186919296&g_mp=Cilnb29nbGUubWFwcy5wbGFjZXMudjEuUGxhY2VzLlNlYXJjaE5lYXJieRACGAQgAA,Monday: 10:00 AM – 11:00 PM | Tuesday: 10:00 AM – 11:00 PM | Wednesday: 10:00 AM – 11:00 PM | Thursday: 10:00 AM – 11:00 PM | Friday: 2:00 – 11:00 PM | Saturday: 10:00 AM – 11:00 PM | Sunday: 10:00 AM – 11:00 PM,Google Places API (New) Nearby Search,2026-09-02T15:22:51+00:00
ChIJXQMLrqGvij4RwibUhavk5Js,Ninos Spa for kids نينوز سبا للاطفال,DIRECT,"hair_salon, nail_salon",hair_salon,Hair salon,"hair_salon, nail_salon, hair_care, beauty_salon, point_of_interest, service, establishment",Sheik Khalifa Bin Zayed St - 'Asharij - Bida Bin Ammar - Abu Dhabi,24.1981494,55.6611811,4.3,59.0,OPERATIONAL,+971 50 987 0766,,https://maps.google.com/?cid=11233354795904673474&g_mp=Cilnb29nbGUubWFwcy5wbGFjZXMudjEuUGxhY2VzLlNlYXJjaE5lYXJieRACGAQgAA,Monday: 10:00 AM – 10:00 PM | Tuesday: 10:00 AM – 10:00 PM | Wednesday: 10:00 AM – 10:00 PM | Thursday: 10:00 AM – 10:00 PM | Friday: 1:00 – 10:00 PM | Saturday: 10:00 AM – 10:00 PM | Sunday: 10:00 AM – 10:00 PM,Google Places API (New) Nearby Search,2026-09-02T15:22:51+00:00
ChIJhS7daENnXj4RDkqHu8tuBvc,حلاق حسون القبيسي,DIRECT,hair_salon,hair_salon,Hair salon,"hair_salon, hair_care, service, point_of_interest, establishment",23 شارع العروبة - Al Khalidiyah - الخَالِديةغرب 9 - Abu Dhabi,24.4698699,54.3470362,4.1,59.0,OPERATIONAL,+971 50 702 7226,,https://maps.google.com/?cid=17800036398532086286&g_mp=Cilnb29nbGUubWFwcy5wbGFjZXMudjEuUGxhY2VzLlNlYXJjaE5lYXJieRACGAQgAA,Monday: 9:00 AM – 12:00 AM | Tuesday: 9:00 AM – 12:00 AM | Wednesday: 9:00 AM – 12:00 AM | Thursday: 9:00 AM – 12:00 AM | Friday: 9:00 AM – 12:00 AM | Saturday: 9:00 AM – 12:00 AM | Sunday: 9:00 AM – 12:00 AM,Google Places API (New) Nearby Search,2026-09-02T15:22:51+00:00
ChIJN2YaKjo3Xj4RP5c-7TO_fxk,صالون سامبا للسيدات,DIRECT,hair_salon,hair_salon,Hair salon,"hair_salon, hair_care, point_of_interest, service, establishment",8 شارع الهازج - Bani Yas - Baniyas East - Abu Dhabi,24.2955531,54.6372335,2.5,59.0,OPERATIONAL,+971 2 583 4292,,https://maps.google.com/?cid=1837397402734991167&g_mp=Cilnb29nbGUubWFwcy5wbGFjZXMudjEuUGxhY2VzLlNlYXJjaE5lYXJieRACGAQgAA,Monday: 10:00 AM – 10:00 PM | Tuesday: 10:00 AM – 10:00 PM | Wednesday: 10:00 AM – 10:00 PM | Thursday: 10:00 AM – 10:00 PM | Friday: 10:00 AM – 10:00 PM | Saturday: 10:00 AM – 10:00 PM | Sunday: 10:00 AM – 10:00 PM,Google Places API (New) Nearby Search,2026-09-02T15:22:51+00:00
ChIJH9OQ6MdLXj4RhHK3jSbdvQg,صالون فلولة للتجميل,DIRECT,beauty_salon,beauty_salon,Beauty salon,"beauty_salon, point_of_interest, service, establishment",3 شارع التأهيل - Al Shamkhah - Al Heeliya South - Abu Dhabi,24.411347799999998,54.7345531,3.2,59.0,OPERATIONAL,+971 50 373 3392,,https://maps.google.com/?cid=629902680557843076&g_mp=Cilnb29nbGUubWFwcy5wbGFjZXMudjEuUGxhY2VzLlNlYXJjaE5lYXJieRACGAQgAA,Monday: 10:30 AM – 10:30 PM | Tuesday: 10:30 AM – 10:30 PM | Wednesday: 10:30 AM – 10:30 PM | Thursday: 10:30 AM – 10:30 PM | Friday: 10:30 AM – 10:30 PM | Saturday: 10:30 AM – 10:30 PM | Sunday: 10:30 AM – 10:30 PM,Google Places API (New) Nearby Search,2026-09-02T15:22:51+00:00
ChIJ64_zRwdnZz4RcLS_SLhM4NQ,Salon Aroos Alshimal,DIRECT,"beauty_salon, nail_salon",beauty_salon,Beauty salon,"beauty_salon, barber_shop, nail_salon, hair_care, health, point_of_interest, service, establishment",JPF8+H23 - Madinat Zayed - Commercial Area - Abu Dhabi,23.6238831,53.7150342,4.2,58.0,OPERATIONAL,+971 2 884 5695,,https://maps.google.com/?cid=15339344685202125936&g_mp=Cilnb29nbGUubWFwcy5wbGFjZXMudjEuUGxhY2VzLlNlYXJjaE5lYXJieRACGAQgAA,Monday: 10:30 AM – 10:00 PM | Tuesday: 10:30 AM – 10:00 PM | Wednesday: 10:30 AM – 10:00 PM | Thursday: 10:30 AM – 10:00 PM | Friday: 2:00 – 10:00 PM | Saturday: 10:30 AM – 10:00 PM | Sunday: 10:30 AM – 10:00 PM,Google Places API (New) Nearby Search,2026-09-02T15:22:51+00:00
ChIJq9HgFrc5Xj4R7MdW2IsUSyI,صالون تلال الشرق,DIRECT,hair_salon,hair_salon,Hair salon,"hair_salon, hair_care, service, point_of_interest, establishment",8GHQ+98H - Al Ma'an Street - Mohamed Bin Zayed City - ME11 - Abu Dhabi,24.3284333,54.538358699999996,4.6,56.0,OPERATIONAL,+971 52 259 5069,,https://maps.google.com/?cid=2471091411405424620&g_mp=Cilnb29nbGUubWFwcy5wbGFjZXMudjEuUGxhY2VzLlNlYXJjaE5lYXJieRACGAQgAA,Monday: 11:00 AM – 12:00 AM | Tuesday: 11:00 AM – 12:00 AM | Wednesday: 11:00 AM – 12:00 AM | Thursday: 11:00 AM – 12:00 AM | Friday: 10:00 AM – 12:00 AM | Saturday: 10:00 AM – 12:00 AM | Sunday: 11:00 AM – 12:00 AM,Google Places API (New) Nearby Search,2026-09-02T15:22:51+00:00
ChIJPaBozw5OXj4RFHmj9O7KVNQ,Aroosal Fareej Ladies Saloon New Shahama,DIRECT,beauty_salon,beauty_salon,Beauty salon,"beauty_salon, service, point_of_interest, establishment",GMJR+HH4 - Al Shahama - New Shahamah - Abu Dhabi,24.531396899999997,54.6914595,3.5,55.0,OPERATIONAL,+971 2 563 0203,,https://maps.google.com/?cid=15300076961739798804&g_mp=Cilnb29nbGUubWFwcy5wbGFjZXMudjEuUGxhY2VzLlNlYXJjaE5lYXJieRACGAQgAA,Monday: 10:00 AM – 10:00 PM | Tuesday: 10:00 AM – 10:00 PM | Wednesday: 10:00 AM – 10:00 PM | Thursday: 10:00 AM – 10:00 PM | Friday: 10:00 AM – 10:00 PM | Saturday: 10:00 AM – 10:00 PM | Sunday: 10:00 AM – 10:00 PM,Google Places API (New) Nearby Search,2026-09-02T15:22:51+00:00
ChIJgTxoI2pHXj4R_AEmXySEpwE,Planet Romeo Gents Saloon صالون بلانيت روميو للرجال - مساج رجالي,DIRECT,hair_salon,hair_salon,Hair salon,"hair_salon, hair_care, service, point_of_interest, establishment",Abu Dhabi - Khalifa City - SE25 - Abu Dhabi,24.41172,54.590330900000005,4.2,55.0,OPERATIONAL,+971 2 584 5847,,https://maps.google.com/?cid=119209206898622972&g_mp=Cilnb29nbGUubWFwcy5wbGFjZXMudjEuUGxhY2VzLlNlYXJjaE5lYXJieRACGAQgAA,Monday: 10:00 AM – 11:00 PM | Tuesday: 10:00 AM – 11:00 PM | Wednesday: 10:00 AM – 11:00 PM | Thursday: 10:00 AM – 11:00 PM | Friday: 10:00 AM – 11:00 PM | Saturday: 10:00 AM – 11:00 PM | Sunday: 10:00 AM – 11:00 PM,Google Places API (New) Nearby Search,2026-09-02T15:22:51+00:00
ChIJaWgU15xnZz4RGUaUj9NBWTg,حلاق تركي hair cut,DIRECT,hair_salon,hair_salon,Hair salon,"hair_salon, hair_care, service, point_of_interest, establishment",Madinat Zayad Liber Offices - Madinat Zayed - MZE18 - Abu Dhabi,23.666459099999997,53.725349599999994,4.5,55.0,OPERATIONAL,+971 50 761 7839,,https://maps.google.com/?cid=4060348915953976857&g_mp=Cilnb29nbGUubWFwcy5wbGFjZXMudjEuUGxhY2VzLlNlYXJjaE5lYXJieRACGAQgAA,Monday: 9:00 AM – 11:30 PM | Tuesday: 9:00 AM – 11:30 PM | Wednesday: 9:00 AM – 11:30 PM | Thursday: 9:00 AM – 11:30 PM | Friday: 9:00 AM – 11:30 PM | Saturday: 9:00 AM – 11:30 PM | Sunday: 9:00 AM – 11:30 PM,Google Places API (New) Nearby Search,2026-09-02T15:22:51+00:00
ChIJsTwVxltHXj4RHOGAlmxefg0,Gulf Diamond Salon Abu Dhabi,DIRECT,hair_salon,hair_salon,Hair salon,"hair_salon, hair_care, service, point_of_interest, establishment","Beside Anjappar Restaurant, Shabiya 9, Mohammed Bin Zayed - Mohamed Bin Zayed City - ME9 - Abu Dhabi",24.3446216,54.536344299999996,4.1,54.0,OPERATIONAL,+971 50 773 7620,,https://maps.google.com/?cid=972318390033113372&g_mp=Cilnb29nbGUubWFwcy5wbGFjZXMudjEuUGxhY2VzLlNlYXJjaE5lYXJieRACGAQgAA,Monday: 8:00 AM – 3:30 AM | Tuesday: 8:00 AM – 3:30 AM | Wednesday: 8:00 AM – 3:30 AM | Thursday: 8:00 AM – 3:30 AM | Friday: 8:00 AM – 3:30 AM | Saturday: 8:00 AM – 3:30 AM | Sunday: 8:00 AM – 3:30 AM,Google Places API (New) Nearby Search,2026-09-02T15:22:51+00:00
ChIJpU7HJQBfXz4RrsizL3exSBI,Rukn Al Majlis Gents Salon,DIRECT,hair_salon,hair_salon,Hair salon,"hair_salon, hair_care, point_of_interest, service, establishment",8F65+7CR - Muwaileh Commercial - Industrial Area - Sharjah,25.3107467,55.458531099999995,4.6,54.0,OPERATIONAL,+971 54 295 5580,,https://maps.google.com/?cid=1317498016465406126&g_mp=Cilnb29nbGUubWFwcy5wbGFjZXMudjEuUGxhY2VzLlNlYXJjaE5lYXJieRACGAQgAA,Monday: 10:00 AM – 11:00 PM | Tuesday: 10:00 AM – 11:00 PM | Wednesday: 10:00 AM – 11:00 PM | Thursday: 10:00 AM – 11:00 PM | Friday: 2:00 – 11:00 PM | Saturday: 10:00 AM – 11:00 PM | Sunday: 10:00 AM – 11:00 PM,Google Places API (New) Nearby Search,2026-09-02T15:22:51+00:00
ChIJmRjN-BVOXj4R0jl2Ub30-EQ,Silver Palm Gents Saloon صالون النخلة الفضية للرجال,DIRECT,hair_salon,hair_salon,Hair salon,"hair_salon, hair_care, point_of_interest, service, establishment",58 Ash Shahamah St - Al Shahama - New Shahamah - Abu Dhabi,24.5247468,54.6752845,4.1,54.0,OPERATIONAL,+971 52 610 0612,,https://maps.google.com/?cid=4969991282756041170&g_mp=Cilnb29nbGUubWFwcy5wbGFjZXMudjEuUGxhY2VzLlNlYXJjaE5lYXJieRACGAQgAA,"Monday: 10:00 AM – 11:00 PM | Tuesday: 10:00 AM – 11:00 PM | Wednesday: 10:00 AM – 11:00 PM | Thursday: 10:00 AM – 11:00 PM | Friday: 10:00 AM – 12:00 PM, 2:30 – 11:00 PM | Saturday: 10:00 AM – 11:00 PM | Sunday: 10:00 AM – 11:00 PM",Google Places API (New) Nearby Search,2026-09-02T15:22:51+00:00
ChIJjX-vDS5HXj4RdLKTuTi86Vs,Top Ladies Beauty Centre,DIRECT,spa,beauty_salon,Beauty salon,"beauty_salon, spa, point_of_interest, service, establishment",Villa 693 Naseem Al barr St - Shakhbout City - MSH7 - Abu Dhabi,24.3545362,54.611524499999994,3.5,54.0,OPERATIONAL,+971 56 432 6622,http://www.topladies.ae/,https://maps.google.com/?cid=6623031678842679924&g_mp=Cilnb29nbGUubWFwcy5wbGFjZXMudjEuUGxhY2VzLlNlYXJjaE5lYXJieRACGAQgAA,Monday: 9:00 AM – 10:00 PM | Tuesday: 9:00 AM – 10:00 PM | Wednesday: 9:00 AM – 10:00 PM | Thursday: 9:00 AM – 10:00 PM | Friday: 9:00 AM – 10:00 PM | Saturday: 9:00 AM – 10:00 PM | Sunday: 9:00 AM – 10:00 PM,Google Places API (New) Nearby Search,2026-09-02T15:22:51+00:00
ChIJ7TMj__359D4RYS1TCgwZb3g,Glamorous Beauty salon & Spa,DIRECT,beauty_salon,beauty_salon,Beauty salon,"beauty_salon, point_of_interest, service, establishment",Creative Tower - Office 304 - مركز مدينة الفجيرة - إمارة الفجيرة,25.123333600000002,56.3226121,4.4,53.0,OPERATIONAL,+971 9 222 4545,,https://maps.google.com/?cid=8678182546469760353&g_mp=Cilnb29nbGUubWFwcy5wbGFjZXMudjEuUGxhY2VzLlNlYXJjaE5lYXJieRACGAQgAA,Monday: Closed | Tuesday: 10:00 AM – 10:00 PM | Wednesday: 10:00 AM – 10:00 PM | Thursday: 10:00 AM – 10:00 PM | Friday: 10:00 AM – 10:00 PM | Saturday: 10:00 AM – 10:00 PM | Sunday: 10:00 AM – 10:00 PM,Google Places API (New) Nearby Search,2026-09-02T15:22:51+00:00
ChIJMRLGEU1hXz4RPj3LAt32oCo,Cabello Lounge,DIRECT,hair_salon,hair_salon,Hair salon,"hair_salon, hair_care, point_of_interest, service, establishment",Uptown Mirdiff - Shop No - R23 Algeria St - Mirdif - Dubai,25.224141,55.4238389,4.5,52.0,OPERATIONAL,+971 4 288 2265,https://cabello-lounge.com/,https://maps.google.com/?cid=3071726374961757502&g_mp=Cilnb29nbGUubWFwcy5wbGFjZXMudjEuUGxhY2VzLlNlYXJjaE5lYXJieRACGAQgAA,Monday: 10:00 AM – 10:00 PM | Tuesday: 10:00 AM – 10:00 PM | Wednesday: 10:00 AM – 10:00 PM | Thursday: 10:00 AM – 10:00 PM | Friday: 10:00 AM – 10:00 PM | Saturday: 10:00 AM – 10:00 PM | Sunday: 10:00 AM – 10:00 PM,Google Places API (New) Nearby Search,2026-09-02T15:22:51+00:00
ChIJtfowytc5Xj4RNDIQaQ9jm1g,Desert Classic Ladies Salon Branch-1,DIRECT,beauty_salon,beauty_salon,Beauty salon,"beauty_salon, point_of_interest, service, establishment",desert Classic Ladies Salon - Bani Yas - Baniyas East - Abu Dhabi,24.295539599999998,54.6400896,4.0,51.0,OPERATIONAL,+971 2 585 9988,,https://maps.google.com/?cid=6384805814566138420&g_mp=Cilnb29nbGUubWFwcy5wbGFjZXMudjEuUGxhY2VzLlNlYXJjaE5lYXJieRACGAQgAA,Monday: Closed | Tuesday: 10:00 AM – 10:00 PM | Wednesday: 10:00 AM – 10:00 PM | Thursday: 10:00 AM – 10:00 PM | Friday: 10:00 AM – 10:00 PM | Saturday: 10:00 AM – 10:00 PM | Sunday: 10:00 AM – 10:00 PM,Google Places API (New) Nearby Search,2026-09-02T15:22:51+00:00
ChIJc9MkYNpcXz4RfW-2MS7oLcM,Hatem Hair Center,DIRECT,hair_salon,hair_salon,Hair salon,"hair_salon, hair_care, point_of_interest, service, establishment",Etihad Mall - Mirdif - Muhaisnah - Dubai,25.236770699999997,55.420016,3.9,51.0,OPERATIONAL,+971 52 645 6966,http://hatemhair.com/en,https://maps.google.com/?cid=14064152496448106365&g_mp=Cilnb29nbGUubWFwcy5wbGFjZXMudjEuUGxhY2VzLlNlYXJjaE5lYXJieRACGAQgAA,Monday: 10:30 AM – 10:00 PM | Tuesday: 10:30 AM – 10:00 PM | Wednesday: 10:30 AM – 10:00 PM | Thursday: 10:30 AM – 10:00 PM | Friday: 5:00 – 10:00 PM | Saturday: 10:30 AM – 10:00 PM | Sunday: 10:30 AM – 10:00 PM,Google Places API (New) Nearby Search,2026-09-02T15:22:51+00:00
ChIJ6facfm1BXj4RmWc9WG_3JAU,Saloon mohammad alhariri for man صالون محمد الحريري للرجال,DIRECT,hair_salon,hair_salon,Hair salon,"hair_salon, hair_care, point_of_interest, service, establishment",Al Maqta' St - Rabdan - RB1 - Abu Dhabi,24.412226099999998,54.505775899999996,4.5,51.0,OPERATIONAL,+971 52 505 5310,https://saloonsyrianaforgents.business.site/,https://maps.google.com/?cid=370693126945073049&g_mp=Cilnb29nbGUubWFwcy5wbGFjZXMudjEuUGxhY2VzLlNlYXJjaE5lYXJieRACGAQgAA,Monday: 10:00 AM – 2:00 AM | Tuesday: 10:00 AM – 2:00 AM | Wednesday: 10:00 AM – 2:00 AM | Thursday: 10:00 AM – 2:00 AM | Friday: 10:00 AM – 2:00 AM | Saturday: 10:00 AM – 2:00 AM | Sunday: 10:00 AM – 2:00 AM,Google Places API (New) Nearby Search,2026-09-02T15:22:51+00:00
ChIJt5VoqPdRXj4R15pqzNESzv8,صالون بيبي ستايل - Baby Style Saloon,DIRECT,hair_salon,hair_salon,Hair salon,"hair_salon, hair_care, point_of_interest, service, establishment",HM5V+7RG - Al Bahyah - Al Shahamah New - Abu Dhabi,24.5581881,54.6945651,4.3,51.0,OPERATIONAL,+971 50 380 9966,,https://maps.google.com/?cid=18432691017161022167&g_mp=Cilnb29nbGUubWFwcy5wbGFjZXMudjEuUGxhY2VzLlNlYXJjaE5lYXJieRACGAQgAA,Monday: 9:00 AM – 11:00 PM | Tuesday: 9:00 AM – 11:00 PM | Wednesday: 9:00 AM – 11:00 PM | Thursday: 9:00 AM – 11:00 PM | Friday: 9:00 AM – 11:00 PM | Saturday: 9:00 AM – 11:00 PM | Sunday: 9:00 AM – 11:00 PM,Google Places API (New) Nearby Search,2026-09-02T15:22:51+00:00
ChIJr3cA2epPXj4RcS6qJB4IjtA,Catchy Beauty & Henna Center مركز كاتشي للحنا و التجميل,DIRECT,beauty_salon,beauty_salon,Beauty salon,"beauty_salon, service, point_of_interest, establishment","Mezannie floor No M3, Buildin No - 54 Badʹ Khalifa St - Al Shahama - New Shahamah - Abu Dhabi",24.5293667,54.6912367,4.3,50.0,OPERATIONAL,+971 52 490 3708,,https://maps.google.com/?cid=15027957932139097713&g_mp=Cilnb29nbGUubWFwcy5wbGFjZXMudjEuUGxhY2VzLlNlYXJjaE5lYXJieRACGAQgAA,Monday: 10:00 AM – 10:00 PM | Tuesday: 10:00 AM – 10:00 PM | Wednesday: 10:00 AM – 10:00 PM | Thursday: Open 24 hours | Friday: 1:00 – 6:00 PM | Saturday: 10:00 AM – 10:00 PM | Sunday: 10:00 AM – 10:00 PM,Google Places API (New) Nearby Search,2026-09-02T15:22:51+00:00
ChIJF3S7gY5PXj4Rj-9MkNrGVCc,Serene Suite Beauty Center,DIRECT,nail_salon,beauty_salon,Beauty salon,"beauty_salon, hair_salon, nail_salon, hair_care, massage_spa, spa, massage, point_of_interest, service, establishment","Unit B202 - Ar, Al Raha Lofts 2 - Canal Promenade Side - شارع الرَّاحة - الرَّاحَة - شاطئ الراحة غرب 3 - أبو ظبي",24.449638699999998,54.6104482,4.9,50.0,OPERATIONAL,+971 50 244 0402,https://www.serenesuite.ae/,https://maps.google.com/?cid=2834108707549015951&g_mp=Cilnb29nbGUubWFwcy5wbGFjZXMudjEuUGxhY2VzLlNlYXJjaE5lYXJieRACGAQgAA,Monday: 11:00 AM – 9:00 PM | Tuesday: 11:00 AM – 9:00 PM | Wednesday: 11:00 AM – 9:00 PM | Thursday: 11:00 AM – 9:00 PM | Friday: 11:00 AM – 9:00 PM | Saturday: 11:00 AM – 9:00 PM | Sunday: 11:00 AM – 9:00 PM,Google Places API (New) Nearby Search,2026-09-02T15:22:51+00:00
ChIJJ1BQAfJnZz4RuT68gybbEUY,GT Center for Men Care - مركز جي تي للعناية الرجالية,DIRECT,"beauty_salon, hair_salon, nail_salon, spa",barber_shop,Barber shop,"barber_shop, nail_salon, hair_salon, hair_care, spa, beauty_salon, health, point_of_interest, service, establishment",near Big Mart - Madinat Za'id - Industrial Area - Abu Dhabi,23.6622749,53.72783090000001,4.7,48.0,OPERATIONAL,+971 56 396 3346,http://instagram.com/gtformens,https://maps.google.com/?cid=5049057615724428985&g_mp=Cilnb29nbGUubWFwcy5wbGFjZXMudjEuUGxhY2VzLlNlYXJjaE5lYXJieRACGAQgAA,Monday: 9:00 AM – 10:00 PM | Tuesday: 9:00 AM – 10:00 PM | Wednesday: 9:00 AM – 10:00 PM | Thursday: 9:00 AM – 10:00 PM | Friday: 9:00 AM – 10:00 PM | Saturday: 9:00 AM – 10:00 PM | Sunday: 9:00 AM – 10:00 PM,Google Places API (New) Nearby Search,2026-09-02T15:22:51+00:00
ChIJwUReR6VBXj4RgOT-FASkJd4,Never Fold Gent Saloon L L C,DIRECT,beauty_salon,beauty_salon,Beauty salon,"beauty_salon, point_of_interest, service, establishment",Al Hasheemah 3 St - Musaffah - Musaffah Industrial - Abu Dhabi,24.3468588,54.497031799999995,4.5,48.0,OPERATIONAL,+971 56 832 1063,,https://maps.google.com/?cid=16007380787997369472&g_mp=Cilnb29nbGUubWFwcy5wbGFjZXMudjEuUGxhY2VzLlNlYXJjaE5lYXJieRACGAQgAA,Monday: 8:00 AM – 1:00 AM | Tuesday: 8:00 AM – 1:00 AM | Wednesday: 8:00 AM – 1:00 AM | Thursday: 8:00 AM – 1:00 AM | Friday: 8:00 AM – 1:00 AM | Saturday: 8:00 AM – 1:00 AM | Sunday: 8:00 AM – 1:00 AM,Google Places API (New) Nearby Search,2026-09-02T15:22:51+00:00
ChIJ0YKeuLt19j4RdlHvfjWrcMk,Riviera Palace ريفييرا بالاس,DIRECT,beauty_salon,beauty_salon,Beauty salon,"beauty_salon, point_of_interest, service, establishment",Khuzam Rd - Sheikh Saqr City - Ras Al Khaimah,25.7658539,55.926035199999994,3.9,48.0,OPERATIONAL,+971 7 235 6778,https://rivierab.com/,https://maps.google.com/?cid=14515289845266338166&g_mp=Cilnb29nbGUubWFwcy5wbGFjZXMudjEuUGxhY2VzLlNlYXJjaE5lYXJieRACGAQgAA,Monday: 9:00 AM – 10:00 PM | Tuesday: 9:00 AM – 10:00 PM | Wednesday: 9:00 AM – 10:00 PM | Thursday: 9:00 AM – 10:00 PM | Friday: 9:00 AM – 10:00 PM | Saturday: 9:00 AM – 10:00 PM | Sunday: 9:00 AM – 10:00 PM,Google Places API (New) Nearby Search,2026-09-02T15:22:51+00:00
ChIJc7DZPwlnXj4RDLTM5fIWTaY,Loody Beauty Station,DIRECT,beauty_salon,beauty_salon,Beauty salon,"beauty_salon, service, point_of_interest, establishment",131 Al Souq St - Al Shahama - New Shahamah - Abu Dhabi,24.5381976,54.6924061,4.3,47.0,OPERATIONAL,+971 2 444 0419,,https://maps.google.com/?cid=11983259415996052492&g_mp=Cilnb29nbGUubWFwcy5wbGFjZXMudjEuUGxhY2VzLlNlYXJjaE5lYXJieRACGAQgAA,Monday: 11:00 AM – 8:30 PM | Tuesday: 11:00 AM – 8:30 PM | Wednesday: 11:00 AM – 8:30 PM | Thursday: 11:00 AM – 8:30 PM | Friday: 11:00 AM – 8:30 PM | Saturday: 11:00 AM – 8:30 PM | Sunday: 11:00 AM – 8:30 PM,Google Places API (New) Nearby Search,2026-09-02T15:22:51+00:00
ChIJ65AiVIM3Xj4RYiLWACbYbLM,Al aqeeq Gents Saloon,DIRECT,hair_salon,hair_salon,Hair salon,"hair_salon, hair_care, point_of_interest, service, establishment",8JF9+9GX - Bani Yas - EB2 02 - Abu Dhabi,24.323485599999998,54.6188686,4.2,46.0,OPERATIONAL,+971 52 860 1808,,https://maps.google.com/?cid=12928946288008241762&g_mp=Cilnb29nbGUubWFwcy5wbGFjZXMudjEuUGxhY2VzLlNlYXJjaE5lYXJieRACGAQgAA,Monday: 8:00 AM – 12:00 AM | Tuesday: 8:00 AM – 12:00 AM | Wednesday: 8:00 AM – 12:00 AM | Thursday: 8:00 AM – 12:00 AM | Friday: 8:00 AM – 12:00 AM | Saturday: 8:00 AM – 12:00 AM | Sunday: 8:00 AM – 12:00 AM,Google Places API (New) Nearby Search,2026-09-02T15:22:51+00:00
ChIJH1XqynhDXj4R0Ai1Oyl5AxQ,Ruby Salon - Sultan Bin Zayed Street Br 2 Abu Dhabi,DIRECT,hair_salon,beauty_salon,Beauty salon,"beauty_salon, barber_shop, hair_salon, hair_care, health, point_of_interest, service, establishment",Mana Bin Saeed Al Otaiba St - Al Sa`Adah - Zone 1 - Abu Dhabi,24.433638499999997,54.4380721,4.5,46.0,OPERATIONAL,+971 52 899 6006,,https://maps.google.com/?cid=1442129523691030736&g_mp=Cilnb29nbGUubWFwcy5wbGFjZXMudjEuUGxhY2VzLlNlYXJjaE5lYXJieRACGAQgAA,Monday: 8:00 AM – 11:00 PM | Tuesday: 8:00 AM – 11:00 PM | Wednesday: 8:00 AM – 11:00 PM | Thursday: 8:00 AM – 11:00 PM | Friday: 8:00 AM – 11:00 PM | Saturday: 8:00 AM – 11:00 PM | Sunday: 8:00 AM – 11:00 PM,Google Places API (New) Nearby Search,2026-09-02T15:22:51+00:00
ChIJSamswnZoZz4RPV0waldsHxA,Lisianthus beauty salon,DIRECT,beauty_salon,beauty_salon,Beauty salon,"beauty_salon, point_of_interest, service, establishment",أبو ظبي - مدينة زايد - مدينة زايد غرب 16 - أبو ظبي,23.6198127,53.707563099999994,4.7,45.0,OPERATIONAL,+971 50 893 9945,,https://maps.google.com/?cid=1161766351584386365&g_mp=Cilnb29nbGUubWFwcy5wbGFjZXMudjEuUGxhY2VzLlNlYXJjaE5lYXJieRACGAQgAA,Monday: 10:30 AM – 10:30 PM | Tuesday: 10:30 AM – 10:30 PM | Wednesday: 10:30 AM – 10:30 PM | Thursday: 10:30 AM – 10:30 PM | Friday: 10:30 AM – 10:30 PM | Saturday: 10:30 AM – 10:30 PM | Sunday: 10:30 AM – 10:30 PM,Google Places API (New) Nearby Search,2026-09-02T15:22:51+00:00
ChIJd6qp675nZz4RsfdRsLRGiOM,Beauty salon and gym,DIRECT,beauty_salon,beauty_salon,Beauty salon,"beauty_salon, point_of_interest, service, establishment",JPX6+CHM - Madinat Zayed - MZE1 01 - Abu Dhabi,23.648586899999998,53.711425899999995,4.0,44.0,OPERATIONAL,+971 50 351 0038,,https://maps.google.com/?cid=16395432185308510129&g_mp=Cilnb29nbGUubWFwcy5wbGFjZXMudjEuUGxhY2VzLlNlYXJjaE5lYXJieRACGAQgAA,Monday: 10:00 AM – 10:00 PM | Tuesday: 10:00 AM – 10:00 PM | Wednesday: 10:00 AM – 10:00 PM | Thursday: 10:00 AM – 10:00 PM | Friday: 1:00 – 10:00 PM | Saturday: 10:00 AM – 10:00 PM | Sunday: 10:00 AM – 10:00 PM,Google Places API (New) Nearby Search,2026-09-02T15:22:51+00:00
ChIJkS2kNAD59D4R1gWfnfj8ApA,JOLINE Beauty Salon,DIRECT,beauty_salon,beauty_salon,Beauty salon,"beauty_salon, point_of_interest, service, establishment",Al Faseel - Fujairah,25.1380576,56.3520769,4.6,44.0,OPERATIONAL,+971 56 176 1493,,https://maps.google.com/?cid=10377134636141577686&g_mp=Cilnb29nbGUubWFwcy5wbGFjZXMudjEuUGxhY2VzLlNlYXJjaE5lYXJieRACGAQgAA,Monday: 11:00 AM – 9:00 PM | Tuesday: 11:00 AM – 9:00 PM | Wednesday: 11:00 AM – 9:00 PM | Thursday: 11:00 AM – 9:00 PM | Friday: 12:00 – 10:00 PM | Saturday: 11:00 AM – 9:00 PM | Sunday: 11:00 AM – 9:00 PM,Google Places API (New) Nearby Search,2026-09-02T15:22:51+00:00
ChIJPXGOCltRXj4RDXOA3lqDsEY,لمسة كريستال صالون وسبا للرجال lmsat crystal salon&spa for gents,DIRECT,"hair_salon, spa",hair_salon,Hair salon,"hair_salon, hair_care, spa, point_of_interest, service, establishment",11 Al Rusoum St - البَاهيةالشهامة القديمة - Al Shahamah New - Abu Dhabi,24.5527591,54.693943000000004,4.2,44.0,OPERATIONAL,+971 2 877 8856,,https://maps.google.com/?cid=5093715604859286285&g_mp=Cilnb29nbGUubWFwcy5wbGFjZXMudjEuUGxhY2VzLlNlYXJjaE5lYXJieRACGAQgAA,Monday: 11:00 AM – 11:00 PM | Tuesday: 11:00 AM – 11:00 PM | Wednesday: 11:00 AM – 11:00 PM | Thursday: 11:00 AM – 11:00 PM | Friday: 11:00 AM – 11:00 PM | Saturday: 11:00 AM – 11:00 PM | Sunday: 11:00 AM – 11:00 PM,Google Places API (New) Nearby Search,2026-09-02T15:22:51+00:00
ChIJz4AR6fpTXj4RAdWV-ZxOhEw,NEW HEALTHLINE MEDICAL CENTER مركز نيو هيلث لاين الطبي,DIRECT,beauty_salon,medical_center,Medical Center,"medical_center, dental_clinic, beauty_salon, hospital, hair_care, medical_clinic, service, health, point_of_interest, establishment",al shahama - new - شارع السعي - الباهية - الشهامة الجديدة - أبو ظبي,24.559524099999997,54.6946222,4.7,43.0,OPERATIONAL,+971 2 566 8600,http://healthline.ae/,https://maps.google.com/?cid=5513618279917540609&g_mp=Cilnb29nbGUubWFwcy5wbGFjZXMudjEuUGxhY2VzLlNlYXJjaE5lYXJieRACGAQgAA,Monday: 8:00 AM – 12:00 AM | Tuesday: 8:00 AM – 12:00 AM | Wednesday: 8:00 AM – 12:00 AM | Thursday: 8:00 AM – 12:00 AM | Friday: 8:00 AM – 12:00 AM | Saturday: 8:00 AM – 12:00 AM | Sunday: 8:00 AM – 12:00 AM,Google Places API (New) Nearby Search,2026-09-02T15:22:51+00:00
ChIJP_xsxGI3Xj4Rs66Ez349Xhs,Ruby Salon - Mafraq Abu Dhabi,DIRECT,hair_salon,beauty_salon,Beauty salon,"beauty_salon, barber_shop, hair_salon, hair_care, health, point_of_interest, service, establishment",Al Mandous St - Bani Yas - Mafraq Industrial Area - Abu Dhabi,24.3063778,54.6114032,4.1,43.0,OPERATIONAL,+971 52 899 6031,,https://maps.google.com/?cid=1972081301691608755&g_mp=Cilnb29nbGUubWFwcy5wbGFjZXMudjEuUGxhY2VzLlNlYXJjaE5lYXJieRACGAQgAA,Monday: 8:00 AM – 11:00 PM | Tuesday: 8:00 AM – 11:00 PM | Wednesday: 8:00 AM – 11:00 PM | Thursday: 8:00 AM – 11:00 PM | Friday: 8:00 AM – 11:00 PM | Saturday: 8:00 AM – 11:00 PM | Sunday: 8:00 AM – 11:00 PM,Google Places API (New) Nearby Search,2026-09-02T15:22:51+00:00
ChIJk77ZeOn59D4R5xsjJQ7NGmw,mabrook ladies beauty salon llc,DIRECT,nail_salon,nail_salon,Nail salon,"nail_salon, beauty_salon, point_of_interest, service, establishment",48CR+JP8 - Hamad Bin Abdulla Rd - Mraisheed - Fujairah,25.121616,56.341938,4.6,43.0,OPERATIONAL,,,https://maps.google.com/?cid=7789763966126988263&g_mp=Cilnb29nbGUubWFwcy5wbGFjZXMudjEuUGxhY2VzLlNlYXJjaE5lYXJieRACGAQgAA,Monday: 11:00 AM – 11:00 PM | Tuesday: 11:00 AM – 11:00 PM | Wednesday: 11:00 AM – 11:00 PM | Thursday: 11:00 AM – 11:00 PM | Friday: 11:00 AM – 11:00 PM | Saturday: 11:00 AM – 11:00 PM | Sunday: 11:00 AM – 11:00 PM,Google Places API (New) Nearby Search,2026-09-02T15:22:51+00:00
ChIJFbhrTABPXj4RGr41seI0ToA,ORYX MOBILES&COMPUTERS,DIRECT,hair_salon,hair_salon,Hair salon,"hair_salon, cell_phone_store, hair_care, store, point_of_interest, service, establishment",67 Al Souq St - Al Shahama - New Shahamah - Abu Dhabi,24.5311266,54.691658999999994,4.7,42.0,OPERATIONAL,+971 56 673 4366,https://vt.tiktok.com/ZSFFE2AMD/,https://maps.google.com/?cid=9245385233278549530&g_mp=Cilnb29nbGUubWFwcy5wbGFjZXMudjEuUGxhY2VzLlNlYXJjaE5lYXJieRACGAQgAA,Monday: 7:00 AM – 2:30 AM | Tuesday: 7:00 AM – 2:30 AM | Wednesday: 7:00 AM – 2:30 AM | Thursday: 7:00 AM – 2:30 AM | Friday: 7:00 AM – 2:30 AM | Saturday: 7:00 AM – 2:30 AM | Sunday: 7:00 AM – 2:30 AM,Google Places API (New) Nearby Search,2026-09-02T15:22:51+00:00
ChIJiZM66x5PXj4RIbSt7qEUTzI,The Essence Lounge,DIRECT,"beauty_salon, spa",beauty_salon,Beauty salon,"massage_spa, massage, spa, beauty_salon, point_of_interest, service, establishment",Al Rahah - Al Zeina - Abu Dhabi,24.455131299999998,54.6169659,4.7,41.0,OPERATIONAL,+971 54 777 6363,https://www.fresha.com/book-now/the-essence-lounge-isjfj5bh/all-offer?share=true&pId=2562211,https://maps.google.com/?cid=3625138910783190049&g_mp=Cilnb29nbGUubWFwcy5wbGFjZXMudjEuUGxhY2VzLlNlYXJjaE5lYXJieRACGAQgAA,Monday: 10:00 AM – 10:00 PM | Tuesday: 10:00 AM – 10:00 PM | Wednesday: 10:00 AM – 10:00 PM | Thursday: 10:00 AM – 10:00 PM | Friday: 10:00 AM – 10:00 PM | Saturday: 10:00 AM – 10:00 PM | Sunday: 10:00 AM – 10:00 PM,Google Places API (New) Nearby Search,2026-09-02T15:22:51+00:00
ChIJMV0z8chPXj4R3Ks5UvWdfLM,صالون الرملة للرجال,DIRECT,hair_salon,hair_salon,Hair salon,"hair_salon, hair_care, point_of_interest, service, establishment",بيالة شاي - Al Shahama - New Shahamah - Abu Dhabi,24.5312579,54.6916521,4.6,41.0,OPERATIONAL,+971 50 590 0561,,https://maps.google.com/?cid=12933385906873281500&g_mp=Cilnb29nbGUubWFwcy5wbGFjZXMudjEuUGxhY2VzLlNlYXJjaE5lYXJieRACGAQgAA,Monday: 9:30 AM – 12:30 AM | Tuesday: 9:30 AM – 12:30 AM | Wednesday: 9:30 AM – 12:30 AM | Thursday: 9:30 AM – 12:30 AM | Friday: 9:30 AM – 12:30 AM | Saturday: 9:30 AM – 12:30 AM | Sunday: 9:30 AM – 12:30 AM,Google Places API (New) Nearby Search,2026-09-02T15:22:51+00:00
ChIJsw6LWwA5Xj4RW_AF0uHPbZo,مصفح شعبيه 12,DIRECT,beauty_salon,beauty_salon,Beauty salon,"beauty_salon, point_of_interest, service, establishment",8GJM+GX5 - Mohamed Bin Zayed City - Mussafah Community - Abu Dhabi,24.331267399999998,54.5349812,4.2,41.0,OPERATIONAL,,,https://maps.google.com/?cid=11127778823100559451&g_mp=Cilnb29nbGUubWFwcy5wbGFjZXMudjEuUGxhY2VzLlNlYXJjaE5lYXJieRACGAQgAA,,Google Places API (New) Nearby Search,2026-09-02T15:22:51+00:00
ChIJZbAdeyg3Xj4RhrWxz1sAecs,Turquoise Spa,DIRECT,hair_salon,beauty_salon,Beauty salon,"beauty_salon, hair_salon, hair_care, point_of_interest, service, establishment",Bani Yas - Baniyas East - Abu Dhabi,24.3153647,54.634325499999996,3.6,40.0,OPERATIONAL,+971 55 558 8599,http://www.turquoisespa.net/,https://maps.google.com/?cid=14661750456207914374&g_mp=Cilnb29nbGUubWFwcy5wbGFjZXMudjEuUGxhY2VzLlNlYXJjaE5lYXJieRACGAQgAA,Monday: 10:00 AM – 10:00 PM | Tuesday: 10:00 AM – 10:00 PM | Wednesday: 10:00 AM – 10:00 PM | Thursday: 10:00 AM – 10:00 PM | Friday: 10:00 AM – 10:00 PM | Saturday: 10:00 AM – 10:00 PM | Sunday: 10:00 AM – 10:00 PM,Google Places API (New) Nearby Search,2026-09-02T15:22:51+00:00
ChIJq9_dP4VnZz4RUCg-FVQRTfI,Al Arabia Center for Men Care,DIRECT,beauty_salon,beauty_salon,Beauty salon,"beauty_salon, point_of_interest, service, establishment",Al Badar Exchange Street - MP6G+6X8 - مدينة زايد - مدينة زايد شرق 19 - أبو ظبي,23.6605484,53.7274566,3.9,39.0,OPERATIONAL,+971 2 888 2000,,https://maps.google.com/?cid=17459630383216601168&g_mp=Cilnb29nbGUubWFwcy5wbGFjZXMudjEuUGxhY2VzLlNlYXJjaE5lYXJieRACGAQgAA,Monday: 9:00 AM – 11:00 PM | Tuesday: 9:00 AM – 11:00 PM | Wednesday: 9:00 AM – 11:00 PM | Thursday: 9:00 AM – 11:00 PM | Friday: 9:00 AM – 11:00 PM | Saturday: 9:00 AM – 11:00 PM | Sunday: 9:00 AM – 11:00 PM,Google Places API (New) Nearby Search,2026-09-02T15:22:51+00:00
ChIJY_lQtH9CXj4RPazw_3Mog-w,Altaf Salon,DIRECT,hair_salon,hair_salon,Hair salon,"hair_salon, hair_care, point_of_interest, service, establishment",CCMP+HMW - Al Sa`Adah - Zone 1 - Abu Dhabi,24.433986299999997,54.4367065,3.9,39.0,OPERATIONAL,,,https://maps.google.com/?cid=17042509893580401725&g_mp=Cilnb29nbGUubWFwcy5wbGFjZXMudjEuUGxhY2VzLlNlYXJjaE5lYXJieRACGAQgAA,,Google Places API (New) Nearby Search,2026-09-02T15:22:51+00:00
ChIJVbvGVR909j4RlLooncN9YTA,Artist Faten Stayle مركز فاتن ستايل للتجميل,DIRECT,hair_salon,hair_salon,Hair salon,"hair_salon, hair_care, service, point_of_interest, establishment",Khuzam - Ras Al Khaimah,25.765072399999998,55.9305519,4.4,39.0,OPERATIONAL,+971 55 296 5522,,https://maps.google.com/?cid=3486205865670261396&g_mp=Cilnb29nbGUubWFwcy5wbGFjZXMudjEuUGxhY2VzLlNlYXJjaE5lYXJieRACGAQgAA,Monday: 9:00 AM – 10:00 PM | Tuesday: 9:00 AM – 10:00 PM | Wednesday: 10:00 AM – 11:00 PM | Thursday: 10:00 AM – 11:00 PM | Friday: 9:00 AM – 10:00 PM | Saturday: 9:00 AM – 10:00 PM | Sunday: 9:00 AM – 10:00 PM,Google Places API (New) Nearby Search,2026-09-02T15:22:51+00:00
ChIJ9fMLuP1JXj4RFOdsj2_RPvw,Essenzaصالون حلاقه رجال,DIRECT,hair_salon,hair_salon,Hair salon,"hair_salon, hair_care, point_of_interest, service, establishment",59 شارع غيط حنير - Shakhbout City - MSH19 - Abu Dhabi,24.3735352,54.647231,3.9,39.0,OPERATIONAL,+971 54 497 9336,http://essensa.com/,https://maps.google.com/?cid=18176195423191754516&g_mp=Cilnb29nbGUubWFwcy5wbGFjZXMudjEuUGxhY2VzLlNlYXJjaE5lYXJieRACGAQgAA,Monday: 10:00 AM – 12:00 AM | Tuesday: 10:00 AM – 12:00 AM | Wednesday: 10:00 AM – 12:00 AM | Thursday: 10:00 AM – 12:00 AM | Friday: 10:00 AM – 12:00 AM | Saturday: 10:00 AM – 12:00 AM | Sunday: 10:00 AM – 12:00 AM,Google Places API (New) Nearby Search,2026-09-02T15:22:51+00:00
ChIJN4jY3bVnZz4R_DSQOVuH63Y,Hams Al Harayer Beauty Salon,DIRECT,beauty_salon,beauty_salon,Beauty salon,"beauty_salon, point_of_interest, service, establishment",Elite Building - Ground Floor - Al Madeenah Road - Madinat Za'id - MZW14 - Abu Dhabi,23.6425809,53.6977565,3.4,39.0,OPERATIONAL,+971 2 887 1001,,https://maps.google.com/?cid=8569091541880026364&g_mp=Cilnb29nbGUubWFwcy5wbGFjZXMudjEuUGxhY2VzLlNlYXJjaE5lYXJieRACGAQgAA,,Google Places API (New) Nearby Search,2026-09-02T15:22:51+00:00
ChIJpe7674JHXj4R4qEwHDutwpo,Ruby Salon - Khalifa City Br 2 Abu Dhabi,DIRECT,hair_salon,beauty_salon,Beauty salon,"beauty_salon, barber_shop, hair_salon, hair_care, health, service, point_of_interest, establishment",Al 'Atad St - Khalifa City - SE38 - Abu Dhabi,24.412215399999997,54.606300999999995,3.4,39.0,OPERATIONAL,+971 52 899 6013,,https://maps.google.com/?cid=11151666096710394338&g_mp=Cilnb29nbGUubWFwcy5wbGFjZXMudjEuUGxhY2VzLlNlYXJjaE5lYXJieRACGAQgAA,Monday: 8:00 AM – 11:00 PM | Tuesday: 8:00 AM – 11:00 PM | Wednesday: 8:00 AM – 11:00 PM | Thursday: 8:00 AM – 11:00 PM | Friday: 8:00 AM – 11:00 PM | Saturday: 8:00 AM – 11:00 PM | Sunday: 8:00 AM – 11:00 PM,Google Places API (New) Nearby Search,2026-09-02T15:22:51+00:00
ChIJ6-A3RTtnXj4RqdgqRg4jvXw,حلاق المصرينbarbershop Egyptian,DIRECT,hair_salon,hair_salon,Hair salon,"hair_salon, hair_care, point_of_interest, service, establishment",Al Shamkhah - SH5 - Abu Dhabi,24.4009488,54.732881799999994,4.9,39.0,OPERATIONAL,+971 50 987 5055,,https://maps.google.com/?cid=8988378975515105449&g_mp=Cilnb29nbGUubWFwcy5wbGFjZXMudjEuUGxhY2VzLlNlYXJjaE5lYXJieRACGAQgAA,Monday: 12:00 AM – 11:30 PM | Tuesday: 11:30 AM – 11:30 PM | Wednesday: 11:30 AM – 11:30 PM | Thursday: 11:30 AM – 11:30 PM | Friday: 11:30 AM – 11:30 PM | Saturday: 11:30 AM – 11:30 PM | Sunday: 12:00 AM – 11:30 PM,Google Places API (New) Nearby Search,2026-09-02T15:22:51+00:00
ChIJqRwwWXtPXj4RIFw8lRVEroE,PARK LANE SALOON,DIRECT,spa,beauty_salon,Beauty salon,"beauty_salon, spa, service, point_of_interest, establishment",Al Souq St - Al Shahama - New Shahamah - Abu Dhabi,24.537131499999997,54.6924354,4.7,38.0,OPERATIONAL,+971 50 223 7662,https://www.instagram.com/park_lane_men_saloon?igsh=MXc1bmhvOWZnZmVhZw%3D%3D&utm_source=qr,https://maps.google.com/?cid=9344481136329120800&g_mp=Cilnb29nbGUubWFwcy5wbGFjZXMudjEuUGxhY2VzLlNlYXJjaE5lYXJieRACGAQgAA,Monday: 10:00 AM – 12:00 AM | Tuesday: 10:00 AM – 12:00 AM | Wednesday: 10:00 AM – 12:00 AM | Thursday: 10:00 AM – 12:00 AM | Friday: 10:00 AM – 12:00 AM | Saturday: 10:00 AM – 12:00 AM | Sunday: 10:00 AM – 12:00 AM,Google Places API (New) Nearby Search,2026-09-02T15:22:51+00:00
ChIJx_35IbpFXj4RiBbhXLiaAmA,The Excellent Ladies Salon,DIRECT,hair_salon,hair_salon,Hair salon,"hair_salon, hair_care, service, point_of_interest, establishment","Retail 1 (Basement Level Building P-1201, Al Rahah Str Between Al Rahah - شارع القناة - & - شاطئ الراحة غرب 5 - أبو ظبي",24.447573799999997,54.598712299999995,4.9,38.0,OPERATIONAL,+971 54 888 3008,https://www.instagram.com/excellent_ladies_salon_ad?igsh=M3Q0OWt6ZzlkY3px,https://maps.google.com/?cid=6918262094217418376&g_mp=Cilnb29nbGUubWFwcy5wbGFjZXMudjEuUGxhY2VzLlNlYXJjaE5lYXJieRACGAQgAA,Monday: 8:00 AM – 6:00 PM | Tuesday: 8:00 AM – 6:00 PM | Wednesday: 8:00 AM – 6:00 PM | Thursday: 8:00 AM – 6:00 PM | Friday: 8:00 AM – 6:00 PM | Saturday: 8:00 AM – 1:00 PM | Sunday: Closed,Google Places API (New) Nearby Search,2026-09-02T15:22:51+00:00
ChIJIdFUmC5HXj4RvjRmkdpWUKs,Stylato Gent’s Salon,DIRECT,nail_salon,barber_shop,Barber shop,"barber_shop, massage_spa, nail_salon, massage, hair_care, foot_care, spa, beauty_salon, health, service, point_of_interest, establishment",31 As Sunnaʹ St - Khalifa City - Sector 33 - Abu Dhabi,24.398424499999997,54.5608964,4.7,37.0,OPERATIONAL,+971 55 225 5870,https://instagram.com/stylato.ae?igshid=MzRlODBiNWFlZA==,https://maps.google.com/?cid=12344462075364783294&g_mp=Cilnb29nbGUubWFwcy5wbGFjZXMudjEuUGxhY2VzLlNlYXJjaE5lYXJieRACGAQgAA,Monday: 10:00 AM – 10:00 PM | Tuesday: 10:00 AM – 10:00 PM | Wednesday: 10:00 AM – 10:00 PM | Thursday: 10:00 AM – 10:00 PM | Friday: 10:00 AM – 10:00 PM | Saturday: 10:00 AM – 10:00 PM | Sunday: 10:00 AM – 10:00 PM,Google Places API (New) Nearby Search,2026-09-02T15:22:51+00:00
ChIJUayCUE5PXj4Rg1xfk-miDhw,صالون AR7,DIRECT,hair_salon,hair_salon,Hair salon,"hair_salon, hair_care, point_of_interest, service, establishment",76 Badʹ Khalifa St - Al Shahama - New Shahamah - Abu Dhabi,24.531959999999998,54.691607999999995,5.0,37.0,OPERATIONAL,+971 56 185 1158,,https://maps.google.com/?cid=2021732406819511427&g_mp=Cilnb29nbGUubWFwcy5wbGFjZXMudjEuUGxhY2VzLlNlYXJjaE5lYXJieRACGAQgAA,Monday: 11:00 AM – 11:00 PM | Tuesday: 11:00 AM – 11:00 PM | Wednesday: 11:00 AM – 11:00 PM | Thursday: 11:00 AM – 11:00 PM | Friday: 11:00 AM – 11:00 PM | Saturday: 11:00 AM – 11:00 PM | Sunday: 11:00 AM – 11:00 PM,Google Places API (New) Nearby Search,2026-09-02T15:22:51+00:00
ChIJd7jb5KJ39j4RqLRc1hCRqsE,صالون الرجل الأنيق,DIRECT,hair_salon,hair_salon,Hair salon,"hair_salon, hair_care, service, point_of_interest, establishment",Corniche Al Qawasim St - Dafan Ras Al Khaimah - Ras Al Khaimah,25.7817637,55.938035299999996,4.2,37.0,OPERATIONAL,+971 54 311 1663,,https://maps.google.com/?cid=13955125896862807208&g_mp=Cilnb29nbGUubWFwcy5wbGFjZXMudjEuUGxhY2VzLlNlYXJjaE5lYXJieRACGAQgAA,Monday: 10:00 AM – 12:00 AM | Tuesday: 10:00 AM – 12:00 AM | Wednesday: 10:00 AM – 12:00 AM | Thursday: 10:00 AM – 12:00 AM | Friday: 10:00 AM – 1:00 AM | Saturday: 10:00 AM – 12:00 AM | Sunday: 10:00 AM – 12:00 AM,Google Places API (New) Nearby Search,2026-09-02T15:22:51+00:00
ChIJVyWFbBB09j4R21zGehZSyYY,AlNobalaa Saloon,DIRECT,nail_salon,barber_shop,Barber shop,"barber_shop, nail_salon, beauty_salon, hair_care, service, health, point_of_interest, establishment",محطة بترول ايبكو - Sheikh Mohamed Bin Salem Rd - مقابل الحويلات للأكترونيات ، قبل - دفن الخور - Ras Al Khaimah,25.7720275,55.9236949,4.2,36.0,OPERATIONAL,+971 7 222 4206,,https://maps.google.com/?cid=9712384327903763675&g_mp=Cilnb29nbGUubWFwcy5wbGFjZXMudjEuUGxhY2VzLlNlYXJjaE5lYXJieRACGAQgAA,Monday: 9:30 AM – 11:30 PM | Tuesday: 9:30 AM – 11:30 PM | Wednesday: 9:30 AM – 11:30 PM | Thursday: 9:30 AM – 11:30 PM | Friday: 9:30 AM – 11:30 PM | Saturday: 9:30 AM – 11:30 PM | Sunday: 9:30 AM – 11:30 PM,Google Places API (New) Nearby Search,2026-09-02T15:22:51+00:00
ChIJH7KoYyc5Xj4R9VmAGDHvHi4,D.S HAIR CUTTING SALOON,DIRECT,nail_salon,nail_salon,Nail salon,"nail_salon, beauty_salon, service, point_of_interest, establishment",Building C112 شارع التفاصيل - Musaffah - ME10 - Abu Dhabi,24.3342887,54.53262350000001,4.9,36.0,OPERATIONAL,+971 56 822 4173,,https://maps.google.com/?cid=3323356569189505525&g_mp=Cilnb29nbGUubWFwcy5wbGFjZXMudjEuUGxhY2VzLlNlYXJjaE5lYXJieRACGAQgAA,Monday: 9:00 AM – 12:00 AM | Tuesday: 9:00 AM – 12:00 AM | Wednesday: 9:00 AM – 12:00 AM | Thursday: 9:00 AM – 12:00 AM | Friday: 9:00 AM – 12:00 AM | Saturday: 9:00 AM – 12:00 AM | Sunday: 9:00 AM – 12:00 AM,Google Places API (New) Nearby Search,2026-09-02T15:22:51+00:00
ChIJLV39IwBfXz4RfkymV3QNwoM,Tiptoe nailounge,DIRECT,nail_salon,nail_salon,Nail salon,"nail_salon, beauty_salon, service, point_of_interest, establishment",Muwaileh Commercial - Industrial Area - Sharjah,25.312200299999997,55.450067,4.8,36.0,OPERATIONAL,+971 50 943 7714,https://www.instagram.com/tiptoe.ae?igsh=Yno1ZGZjaWJhdXlm,https://maps.google.com/?cid=9494165757788310654&g_mp=Cilnb29nbGUubWFwcy5wbGFjZXMudjEuUGxhY2VzLlNlYXJjaE5lYXJieRACGAQgAA,Monday: 11:00 AM – 11:00 PM | Tuesday: 11:00 AM – 11:00 PM | Wednesday: 11:00 AM – 11:00 PM | Thursday: 11:00 AM – 11:00 PM | Friday: 11:00 AM – 11:00 PM | Saturday: 11:00 AM – 11:00 PM | Sunday: 11:00 AM – 11:00 PM,Google Places API (New) Nearby Search,2026-09-02T15:22:51+00:00
ChIJ_____xh09j4RK-q74h5hN1U,صالون لمسة أترو للسيدات | Lamsat Atro Ladies Saloon,DIRECT,"hair_salon, nail_salon",beauty_salon,Beauty salon,"beauty_salon, makeup_artist, nail_salon, hair_salon, hair_care, service, point_of_interest, establishment",Khuzam St - Khuzam - Ras Al Khaimah,25.7666951,55.936025300000004,4.1,36.0,OPERATIONAL,+971 54 514 8405,https://www.atro.ae/,https://maps.google.com/?cid=6140483402223839787&g_mp=Cilnb29nbGUubWFwcy5wbGFjZXMudjEuUGxhY2VzLlNlYXJjaE5lYXJieRACGAQgAA,Monday: 11:00 AM – 9:00 PM | Tuesday: 11:00 AM – 9:00 PM | Wednesday: 11:00 AM – 9:00 PM | Thursday: 11:00 AM – 9:00 PM | Friday: 11:00 AM – 9:00 PM | Saturday: 11:00 AM – 9:00 PM | Sunday: 11:00 AM – 8:00 PM,Google Places API (New) Nearby Search,2026-09-02T15:22:51+00:00
ChIJUQwY39BPXj4RsxvhH-xf4yg,Ckkr Ladies Beauty Salon & Spa - صالون سي كي كي آر للسيدات والسبا,DIRECT,"hair_salon, nail_salon, spa",beauty_salon,Beauty salon,"beauty_salon, nail_salon, massage_spa, hair_salon, hair_care, massage, spa, point_of_interest, service, establishment",Al Shahama - Abu Dhabi Rd - near Sama Al Sham Medical Centre - Al Shahama - New Shahamah - Abu Dhabi,24.528845699999998,54.691276599999995,4.5,35.0,OPERATIONAL,+971 55 907 3211,https://www.instagram.com/ckkr_ladies_salon/?next=%2F&hl=en,https://maps.google.com/?cid=2946304048982203315&g_mp=Cilnb29nbGUubWFwcy5wbGFjZXMudjEuUGxhY2VzLlNlYXJjaE5lYXJieRACGAQgAA,Monday: 10:00 AM – 10:00 PM | Tuesday: 10:00 AM – 10:00 PM | Wednesday: 10:00 AM – 10:00 PM | Thursday: 10:00 AM – 10:00 PM | Friday: 10:00 AM – 10:00 PM | Saturday: 10:00 AM – 10:00 PM | Sunday: 10:00 AM – 10:00 PM,Google Places API (New) Nearby Search,2026-09-02T15:22:51+00:00
ChIJsR__Fqp19j4RXj5K03YMFTY,Joker style men careجوكر ستايل للعنايه الشخصية للرجال,DIRECT,hair_salon,hair_salon,Hair salon,"hair_salon, hair_care, service, point_of_interest, establishment",Sheikh Mohamed Bin Salem Rd - Dahan - Ras Al Khaimah,25.7755281,55.928098500000004,4.8,35.0,OPERATIONAL,+971 56 282 9270,,https://maps.google.com/?cid=3897034757049564766&g_mp=Cilnb29nbGUubWFwcy5wbGFjZXMudjEuUGxhY2VzLlNlYXJjaE5lYXJieRACGAQgAA,Monday: 11:30 AM – 12:30 AM | Tuesday: 11:30 AM – 12:30 AM | Wednesday: 11:30 AM – 12:30 AM | Thursday: 11:30 AM – 12:30 AM | Friday: 2:00 PM – 1:00 AM | Saturday: 11:30 AM – 1:00 AM | Sunday: 11:30 AM – 1:00 AM,Google Places API (New) Nearby Search,2026-09-02T15:22:51+00:00
ChIJ_YYU-SlHXj4R_s2xoMvN3H8,ARSI Makeup and Henna Abudhabi,DIRECT,"hair_salon, nail_salon",beauty_salon,Beauty salon,"beauty_salon, makeup_artist, beautician, massage_spa, nail_salon, massage, hair_salon, hair_care, spa, body_art_service, educational_institution, service, point_of_interest, establishment",Street 19 Al Khalis St - Khalifa City - Sector 15 - Abu Dhabi,24.4099865,54.6014857,5.0,33.0,OPERATIONAL,+971 56 377 4634,https://arsimakeupandhenna.com/,https://maps.google.com/?cid=9213465212151254526&g_mp=Cilnb29nbGUubWFwcy5wbGFjZXMudjEuUGxhY2VzLlNlYXJjaE5lYXJieRACGAQgAA,Monday: 10:00 AM – 9:00 PM | Tuesday: 10:00 AM – 10:30 PM | Wednesday: 10:00 AM – 9:00 PM | Thursday: 10:00 AM – 8:30 PM | Friday: 10:00 AM – 9:00 PM | Saturday: 10:00 AM – 9:00 PM | Sunday: 10:00 AM – 9:00 PM,Google Places API (New) Nearby Search,2026-09-02T15:22:51+00:00
ChIJdwXVZgBnZz4R2k_2gKsK30g,Royal Team Men Care Center,DIRECT,spa,barber_shop,Barber shop,"barber_shop, massage_spa, hair_care, massage, spa, health, point_of_interest, service, establishment","173 Ad Dhafra Rd - Madinat Za'id - منطقة الظفرة , الصناعية الجديدة - Abu Dhabi",23.661775799999997,53.7321393,4.8,33.0,OPERATIONAL,+971 50 992 1118,https://www.royal-team-men-care-center.com/,https://maps.google.com/?cid=5250927422256599002&g_mp=Cilnb29nbGUubWFwcy5wbGFjZXMudjEuUGxhY2VzLlNlYXJjaE5lYXJieRACGAQgAA,Monday: 9:00 AM – 11:00 PM | Tuesday: 9:00 AM – 11:00 PM | Wednesday: 9:00 AM – 11:00 PM | Thursday: 9:00 AM – 11:00 PM | Friday: 9:00 AM – 11:00 PM | Saturday: 9:00 AM – 11:00 PM | Sunday: 9:00 AM – 11:00 PM,Google Places API (New) Nearby Search,2026-09-02T15:22:51+00:00
ChIJibicqPdRXj4R8213z11_N4Y,Ruby Salon - Al Shahamah Abu Dhabi,DIRECT,hair_salon,beauty_salon,Beauty salon,"beauty_salon, barber_shop, hair_salon, hair_care, health, point_of_interest, service, establishment",Al Rusoum St - Al Bahyah - Al Shahamah Old - Abu Dhabi,24.5581376,54.694598799999994,3.8,33.0,OPERATIONAL,+971 52 899 6017,,https://maps.google.com/?cid=9671338765690826227&g_mp=Cilnb29nbGUubWFwcy5wbGFjZXMudjEuUGxhY2VzLlNlYXJjaE5lYXJieRACGAQgAA,Monday: 8:00 AM – 11:00 PM | Tuesday: 8:00 AM – 11:00 PM | Wednesday: 8:00 AM – 11:00 PM | Thursday: 8:00 AM – 11:00 PM | Friday: 8:00 AM – 11:00 PM | Saturday: 8:00 AM – 11:00 PM | Sunday: 8:00 AM – 11:00 PM,Google Places API (New) Nearby Search,2026-09-02T15:22:51+00:00
ChIJEbucWAJLXj4Rp7RmZXlE6lY,White Way Gents Spa & Salon,DIRECT,spa,barber_shop,Barber shop,"barber_shop, hair_care, spa, beauty_salon, health, point_of_interest, service, establishment","Village Center-Unit No. V4-G-08, Al Falah Drive Street - New - الفلاح - 1D - أبو ظبي",24.4429311,54.7399147,4.6,33.0,OPERATIONAL,+971 56 124 1296,http://www.whitewaygentssalon.com/,https://maps.google.com/?cid=6262893519995057319&g_mp=Cilnb29nbGUubWFwcy5wbGFjZXMudjEuUGxhY2VzLlNlYXJjaE5lYXJieRACGAQgAA,Monday: 9:00 AM – 11:00 PM | Tuesday: 9:00 AM – 11:00 PM | Wednesday: 9:00 AM – 11:00 PM | Thursday: 9:00 AM – 11:00 PM | Friday: 9:00 AM – 11:00 PM | Saturday: 9:00 AM – 11:00 PM | Sunday: 9:00 AM – 11:00 PM,Google Places API (New) Nearby Search,2026-09-02T15:22:51+00:00
ChIJz7ftRqp29j4RgWcMWHx7OW0,Al Akaber Saloon,DIRECT,hair_salon,hair_salon,Hair salon,"hair_salon, hair_care, service, point_of_interest, establishment",QWMP+CWP - Dahan - Ras Al Khaimah,25.7835768,55.9373411,4.3,32.0,OPERATIONAL,+971 52 887 1420,https://www.instagram.com/alakaberhaircut/,https://maps.google.com/?cid=7870457597790021505&g_mp=Cilnb29nbGUubWFwcy5wbGFjZXMudjEuUGxhY2VzLlNlYXJjaE5lYXJieRACGAQgAA,Monday: 10:00 AM – 11:30 PM | Tuesday: 10:00 AM – 11:30 PM | Wednesday: 10:00 AM – 11:30 PM | Thursday: 10:00 AM – 11:30 PM | Friday: 2:00 – 11:30 PM | Saturday: 10:00 AM – 11:30 PM | Sunday: 10:00 AM – 11:30 PM,Google Places API (New) Nearby Search,2026-09-02T15:22:51+00:00
ChIJL3cZuUH59D4RJR0aKCkIQHg,Beauty and Nail Arts Salon,DIRECT,"hair_salon, nail_salon",beauty_salon,Beauty salon,"beauty_salon, nail_salon, hair_salon, hair_care, point_of_interest, service, establishment",Time platinum Building - King Faisal St - Al Faseel - Fujairah,25.135853299999997,56.3534219,4.9,32.0,OPERATIONAL,+971 58 565 2242,https://www.instagram.com/nailartsalon14/,https://maps.google.com/?cid=8664934655920315685&g_mp=Cilnb29nbGUubWFwcy5wbGFjZXMudjEuUGxhY2VzLlNlYXJjaE5lYXJieRACGAQgAA,Monday: 10:00 AM – 10:00 PM | Tuesday: 10:00 AM – 10:00 PM | Wednesday: 10:00 AM – 10:00 PM | Thursday: 10:00 AM – 10:00 PM | Friday: 10:00 AM – 10:00 PM | Saturday: 10:00 AM – 10:00 PM | Sunday: 10:00 AM – 10:00 PM,Google Places API (New) Nearby Search,2026-09-02T15:22:51+00:00
ChIJmckIai1FXj4RDJdfcplz-70,Beautyspot Salons,DIRECT,"beauty_salon, hair_salon, nail_salon",hair_salon,Hair salon,"nail_salon, hair_salon, hair_care, beauty_salon, point_of_interest, service, establishment",Street - Yas Island - YS2 - Abu Dhabi,24.459359,54.600923400000006,4.5,32.0,OPERATIONAL,+971 52 951 8669,http://beautyspot.me/,https://maps.google.com/?cid=13689662595208812300&g_mp=Cilnb29nbGUubWFwcy5wbGFjZXMudjEuUGxhY2VzLlNlYXJjaE5lYXJieRACGAQgAA,Monday: 10:00 AM – 8:00 PM | Tuesday: 10:00 AM – 8:00 PM | Wednesday: 10:00 AM – 8:00 PM | Thursday: 10:00 AM – 8:00 PM | Friday: 10:00 AM – 8:00 PM | Saturday: 10:00 AM – 8:00 PM | Sunday: 10:00 AM – 8:00 PM,Google Places API (New) Nearby Search,2026-09-02T15:22:51+00:00
ChIJm9_KjhVX9D4RH5CoevS7NWs,Qasr al henna Faseel,DIRECT,beauty_salon,beauty_salon,Beauty salon,"beauty_salon, point_of_interest, service, establishment",Al Faseel - Fujairah,25.1467201,56.3504509,3.9,32.0,OPERATIONAL,+971 9 224 7969,,https://maps.google.com/?cid=7725287394528235551&g_mp=Cilnb29nbGUubWFwcy5wbGFjZXMudjEuUGxhY2VzLlNlYXJjaE5lYXJieRACGAQgAA,Monday: 9:30 AM – 9:30 PM | Tuesday: 9:30 AM – 9:30 PM | Wednesday: 9:30 AM – 9:30 PM | Thursday: 9:30 AM – 9:30 PM | Friday: 9:30 AM – 9:30 PM | Saturday: 9:30 AM – 9:30 PM | Sunday: 9:30 AM – 9:30 PM,Google Places API (New) Nearby Search,2026-09-02T15:22:51+00:00
ChIJX9_SLZ929j4RF2lNn7GYw8I,صالون H2o,DIRECT,nail_salon,nail_salon,Nail salon,"nail_salon, beauty_salon, service, point_of_interest, establishment",QW8R+6C9 - Khuzam - Ras Al Khaimah,25.765545,55.9411114,3.9,32.0,OPERATIONAL,+971 7 236 2624,,https://maps.google.com/?cid=14034228752465881367&g_mp=Cilnb29nbGUubWFwcy5wbGFjZXMudjEuUGxhY2VzLlNlYXJjaE5lYXJieRACGAQgAA,,Google Places API (New) Nearby Search,2026-09-02T15:22:51+00:00
ChIJ80o6kQxOXj4R3GhiXR5zl-E,صالون اخلاص شهامه,DIRECT,beauty_salon,beauty_salon,Beauty salon,"beauty_salon, service, point_of_interest, establishment",GMGR+99R - Al Shahama - New Shahamah - Abu Dhabi,24.5259999,54.690877099999994,3.8,32.0,OPERATIONAL,+971 2 563 3858,,https://maps.google.com/?cid=16255587954270038236&g_mp=Cilnb29nbGUubWFwcy5wbGFjZXMudjEuUGxhY2VzLlNlYXJjaE5lYXJieRACGAQgAA,,Google Places API (New) Nearby Search,2026-09-02T15:22:51+00:00
ChIJX3kmLEtfXz4R0GXoZSCwYWM,Elite Cuts Gents Salon,DIRECT,"hair_salon, nail_salon",barber_shop,Barber shop,"barber_shop, skin_care_clinic, hair_salon, nail_salon, beauty_salon, medical_clinic, hair_care, massage_spa, spa, massage, point_of_interest, health, service, establishment",Kay 3 shop 1 - تجارية مويلح - المنطقة الصناعية - إمارة الشارقةّ,25.297978399999998,55.458164999999994,4.9,31.0,OPERATIONAL,+971 55 882 6907,,https://maps.google.com/?cid=7161198535690970576&g_mp=Cilnb29nbGUubWFwcy5wbGFjZXMudjEuUGxhY2VzLlNlYXJjaE5lYXJieRACGAQgAA,Monday: 12:00 PM – 12:00 AM | Tuesday: 12:00 PM – 12:00 AM | Wednesday: 12:00 PM – 12:00 AM | Thursday: 12:00 PM – 12:00 AM | Friday: 12:00 PM – 12:00 AM | Saturday: 12:00 PM – 12:00 AM | Sunday: 12:00 PM – 12:00 AM,Google Places API (New) Nearby Search,2026-09-02T15:22:51+00:00
ChIJnzC9s0JLXj4R0e9-co6nGMM,Ruby Salon - Old Al Falah Abu Dhabi,DIRECT,hair_salon,beauty_salon,Beauty salon,"beauty_salon, barber_shop, hair_salon, hair_care, health, point_of_interest, service, establishment","First Floor, Royal City Market Building - Al Falah - FA3 - Abu Dhabi",24.4239475,54.7305737,4.6,31.0,OPERATIONAL,+971 52 899 6022,https://www.rubysalon.online/,https://maps.google.com/?cid=14058170467085119441&g_mp=Cilnb29nbGUubWFwcy5wbGFjZXMudjEuUGxhY2VzLlNlYXJjaE5lYXJieRACGAQgAA,Monday: 8:00 AM – 11:00 PM | Tuesday: 8:00 AM – 11:00 PM | Wednesday: 8:00 AM – 11:00 PM | Thursday: 8:00 AM – 11:00 PM | Friday: 8:00 AM – 11:00 PM | Saturday: 8:00 AM – 11:00 PM | Sunday: 8:00 AM – 11:00 PM,Google Places API (New) Nearby Search,2026-09-02T15:22:51+00:00
ChIJN8Qi_WH49D4RQgSeuX-GN2k,مركز لمسات للتجميل والتدريب,DIRECT,beauty_salon,beauty_salon,Beauty salon,"beauty_salon, point_of_interest, service, establishment",Al Mahattah - Fujairah - United Arab Emirates,25.125898,56.3378375,3.4,31.0,OPERATIONAL,+971 9 222 2026,,https://maps.google.com/?cid=7581676380834628674&g_mp=Cilnb29nbGUubWFwcy5wbGFjZXMudjEuUGxhY2VzLlNlYXJjaE5lYXJieRACGAQgAA,Monday: 10:00 AM – 10:30 PM | Tuesday: 10:00 AM – 10:30 PM | Wednesday: 10:00 AM – 10:30 PM | Thursday: 10:00 AM – 10:30 PM | Friday: 10:00 AM – 10:30 PM | Saturday: 10:00 AM – 10:30 PM | Sunday: 10:00 AM – 10:30 PM,Google Places API (New) Nearby Search,2026-09-02T15:22:51+00:00
ChIJfyDEzObvVWERtwgCTK7Zz_c,Al Nazish ladies saloon,DIRECT,nail_salon,beauty_salon,Beauty salon,"beauty_salon, nail_salon, hair_salon, hair_care, service, point_of_interest, establishment",16 15A St - Dafan Ras Al Khaimah - Ras Al Khaimah,25.775541399999998,55.9364705,4.9,30.0,OPERATIONAL,+971 52 817 6164,,https://maps.google.com/?cid=17856730390170044599&g_mp=Cilnb29nbGUubWFwcy5wbGFjZXMudjEuUGxhY2VzLlNlYXJjaE5lYXJieRACGAQgAA,Monday: 10:00 AM – 10:00 PM | Tuesday: 10:00 AM – 10:00 PM | Wednesday: 10:00 AM – 10:00 PM | Thursday: 10:00 AM – 10:00 PM | Friday: 10:00 AM – 10:00 PM | Saturday: 10:00 AM – 10:00 PM | Sunday: 10:00 AM – 10:00 PM,Google Places API (New) Nearby Search,2026-09-02T15:22:51+00:00
ChIJ9__pgMNfXz4RgaUJ1yNmYxg,Broummana Saloon,DIRECT,hair_salon,hair_salon,Hair salon,"hair_salon, hair_care, point_of_interest, service, establishment",Muwaileh Commercial - Industrial Area - Sharjah,25.3101454,55.454044100000004,4.7,30.0,OPERATIONAL,+971 56 957 5256,,https://maps.google.com/?cid=1757360583722247553&g_mp=Cilnb29nbGUubWFwcy5wbGFjZXMudjEuUGxhY2VzLlNlYXJjaE5lYXJieRACGAQgAA,Monday: 10:30 AM – 12:00 AM | Tuesday: 10:30 AM – 12:00 AM | Wednesday: 10:30 AM – 12:00 AM | Thursday: 10:30 AM – 12:00 AM | Friday: 10:30 AM – 12:00 AM | Saturday: 10:30 AM – 12:00 AM | Sunday: 10:30 AM – 12:00 AM,Google Places API (New) Nearby Search,2026-09-02T15:22:51+00:00
ChIJrzaR6p5PXj4RhUr3DeYN2qM,Nadhra Alzukhiya Ladies Salon صالون نظرة الذكية للسيدات,DIRECT,nail_salon,beauty_salon,Beauty salon,"beauty_salon, nail_salon, hair_care, service, point_of_interest, establishment",Al Shahama - New Shahamah - Abu Dhabi,24.528855999999998,54.6912004,4.5,29.0,OPERATIONAL,+971 54 459 0037,https://business.facebook.com/latest/home?nav_ref=bm_home_redirect&business_id=274832594155381&asset_id=102164228614954,https://maps.google.com/?cid=11806764654833126021&g_mp=Cilnb29nbGUubWFwcy5wbGFjZXMudjEuUGxhY2VzLlNlYXJjaE5lYXJieRACGAQgAA,Monday: Closed | Tuesday: 10:00 AM – 10:00 PM | Wednesday: 10:00 AM – 10:00 PM | Thursday: 10:00 AM – 10:00 PM | Friday: 10:00 AM – 10:00 PM | Saturday: 10:00 AM – 10:00 PM | Sunday: 10:00 AM – 10:00 PM,Google Places API (New) Nearby Search,2026-09-02T15:22:51+00:00
ChIJq4aa-0hDXj4Rc7vb0m5vM2U,RIVANO GENTS SALON صالون ريفانو للرجال,DIRECT,hair_salon,hair_salon,Hair salon,"hair_salon, hair_care, point_of_interest, service, establishment",Al Murjan Tower - 56 Al Abyat St - Al Sa`Adah - E40 - Abu Dhabi,24.4314119,54.4376654,4.3,29.0,OPERATIONAL,+971 56 771 1527,,https://maps.google.com/?cid=7292294743417666419&g_mp=Cilnb29nbGUubWFwcy5wbGFjZXMudjEuUGxhY2VzLlNlYXJjaE5lYXJieRACGAQgAA,Monday: 10:00 AM – 11:00 PM | Tuesday: 10:00 AM – 11:00 PM | Wednesday: 10:00 AM – 11:00 PM | Thursday: 10:00 AM – 11:00 PM | Friday: 10:00 AM – 11:00 PM | Saturday: 10:00 AM – 11:00 PM | Sunday: 10:00 AM – 11:00 PM,Google Places API (New) Nearby Search,2026-09-02T15:22:51+00:00
ChIJPeHUOZ9PXj4RP72F07qBF7g,The Nail Spa - Al Zeina,DIRECT,nail_salon,nail_salon,Nail salon,"nail_salon, beauty_salon, point_of_interest, service, establishment","Al Zeina - Complex, Block B - 3 1st Street - RNW2 - Al Raha Beach - أبو ظبي",24.454528399999997,54.6137918,5.0,29.0,OPERATIONAL,+971 600 544001,https://thenailspa.com/,https://maps.google.com/?cid=13265213866855742783&g_mp=Cilnb29nbGUubWFwcy5wbGFjZXMudjEuUGxhY2VzLlNlYXJjaE5lYXJieRACGAQgAA,Monday: 10:00 AM – 10:00 PM | Tuesday: 10:00 AM – 10:00 PM | Wednesday: 10:00 AM – 10:00 PM | Thursday: 10:00 AM – 10:00 PM | Friday: 10:00 AM – 10:00 PM | Saturday: 10:00 AM – 10:00 PM | Sunday: 10:00 AM – 10:00 PM,Google Places API (New) Nearby Search,2026-09-02T15:22:51+00:00
ChIJIZLs6KZPXj4RJSj-YhmfUyo,beige spa - بيج سبا,DIRECT,"hair_salon, nail_salon, spa",beauty_salon,Beauty salon,"beauty_salon, nail_salon, massage_spa, hair_salon, hair_care, massage, spa, point_of_interest, service, establishment",Al Shahama - New Shahamah - Abu Dhabi,24.525985199999997,54.6908764,3.7,29.0,OPERATIONAL,+971 55 495 3408,https://www.instagram.com/beige.spa/,https://maps.google.com/?cid=3049956304043780133&g_mp=Cilnb29nbGUubWFwcy5wbGFjZXMudjEuUGxhY2VzLlNlYXJjaE5lYXJieRACGAQgAA,Monday: 9:00 AM – 5:00 PM | Tuesday: 9:00 AM – 11:30 PM | Wednesday: 9:00 AM – 11:30 PM | Thursday: 9:00 AM – 11:30 PM | Friday: 9:00 AM – 11:30 PM | Saturday: 9:00 AM – 11:30 PM | Sunday: 9:00 AM – 11:30 PM,Google Places API (New) Nearby Search,2026-09-02T15:22:51+00:00
ChIJbUqn6dRBXj4R42NJ8vyTdW4,صالون سما الشام الرجالي,DIRECT,hair_salon,hair_salon,Hair salon,"hair_salon, hair_care, point_of_interest, service, establishment",Bain Al Jessrain - Al Ain Rd - Rabdan - المَقطَع - Abu Dhabi,24.406464699999997,54.518000400000005,4.1,29.0,OPERATIONAL,+971 56 555 8546,,https://maps.google.com/?cid=7959430631053157347&g_mp=Cilnb29nbGUubWFwcy5wbGFjZXMudjEuUGxhY2VzLlNlYXJjaE5lYXJieRACGAQgAA,Monday: 10:00 AM – 11:30 PM | Tuesday: 10:00 AM – 11:30 PM | Wednesday: 10:00 AM – 11:30 PM | Thursday: 10:00 AM – 11:30 PM | Friday: 10:00 AM – 11:30 PM | Saturday: 10:00 AM – 11:30 PM | Sunday: 10:00 AM – 11:30 PM,Google Places API (New) Nearby Search,2026-09-02T15:22:51+00:00
ChIJmbrs0SNhXz4RjWt44UckSIw,发舞台美发店,DIRECT,hair_salon,hair_salon,Hair salon,"hair_salon, hair_care, point_of_interest, service, establishment",迪拜国际城中国区C09 S16 - ورسان الأولى - مدينة دبي العالمية - دبي,25.168150900000004,55.4123083,3.8,29.0,OPERATIONAL,+971 50 888 5938,,https://maps.google.com/?cid=10108369254777121677&g_mp=Cilnb29nbGUubWFwcy5wbGFjZXMudjEuUGxhY2VzLlNlYXJjaE5lYXJieRACGAQgAA,Monday: 10:00 AM – 11:00 PM | Tuesday: 10:00 AM – 11:00 PM | Wednesday: 10:00 AM – 11:00 PM | Thursday: 10:00 AM – 11:00 PM | Friday: 10:00 AM – 11:00 PM | Saturday: 10:00 AM – 11:00 PM | Sunday: 10:00 AM – 11:00 PM,Google Places API (New) Nearby Search,2026-09-02T15:22:51+00:00
ChIJ7VfPaRQ5Xj4RA--bXunS0OQ,Just shanab gents salon صالون للرجال جست شنب,DIRECT,nail_salon,nail_salon,Nail salon,"nail_salon, hair_care, beauty_salon, service, point_of_interest, establishment",22 Um Al ʹImad St - Mohamed Bin Zayed City - ME11 - Abu Dhabi,24.3278939,54.5325017,3.5,28.0,OPERATIONAL,+971 55 167 6786,,https://maps.google.com/?cid=16487910135559876355&g_mp=Cilnb29nbGUubWFwcy5wbGFjZXMudjEuUGxhY2VzLlNlYXJjaE5lYXJieRACGAQgAA,Monday: 10:00 AM – 11:30 PM | Tuesday: 10:00 AM – 11:30 PM | Wednesday: 10:00 AM – 11:30 PM | Thursday: 10:00 AM – 11:30 PM | Friday: 10:00 AM – 11:30 PM | Saturday: 10:00 AM – 11:30 PM | Sunday: 10:00 AM – 11:30 PM,Google Places API (New) Nearby Search,2026-09-02T15:22:51+00:00
ChIJW3C9ewBPXj4REgscJwT0eTs,Noor Al mehar ladies salon,DIRECT,beauty_salon,beauty_salon,Beauty salon,"beauty_salon, point_of_interest, service, establishment",An Nahham St - Al Bahyah - Al Bahyah Old - Abu Dhabi,24.5151725,54.6604464,3.8,28.0,OPERATIONAL,+971 56 286 8281,,https://maps.google.com/?cid=4285724819092933394&g_mp=Cilnb29nbGUubWFwcy5wbGFjZXMudjEuUGxhY2VzLlNlYXJjaE5lYXJieRACGAQgAA,Monday: 10:00 AM – 10:00 PM | Tuesday: 10:00 AM – 10:00 PM | Wednesday: 10:00 AM – 10:00 PM | Thursday: 10:00 AM – 10:00 PM | Friday: 11:00 AM – 11:00 PM | Saturday: 10:00 AM – 10:00 PM | Sunday: 10:00 AM – 10:00 PM,Google Places API (New) Nearby Search,2026-09-02T15:22:51+00:00
ChIJX2ArbwA3Xj4RuRoiKM_sX30,صالون توينز للرجال | TWINS GENTS SALON,DIRECT,hair_salon,hair_salon,Hair salon,"hair_salon, hair_care, point_of_interest, service, establishment","6th street, Baniyas, Bawabat Al Sharq - Mall - Ground Floor - Bani Yas - Baniyas East - Abu Dhabi",24.3118889,54.6206944,4.7,28.0,OPERATIONAL,+971 52 781 8414,,https://maps.google.com/?cid=9034199752004213433&g_mp=Cilnb29nbGUubWFwcy5wbGFjZXMudjEuUGxhY2VzLlNlYXJjaE5lYXJieRACGAQgAA,Monday: 10:00 AM – 10:00 PM | Tuesday: 10:00 AM – 10:00 PM | Wednesday: 10:00 AM – 10:00 PM | Thursday: 10:00 AM – 10:00 PM | Friday: 10:00 AM – 12:00 AM | Saturday: 10:00 AM – 12:00 AM | Sunday: 10:00 AM – 10:00 PM,Google Places API (New) Nearby Search,2026-09-02T15:22:51+00:00
ChIJiViGkhNfXz4R52oV2JB9bdQ,Il Padrino Gentlemen Lounge | Aljada Sharjah,DIRECT,nail_salon,barber_shop,Barber shop,"barber_shop, massage_spa, nail_salon, massage, hair_salon, hair_care, spa, beauty_salon, health, service, point_of_interest, establishment","Misk 1 by Arada, Al Jada - Street R - Muwaileh Commercial - Sharjah",25.3196712,55.480480699999994,4.5,27.0,OPERATIONAL,+971 6 550 4299,https://www.ilpadrino.ae/,https://maps.google.com/?cid=15307028769556228839&g_mp=Cilnb29nbGUubWFwcy5wbGFjZXMudjEuUGxhY2VzLlNlYXJjaE5lYXJieRACGAQgAA,Monday: 10:00 AM – 11:00 PM | Tuesday: 10:00 AM – 11:00 PM | Wednesday: 10:00 AM – 11:00 PM | Thursday: 10:00 AM – 11:30 PM | Friday: 10:00 AM – 11:30 PM | Saturday: 10:00 AM – 11:30 PM | Sunday: 10:00 AM – 11:00 PM,Google Places API (New) Nearby Search,2026-09-02T15:22:51+00:00
ChIJOwZ5HvpPXj4R1dm89uAMbmw,Kanaan Gents Salon - New Shahama | صالون كنعان للرجال - الشهامة الجديدة,DIRECT,"beauty_salon, nail_salon, spa",barber_shop,Barber shop,"barber_shop, nail_salon, beauty_salon, spa, hair_care, service, health, point_of_interest, establishment","8, شارع سعيد بن معضد المشغوني, الشهامة, بجوار سياف مارين لمعدات الصيد البحرية - 23819 - Al Shahama - New Shahamah - Abu Dhabi",24.524181900000002,54.6766356,4.3,27.0,OPERATIONAL,+971 2 677 1792,https://www.kanaanspa.ae/,https://maps.google.com/?cid=7813196563886168533&g_mp=Cilnb29nbGUubWFwcy5wbGFjZXMudjEuUGxhY2VzLlNlYXJjaE5lYXJieRACGAQgAA,Monday: 9:00 AM – 11:00 PM | Tuesday: 9:00 AM – 11:00 PM | Wednesday: 9:00 AM – 11:00 PM | Thursday: 9:00 AM – 11:00 PM | Friday: 2:30 – 11:00 PM | Saturday: 9:00 AM – 11:00 PM | Sunday: 9:00 AM – 11:00 PM,Google Places API (New) Nearby Search,2026-09-02T15:22:51+00:00
ChIJdwpupNxfXz4RczRJqby1gzE,Barber House Spa,DIRECT,hair_salon,hair_salon,Hair salon,"hair_salon, hair_care, point_of_interest, service, establishment",Muwaileh Commercial - Industrial AreaMuwailih Commercial - Sharjah,25.3111623,55.455221699999996,4.5,26.0,OPERATIONAL,+971 50 567 1167,,https://maps.google.com/?cid=3567895151706190963&g_mp=Cilnb29nbGUubWFwcy5wbGFjZXMudjEuUGxhY2VzLlNlYXJjaE5lYXJieRACGAQgAA,Monday: 10:00 AM – 12:00 AM | Tuesday: 10:00 AM – 12:00 AM | Wednesday: 10:00 AM – 12:00 AM | Thursday: 10:00 AM – 12:00 AM | Friday: 1:00 PM – 12:00 AM | Saturday: 10:00 AM – 12:00 AM | Sunday: 10:00 AM – 12:00 AM,Google Places API (New) Nearby Search,2026-09-02T15:22:51+00:00
ChIJ_UjhDgpnZz4RIjSYV7ez3HQ,Besties nails & spa,DIRECT,beauty_salon,beauty_salon,Beauty salon,"beauty_salon, point_of_interest, service, establishment",Al Hasad St - Madinat Za'id - MZW11 - Abu Dhabi,23.6500859,53.703620699999995,4.7,26.0,OPERATIONAL,+971 56 489 9850,,https://maps.google.com/?cid=8420803003305964578&g_mp=Cilnb29nbGUubWFwcy5wbGFjZXMudjEuUGxhY2VzLlNlYXJjaE5lYXJieRACGAQgAA,,Google Places API (New) Nearby Search,2026-09-02T15:22:51+00:00
ChIJQRT3IABRXj4RhK_Znr1OILM,SK beauty studio,DIRECT,"beauty_salon, nail_salon",nail_salon,Nail salon,"nail_salon, beauty_salon, point_of_interest, service, establishment",Al Bahyah - Al Bahyah New - Abu Dhabi,24.54363,54.623605999999995,5.0,26.0,OPERATIONAL,+971 50 901 7146,https://www.instagram.com/sknails.ae?igsh=YTJsMGg1ZHk5OG5s,https://maps.google.com/?cid=12907403108364693380&g_mp=Cilnb29nbGUubWFwcy5wbGFjZXMudjEuUGxhY2VzLlNlYXJjaE5lYXJieRACGAQgAA,,Google Places API (New) Nearby Search,2026-09-02T15:22:51+00:00
ChIJgbru9DwxXj4RasyFIyi2PTM,Shaji vp Al Raha Gents Saloon,DIRECT,hair_salon,hair_salon,Hair salon,"hair_salon, hair_care, point_of_interest, service, establishment",7MF8+MPX - Al Nahdah - Al Wathbah North - Abu Dhabi,24.2742386,54.666847999999995,3.8,26.0,OPERATIONAL,,,https://maps.google.com/?cid=3692307553024593002&g_mp=Cilnb29nbGUubWFwcy5wbGFjZXMudjEuUGxhY2VzLlNlYXJjaE5lYXJieRACGAQgAA,Monday: 9:00 AM – 11:30 PM | Tuesday: 9:00 AM – 11:30 PM | Wednesday: 9:00 AM – 11:30 PM | Thursday: 9:00 AM – 11:30 PM | Friday: 9:00 AM – 11:30 PM | Saturday: 9:00 AM – 11:30 PM | Sunday: 9:00 AM – 11:30 PM,Google Places API (New) Nearby Search,2026-09-02T15:22:51+00:00
ChIJ370tt8s5Xj4RbzcVsDTjo3s,ankita ladies beauty salon,DIRECT,beauty_salon,beauty_salon,Beauty salon,"beauty_salon, point_of_interest, service, establishment",SHABIYA - M10 - Abu Dhabi,24.3328126,54.534440499999995,4.4,26.0,OPERATIONAL,+971 52 170 6785,,https://maps.google.com/?cid=8909214303300958063&g_mp=Cilnb29nbGUubWFwcy5wbGFjZXMudjEuUGxhY2VzLlNlYXJjaE5lYXJieRACGAQgAA,Monday: 10:00 AM – 9:00 PM | Tuesday: 10:00 AM – 9:00 PM | Wednesday: 10:00 AM – 9:00 PM | Thursday: 10:00 AM – 9:00 PM | Friday: 10:00 AM – 9:00 PM | Saturday: 10:00 AM – 9:00 PM | Sunday: 10:00 AM – 9:00 PM,Google Places API (New) Nearby Search,2026-09-02T15:22:51+00:00
ChIJ0WRWELV39j4RhW3sXqmtn0Q,GLO Nails_RAK – Russian Manicure & Nail Salon,DIRECT,nail_salon,nail_salon,Nail salon,"nail_salon, beauty_salon, service, point_of_interest, establishment",Khuzam - Ras Al Khaimah,25.772282399999998,55.962041600000006,4.5,25.0,OPERATIONAL,+971 50 868 8899,http://n1392172.alteg.io/,https://maps.google.com/?cid=4944861858829725061&g_mp=Cilnb29nbGUubWFwcy5wbGFjZXMudjEuUGxhY2VzLlNlYXJjaE5lYXJieRACGAQgAA,Monday: 10:00 AM – 10:00 PM | Tuesday: 10:00 AM – 10:00 PM | Wednesday: 10:00 AM – 10:00 PM | Thursday: 10:00 AM – 10:00 PM | Friday: 10:00 AM – 10:00 PM | Saturday: 10:00 AM – 10:00 PM | Sunday: 10:00 AM – 10:00 PM,Google Places API (New) Nearby Search,2026-09-02T15:22:51+00:00
ChIJAwQzO5x19j4RYfdCdBFhzkA,Taj Al Zain Gents Saloon صلون تاج الزين للرجال,DIRECT,hair_salon,hair_salon,Hair salon,"hair_salon, hair_care, service, point_of_interest, establishment",PVRX+3PP - الظيت - الظيت الجنوبي - إمارة رأس الخيمة,25.740212,55.8993221,4.1,25.0,OPERATIONAL,+971 50 678 7984,,https://maps.google.com/?cid=4669776591222667105&g_mp=Cilnb29nbGUubWFwcy5wbGFjZXMudjEuUGxhY2VzLlNlYXJjaE5lYXJieRACGAQgAA,Monday: 8:30 AM – 11:30 PM | Tuesday: 8:30 AM – 11:30 PM | Wednesday: 8:30 AM – 11:30 PM | Thursday: 8:30 AM – 11:30 PM | Friday: 8:30 AM – 11:30 PM | Saturday: 8:30 AM – 11:30 PM | Sunday: 8:30 AM – 11:30 PM,Google Places API (New) Nearby Search,2026-09-02T15:22:51+00:00
ChIJ-WMhQYxPXj4RV48sW_jXqOo,lulu al khaleej ladies beauty salon (صالون لولو الخليج لتجميل السيدات),DIRECT,beauty_salon,beauty_salon,Beauty salon,"beauty_salon, service, point_of_interest, establishment",building number 70 - Nahhat street - Al Shahama - New Shahamah - Abu Dhabi,24.5313014,54.6915105,4.8,25.0,OPERATIONAL,+971 2 676 7290,,https://maps.google.com/?cid=16909002262644035415&g_mp=Cilnb29nbGUubWFwcy5wbGFjZXMudjEuUGxhY2VzLlNlYXJjaE5lYXJieRACGAQgAA,Monday: 10:00 AM – 10:00 PM | Tuesday: 10:00 AM – 10:00 PM | Wednesday: 10:00 AM – 10:00 PM | Thursday: 10:00 AM – 10:00 PM | Friday: 10:00 AM – 10:00 PM | Saturday: 10:00 AM – 10:00 PM | Sunday: 10:00 AM – 10:00 PM,Google Places API (New) Nearby Search,2026-09-02T15:22:51+00:00
ChIJAQMQu4BPXj4RgzlYD-d7xlE,مصبغة الصدف الأوتوماتيكية,DIRECT,beauty_salon,beauty_salon,Beauty salon,"beauty_salon, service, point_of_interest, establishment",GMHR+4H7 - Shk. Maktoum Bin Rashid Rd - Al Shahama - New Shahamah - Abu Dhabi,24.5277857,54.691411599999995,4.2,25.0,OPERATIONAL,+971 2 563 5637,,https://maps.google.com/?cid=5892533394785974659&g_mp=Cilnb29nbGUubWFwcy5wbGFjZXMudjEuUGxhY2VzLlNlYXJjaE5lYXJieRACGAQgAA,"Monday: 8:00 AM – 1:00 PM, 4:00 – 11:00 PM | Tuesday: 8:00 AM – 1:00 PM, 4:00 – 11:00 PM | Wednesday: 8:00 AM – 1:00 PM, 4:00 – 11:00 PM | Thursday: 8:00 AM – 1:00 PM, 4:00 – 11:00 PM | Friday: 4:00 – 11:00 PM | Saturday: 8:00 AM – 1:00 PM, 4:00 – 11:00 PM | Sunday: 8:00 AM – 1:00 PM, 4:00 – 11:00 PM",Google Places API (New) Nearby Search,2026-09-02T15:22:51+00:00
ChIJGUnnZ1VVz60RjrmFKHTQ1m4,AL Diyar Beauty Centre,DIRECT,"hair_salon, nail_salon",beauty_salon,Beauty salon,"beauty_salon, nail_salon, massage_spa, tanning_studio, hair_salon, hair_care, massage, spa, beautician, sports_activity_location, health, point_of_interest, service, establishment",Hamad Bin Abdulla Road - Fujairah City Center - Fujairah,25.1223705,56.3231167,4.8,24.0,OPERATIONAL,+971 55 216 3388,,https://maps.google.com/?cid=7986800186502789518&g_mp=Cilnb29nbGUubWFwcy5wbGFjZXMudjEuUGxhY2VzLlNlYXJjaE5lYXJieRACGAQgAA,Monday: 9:00 AM – 10:00 PM | Tuesday: 9:00 AM – 10:00 PM | Wednesday: 9:00 AM – 10:00 PM | Thursday: 9:00 AM – 10:00 PM | Friday: 9:00 AM – 10:00 PM | Saturday: 9:00 AM – 10:00 PM | Sunday: 9:00 AM – 10:00 PM,Google Places API (New) Nearby Search,2026-09-02T15:22:51+00:00
ChIJbWf7-eFFXj4R3ua_ke0oiTc,"Azure Beauty Salon, Crowne Plaza",DIRECT,beauty_salon,beauty_salon,Beauty salon,"beauty_salon, point_of_interest, service, establishment",Yas Island - Yas Plaza - Abu Dhabi,24.4655203,54.597456799999996,4.3,24.0,OPERATIONAL,+971 2 656 3016,,https://maps.google.com/?cid=4001774744713029342&g_mp=Cilnb29nbGUubWFwcy5wbGFjZXMudjEuUGxhY2VzLlNlYXJjaE5lYXJieRACGAQgAA,Monday: 10:00 AM – 9:00 PM | Tuesday: 10:00 AM – 9:00 PM | Wednesday: 10:00 AM – 9:00 PM | Thursday: 10:00 AM – 9:00 PM | Friday: 10:00 AM – 9:00 PM | Saturday: 10:00 AM – 9:00 PM | Sunday: 10:00 AM – 9:00 PM,Google Places API (New) Nearby Search,2026-09-02T15:22:51+00:00
ChIJkwV77Zmvij4RbWKomCxWpSU,Blue Moon Saloon .gentes,DIRECT,hair_salon,hair_salon,Hair salon,"hair_salon, hair_care, point_of_interest, service, establishment",135th St - 'Asharij - Bida Bin Ammar - Abu Dhabi,24.198216,55.661817,4.1,24.0,OPERATIONAL,+971 55 537 4511,,https://maps.google.com/?cid=2712669100100313709&g_mp=Cilnb29nbGUubWFwcy5wbGFjZXMudjEuUGxhY2VzLlNlYXJjaE5lYXJieRACGAQgAA,Monday: 8:30 AM – 12:00 AM | Tuesday: 8:30 AM – 12:00 AM | Wednesday: 8:30 AM – 12:00 AM | Thursday: 8:30 AM – 12:00 AM | Friday: 8:30 AM – 12:00 AM | Saturday: 8:30 AM – 12:00 AM | Sunday: 8:30 AM – 12:00 AM,Google Places API (New) Nearby Search,2026-09-02T15:22:51+00:00
ChIJV0RnGUlnXj4RlaeKnqs23gw,Jocker gents salon,DIRECT,hair_salon,hair_salon,Hair salon,"hair_salon, hair_care, service, point_of_interest, establishment",شارع السليم - Al Zahiyah - E16 02 - Abu Dhabi,24.4898718,54.3838885,4.7,24.0,OPERATIONAL,+971 55 630 3993,,https://maps.google.com/?cid=927238684012095381&g_mp=Cilnb29nbGUubWFwcy5wbGFjZXMudjEuUGxhY2VzLlNlYXJjaE5lYXJieRACGAQgAA,Monday: 10:00 AM – 12:00 AM | Tuesday: 10:00 AM – 12:00 AM | Wednesday: 10:00 AM – 12:00 AM | Thursday: 10:00 AM – 12:00 AM | Friday: 10:00 AM – 12:00 AM | Saturday: 10:00 AM – 12:00 AM | Sunday: 10:00 AM – 12:00 AM,Google Places API (New) Nearby Search,2026-09-02T15:22:51+00:00
ChIJ5dmFEQA5Xj4RUUhWfRGaTWA,Ms,DIRECT,hair_salon,hair_salon,Hair salon,"hair_salon, hair_care, service, point_of_interest, establishment",11 Rihoul St - Mohamed Bin Zayed City - ME11 - Abu Dhabi,24.325349499999998,54.5376653,4.3,24.0,OPERATIONAL,+971 3341666390,,https://maps.google.com/?cid=6939372000755730513&g_mp=Cilnb29nbGUubWFwcy5wbGFjZXMudjEuUGxhY2VzLlNlYXJjaE5lYXJieRACGAQgAA,,Google Places API (New) Nearby Search,2026-09-02T15:22:51+00:00
ChIJ7YcGHXJBXj4R2XGB_gU-fdU,صالون سونا بين الجسرينsona salon,DIRECT,beauty_salon,beauty_salon,Beauty salon,"beauty_salon, point_of_interest, service, establishment",CG43+9QQ - Al Maqta' St - Rabdan - RB4 - Abu Dhabi,24.4059796,54.5044361,3.4,24.0,OPERATIONAL,+971 50 792 2229,,https://maps.google.com/?cid=15383520097633137113&g_mp=Cilnb29nbGUubWFwcy5wbGFjZXMudjEuUGxhY2VzLlNlYXJjaE5lYXJieRACGAQgAA,Monday: 9:00 AM – 11:00 PM | Tuesday: 9:00 AM – 11:00 PM | Wednesday: 9:00 AM – 11:00 PM | Thursday: 9:00 AM – 11:00 PM | Friday: 9:00 AM – 11:00 PM | Saturday: 9:00 AM – 11:00 PM | Sunday: 9:00 AM – 11:00 PM,Google Places API (New) Nearby Search,2026-09-02T15:22:51+00:00
ChIJO3IcU29JXj4RXQvZWQrgZn0,Salon Abdullah Saleh حلاق عبداللّه صالح الرجال,DIRECT,hair_salon,hair_salon,Hair salon,"hair_salon, hair_care, point_of_interest, service, establishment",Al Shawamekh - Sector 1 - Abu Dhabi,24.3751616,54.6601285,4.0,23.0,OPERATIONAL,+971 55 703 1308,,https://maps.google.com/?cid=9036156037427170141&g_mp=Cilnb29nbGUubWFwcy5wbGFjZXMudjEuUGxhY2VzLlNlYXJjaE5lYXJieRACGAQgAA,Monday: 8:30 AM – 11:30 PM | Tuesday: 8:30 AM – 11:30 PM | Wednesday: 8:30 AM – 11:30 PM | Thursday: 8:30 AM – 11:30 PM | Friday: 8:30 AM – 11:30 PM | Saturday: 8:30 AM – 11:30 PM | Sunday: 8:30 AM – 11:30 PM,Google Places API (New) Nearby Search,2026-09-02T15:22:51+00:00
ChIJscm3ux9BXj4RxCPJKklwFNA,صالون سبشيل بيرد ستايل,DIRECT,hair_salon,hair_salon,Hair salon,"hair_salon, hair_care, point_of_interest, service, establishment",Al Maqta' St - Rabdan - RB1 - Abu Dhabi,24.4121313,54.505328399999996,4.5,23.0,OPERATIONAL,+971 55 528 2831,,https://maps.google.com/?cid=14993732518975972292&g_mp=Cilnb29nbGUubWFwcy5wbGFjZXMudjEuUGxhY2VzLlNlYXJjaE5lYXJieRACGAQgAA,Monday: 10:00 AM – 1:00 AM | Tuesday: 10:00 AM – 1:00 AM | Wednesday: 10:00 AM – 1:00 AM | Thursday: 10:00 AM – 1:00 AM | Friday: 10:00 AM – 1:00 AM | Saturday: 10:00 AM – 1:00 AM | Sunday: 10:00 AM – 1:00 AM,Google Places API (New) Nearby Search,2026-09-02T15:22:51+00:00
ChIJgcq57r83Xj4RlZ-o1uw2tsg,مركز الدكتور أحمد أبو شريعة الطبي للجلدية و الليزر - بني ياس - Dr.Ahmed Abu Sharia Medical Centre Baniyas,DIRECT,spa,doctor,Doctor,"skin_care_clinic, massage_spa, hair_care, medical_center, massage, spa, beauty_salon, doctor, hospital, store, medical_clinic, health, point_of_interest, service, establishment",Al Ghadeer St - Bani Yas - Baniyas East - Abu Dhabi,24.2981888,54.6329022,5.0,23.0,OPERATIONAL,+971 2 639 9884,,https://maps.google.com/?cid=14462807644188483477&g_mp=Cilnb29nbGUubWFwcy5wbGFjZXMudjEuUGxhY2VzLlNlYXJjaE5lYXJieRACGAQgAA,Monday: 12:00 – 8:30 PM | Tuesday: 12:00 – 8:30 PM | Wednesday: 12:00 – 8:30 PM | Thursday: 12:00 – 8:30 PM | Friday: 12:00 – 8:30 PM | Saturday: Closed | Sunday: 12:00 – 8:30 PM,Google Places API (New) Nearby Search,2026-09-02T15:22:51+00:00
ChIJv1C0ZN9AXj4RSxpfmHhrX8g,Green View Gents Saloon,DIRECT,hair_salon,barber_shop,Barber shop,"barber_shop, hair_salon, hair_care, health, point_of_interest, service, establishment",9GC3+79 - Musaffah - M10 - Abu Dhabi,24.3706875,54.5034375,4.7,22.0,OPERATIONAL,+971 54 510 5032,,https://maps.google.com/?cid=14438377096069716555&g_mp=Cilnb29nbGUubWFwcy5wbGFjZXMudjEuUGxhY2VzLlNlYXJjaE5lYXJieRACGAQgAA,Monday: 8:00 AM – 11:00 PM | Tuesday: 8:00 AM – 11:00 PM | Wednesday: 8:00 AM – 11:00 PM | Thursday: 8:00 AM – 11:00 PM | Friday: 8:00 AM – 11:00 PM | Saturday: 8:00 AM – 11:00 PM | Sunday: 8:00 AM – 11:00 PM,Google Places API (New) Nearby Search,2026-09-02T15:22:51+00:00
ChIJHTnQlVZKXj4RiaTEYsOcroA,صالون برویز - Pervez Saloon BR,DIRECT,hair_salon,beauty_salon,Beauty salon,"beauty_salon, barber_shop, hair_salon, hair_care, health, point_of_interest, service, establishment",zahra - Al Falah - FA2 - Abu Dhabi,24.427528799999997,54.736886999999996,3.7,22.0,OPERATIONAL,+971 52 117 6175,,https://maps.google.com/?cid=9272521045792040073&g_mp=Cilnb29nbGUubWFwcy5wbGFjZXMudjEuUGxhY2VzLlNlYXJjaE5lYXJieRACGAQgAA,Monday: 7:30 AM – 11:30 PM | Tuesday: 7:30 AM – 11:30 PM | Wednesday: 7:30 AM – 11:30 PM | Thursday: 7:30 AM – 11:30 PM | Friday: 7:30 AM – 11:30 PM | Saturday: 7:30 AM – 11:30 PM | Sunday: 7:30 AM – 11:30 PM,Google Places API (New) Nearby Search,2026-09-02T15:22:51+00:00
ChIJyUDLP_JfXz4Rqm9EIayeXX4,صالون مقص للحلاقة,DIRECT,hair_salon,hair_salon,Hair salon,"hair_salon, hair_care, point_of_interest, service, establishment",8F47+VX9 - Unnamed Road - Muwaileh Commercial - Industrial Area - Sharjah,25.3071551,55.464981099999996,4.6,22.0,OPERATIONAL,+971 50 341 2866,,https://maps.google.com/?cid=9105608483742707626&g_mp=Cilnb29nbGUubWFwcy5wbGFjZXMudjEuUGxhY2VzLlNlYXJjaE5lYXJieRACGAQgAA,Monday: 12:00 – 9:30 AM | Tuesday: 12:00 – 9:30 AM | Wednesday: 12:00 – 9:30 AM | Thursday: 12:00 – 9:30 AM | Friday: 12:00 – 9:30 AM | Saturday: 12:00 – 9:30 AM | Sunday: Closed,Google Places API (New) Nearby Search,2026-09-02T15:22:51+00:00
ChIJsfE0VEL59D4RClNZQoofpIY,مركز وصالون المقص الكلاسيكي للرجال,DIRECT,hair_salon,hair_salon,Hair salon,"hair_salon, sauna, hair_care, spa, public_bath, health, point_of_interest, service, establishment",Al Basrah St - Al Faseel - Fujairah,25.148084299999997,56.350044999999994,4.8,22.0,OPERATIONAL,+971 55 907 5433,https://www.instagram.com/1133cs?igsh=MTdlcTlsYjFzYzYweA==,https://maps.google.com/?cid=9701914175941989130&g_mp=Cilnb29nbGUubWFwcy5wbGFjZXMudjEuUGxhY2VzLlNlYXJjaE5lYXJieRACGAQgAA,Monday: 12:00 PM – 12:00 AM | Tuesday: 12:00 PM – 12:00 AM | Wednesday: 12:00 PM – 12:00 AM | Thursday: 12:00 PM – 12:00 AM | Friday: 12:00 PM – 12:00 AM | Saturday: 12:00 PM – 12:00 AM | Sunday: 12:00 PM – 12:00 AM,Google Places API (New) Nearby Search,2026-09-02T15:22:51+00:00
ChIJo_i7NZdnXj4RihR5VX4FrgI,Beats And Cuts Gents Saloon,DIRECT,hair_salon,hair_salon,Hair salon,"hair_salon, hair_care, service, point_of_interest, establishment",Al Zahiyah - E16 02 - Abu Dhabi,24.4897781,54.383573999999996,4.6,21.0,OPERATIONAL,+971 55 913 1271,,https://maps.google.com/?cid=193097874181526666&g_mp=Cilnb29nbGUubWFwcy5wbGFjZXMudjEuUGxhY2VzLlNlYXJjaE5lYXJieRACGAQgAA,Monday: 9:00 AM – 12:00 AM | Tuesday: 9:00 AM – 12:00 AM | Wednesday: 9:00 AM – 12:00 AM | Thursday: 9:00 AM – 12:00 AM | Friday: 9:00 AM – 12:00 AM | Saturday: 9:00 AM – 12:00 AM | Sunday: 9:00 AM – 12:00 AM,Google Places API (New) Nearby Search,2026-09-02T15:22:51+00:00
ChIJD7cY4303Xj4RzPDGba1moEM,Coco Melon Kids Saloon,DIRECT,hair_salon,hair_salon,Hair salon,"hair_salon, hair_care, point_of_interest, service, establishment",10 Bawabat Ash Sharq St - Bani Yas - Baniyas East - Abu Dhabi,24.3114954,54.620081899999995,3.4,21.0,OPERATIONAL,+971 2 585 8799,,https://maps.google.com/?cid=4873007691872006348&g_mp=Cilnb29nbGUubWFwcy5wbGFjZXMudjEuUGxhY2VzLlNlYXJjaE5lYXJieRACGAQgAA,Monday: 10:00 AM – 10:00 PM | Tuesday: 10:00 AM – 10:00 PM | Wednesday: 10:00 AM – 10:00 PM | Thursday: 10:00 AM – 10:00 PM | Friday: 10:00 AM – 12:00 AM | Saturday: 10:00 AM – 12:00 AM | Sunday: 10:00 AM – 10:00 PM,Google Places API (New) Nearby Search,2026-09-02T15:22:51+00:00
ChIJQw6k-pVX9D4Rq0lZTq4V374,Mirrors Beauty Salon & Spa - Fujairah,DIRECT,beauty_salon,beauty_salon,Beauty salon,"beauty_salon, point_of_interest, service, establishment",Al Qasba Street - Al Sharyah - 1 - Fujairah,25.1558809,56.343828699999996,4.4,21.0,OPERATIONAL,+971 50 170 2808,https://instagram.com/mirrorsbs,https://maps.google.com/?cid=13753735625395751339&g_mp=Cilnb29nbGUubWFwcy5wbGFjZXMudjEuUGxhY2VzLlNlYXJjaE5lYXJieRACGAQgAA,,Google Places API (New) Nearby Search,2026-09-02T15:22:51+00:00
ChIJiY916chLXj4RDkfGzvC9L9Y,مركز الضفيرة الذهبية للتجميل,DIRECT,beauty_salon,beauty_salon,Beauty salon,"beauty_salon, point_of_interest, service, establishment",Rubaya Bin Shaheen Al Muhairi St - Al Falah - 1D - Abu Dhabi,24.445119,54.7313048,4.3,21.0,OPERATIONAL,+971 55 113 3557,,https://maps.google.com/?cid=15433763289980880654&g_mp=Cilnb29nbGUubWFwcy5wbGFjZXMudjEuUGxhY2VzLlNlYXJjaE5lYXJieRACGAQgAA,Monday: 10:00 AM – 10:00 PM | Tuesday: 10:00 AM – 10:00 PM | Wednesday: 10:00 AM – 10:00 PM | Thursday: 10:00 AM – 10:00 PM | Friday: 10:00 AM – 10:00 PM | Saturday: 10:00 AM – 10:00 PM | Sunday: 10:00 AM – 10:00 PM,Google Places API (New) Nearby Search,2026-09-02T15:22:51+00:00
ChIJMY1lrwZOXj4R7-PDKm3Goec,Al Taj International Saloon,DIRECT,hair_salon,hair_salon,Hair salon,"hair_salon, hair_care, point_of_interest, service, establishment",GMQR+QVH - Al Shahama - New Shahamah - Abu Dhabi,24.5394354,54.69224,4.6,20.0,OPERATIONAL,,,https://maps.google.com/?cid=16690839866182984687&g_mp=Cilnb29nbGUubWFwcy5wbGFjZXMudjEuUGxhY2VzLlNlYXJjaE5lYXJieRACGAQgAA,Monday: 8:00 AM – 11:30 PM | Tuesday: 8:00 AM – 11:30 PM | Wednesday: 8:00 AM – 11:30 PM | Thursday: 8:00 AM – 11:30 PM | Friday: 8:00 AM – 11:30 PM | Saturday: 8:00 AM – 11:30 PM | Sunday: 8:00 AM – 11:30 PM,Google Places API (New) Nearby Search,2026-09-02T15:22:51+00:00
ChIJJ2k3u89bXz4RWR969Xe4Pl4,BRONX GENTS SALOON,DIRECT,hair_salon,hair_salon,Hair salon,"hair_salon, hair_care, point_of_interest, service, establishment",89VQ+5VX - Al Nad - Hay Al Qasimiah - Sharjah,25.3429997,55.3897431,3.9,20.0,OPERATIONAL,,,https://maps.google.com/?cid=6791068113480327001&g_mp=Cilnb29nbGUubWFwcy5wbGFjZXMudjEuUGxhY2VzLlNlYXJjaE5lYXJieRACGAQgAA,Monday: 9:30 AM – 11:30 PM | Tuesday: 9:30 AM – 11:30 PM | Wednesday: 9:30 AM – 11:30 PM | Thursday: 9:30 AM – 11:30 PM | Friday: 9:30 AM – 11:30 PM | Saturday: 9:30 AM – 11:30 PM | Sunday: 9:30 AM – 11:30 PM,Google Places API (New) Nearby Search,2026-09-02T15:22:51+00:00
ChIJNZjaMk5FXj4RBlQbbIh0BkA,Beauty Lab Salon,DIRECT,hair_salon,hair_salon,Hair salon,"hair_salon, hair_care, point_of_interest, service, establishment",Ansam 2 - Yas Golf Collection - جزيرة ياس - مشروع أنسام - أبو ظبي,24.4848954,54.5986669,4.8,20.0,OPERATIONAL,+971 56 545 0096,http://www.beautylabsalonae.com/,https://maps.google.com/?cid=4613502997565756422&g_mp=Cilnb29nbGUubWFwcy5wbGFjZXMudjEuUGxhY2VzLlNlYXJjaE5lYXJieRACGAQgAA,Monday: 10:00 AM – 9:00 PM | Tuesday: 10:00 AM – 9:00 PM | Wednesday: 10:00 AM – 9:00 PM | Thursday: 10:00 AM – 9:00 PM | Friday: 10:00 AM – 9:00 PM | Saturday: 10:00 AM – 9:00 PM | Sunday: 10:00 AM – 9:00 PM,Google Places API (New) Nearby Search,2026-09-02T15:22:51+00:00
ChIJSdlJGj919j4RniyCy4YWAwM,سمول باربيرس للحلاقة الرجالية,DIRECT,hair_salon,hair_salon,Hair salon,"hair_salon, hair_care, service, point_of_interest, establishment",شارع الاتحاد - Al Dhait - Ras Al Khaimah,25.7288829,55.8986131,4.5,20.0,OPERATIONAL,+971 56 639 3197,,https://maps.google.com/?cid=217041975239650462&g_mp=Cilnb29nbGUubWFwcy5wbGFjZXMudjEuUGxhY2VzLlNlYXJjaE5lYXJieRACGAQgAA,Monday: 10:00 AM – 10:00 PM | Tuesday: 10:00 AM – 10:00 PM | Wednesday: 10:00 AM – 10:00 PM | Thursday: 10:00 AM – 10:00 PM | Friday: 10:00 AM – 10:00 PM | Saturday: 10:00 AM – 10:00 PM | Sunday: 10:00 AM – 10:00 PM,Google Places API (New) Nearby Search,2026-09-02T15:22:51+00:00
ChIJsceFi2pLXj4RcZahYmF59BM,صالون حلاقه,DIRECT,hair_salon,hair_salon,Hair salon,"hair_salon, hair_care, point_of_interest, service, establishment",الشَّامْخَةSH2 - الشامخة - الشامخة 2 - أبو ظبي,24.405552399999998,54.7402653,3.4,20.0,OPERATIONAL,,,https://maps.google.com/?cid=1437907640211576433&g_mp=Cilnb29nbGUubWFwcy5wbGFjZXMudjEuUGxhY2VzLlNlYXJjaE5lYXJieRACGAQgAA,Monday: 8:30 AM – 11:30 PM | Tuesday: 8:30 AM – 11:30 PM | Wednesday: 8:30 AM – 11:30 PM | Thursday: 8:30 AM – 11:30 PM | Friday: 8:30 AM – 11:30 PM | Saturday: 8:30 AM – 11:30 PM | Sunday: 8:30 AM – 11:30 PM,Google Places API (New) Nearby Search,2026-09-02T15:22:51+00:00
ChIJV39jFChnZz4REGForxT_MEg,صالون زهرة ليوا-عائشة,DIRECT,beauty_salon,beauty_salon,Beauty salon,"beauty_salon, point_of_interest, service, establishment",الطابق الميزانين، مبنى صيدلية توكل، شارع اليَم - 91 مربع الظفرة - Madinat Za'id - MZW16 - Abu Dhabi,23.6190499,53.7045308,3.8,20.0,OPERATIONAL,+971 50 720 1207,https://www.instagram.com/zahrat_liwa_beauty_salon/,https://maps.google.com/?cid=5201938033920205072&g_mp=Cilnb29nbGUubWFwcy5wbGFjZXMudjEuUGxhY2VzLlNlYXJjaE5lYXJieRACGAQgAA,Monday: 10:30 AM – 9:30 PM | Tuesday: 10:30 AM – 9:30 PM | Wednesday: 10:30 AM – 9:30 PM | Thursday: 10:30 AM – 9:30 PM | Friday: 10:30 AM – 9:30 PM | Saturday: 10:30 AM – 9:30 PM | Sunday: 10:30 AM – 9:30 PM,Google Places API (New) Nearby Search,2026-09-02T15:22:51+00:00
ChIJKV_Zhn939j4RH8sz_XI6bMM,صالون ماندو للحلاقه الرجاليه.Mando Men's Barber Shop,DIRECT,hair_salon,hair_salon,Hair salon,"hair_salon, hair_care, service, point_of_interest, establishment",Corniche Al Qawasim St - Dafan Ras Al Khaimah - Ras Al Khaimah,25.7730817,55.9364384,4.6,20.0,OPERATIONAL,+971 50 898 4026,,https://maps.google.com/?cid=14081694400429411103&g_mp=Cilnb29nbGUubWFwcy5wbGFjZXMudjEuUGxhY2VzLlNlYXJjaE5lYXJieRACGAQgAA,Monday: 12:00 PM – 12:00 AM | Tuesday: 12:00 PM – 12:00 AM | Wednesday: 12:00 PM – 12:00 AM | Thursday: 12:00 PM – 12:00 AM | Friday: 1:30 PM – 12:00 AM | Saturday: 12:00 PM – 12:00 AM | Sunday: 12:00 PM – 12:00 AM,Google Places API (New) Nearby Search,2026-09-02T15:22:51+00:00
ChIJgdngenNDXj4RvFg-pLU16Dk,A One Gents Saloon,DIRECT,hair_salon,barber_shop,Barber shop,"barber_shop, hair_salon, hair_care, health, point_of_interest, service, establishment",Al Bahri St - Rabdan - RB1 - Abu Dhabi,24.4171058,54.4960601,3.5,19.0,OPERATIONAL,+971 55 967 8318,,https://maps.google.com/?cid=4172644109019666620&g_mp=Cilnb29nbGUubWFwcy5wbGFjZXMudjEuUGxhY2VzLlNlYXJjaE5lYXJieRACGAQgAA,Monday: 11:00 AM – 1:00 AM | Tuesday: 11:00 AM – 1:00 AM | Wednesday: 11:00 AM – 1:00 AM | Thursday: 11:00 AM – 1:00 AM | Friday: 2:00 PM – 1:00 AM | Saturday: 11:00 AM – 1:00 AM | Sunday: 11:00 AM – 1:00 AM,Google Places API (New) Nearby Search,2026-09-02T15:22:51+00:00
ChIJI_nn_cn59D4RuLhSDBG0Z6k,REVLON Hair,DIRECT,hair_salon,hair_salon,Hair salon,"hair_salon, hair_care, point_of_interest, service, establishment",Al Maktoum Rd - Fujairah City Center - Fujairah,25.1210238,56.3260929,4.2,19.0,OPERATIONAL,+971 50 623 5604,,https://maps.google.com/?cid=12206923300325210296&g_mp=Cilnb29nbGUubWFwcy5wbGFjZXMudjEuUGxhY2VzLlNlYXJjaE5lYXJieRACGAQgAA,,Google Places API (New) Nearby Search,2026-09-02T15:22:51+00:00
ChIJDUUsGsVLXj4RZ7U7rm2qrEA,Salon Razor cuts gent صالون رازور كوتس للرجال,DIRECT,hair_salon,hair_salon,Hair salon,"hair_salon, hair_care, point_of_interest, service, establishment",shamkha now shamkha 1 - 1 Burj Bakhout st - Al Shamkhah - Old 17 - Abu Dhabi,24.4107834,54.7566226,4.6,19.0,OPERATIONAL,+971 56 733 4234,https://wa.me/message/VEKUCX63HNR4L1,https://maps.google.com/?cid=4660287102472926567&g_mp=Cilnb29nbGUubWFwcy5wbGFjZXMudjEuUGxhY2VzLlNlYXJjaE5lYXJieRACGAQgAA,Monday: 9:00 AM – 11:30 PM | Tuesday: 9:00 AM – 11:30 PM | Wednesday: 9:00 AM – 11:30 PM | Thursday: 9:00 AM – 11:30 PM | Friday: 9:00 AM – 11:30 PM | Saturday: 9:00 AM – 11:30 PM | Sunday: 9:00 AM – 11:30 PM,Google Places API (New) Nearby Search,2026-09-02T15:22:51+00:00
ChIJL3fU3Kp29j4R-tH7koqfXJM,AL SAMTA GENTS SALOON صالون السمتة للرجال,DIRECT,hair_salon,hair_salon,Hair salon,"hair_salon, hair_care, service, point_of_interest, establishment",Sidroh St - Dahan - Ras Al Khaimah,25.7864409,55.9380028,4.3,18.0,OPERATIONAL,,,https://maps.google.com/?cid=10618537438953067002&g_mp=Cilnb29nbGUubWFwcy5wbGFjZXMudjEuUGxhY2VzLlNlYXJjaE5lYXJieRACGAQgAA,Monday: 10:00 AM – 11:55 PM | Tuesday: 10:00 AM – 11:55 PM | Wednesday: 10:00 AM – 11:55 PM | Thursday: 10:00 AM – 11:55 PM | Friday: 10:00 AM – 11:55 PM | Saturday: 10:00 AM – 11:55 PM | Sunday: 10:00 AM – 11:55 PM,Google Places API (New) Nearby Search,2026-09-02T15:22:51+00:00
ChIJLZSUf_5fXz4Rq_byF16_u1w,Adam saloon Muwaileh,DIRECT,hair_salon,hair_salon,Hair salon,"hair_salon, hair_care, point_of_interest, service, establishment",Unnamed Road - تجارية مويلح - المنطقة الصناعية - الشارقة,25.312492199999998,55.4545195,4.1,18.0,OPERATIONAL,+971 55 226 2770,,https://maps.google.com/?cid=6682144882983892651&g_mp=Cilnb29nbGUubWFwcy5wbGFjZXMudjEuUGxhY2VzLlNlYXJjaE5lYXJieRACGAQgAA,,Google Places API (New) Nearby Search,2026-09-02T15:22:51+00:00
ChIJccNIq2c3Xj4Rb74WTogUKdo,Q-Care Men's Salon,DIRECT,hair_salon,hair_salon,Hair salon,"hair_salon, hair_care, point_of_interest, service, establishment",8J29+F5X - Bani Yas - Baniyas West - Abu Dhabi,24.3012436,54.6179952,4.6,18.0,OPERATIONAL,+971 52 819 9094,,https://maps.google.com/?cid=15720118549971648111&g_mp=Cilnb29nbGUubWFwcy5wbGFjZXMudjEuUGxhY2VzLlNlYXJjaE5lYXJieRACGAQgAA,Monday: 8:00 AM – 12:00 AM | Tuesday: 8:00 AM – 12:00 AM | Wednesday: 8:00 AM – 12:00 AM | Thursday: 8:00 AM – 12:00 AM | Friday: 8:00 AM – 12:00 AM | Saturday: 8:00 AM – 12:00 AM | Sunday: 8:00 AM – 12:00 AM,Google Places API (New) Nearby Search,2026-09-02T15:22:51+00:00
ChIJB_vJfvdRXj4Re408gr2JbX0,SKY KIDS SALOON,DIRECT,hair_salon,hair_salon,Hair salon,"hair_salon, hair_care, point_of_interest, service, establishment",Abu Dhabi - Al Bahyah - Al Shahamah New - Abu Dhabi,24.5563798,54.6942774,4.4,18.0,OPERATIONAL,+971 50 506 8056,,https://maps.google.com/?cid=9038031474229284219&g_mp=Cilnb29nbGUubWFwcy5wbGFjZXMudjEuUGxhY2VzLlNlYXJjaE5lYXJieRACGAQgAA,Monday: 10:00 AM – 11:00 PM | Tuesday: 10:00 AM – 11:00 PM | Wednesday: 10:00 AM – 11:00 PM | Thursday: 10:00 AM – 11:00 PM | Friday: 10:00 AM – 11:00 PM | Saturday: 10:00 AM – 11:00 PM | Sunday: 10:00 AM – 11:00 PM,Google Places API (New) Nearby Search,2026-09-02T15:22:51+00:00
ChIJS4yRZP1LXj4R9A8SyOTAr94,AL KOUS GENTS SALON BR.5 صالون الكوس للرجال - فرع Shop No.23 First Floor,DIRECT,hair_salon,hair_salon,Hair salon,"hair_salon, hair_care, point_of_interest, service, establishment",Al Khayr St - Al Falah - FA5 - Abu Dhabi,24.4239344,54.712058799999994,3.7,17.0,OPERATIONAL,+971 55 573 8545,,https://maps.google.com/?cid=16046256086186070004&g_mp=Cilnb29nbGUubWFwcy5wbGFjZXMudjEuUGxhY2VzLlNlYXJjaE5lYXJieRACGAQgAA,Monday: 10:00 AM – 10:30 PM | Tuesday: 10:00 AM – 10:30 PM | Wednesday: 10:00 AM – 10:30 PM | Thursday: 10:00 AM – 10:30 PM | Friday: 10:00 AM – 10:30 PM | Saturday: 10:00 AM – 10:30 PM | Sunday: 10:00 AM – 10:30 PM,Google Places API (New) Nearby Search,2026-09-02T15:22:51+00:00
ChIJl0_xH0ZX9D4Rg6qXj6P7R-o,The Look Gents Salon,DIRECT,hair_salon,hair_salon,Hair salon,"hair_salon, hair_care, point_of_interest, service, establishment","New Sakamkam - B30, Shop Number 3 - Al Sharyah - 1 - Fujairah",25.157309599999998,56.3456835,5.0,17.0,OPERATIONAL,+971 54 727 6703,,https://maps.google.com/?cid=16881738408128916099&g_mp=Cilnb29nbGUubWFwcy5wbGFjZXMudjEuUGxhY2VzLlNlYXJjaE5lYXJieRACGAQgAA,Monday: 9:00 AM – 11:30 PM | Tuesday: 9:00 AM – 11:30 PM | Wednesday: 9:00 AM – 11:30 PM | Thursday: 9:00 AM – 11:30 PM | Friday: 9:00 AM – 11:30 PM | Saturday: 9:00 AM – 11:30 PM | Sunday: 9:00 AM – 11:30 PM,Google Places API (New) Nearby Search,2026-09-02T15:22:51+00:00
ChIJmT2fsE9nZz4RSz-vzEMRX8M,salon rafiq ghiyathi,DIRECT,hair_salon,hair_salon,Hair salon,"hair_salon, hair_care, service, point_of_interest, establishment",Abu Dhabi - Madinat Zayed - MZE19 - Abu Dhabi,23.6605842,53.730324499999995,4.3,17.0,OPERATIONAL,,https://bit.ly/3N9GEEw,https://maps.google.com/?cid=14077989943077977931&g_mp=Cilnb29nbGUubWFwcy5wbGFjZXMudjEuUGxhY2VzLlNlYXJjaE5lYXJieRACGAQgAA,Monday: 8:00 AM – 11:00 PM | Tuesday: 8:00 AM – 11:00 PM | Wednesday: 8:00 AM – 11:00 PM | Thursday: 8:00 AM – 11:00 PM | Friday: 8:00 AM – 11:00 PM | Saturday: 8:00 AM – 11:00 PM | Sunday: 8:00 AM – 11:00 PM,Google Places API (New) Nearby Search,2026-09-02T15:22:51+00:00
ChIJ7bH4JgBnZz4Rmc53L0RPaZc,صالون المشاهير للحلاقة الرجالية,DIRECT,hair_salon,hair_salon,Hair salon,"hair_salon, hair_care, service, point_of_interest, establishment",181 Ad Dhafra Rd - Madinat Za'id - MZE19 - Abu Dhabi,23.6609366,53.731248699999995,4.8,17.0,OPERATIONAL,+971 56 671 0692,,https://maps.google.com/?cid=10910338726554488473&g_mp=Cilnb29nbGUubWFwcy5wbGFjZXMudjEuUGxhY2VzLlNlYXJjaE5lYXJieRACGAQgAA,Monday: 9:30 AM – 12:00 AM | Tuesday: 9:30 AM – 12:00 AM | Wednesday: 9:30 AM – 12:00 AM | Thursday: 9:30 AM – 12:00 AM | Friday: 9:30 AM – 12:00 AM | Saturday: 9:30 AM – 12:00 AM | Sunday: 9:30 AM – 12:00 AM,Google Places API (New) Nearby Search,2026-09-02T15:22:51+00:00
ChIJVaKTfJ2zij4RRm2aNjhpOmM,صالون قصر العز للرجال,DIRECT,hair_salon,hair_salon,Hair salon,"hair_salon, hair_care, point_of_interest, service, establishment",6PQ3+45Q - Al Khibeesi - Al Meryal - Abu Dhabi,24.2378318,55.7029776,4.4,17.0,OPERATIONAL,+971 56 650 7324,,https://maps.google.com/?cid=7150143048559258950&g_mp=Cilnb29nbGUubWFwcy5wbGFjZXMudjEuUGxhY2VzLlNlYXJjaE5lYXJieRACGAQgAA,Monday: 9:00 AM – 12:00 AM | Tuesday: 9:00 AM – 12:00 AM | Wednesday: 9:00 AM – 12:00 AM | Thursday: 9:00 AM – 12:00 AM | Friday: 9:00 AM – 12:00 AM | Saturday: 9:00 AM – 12:00 AM | Sunday: 9:00 AM – 12:00 AM,Google Places API (New) Nearby Search,2026-09-02T15:22:51+00:00
ChIJ0-UqaLA3Xj4RQyw3xdUBT8Y,Shine Creation Beauty Ladies Center,DIRECT,nail_salon,beauty_salon,Beauty salon,"beauty_salon, hair_salon, nail_salon, hair_care, point_of_interest, service, establishment",The Square Plaza - Unit #4&5 Riq'at Qamrah Street - Bani Yas - Baniyas West - Abu Dhabi,24.3007282,54.6163381,5.0,16.0,OPERATIONAL,+971 2 584 5988,,https://maps.google.com/?cid=14289642160318262339&g_mp=Cilnb29nbGUubWFwcy5wbGFjZXMudjEuUGxhY2VzLlNlYXJjaE5lYXJieRACGAQgAA,Monday: 10:30 AM – 10:00 PM | Tuesday: 10:30 AM – 10:00 PM | Wednesday: 10:30 AM – 10:00 PM | Thursday: 10:30 AM – 10:00 PM | Friday: 10:30 AM – 10:00 PM | Saturday: 10:30 AM – 10:00 PM | Sunday: 10:30 AM – 10:00 PM,Google Places API (New) Nearby Search,2026-09-02T15:22:51+00:00
ChIJRQ6cc4xnZz4RUkIH6u24Unc,TARIF GENTS SALOON,DIRECT,"beauty_salon, hair_salon",beauty_salon,Beauty salon,"beauty_salon, barber_shop, hair_salon, hair_care, health, point_of_interest, service, establishment",Near Post office - Madinat Za'id - MZW2 - Abu Dhabi,23.6584231,53.702154799999995,4.1,16.0,OPERATIONAL,+971 50 532 0186,,https://maps.google.com/?cid=8598137970576802386&g_mp=Cilnb29nbGUubWFwcy5wbGFjZXMudjEuUGxhY2VzLlNlYXJjaE5lYXJieRACGAQgAA,Monday: 8:00 AM – 11:00 PM | Tuesday: 7:30 AM – 11:30 PM | Wednesday: 8:00 AM – 11:30 PM | Thursday: 8:00 AM – 11:30 PM | Friday: 8:00 AM – 11:30 PM | Saturday: 8:00 AM – 11:30 PM | Sunday: 8:00 AM – 11:30 PM,Google Places API (New) Nearby Search,2026-09-02T15:22:51+00:00
ChIJ_Qh2LdH59D4Rmrh4GUxU3g8,صالون فور يو للحمام المغربي ولمساج للرجال,DIRECT,hair_salon,hair_salon,Hair salon,"hair_salon, hair_care, point_of_interest, service, establishment",Fujairah - Al Mahattah - Fujairah,25.126017599999997,56.3370417,4.4,16.0,OPERATIONAL,+971 56 580 6051,,https://maps.google.com/?cid=1143444041220274330&g_mp=Cilnb29nbGUubWFwcy5wbGFjZXMudjEuUGxhY2VzLlNlYXJjaE5lYXJieRACGAQgAA,Monday: 9:00 AM – 1:00 AM | Tuesday: 9:00 AM – 1:00 AM | Wednesday: 9:00 AM – 1:00 AM | Thursday: 9:00 AM – 1:00 AM | Friday: 9:00 AM – 1:00 AM | Saturday: 9:00 AM – 1:00 AM | Sunday: 9:00 AM – 1:00 AM,Google Places API (New) Nearby Search,2026-09-02T15:22:51+00:00
ChIJF2MmsX519j4RLJdxcr59sPY,مركز سكرة للتجميل النسائي,DIRECT,nail_salon,massage,Massage service,"nail_salon, hair_salon, sauna, skin_care_clinic, beauty_salon, spa, hair_care, massage, medical_clinic, public_bath, service, health, point_of_interest, establishment",407 Sheikh Mohamed Bin Salem Rd - Dahan - Ras Al Khaimah,25.774612899999997,55.9261048,5.0,16.0,OPERATIONAL,+971 52 998 0828,https://instagram.com/sukaraa.ae?igshid=OGQ5ZDc2ODk2ZA==,https://maps.google.com/?cid=17775845986148652844&g_mp=Cilnb29nbGUubWFwcy5wbGFjZXMudjEuUGxhY2VzLlNlYXJjaE5lYXJieRACGAQgAA,Monday: 10:00 AM – 9:00 PM | Tuesday: 10:00 AM – 9:00 PM | Wednesday: 10:00 AM – 9:00 PM | Thursday: 10:00 AM – 9:00 PM | Friday: 12:00 – 10:00 PM | Saturday: 10:00 AM – 9:00 PM | Sunday: 10:00 AM – 9:00 PM,Google Places API (New) Nearby Search,2026-09-02T15:22:51+00:00
ChIJ5bmn-n1x9j4RJYq34_ZOmJE,Al Baron Gents Salon,DIRECT,hair_salon,hair_salon,Hair salon,"hair_salon, hair_care, service, point_of_interest, establishment",QWFG+J93 - Mohomed ben Salem street - Dahan - Ras Al Khaimah,25.7740136,55.925725199999995,4.4,15.0,OPERATIONAL,+971 54 727 7206,,https://maps.google.com/?cid=10491222154248948261&g_mp=Cilnb29nbGUubWFwcy5wbGFjZXMudjEuUGxhY2VzLlNlYXJjaE5lYXJieRACGAQgAA,Monday: 10:00 AM – 11:00 PM | Tuesday: 10:00 AM – 11:00 PM | Wednesday: 10:00 AM – 11:00 PM | Thursday: 10:00 AM – 11:00 PM | Friday: 10:00 AM – 11:00 PM | Saturday: 10:00 AM – 11:00 PM | Sunday: 10:00 AM – 11:00 PM,Google Places API (New) Nearby Search,2026-09-02T15:22:51+00:00
ChIJIYTzOov49D4RyGjsl9Fj1io,Butterfliez Salon,DIRECT,nail_salon,beauty_salon,Beauty salon,"beauty_salon, nail_salon, hair_salon, hair_care, point_of_interest, service, establishment",48CM+CJC - Al Sharqi St - Fujairah City Center - Fujairah,25.1210505,56.3340229,4.7,15.0,OPERATIONAL,,,https://maps.google.com/?cid=3086764346457221320&g_mp=Cilnb29nbGUubWFwcy5wbGFjZXMudjEuUGxhY2VzLlNlYXJjaE5lYXJieRACGAQgAA,Monday: 10:00 AM – 10:00 PM | Tuesday: 10:00 AM – 10:00 PM | Wednesday: 10:00 AM – 10:00 PM | Thursday: 10:00 AM – 10:00 PM | Friday: 4:00 – 11:00 PM | Saturday: 10:00 AM – 10:00 PM | Sunday: 10:00 AM – 10:00 PM,Google Places API (New) Nearby Search,2026-09-02T15:22:51+00:00
ChIJg1n6tro4Xj4RDZdnfw89_Ek,Happy Day Gents Salon,DIRECT,hair_salon,hair_salon,Hair salon,"hair_salon, hair_care, service, point_of_interest, establishment",8GGM+WHM - Mohamed Bin Zayed City - ME11 - Abu Dhabi,24.327331599999997,54.5339299,3.8,15.0,OPERATIONAL,+971 55 355 1247,,https://maps.google.com/?cid=5331203195671123725&g_mp=Cilnb29nbGUubWFwcy5wbGFjZXMudjEuUGxhY2VzLlNlYXJjaE5lYXJieRACGAQgAA,Monday: 10:00 AM – 12:00 AM | Tuesday: 10:00 AM – 12:00 AM | Wednesday: 10:00 AM – 12:00 AM | Thursday: 10:00 AM – 12:00 AM | Friday: 10:00 AM – 12:00 AM | Saturday: 10:00 AM – 12:00 AM | Sunday: 10:00 AM – 12:00 AM,Google Places API (New) Nearby Search,2026-09-02T15:22:51+00:00
ChIJyZnvEO5fXz4RYDYSCHd58zU,صالون المقص التركي TURKISH SCISSOP SALOON,DIRECT,hair_salon,hair_salon,Hair salon,"hair_salon, hair_care, point_of_interest, service, establishment",Muwaileh Commercial - Industrial Area - Sharjah,25.3098401,55.4577977,3.7,15.0,OPERATIONAL,+971 58 193 5571,,https://maps.google.com/?cid=3887584455494350432&g_mp=Cilnb29nbGUubWFwcy5wbGFjZXMudjEuUGxhY2VzLlNlYXJjaE5lYXJieRACGAQgAA,Monday: 11:00 AM – 12:00 AM | Tuesday: 11:00 AM – 12:00 AM | Wednesday: 11:00 AM – 12:00 AM | Thursday: 11:00 AM – 12:00 AM | Friday: 1:00 PM – 12:00 AM | Saturday: 11:00 AM – 12:00 AM | Sunday: 11:00 AM – 12:00 AM,Google Places API (New) Nearby Search,2026-09-02T15:22:51+00:00
ChIJrTinLv1FXj4R8rARR5eoDAA,صالون داشنج,DIRECT,hair_salon,hair_salon,Hair salon,"hair_salon, hair_care, service, point_of_interest, establishment",CHQX+XHR - Khalifa City - SE42 - Abu Dhabi,24.439988,54.5988865,3.8,15.0,OPERATIONAL,,,https://maps.google.com/?cid=3563067406397682&g_mp=Cilnb29nbGUubWFwcy5wbGFjZXMudjEuUGxhY2VzLlNlYXJjaE5lYXJieRACGAQgAA,,Google Places API (New) Nearby Search,2026-09-02T15:22:51+00:00
ChIJy0LT_945Xj4RBGCO1W43Irk,AL Sahir Gents Salon,DIRECT,hair_salon,hair_salon,Hair salon,"hair_salon, hair_care, point_of_interest, service, establishment",Bani YasEast 3 - بني ياس - شرق 3 - أبو ظبي,24.3147891,54.60715940000001,4.4,14.0,OPERATIONAL,+971 50 792 5909,,https://maps.google.com/?cid=13340285995393638404&g_mp=Cilnb29nbGUubWFwcy5wbGFjZXMudjEuUGxhY2VzLlNlYXJjaE5lYXJieRACGAQgAA,Monday: 8:00 AM – 11:30 PM | Tuesday: 8:00 AM – 11:30 PM | Wednesday: 8:00 AM – 11:30 PM | Thursday: 8:00 AM – 11:30 PM | Friday: 8:00 AM – 11:30 PM | Saturday: 8:00 AM – 11:30 PM | Sunday: 8:00 AM – 11:30 PM,Google Places API (New) Nearby Search,2026-09-02T15:22:51+00:00
ChIJE_56R4xDXj4RMc7jC5pfVmo,Al Manara Salon,DIRECT,nail_salon,barber_shop,Barber shop,"barber_shop, nail_salon, massage_spa, hair_salon, hair_care, massage, spa, beauty_salon, health, point_of_interest, service, establishment",Al Ghureefah St - Al Muntazah - E48 - Abu Dhabi,24.420020899999997,54.465289299999995,4.6,14.0,OPERATIONAL,+971 54 411 1868,,https://maps.google.com/?cid=7662416931246558769&g_mp=Cilnb29nbGUubWFwcy5wbGFjZXMudjEuUGxhY2VzLlNlYXJjaE5lYXJieRACGAQgAA,Monday: 10:00 AM – 10:00 PM | Tuesday: 10:00 AM – 10:00 PM | Wednesday: 10:00 AM – 10:00 PM | Thursday: 10:00 AM – 10:00 PM | Friday: 10:00 AM – 10:00 PM | Saturday: 10:00 AM – 10:00 PM | Sunday: 10:00 AM – 10:00 PM,Google Places API (New) Nearby Search,2026-09-02T15:22:51+00:00
ChIJ2Ykyi7tfXz4R2cFimca7ndo,NOOR AL MUHAISNAH GENT'S SALOON,DIRECT,hair_salon,hair_salon,Hair salon,"hair_salon, hair_care, point_of_interest, service, establishment",Muhaisanah Second - Muhaisnah 2 - Dubai,25.268441199999998,55.4339569,4.4,14.0,OPERATIONAL,+971 55 943 7864,,https://maps.google.com/?cid=15752953533263167961&g_mp=Cilnb29nbGUubWFwcy5wbGFjZXMudjEuUGxhY2VzLlNlYXJjaE5lYXJieRACGAQgAA,Monday: 6:00 AM – 12:00 AM | Tuesday: 6:00 AM – 12:00 AM | Wednesday: 6:00 AM – 12:00 AM | Thursday: 6:00 AM – 12:00 AM | Friday: 6:00 AM – 12:00 AM | Saturday: 6:00 AM – 12:00 AM | Sunday: 6:00 AM – 12:00 AM,Google Places API (New) Nearby Search,2026-09-02T15:22:51+00:00
ChIJnRN2EqyjYD4R2TPuiuE5sHk,Royal Moon Beauty Salon,DIRECT,beauty_salon,beauty_salon,Beauty salon,"beauty_salon, point_of_interest, service, establishment",MP93+84F - Alghiryaf st - Madinat Za'id - MZE8 - Abu Dhabi,23.668311300000003,53.7028082,4.1,14.0,OPERATIONAL,+971 2 888 1010,,https://maps.google.com/?cid=8768572115351647193&g_mp=Cilnb29nbGUubWFwcy5wbGFjZXMudjEuUGxhY2VzLlNlYXJjaE5lYXJieRACGAQgAA,Monday: 10:00 AM – 10:00 PM | Tuesday: 10:00 AM – 10:00 PM | Wednesday: 10:00 AM – 10:00 PM | Thursday: 10:00 AM – 10:30 PM | Friday: 2:30 – 9:30 PM | Saturday: 10:00 AM – 10:00 PM | Sunday: 10:00 AM – 10:00 PM,Google Places API (New) Nearby Search,2026-09-02T15:22:51+00:00
ChIJX4cBY3n59D4R9zbKJaup9mo,Al Zaeem Salon,DIRECT,nail_salon,beauty_salon,Beauty salon,"beauty_salon, nail_salon, point_of_interest, service, establishment",Al Salam St - Al Mahattah - Fujairah,25.1313152,56.3383451,4.8,13.0,OPERATIONAL,+971 58 182 0779,,https://maps.google.com/?cid=7707534364829693687&g_mp=Cilnb29nbGUubWFwcy5wbGFjZXMudjEuUGxhY2VzLlNlYXJjaE5lYXJieRACGAQgAA,Monday: 9:00 AM – 11:30 PM | Tuesday: 9:00 AM – 11:30 PM | Wednesday: 9:00 AM – 11:30 PM | Thursday: 9:00 AM – 11:30 PM | Friday: 9:00 AM – 11:30 PM | Saturday: 9:00 AM – 11:30 PM | Sunday: 9:00 AM – 11:30 PM,Google Places API (New) Nearby Search,2026-09-02T15:22:51+00:00
ChIJ356381xFXj4RleluuqcjXKw,La bella vita ladies salon,DIRECT,beauty_salon,beauty_salon,Beauty salon,"beauty_salon, point_of_interest, service, establishment",GJ32+G83 - Yas Island - YN3 - Abu Dhabi,24.5037551,54.6007948,4.0,13.0,OPERATIONAL,+971 2 565 0080,,https://maps.google.com/?cid=12419841075675326869&g_mp=Cilnb29nbGUubWFwcy5wbGFjZXMudjEuUGxhY2VzLlNlYXJjaE5lYXJieRACGAQgAA,,Google Places API (New) Nearby Search,2026-09-02T15:22:51+00:00
ChIJMf7gtVM3Xj4RVkTZQc-IkxI,Saloon Abu Hamdan1,DIRECT,hair_salon,hair_salon,Hair salon,"hair_salon, hair_care, point_of_interest, service, establishment",5 Al ʹSayli St - Bani Yas - EB2 01 - Abu Dhabi,24.318102399999997,54.610903799999996,3.7,13.0,OPERATIONAL,,,https://maps.google.com/?cid=1338563938003534934&g_mp=Cilnb29nbGUubWFwcy5wbGFjZXMudjEuUGxhY2VzLlNlYXJjaE5lYXJieRACGAQgAA,Monday: 8:30 AM – 11:30 PM | Tuesday: 8:30 AM – 11:30 PM | Wednesday: 8:30 AM – 11:30 PM | Thursday: 8:30 AM – 11:30 PM | Friday: 8:30 AM – 11:30 PM | Saturday: 8:30 AM – 11:30 PM | Sunday: 8:30 AM – 11:30 PM,Google Places API (New) Nearby Search,2026-09-02T15:22:51+00:00
ChIJy_ltqMY5Xj4R6AauX68d-hQ,Style and smile gents salon,DIRECT,hair_salon,hair_salon,Hair salon,"hair_salon, hair_care, service, point_of_interest, establishment",Al Martaʹshah St - Mohamed Bin Zayed City - ME10 - Abu Dhabi,24.3351304,54.531843599999995,4.5,13.0,OPERATIONAL,+971 50 113 0003,,https://maps.google.com/?cid=1511553263997945576&g_mp=Cilnb29nbGUubWFwcy5wbGFjZXMudjEuUGxhY2VzLlNlYXJjaE5lYXJieRACGAQgAA,Monday: 10:00 AM – 11:30 PM | Tuesday: 10:00 AM – 11:30 PM | Wednesday: 10:00 AM – 11:30 PM | Thursday: 10:00 AM – 11:30 PM | Friday: 10:00 AM – 11:30 PM | Saturday: 10:00 AM – 11:30 PM | Sunday: 10:00 AM – 11:30 PM,Google Places API (New) Nearby Search,2026-09-02T15:22:51+00:00
ChIJJw6KqQlBXj4R8b-g8H7A294,صالون الذوق للحلاقة,DIRECT,hair_salon,hair_salon,Hair salon,"hair_salon, hair_care, point_of_interest, service, establishment",7 Ad Dahna-A St - Rabdan - RB11 - Abu Dhabi,24.406027599999998,54.518135199999996,3.1,13.0,OPERATIONAL,+971 56 333 4599,,https://maps.google.com/?cid=16058640547755114481&g_mp=Cilnb29nbGUubWFwcy5wbGFjZXMudjEuUGxhY2VzLlNlYXJjaE5lYXJieRACGAQgAA,Monday: 8:00 AM – 2:00 AM | Tuesday: 8:00 AM – 2:00 AM | Wednesday: 8:00 AM – 2:00 AM | Thursday: 8:00 AM – 2:00 AM | Friday: 8:00 AM – 2:00 AM | Saturday: 8:00 AM – 2:00 AM | Sunday: 8:00 AM – 2:00 AM,Google Places API (New) Nearby Search,2026-09-02T15:22:51+00:00
ChIJdyozSdZPXj4RgQ2V8T_lFFs,Al GHARAYEN SALON FOR MEN,DIRECT,"beauty_salon, hair_salon, spa",barber_shop,Barber shop,"barber_shop, hair_salon, massage_spa, beauty_salon, spa, hair_care, massage, service, health, point_of_interest, establishment",Al Rahbah - New Shahamah - Abu Dhabi,24.529618000000003,54.691479699999995,4.5,12.0,OPERATIONAL,+971 55 887 4113,https://instagram.com/algharayensalon786?igshid=YmMyMTA2M2Y=,https://maps.google.com/?cid=6563122619784433025&g_mp=Cilnb29nbGUubWFwcy5wbGFjZXMudjEuUGxhY2VzLlNlYXJjaE5lYXJieRACGAQgAA,Monday: 9:00 AM – 11:30 PM | Tuesday: 9:00 AM – 12:00 AM | Wednesday: 9:00 AM – 12:00 AM | Thursday: 9:00 AM – 12:00 AM | Friday: 9:00 AM – 12:00 AM | Saturday: 9:00 AM – 12:00 AM | Sunday: 9:00 AM – 12:00 AM,Google Places API (New) Nearby Search,2026-09-02T15:22:51+00:00
ChIJiarrbNJbXz4ROcMKETPWAx4,Qemat Al Fakhamah Ladies Saloon,DIRECT,nail_salon,beauty_salon,Beauty salon,"beauty_salon, nail_salon, massage_spa, spa, hair_care, massage, service, point_of_interest, establishment",89XR+FXP - Al Mahatta - Hay Al Qasimiah - Sharjah,25.348718899999998,55.3924388,3.6,12.0,OPERATIONAL,+971 54 476 4498,,https://maps.google.com/?cid=2162807760885564217&g_mp=Cilnb29nbGUubWFwcy5wbGFjZXMudjEuUGxhY2VzLlNlYXJjaE5lYXJieRACGAQgAA,Monday: 10:00 AM – 10:00 PM | Tuesday: 10:00 AM – 10:00 PM | Wednesday: 10:00 AM – 10:00 PM | Thursday: 10:00 AM – 10:00 PM | Friday: 10:00 AM – 10:00 PM | Saturday: 10:00 AM – 10:00 PM | Sunday: 10:00 AM – 10:00 PM,Google Places API (New) Nearby Search,2026-09-02T15:22:51+00:00
ChIJ4x3g-H1FXj4RJ3-M0d7X8kw,Yves Rocher - France,DIRECT,beauty_salon,cosmetics_store,Cosmetics store,"cosmetics_store, beauty_salon, clothing_store, store, point_of_interest, service, establishment","Yas West, Yas Island - جزيرة ياس - ياس جنوب 1 - أبو ظبي",24.488467999999997,54.608604,4.2,12.0,OPERATIONAL,+971 2 886 9918,,https://maps.google.com/?cid=5544731443244859175&g_mp=Cilnb29nbGUubWFwcy5wbGFjZXMudjEuUGxhY2VzLlNlYXJjaE5lYXJieRACGAQgAA,Monday: 10:00 AM – 10:00 PM | Tuesday: 10:00 AM – 10:00 PM | Wednesday: 10:00 AM – 10:00 PM | Thursday: 10:00 AM – 12:00 AM | Friday: 10:00 AM – 12:00 AM | Saturday: 10:00 AM – 12:00 AM | Sunday: 10:00 AM – 10:00 PM,Google Places API (New) Nearby Search,2026-09-02T15:22:51+00:00
ChIJj6Ak0v_YhY4RChDIzzMFE6Y,صالون رجالي عربي اكسبريس,DIRECT,hair_salon,hair_salon,Hair salon,"hair_salon, hair_care, point_of_interest, service, establishment",Bani Yas St - Bani Yas - EB5 - Abu Dhabi,24.299718600000002,54.6252122,4.6,12.0,OPERATIONAL,+971 58 633 1229,,https://maps.google.com/?cid=11966914354941005834&g_mp=Cilnb29nbGUubWFwcy5wbGFjZXMudjEuUGxhY2VzLlNlYXJjaE5lYXJieRACGAQgAA,Monday: 10:00 AM – 12:00 AM | Tuesday: 10:00 AM – 1:00 AM | Wednesday: 10:00 AM – 1:00 AM | Thursday: 10:30 AM – 1:30 AM | Friday: 10:30 AM – 1:30 AM | Saturday: 10:00 AM – 1:30 AM | Sunday: 10:00 AM – 1:30 AM,Google Places API (New) Nearby Search,2026-09-02T15:22:51+00:00
ChIJzy9_25xnZz4RDqDkfJjTE-4,مركز الغربيه للعناية الرجاليه,DIRECT,hair_salon,hair_salon,Hair salon,"hair_salon, hair_care, service, point_of_interest, establishment",شارع الريان - Madinat Za'id - MZE16 - Abu Dhabi,23.655204800000003,53.722184,3.7,12.0,OPERATIONAL,+971 50 790 0083,,https://maps.google.com/?cid=17155288057468198926&g_mp=Cilnb29nbGUubWFwcy5wbGFjZXMudjEuUGxhY2VzLlNlYXJjaE5lYXJieRACGAQgAA,Monday: 9:30 AM – 11:05 PM | Tuesday: 9:30 AM – 11:05 PM | Wednesday: 9:30 AM – 11:05 PM | Thursday: 9:30 AM – 11:05 PM | Friday: 9:30 AM – 11:05 PM | Saturday: 9:30 AM – 11:05 PM | Sunday: 9:30 AM – 11:05 PM,Google Places API (New) Nearby Search,2026-09-02T15:22:51+00:00
ChIJ-2RUarlpZz4RkbqejW8J7VI,Oia spa,DIRECT,"beauty_salon, nail_salon",nail_salon,Nail salon,"nail_salon, beauty_salon, point_of_interest, service, establishment",JP95+WF3 - Al Yam St - Madinat Za'id - MZW16 - Abu Dhabi,23.6197654,53.7086733,3.9,11.0,OPERATIONAL,+971 50 628 7267,,https://maps.google.com/?cid=5975442655312525969&g_mp=Cilnb29nbGUubWFwcy5wbGFjZXMudjEuUGxhY2VzLlNlYXJjaE5lYXJieRACGAQgAA,,Google Places API (New) Nearby Search,2026-09-02T15:22:51+00:00
ChIJO32TCqhDXj4RAwPNdWLQQPo,Scissor touch men spa,DIRECT,hair_salon,hair_salon,Hair salon,"hair_salon, hair_care, point_of_interest, service, establishment",CFC7+233 - Al Muntazah - Rowdhat Abu Dhabi - Abu Dhabi,24.420223300000004,54.4628582,4.0,11.0,OPERATIONAL,+971 56 618 0815,,https://maps.google.com/?cid=18032642029293208323&g_mp=Cilnb29nbGUubWFwcy5wbGFjZXMudjEuUGxhY2VzLlNlYXJjaE5lYXJieRACGAQgAA,Monday: 10:00 AM – 11:00 PM | Tuesday: 10:00 AM – 11:00 PM | Wednesday: 10:00 AM – 11:00 PM | Thursday: 10:00 AM – 11:00 PM | Friday: 10:00 AM – 11:00 PM | Saturday: 10:00 AM – 11:00 PM | Sunday: 10:00 AM – 11:00 PM,Google Places API (New) Nearby Search,2026-09-02T15:22:51+00:00
ChIJ8ex8GXI5Xj4Rc5m8NvenPh0,Zamalek star ladies salon,DIRECT,beauty_salon,beauty_salon,Beauty salon,"beauty_salon, point_of_interest, service, establishment",32/1 - Musaffah - ME10 - Abu Dhabi,24.3301478,54.5345563,4.3,11.0,OPERATIONAL,+971 50 407 1115,,https://maps.google.com/?cid=2107306355873061235&g_mp=Cilnb29nbGUubWFwcy5wbGFjZXMudjEuUGxhY2VzLlNlYXJjaE5lYXJieRACGAQgAA,Monday: 10:00 AM – 10:00 PM | Tuesday: 10:00 AM – 10:00 PM | Wednesday: 10:00 AM – 10:00 PM | Thursday: 10:00 AM – 10:00 PM | Friday: 10:00 AM – 10:00 PM | Saturday: 10:00 AM – 10:00 PM | Sunday: 10:00 AM – 10:00 PM,Google Places API (New) Nearby Search,2026-09-02T15:22:51+00:00
ChIJ8U8s0m1LXj4Ro5PzKtDofJA,صالون رويال قيرل للسيدات,DIRECT,beauty_salon,beauty_salon,Beauty salon,"beauty_salon, point_of_interest, service, establishment",FP58+33H - 1b831 - Al Falah - 1B - Abu Dhabi,24.4576969,54.7152311,3.9,11.0,OPERATIONAL,+971 52 244 0334,,https://maps.google.com/?cid=10411452419345191843&g_mp=Cilnb29nbGUubWFwcy5wbGFjZXMudjEuUGxhY2VzLlNlYXJjaE5lYXJieRACGAQgAA,Monday: 10:00 AM – 10:00 PM | Tuesday: 10:00 AM – 10:00 PM | Wednesday: 10:00 AM – 10:00 PM | Thursday: 10:00 AM – 10:00 PM | Friday: 10:30 AM – 10:00 PM | Saturday: 10:00 AM – 10:00 PM | Sunday: 10:00 AM – 10:00 PM,Google Places API (New) Nearby Search,2026-09-02T15:22:51+00:00
ChIJsbzWiAlpZz4R6-aELCcsv7g,مركز عصفورة الربيع التجميل spring sparrow beauty centre,DIRECT,beauty_salon,beauty_salon,Beauty salon,"beauty_salon, point_of_interest, service, establishment","Al yam street building number 92 M03 Zayed City, Al dafra,Region 10084 - مدينة زايد - مدينة زايد غرب 16 - أبو ظبي",23.619469,53.7040643,3.0,11.0,OPERATIONAL,+971 50 558 6123,https://saloonasfoura.com/,https://maps.google.com/?cid=13312407570292729579&g_mp=Cilnb29nbGUubWFwcy5wbGFjZXMudjEuUGxhY2VzLlNlYXJjaE5lYXJieRACGAQgAA,Monday: 10:00 AM – 10:00 PM | Tuesday: 10:00 AM – 10:00 PM | Wednesday: 10:00 AM – 10:00 PM | Thursday: 10:00 AM – 10:00 PM | Friday: 10:00 AM – 10:30 PM | Saturday: 10:00 AM – 10:00 PM | Sunday: 10:00 AM – 10:00 PM,Google Places API (New) Nearby Search,2026-09-02T15:22:51+00:00
ChIJ2wgq0cKDfq8RI1aJLtodTok,Elyra Touch Beauty Center,DIRECT,"nail_salon, spa",beauty_salon,Beauty salon,"beauty_salon, nail_salon, massage_spa, hair_care, massage, spa, point_of_interest, service, establishment",city - Al Falah - FA2 - Abu Dhabi,24.4294756,54.7419089,5.0,10.0,OPERATIONAL,+971 58 505 8189,https://www.instagram.com/la.bombon.beauty?igsh=Z3ViaHVjOTAwcnBn,https://maps.google.com/?cid=9893878254300386851&g_mp=Cilnb29nbGUubWFwcy5wbGFjZXMudjEuUGxhY2VzLlNlYXJjaE5lYXJieRACGAQgAA,Monday: Closed | Tuesday: 1:00 – 10:00 PM | Wednesday: 1:00 – 10:00 PM | Thursday: 1:00 – 10:00 PM | Friday: 1:00 – 11:00 PM | Saturday: 1:00 – 10:00 PM | Sunday: 1:00 – 10:00 PM,Google Places API (New) Nearby Search,2026-09-02T15:22:51+00:00
ChIJPQJJHrpPXj4RNyhBJ79faF4,Eyfir Gents Spa and Morrocon Bath Salon - ايفر للعناية برجال,DIRECT,spa,spa,Spa,"spa, barber_shop, hair_care, massage, service, health, point_of_interest, establishment",Building 18 Mafraq road - Al Shahama - New Shahamah - Abu Dhabi,24.5253954,54.6908593,4.0,10.0,OPERATIONAL,+971 56 816 7432,,https://maps.google.com/?cid=6802792511745108023&g_mp=Cilnb29nbGUubWFwcy5wbGFjZXMudjEuUGxhY2VzLlNlYXJjaE5lYXJieRACGAQgAA,Monday: 11:00 AM – 11:30 PM | Tuesday: 11:00 AM – 11:30 PM | Wednesday: 12:30 AM – 11:30 PM | Thursday: 11:00 AM – 11:30 PM | Friday: 11:00 AM – 11:30 PM | Saturday: 11:00 AM – 11:30 PM | Sunday: 11:00 AM – 11:30 PM,Google Places API (New) Nearby Search,2026-09-02T15:22:51+00:00
ChIJw8rScR1FXj4RqBQrVfnEKSg,GUMAMELA Ladies Beauty Salon,DIRECT,beauty_salon,beauty_salon,Beauty salon,"beauty_salon, point_of_interest, service, establishment",26 Al Ihsa-a Street - Yas Island - YN3 - Abu Dhabi,24.5106236,54.6014634,4.6,10.0,OPERATIONAL,+971 50 702 6839,,https://maps.google.com/?cid=2894060810717041832&g_mp=Cilnb29nbGUubWFwcy5wbGFjZXMudjEuUGxhY2VzLlNlYXJjaE5lYXJieRACGAQgAA,Monday: 10:00 AM – 10:00 PM | Tuesday: 10:00 AM – 10:00 PM | Wednesday: 10:00 AM – 10:00 PM | Thursday: 10:00 AM – 10:00 PM | Friday: 10:00 AM – 10:00 PM | Saturday: 10:00 AM – 10:00 PM | Sunday: 10:00 AM – 10:00 PM,Google Places API (New) Nearby Search,2026-09-02T15:22:51+00:00
ChIJlQiBr1FfXz4RQq23b-iYqm8,Kingsman Gents Salon,DIRECT,hair_salon,hair_salon,Hair salon,"hair_salon, hair_care, point_of_interest, service, establishment",32 22 St - Muhaisanah Second - Muhaisanah 2 - Dubai,25.2699821,55.431015200000004,3.3,10.0,OPERATIONAL,,,https://maps.google.com/?cid=8046411808324955458&g_mp=Cilnb29nbGUubWFwcy5wbGFjZXMudjEuUGxhY2VzLlNlYXJjaE5lYXJieRACGAQgAA,,Google Places API (New) Nearby Search,2026-09-02T15:22:51+00:00
ChIJt60bk3H49D4RFZP3kkOqUcw,Mabrook Salon,DIRECT,hair_salon,hair_salon,Hair salon,"hair_salon, hair_care, point_of_interest, service, establishment",49P3+VC7 - Al Faseel - Fujairah,25.137152900000004,56.353544,3.7,10.0,OPERATIONAL,+971 50 561 7118,,https://maps.google.com/?cid=14722735864056091413&g_mp=Cilnb29nbGUubWFwcy5wbGFjZXMudjEuUGxhY2VzLlNlYXJjaE5lYXJieRACGAQgAA,,Google Places API (New) Nearby Search,2026-09-02T15:22:51+00:00
ChIJYWX56E03Xj4RQRsp3MOYdE4,صالون سبيرو للرجال Sparrow Salon,DIRECT,hair_salon,hair_salon,Hair salon,"hair_salon, hair_care, point_of_interest, service, establishment",7 شارع الفطناء - مقابل لولو هايبر ماركت - Bani Yas - EB8 - Abu Dhabi,24.2971656,54.6342126,4.6,10.0,OPERATIONAL,+971 58 820 8161,,https://maps.google.com/?cid=5653311399236541249&g_mp=Cilnb29nbGUubWFwcy5wbGFjZXMudjEuUGxhY2VzLlNlYXJjaE5lYXJieRACGAQgAA,Monday: 10:30 AM – 1:00 AM | Tuesday: 10:30 AM – 1:00 AM | Wednesday: 10:30 AM – 1:00 AM | Thursday: 10:30 AM – 1:00 AM | Friday: 10:30 AM – 1:00 AM | Saturday: 10:30 AM – 1:00 AM | Sunday: 10:30 AM – 1:00 AM,Google Places API (New) Nearby Search,2026-09-02T15:22:51+00:00
ChIJx77OIACtij4RWaSVGi1r4L4,صالون سونا المرخانية sona salon,DIRECT,hair_salon,beauty_salon,Beauty salon,"beauty_salon, hair_salon, hair_care, point_of_interest, service, establishment",41 Al Thmam St - Al Markhaniyyah - Al Habooy - Abu Dhabi,24.2282558,55.6676442,2.3,10.0,OPERATIONAL,+971 50 792 2229,http://www.tiktok.com/@sona.group,https://maps.google.com/?cid=13754111103453209689&g_mp=Cilnb29nbGUubWFwcy5wbGFjZXMudjEuUGxhY2VzLlNlYXJjaE5lYXJieRACGAQgAA,Monday: 9:00 AM – 11:00 PM | Tuesday: 9:00 AM – 11:00 PM | Wednesday: 9:00 AM – 11:00 PM | Thursday: 9:00 AM – 11:00 PM | Friday: 9:00 AM – 11:00 PM | Saturday: 9:00 AM – 11:00 PM | Sunday: 9:00 AM – 11:00 PM,Google Places API (New) Nearby Search,2026-09-02T15:22:51+00:00
ChIJ82nBnRhhXz4Rv1KPOxbejJk,กระหรี่ล่าสุด,DIRECT,beauty_salon,beauty_salon,Beauty salon,"beauty_salon, point_of_interest, service, establishment",K12 - Cable Net Trading LLC - Shop 22 - Warsan First - Greece - Dubai,25.1567845,55.4112072,3.5,10.0,OPERATIONAL,,,https://maps.google.com/?cid=11064462571612361407&g_mp=Cilnb29nbGUubWFwcy5wbGFjZXMudjEuUGxhY2VzLlNlYXJjaE5lYXJieRACGAQgAA,,Google Places API (New) Nearby Search,2026-09-02T15:22:51+00:00
ChIJIe5kLu5JXj4RUbBEY9d3fqs,Men Hairdressing Trimming & Styling,DIRECT,hair_salon,hair_salon,Hair salon,"hair_salon, hair_care, point_of_interest, service, establishment",Naseem Al Barr Street - Shakhbout City - MSH9 - Abu Dhabi,24.366197699999997,54.6214288,2.6,9.0,OPERATIONAL,+971 56 844 7086,,https://maps.google.com/?cid=12357446194518339665&g_mp=Cilnb29nbGUubWFwcy5wbGFjZXMudjEuUGxhY2VzLlNlYXJjaE5lYXJieRACGAQgAA,Monday: 8:30 AM – 12:00 AM | Tuesday: 8:30 AM – 12:00 AM | Wednesday: 8:30 AM – 12:00 AM | Thursday: 8:30 AM – 12:00 AM | Friday: 8:30 AM – 12:00 AM | Saturday: 8:30 AM – 12:00 AM | Sunday: 8:30 AM – 12:00 AM,Google Places API (New) Nearby Search,2026-09-02T15:22:51+00:00
ChIJtxVDw8RhXz4R0Q3b5mjr7d4,Nadda beauty十月美甲,DIRECT,nail_salon,nail_salon,Nail salon,"nail_salon, beauty_salon, point_of_interest, service, establishment",E02 - Warsan First - China Cluster - Dubai,25.1650229,55.413083099999994,4.2,9.0,OPERATIONAL,+971 58 875 6700,,https://maps.google.com/?cid=16063754281682669009&g_mp=Cilnb29nbGUubWFwcy5wbGFjZXMudjEuUGxhY2VzLlNlYXJjaE5lYXJieRACGAQgAA,Monday: 11:00 AM – 11:00 PM | Tuesday: 11:00 AM – 11:00 PM | Wednesday: 11:00 AM – 11:00 PM | Thursday: 11:00 AM – 11:00 PM | Friday: 11:00 AM – 11:00 PM | Saturday: 11:00 AM – 11:00 PM | Sunday: 11:00 AM – 11:00 PM,Google Places API (New) Nearby Search,2026-09-02T15:22:51+00:00
ChIJH9tANktfXz4R8gA5d4tzc9U,Noor Alardh Gents Salon,DIRECT,hair_salon,hair_salon,Hair salon,"hair_salon, hair_care, point_of_interest, service, establishment",37th St - Muhaisanah Second - Muhaisanah 2 - Dubai,25.274828199999998,55.4291574,4.6,9.0,OPERATIONAL,+971 52 100 3024,,https://maps.google.com/?cid=15380764195238248690&g_mp=Cilnb29nbGUubWFwcy5wbGFjZXMudjEuUGxhY2VzLlNlYXJjaE5lYXJieRACGAQgAA,Monday: 6:00 AM – 12:00 AM | Tuesday: 6:00 AM – 12:00 AM | Wednesday: 6:00 AM – 12:00 AM | Thursday: 6:00 AM – 12:00 AM | Friday: 6:00 AM – 12:00 AM | Saturday: 6:00 AM – 12:00 AM | Sunday: 6:00 AM – 12:00 AM,Google Places API (New) Nearby Search,2026-09-02T15:22:51+00:00
ChIJ5y4OGQBPXj4RaKJl5Cl6V6M,Taiwan Massage VIP - Moonlight Retreat,DIRECT,spa,beauty_salon,Beauty salon,"massage_spa, massage, spa, beauty_salon, point_of_interest, service, establishment",GJ2G+PPJ - Yas Island - Yas North - Abu Dhabi,24.5005389,54.6280417,4.6,9.0,OPERATIONAL,+84 985 622 408,http://massageae.com/,https://maps.google.com/?cid=11770010471500194408&g_mp=Cilnb29nbGUubWFwcy5wbGFjZXMudjEuUGxhY2VzLlNlYXJjaE5lYXJieRACGAQgAA,Monday: Open 24 hours | Tuesday: Open 24 hours | Wednesday: Open 24 hours | Thursday: Open 24 hours | Friday: Open 24 hours | Saturday: Open 24 hours | Sunday: Open 24 hours,Google Places API (New) Nearby Search,2026-09-02T15:22:51+00:00
ChIJK6q2uP45Xj4RbfzR3WNVwCY,Nova Beauty Gents Salon,DIRECT,hair_salon,hair_salon,Hair salon,"barber_shop, hair_salon, hair_care, health, service, point_of_interest, establishment",Musaffah - ME11 - Abu Dhabi,24.327625599999998,54.53595730000001,3.3,8.0,OPERATIONAL,+971 56 150 7160,,https://maps.google.com/?cid=2792325656381357165&g_mp=Cilnb29nbGUubWFwcy5wbGFjZXMudjEuUGxhY2VzLlNlYXJjaE5lYXJieRACGAQgAA,Monday: 9:00 AM – 11:00 PM | Tuesday: 9:00 AM – 11:00 PM | Wednesday: 9:00 AM – 11:00 PM | Thursday: 9:00 AM – 11:00 PM | Friday: 9:00 AM – 11:00 PM | Saturday: 9:00 AM – 11:00 PM | Sunday: 9:00 AM – 11:00 PM,Google Places API (New) Nearby Search,2026-09-02T15:22:51+00:00
ChIJqXKP6445Xj4RWF1Wq2-Mo2w,Style Look Gents Saloon,DIRECT,hair_salon,hair_salon,Hair salon,"hair_salon, hair_care, service, point_of_interest, establishment",8GMM+6PC Musaffah - Mohamed Bin Zayed City - ME10 - Abu Dhabi,24.3330574,54.534267799999995,4.9,8.0,OPERATIONAL,+971 55 632 1859,,https://maps.google.com/?cid=7828254988543876440&g_mp=Cilnb29nbGUubWFwcy5wbGFjZXMudjEuUGxhY2VzLlNlYXJjaE5lYXJieRACGAQgAA,Monday: 8:30 AM – 12:00 AM | Tuesday: 8:30 AM – 12:00 AM | Wednesday: 8:30 AM – 12:00 AM | Thursday: 8:30 AM – 12:00 AM | Friday: 8:30 AM – 12:00 AM | Saturday: 8:30 AM – 12:00 AM | Sunday: 8:30 AM – 12:00 AM,Google Places API (New) Nearby Search,2026-09-02T15:22:51+00:00
ChIJ73FGJQBpZz4R_hVp0SDsCrA,صالون ارجانا لتجميل السيداتARJANA LADIES BEAUTY SALOON,DIRECT,beauty_salon,beauty_salon,Beauty salon,"beauty_salon, point_of_interest, service, establishment",JP94+V9M - Madinat Zayed - MZW16 - Abu Dhabi,23.619947399999997,53.706114799999995,4.0,8.0,OPERATIONAL,+971 54 499 3840,,https://maps.google.com/?cid=12685210926138856958&g_mp=Cilnb29nbGUubWFwcy5wbGFjZXMudjEuUGxhY2VzLlNlYXJjaE5lYXJieRACGAQgAA,Monday: 11:00 AM – 10:00 PM | Tuesday: 11:00 AM – 10:00 PM | Wednesday: 11:00 AM – 10:00 PM | Thursday: 11:00 AM – 10:00 PM | Friday: 11:00 AM – 10:00 PM | Saturday: 11:00 AM – 10:00 PM | Sunday: 11:00 AM – 10:00 PM,Google Places API (New) Nearby Search,2026-09-02T15:22:51+00:00
ChIJr_u4Fd8xXj4RkfURxYMLaJ4,صالون السيوفي للرجال,DIRECT,hair_salon,hair_salon,Hair salon,"hair_salon, hair_care, point_of_interest, service, establishment",Abu Dhabi - Bani Yas - EB9 - Abu Dhabi,24.2849085,54.6453488,3.5,8.0,OPERATIONAL,,,https://maps.google.com/?cid=11414385916145431953&g_mp=Cilnb29nbGUubWFwcy5wbGFjZXMudjEuUGxhY2VzLlNlYXJjaE5lYXJieRACGAQgAA,Monday: 9:00 AM – 11:00 PM | Tuesday: 9:00 AM – 11:00 PM | Wednesday: 9:00 AM – 11:00 PM | Thursday: 9:00 AM – 11:00 PM | Friday: 10:00 AM – 11:00 PM | Saturday: 9:00 AM – 11:00 PM | Sunday: 9:00 AM – 11:00 PM,Google Places API (New) Nearby Search,2026-09-02T15:22:51+00:00
ChIJyfDaEoc5Xj4Rw40zaDXkk6M,صالون الليل الهادي للسيدات | Calm Night Ladies Saloon,DIRECT,nail_salon,beauty_salon,Beauty salon,"beauty_salon, nail_salon, hair_salon, hair_care, medical_clinic, health, store, service, point_of_interest, establishment",8 Al Ghayd St - Mohamed Bin Zayed City - ME10 - Abu Dhabi,24.336704299999997,54.531243599999996,4.5,8.0,OPERATIONAL,+971 50 491 7850,,https://maps.google.com/?cid=11787015567791328707&g_mp=Cilnb29nbGUubWFwcy5wbGFjZXMudjEuUGxhY2VzLlNlYXJjaE5lYXJieRACGAQgAA,Monday: 10:00 AM – 10:00 PM | Tuesday: 10:00 AM – 10:00 PM | Wednesday: 10:00 AM – 10:00 PM | Thursday: 10:00 AM – 10:00 PM | Friday: 10:00 AM – 10:00 PM | Saturday: 10:00 AM – 10:00 PM | Sunday: 10:00 AM – 10:00 PM,Google Places API (New) Nearby Search,2026-09-02T15:22:51+00:00
ChIJwTfCb19BXj4Rjav9VmrFmWo,Hearcols gens saloon,DIRECT,hair_salon,hair_salon,Hair salon,"hair_salon, hair_care, point_of_interest, service, establishment",9FCP+4R6 - Musaffah - Musaffah Industrial - Abu Dhabi,24.370327699999997,54.4866823,4.7,7.0,OPERATIONAL,+971 50 941 1280,,https://maps.google.com/?cid=7681387699973761933&g_mp=Cilnb29nbGUubWFwcy5wbGFjZXMudjEuUGxhY2VzLlNlYXJjaE5lYXJieRACGAQgAA,Monday: 8:15 AM – 11:43 PM | Tuesday: 8:15 AM – 11:43 PM | Wednesday: 8:15 AM – 11:43 PM | Thursday: 8:15 AM – 11:43 PM | Friday: 8:15 AM – 11:43 PM | Saturday: 8:15 AM – 11:43 PM | Sunday: 8:15 AM – 11:43 PM,Google Places API (New) Nearby Search,2026-09-02T15:22:51+00:00
ChIJVf7l4ahnZz4RIJABTsAJ6_Q,Madina Zayed Hair Dressing Saloon,DIRECT,hair_salon,hair_salon,Hair salon,"hair_salon, hair_care, service, point_of_interest, establishment",Madinat Zayed - MZW2 - Abu Dhabi,23.6592693,53.7017131,4.4,7.0,OPERATIONAL,+971 50 762 3514,,https://maps.google.com/?cid=17648210286328516640&g_mp=Cilnb29nbGUubWFwcy5wbGFjZXMudjEuUGxhY2VzLlNlYXJjaE5lYXJieRACGAQgAA,Monday: 8:00 AM – 11:00 PM | Tuesday: 8:00 AM – 11:00 PM | Wednesday: 8:00 AM – 11:00 PM | Thursday: 8:00 AM – 11:00 PM | Friday: 8:00 AM – 11:00 PM | Saturday: 8:00 AM – 11:00 PM | Sunday: 8:00 AM – 11:00 PM,Google Places API (New) Nearby Search,2026-09-02T15:22:51+00:00
ChIJFxt_UT6vij4RRApoki-kaTw,Piano salon,DIRECT,hair_salon,hair_salon,Hair salon,"hair_salon, hair_care, point_of_interest, service, establishment",Al Shifa Bint Abdullah St - 'Asharij - Bida Bin Ammar - Abu Dhabi,24.1981845,55.6618293,2.9,7.0,OPERATIONAL,+971 55 171 2475,,https://maps.google.com/?cid=4353191039057005124&g_mp=Cilnb29nbGUubWFwcy5wbGFjZXMudjEuUGxhY2VzLlNlYXJjaE5lYXJieRACGAQgAA,Monday: 10:00 AM – 1:00 AM | Tuesday: 10:00 AM – 1:00 AM | Wednesday: 10:00 AM – 1:00 AM | Thursday: 10:00 AM – 1:00 AM | Friday: 10:00 AM – 1:00 AM | Saturday: 10:00 AM – 1:00 AM | Sunday: 10:00 AM – 1:00 AM,Google Places API (New) Nearby Search,2026-09-02T15:22:51+00:00
ChIJ69tHqqw5Xj4RTcCF7E2t0bI,RED AND WHITE GENTS SALOON,DIRECT,hair_salon,beauty_salon,Beauty salon,"beauty_salon, barber_shop, hair_salon, hair_care, health, service, point_of_interest, establishment",Mohamed Bin Zayed City - ME11 - Abu Dhabi,24.3280502,54.536355099999994,4.6,7.0,OPERATIONAL,+971 50 783 2505,,https://maps.google.com/?cid=12885270559075975245&g_mp=Cilnb29nbGUubWFwcy5wbGFjZXMudjEuUGxhY2VzLlNlYXJjaE5lYXJieRACGAQgAA,Monday: 9:00 AM – 11:30 PM | Tuesday: 9:00 AM – 11:30 PM | Wednesday: 9:00 AM – 11:30 PM | Thursday: 9:00 AM – 11:30 PM | Friday: 9:00 AM – 11:30 PM | Saturday: 9:00 AM – 11:30 PM | Sunday: 9:00 AM – 11:30 PM,Google Places API (New) Nearby Search,2026-09-02T15:22:51+00:00
ChIJ7YXZt2phXz4RHOnH8T33fCU,SMIDA-Arabian center BRANCH,DIRECT,nail_salon,nail_salon,Nail salon,"nail_salon, beauty_salon, point_of_interest, service, establishment",Arabian Center G floor - near Mac - المزهر الأولى - المزهر - دبي,25.234343,55.435711,3.3,7.0,OPERATIONAL,+971 58 283 0688,https://smidakr.com/,https://maps.google.com/?cid=2701305721936931100&g_mp=Cilnb29nbGUubWFwcy5wbGFjZXMudjEuUGxhY2VzLlNlYXJjaE5lYXJieRACGAQgAA,Monday: 10:00 AM – 10:00 PM | Tuesday: 10:00 AM – 10:00 PM | Wednesday: 10:00 AM – 10:00 PM | Thursday: 10:00 AM – 10:00 PM | Friday: 10:00 AM – 12:00 AM | Saturday: 10:00 AM – 12:00 AM | Sunday: 10:00 AM – 12:00 AM,Google Places API (New) Nearby Search,2026-09-02T15:22:51+00:00
ChIJZULT0BJnZz4RN-cHmzd-CZg,Shamim Gents,DIRECT,beauty_salon,beauty_salon,Beauty salon,"beauty_salon, point_of_interest, service, establishment",20 شارع اليَخْت - Madinat Za'id - MZE19 - Abu Dhabi,23.6593913,53.7289196,4.1,7.0,OPERATIONAL,,,https://maps.google.com/?cid=10955426345844729655&g_mp=Cilnb29nbGUubWFwcy5wbGFjZXMudjEuUGxhY2VzLlNlYXJjaE5lYXJieRACGAQgAA,,Google Places API (New) Nearby Search,2026-09-02T15:22:51+00:00
ChIJbXhqOv_59D4RJkYEkvTKj0Y,صالون ابو سمره للحلاقة,DIRECT,hair_salon,hair_salon,Hair salon,"hair_salon, hair_care, point_of_interest, service, establishment",Faham St - Al Mahattah - Fujairah,25.125943799999998,56.3368287,5.0,7.0,OPERATIONAL,+971 50 977 9985,,https://maps.google.com/?cid=5084505656095163942&g_mp=Cilnb29nbGUubWFwcy5wbGFjZXMudjEuUGxhY2VzLlNlYXJjaE5lYXJieRACGAQgAA,Monday: 9:00 AM – 2:00 AM | Tuesday: 9:00 AM – 2:00 AM | Wednesday: 9:00 AM – 2:00 AM | Thursday: 9:00 AM – 2:00 AM | Friday: 9:00 AM – 2:00 AM | Saturday: 9:00 AM – 2:00 AM | Sunday: 9:00 AM – 2:00 AM,Google Places API (New) Nearby Search,2026-09-02T15:22:51+00:00
ChIJ4z4ri_FnZz4Rr0dEOiGx9FI,Bonoise Beauty Center,DIRECT,beauty_salon,beauty_salon,Beauty salon,"beauty_salon, point_of_interest, service, establishment",Madinat Zayed - MZE6 - Abu Dhabi,23.658724799999998,53.7044613,3.2,6.0,OPERATIONAL,+971 2 888 1170,http://www.bonoisebeauty.com/,https://maps.google.com/?cid=5977597361697081263&g_mp=Cilnb29nbGUubWFwcy5wbGFjZXMudjEuUGxhY2VzLlNlYXJjaE5lYXJieRACGAQgAA,Monday: 10:30 AM – 9:30 PM | Tuesday: 10:30 AM – 9:30 PM | Wednesday: 10:30 AM – 9:30 PM | Thursday: 10:30 AM – 9:30 PM | Friday: 1:00 – 10:00 PM | Saturday: 10:30 AM – 9:30 AM | Sunday: 10:30 AM – 9:30 PM,Google Places API (New) Nearby Search,2026-09-02T15:22:51+00:00
ChIJHxjtWBlFXj4RDcKTU8utwso,Ghanj Salon,DIRECT,beauty_salon,beauty_salon,Beauty salon,"beauty_salon, point_of_interest, service, establishment",6 Al Ijzal St - Yas Island - YN3 - Abu Dhabi,24.500763799999998,54.596682699999995,4.8,6.0,OPERATIONAL,+971 55 321 7568,,https://maps.google.com/?cid=14610431229935469069&g_mp=Cilnb29nbGUubWFwcy5wbGFjZXMudjEuUGxhY2VzLlNlYXJjaE5lYXJieRACGAQgAA,Monday: 10:00 AM – 10:00 PM | Tuesday: 10:00 AM – 10:00 PM | Wednesday: 10:00 AM – 10:00 PM | Thursday: 10:00 AM – 10:00 PM | Friday: 10:00 AM – 10:00 PM | Saturday: 10:00 AM – 10:00 PM | Sunday: 10:00 AM – 10:00 PM,Google Places API (New) Nearby Search,2026-09-02T15:22:51+00:00
ChIJs95Du2JRXj4Rr5S4SaI-Uh8,Sapple Gents Saloon & Spa,DIRECT,hair_salon,hair_salon,Hair salon,"hair_salon, hair_care, point_of_interest, service, establishment",Nearly by antar restaurant - building No 38 - Al Bahyah - Al Shahamah Old - Abu Dhabi,24.556156599999998,54.6944344,5.0,6.0,OPERATIONAL,+971 58 256 0590,,https://maps.google.com/?cid=2256935230008497327&g_mp=Cilnb29nbGUubWFwcy5wbGFjZXMudjEuUGxhY2VzLlNlYXJjaE5lYXJieRACGAQgAA,Monday: 11:00 AM – 11:00 PM | Tuesday: 11:00 AM – 11:00 PM | Wednesday: 11:00 AM – 11:00 PM | Thursday: 11:00 AM – 11:00 PM | Friday: 11:00 AM – 11:00 PM | Saturday: 11:00 AM – 11:00 PM | Sunday: 11:00 AM – 11:00 PM,Google Places API (New) Nearby Search,2026-09-02T15:22:51+00:00
ChIJv3Tju_NdXz4R8AwrSB2Op5o,Traneem Ladies Salon,DIRECT,nail_salon,nail_salon,Nail salon,"nail_salon, beauty_salon, point_of_interest, service, establishment",35 51A Street - Al Rashidiya - Dubai,25.2327469,55.3846716,3.2,6.0,OPERATIONAL,+971 4 285 8133,,https://maps.google.com/?cid=11144032059367558384&g_mp=Cilnb29nbGUubWFwcy5wbGFjZXMudjEuUGxhY2VzLlNlYXJjaE5lYXJieRACGAQgAA,Monday: 10:00 AM – 10:00 PM | Tuesday: 10:00 AM – 10:00 PM | Wednesday: 10:00 AM – 10:00 PM | Thursday: 10:00 AM – 10:00 PM | Friday: 10:00 AM – 10:00 PM | Saturday: 10:00 AM – 10:00 PM | Sunday: 10:00 AM – 10:00 PM,Google Places API (New) Nearby Search,2026-09-02T15:22:51+00:00
ChIJz3fTQAD59D4RJO_sPRI7-1A,صالون الحبيب للحلاقه الرجاليه,DIRECT,hair_salon,hair_salon,Hair salon,"hair_salon, hair_care, point_of_interest, service, establishment",opp. ADCB Bank E89 - Mraisheed - Fujairah,25.1216983,56.3383736,4.0,6.0,OPERATIONAL,,,https://maps.google.com/?cid=5835322691722997540&g_mp=Cilnb29nbGUubWFwcy5wbGFjZXMudjEuUGxhY2VzLlNlYXJjaE5lYXJieRACGAQgAA,Monday: 10:00 AM – 11:30 PM | Tuesday: 10:00 AM – 11:30 PM | Wednesday: 10:00 AM – 11:30 PM | Thursday: 10:00 AM – 11:30 PM | Friday: 10:00 AM – 11:30 PM | Saturday: 10:00 AM – 11:30 PM | Sunday: 10:00 AM – 11:30 PM,Google Places API (New) Nearby Search,2026-09-02T15:22:51+00:00
ChIJj5zIfOevij4R2ibq7N4RC7E,صالون حميد مسلم للرجال,DIRECT,hair_salon,hair_salon,Hair salon,"hair_salon, hair_care, point_of_interest, service, establishment",2 Al Raya St - 'Asharij - Bida Bin Ammar - Abu Dhabi,24.2008029,55.6664895,3.7,6.0,OPERATIONAL,+971 55 732 6620,,https://maps.google.com/?cid=12757310018612242138&g_mp=Cilnb29nbGUubWFwcy5wbGFjZXMudjEuUGxhY2VzLlNlYXJjaE5lYXJieRACGAQgAA,,Google Places API (New) Nearby Search,2026-09-02T15:22:51+00:00
ChIJg-4lyOM3Xj4RjXGHH6n7wOw,House of Hair Cutt,DIRECT,hair_salon,hair_salon,Hair salon,"hair_salon, hair_care, point_of_interest, service, establishment",8J8W+JXQ - شارع - ١٤ - Bani Yas - EB1 05 - Abu Dhabi,24.3165907,54.647472699999994,5.0,5.0,OPERATIONAL,,,https://maps.google.com/?cid=17059912092276453773&g_mp=Cilnb29nbGUubWFwcy5wbGFjZXMudjEuUGxhY2VzLlNlYXJjaE5lYXJieRACGAQgAA,,Google Places API (New) Nearby Search,2026-09-02T15:22:51+00:00
ChIJK_kRZy1PXj4RE1g73e3rFNM,Ladies beauty salon,DIRECT,hair_salon,hair_salon,Hair salon,"hair_salon, hair_care, point_of_interest, service, establishment",Al Shahama - New Shahamah - Abu Dhabi,24.5253451,54.6907023,4.4,5.0,OPERATIONAL,+971 56 843 0048,,https://maps.google.com/?cid=15210041248388438035&g_mp=Cilnb29nbGUubWFwcy5wbGFjZXMudjEuUGxhY2VzLlNlYXJjaE5lYXJieRACGAQgAA,Monday: 10:00 AM – 10:00 PM | Tuesday: 10:00 AM – 10:00 PM | Wednesday: 10:00 AM – 10:00 PM | Thursday: 10:00 AM – 10:00 PM | Friday: 10:00 AM – 10:00 PM | Saturday: 10:00 AM – 10:00 PM | Sunday: 1:00 AM – 10:00 PM,Google Places API (New) Nearby Search,2026-09-02T15:22:51+00:00
ChIJif9htN1nZz4R6RfuICZnWOc,Tarif Saloon - Branch01,DIRECT,hair_salon,barber_shop,Barber shop,"barber_shop, hair_salon, beauty_salon, hair_care, service, health, point_of_interest, establishment",Tarif Road - Madinat Za'id - Commercial Area - Abu Dhabi,23.6315448,53.712683899999995,4.6,5.0,OPERATIONAL,+971 50 532 0186,,https://maps.google.com/?cid=16670187434170783721&g_mp=Cilnb29nbGUubWFwcy5wbGFjZXMudjEuUGxhY2VzLlNlYXJjaE5lYXJieRACGAQgAA,Monday: 8:00 AM – 11:30 PM | Tuesday: 8:00 AM – 11:30 PM | Wednesday: 8:00 AM – 11:30 PM | Thursday: 8:00 AM – 11:30 PM | Friday: 8:00 AM – 11:30 PM | Saturday: 8:00 AM – 11:30 PM | Sunday: 8:00 AM – 11:30 PM,Google Places API (New) Nearby Search,2026-09-02T15:22:51+00:00
ChIJ3-uGn0Iz26cR1MLoPgqPDNw,The Serenity Spa Clinic and Massage,DIRECT,spa,beauty_salon,Beauty salon,"massage_spa, massage, spa, beauty_salon, point_of_interest, service, establishment",FHMX+XQC - Yas Island - Ansam project - Abu Dhabi,24.4849224,54.5994253,4.4,5.0,OPERATIONAL,,,https://maps.google.com/?cid=15856205662232560340&g_mp=Cilnb29nbGUubWFwcy5wbGFjZXMudjEuUGxhY2VzLlNlYXJjaE5lYXJieRACGAQgAA,Monday: Open 24 hours | Tuesday: Open 24 hours | Wednesday: Open 24 hours | Thursday: Open 24 hours | Friday: Open 24 hours | Saturday: Open 24 hours | Sunday: Open 24 hours,Google Places API (New) Nearby Search,2026-09-02T15:22:51+00:00
ChIJ3y7HVWf49D4RbunODRJpLq0,صالون السعدي للحلاقة,DIRECT,hair_salon,hair_salon,Hair salon,"hair_salon, hair_care, point_of_interest, service, establishment",Al Qalaa Tower - Safad - Fujairah,25.122843699999997,56.3433706,3.8,5.0,OPERATIONAL,,,https://maps.google.com/?cid=12479027143752214894&g_mp=Cilnb29nbGUubWFwcy5wbGFjZXMudjEuUGxhY2VzLlNlYXJjaE5lYXJieRACGAQgAA,,Google Places API (New) Nearby Search,2026-09-02T15:22:51+00:00
ChIJoRwtTBSyij4R2hO70UOK_gQ,صالون فلاش للرجال,DIRECT,hair_salon,hair_salon,Hair salon,"hair_salon, hair_care, point_of_interest, service, establishment",6MVQ+868 - Al Tiwayya - Maadhi - Abu Dhabi,24.2432986,55.688084599999996,3.8,5.0,OPERATIONAL,,,https://maps.google.com/?cid=359877044122358746&g_mp=Cilnb29nbGUubWFwcy5wbGFjZXMudjEuUGxhY2VzLlNlYXJjaE5lYXJieRACGAQgAA,Monday: 10:00 AM – 10:00 PM | Tuesday: 10:00 AM – 10:00 PM | Wednesday: 10:00 AM – 10:00 PM | Thursday: 10:00 AM – 10:00 PM | Friday: 10:00 AM – 10:00 PM | Saturday: 10:00 AM – 10:00 PM | Sunday: 10:00 AM – 10:00 PM,Google Places API (New) Nearby Search,2026-09-02T15:22:51+00:00
ChIJ56reDZs3Xj4RAMJGbLxzSek,صالون مولتو بيلو للرجال,DIRECT,hair_salon,hair_salon,Hair salon,"hair_salon, hair_care, point_of_interest, service, establishment",مدينة الشيخ - SSMC Tawer (C)_ Floor - 1) _ - beside WHSmith Market - Shakhbout City - الطبية - Abu Dhabi,24.3250207,54.612587899999994,4.2,5.0,OPERATIONAL,,,https://maps.google.com/?cid=16810094337244709376&g_mp=Cilnb29nbGUubWFwcy5wbGFjZXMudjEuUGxhY2VzLlNlYXJjaE5lYXJieRACGAQgAA,Monday: 9:00 AM – 8:00 PM | Tuesday: 9:00 AM – 8:00 PM | Wednesday: 9:00 AM – 8:00 PM | Thursday: 9:00 AM – 8:00 PM | Friday: 9:00 AM – 8:00 PM | Saturday: 9:00 AM – 8:00 PM | Sunday: 9:00 AM – 8:00 PM,Google Places API (New) Nearby Search,2026-09-02T15:22:51+00:00
ChIJ_fFJq2RnZz4Ro3Tpq-aFN-U,صالون ومركز بلازا للرجالPlaza center for men care,DIRECT,beauty_salon,beauty_salon,Beauty salon,"beauty_salon, point_of_interest, service, establishment",_ الصناعيه _طريق الظفره - Ad Dhafra Rd - Madinat Za'id - MZE19 - Abu Dhabi,23.6611379,53.7318347,4.6,5.0,OPERATIONAL,+971 50 741 0517,,https://maps.google.com/?cid=16516817384177759395&g_mp=Cilnb29nbGUubWFwcy5wbGFjZXMudjEuUGxhY2VzLlNlYXJjaE5lYXJieRACGAQgAA,,Google Places API (New) Nearby Search,2026-09-02T15:22:51+00:00
ChIJ0V2RmlpnZz4RBGdclplX0bU,GAYATHI HAIRDRESSING GENTS SALOON,DIRECT,hair_salon,hair_salon,Hair salon,"hair_salon, hair_care, service, point_of_interest, establishment",MP5H+H54 - Al Dirkah St - Madinat Za'id - MZE19 - Abu Dhabi,23.658891,53.7279655,4.5,4.0,OPERATIONAL,+971 56 973 0435,,https://maps.google.com/?cid=13101349108161734404&g_mp=Cilnb29nbGUubWFwcy5wbGFjZXMudjEuUGxhY2VzLlNlYXJjaE5lYXJieRACGAQgAA,Monday: 8:30 AM – 12:00 AM | Tuesday: 8:30 AM – 12:00 AM | Wednesday: 8:30 AM – 12:00 AM | Thursday: 8:30 AM – 12:00 AM | Friday: 8:30 AM – 12:00 AM | Saturday: 8:30 AM – 12:00 AM | Sunday: 8:30 AM – 12:00 AM,Google Places API (New) Nearby Search,2026-09-02T15:22:51+00:00
ChIJvfCWzjZPXj4R6KheLHjO6R4,ONSEN GENTS SALOON,DIRECT,beauty_salon,beauty_salon,Beauty salon,"beauty_salon, point_of_interest, service, establishment","Sector RBW2 - Property No. 1623 - الرَّاحَة - Zone, Abu Dhabi City - أبو ظبي",24.4552475,54.6171101,4.0,4.0,OPERATIONAL,+971 56 430 6369,https://onsengentssaloonspa.com/,https://maps.google.com/?cid=2227538506247219432&g_mp=Cilnb29nbGUubWFwcy5wbGFjZXMudjEuUGxhY2VzLlNlYXJjaE5lYXJieRACGAQgAA,Monday: 11:00 AM – 12:00 AM | Tuesday: 11:00 AM – 12:00 AM | Wednesday: 11:00 AM – 12:00 AM | Thursday: 11:00 AM – 12:00 AM | Friday: 11:00 AM – 12:00 AM | Saturday: 11:00 AM – 12:00 AM | Sunday: 11:00 AM – 12:00 AM,Google Places API (New) Nearby Search,2026-09-02T15:22:51+00:00
ChIJoyHr0ypPXj4RHX4IKbmtBTc,OYOON AL SHAHAMA LADIES SALOON عيون الشهامة صالون,DIRECT,hair_salon,hair_salon,Hair salon,"hair_salon, hair_care, point_of_interest, service, establishment",GMHR+RGW - Al ShahamaNew - Al Shahama - New Shahamah - Abu Dhabi,24.5296116,54.691327799999996,3.5,4.0,OPERATIONAL,+971 2 674 2116,,https://maps.google.com/?cid=3964766057738567197&g_mp=Cilnb29nbGUubWFwcy5wbGFjZXMudjEuUGxhY2VzLlNlYXJjaE5lYXJieRACGAQgAA,Monday: 10:00 AM – 10:00 PM | Tuesday: 10:00 AM – 10:00 PM | Wednesday: 10:00 AM – 10:00 PM | Thursday: 10:00 AM – 10:00 PM | Friday: 10:00 AM – 10:00 PM | Saturday: 10:00 AM – 10:00 PM | Sunday: 10:00 AM – 10:00 PM,Google Places API (New) Nearby Search,2026-09-02T15:22:51+00:00
ChIJxZ2_H29nZz4RXvuYJ7UQhOk,Western Flower Hairdresser,DIRECT,hair_salon,hair_salon,Hair salon,"hair_salon, hair_care, service, point_of_interest, establishment",18 Al Yaseer St - Madinat Za'id - MZE16 - Abu Dhabi,23.6568056,53.724402399999995,4.0,4.0,OPERATIONAL,+971 56 381 6181,,https://maps.google.com/?cid=16826592478002477918&g_mp=Cilnb29nbGUubWFwcy5wbGFjZXMudjEuUGxhY2VzLlNlYXJjaE5lYXJieRACGAQgAA,,Google Places API (New) Nearby Search,2026-09-02T15:22:51+00:00
ChIJdfIcjBRfXz4RE9PY4K_JLQg,kamal hossain gents salon(1),DIRECT,hair_salon,hair_salon,Hair salon,"hair_salon, hair_care, point_of_interest, service, establishment",106 Algeria St - Muhaisanah Second - Muhaisanah 2 - Dubai,25.2704915,55.4373413,4.5,4.0,OPERATIONAL,+971 54 485 5992,https://applydubai.blogspot.com/search/label/RahimHairstylist?m=1,https://maps.google.com/?cid=589348883484168979&g_mp=Cilnb29nbGUubWFwcy5wbGFjZXMudjEuUGxhY2VzLlNlYXJjaE5lYXJieRACGAQgAA,,Google Places API (New) Nearby Search,2026-09-02T15:22:51+00:00
ChIJGZx6RABRXj4RKcPXqTWlMuo,حلاق الشهامه,DIRECT,hair_salon,hair_salon,Hair salon,"hair_salon, hair_care, point_of_interest, service, establishment",5 شارع فاروق - Al Bahyah - Al Shahamah Old - Abu Dhabi,24.5440682,54.680710299999994,3.5,4.0,OPERATIONAL,,,https://maps.google.com/?cid=16875732403612009257&g_mp=Cilnb29nbGUubWFwcy5wbGFjZXMudjEuUGxhY2VzLlNlYXJjaE5lYXJieRACGAQgAA,,Google Places API (New) Nearby Search,2026-09-02T15:22:51+00:00
ChIJlQaCIwD59D4RI_eM9HkEybw,صالون اكس مان الفجيرة,DIRECT,hair_salon,hair_salon,Hair salon,"hair_salon, hair_care, point_of_interest, service, establishment",48CM+RRF - Fujairah City Center - Fujairah,25.1220701,56.3345481,4.0,4.0,OPERATIONAL,+971 50 915 9812,,https://maps.google.com/?cid=13603409071289726755&g_mp=Cilnb29nbGUubWFwcy5wbGFjZXMudjEuUGxhY2VzLlNlYXJjaE5lYXJieRACGAQgAA,,Google Places API (New) Nearby Search,2026-09-02T15:22:51+00:00
ChIJgW8DtvSzij4RImrsJ1zOZnY,صالون جسر الذهبي للرجال,DIRECT,hair_salon,hair_salon,Hair salon,"hair_salon, hair_care, point_of_interest, service, establishment",6MQW+5QR - Unnamed Road - Al Khibeesi - Al Meryal - Abu Dhabi,24.237987399999998,55.696888699999995,5.0,4.0,OPERATIONAL,,,https://maps.google.com/?cid=8531733439302101538&g_mp=Cilnb29nbGUubWFwcy5wbGFjZXMudjEuUGxhY2VzLlNlYXJjaE5lYXJieRACGAQgAA,,Google Places API (New) Nearby Search,2026-09-02T15:22:51+00:00
ChIJzw1nGGI3Xj4RSdzy0PD4W_k,صالون موفينك للرجال ( متحرك ),DIRECT,hair_salon,hair_salon,Hair salon,"hair_salon, hair_care, point_of_interest, service, establishment",Saif Bin Shdhaib Al Mansouri St - Shakhbout City - MSH6 - Abu Dhabi,24.357573499999997,54.625384999999994,4.5,4.0,OPERATIONAL,+971 50 133 2254,,https://maps.google.com/?cid=17968228851506142281&g_mp=Cilnb29nbGUubWFwcy5wbGFjZXMudjEuUGxhY2VzLlNlYXJjaE5lYXJieRACGAQgAA,Monday: 10:00 AM – 10:00 PM | Tuesday: 10:00 AM – 10:00 PM | Wednesday: 10:00 AM – 10:00 PM | Thursday: 10:00 AM – 10:00 PM | Friday: 10:00 AM – 10:00 PM | Saturday: Closed | Sunday: 10:00 AM – 10:00 PM,Google Places API (New) Nearby Search,2026-09-02T15:22:51+00:00
ChIJ652enmD59D4R5LOlZB3t_Dk,AL ANKABUT hair fixing,DIRECT,hair_salon,hair_salon,Hair salon,"hair_salon, hair_care, point_of_interest, service, establishment",Burj Amoon - Hamad Bin Abdulla Rd - Al Ghurfah - Fujairah,25.121609199999998,56.349625499999995,5.0,3.0,OPERATIONAL,+971 52 430 6611,,https://maps.google.com/?cid=4178475264791393252&g_mp=Cilnb29nbGUubWFwcy5wbGFjZXMudjEuUGxhY2VzLlNlYXJjaE5lYXJieRACGAQgAA,Monday: 8:30 – 11:30 AM | Tuesday: 10:00 – 11:00 AM | Wednesday: 10:00 – 11:30 AM | Thursday: 10:00 AM – 9:30 PM | Friday: 3:00 – 9:30 PM | Saturday: 10:00 AM – 9:30 PM | Sunday: Open 24 hours,Google Places API (New) Nearby Search,2026-09-02T15:22:51+00:00
ChIJ4TNJ_Beuij4RbLLgYvIfAOU,ALTA Styles,DIRECT,hair_salon,hair_salon,Hair salon,"hair_salon, hair_care, point_of_interest, service, establishment",5MW4+XXR - 'Asharij - Bida Bin Ammar - Abu Dhabi,24.1974883,55.65740530000001,3.3,3.0,OPERATIONAL,+971 50 591 6085,,https://maps.google.com/?cid=16501224160586936940&g_mp=Cilnb29nbGUubWFwcy5wbGFjZXMudjEuUGxhY2VzLlNlYXJjaE5lYXJieRACGAQgAA,Monday: 8:00 AM – 10:00 PM | Tuesday: 8:00 AM – 10:00 PM | Wednesday: 8:00 AM – 10:00 PM | Thursday: 8:00 AM – 10:00 PM | Friday: 8:00 AM – 10:00 PM | Saturday: 8:00 AM – 10:00 PM | Sunday: 8:00 AM – 10:00 PM,Google Places API (New) Nearby Search,2026-09-02T15:22:51+00:00
ChIJj5pu4Jmvij4R8VxjaZq3GhM,City saloon tawam,DIRECT,hair_salon,hair_salon,Hair salon,"hair_salon, hair_care, point_of_interest, service, establishment",5JVW+5JP - 135th St - Al Maqam - Twam - Abu Dhabi,24.1929643,55.6465831,5.0,3.0,OPERATIONAL,+971 50 223 0585,,https://maps.google.com/?cid=1376614509936073969&g_mp=Cilnb29nbGUubWFwcy5wbGFjZXMudjEuUGxhY2VzLlNlYXJjaE5lYXJieRACGAQgAA,,Google Places API (New) Nearby Search,2026-09-02T15:22:51+00:00
ChIJ98DgdwA3Xj4R9XhEkH014Ow,RIGHT RAZOR Gents Saloon - صالون رايت ريزر للحلاقة الرجالية,DIRECT,hair_salon,beauty_salon,Beauty salon,"beauty_salon, hair_salon, hair_care, point_of_interest, service, establishment","Al Ta'atuf St, Baniyas East - Building 56 - 3 شارع التَّعاطُف - behind Wahat Al Reyadi' Restaurant' - المبنى رقم 56، خلف مطعم واحة الرياضي - بني ياس - بني ياس شرق 3 - أبو ظبي",24.3056238,54.6130119,4.3,3.0,OPERATIONAL,+971 50 548 6623,,https://maps.google.com/?cid=17068701401141770485&g_mp=Cilnb29nbGUubWFwcy5wbGFjZXMudjEuUGxhY2VzLlNlYXJjaE5lYXJieRACGAQgAA,Monday: 8:30 AM – 11:30 PM | Tuesday: 8:30 AM – 11:30 PM | Wednesday: 8:30 AM – 11:30 PM | Thursday: 8:30 AM – 11:30 PM | Friday: 8:30 AM – 11:30 PM | Saturday: 8:30 AM – 11:30 PM | Sunday: 8:30 AM – 11:30 PM,Google Places API (New) Nearby Search,2026-09-02T15:22:51+00:00
ChIJj20voD9nZz4R1KWeyOD0k68,TS Gents Salon,DIRECT,hair_salon,hair_salon,Hair salon,"hair_salon, hair_care, service, point_of_interest, establishment","23.658807, 53.722800 - aldhafra industrial zone - شارع البُورْصَة - مدينة زايد - مدينة زايد شرق 16 - أبو ظبي",23.658740599999998,53.722833099999995,5.0,3.0,OPERATIONAL,+971 50 141 5287,,https://maps.google.com/?cid=12651725024489547220&g_mp=Cilnb29nbGUubWFwcy5wbGFjZXMudjEuUGxhY2VzLlNlYXJjaE5lYXJieRACGAQgAA,"Monday: 8:00 AM – 1:00 AM | Tuesday: 8:00 AM – 1:00 PM, 4:00 – 11:00 PM | Wednesday: 8:00 AM – 1:00 PM, 4:00 – 11:30 PM | Thursday: 8:00 AM – 1:00 PM, 4:00 – 11:30 PM | Friday: 8:00 AM – 1:00 PM, 4:00 – 11:30 PM | Saturday: 8:00 AM – 1:00 PM, 4:00 – 11:30 PM | Sunday: 8:00 AM – 1:00 PM, 4:00 – 11:30 PM",Google Places API (New) Nearby Search,2026-09-02T15:22:51+00:00
ChIJNX6i3NxPXj4RnxkrcK6kAG0,Top star gents saloon,DIRECT,hair_salon,hair_salon,Hair salon,"hair_salon, hair_care, point_of_interest, service, establishment",GMJR+RJ4 - Badʹ Khalifa St - Al Shahama - New Shahamah - Abu Dhabi,24.532010699999997,54.6915851,3.7,3.0,OPERATIONAL,+971 50 249 9772,,https://maps.google.com/?cid=7854458819247282591&g_mp=Cilnb29nbGUubWFwcy5wbGFjZXMudjEuUGxhY2VzLlNlYXJjaE5lYXJieRACGAQgAA,Monday: 9:00 AM – 12:00 AM | Tuesday: 9:00 AM – 12:00 AM | Wednesday: 9:00 AM – 12:00 AM | Thursday: 9:00 AM – 12:00 AM | Friday: 9:00 AM – 12:00 AM | Saturday: 9:00 AM – 12:00 AM | Sunday: 9:00 AM – 12:00 AM,Google Places API (New) Nearby Search,2026-09-02T15:22:51+00:00
ChIJzULRJAB39j4REo4ALZzLutw,Wow Nails Accessories,DIRECT,nail_salon,nail_salon,Nail salon,"nail_salon, beauty_salon, service, point_of_interest, establishment",146 Sidroh St - opposite Al maidah restaurant - Dahan - Ras Al Khaimah,25.784973599999997,55.9367308,5.0,3.0,OPERATIONAL,+971 50 220 3811,,https://maps.google.com/?cid=15905248905642675730&g_mp=Cilnb29nbGUubWFwcy5wbGFjZXMudjEuUGxhY2VzLlNlYXJjaE5lYXJieRACGAQgAA,Monday: 10:00 AM – 10:00 PM | Tuesday: 10:00 AM – 10:00 PM | Wednesday: 10:00 AM – 10:00 PM | Thursday: 10:00 AM – 10:00 PM | Friday: 10:00 AM – 10:00 PM | Saturday: 10:00 AM – 10:00 PM | Sunday: 10:00 AM – 10:00 PM,Google Places API (New) Nearby Search,2026-09-02T15:22:51+00:00
ChIJA48D3iF19j4RgMICY3CYKaQ,حلاق,DIRECT,hair_salon,hair_salon,Hair salon,"hair_salon, hair_care, service, point_of_interest, establishment",PVJV+HPW - الظيت - الظيت الجنوبي - إمارة رأس الخيمة,25.7314409,55.8942753,5.0,3.0,OPERATIONAL,,,https://maps.google.com/?cid=11829153504730202752&g_mp=Cilnb29nbGUubWFwcy5wbGFjZXMudjEuUGxhY2VzLlNlYXJjaE5lYXJieRACGAQgAA,,Google Places API (New) Nearby Search,2026-09-02T15:22:51+00:00
ChIJPfsER1pnZz4RAaM9QgKcxyg,صالون سيلهت للحلاقة SALON SYLHET HAIRDAESSING,DIRECT,hair_salon,hair_salon,Hair salon,"hair_salon, hair_care, service, point_of_interest, establishment",MP7M+83F - Madinat Zayed - MZE19 - Abu Dhabi,23.6633222,53.732669599999994,5.0,3.0,OPERATIONAL,+971 50 966 1480,,https://maps.google.com/?cid=2938488815397741313&g_mp=Cilnb29nbGUubWFwcy5wbGFjZXMudjEuUGxhY2VzLlNlYXJjaE5lYXJieRACGAQgAA,Monday: Open 24 hours | Tuesday: Open 24 hours | Wednesday: Open 24 hours | Thursday: Open 24 hours | Friday: Open 24 hours | Saturday: Open 24 hours | Sunday: Open 24 hours,Google Places API (New) Nearby Search,2026-09-02T15:22:51+00:00
ChIJJ7jBZY5PXj4RTl6-hx0XHHE,صالون طريق الأناقه,DIRECT,hair_salon,hair_salon,Hair salon,"hair_salon, hair_care, point_of_interest, service, establishment",GMPR+QR5 - Al Shahama - New Shahamah - Abu Dhabi,24.536896100000003,54.6921159,4.7,3.0,OPERATIONAL,+971 55 305 7173,,https://maps.google.com/?cid=8150414841232645710&g_mp=Cilnb29nbGUubWFwcy5wbGFjZXMudjEuUGxhY2VzLlNlYXJjaE5lYXJieRACGAQgAA,,Google Places API (New) Nearby Search,2026-09-02T15:22:51+00:00
ChIJWyadDQD59D4RD8jdezpObP0,ABDUL FATEH SALOON صالون عبدالفتاح للحلاقة,DIRECT,hair_salon,hair_salon,Hair salon,"hair_salon, hair_care, point_of_interest, service, establishment",48FQ+X53 - Al Mahattah - Fujairah,25.1248544,56.3379228,5.0,2.0,OPERATIONAL,+971 56 811 8764,,https://maps.google.com/?cid=18261056602173720591&g_mp=Cilnb29nbGUubWFwcy5wbGFjZXMudjEuUGxhY2VzLlNlYXJjaE5lYXJieRACGAQgAA,Monday: 8:30 AM – 12:30 AM | Tuesday: 8:30 AM – 12:30 AM | Wednesday: 8:30 AM – 12:30 AM | Thursday: 8:30 AM – 12:30 AM | Friday: 8:30 AM – 12:30 AM | Saturday: 8:30 AM – 12:30 AM | Sunday: 8:30 AM – 12:30 AM,Google Places API (New) Nearby Search,2026-09-02T15:22:51+00:00
ChIJQSSEGlBpZz4R7CvEumjusdo,AL MARMOOM SALON صالون المرموم للرجال,DIRECT,hair_salon,beauty_salon,Beauty salon,"beauty_salon, hair_salon, barber_shop, hair_care, service, health, point_of_interest, establishment",Madinat Zayed - MZW16 - Abu Dhabi,23.619590799999997,53.707843999999994,4.5,2.0,OPERATIONAL,,,https://maps.google.com/?cid=15758638704723504108&g_mp=Cilnb29nbGUubWFwcy5wbGFjZXMudjEuUGxhY2VzLlNlYXJjaE5lYXJieRACGAQgAA,Monday: 8:00 AM – 11:30 PM | Tuesday: 8:00 AM – 11:30 PM | Wednesday: 8:00 AM – 11:30 PM | Thursday: 8:00 AM – 11:30 PM | Friday: 8:00 AM – 11:30 PM | Saturday: 8:00 AM – 11:30 PM | Sunday: 8:00 AM – 11:30 PM,Google Places API (New) Nearby Search,2026-09-02T15:22:51+00:00
ChIJNyvJUqF39j4RJijXXhkAsXw,Al Daith South,DIRECT,hair_salon,hair_salon,Hair salon,"hair_salon, hair_care, service, point_of_interest, establishment",15 80D St - Al Dhait - Al Dhait South - Ras Al Khaimah,25.735808300000002,55.940442399999995,4.5,2.0,OPERATIONAL,+971 52 931 4961,,https://maps.google.com/?cid=8984962840546191398&g_mp=Cilnb29nbGUubWFwcy5wbGFjZXMudjEuUGxhY2VzLlNlYXJjaE5lYXJieRACGAQgAA,"Monday: 9:00 AM – 1:00 PM, 4:00 – 11:30 PM | Tuesday: 9:00 AM – 1:00 PM, 4:00 – 11:30 PM | Wednesday: 9:00 AM – 1:00 PM, 4:00 – 11:30 PM | Thursday: 9:00 AM – 1:00 PM, 4:00 – 11:30 PM | Friday: 9:00 AM – 1:00 PM, 4:00 – 11:30 PM | Saturday: 9:00 AM – 1:00 PM, 4:00 – 11:30 PM | Sunday: 9:00 AM – 1:00 PM, 4:00 – 11:30 PM",Google Places API (New) Nearby Search,2026-09-02T15:22:51+00:00
ChIJxyp3PNI3Xj4RTpkPtNt5ECI,DARK MOON GENTS SALON صالون دارك مون للرجال,DIRECT,hair_salon,hair_salon,Hair salon,"hair_salon, barber_shop, hair_care, health, point_of_interest, service, establishment",8 شارع الهازج - Bani Yas - Baniyas East - Abu Dhabi,24.2959236,54.6368434,3.0,2.0,OPERATIONAL,+971 50 624 4591,,https://maps.google.com/?cid=2454595781442640206&g_mp=Cilnb29nbGUubWFwcy5wbGFjZXMudjEuUGxhY2VzLlNlYXJjaE5lYXJieRACGAQgAA,Monday: 8:00 AM – 11:00 PM | Tuesday: 8:00 AM – 11:00 PM | Wednesday: 8:00 AM – 11:00 PM | Thursday: 8:00 AM – 11:00 PM | Friday: 8:00 AM – 11:30 PM | Saturday: 8:00 AM – 11:00 PM | Sunday: 8:00 AM – 11:00 PM,Google Places API (New) Nearby Search,2026-09-02T15:22:51+00:00
ChIJ_YWfT7J39j4RTURU9kxNfIA,GLOW studio Man Personal Care,DIRECT,nail_salon,nail_salon,Nail salon,"nail_salon, beauty_salon, service, point_of_interest, establishment",Corniche Al Qawasim St - Khuzam - Ras Al Khaimah,25.770475899999997,55.938943699999996,5.0,2.0,OPERATIONAL,+971 56 413 3332,,https://maps.google.com/?cid=9258359926912468045&g_mp=Cilnb29nbGUubWFwcy5wbGFjZXMudjEuUGxhY2VzLlNlYXJjaE5lYXJieRACGAQgAA,Monday: 10:00 AM – 10:00 PM | Tuesday: 10:00 AM – 10:00 PM | Wednesday: 10:00 AM – 10:00 PM | Thursday: 10:00 AM – 10:00 PM | Friday: 10:00 AM – 11:00 PM | Saturday: 10:00 AM – 11:00 PM | Sunday: 10:00 AM – 10:00 PM,Google Places API (New) Nearby Search,2026-09-02T15:22:51+00:00
ChIJX6orYgBnZz4RzlzzP8ysKtI,Golden Finger Gents Hairdressing saloon,DIRECT,hair_salon,hair_salon,Hair salon,"hair_salon, hair_care, service, point_of_interest, establishment",MP6J+FQF - Madinat Zayed - MZE19 - Abu Dhabi,23.6615644,53.7316341,5.0,2.0,OPERATIONAL,+971 50 614 5507,,https://maps.google.com/?cid=15144106690232933582&g_mp=Cilnb29nbGUubWFwcy5wbGFjZXMudjEuUGxhY2VzLlNlYXJjaE5lYXJieRACGAQgAA,,Google Places API (New) Nearby Search,2026-09-02T15:22:51+00:00
ChIJJ5gJMwBFXj4RW3-X0Jq0yYo,Massage Europe Hidden Bliss Spa VV,DIRECT,spa,beauty_salon,Beauty salon,"massage_spa, massage, spa, beauty_salon, point_of_interest, service, establishment",FHPR+QJ5 - Al Qawamees St - Yas Island - YS3 03 - Abu Dhabi,24.4868888,54.5915961,5.0,2.0,OPERATIONAL,,,https://maps.google.com/?cid=10000723024570449755&g_mp=Cilnb29nbGUubWFwcy5wbGFjZXMudjEuUGxhY2VzLlNlYXJjaE5lYXJieRACGAQgAA,,Google Places API (New) Nearby Search,2026-09-02T15:22:51+00:00
ChIJryale2Czij4Rc97z1tugN94,Sona Salon for Kids,DIRECT,hair_salon,hair_salon,Hair salon,"hair_salon, hair_care, point_of_interest, service, establishment",6MHC+P23 - Al Markhaniyyah - Al Habooy - Abu Dhabi,24.229265299999998,55.6700498,1.0,2.0,OPERATIONAL,,,https://maps.google.com/?cid=16012443866203676275&g_mp=Cilnb29nbGUubWFwcy5wbGFjZXMudjEuUGxhY2VzLlNlYXJjaE5lYXJieRACGAQgAA,,Google Places API (New) Nearby Search,2026-09-02T15:22:51+00:00
ChIJbZ0FPahLXj4RY3TFKG4293c,Taj Al Embrator,DIRECT,hair_salon,hair_salon,Hair salon,"hair_salon, hair_care, point_of_interest, service, establishment",CPVR+852 - Al Falah - 1D - Abu Dhabi,24.443267199999998,54.7403773,4.0,2.0,OPERATIONAL,,,https://maps.google.com/?cid=8644437856519287907&g_mp=Cilnb29nbGUubWFwcy5wbGFjZXMudjEuUGxhY2VzLlNlYXJjaE5lYXJieRACGAQgAA,,Google Places API (New) Nearby Search,2026-09-02T15:22:51+00:00
ChIJh87RcwBnZz4RBcVRWCsffX8,Tariq Al Jamaal Gents Salon,DIRECT,hair_salon,hair_salon,Hair salon,"hair_salon, hair_care, service, point_of_interest, establishment",MP6J+886 - Madinat Zayed - MZE19 - Abu Dhabi,23.660794900000003,53.73077910000001,5.0,2.0,OPERATIONAL,,,https://maps.google.com/?cid=9186533085931488517&g_mp=Cilnb29nbGUubWFwcy5wbGFjZXMudjEuUGxhY2VzLlNlYXJjaE5lYXJieRACGAQgAA,Monday: 8:00 AM – 11:30 PM | Tuesday: 8:00 AM – 11:30 PM | Wednesday: 8:00 AM – 11:30 PM | Thursday: 8:00 AM – 11:30 PM | Friday: 8:00 AM – 11:30 PM | Saturday: 8:00 AM – 11:30 PM | Sunday: 8:00 AM – 11:30 PM,Google Places API (New) Nearby Search,2026-09-02T15:22:51+00:00
ChIJ-3zGFwBnZz4R6rFt-91AkXU,حلاق إشاره,DIRECT,hair_salon,hair_salon,Hair salon,"hair_salon, hair_care, service, point_of_interest, establishment",JPP5+5GQ - Madinat Zayed - MZW13 - Abu Dhabi,23.635531999999998,53.7088809,4.0,2.0,OPERATIONAL,,,https://maps.google.com/?cid=8471623696210833898&g_mp=Cilnb29nbGUubWFwcy5wbGFjZXMudjEuUGxhY2VzLlNlYXJjaE5lYXJieRACGAQgAA,,Google Places API (New) Nearby Search,2026-09-02T15:22:51+00:00
ChIJeQc9-u2zij4RxYGKkIvunk8,صالون 15 للرجال - فرع الهابوي,DIRECT,hair_salon,hair_salon,Hair salon,"hair_salon, hair_care, point_of_interest, service, establishment",7 Al Thmam St - Al Markhaniyyah - Al Habooy - Abu Dhabi,24.22882,55.6699103,5.0,2.0,OPERATIONAL,+971 56 195 4444,,https://maps.google.com/?cid=5737285258509451717&g_mp=Cilnb29nbGUubWFwcy5wbGFjZXMudjEuUGxhY2VzLlNlYXJjaE5lYXJieRACGAQgAA,Monday: 9:00 AM – 1:00 AM | Tuesday: 9:00 AM – 1:00 AM | Wednesday: 9:00 AM – 1:00 AM | Thursday: 9:00 AM – 1:00 AM | Friday: 12:00 PM – 1:00 AM | Saturday: 9:00 AM – 1:00 AM | Sunday: 9:00 AM – 1:00 AM,Google Places API (New) Nearby Search,2026-09-02T15:22:51+00:00
ChIJAUJXWQBPXj4RFsvzWMRVP5w,صالون تاج البحر Crown of the Sea Salon💈✂️🔥💪🏻,DIRECT,hair_salon,hair_salon,Hair salon,"hair_salon, hair_care, service, point_of_interest, establishment",Al Raha Blvd - Al Rahah - Al Zeina - Abu Dhabi,24.454793499999997,54.6144034,3.0,2.0,OPERATIONAL,,,https://maps.google.com/?cid=11258811895243852566&g_mp=Cilnb29nbGUubWFwcy5wbGFjZXMudjEuUGxhY2VzLlNlYXJjaE5lYXJieRACGAQgAA,,Google Places API (New) Nearby Search,2026-09-02T15:22:51+00:00
ChIJ3e1XsYlnZz4Rqmk-ugaaE8Y,صالون فيكتوريا للرجال,DIRECT,hair_salon,hair_salon,Hair salon,"hair_salon, hair_care, service, point_of_interest, establishment",Madinat Zayed - MZE16 - Abu Dhabi,23.6584374,53.7218467,5.0,2.0,OPERATIONAL,+963 985 296 387,,https://maps.google.com/?cid=14272920997752367530&g_mp=Cilnb29nbGUubWFwcy5wbGFjZXMudjEuUGxhY2VzLlNlYXJjaE5lYXJieRACGAQgAA,Monday: 8:00 AM – 11:30 PM | Tuesday: 8:00 AM – 11:30 PM | Wednesday: 8:00 AM – 11:30 PM | Thursday: 8:00 AM – 11:30 PM | Friday: 8:00 AM – 11:30 PM | Saturday: 8:00 AM – 11:30 PM | Sunday: 8:00 AM – 11:30 PM,Google Places API (New) Nearby Search,2026-09-02T15:22:51+00:00
ChIJPSwprdBLXj4RsmIQ8BIG1bY,صالون لاموستاش للحلاقة الرجالية,DIRECT,hair_salon,hair_salon,Hair salon,"hair_salon, hair_care, point_of_interest, service, establishment",22 التَفَضُّل - Al Falah - 1E - Abu Dhabi,24.4345511,54.7326336,3.0,2.0,OPERATIONAL,+971 2 222 2939,,https://maps.google.com/?cid=13174442963349037746&g_mp=Cilnb29nbGUubWFwcy5wbGFjZXMudjEuUGxhY2VzLlNlYXJjaE5lYXJieRACGAQgAA,Monday: 10:00 AM – 9:00 PM | Tuesday: 10:00 AM – 9:00 PM | Wednesday: 10:00 AM – 9:00 PM | Thursday: 10:00 AM – 9:00 PM | Friday: 10:00 AM – 9:00 PM | Saturday: 10:00 AM – 9:00 PM | Sunday: 10:00 AM – 9:00 PM,Google Places API (New) Nearby Search,2026-09-02T15:22:51+00:00
ChIJc9M2xlOvij4R-gAQCRTyIVM,صالون نايس سيزر للرجال-Nice scissor Saloon,DIRECT,hair_salon,hair_salon,Hair salon,"hair_salon, hair_care, point_of_interest, service, establishment",2 Al Raya St - 'Asharij - Bida Bin Ammar - Abu Dhabi,24.2008029,55.6664895,2.0,2.0,OPERATIONAL,,,https://maps.google.com/?cid=5990335147244781818&g_mp=Cilnb29nbGUubWFwcy5wbGFjZXMudjEuUGxhY2VzLlNlYXJjaE5lYXJieRACGAQgAA,Monday: 10:00 AM – 10:00 PM | Tuesday: 10:00 AM – 10:00 PM | Wednesday: 10:00 AM – 10:00 PM | Thursday: 10:00 AM – 10:00 PM | Friday: 10:00 AM – 10:00 PM | Saturday: 10:00 AM – 10:00 PM | Sunday: 10:00 AM – 10:00 PM,Google Places API (New) Nearby Search,2026-09-02T15:22:51+00:00
ChIJn44w0_f59D4RvWYGgclVC2Q,Al fanar gents center صالون الفنار للرجال,DIRECT,nail_salon,barber_shop,Barber shop,"barber_shop, nail_salon, hair_care, beauty_salon, health, point_of_interest, service, establishment",Jerusalem St - Mraisheed - Fujairah,25.1209307,56.3401801,5.0,1.0,OPERATIONAL,+971 54 468 5777,,https://maps.google.com/?cid=7208949952478078653&g_mp=Cilnb29nbGUubWFwcy5wbGFjZXMudjEuUGxhY2VzLlNlYXJjaE5lYXJieRACGAQgAA,Monday: 10:00 AM – 12:00 AM | Tuesday: 10:00 AM – 12:00 AM | Wednesday: 10:00 AM – 12:00 AM | Thursday: 10:00 AM – 12:00 AM | Friday: 10:00 AM – 12:00 AM | Saturday: 10:00 AM – 12:00 AM | Sunday: 10:00 AM – 12:00 AM,Google Places API (New) Nearby Search,2026-09-02T15:22:51+00:00
ChIJlZcxQ5VnZz4RQYCjjUogX50,Gents sloon,DIRECT,beauty_salon,beauty_salon,Beauty salon,"beauty_salon, point_of_interest, service, establishment",Madinat Zayed - MZE16 - Abu Dhabi,23.659654099999997,53.723915,5.0,1.0,OPERATIONAL,+971 50 741 3048,,https://maps.google.com/?cid=11339817891318169665&g_mp=Cilnb29nbGUubWFwcy5wbGFjZXMudjEuUGxhY2VzLlNlYXJjaE5lYXJieRACGAQgAA,Monday: 8:00 AM – 10:00 PM | Tuesday: 8:00 AM – 10:00 PM | Wednesday: 8:00 AM – 10:00 PM | Thursday: 8:00 AM – 10:00 PM | Friday: 8:00 AM – 10:00 PM | Saturday: 8:00 AM – 10:00 PM | Sunday: 8:00 AM – 10:00 PM,Google Places API (New) Nearby Search,2026-09-02T15:22:51+00:00
ChIJjRn-DLxBXj4RNKDugsb_UgI,Golden star gents salon,DIRECT,hair_salon,beauty_salon,Beauty salon,"beauty_salon, barber_shop, hair_salon, hair_care, health, point_of_interest, service, establishment",Al Basith camb - near al madeena super market - مصفح - مصفح الصناعية - أبو ظبي,24.3726989,54.479573200000004,5.0,1.0,OPERATIONAL,+971 56 838 4841,,https://maps.google.com/?cid=167477364231413812&g_mp=Cilnb29nbGUubWFwcy5wbGFjZXMudjEuUGxhY2VzLlNlYXJjaE5lYXJieRACGAQgAA,Monday: 8:00 AM – 11:30 PM | Tuesday: 8:00 AM – 11:30 PM | Wednesday: 8:00 AM – 10:30 PM | Thursday: 8:00 AM – 11:30 PM | Friday: 8:00 AM – 11:30 PM | Saturday: 8:00 AM – 10:30 PM | Sunday: 8:00 AM – 10:30 PM,Google Places API (New) Nearby Search,2026-09-02T15:22:51+00:00
ChIJJeVLTB9hXz4RH-4bfiFsE3U,Nails,DIRECT,nail_salon,nail_salon,Nail salon,"nail_salon, beauty_salon, point_of_interest, service, establishment",Al Mizhar Second - Al Mizhar - Dubai,25.2434087,55.4618489,5.0,1.0,OPERATIONAL,+971 50 486 5557,,https://maps.google.com/?cid=8436205418100551199&g_mp=Cilnb29nbGUubWFwcy5wbGFjZXMudjEuUGxhY2VzLlNlYXJjaE5lYXJieRACGAQgAA,Monday: 4:30 – 7:00 AM | Tuesday: Closed | Wednesday: 4:00 – 7:00 AM | Thursday: Closed | Friday: Open 24 hours | Saturday: Closed | Sunday: 2:00 – 7:30 AM,Google Places API (New) Nearby Search,2026-09-02T15:22:51+00:00
ChIJBc3J_KZnZz4RU9I8sA_DGrI,New Al Dhaif saloon,DIRECT,nail_salon,nail_salon,Nail salon,"nail_salon, beauty_salon, point_of_interest, service, establishment",193 Ad Dhafra Rd - near map shoes - Madinat Za'id - MZE19 - Abu Dhabi,23.6604249,53.7300871,5.0,1.0,OPERATIONAL,+971 56 604 9267,,https://maps.google.com/?cid=12833784560294351443&g_mp=Cilnb29nbGUubWFwcy5wbGFjZXMudjEuUGxhY2VzLlNlYXJjaE5lYXJieRACGAQgAA,Monday: 8:00 AM – 12:00 PM | Tuesday: 8:00 AM – 12:00 PM | Wednesday: 8:00 AM – 12:00 PM | Thursday: 8:00 AM – 12:00 PM | Friday: 8:00 AM – 12:00 PM | Saturday: 8:00 AM – 12:00 PM | Sunday: 8:00 AM – 12:00 PM,Google Places API (New) Nearby Search,2026-09-02T15:22:51+00:00
ChIJcR8_Ag03Xj4RoMKJBgEMuA4,Shaimaa Alghadeer Laydi Saloon,DIRECT,hair_salon,hair_salon,Hair salon,"hair_salon, hair_care, point_of_interest, service, establishment",8J8M+7GC - Bani Yas - EB2 03 - Abu Dhabi,24.315683099999998,54.633756,5.0,1.0,OPERATIONAL,+971 2 582 6629,,https://maps.google.com/?cid=1060610910789943968&g_mp=Cilnb29nbGUubWFwcy5wbGFjZXMudjEuUGxhY2VzLlNlYXJjaE5lYXJieRACGAQgAA,,Google Places API (New) Nearby Search,2026-09-02T15:22:51+00:00
ChIJteiZ_KsxXj4RuG_oXaWx5sc,صالون الزياني للرجال,DIRECT,hair_salon,hair_salon,Hair salon,"hair_salon, hair_care, point_of_interest, service, establishment",Unnamed Road - جَرْن - 7J4J+4W9 - Jarn Yafour - يَافُورمدينة المفرق للعمال - Abu Dhabi,24.255296599999998,54.632353099999996,5.0,1.0,OPERATIONAL,+971 52 210 7903,,https://maps.google.com/?cid=14404395781994344376&g_mp=Cilnb29nbGUubWFwcy5wbGFjZXMudjEuUGxhY2VzLlNlYXJjaE5lYXJieRACGAQgAA,Monday: Closed | Tuesday: Closed | Wednesday: Closed | Thursday: Closed | Friday: Closed | Saturday: Open 24 hours | Sunday: Closed,Google Places API (New) Nearby Search,2026-09-02T15:22:51+00:00
ChIJVSBoxRKzij4RyipMKZhIrR4,صالون مساء النور للحلاقة,DIRECT,hair_salon,hair_salon,Hair salon,"hair_salon, hair_care, point_of_interest, service, establishment",6MQW+5P5 - Hamdan Bin Mohammad St - Al Khibeesi - Al Meryal - Abu Dhabi,24.2378526,55.696824899999996,5.0,1.0,OPERATIONAL,,,https://maps.google.com/?cid=2210502810473867978&g_mp=Cilnb29nbGUubWFwcy5wbGFjZXMudjEuUGxhY2VzLlNlYXJjaE5lYXJieRACGAQgAA,,Google Places API (New) Nearby Search,2026-09-02T15:22:51+00:00
ChIJgSu-zBxBXj4Rz8Jg9k1AQK8,Al Zayani Saloon,DIRECT,hair_salon,hair_salon,Hair salon,"hair_salon, hair_care, point_of_interest, service, establishment",7 Al Qunout 4 St - Musaffah - M16 - Abu Dhabi,24.370672,54.489033,,,OPERATIONAL,+971 2 554 4384,,https://maps.google.com/?cid=12628164058737066703&g_mp=Cilnb29nbGUubWFwcy5wbGFjZXMudjEuUGxhY2VzLlNlYXJjaE5lYXJieRACGAQgAA,,Google Places API (New) Nearby Search,2026-09-02T15:22:51+00:00
ChIJ0Qh_PAB39j4RKEWX0zI8joc,Gold health beautiful eyelashes Manicure,DIRECT,nail_salon,nail_salon,Nail salon,"nail_salon, beauty_salon, service, point_of_interest, establishment",QX74+8G2 - Al Qurum - Ras Al Khaimah,25.763253499999998,55.95627700000001,,,OPERATIONAL,+971 50 293 5903,,https://maps.google.com/?cid=9767810830809122088&g_mp=Cilnb29nbGUubWFwcy5wbGFjZXMudjEuUGxhY2VzLlNlYXJjaE5lYXJieRACGAQgAA,Monday: 10:00 AM – 5:00 AM | Tuesday: 10:00 AM – 5:00 AM | Wednesday: 10:00 AM – 5:00 AM | Thursday: 10:00 AM – 5:00 AM | Friday: 10:00 AM – 5:00 AM | Saturday: 10:00 AM – 5:00 AM | Sunday: 10:00 AM – 5:00 AM,Google Places API (New) Nearby Search,2026-09-02T15:22:51+00:00
ChIJw8M7dwBfXz4RaVa_fnwYnEM,Haji gul,DIRECT,nail_salon,nail_salon,Nail salon,"nail_salon, beauty_salon, point_of_interest, service, establishment",7CCJ+7F2 - Muhaisanah Second - Muhaisanah 2 - Dubai,25.270678300000004,55.4310267,,,OPERATIONAL,,,https://maps.google.com/?cid=4871795819889514089&g_mp=Cilnb29nbGUubWFwcy5wbGFjZXMudjEuUGxhY2VzLlNlYXJjaE5lYXJieRACGAQgAA,,Google Places API (New) Nearby Search,2026-09-02T15:22:51+00:00
ChIJKXOaFxhnZz4R47ny1MI7mEo,Kanaan city barbar saloon,DIRECT,hair_salon,hair_salon,Hair salon,"hair_salon, hair_care, service, point_of_interest, establishment",Ad Dhafra Rd - rode - MZE16 - Abu Dhabi,23.658431900000004,53.7258674,,,OPERATIONAL,+971 50 703 5135,,https://maps.google.com/?cid=5375111863249058275&g_mp=Cilnb29nbGUubWFwcy5wbGFjZXMudjEuUGxhY2VzLlNlYXJjaE5lYXJieRACGAQgAA,Monday: 9:00 AM – 12:00 PM | Tuesday: 9:00 AM – 12:00 PM | Wednesday: 9:00 AM – 12:00 PM | Thursday: 9:00 AM – 12:00 PM | Friday: 9:00 AM – 12:00 PM | Saturday: 9:00 AM – 12:00 PM | Sunday: 9:00 AM – 12:00 PM,Google Places API (New) Nearby Search,2026-09-02T15:22:51+00:00
ChIJL5_aeAD59D4RCv8HO8aAANs,Najoom gents salon,DIRECT,nail_salon,nail_salon,Nail salon,"nail_salon, hair_salon, hair_care, beauty_salon, point_of_interest, service, establishment",Al Luluah Road 2 - Fujairah City Center - Fujairah,25.1220701,56.3345481,,,OPERATIONAL,+971 55 689 1734,,https://maps.google.com/?cid=15780754683188477706&g_mp=Cilnb29nbGUubWFwcy5wbGFjZXMudjEuUGxhY2VzLlNlYXJjaE5lYXJieRACGAQgAA,,Google Places API (New) Nearby Search,2026-09-02T15:22:51+00:00
ChIJc16kuon49D4ROdEl3dj7GlI,New Bustan Saloon,DIRECT,hair_salon,hair_salon,Hair salon,"hair_salon, hair_care, point_of_interest, service, establishment",48HP+47R - Fahim Rd - Al Mahattah - Fujairah,25.1278621,56.3356323,,,OPERATIONAL,+971 9 224 1927,,https://maps.google.com/?cid=5916317969346318649&g_mp=Cilnb29nbGUubWFwcy5wbGFjZXMudjEuUGxhY2VzLlNlYXJjaE5lYXJieRACGAQgAA,,Google Places API (New) Nearby Search,2026-09-02T15:22:51+00:00
ChIJ9WVtyJVJXj4R_N5ygAwDtsk,Nice FEELING,DIRECT,hair_salon,hair_salon,Hair salon,"hair_salon, hair_care, service, point_of_interest, establishment",Al Qunoot - Street 7 - Al Reef - Abu Dhabi,24.451629099999998,54.6735171,,,OPERATIONAL,,,https://maps.google.com/?cid=14534808199614357244&g_mp=Cilnb29nbGUubWFwcy5wbGFjZXMudjEuUGxhY2VzLlNlYXJjaE5lYXJieRACGAQgAA,Monday: 7:00 AM – 11:00 PM | Tuesday: 7:00 AM – 11:00 PM | Wednesday: 7:00 AM – 11:00 PM | Thursday: 7:00 AM – 11:00 PM | Friday: 7:00 AM – 11:00 PM | Saturday: 7:00 AM – 11:00 PM | Sunday: 7:00 AM – 11:00 PM,Google Places API (New) Nearby Search,2026-09-02T15:22:51+00:00
ChIJ1zogncRFXj4RGTxRt0F_muc,Saal Gents Salon,DIRECT,hair_salon,hair_salon,Hair salon,"hair_salon, hair_care, point_of_interest, service, establishment",Yas Island- YS1 - Abu Dhabi - United Arab Emirates شارع الاحتراف - W hotel 2nd floor - Yas Island - YS1 - Abu Dhabi,24.467493599999997,54.6056722,,,OPERATIONAL,+971 56 289 0432,,https://maps.google.com/?cid=16688791289399950361&g_mp=Cilnb29nbGUubWFwcy5wbGFjZXMudjEuUGxhY2VzLlNlYXJjaE5lYXJieRACGAQgAA,Monday: 10:00 AM – 8:30 PM | Tuesday: 10:00 AM – 8:30 PM | Wednesday: 10:00 AM – 8:30 PM | Thursday: 10:00 AM – 8:30 PM | Friday: 10:00 AM – 8:30 PM | Saturday: 10:00 AM – 10:00 PM | Sunday: 10:00 AM – 10:00 PM,Google Places API (New) Nearby Search,2026-09-02T15:22:51+00:00
ChIJSXAjf_o3Xj4RM-Z9rnoLqQM,Sewing corner abudhabi,DIRECT,hair_salon,hair_salon,Hair salon,"hair_salon, hair_care, point_of_interest, service, establishment",175 Al Tafawwuq St - Bani Yas - EB9 - Abu Dhabi,24.2916337,54.645632299999995,,,OPERATIONAL,,,https://maps.google.com/?cid=263754674719286835&g_mp=Cilnb29nbGUubWFwcy5wbGFjZXMudjEuUGxhY2VzLlNlYXJjaE5lYXJieRACGAQgAA,,Google Places API (New) Nearby Search,2026-09-02T15:22:51+00:00
ChIJzytGPQBFXj4ROm4eylf7Kho,Yaber alahbabi,DIRECT,nail_salon,nail_salon,Nail salon,"nail_salon, beauty_salon, point_of_interest, service, establishment",11 Al Ahfad St - Yas Island - YN3 - Abu Dhabi,24.5020772,54.5962314,,,OPERATIONAL,,,https://maps.google.com/?cid=1885595748479692346&g_mp=Cilnb29nbGUubWFwcy5wbGFjZXMudjEuUGxhY2VzLlNlYXJjaE5lYXJieRACGAQgAA,,Google Places API (New) Nearby Search,2026-09-02T15:22:51+00:00
ChIJcZqDBgAxXj4RARRPAyKMcKM,Zeeshan,DIRECT,nail_salon,nail_salon,Nail salon,"nail_salon, beauty_salon, point_of_interest, service, establishment",21 Tawi Bilyidouʹ St - Al Wathba - Al Wathbah South - Abu Dhabi,24.278222,54.648888,,,OPERATIONAL,,,https://maps.google.com/?cid=11777067103286137857&g_mp=Cilnb29nbGUubWFwcy5wbGFjZXMudjEuUGxhY2VzLlNlYXJjaE5lYXJieRACGAQgAA,,Google Places API (New) Nearby Search,2026-09-02T15:22:51+00:00
ChIJmae_OABRXj4RIxTWalzHY_k,الخليلل للطباعه في الشهامه,DIRECT,nail_salon,nail_salon,Nail salon,"nail_salon, beauty_salon, service, point_of_interest, establishment",38 Al Sa'ay St - Al Bahyah - Al Shahamah Old - Abu Dhabi,24.556461,54.694393,,,OPERATIONAL,,,https://maps.google.com/?cid=17970426137881744419&g_mp=Cilnb29nbGUubWFwcy5wbGFjZXMudjEuUGxhY2VzLlNlYXJjaE5lYXJieRACGAQgAA,,Google Places API (New) Nearby Search,2026-09-02T15:22:51+00:00
ChIJ-WDHQB359D4RXxfsHFC7uEM,حلاق ماجد,DIRECT,hair_salon,hair_salon,Hair salon,"hair_salon, hair_care, point_of_interest, service, establishment",48JQ+J5P - Al Mahattah - Fujairah,25.131565900000002,56.337925299999995,,,OPERATIONAL,+971 52 448 2918,,https://maps.google.com/?cid=4879856149012944735&g_mp=Cilnb29nbGUubWFwcy5wbGFjZXMudjEuUGxhY2VzLlNlYXJjaE5lYXJieRACGAQgAA,Monday: 10:00 AM – 12:00 PM | Tuesday: 10:00 AM – 12:00 PM | Wednesday: 10:00 AM – 12:00 PM | Thursday: 10:00 AM – 12:00 PM | Friday: 10:00 AM – 12:00 PM | Saturday: 10:00 AM – 12:00 PM | Sunday: 10:00 AM – 12:00 PM,Google Places API (New) Nearby Search,2026-09-02T15:22:51+00:00
ChIJ4dtgSABPXj4RZ2B1AqIw6hM,صالون,DIRECT,nail_salon,nail_salon,Nail salon,"nail_salon, beauty_salon, service, point_of_interest, establishment",GMQR+8RG حديقة - Badʹ Khalifa St - Al Shahama - New Shahamah - Abu Dhabi,24.5383056,54.6920833,,,OPERATIONAL,,,https://maps.google.com/?cid=1435012903655006311&g_mp=Cilnb29nbGUubWFwcy5wbGFjZXMudjEuUGxhY2VzLlNlYXJjaE5lYXJieRACGAQgAA,,Google Places API (New) Nearby Search,2026-09-02T15:22:51+00:00
