{"type":"FeatureCollection","features":[{"type":"Feature","id":"37-5","geometry":{"coordinates":[[[55.661531,24.259783],[55.669573,24.25617],[55.669856,24.250584],[55.6694,24.247013],[55.666941,24.239514],[55.66532,24.238011],[55.660327,24.232831],[55.655298,24.227103],[55.650095,24.224734],[55.647922,24.224163],[55.64387,24.223512],[55.643655,24.223409],[55.643103,24.223041],[55.636093,24.219251],[55.633931,24.218402],[55.630739,24.216937],[55.627786,24.21575],[55.625045,24.214656],[55.620932,24.213011],[55.6187,24.21212],[55.616468,24.211229],[55.614236,24.210338],[55.611849,24.209376],[55.611501,24.209178],[55.611132,24.208887],[55.610862,24.20858],[55.610418,24.207659],[55.610403,24.207567],[55.612346,24.205463],[55.612439,24.205485],[55.613025,24.205734],[55.621167,24.208736],[55.622124,24.209118],[55.6294,24.210794],[55.631085,24.210879],[55.636142,24.211093],[55.636337,24.211171],[55.642376,24.214939],[55.647516,24.212624],[55.65328,24.209685],[55.654379,24.209827],[55.657958,24.216032],[55.663298,24.214728],[55.667881,24.213774],[55.676478,24.212821],[55.684401,24.209435],[55.686481,24.209596],[55.686557,24.209628],[55.687723,24.210821],[55.689227,24.217264],[55.693367,24.218698],[55.696253,24.219711],[55.69753,24.220139],[55.697555,24.220148],[55.696943,24.221841],[55.696382,24.223552],[55.695316,24.230011],[55.695258,24.234392],[55.701599,24.240258],[55.702361,24.240539],[55.702997,24.241014],[55.703092,24.24112],[55.703421,24.242137],[55.703453,24.242273],[55.700536,24.243642],[55.700305,24.243638],[55.699697,24.243606],[55.699391,24.243486],[55.694787,24.24282],[55.691503,24.241343],[55.68839,24.241986],[55.688126,24.250666],[55.689184,24.251508],[55.687909,24.253414],[55.687885,24.253439],[55.686943,24.254325],[55.685504,24.253603],[55.685476,24.253581],[55.68391,24.251917],[55.682293,24.250639],[55.674685,24.252329],[55.673832,24.25483],[55.67298,24.257331],[55.672128,24.259831],[55.671704,24.262795],[55.671642,24.26336],[55.671445,24.263886],[55.671133,24.26434],[55.670734,24.264699],[55.670593,24.264792],[55.670498,24.26485],[55.670327,24.264872],[55.664579,24.26384],[55.661038,24.263349],[55.661531,24.259783]]],"type":"Polygon"},"properties":{"branch_id":"37","branch_name":"Al Ain","travel_mode":"driving-car","travel_direction":"destination","travel_minutes":5,"area_km2":19.27473673,"origin_latitude":24.2266835,"origin_longitude":55.6599794,"coordinate_source":"Google Places matched coordinates","data_source":"openrouteservice/HeiGIT; OpenStreetMap road network","generated_at":"2026-09-02T15:55:46+00:00"}},{"type":"Feature","id":"37-10","geometry":{"coordinates":[[[55.563295,24.210945],[55.563037,24.210112],[55.562928,24.209579],[55.562864,24.209138],[55.562817,24.208487],[55.562822,24.207992],[55.562874,24.207301],[55.563057,24.206331],[55.563324,24.20549],[55.56354,24.204976],[55.563915,24.20427],[55.564437,24.203493],[55.564794,24.203059],[55.565227,24.202607],[55.565643,24.202222],[55.566173,24.201805],[55.566946,24.201307],[55.567485,24.201018],[55.567942,24.200815],[55.568652,24.200546],[55.56897,24.200442],[55.569837,24.200241],[55.570432,24.200149],[55.579035,24.197787],[55.579479,24.197591],[55.579974,24.197444],[55.580342,24.197375],[55.580798,24.197342],[55.588327,24.192708],[55.588794,24.1916],[55.589174,24.190778],[55.589647,24.189843],[55.589987,24.189264],[55.590573,24.188361],[55.591406,24.187251],[55.59292,24.18553],[55.594882,24.183388],[55.599355,24.178317],[55.600028,24.177598],[55.600635,24.177031],[55.600986,24.176742],[55.601556,24.176324],[55.602254,24.175895],[55.605016,24.174282],[55.607769,24.174432],[55.60877,24.174486],[55.609766,24.174628],[55.612409,24.175245],[55.615782,24.176066],[55.619265,24.176918],[55.620641,24.177347],[55.619571,24.180784],[55.618194,24.180355],[55.614931,24.179564],[55.611558,24.178743],[55.607352,24.179845],[55.609611,24.187745],[55.612144,24.188762],[55.614678,24.18978],[55.617514,24.195422],[55.626,24.195142],[55.626568,24.19474],[55.627183,24.194551],[55.627286,24.194538],[55.632973,24.195361],[55.632422,24.186567],[55.629126,24.185008],[55.630665,24.181753],[55.636724,24.183673],[55.645181,24.183922],[55.648398,24.185538],[55.657109,24.183456],[55.657473,24.182855],[55.660364,24.179148],[55.66359,24.180745],[55.668237,24.18649],[55.674027,24.184162],[55.675921,24.1811],[55.682215,24.182499],[55.687285,24.185351],[55.687958,24.185619],[55.688663,24.185879],[55.690161,24.186475],[55.697839,24.186025],[55.699404,24.183535],[55.700423,24.18197],[55.701437,24.180412],[55.703184,24.177698],[55.704398,24.175795],[55.705615,24.17389],[55.707343,24.171197],[55.708882,24.171937],[55.709129,24.172056],[55.710373,24.173141],[55.709879,24.181365],[55.709833,24.181437],[55.708046,24.182897],[55.709026,24.190895],[55.710611,24.191763],[55.715271,24.197363],[55.718431,24.199089],[55.720769,24.201495],[55.721185,24.201899],[55.721258,24.201992],[55.725957,24.207438],[55.729819,24.210171],[55.732239,24.214284],[55.73149,24.217805],[55.737442,24.222908],[55.738521,24.222853],[55.740085,24.227348],[55.744471,24.23003],[55.74466,24.233625],[55.749967,24.239211],[55.750135,24.242807],[55.743824,24.247137],[55.74313,24.248791],[55.74138,24.251475],[55.740262,24.251988],[55.737784,24.251657],[55.731741,24.257925],[55.730611,24.260957],[55.730448,24.260959],[55.729214,24.260949],[55.728146,24.260824],[55.725156,24.269194],[55.726384,24.270932],[55.729942,24.277731],[55.730458,24.278196],[55.731057,24.278772],[55.731633,24.279373],[55.732235,24.280052],[55.732554,24.280439],[55.733264,24.281379],[55.733989,24.282467],[55.734635,24.283583],[55.735015,24.284328],[55.736485,24.287395],[55.738021,24.290607],[55.742235,24.298089],[55.743427,24.299759],[55.744204,24.300918],[55.744718,24.301752],[55.745218,24.302632],[55.74604,24.304266],[55.747213,24.306857],[55.743933,24.308341],[55.742761,24.30575],[55.742004,24.304253],[55.741593,24.30354],[55.74114,24.302807],[55.74044,24.301768],[55.739306,24.300182],[55.733489,24.295662],[55.732947,24.293886],[55.732865,24.29348],[55.732869,24.292853],[55.731769,24.285884],[55.731429,24.285221],[55.730877,24.284277],[55.730274,24.283386],[55.729686,24.282615],[55.729465,24.282351],[55.728941,24.281762],[55.728465,24.281271],[55.727965,24.280792],[55.727535,24.280408],[55.727095,24.280038],[55.726331,24.279442],[55.71769,24.280226],[55.715563,24.283333],[55.71237,24.281668],[55.709168,24.274179],[55.704921,24.274081],[55.704565,24.274194],[55.703661,24.274271],[55.703235,24.274186],[55.70196,24.273787],[55.700781,24.273376],[55.699997,24.273032],[55.699224,24.272608],[55.697601,24.271583],[55.696105,24.270591],[55.695069,24.26994],[55.694293,24.269499],[55.693741,24.269087],[55.693277,24.268696],[55.692902,24.264799],[55.689507,24.260883],[55.682721,24.263437],[55.677673,24.265928],[55.670391,24.268659],[55.669222,24.272154],[55.668121,24.275444],[55.667504,24.282387],[55.667395,24.282703],[55.665473,24.283924],[55.658599,24.284484],[55.655505,24.282645],[55.656667,24.280689],[55.657829,24.278733],[55.659267,24.276199],[55.660723,24.273633],[55.662179,24.271067],[55.661038,24.263349],[55.661531,24.259783],[55.66138,24.251923],[55.661244,24.251075],[55.664305,24.247668],[55.666941,24.239514],[55.66532,24.238011],[55.660327,24.232831],[55.65675,24.231915],[55.656608,24.231898],[55.656307,24.231805],[55.65566,24.231344],[55.651817,24.228361],[55.651075,24.227991],[55.650522,24.227675],[55.643365,24.226524],[55.641223,24.227987],[55.638728,24.230726],[55.635569,24.230738],[55.634356,24.239989],[55.637129,24.240778],[55.636144,24.24424],[55.633136,24.249952],[55.637147,24.256653],[55.636652,24.260219],[55.627814,24.261618],[55.623114,24.269052],[55.623044,24.269331],[55.619553,24.268453],[55.61857,24.267031],[55.615949,24.260802],[55.617047,24.257683],[55.623616,24.255869],[55.624196,24.255581],[55.627301,24.253538],[55.629609,24.247218],[55.629564,24.246663],[55.62943,24.245667],[55.629271,24.244765],[55.629335,24.241968],[55.631583,24.2392],[55.635379,24.230687],[55.634879,24.230046],[55.634689,24.229335],[55.634781,24.228598],[55.635149,24.227942],[55.635535,24.227561],[55.636644,24.221168],[55.633931,24.218402],[55.630739,24.216937],[55.627786,24.21575],[55.625045,24.214656],[55.620248,24.220949],[55.621515,24.223107],[55.621916,24.223803],[55.62064,24.225671],[55.620351,24.225789],[55.618797,24.2256],[55.618396,24.224905],[55.617143,24.222772],[55.616787,24.222233],[55.616221,24.221467],[55.615838,24.220991],[55.615244,24.220319],[55.614589,24.219657],[55.613991,24.219111],[55.613414,24.218628],[55.608182,24.216127],[55.603728,24.215119],[55.598937,24.21748],[55.598404,24.217551],[55.597728,24.217609],[55.59591,24.2175],[55.592743,24.216986],[55.584457,24.213481],[55.584254,24.213309],[55.583695,24.212459],[55.582074,24.209891],[55.581884,24.209609],[55.576401,24.205281],[55.575328,24.20509],[55.571721,24.20367],[55.566698,24.209768],[55.567642,24.212496],[55.568586,24.215224],[55.565184,24.216402],[55.563295,24.210945]]],"type":"Polygon"},"properties":{"branch_id":"37","branch_name":"Al Ain","travel_mode":"driving-car","travel_direction":"destination","travel_minutes":10,"area_km2":109.13842437,"origin_latitude":24.2266835,"origin_longitude":55.6599794,"coordinate_source":"Google Places matched coordinates","data_source":"openrouteservice/HeiGIT; OpenStreetMap road network","generated_at":"2026-09-02T15:55:46+00:00"}},{"type":"Feature","id":"37-15","geometry":{"coordinates":[[[55.485235,24.210762],[55.491983,24.210885],[55.496182,24.210248],[55.500424,24.209606],[55.506523,24.207834],[55.510059,24.206299],[55.513657,24.206427],[55.521678,24.205996],[55.525613,24.20144],[55.525819,24.201033],[55.52903,24.20266],[55.529693,24.205974],[55.530259,24.209947],[55.536166,24.215017],[55.539532,24.216095],[55.546122,24.216843],[55.54799,24.21656],[55.552155,24.215543],[55.554894,24.214982],[55.55832,24.216087],[55.563037,24.210112],[55.562928,24.209579],[55.559589,24.205478],[55.557701,24.20384],[55.555484,24.203086],[55.554792,24.202846],[55.554216,24.202627],[55.552192,24.201949],[55.549578,24.20104],[55.549272,24.200853],[55.546655,24.197192],[55.546921,24.196862],[55.554895,24.194756],[55.562728,24.193112],[55.565883,24.191378],[55.570829,24.194598],[55.57427,24.195659],[55.580342,24.197375],[55.580798,24.197342],[55.588186,24.192625],[55.588797,24.191184],[55.58921,24.190329],[55.586368,24.182152],[55.584103,24.181227],[55.582815,24.180579],[55.581725,24.179962],[55.580636,24.179241],[55.579506,24.178396],[55.578814,24.177818],[55.57643,24.175639],[55.574045,24.17346],[55.571661,24.171281],[55.569276,24.169102],[55.566891,24.166922],[55.564495,24.164733],[55.563419,24.163731],[55.562843,24.163155],[55.562073,24.162315],[55.561298,24.161355],[55.560455,24.160126],[55.559993,24.159363],[55.559492,24.158466],[55.558089,24.156023],[55.558061,24.155766],[55.560991,24.153893],[55.56127,24.154273],[55.561457,24.154571],[55.561766,24.15507],[55.562676,24.156785],[55.563136,24.157607],[55.563532,24.158257],[55.564263,24.159313],[55.564864,24.160041],[55.565489,24.160714],[55.565958,24.161178],[55.566947,24.162096],[55.56932,24.164265],[55.571705,24.166444],[55.574089,24.168623],[55.576474,24.170803],[55.584301,24.16785],[55.58452,24.167482],[55.586393,24.16101],[55.583237,24.155646],[55.582948,24.155396],[55.582605,24.155033],[55.580335,24.152106],[55.578064,24.149178],[55.580909,24.146972],[55.583179,24.1499],[55.588045,24.154787],[55.590608,24.15674],[55.590867,24.156957],[55.591177,24.15728],[55.591388,24.157531],[55.595781,24.16222],[55.600112,24.164683],[55.603177,24.16603],[55.603913,24.166427],[55.604637,24.166932],[55.605012,24.167245],[55.6054,24.167651],[55.605712,24.168028],[55.605955,24.168358],[55.606192,24.168725],[55.606464,24.169244],[55.606657,24.169693],[55.612409,24.175245],[55.615782,24.176066],[55.622645,24.171787],[55.630362,24.170066],[55.630842,24.170057],[55.636383,24.168305],[55.63811,24.168322],[55.643429,24.162327],[55.63917,24.156662],[55.640498,24.153316],[55.649066,24.153874],[55.655345,24.149941],[55.656684,24.1488],[55.656709,24.148797],[55.658517,24.149796],[55.66046,24.151209],[55.661146,24.151615],[55.661402,24.151821],[55.664487,24.154631],[55.672552,24.151453],[55.678432,24.148442],[55.6789,24.148122],[55.679832,24.147527],[55.683001,24.145565],[55.686298,24.143486],[55.687251,24.142806],[55.690391,24.140729],[55.692281,24.141278],[55.692465,24.141463],[55.695876,24.145932],[55.698682,24.147425],[55.699067,24.147771],[55.703114,24.150271],[55.703171,24.150334],[55.710756,24.149434],[55.711004,24.145806],[55.71131,24.141284],[55.708824,24.135737],[55.708402,24.135355],[55.708003,24.134928],[55.707507,24.134275],[55.707209,24.133782],[55.712339,24.126661],[55.71593,24.126902],[55.723224,24.132138],[55.725277,24.131695],[55.727331,24.131253],[55.728089,24.134772],[55.726036,24.135214],[55.722747,24.136383],[55.722134,24.145139],[55.723067,24.14627],[55.723051,24.146505],[55.723497,24.153337],[55.725831,24.15547],[55.726512,24.155999],[55.72726,24.156933],[55.727196,24.157875],[55.726355,24.159595],[55.725322,24.15955],[55.721478,24.16043],[55.716099,24.163847],[55.718503,24.171757],[55.719253,24.172158],[55.720782,24.17288],[55.721785,24.173178],[55.725036,24.174674],[55.727327,24.175728],[55.729619,24.176782],[55.735199,24.177715],[55.735736,24.177657],[55.737375,24.177575],[55.743873,24.183108],[55.744932,24.183328],[55.746284,24.183535],[55.748097,24.183752],[55.74991,24.183969],[55.754442,24.18613],[55.756147,24.189301],[55.762136,24.194867],[55.763526,24.196471],[55.763706,24.19731],[55.769487,24.204009],[55.769562,24.206329],[55.769405,24.207608],[55.765243,24.213695],[55.77121,24.218373],[55.774043,24.218776],[55.775151,24.219007],[55.775935,24.219837],[55.775976,24.219927],[55.778559,24.223851],[55.78447,24.226539],[55.784738,24.226576],[55.786128,24.227905],[55.786509,24.22949],[55.78647,24.22969],[55.786295,24.230192],[55.785831,24.230806],[55.783101,24.231065],[55.781332,24.231196],[55.779249,24.231319],[55.773882,24.236803],[55.775003,24.243663],[55.775093,24.243927],[55.775077,24.24505],[55.774048,24.246699],[55.773301,24.247257],[55.773257,24.247253],[55.772581,24.24706],[55.771631,24.246091],[55.770383,24.244048],[55.767467,24.240223],[55.767374,24.240129],[55.763019,24.237796],[55.754916,24.238017],[55.753834,24.242169],[55.754765,24.248399],[55.757541,24.253102],[55.758133,24.253724],[55.758185,24.253882],[55.759041,24.257589],[55.765435,24.260979],[55.770259,24.262064],[55.77174,24.263072],[55.773577,24.264352],[55.775753,24.265857],[55.773704,24.268817],[55.768673,24.275451],[55.767716,24.283288],[55.767281,24.284426],[55.767217,24.284491],[55.766732,24.284847],[55.766191,24.285052],[55.765625,24.285108],[55.764422,24.28474],[55.760149,24.280395],[55.759389,24.279998],[55.752033,24.275332],[55.747912,24.276108],[55.746011,24.276555],[55.744676,24.277064],[55.741076,24.277043],[55.742245,24.285765],[55.742957,24.287532],[55.742959,24.287566],[55.743359,24.291423],[55.743387,24.291946],[55.742638,24.297373],[55.747259,24.300597],[55.75034,24.302561],[55.750691,24.302708],[55.751291,24.303015],[55.751509,24.303126],[55.757629,24.303751],[55.760607,24.301812],[55.760702,24.301733],[55.766599,24.294941],[55.76759,24.294141],[55.768361,24.293982],[55.768896,24.293999],[55.769571,24.294102],[55.769823,24.294663],[55.770025,24.295311],[55.770008,24.296002],[55.768984,24.30456],[55.768072,24.308042],[55.760943,24.311127],[55.759891,24.312172],[55.758719,24.313759],[55.758412,24.314175],[55.758441,24.322838],[55.759368,24.324299],[55.760897,24.326815],[55.761474,24.327688],[55.762133,24.328544],[55.762738,24.329246],[55.763156,24.329688],[55.763824,24.330326],[55.764364,24.330796],[55.764926,24.331257],[55.76562,24.331772],[55.767474,24.333017],[55.76935,24.334277],[55.770577,24.335132],[55.771372,24.335763],[55.779485,24.337564],[55.783051,24.338058],[55.786731,24.343049],[55.787344,24.346596],[55.785544,24.354466],[55.787966,24.357871],[55.790388,24.361277],[55.792816,24.364692],[55.794819,24.367547],[55.795455,24.368471],[55.79612,24.369517],[55.796631,24.370428],[55.797076,24.371261],[55.797484,24.372092],[55.797981,24.373219],[55.798314,24.37406],[55.799028,24.376163],[55.799337,24.377183],[55.799733,24.378898],[55.796226,24.379709],[55.795587,24.377219],[55.791857,24.369593],[55.789869,24.36676],[55.787454,24.363363],[55.785032,24.359957],[55.78261,24.356552],[55.780189,24.353146],[55.776712,24.349542],[55.775949,24.348877],[55.77566,24.348572],[55.775405,24.348205],[55.774029,24.345228],[55.773802,24.344787],[55.771737,24.341436],[55.767298,24.337235],[55.765467,24.336005],[55.763613,24.33476],[55.762788,24.334153],[55.76209,24.333586],[55.761465,24.333046],[55.760674,24.332295],[55.760131,24.331729],[55.759411,24.3309],[55.758627,24.329892],[55.757902,24.328813],[55.749497,24.33039],[55.748436,24.332419],[55.747364,24.334446],[55.746292,24.336473],[55.745839,24.33733],[55.744382,24.342641],[55.744333,24.342736],[55.744327,24.342747],[55.744277,24.342842],[55.740414,24.347759],[55.740079,24.348362],[55.739294,24.349856],[55.736107,24.348183],[55.739053,24.340332],[55.739286,24.339483],[55.740522,24.336028],[55.741253,24.333084],[55.742286,24.332581],[55.744787,24.324099],[55.742372,24.321429],[55.740546,24.31544],[55.738443,24.309739],[55.734278,24.306783],[55.732179,24.305849],[55.730081,24.304915],[55.728194,24.304075],[55.726307,24.303235],[55.727771,24.299946],[55.722693,24.29304],[55.719925,24.295341],[55.715065,24.294593],[55.708417,24.292912],[55.705151,24.294426],[55.699694,24.297415],[55.696916,24.295126],[55.696733,24.294949],[55.696528,24.291355],[55.699355,24.286421],[55.699567,24.286489],[55.704725,24.286457],[55.70791,24.280323],[55.703235,24.274186],[55.70196,24.273787],[55.700781,24.273376],[55.699997,24.273032],[55.699224,24.272608],[55.697601,24.271583],[55.696105,24.270591],[55.695069,24.26994],[55.694293,24.269499],[55.693741,24.269087],[55.693277,24.268696],[55.692902,24.264799],[55.689507,24.260883],[55.682721,24.263437],[55.677673,24.265928],[55.670391,24.268659],[55.67381,24.275454],[55.674198,24.275572],[55.673955,24.280608],[55.674873,24.288584],[55.675907,24.292032],[55.673284,24.292819],[55.67066,24.293606],[55.670204,24.293703],[55.669496,24.293746],[55.666081,24.293317],[55.665635,24.293206],[55.665295,24.293071],[55.664971,24.292898],[55.66248,24.291938],[55.660175,24.291262],[55.652401,24.294941],[55.650889,24.297543],[55.649386,24.300129],[55.648232,24.302444],[55.64789,24.303176],[55.647048,24.304832],[55.643839,24.3032],[55.644681,24.301544],[55.645132,24.300432],[55.645477,24.299727],[55.646254,24.298352],[55.647777,24.295734],[55.649289,24.293132],[55.650802,24.29053],[55.64843,24.284057],[55.645171,24.282822],[55.641912,24.281587],[55.638653,24.280351],[55.63553,24.279161],[55.634823,24.278973],[55.628341,24.279161],[55.626005,24.286538],[55.62629,24.288574],[55.626576,24.290611],[55.62301,24.29111],[55.622725,24.289074],[55.62244,24.287038],[55.621399,24.281218],[55.619712,24.274749],[55.618318,24.270644],[55.618279,24.270407],[55.61827,24.270346],[55.617973,24.26534],[55.615949,24.260802],[55.617047,24.257683],[55.623616,24.255869],[55.624196,24.255581],[55.627301,24.253538],[55.629213,24.245599],[55.629117,24.245102],[55.628933,24.244297],[55.62876,24.243697],[55.628413,24.242679],[55.628244,24.242263],[55.628004,24.24173],[55.627539,24.240787],[55.627306,24.240365],[55.626076,24.238231],[55.62082,24.23434],[55.617619,24.234723],[55.614316,24.23494],[55.610843,24.234918],[55.609535,24.235106],[55.607685,24.235337],[55.605887,24.235528],[55.603508,24.23339],[55.597533,24.229748],[55.594645,24.228558],[55.593367,24.22812],[55.588346,24.224007],[55.586806,24.22166],[55.585022,24.219526],[55.584754,24.219247],[55.584517,24.218936],[55.583548,24.217847],[55.582392,24.216246],[55.575623,24.21103],[55.568586,24.215224],[55.56869,24.22135],[55.572288,24.22599],[55.572991,24.226668],[55.57322,24.227062],[55.573393,24.227661],[55.573987,24.232684],[55.574015,24.232916],[55.572379,24.234692],[55.566432,24.240681],[55.564904,24.242198],[55.564748,24.242212],[55.562857,24.241105],[55.560772,24.238227],[55.554658,24.233447],[55.554656,24.233446],[55.553794,24.231978],[55.550993,24.227114],[55.545469,24.22276],[55.538435,24.219524],[55.535069,24.218446],[55.531703,24.217369],[55.52397,24.215922],[55.520658,24.214512],[55.516625,24.212538],[55.509447,24.21188],[55.505205,24.212523],[55.500963,24.213165],[55.496722,24.213808],[55.492438,24.214456],[55.491545,24.214567],[55.490247,24.214658],[55.489347,24.214671],[55.488055,24.214621],[55.484923,24.214349],[55.481791,24.214076],[55.482103,24.21049],[55.485235,24.210762]]],"type":"Polygon"},"properties":{"branch_id":"37","branch_name":"Al Ain","travel_mode":"driving-car","travel_direction":"destination","travel_minutes":15,"area_km2":263.05322104,"origin_latitude":24.2266835,"origin_longitude":55.6599794,"coordinate_source":"Google Places matched coordinates","data_source":"openrouteservice/HeiGIT; OpenStreetMap road network","generated_at":"2026-09-02T15:55:46+00:00"}},{"type":"Feature","id":"30-5","geometry":{"coordinates":[[[55.185511,25.133261],[55.185104,25.131631],[55.184467,25.125418],[55.187056,25.122916],[55.187013,25.11462],[55.185271,25.113389],[55.183532,25.11216],[55.181968,25.111059],[55.180404,25.109958],[55.182476,25.107015],[55.18404,25.108116],[55.185604,25.109216],[55.188581,25.110197],[55.188645,25.110207],[55.19616,25.107325],[55.196377,25.103731],[55.197797,25.10281],[55.199043,25.102127],[55.205372,25.09827],[55.207753,25.098198],[55.214328,25.100173],[55.214351,25.1002],[55.215591,25.10163],[55.216115,25.102303],[55.217223,25.103675],[55.225671,25.10517],[55.228301,25.10354],[55.229491,25.102629],[55.23279,25.098737],[55.239425,25.095353],[55.240715,25.094118],[55.241418,25.0934],[55.241517,25.093295],[55.244141,25.09576],[55.244042,25.095865],[55.243288,25.096636],[55.241916,25.097952],[55.240747,25.099323],[55.239605,25.107008],[55.23693,25.109417],[55.235888,25.1085],[55.22762,25.109463],[55.226647,25.111366],[55.226705,25.119958],[55.227969,25.121529],[55.229232,25.1231],[55.226426,25.125356],[55.221385,25.128665],[55.224378,25.135085],[55.224397,25.135107],[55.224019,25.137765],[55.223893,25.137849],[55.221682,25.137471],[55.221663,25.137449],[55.216252,25.133234],[55.212637,25.134799],[55.211722,25.133752],[55.211429,25.133262],[55.210254,25.131659],[55.209686,25.131089],[55.209104,25.130557],[55.200307,25.131863],[55.198827,25.13289],[55.197428,25.134025],[55.189807,25.13495],[55.186915,25.135233],[55.186886,25.135226],[55.186226,25.134586],[55.185511,25.133261]]],"type":"Polygon"},"properties":{"branch_id":"30","branch_name":"Al Barsha","travel_mode":"driving-car","travel_direction":"destination","travel_minutes":5,"area_km2":15.423799599999999,"origin_latitude":25.1131451,"origin_longitude":55.2156092,"coordinate_source":"Google Places matched coordinates","data_source":"openrouteservice/HeiGIT; OpenStreetMap road network","generated_at":"2026-09-02T15:56:17+00:00"}},{"type":"Feature","id":"30-10","geometry":{"coordinates":[[[55.194618,25.153804],[55.19434,25.153364],[55.194158,25.152731],[55.194235,25.151938],[55.191078,25.14423],[55.187603,25.141796],[55.185893,25.140973],[55.185789,25.140853],[55.185314,25.139018],[55.184322,25.131649],[55.182651,25.129101],[55.180989,25.127381],[55.176395,25.122852],[55.173878,25.120245],[55.168919,25.117068],[55.167352,25.116147],[55.167228,25.115985],[55.164523,25.11035],[55.161374,25.106882],[55.160261,25.105922],[55.152246,25.107173],[55.151179,25.108246],[55.151109,25.108298],[55.149175,25.106952],[55.147004,25.10408],[55.147383,25.103793],[55.14845,25.102994],[55.149136,25.094391],[55.150342,25.092016],[55.14858,25.084959],[55.146978,25.08346],[55.145403,25.082223],[55.145204,25.08204],[55.144914,25.081702],[55.141841,25.077566],[55.140491,25.076087],[55.138625,25.073955],[55.137145,25.072315],[55.135559,25.070481],[55.133985,25.068661],[55.132618,25.067112],[55.130892,25.065234],[55.129353,25.063479],[55.127815,25.061724],[55.130522,25.059351],[55.133198,25.062063],[55.137354,25.065829],[55.145398,25.069409],[55.145821,25.069312],[55.146377,25.069295],[55.14687,25.069387],[55.14734,25.069579],[55.14777,25.069869],[55.147975,25.070059],[55.148807,25.070927],[55.153407,25.073897],[55.157372,25.074208],[55.160825,25.073192],[55.163529,25.076894],[55.163313,25.077119],[55.162528,25.077768],[55.161688,25.078683],[55.161565,25.078792],[55.162407,25.087476],[55.170243,25.084822],[55.171248,25.082826],[55.171409,25.082367],[55.171612,25.081922],[55.171762,25.081648],[55.174919,25.083377],[55.180395,25.085434],[55.189172,25.087286],[55.191423,25.085912],[55.192083,25.08547],[55.192794,25.085038],[55.193995,25.084381],[55.197226,25.081985],[55.196513,25.074406],[55.194425,25.072227],[55.196776,25.063801],[55.196298,25.06314],[55.195638,25.062102],[55.195176,25.061249],[55.194904,25.060678],[55.194659,25.060103],[55.194318,25.059171],[55.193998,25.05807],[55.193798,25.057101],[55.193644,25.053824],[55.193651,25.053368],[55.193773,25.052426],[55.193926,25.051544],[55.194084,25.05085],[55.194239,25.050271],[55.19497,25.048684],[55.198302,25.050048],[55.198072,25.05061],[55.197899,25.05111],[55.197531,25.052402],[55.201839,25.059759],[55.203116,25.062832],[55.203712,25.065026],[55.205696,25.067956],[55.20596,25.068296],[55.206413,25.069011],[55.215313,25.070092],[55.215638,25.069803],[55.216661,25.068559],[55.21793,25.066138],[55.218135,25.065638],[55.21835,25.065059],[55.218626,25.064231],[55.218752,25.063741],[55.219194,25.062005],[55.222683,25.062894],[55.222582,25.063623],[55.22297,25.066928],[55.223835,25.068649],[55.22857,25.075368],[55.232145,25.073097],[55.233099,25.069881],[55.234785,25.068711],[55.234943,25.068715],[55.236751,25.069882],[55.241076,25.07384],[55.245332,25.073101],[55.248127,25.067643],[55.247981,25.063894],[55.248051,25.061179],[55.246111,25.056864],[55.245606,25.0533],[55.249188,25.047141],[55.249484,25.046498],[55.249672,25.046144],[55.251204,25.042787],[55.25136,25.042527],[55.25285,25.040906],[55.255224,25.038018],[55.255227,25.038015],[55.257877,25.040452],[55.256564,25.044857],[55.256192,25.045143],[55.255794,25.045465],[55.255443,25.04572],[55.253157,25.048742],[55.257979,25.055299],[55.260154,25.055536],[55.262332,25.055774],[55.262668,25.055844],[55.263705,25.05607],[55.265818,25.05616],[55.265422,25.059738],[55.263098,25.059619],[55.262294,25.059481],[55.259764,25.059115],[55.252443,25.062857],[55.252049,25.066321],[55.251811,25.069349],[55.251849,25.070814],[55.251858,25.072278],[55.251971,25.075652],[55.256817,25.08262],[55.25736,25.083306],[55.257618,25.083761],[55.257758,25.08433],[55.257703,25.085081],[55.25732,25.087822],[55.257223,25.088597],[55.25664,25.089526],[55.253523,25.092987],[55.252705,25.099329],[55.255266,25.103724],[55.255785,25.104386],[55.258991,25.107078],[55.259522,25.107628],[55.259852,25.108457],[55.259905,25.10885],[55.260197,25.111287],[55.260769,25.117212],[55.259535,25.11937],[55.25947,25.119445],[55.257883,25.121519],[55.258195,25.12923],[55.259069,25.130803],[55.259731,25.132098],[55.260402,25.133558],[55.260821,25.134635],[55.261316,25.136024],[55.261525,25.136696],[55.261715,25.137377],[55.262024,25.138626],[55.262237,25.139632],[55.262435,25.140677],[55.262637,25.141991],[55.263165,25.145657],[55.262994,25.150964],[55.263108,25.154543],[55.263165,25.155591],[55.263204,25.157429],[55.265934,25.164416],[55.267613,25.166268],[55.269201,25.167988],[55.270789,25.169708],[55.268144,25.17215],[55.266556,25.17043],[55.264968,25.16871],[55.262994,25.166904],[55.2624,25.166395],[55.262053,25.166008],[55.261739,25.165632],[55.2613,25.164988],[55.260712,25.163939],[55.260275,25.163002],[55.2601,25.162533],[55.259974,25.162104],[55.259783,25.161176],[55.259638,25.160378],[55.259544,25.159715],[55.259447,25.158352],[55.259396,25.157265],[55.259393,25.156136],[55.259431,25.154944],[55.259225,25.153194],[55.259135,25.152419],[55.259153,25.152247],[55.259284,25.151724],[55.259395,25.15108],[55.253908,25.145956],[55.250383,25.148762],[55.248572,25.151874],[55.24361,25.152513],[55.243022,25.160768],[55.244634,25.16156],[55.245549,25.161779],[55.244712,25.16528],[55.245006,25.172883],[55.247377,25.175464],[55.24753,25.175652],[55.249056,25.177273],[55.250735,25.179083],[55.252414,25.180892],[55.254479,25.183154],[55.256098,25.184904],[55.257717,25.186655],[55.255074,25.189099],[55.253455,25.187349],[55.247156,25.183815],[55.244832,25.18318],[55.244821,25.183169],[55.244321,25.18166],[55.242355,25.175318],[55.239978,25.17273],[55.238374,25.17163],[55.234975,25.170287],[55.228553,25.171119],[55.226279,25.170716],[55.226224,25.170643],[55.224385,25.168402],[55.221758,25.165913],[55.218445,25.163625],[55.210459,25.163565],[55.208605,25.163602],[55.205054,25.161302],[55.202666,25.159607],[55.202463,25.159372],[55.196818,25.153981],[55.194776,25.153974],[55.194618,25.153804]]],"type":"Polygon"},"properties":{"branch_id":"30","branch_name":"Al Barsha","travel_mode":"driving-car","travel_direction":"destination","travel_minutes":10,"area_km2":93.6999434,"origin_latitude":25.1131451,"origin_longitude":55.2156092,"coordinate_source":"Google Places matched coordinates","data_source":"openrouteservice/HeiGIT; OpenStreetMap road network","generated_at":"2026-09-02T15:56:17+00:00"}},{"type":"Feature","id":"30-15","geometry":{"coordinates":[[[55.118959,25.124941],[55.12455,25.120444],[55.126168,25.118009],[55.126942,25.11681],[55.12929,25.113927],[55.132642,25.112612],[55.136618,25.111609],[55.137618,25.111121],[55.137923,25.110937],[55.140523,25.102355],[55.139861,25.101652],[55.138454,25.10033],[55.133709,25.097121],[55.133235,25.096916],[55.133219,25.096909],[55.132743,25.096709],[55.131534,25.095825],[55.12827,25.093829],[55.128221,25.093809],[55.125727,25.091156],[55.125732,25.091145],[55.128394,25.08879],[55.122577,25.082599],[55.120716,25.082277],[55.120565,25.08209],[55.120428,25.081567],[55.12036,25.07993],[55.120733,25.07798],[55.12164,25.072807],[55.121762,25.072071],[55.121953,25.071518],[55.122194,25.071058],[55.122503,25.070612],[55.122884,25.070228],[55.123417,25.069703],[55.124736,25.068681],[55.126046,25.067597],[55.127226,25.061714],[55.123125,25.058962],[55.121273,25.056609],[55.120072,25.055151],[55.119761,25.054664],[55.117144,25.050033],[55.115754,25.048442],[55.113907,25.04636],[55.107421,25.043987],[55.106672,25.043637],[55.106315,25.043317],[55.10438,25.041092],[55.103987,25.040612],[55.10367,25.040129],[55.101678,25.036534],[55.099857,25.028408],[55.099424,25.027605],[55.099009,25.026775],[55.098384,25.025341],[55.098069,25.024553],[55.09765,25.023394],[55.097332,25.022413],[55.096978,25.021206],[55.096829,25.020617],[55.096718,25.020156],[55.096489,25.019028],[55.096242,25.017696],[55.095836,25.015308],[55.095428,25.012902],[55.094989,25.010151],[55.093994,25.004013],[55.092856,24.997136],[55.092272,24.993624],[55.091308,24.987449],[55.094861,24.986873],[55.096372,24.993082],[55.097137,24.996217],[55.097018,24.999287],[55.097047,24.999894],[55.097546,25.003429],[55.098105,25.006826],[55.101287,25.013774],[55.10795,25.016189],[55.108071,25.016187],[55.111275,25.016014],[55.11156,25.015996],[55.114966,25.015796],[55.11768,25.015647],[55.117877,25.019242],[55.116074,25.027714],[55.116372,25.028527],[55.116622,25.031272],[55.118065,25.036684],[55.12401,25.038218],[55.124466,25.038094],[55.124839,25.038048],[55.127983,25.036832],[55.132381,25.036288],[55.13274,25.036342],[55.141519,25.035147],[55.141779,25.035009],[55.141972,25.034929],[55.143897,25.037849],[55.145211,25.040006],[55.153766,25.040363],[55.155051,25.038864],[55.155061,25.038856],[55.156929,25.037835],[55.158511,25.036592],[55.159032,25.036185],[55.159948,25.035395],[55.162298,25.038122],[55.161381,25.038912],[55.160737,25.039421],[55.159153,25.040666],[55.157654,25.043206],[55.153298,25.049287],[55.153247,25.050686],[55.153179,25.050807],[55.151797,25.05192],[55.151581,25.052157],[55.150971,25.052568],[55.149491,25.054105],[55.148112,25.058061],[55.15624,25.060987],[55.157118,25.060127],[55.158532,25.059157],[55.159331,25.05836],[55.160164,25.057711],[55.160656,25.057303],[55.160778,25.057205],[55.161517,25.056769],[55.163171,25.055471],[55.165441,25.04862],[55.165423,25.048512],[55.168266,25.046972],[55.17607,25.04689],[55.1765,25.046743],[55.177104,25.046585],[55.17965,25.03799],[55.179165,25.037448],[55.176839,25.036007],[55.175854,25.035278],[55.173413,25.033627],[55.171469,25.032256],[55.169526,25.030885],[55.167582,25.029514],[55.16555,25.028076],[55.164693,25.027389],[55.166945,25.02458],[55.167802,25.025267],[55.171388,25.027469],[55.176141,25.029679],[55.181756,25.032564],[55.183101,25.032733],[55.189757,25.028358],[55.191704,25.02533],[55.194056,25.023802],[55.194806,25.024091],[55.196189,25.024563],[55.198724,25.025695],[55.207148,25.024348],[55.208244,25.020878],[55.208385,25.0203],[55.208575,25.019765],[55.208779,25.019388],[55.210134,25.016663],[55.210498,25.015894],[55.211106,25.014673],[55.214706,25.014654],[55.215931,25.016792],[55.221124,25.022726],[55.221148,25.022744],[55.222132,25.023422],[55.229405,25.02869],[55.236045,25.026128],[55.237242,25.024059],[55.237984,25.022967],[55.238132,25.022786],[55.24047,25.022248],[55.241017,25.022384],[55.241072,25.022414],[55.242437,25.023137],[55.242927,25.023419],[55.244043,25.024101],[55.244725,25.024568],[55.24613,25.025442],[55.247905,25.026459],[55.249737,25.02751],[55.250586,25.027957],[55.253794,25.029731],[55.255562,25.030722],[55.263642,25.030469],[55.265345,25.029176],[55.267008,25.027707],[55.269998,25.022427],[55.270076,25.02233],[55.271597,25.021343],[55.279115,25.020881],[55.283154,25.018195],[55.284391,25.017025],[55.285267,25.016167],[55.28706,25.014194],[55.288919,25.012152],[55.291169,25.009928],[55.291629,25.009476],[55.293014,25.008206],[55.294524,25.006819],[55.296077,25.005393],[55.298379,25.003411],[55.300288,25.001827],[55.302248,25.000202],[55.304958,24.999271],[55.307401,24.998891],[55.307743,24.999121],[55.307955,24.999303],[55.308815,25.000109],[55.308305,25.000598],[55.306352,25.002735],[55.302719,25.009642],[55.300116,25.012128],[55.295544,25.016443],[55.295,25.017066],[55.294596,25.017361],[55.287931,25.018588],[55.288454,25.026881],[55.290807,25.029182],[55.291019,25.029432],[55.292474,25.03082],[55.295239,25.032738],[55.296237,25.033501],[55.296561,25.033775],[55.297113,25.034313],[55.297384,25.034652],[55.299815,25.038074],[55.301814,25.040055],[55.30381,25.042034],[55.305523,25.043724],[55.307236,25.045415],[55.304708,25.047978],[55.300325,25.055676],[55.298494,25.058775],[55.298764,25.066418],[55.300434,25.067928],[55.302104,25.069438],[55.303579,25.070771],[55.305094,25.072141],[55.305712,25.072737],[55.307508,25.074353],[55.309313,25.075979],[55.311573,25.078045],[55.31257,25.078932],[55.314082,25.080331],[55.31573,25.08184],[55.317706,25.083611],[55.319692,25.085397],[55.321679,25.087183],[55.323665,25.088969],[55.325655,25.090758],[55.328312,25.09316],[55.33036,25.095001],[55.332409,25.096842],[55.330003,25.09952],[55.327198,25.09732],[55.321732,25.092932],[55.31693,25.088099],[55.316385,25.087539],[55.315421,25.086549],[55.313327,25.08452],[55.311651,25.082986],[55.310126,25.081575],[55.306849,25.079124],[55.29947,25.076774],[55.297777,25.073597],[55.29301,25.066069],[55.292426,25.065586],[55.29149,25.064894],[55.290394,25.064199],[55.289726,25.063829],[55.288971,25.063449],[55.286937,25.062628],[55.285873,25.062299],[55.283637,25.061819],[55.282749,25.061698],[55.28041,25.061434],[55.278027,25.061165],[55.275135,25.06112],[55.274618,25.061059],[55.27421,25.060947],[55.270989,25.060378],[55.26871,25.060129],[55.265422,25.059738],[55.263098,25.059619],[55.262294,25.059481],[55.259764,25.059115],[55.252443,25.062857],[55.252049,25.066321],[55.251811,25.069349],[55.251849,25.070814],[55.251858,25.072278],[55.251971,25.075652],[55.256817,25.08262],[55.25736,25.083306],[55.257618,25.083761],[55.257758,25.08433],[55.257703,25.085081],[55.25732,25.087822],[55.257223,25.088597],[55.25664,25.089526],[55.253523,25.092987],[55.252705,25.099329],[55.255266,25.103724],[55.255785,25.104386],[55.258991,25.107078],[55.259522,25.107628],[55.259852,25.108457],[55.259905,25.10885],[55.260197,25.111287],[55.260318,25.113094],[55.260769,25.117212],[55.262123,25.122811],[55.26373,25.127294],[55.26805,25.129683],[55.268682,25.129793],[55.269901,25.13016],[55.269994,25.130194],[55.271382,25.131148],[55.279585,25.133144],[55.281309,25.132661],[55.281401,25.132658],[55.281937,25.132648],[55.282771,25.133317],[55.289065,25.138663],[55.28839,25.142199],[55.288128,25.142191],[55.287506,25.142105],[55.285363,25.142161],[55.284311,25.142127],[55.282892,25.141919],[55.279228,25.140614],[55.27685,25.140546],[55.273473,25.142418],[55.273083,25.142812],[55.271365,25.144013],[55.269975,25.14473],[55.267703,25.14432],[55.262994,25.150964],[55.263108,25.154543],[55.263787,25.156496],[55.263912,25.156828],[55.263913,25.157494],[55.271885,25.161403],[55.272321,25.161108],[55.27426,25.15922],[55.274409,25.159076],[55.27515,25.158232],[55.276165,25.156968],[55.276718,25.156198],[55.277205,25.155457],[55.278036,25.154086],[55.278819,25.152798],[55.279227,25.152272],[55.279735,25.151728],[55.280026,25.151462],[55.28039,25.151167],[55.28069,25.15095],[55.282805,25.153863],[55.28236,25.155091],[55.282168,25.155531],[55.279173,25.159639],[55.278527,25.160549],[55.277175,25.162472],[55.276288,25.163559],[55.275885,25.163939],[55.275697,25.164094],[55.271615,25.16943],[55.273497,25.172843],[55.27395,25.173254],[55.274845,25.174021],[55.275021,25.174179],[55.276542,25.175359],[55.27819,25.176661],[55.281042,25.178294],[55.282489,25.178891],[55.283787,25.179276],[55.285575,25.17981],[55.291125,25.181426],[55.291558,25.181462],[55.292543,25.181502],[55.295014,25.181432],[55.296409,25.181322],[55.299352,25.180919],[55.302288,25.180516],[55.305807,25.180021],[55.310988,25.179286],[55.31241,25.179107],[55.313059,25.17906],[55.313747,25.17904],[55.314481,25.179058],[55.315243,25.179113],[55.315672,25.179162],[55.31611,25.179235],[55.317255,25.179482],[55.31772,25.17961],[55.318454,25.179846],[55.319612,25.18027],[55.321661,25.181111],[55.323614,25.181883],[55.330728,25.183483],[55.333919,25.18361],[55.333776,25.187207],[55.330584,25.18708],[55.32887,25.186999],[55.327773,25.186901],[55.327018,25.186781],[55.325721,25.186479],[55.324686,25.186168],[55.324265,25.186012],[55.32229,25.185231],[55.320336,25.184458],[55.312527,25.18703],[55.312223,25.187416],[55.311703,25.187822],[55.311564,25.187896],[55.306954,25.187759],[55.306793,25.187789],[55.300094,25.184654],[55.295406,25.189485],[55.296469,25.193285],[55.296908,25.193814],[55.297267,25.194205],[55.297891,25.194805],[55.298418,25.195264],[55.29913,25.195828],[55.299626,25.196183],[55.301167,25.197126],[55.301429,25.197262],[55.302028,25.197538],[55.302674,25.197802],[55.30342,25.19807],[55.304072,25.198285],[55.304602,25.198444],[55.305077,25.198566],[55.307472,25.199056],[55.30833,25.199293],[55.30895,25.199509],[55.309935,25.199919],[55.310429,25.200175],[55.312512,25.201721],[55.314674,25.203653],[55.316885,25.205629],[55.319887,25.208527],[55.321409,25.210193],[55.322682,25.211617],[55.319997,25.214016],[55.319251,25.213479],[55.318678,25.212677],[55.31723,25.210956],[55.310692,25.207553],[55.31015,25.206984],[55.30993,25.206731],[55.304283,25.202354],[55.303107,25.201909],[55.301543,25.201386],[55.300867,25.201103],[55.300199,25.200763],[55.299729,25.200483],[55.299333,25.200215],[55.297665,25.199202],[55.297041,25.19876],[55.296189,25.19809],[55.288952,25.197533],[55.286295,25.1998],[55.285123,25.200837],[55.285019,25.200895],[55.280752,25.206418],[55.283111,25.2105],[55.283286,25.210612],[55.286422,25.214043],[55.286555,25.214151],[55.28686,25.214386],[55.287167,25.214669],[55.287481,25.215044],[55.288023,25.215827],[55.290797,25.220647],[55.291048,25.220952],[55.29162,25.221735],[55.291753,25.222138],[55.295981,25.229345],[55.300593,25.23049],[55.30134,25.23061],[55.303779,25.23094],[55.306861,25.230978],[55.306817,25.234578],[55.302592,25.235466],[55.294959,25.235732],[55.291739,25.237342],[55.285192,25.233328],[55.283024,25.23001],[55.282916,25.229853],[55.282703,25.228976],[55.280197,25.224338],[55.27694,25.221986],[55.276835,25.221848],[55.275514,25.220059],[55.275282,25.219673],[55.275084,25.219269],[55.274907,25.218799],[55.268622,25.213376],[55.262391,25.215007],[55.256257,25.213946],[55.256231,25.213906],[55.252571,25.209323],[55.246403,25.205198],[55.244491,25.204469],[55.244247,25.20415],[55.242919,25.199902],[55.23989,25.196254],[55.234246,25.196556],[55.229002,25.191873],[55.22324,25.187003],[55.222836,25.186608],[55.222485,25.186065],[55.221938,25.184885],[55.22173,25.183832],[55.220305,25.178452],[55.217005,25.173991],[55.211451,25.170089],[55.20772,25.163329],[55.205054,25.161302],[55.202666,25.159607],[55.202463,25.159372],[55.196979,25.154123],[55.194776,25.153974],[55.194618,25.153804],[55.19434,25.153364],[55.194158,25.152731],[55.194235,25.151938],[55.191078,25.14423],[55.187603,25.141796],[55.185893,25.140973],[55.185789,25.140853],[55.185314,25.139018],[55.184322,25.131649],[55.182651,25.129101],[55.180989,25.127381],[55.176395,25.122852],[55.173878,25.120245],[55.168919,25.117068],[55.167352,25.116147],[55.167228,25.115985],[55.166261,25.114644],[55.163789,25.109845],[55.161374,25.106882],[55.159834,25.105728],[55.152246,25.107173],[55.151179,25.108246],[55.148737,25.113827],[55.148303,25.114151],[55.147699,25.114602],[55.140032,25.116899],[55.132714,25.121877],[55.12903,25.12389],[55.12438,25.127379],[55.123984,25.127678],[55.122538,25.128244],[55.122026,25.128451],[55.121489,25.128565],[55.121049,25.128592],[55.118873,25.12854],[55.118959,25.124941]]],"type":"Polygon"},"properties":{"branch_id":"30","branch_name":"Al Barsha","travel_mode":"driving-car","travel_direction":"destination","travel_minutes":15,"area_km2":234.81317353999998,"origin_latitude":25.1131451,"origin_longitude":55.2156092,"coordinate_source":"Google Places matched coordinates","data_source":"openrouteservice/HeiGIT; OpenStreetMap road network","generated_at":"2026-09-02T15:56:17+00:00"}},{"type":"Feature","id":"46-5","geometry":{"coordinates":[[[53.691816,23.653403],[53.691816,23.653287],[53.692068,23.65237],[53.692463,23.651845],[53.692806,23.651396],[53.695998,23.643391],[53.69362,23.64185],[53.691528,23.640376],[53.691515,23.640204],[53.692764,23.636893],[53.691704,23.629889],[53.689416,23.626348],[53.688446,23.625155],[53.689711,23.621784],[53.695377,23.622322],[53.701738,23.616717],[53.702003,23.615906],[53.702844,23.612269],[53.702955,23.611898],[53.70309,23.611548],[53.703251,23.611224],[53.703485,23.610863],[53.706977,23.603064],[53.70743,23.599492],[53.708941,23.599684],[53.710751,23.600114],[53.712784,23.600976],[53.713996,23.601686],[53.721202,23.600348],[53.721857,23.596952],[53.722513,23.593557],[53.723168,23.590162],[53.723824,23.586766],[53.72448,23.583371],[53.725228,23.579475],[53.725931,23.575884],[53.726757,23.57169],[53.727453,23.568191],[53.727947,23.565621],[53.731482,23.5663],[53.730703,23.572616],[53.730526,23.580185],[53.730384,23.580718],[53.727359,23.587449],[53.726703,23.590844],[53.726048,23.59424],[53.725392,23.597635],[53.728874,23.604275],[53.729206,23.610327],[53.72908,23.615615],[53.729057,23.616873],[53.729032,23.617454],[53.730794,23.624593],[53.73544,23.627441],[53.735425,23.628202],[53.735294,23.628638],[53.735233,23.628777],[53.734432,23.630569],[53.733621,23.632383],[53.732481,23.634845],[53.729214,23.633333],[53.722349,23.633958],[53.717477,23.640525],[53.721114,23.648064],[53.723206,23.649796],[53.723749,23.650137],[53.724546,23.652027],[53.724413,23.653201],[53.724314,23.653278],[53.723587,23.653613],[53.717562,23.656155],[53.710099,23.657513],[53.708828,23.660882],[53.703263,23.661609],[53.700678,23.661867],[53.700609,23.661839],[53.69956,23.660401],[53.692836,23.654996],[53.691816,23.653403]]],"type":"Polygon"},"properties":{"branch_id":"46","branch_name":"Al Dhafra Branch","travel_mode":"driving-car","travel_direction":"destination","travel_minutes":5,"area_km2":21.401778999999998,"origin_latitude":23.6280524,"origin_longitude":53.7141144,"coordinate_source":"Google Places matched coordinates","data_source":"openrouteservice/HeiGIT; OpenStreetMap road network","generated_at":"2026-09-02T15:56:18+00:00"}},{"type":"Feature","id":"46-10","geometry":{"coordinates":[[[53.680034,23.706637],[53.68011,23.705611],[53.680211,23.702513],[53.681142,23.700898],[53.683271,23.693062],[53.684779,23.689793],[53.686949,23.681322],[53.688194,23.677944],[53.689007,23.674677],[53.683807,23.667397],[53.682012,23.667076],[53.681959,23.665664],[53.676085,23.661769],[53.672798,23.664914],[53.672585,23.66518],[53.671259,23.664971],[53.669796,23.663592],[53.667283,23.659612],[53.661758,23.656038],[53.654604,23.660208],[53.651028,23.659798],[53.645261,23.656572],[53.645144,23.652974],[53.651401,23.64952],[53.65374,23.648747],[53.653811,23.648732],[53.656262,23.648627],[53.662293,23.64521],[53.66589,23.64508],[53.670634,23.641793],[53.673022,23.637241],[53.673052,23.637127],[53.677787,23.630589],[53.678144,23.628658],[53.678498,23.626752],[53.678892,23.62444],[53.679286,23.622129],[53.681164,23.614622],[53.68188,23.61062],[53.682383,23.60758],[53.685935,23.608168],[53.693887,23.611465],[53.696518,23.609612],[53.697677,23.602849],[53.698802,23.60195],[53.699955,23.601182],[53.701021,23.600641],[53.702359,23.600139],[53.703502,23.599842],[53.70378,23.59979],[53.70743,23.599492],[53.708941,23.599684],[53.710751,23.600114],[53.712784,23.600976],[53.713996,23.601686],[53.720978,23.600406],[53.72169,23.596739],[53.722402,23.593072],[53.723114,23.589405],[53.723826,23.585737],[53.724538,23.58207],[53.72525,23.578403],[53.725962,23.574735],[53.723998,23.568323],[53.722501,23.564123],[53.723067,23.560568],[53.729866,23.555721],[53.730346,23.553233],[53.730826,23.550745],[53.731306,23.548258],[53.731788,23.545765],[53.732486,23.542205],[53.733184,23.538645],[53.733882,23.535084],[53.734579,23.531529],[53.735336,23.527614],[53.736094,23.523698],[53.736851,23.519783],[53.73761,23.515856],[53.738099,23.513412],[53.738679,23.510478],[53.738974,23.504304],[53.738914,23.50338],[53.741304,23.496881],[53.741942,23.493597],[53.74258,23.490314],[53.74334,23.4864],[53.744081,23.48259],[53.744823,23.478781],[53.745345,23.476098],[53.745867,23.473414],[53.749401,23.474102],[53.748878,23.476785],[53.748356,23.479468],[53.747615,23.483278],[53.746874,23.487088],[53.746114,23.491],[53.745476,23.494283],[53.744838,23.497567],[53.744201,23.50085],[53.743563,23.504134],[53.747005,23.510372],[53.74643,23.513926],[53.742536,23.517302],[53.739628,23.524382],[53.738871,23.528297],[53.738114,23.532213],[53.737415,23.535777],[53.736717,23.539337],[53.736018,23.542897],[53.73532,23.546457],[53.734841,23.54894],[53.734361,23.551428],[53.733881,23.553915],[53.7334,23.556403],[53.73285,23.559184],[53.731482,23.5663],[53.73693,23.56888],[53.73787,23.568789],[53.738134,23.568798],[53.740651,23.568897],[53.743164,23.568996],[53.748292,23.561941],[53.748798,23.561415],[53.752112,23.55891],[53.755621,23.559717],[53.764227,23.558979],[53.766033,23.562093],[53.761645,23.566403],[53.756625,23.569043],[53.754211,23.570581],[53.751609,23.571585],[53.749007,23.572589],[53.744074,23.572667],[53.74346,23.57271],[53.743115,23.572713],[53.739924,23.572595],[53.738001,23.572396],[53.736795,23.572478],[53.734262,23.572369],[53.730526,23.580185],[53.730384,23.580718],[53.727359,23.587449],[53.726703,23.590844],[53.726048,23.59424],[53.725392,23.597635],[53.728874,23.604275],[53.729206,23.610327],[53.729136,23.614446],[53.729147,23.61504],[53.729057,23.616873],[53.729032,23.617454],[53.730794,23.624593],[53.73544,23.627441],[53.735425,23.628202],[53.735294,23.628638],[53.735233,23.628777],[53.742362,23.634242],[53.742882,23.633572],[53.743302,23.633081],[53.743719,23.632671],[53.744585,23.631916],[53.74497,23.63162],[53.74539,23.631339],[53.746504,23.630632],[53.748018,23.62929],[53.749533,23.627948],[53.75192,23.630642],[53.749061,23.634127],[53.744709,23.637019],[53.744119,23.637601],[53.742509,23.639014],[53.740968,23.640364],[53.739596,23.641585],[53.738214,23.642815],[53.737336,23.643622],[53.736823,23.644132],[53.736054,23.644947],[53.739471,23.653035],[53.740861,23.653552],[53.742649,23.654251],[53.744702,23.655044],[53.74625,23.655589],[53.748152,23.656321],[53.749572,23.656733],[53.75164,23.657066],[53.755057,23.6582],[53.754754,23.659249],[53.753954,23.661108],[53.752829,23.663634],[53.752588,23.664163],[53.751707,23.664463],[53.748707,23.672578],[53.748822,23.672819],[53.748603,23.673358],[53.746414,23.678006],[53.743128,23.676534],[53.73896,23.672207],[53.73816,23.671939],[53.73042,23.675191],[53.729384,23.677515],[53.726504,23.68166],[53.726434,23.681634],[53.718255,23.681698],[53.716705,23.685176],[53.715314,23.688299],[53.713923,23.691421],[53.710634,23.689956],[53.703747,23.685789],[53.70295,23.685494],[53.696021,23.68344],[53.692343,23.686332],[53.690937,23.689521],[53.690036,23.691564],[53.689007,23.693898],[53.688085,23.695963],[53.687789,23.696563],[53.687166,23.697762],[53.685374,23.700884],[53.683615,23.707462],[53.680016,23.707376],[53.680034,23.706637]]],"type":"Polygon"},"properties":{"branch_id":"46","branch_name":"Al Dhafra Branch","travel_mode":"driving-car","travel_direction":"destination","travel_minutes":10,"area_km2":70.24774995,"origin_latitude":23.6280524,"origin_longitude":53.7141144,"coordinate_source":"Google Places matched coordinates","data_source":"openrouteservice/HeiGIT; OpenStreetMap road network","generated_at":"2026-09-02T15:56:18+00:00"}},{"type":"Feature","id":"46-15","geometry":{"coordinates":[[[53.658258,23.740781],[53.659514,23.738579],[53.660727,23.736456],[53.66194,23.734333],[53.663153,23.73221],[53.664599,23.729672],[53.666046,23.727131],[53.667493,23.724591],[53.668939,23.72205],[53.672099,23.716529],[53.674016,23.71321],[53.675933,23.70989],[53.673099,23.70385],[53.66977,23.702526],[53.666441,23.701202],[53.663112,23.699878],[53.659759,23.698545],[53.658474,23.698012],[53.656066,23.696941],[53.654275,23.696021],[53.652992,23.695301],[53.651781,23.694576],[53.649831,23.693555],[53.647187,23.691883],[53.644544,23.690211],[53.64172,23.688424],[53.634989,23.690758],[53.634356,23.691331],[53.633512,23.692045],[53.631187,23.689297],[53.63069,23.681245],[53.62822,23.67968],[53.624969,23.677624],[53.622143,23.675841],[53.624063,23.672796],[53.622744,23.666316],[53.621634,23.66053],[53.618784,23.654614],[53.614478,23.650702],[53.614143,23.649897],[53.613856,23.648798],[53.612907,23.641045],[53.614514,23.637824],[53.622277,23.63701],[53.630643,23.639443],[53.633974,23.639909],[53.637498,23.640643],[53.643209,23.643519],[53.651599,23.641115],[53.65236,23.636697],[53.652344,23.636313],[53.652347,23.635671],[53.652392,23.635158],[53.652812,23.633043],[53.653261,23.631561],[53.654266,23.629001],[53.655284,23.628231],[53.656525,23.627825],[53.657927,23.631141],[53.656101,23.637334],[53.656146,23.637853],[53.656132,23.638363],[53.655673,23.64073],[53.662293,23.64521],[53.66589,23.64508],[53.670634,23.641793],[53.673022,23.637241],[53.673052,23.637127],[53.677787,23.630589],[53.678144,23.628658],[53.678498,23.626752],[53.678892,23.62444],[53.679286,23.622129],[53.681164,23.614622],[53.68188,23.61062],[53.682383,23.60758],[53.68003,23.599537],[53.679307,23.598941],[53.678132,23.598159],[53.676759,23.597493],[53.675414,23.596759],[53.674112,23.595962],[53.67299,23.595196],[53.670829,23.593849],[53.672734,23.590794],[53.674894,23.592141],[53.676138,23.592986],[53.684321,23.590339],[53.684809,23.586858],[53.685297,23.583378],[53.688863,23.583878],[53.688374,23.587358],[53.687926,23.590855],[53.687643,23.593551],[53.68708,23.597023],[53.686525,23.600436],[53.685935,23.608168],[53.693887,23.611465],[53.696518,23.609612],[53.697677,23.602849],[53.698802,23.60195],[53.699955,23.601182],[53.701021,23.600641],[53.702359,23.600139],[53.703502,23.599842],[53.70378,23.59979],[53.70743,23.599492],[53.708941,23.599684],[53.710751,23.600114],[53.712784,23.600976],[53.713996,23.601686],[53.720978,23.600406],[53.72169,23.596739],[53.722402,23.593072],[53.723114,23.589405],[53.723826,23.585737],[53.724538,23.58207],[53.72525,23.578403],[53.725962,23.574735],[53.723998,23.568323],[53.722501,23.564123],[53.723067,23.560568],[53.729636,23.555823],[53.730249,23.552707],[53.730914,23.549243],[53.73158,23.545771],[53.732067,23.543294],[53.732552,23.540825],[53.733038,23.538356],[53.733523,23.535887],[53.734212,23.532341],[53.734901,23.528791],[53.735591,23.525241],[53.73628,23.521691],[53.73697,23.518141],[53.733121,23.51031],[53.731009,23.508855],[53.728916,23.507439],[53.723501,23.502182],[53.720401,23.500352],[53.720923,23.494637],[53.722686,23.491498],[53.724559,23.49255],[53.732663,23.49263],[53.736609,23.492287],[53.74334,23.4864],[53.744081,23.48259],[53.744823,23.478781],[53.745345,23.476098],[53.745867,23.473414],[53.746397,23.470676],[53.747138,23.466841],[53.747879,23.463006],[53.748621,23.459171],[53.749362,23.455335],[53.750103,23.4515],[53.750846,23.447655],[53.751395,23.4449],[53.752109,23.441205],[53.752822,23.437509],[53.753536,23.433813],[53.754252,23.430102],[53.754786,23.427454],[53.755279,23.424771],[53.755807,23.422075],[53.756278,23.419697],[53.756749,23.41732],[53.757219,23.414942],[53.757691,23.412563],[53.758318,23.409406],[53.758945,23.406249],[53.759572,23.403091],[53.760201,23.399929],[53.76092,23.396359],[53.761638,23.3928],[53.762318,23.389309],[53.762966,23.386097],[53.763614,23.382884],[53.767143,23.383596],[53.766495,23.386808],[53.765847,23.390021],[53.765171,23.393489],[53.764449,23.39707],[53.76373,23.40064],[53.763103,23.403793],[53.762476,23.40695],[53.761849,23.410108],[53.761221,23.413265],[53.760751,23.415641],[53.760624,23.423665],[53.760285,23.425506],[53.759938,23.427381],[53.759572,23.429163],[53.75707,23.434495],[53.756357,23.438191],[53.755644,23.441887],[53.75493,23.445583],[53.754377,23.448359],[53.753637,23.452183],[53.752896,23.456019],[53.752155,23.459854],[53.751414,23.463689],[53.750611,23.471797],[53.748356,23.479468],[53.747615,23.483278],[53.746874,23.487088],[53.746114,23.491],[53.745476,23.494283],[53.744838,23.497567],[53.744201,23.50085],[53.743563,23.504134],[53.747005,23.510372],[53.74643,23.513926],[53.742536,23.517302],[53.739628,23.524382],[53.738871,23.528297],[53.738114,23.532213],[53.737415,23.535777],[53.736717,23.539337],[53.736085,23.541519],[53.736018,23.542897],[53.740044,23.54789],[53.746517,23.543991],[53.748532,23.543045],[53.750535,23.542094],[53.754336,23.541112],[53.756697,23.540281],[53.760925,23.538709],[53.763937,23.539758],[53.767188,23.541304],[53.768401,23.541779],[53.7717,23.543221],[53.773407,23.547039],[53.782118,23.546439],[53.782426,23.546189],[53.782675,23.545971],[53.783176,23.545478],[53.784731,23.54355],[53.786782,23.539545],[53.787031,23.538825],[53.788149,23.538214],[53.790339,23.538092],[53.792421,23.537912],[53.794277,23.537821],[53.796016,23.538102],[53.796385,23.54074],[53.795158,23.541626],[53.793961,23.542419],[53.793672,23.542565],[53.793202,23.542757],[53.79258,23.54294],[53.787474,23.545882],[53.784231,23.552639],[53.783496,23.553599],[53.781574,23.553772],[53.773385,23.555602],[53.772756,23.556918],[53.776013,23.563605],[53.779055,23.563755],[53.780636,23.563867],[53.782531,23.56397],[53.784006,23.564008],[53.784417,23.564057],[53.784811,23.564133],[53.785314,23.564189],[53.7872,23.564249],[53.787086,23.567847],[53.780018,23.569133],[53.776462,23.568572],[53.770293,23.566866],[53.76758,23.566715],[53.764632,23.566546],[53.756625,23.569043],[53.754211,23.570581],[53.751609,23.571585],[53.749007,23.572589],[53.744074,23.572667],[53.74346,23.57271],[53.743115,23.572713],[53.739924,23.572595],[53.738001,23.572396],[53.736795,23.572478],[53.735865,23.57231],[53.734262,23.572369],[53.730526,23.580185],[53.730384,23.580718],[53.727359,23.587449],[53.726703,23.590844],[53.726048,23.59424],[53.725392,23.597635],[53.728874,23.604275],[53.729206,23.610327],[53.729136,23.614446],[53.729147,23.61504],[53.729057,23.616873],[53.729032,23.617454],[53.730794,23.624593],[53.73544,23.627441],[53.735425,23.628202],[53.735294,23.628638],[53.735233,23.628777],[53.742362,23.634242],[53.742882,23.633572],[53.743302,23.633081],[53.743719,23.632671],[53.744585,23.631916],[53.74497,23.63162],[53.74539,23.631339],[53.746504,23.630632],[53.748018,23.62929],[53.749533,23.627948],[53.753275,23.624631],[53.755462,23.622691],[53.7526,23.614564],[53.751851,23.614086],[53.749969,23.61313],[53.749415,23.612966],[53.749101,23.612835],[53.749782,23.609326],[53.7574,23.60543],[53.757663,23.605487],[53.758078,23.605615],[53.758435,23.605768],[53.758981,23.606142],[53.766433,23.610022],[53.772315,23.61232],[53.772954,23.615835],[53.770671,23.618619],[53.767151,23.621224],[53.7604,23.623122],[53.75786,23.628944],[53.761154,23.63303],[53.762345,23.634581],[53.762365,23.634758],[53.760621,23.636591],[53.757703,23.638171],[53.754503,23.636522],[53.749061,23.634127],[53.744709,23.637019],[53.744119,23.637601],[53.742509,23.639014],[53.740968,23.640364],[53.739596,23.641585],[53.738214,23.642815],[53.737336,23.643622],[53.736823,23.644132],[53.736054,23.644947],[53.739471,23.653035],[53.740861,23.653552],[53.742649,23.654251],[53.744702,23.655044],[53.74625,23.655589],[53.748152,23.656321],[53.749572,23.656733],[53.75164,23.657066],[53.755057,23.6582],[53.754754,23.659249],[53.753954,23.661108],[53.757294,23.667932],[53.763409,23.666128],[53.763772,23.665725],[53.764224,23.665346],[53.765524,23.664483],[53.76782,23.662719],[53.768214,23.662332],[53.768577,23.661936],[53.768909,23.661536],[53.769705,23.660461],[53.772599,23.662603],[53.775091,23.666872],[53.77567,23.66779],[53.774719,23.669285],[53.772927,23.671156],[53.774155,23.67919],[53.776706,23.681176],[53.780343,23.682822],[53.783513,23.684529],[53.78682,23.687824],[53.784968,23.690911],[53.782403,23.689372],[53.779963,23.687903],[53.779839,23.687833],[53.778773,23.687199],[53.778154,23.686827],[53.777069,23.686021],[53.774494,23.684017],[53.771943,23.682031],[53.771041,23.681465],[53.762471,23.681253],[53.760718,23.682065],[53.758101,23.679593],[53.755403,23.67113],[53.748603,23.673358],[53.746414,23.678006],[53.742096,23.683586],[53.741605,23.685259],[53.741476,23.68552],[53.74136,23.685577],[53.74097,23.685453],[53.732699,23.685354],[53.731596,23.68822],[53.730493,23.691087],[53.7294,23.693926],[53.728949,23.695156],[53.728206,23.697056],[53.72739,23.699121],[53.727203,23.699476],[53.726974,23.69984],[53.726245,23.700828],[53.726021,23.701151],[53.723065,23.699097],[53.723289,23.698774],[53.724184,23.697482],[53.724853,23.695746],[53.725596,23.693846],[53.726019,23.692688],[53.727133,23.689794],[53.728236,23.686927],[53.726434,23.681634],[53.718255,23.681698],[53.716705,23.685176],[53.715314,23.688299],[53.713923,23.691421],[53.710634,23.689956],[53.703747,23.685789],[53.70295,23.685494],[53.696021,23.68344],[53.692343,23.686332],[53.691342,23.689059],[53.690063,23.692017],[53.688779,23.694987],[53.688043,23.696566],[53.691958,23.703809],[53.693795,23.703654],[53.693996,23.703723],[53.694839,23.704395],[53.70078,23.70818],[53.703328,23.70904],[53.703616,23.709133],[53.703687,23.709174],[53.704075,23.711138],[53.704067,23.711207],[53.70359,23.712691],[53.702954,23.712672],[53.702424,23.712545],[53.702175,23.712451],[53.699627,23.71159],[53.697079,23.710729],[53.694531,23.709869],[53.691559,23.708867],[53.687423,23.716654],[53.688054,23.717303],[53.68878,23.717961],[53.689036,23.718175],[53.689628,23.718637],[53.690489,23.719232],[53.691346,23.719745],[53.691923,23.72005],[53.692466,23.72031],[53.69299,23.720539],[53.696342,23.721875],[53.698521,23.722738],[53.699585,23.723403],[53.702192,23.724185],[53.705007,23.725294],[53.706295,23.725835],[53.707909,23.726551],[53.710117,23.727868],[53.711502,23.728573],[53.712885,23.729302],[53.714271,23.730072],[53.71679,23.731589],[53.719532,23.733381],[53.72155,23.734456],[53.722079,23.734806],[53.724548,23.736436],[53.727018,23.738067],[53.735402,23.740714],[53.740584,23.74703],[53.742881,23.748828],[53.745183,23.750357],[53.748885,23.752802],[53.752587,23.755247],[53.756289,23.757693],[53.759974,23.760127],[53.761004,23.76079],[53.759055,23.763817],[53.758025,23.763154],[53.754305,23.760697],[53.750603,23.758251],[53.746901,23.755806],[53.743198,23.753361],[53.740889,23.751827],[53.738584,23.750296],[53.733885,23.747179],[53.730418,23.744889],[53.727436,23.742917],[53.725074,23.741355],[53.722575,23.739705],[53.720075,23.738055],[53.717548,23.736385],[53.714821,23.734602],[53.712431,23.733167],[53.704682,23.733874],[53.699265,23.735493],[53.69679,23.732879],[53.694588,23.725293],[53.691655,23.724128],[53.691238,23.723965],[53.69069,23.723721],[53.689632,23.723174],[53.688795,23.722695],[53.687933,23.722139],[53.686709,23.721225],[53.685556,23.720208],[53.685183,23.719851],[53.684416,23.719046],[53.683932,23.718471],[53.675216,23.71833],[53.672068,23.723831],[53.670621,23.726372],[53.669032,23.734623],[53.662639,23.740365],[53.661469,23.742408],[53.660102,23.745106],[53.656891,23.743479],[53.658258,23.740781]]],"type":"Polygon"},"properties":{"branch_id":"46","branch_name":"Al Dhafra Branch","travel_mode":"driving-car","travel_direction":"destination","travel_minutes":15,"area_km2":146.60198591,"origin_latitude":23.6280524,"origin_longitude":53.7141144,"coordinate_source":"Google Places matched coordinates","data_source":"openrouteservice/HeiGIT; OpenStreetMap road network","generated_at":"2026-09-02T15:56:18+00:00"}},{"type":"Feature","id":"39-5","geometry":{"coordinates":[[[54.725804,24.455494],[54.723539,24.451033],[54.721772,24.442384],[54.721137,24.440831],[54.722029,24.438394],[54.724614,24.430917],[54.731041,24.429247],[54.734417,24.429377],[54.740186,24.427383],[54.740572,24.427331],[54.744132,24.427868],[54.745889,24.428119],[54.753992,24.428867],[54.754039,24.428875],[54.756119,24.42985],[54.75534,24.433365],[54.753993,24.433064],[54.746934,24.438206],[54.747628,24.443355],[54.748124,24.444615],[54.748012,24.449792],[54.748062,24.450151],[54.748147,24.454214],[54.748203,24.455766],[54.747136,24.457225],[54.746513,24.45743],[54.738655,24.459343],[54.736559,24.459222],[54.735629,24.45915],[54.734169,24.458974],[54.728333,24.458134],[54.726089,24.455993],[54.725804,24.455494]]],"type":"Polygon"},"properties":{"branch_id":"39","branch_name":"Al Falah","travel_mode":"driving-car","travel_direction":"destination","travel_minutes":5,"area_km2":8.67999115,"origin_latitude":24.4428939,"origin_longitude":54.7396974,"coordinate_source":"Google Places matched coordinates","data_source":"openrouteservice/HeiGIT; OpenStreetMap road network","generated_at":"2026-09-02T15:56:18+00:00"}},{"type":"Feature","id":"39-10","geometry":{"coordinates":[[[54.693853,24.459448],[54.696293,24.459418],[54.702312,24.454156],[54.704141,24.452625],[54.707814,24.444598],[54.708332,24.441233],[54.708635,24.439272],[54.709231,24.436574],[54.709632,24.433907],[54.705636,24.426563],[54.702492,24.426164],[54.699707,24.425799],[54.694428,24.425606],[54.69398,24.425664],[54.69353,24.425658],[54.693133,24.4256],[54.690684,24.425233],[54.69023,24.425137],[54.689745,24.424994],[54.69076,24.42154],[54.694412,24.41909],[54.697971,24.419631],[54.702817,24.421755],[54.704328,24.421927],[54.705465,24.422093],[54.712259,24.418181],[54.711669,24.414583],[54.710355,24.411231],[54.714573,24.405179],[54.714886,24.40337],[54.718434,24.403984],[54.71812,24.405793],[54.717807,24.407601],[54.723768,24.414105],[54.732132,24.415349],[54.732999,24.415261],[54.733859,24.415353],[54.736181,24.415647],[54.738502,24.415941],[54.740824,24.416234],[54.743129,24.416526],[54.746271,24.416894],[54.747598,24.417026],[54.749766,24.417166],[54.753095,24.417281],[54.756418,24.417397],[54.759549,24.417495],[54.764092,24.417654],[54.76614,24.417746],[54.768264,24.417842],[54.771611,24.418131],[54.772634,24.41824],[54.773752,24.418387],[54.775131,24.418633],[54.776848,24.418996],[54.780259,24.419747],[54.783671,24.420498],[54.782897,24.424014],[54.779485,24.423263],[54.776074,24.422512],[54.774386,24.422155],[54.773123,24.421932],[54.766636,24.424836],[54.766017,24.432579],[54.766198,24.433274],[54.766213,24.433959],[54.766127,24.434431],[54.765975,24.434857],[54.765826,24.435153],[54.765112,24.436407],[54.764506,24.43714],[54.762529,24.439433],[54.76036,24.441927],[54.758202,24.444408],[54.756015,24.446973],[54.755264,24.447879],[54.754592,24.448777],[54.753801,24.450014],[54.753068,24.451404],[54.756768,24.459332],[54.75746,24.45956],[54.757971,24.459781],[54.758459,24.460033],[54.758756,24.460219],[54.759391,24.460691],[54.760062,24.461333],[54.760426,24.461791],[54.760799,24.462357],[54.761221,24.463235],[54.761415,24.463835],[54.761558,24.464533],[54.761602,24.465095],[54.761586,24.46602],[54.761423,24.466903],[54.761163,24.467578],[54.760879,24.468205],[54.760506,24.46882],[54.760051,24.469391],[54.759403,24.470046],[54.758603,24.47061],[54.757248,24.471253],[54.751426,24.477889],[54.751506,24.481728],[54.751585,24.485567],[54.751665,24.489406],[54.751745,24.493311],[54.751725,24.494493],[54.751662,24.495865],[54.751599,24.496764],[54.751324,24.49932],[54.747744,24.498935],[54.74802,24.496378],[54.748071,24.495617],[54.748129,24.494329],[54.748145,24.493254],[54.748066,24.489481],[54.747986,24.485642],[54.747906,24.481803],[54.747827,24.477964],[54.747747,24.474125],[54.747668,24.470286],[54.744931,24.465105],[54.739558,24.463104],[54.737309,24.463153],[54.734653,24.463134],[54.733155,24.46316],[54.732278,24.463108],[54.730513,24.463143],[54.726566,24.462633],[54.723681,24.462666],[54.720795,24.462698],[54.717778,24.462728],[54.716614,24.462733],[54.71368,24.462763],[54.710752,24.462793],[54.708914,24.462818],[54.707816,24.462833],[54.706444,24.462871],[54.70485,24.46291],[54.701814,24.462949],[54.698778,24.462987],[54.696338,24.463017],[54.693898,24.463048],[54.693853,24.459448]]],"type":"Polygon"},"properties":{"branch_id":"39","branch_name":"Al Falah","travel_mode":"driving-car","travel_direction":"destination","travel_minutes":10,"area_km2":35.02413888,"origin_latitude":24.4428939,"origin_longitude":54.7396974,"coordinate_source":"Google Places matched coordinates","data_source":"openrouteservice/HeiGIT; OpenStreetMap road network","generated_at":"2026-09-02T15:56:18+00:00"}},{"type":"Feature","id":"39-15","geometry":{"coordinates":[[[54.746102,24.590823],[54.74566,24.588688],[54.745604,24.588341],[54.745443,24.587304],[54.745264,24.585761],[54.745162,24.584257],[54.74512,24.582694],[54.745072,24.579612],[54.745025,24.576549],[54.74497,24.572195],[54.744915,24.567846],[54.744858,24.56526],[54.7448,24.562658],[54.73947,24.556641],[54.737634,24.556673],[54.734205,24.556732],[54.730218,24.5568],[54.726231,24.556868],[54.726169,24.553269],[54.730156,24.5532],[54.734143,24.553132],[54.737572,24.553073],[54.744566,24.547811],[54.744679,24.546871],[54.74469,24.546671],[54.744717,24.542492],[54.744755,24.538129],[54.744793,24.533766],[54.744831,24.529403],[54.744869,24.52504],[54.744907,24.520677],[54.746707,24.520692],[54.747744,24.498935],[54.74802,24.496378],[54.748071,24.495617],[54.748129,24.494329],[54.748145,24.493254],[54.748066,24.489481],[54.747986,24.485642],[54.747906,24.481803],[54.747827,24.477964],[54.747747,24.474125],[54.743267,24.467492],[54.739208,24.467538],[54.735162,24.467583],[54.732029,24.467641],[54.728581,24.467676],[54.725134,24.467711],[54.717778,24.462728],[54.716614,24.462733],[54.71368,24.462763],[54.710752,24.462793],[54.708914,24.462818],[54.707816,24.462833],[54.706444,24.462871],[54.70485,24.46291],[54.701814,24.462949],[54.698778,24.462987],[54.696338,24.463017],[54.693898,24.463048],[54.68619,24.464421],[54.684088,24.465175],[54.681719,24.46596],[54.677612,24.473132],[54.677619,24.473749],[54.677561,24.475383],[54.677466,24.476261],[54.677157,24.478636],[54.673587,24.478172],[54.664814,24.479716],[54.664109,24.480151],[54.662217,24.477089],[54.663471,24.476085],[54.666043,24.47414],[54.669795,24.469406],[54.67021,24.464746],[54.670231,24.464531],[54.670354,24.463909],[54.671538,24.460201],[54.676936,24.454167],[54.677133,24.452342],[54.677207,24.451177],[54.677226,24.449974],[54.677105,24.447453],[54.676913,24.441048],[54.676951,24.438727],[54.676839,24.436482],[54.676727,24.434237],[54.682004,24.428936],[54.68054,24.424981],[54.678401,24.423472],[54.677896,24.423168],[54.677476,24.422727],[54.674995,24.420026],[54.669734,24.414969],[54.669379,24.414748],[54.669043,24.4145],[54.668728,24.414224],[54.662837,24.411283],[54.66002,24.411394],[54.65721,24.411504],[54.655149,24.411594],[54.653086,24.411684],[54.648571,24.411872],[54.645261,24.412014],[54.642024,24.412151],[54.641316,24.412209],[54.633792,24.413576],[54.626334,24.40964],[54.623609,24.409099],[54.624311,24.405568],[54.627035,24.406109],[54.62976,24.406651],[54.632581,24.407211],[54.635403,24.407772],[54.637993,24.408268],[54.638977,24.408411],[54.63998,24.408504],[54.640867,24.408538],[54.641725,24.408563],[54.641908,24.408557],[54.645107,24.408417],[54.648453,24.401222],[54.648318,24.400038],[54.648335,24.399949],[54.649752,24.39916],[54.651197,24.398892],[54.655085,24.398798],[54.657162,24.401738],[54.662696,24.407686],[54.667955,24.401883],[54.666896,24.399693],[54.666791,24.399405],[54.666206,24.398209],[54.665045,24.395848],[54.664744,24.395199],[54.664257,24.394244],[54.663903,24.393624],[54.663389,24.392312],[54.662355,24.390304],[54.660808,24.386985],[54.664071,24.385464],[54.670174,24.39012],[54.677119,24.385349],[54.680392,24.38385],[54.68048,24.383862],[54.682546,24.38681],[54.68357,24.388458],[54.683673,24.388678],[54.684023,24.389447],[54.684508,24.39045],[54.688997,24.392928],[54.69273,24.386741],[54.693195,24.383171],[54.69424,24.382066],[54.697798,24.382612],[54.705036,24.378399],[54.70535,24.377993],[54.705766,24.377614],[54.707947,24.376084],[54.708116,24.375968],[54.712625,24.372697],[54.713366,24.37218],[54.715475,24.370906],[54.718777,24.363667],[54.716928,24.361414],[54.715144,24.359257],[54.714071,24.357927],[54.712597,24.356129],[54.715381,24.353846],[54.71701,24.355741],[54.717826,24.356746],[54.719715,24.359135],[54.724861,24.363323],[54.724969,24.363451],[54.724969,24.363451],[54.725077,24.36358],[54.728376,24.369671],[54.736222,24.37296],[54.738575,24.372004],[54.739055,24.37175],[54.739137,24.371724],[54.739517,24.371728],[54.741069,24.372223],[54.741375,24.372633],[54.741387,24.372655],[54.742006,24.374038],[54.747496,24.381155],[54.750404,24.380581],[54.751331,24.380189],[54.75325,24.378871],[54.755169,24.377552],[54.757207,24.38052],[54.756604,24.387105],[54.755611,24.390495],[54.762416,24.396203],[54.764467,24.395889],[54.764605,24.396068],[54.764417,24.399196],[54.762071,24.401299],[54.761286,24.410233],[54.761696,24.410957],[54.765463,24.415139],[54.765951,24.415441],[54.766148,24.415604],[54.772634,24.41824],[54.773752,24.418387],[54.775131,24.418633],[54.776848,24.418996],[54.780259,24.419747],[54.783671,24.420498],[54.791694,24.425867],[54.792974,24.422546],[54.796323,24.423286],[54.799674,24.424025],[54.801942,24.424529],[54.804246,24.425041],[54.805539,24.425357],[54.809413,24.426507],[54.813314,24.427665],[54.81677,24.428444],[54.818921,24.429134],[54.821073,24.429824],[54.823265,24.430527],[54.825457,24.43123],[54.826839,24.431614],[54.827486,24.431765],[54.829067,24.432101],[54.831761,24.432641],[54.83936,24.428094],[54.839213,24.42494],[54.839077,24.421983],[54.839104,24.421757],[54.842679,24.422178],[54.844964,24.428622],[54.848004,24.436219],[54.850801,24.436792],[54.853592,24.437363],[54.856096,24.437865],[54.85857,24.438362],[54.859452,24.438524],[54.860418,24.438673],[54.861389,24.438793],[54.862111,24.438861],[54.86314,24.438923],[54.864535,24.438953],[54.867861,24.438936],[54.871188,24.438918],[54.874454,24.438901],[54.87772,24.438884],[54.877739,24.442484],[54.874473,24.442501],[54.871207,24.442518],[54.86788,24.442536],[54.864553,24.442553],[54.863064,24.442522],[54.861901,24.442455],[54.861057,24.442378],[54.859979,24.442246],[54.858906,24.442083],[54.857921,24.441903],[54.855388,24.441395],[54.848594,24.446381],[54.847345,24.447397],[54.843598,24.454474],[54.843679,24.458088],[54.84333,24.464368],[54.843289,24.464424],[54.843002,24.464711],[54.840387,24.462294],[54.84008,24.458169],[54.839999,24.454555],[54.839885,24.449596],[54.839793,24.44563],[54.839709,24.441385],[54.834971,24.437254],[54.832081,24.436659],[54.829188,24.436064],[54.82578,24.43533],[54.824685,24.435029],[54.820807,24.4338],[54.814551,24.433777],[54.813874,24.433866],[54.813277,24.433784],[54.808389,24.429958],[54.804514,24.428808],[54.803396,24.428539],[54.801162,24.428043],[54.798893,24.42754],[54.794559,24.42668],[54.792526,24.426219],[54.792085,24.426069],[54.782897,24.424014],[54.779485,24.423263],[54.776074,24.422512],[54.774386,24.422155],[54.773123,24.421932],[54.767542,24.428111],[54.767599,24.428983],[54.766213,24.433959],[54.766127,24.434431],[54.765975,24.434857],[54.765826,24.435153],[54.765112,24.436407],[54.762791,24.442909],[54.763064,24.446499],[54.760746,24.446675],[54.754593,24.449517],[54.753902,24.450667],[54.753465,24.451515],[54.756768,24.459332],[54.75746,24.45956],[54.757971,24.459781],[54.758459,24.460033],[54.758756,24.460219],[54.759391,24.460691],[54.760062,24.461333],[54.760426,24.461791],[54.760799,24.462357],[54.761221,24.463235],[54.761415,24.463835],[54.761558,24.464533],[54.761602,24.465095],[54.761586,24.46602],[54.761423,24.466903],[54.761163,24.467578],[54.760879,24.468205],[54.760506,24.46882],[54.760051,24.469391],[54.759403,24.470046],[54.758603,24.47061],[54.757248,24.471253],[54.751426,24.477889],[54.751506,24.481728],[54.751585,24.485567],[54.751665,24.489406],[54.751745,24.493311],[54.751725,24.494493],[54.751662,24.495865],[54.751599,24.496764],[54.751324,24.49932],[54.748507,24.520708],[54.748469,24.525071],[54.748431,24.529434],[54.748393,24.533797],[54.748355,24.53816],[54.748317,24.542523],[54.748279,24.54687],[54.749401,24.553112],[54.748972,24.556687],[54.748457,24.565181],[54.748515,24.5678],[54.74857,24.572149],[54.748625,24.576494],[54.748672,24.579557],[54.748719,24.5826],[54.748754,24.584018],[54.750113,24.591794],[54.746647,24.592766],[54.746102,24.590823]]],"type":"Polygon"},"properties":{"branch_id":"39","branch_name":"Al Falah","travel_mode":"driving-car","travel_direction":"destination","travel_minutes":15,"area_km2":108.57577663,"origin_latitude":24.4428939,"origin_longitude":54.7396974,"coordinate_source":"Google Places matched coordinates","data_source":"openrouteservice/HeiGIT; OpenStreetMap road network","generated_at":"2026-09-02T15:56:18+00:00"}},{"type":"Feature","id":"50-5","geometry":{"coordinates":[[[55.461495,25.334594],[55.464201,25.332773],[55.463522,25.325509],[55.461759,25.32237],[55.461835,25.321777],[55.463355,25.32088],[55.463478,25.320807],[55.466013,25.31714],[55.461738,25.311316],[55.461401,25.310859],[55.46129,25.310131],[55.461448,25.309059],[55.461891,25.308424],[55.462039,25.308286],[55.468718,25.303993],[55.469756,25.302105],[55.469883,25.302004],[55.473821,25.301153],[55.475662,25.304247],[55.478195,25.310712],[55.479891,25.316229],[55.48814,25.318521],[55.494408,25.318391],[55.498661,25.316847],[55.502105,25.317535],[55.503061,25.321006],[55.500612,25.323514],[55.499959,25.323853],[55.4991,25.324168],[55.497282,25.32467],[55.493326,25.325569],[55.488041,25.327219],[55.48535,25.327925],[55.482727,25.32865],[55.475922,25.331048],[55.474077,25.331906],[55.471279,25.333202],[55.463505,25.33758],[55.461495,25.334594]]],"type":"Polygon"},"properties":{"branch_id":"50","branch_name":"Al Jada","travel_mode":"driving-car","travel_direction":"destination","travel_minutes":5,"area_km2":7.3752875499999995,"origin_latitude":25.3192096,"origin_longitude":55.4799114,"coordinate_source":"Google Places matched coordinates","data_source":"openrouteservice/HeiGIT; OpenStreetMap road network","generated_at":"2026-09-02T15:56:19+00:00"}},{"type":"Feature","id":"50-10","geometry":{"coordinates":[[[55.417114,25.352461],[55.423107,25.348616],[55.423178,25.344297],[55.423348,25.341976],[55.424252,25.336899],[55.425601,25.334122],[55.42978,25.326967],[55.430637,25.320073],[55.432124,25.31908],[55.433159,25.311163],[55.432646,25.310428],[55.433317,25.309274],[55.433352,25.30922],[55.435596,25.308366],[55.435814,25.299491],[55.433585,25.296665],[55.430798,25.292475],[55.428946,25.290479],[55.427755,25.289311],[55.426826,25.288283],[55.426348,25.28772],[55.425461,25.286589],[55.424857,25.285753],[55.424558,25.285302],[55.4239,25.284231],[55.423135,25.282922],[55.419525,25.277451],[55.42241,25.275299],[55.423674,25.276993],[55.424116,25.277619],[55.425014,25.279003],[55.430914,25.284692],[55.436931,25.286173],[55.442833,25.2855],[55.44479,25.28475],[55.445844,25.284318],[55.449632,25.284564],[55.456111,25.279996],[55.456834,25.279372],[55.457788,25.278526],[55.45909,25.277551],[55.461169,25.276383],[55.463242,25.275563],[55.46579,25.274643],[55.469838,25.273088],[55.472008,25.272248],[55.47419,25.27144],[55.47833,25.269915],[55.480804,25.268953],[55.482109,25.272308],[55.487539,25.279396],[55.4888,25.278706],[55.493799,25.279663],[55.497039,25.281995],[55.497286,25.28236],[55.504488,25.285708],[55.506441,25.284918],[55.507377,25.284458],[55.508962,25.28769],[55.514941,25.29436],[55.516516,25.295307],[55.517414,25.295924],[55.517418,25.295991],[55.516714,25.297493],[55.513857,25.303576],[55.516421,25.312146],[55.517082,25.313101],[55.51796,25.314542],[55.518502,25.315316],[55.518367,25.316376],[55.518348,25.316494],[55.516882,25.31854],[55.516299,25.319196],[55.515592,25.319533],[55.515033,25.319611],[55.509403,25.320906],[55.505624,25.322271],[55.50529,25.322397],[55.505023,25.322451],[55.499959,25.323853],[55.4991,25.324168],[55.497282,25.32467],[55.495188,25.325366],[55.49354,25.325893],[55.489899,25.326821],[55.488041,25.327219],[55.486505,25.327756],[55.48535,25.327925],[55.483111,25.32869],[55.478789,25.336107],[55.477215,25.33753],[55.475443,25.34569],[55.477734,25.348401],[55.479889,25.350499],[55.480363,25.350926],[55.480688,25.351515],[55.482568,25.354854],[55.489089,25.357127],[55.492407,25.356657],[55.497273,25.355122],[55.497885,25.354928],[55.498566,25.35488],[55.499221,25.354946],[55.502942,25.355406],[55.503427,25.355437],[55.504318,25.355531],[55.504776,25.355599],[55.506763,25.35595],[55.508587,25.356277],[55.510423,25.356605],[55.513689,25.357211],[55.513032,25.360751],[55.508585,25.36003],[55.499634,25.360224],[55.499228,25.360341],[55.497754,25.360614],[55.490843,25.361693],[55.488965,25.362609],[55.487076,25.363531],[55.484136,25.36494],[55.476107,25.364155],[55.474836,25.364882],[55.474196,25.365226],[55.470948,25.366843],[55.467701,25.36846],[55.464769,25.36992],[55.461837,25.37138],[55.460232,25.368157],[55.463164,25.366697],[55.466096,25.365237],[55.469344,25.36362],[55.471376,25.359779],[55.471898,25.35719],[55.471001,25.353507],[55.463657,25.350788],[55.460287,25.354518],[55.459939,25.354731],[55.458391,25.354698],[55.45636,25.353162],[55.448906,25.356771],[55.449554,25.364605],[55.446917,25.367056],[55.446287,25.366379],[55.437981,25.364093],[55.437143,25.363943],[55.436426,25.363754],[55.436313,25.363698],[55.43089,25.360371],[55.425445,25.360992],[55.423633,25.360293],[55.415964,25.355719],[55.41593,25.355694],[55.417114,25.352461]]],"type":"Polygon"},"properties":{"branch_id":"50","branch_name":"Al Jada","travel_mode":"driving-car","travel_direction":"destination","travel_minutes":10,"area_km2":66.27129183,"origin_latitude":25.3192096,"origin_longitude":55.4799114,"coordinate_source":"Google Places matched coordinates","data_source":"openrouteservice/HeiGIT; OpenStreetMap road network","generated_at":"2026-09-02T15:56:19+00:00"}},{"type":"Feature","id":"50-15","geometry":{"coordinates":[[[55.393832,25.376204],[55.390654,25.371747],[55.390202,25.369948],[55.390017,25.369055],[55.38901,25.362883],[55.388331,25.35502],[55.388069,25.353779],[55.387686,25.349985],[55.38966,25.345937],[55.390361,25.344592],[55.391911,25.340346],[55.39322,25.338635],[55.394407,25.330286],[55.391667,25.32717],[55.391026,25.326472],[55.393679,25.324038],[55.400392,25.321452],[55.402436,25.316392],[55.401304,25.307542],[55.401091,25.306259],[55.393522,25.301761],[55.391379,25.302586],[55.389264,25.303401],[55.388125,25.303861],[55.384718,25.306332],[55.384168,25.306849],[55.379487,25.310326],[55.37867,25.311066],[55.37862,25.311085],[55.377294,25.311072],[55.37584,25.310005],[55.375815,25.309979],[55.376631,25.303907],[55.37705,25.301211],[55.378665,25.297993],[55.379458,25.298283],[55.38006,25.298506],[55.380648,25.298821],[55.384477,25.299722],[55.388125,25.299993],[55.390085,25.299227],[55.392859,25.292025],[55.393827,25.290399],[55.39528,25.282051],[55.395255,25.281617],[55.398709,25.280956],[55.404372,25.274221],[55.40059,25.270143],[55.399204,25.267082],[55.39088,25.266049],[55.385824,25.265243],[55.383969,25.262157],[55.385677,25.25673],[55.386112,25.256109],[55.386599,25.255527],[55.386669,25.255471],[55.389223,25.254969],[55.394008,25.249658],[55.394656,25.247602],[55.39489,25.24747],[55.396946,25.247577],[55.40287,25.242039],[55.402518,25.240065],[55.402382,25.239194],[55.402256,25.238291],[55.399431,25.232898],[55.3992,25.232633],[55.400203,25.229176],[55.403467,25.221794],[55.402951,25.217075],[55.402797,25.21661],[55.40139,25.213413],[55.400206,25.210837],[55.399009,25.208233],[55.398135,25.206242],[55.401432,25.204795],[55.402306,25.206786],[55.40695,25.21434],[55.40708,25.219144],[55.407131,25.219958],[55.407119,25.221069],[55.40706,25.222025],[55.406603,25.225029],[55.40635,25.227055],[55.411827,25.2335],[55.412809,25.233453],[55.415349,25.233528],[55.415464,25.233533],[55.417693,25.233561],[55.419917,25.233596],[55.421055,25.233536],[55.421246,25.237131],[55.42112,25.242594],[55.424343,25.245713],[55.424752,25.245889],[55.429223,25.251306],[55.432394,25.252064],[55.435995,25.254612],[55.438701,25.258826],[55.44359,25.261036],[55.446902,25.263011],[55.454791,25.266398],[55.460701,25.268898],[55.461754,25.269882],[55.465773,25.272768],[55.47085,25.27],[55.473084,25.268543],[55.47354,25.268296],[55.481089,25.266938],[55.484565,25.265854],[55.488515,25.264792],[55.494202,25.263083],[55.498516,25.260976],[55.500629,25.260189],[55.507079,25.256273],[55.507208,25.256226],[55.51361,25.256491],[55.516664,25.255324],[55.523037,25.2498],[55.523176,25.249741],[55.523552,25.249627],[55.523711,25.249597],[55.53018,25.250215],[55.532739,25.249237],[55.535954,25.248009],[55.539235,25.24677],[55.542513,25.245533],[55.545366,25.244449],[55.548218,25.243366],[55.55107,25.242282],[55.55392,25.2412],[55.556689,25.240143],[55.559459,25.239086],[55.561457,25.238323],[55.563456,25.23756],[55.564739,25.240924],[55.562741,25.241686],[55.5599,25.242925],[55.556942,25.244052],[55.55579,25.244462],[55.555178,25.244614],[55.552349,25.245648],[55.549496,25.246731],[55.546644,25.247815],[55.541766,25.251042],[55.540987,25.25185],[55.540665,25.251972],[55.538408,25.252829],[55.537363,25.253223],[55.535384,25.253467],[55.52867,25.257664],[55.52761,25.259962],[55.526397,25.265684],[55.525945,25.267915],[55.532384,25.273568],[55.533661,25.273301],[55.535434,25.272523],[55.53779,25.271731],[55.537996,25.271649],[55.539267,25.27138],[55.542371,25.270321],[55.54542,25.269279],[55.546583,25.272686],[55.545912,25.279175],[55.548642,25.282773],[55.548956,25.28359],[55.548983,25.284307],[55.548938,25.284567],[55.548915,25.284662],[55.545495,25.284522],[55.537776,25.287475],[55.534945,25.295299],[55.538917,25.298306],[55.541062,25.300526],[55.544595,25.304119],[55.545279,25.304695],[55.549175,25.308867],[55.55781,25.308918],[55.56141,25.308854],[55.566615,25.307397],[55.567427,25.30698],[55.567899,25.306773],[55.568415,25.306573],[55.569365,25.306268],[55.569867,25.306141],[55.570375,25.306033],[55.570905,25.305944],[55.575101,25.305431],[55.57772,25.305071],[55.579606,25.304853],[55.581496,25.304634],[55.583908,25.304358],[55.584317,25.307935],[55.581904,25.308211],[55.580021,25.308429],[55.576745,25.30894],[55.575765,25.309028],[55.570139,25.310633],[55.563557,25.316161],[55.56336,25.31656],[55.562443,25.318356],[55.562352,25.318391],[55.556615,25.32416],[55.557776,25.326335],[55.55893,25.328496],[55.559982,25.330427],[55.55682,25.332149],[55.555768,25.330218],[55.553526,25.326621],[55.553239,25.326092],[55.546258,25.321021],[55.544687,25.321839],[55.54272,25.321689],[55.541151,25.321162],[55.534099,25.317096],[55.529078,25.319071],[55.528445,25.319365],[55.522166,25.322117],[55.521609,25.322473],[55.520627,25.322635],[55.51224,25.323462],[55.508249,25.32742],[55.507835,25.32773],[55.501976,25.329011],[55.498317,25.332318],[55.496218,25.333865],[55.495588,25.334219],[55.493039,25.336357],[55.49111,25.337113],[55.487745,25.337327],[55.483517,25.342328],[55.486531,25.348641],[55.49475,25.35025],[55.496339,25.352411],[55.503472,25.352655],[55.505899,25.350173],[55.50888,25.346653],[55.509827,25.346581],[55.516512,25.349174],[55.518389,25.350208],[55.522177,25.353159],[55.524192,25.356142],[55.533067,25.356805],[55.53653,25.355822],[55.537708,25.356376],[55.543259,25.361641],[55.547039,25.362174],[55.547987,25.362076],[55.553932,25.359948],[55.554021,25.359929],[55.555961,25.360932],[55.556921,25.361328],[55.558635,25.362601],[55.559105,25.363126],[55.560693,25.365129],[55.563269,25.373492],[55.564393,25.374923],[55.56531,25.376222],[55.565735,25.376878],[55.566474,25.378135],[55.566959,25.379051],[55.56759,25.38038],[55.569412,25.384489],[55.571242,25.388613],[55.572113,25.39063],[55.572843,25.392152],[55.577116,25.398593],[55.578372,25.399997],[55.580735,25.402336],[55.578263,25.404953],[55.576666,25.403577],[55.575917,25.40275],[55.574893,25.401535],[55.574371,25.400921],[55.57309,25.399361],[55.572744,25.398909],[55.572166,25.398089],[55.57084,25.395986],[55.570224,25.3949],[55.56966,25.393834],[55.569175,25.392858],[55.568841,25.392129],[55.567937,25.390042],[55.559951,25.387445],[55.556188,25.388497],[55.556049,25.388536],[55.553979,25.38728],[55.553968,25.387244],[55.555081,25.385069],[55.555219,25.38503],[55.558963,25.383984],[55.560959,25.376638],[55.555142,25.374072],[55.549989,25.372557],[55.548511,25.37282],[55.548254,25.372405],[55.548036,25.372087],[55.54778,25.371726],[55.540749,25.367391],[55.537874,25.370754],[55.532019,25.3768],[55.531135,25.380276],[55.531134,25.380278],[55.530349,25.381191],[55.530339,25.381199],[55.529374,25.381505],[55.528976,25.381536],[55.528962,25.381534],[55.527486,25.37945],[55.519153,25.379262],[55.518385,25.380332],[55.514429,25.380546],[55.508151,25.385888],[55.507239,25.391697],[55.507243,25.392284],[55.507135,25.393012],[55.506797,25.395307],[55.506774,25.395491],[55.50478,25.396871],[55.504729,25.396865],[55.503201,25.39505],[55.495362,25.39529],[55.492244,25.3944],[55.485107,25.396488],[55.480371,25.402723],[55.482468,25.406756],[55.483299,25.408267],[55.483682,25.408896],[55.480608,25.410769],[55.474165,25.406068],[55.473499,25.402655],[55.469909,25.395788],[55.464681,25.396124],[55.462163,25.396351],[55.461199,25.396595],[55.460794,25.396653],[55.459913,25.396677],[55.454336,25.393307],[55.450861,25.392062],[55.443984,25.392848],[55.443617,25.392955],[55.443091,25.393075],[55.441738,25.393297],[55.440832,25.39342],[55.432486,25.39368],[55.42909,25.395101],[55.428864,25.395125],[55.428525,25.395073],[55.427303,25.3945],[55.425917,25.3938],[55.422298,25.392245],[55.415664,25.392245],[55.409836,25.38894],[55.407301,25.385372],[55.401768,25.383844],[55.396086,25.380917],[55.395968,25.380809],[55.393832,25.376204]]],"type":"Polygon"},"properties":{"branch_id":"50","branch_name":"Al Jada","travel_mode":"driving-car","travel_direction":"destination","travel_minutes":15,"area_km2":218.87956505,"origin_latitude":25.3192096,"origin_longitude":55.4799114,"coordinate_source":"Google Places matched coordinates","data_source":"openrouteservice/HeiGIT; OpenStreetMap road network","generated_at":"2026-09-02T15:56:19+00:00"}},{"type":"Feature","id":"45-5","geometry":{"coordinates":[[[54.454396,24.421686],[54.456272,24.420488],[54.458372,24.419019],[54.462385,24.413797],[54.463792,24.412957],[54.470022,24.40768],[54.476643,24.402427],[54.481007,24.403186],[54.482139,24.406603],[54.491049,24.40656],[54.491368,24.405229],[54.492608,24.399704],[54.494164,24.397284],[54.499172,24.394275],[54.502111,24.393443],[54.502138,24.393436],[54.509158,24.393375],[54.516604,24.393245],[54.51947,24.392438],[54.520442,24.395904],[54.523989,24.400333],[54.523998,24.400646],[54.521671,24.405956],[54.520569,24.407024],[54.51977,24.407796],[54.519271,24.40821],[54.518818,24.408499],[54.518416,24.408701],[54.515696,24.409928],[54.513995,24.410684],[54.512117,24.411528],[54.505347,24.41554],[54.501846,24.417494],[54.495998,24.422393],[54.494428,24.425452],[54.49349,24.425975],[54.493142,24.42599],[54.491852,24.426044],[54.49166,24.426052],[54.490873,24.425605],[54.484105,24.422175],[54.47623,24.426169],[54.475892,24.426546],[54.47507,24.427303],[54.473377,24.428536],[54.471168,24.430242],[54.468968,24.427393],[54.471176,24.425687],[54.466472,24.418299],[54.465341,24.418653],[54.464897,24.418845],[54.464501,24.419041],[54.464159,24.419241],[54.463828,24.419457],[54.461656,24.420985],[54.461275,24.421496],[54.460501,24.422052],[54.459588,24.422689],[54.457556,24.423851],[54.456311,24.424737],[54.456181,24.424812],[54.455561,24.424969],[54.455451,24.424977],[54.454396,24.421686]]],"type":"Polygon"},"properties":{"branch_id":"45","branch_name":"Al Maqta","travel_mode":"driving-car","travel_direction":"destination","travel_minutes":5,"area_km2":13.35238015,"origin_latitude":24.4130516,"origin_longitude":54.4929556,"coordinate_source":"Google Places matched coordinates","data_source":"openrouteservice/HeiGIT; OpenStreetMap road network","generated_at":"2026-09-02T15:56:19+00:00"}},{"type":"Feature","id":"45-10","geometry":{"coordinates":[[[54.395676,24.452396],[54.391253,24.450927],[54.388648,24.448442],[54.390846,24.445723],[54.393709,24.441333],[54.395794,24.436668],[54.398054,24.429838],[54.397769,24.426548],[54.40251,24.42457],[54.407592,24.422884],[54.408002,24.422771],[54.408595,24.422671],[54.41157,24.422059],[54.418776,24.416992],[54.419157,24.41655],[54.419533,24.416285],[54.419662,24.416216],[54.421885,24.417141],[54.428759,24.417283],[54.43235,24.41566],[54.433572,24.415316],[54.435774,24.414703],[54.443198,24.412195],[54.443767,24.411954],[54.444296,24.411821],[54.444788,24.411764],[54.446132,24.411719],[54.448451,24.411652],[54.449117,24.411552],[54.450569,24.411197],[54.451288,24.41113],[54.45691,24.405493],[54.456679,24.403594],[54.45748,24.401572],[54.460231,24.397934],[54.46035,24.397912],[54.465465,24.397707],[54.469762,24.398485],[54.473717,24.398575],[54.478151,24.400242],[54.485554,24.398649],[54.486608,24.395769],[54.48663,24.394189],[54.487067,24.394077],[54.493625,24.39347],[54.497551,24.392732],[54.498099,24.392572],[54.498468,24.392468],[54.498966,24.392327],[54.500221,24.392078],[54.501919,24.392038],[54.502613,24.392031],[54.504348,24.392272],[54.507109,24.392391],[54.511915,24.392487],[54.513334,24.392125],[54.514294,24.392325],[54.518598,24.392228],[54.522666,24.386513],[54.522708,24.385955],[54.522695,24.38371],[54.522751,24.381498],[54.519482,24.375089],[54.514286,24.375052],[54.51376,24.375037],[54.513486,24.37486],[54.513862,24.371438],[54.517014,24.370831],[54.517148,24.370837],[54.523461,24.367874],[54.523618,24.364557],[54.523777,24.361219],[54.523938,24.35855],[54.52404,24.355506],[54.524178,24.352197],[54.524279,24.350366],[54.52438,24.348534],[54.527974,24.348732],[54.528188,24.350091],[54.530234,24.357946],[54.531848,24.360784],[54.531845,24.360841],[54.531526,24.368418],[54.533491,24.37262],[54.534075,24.373397],[54.538041,24.377448],[54.546465,24.37921],[54.547291,24.378498],[54.548772,24.376605],[54.551242,24.37384],[54.55375,24.371026],[54.556259,24.368211],[54.557699,24.366599],[54.559138,24.364989],[54.560886,24.363028],[54.561857,24.361929],[54.564555,24.364313],[54.563583,24.365412],[54.562758,24.366483],[54.562277,24.367037],[54.562033,24.367269],[54.560383,24.368998],[54.557947,24.377277],[54.55579,24.380159],[54.549747,24.38113],[54.548984,24.381771],[54.548819,24.381934],[54.547581,24.383352],[54.551103,24.391293],[54.55439,24.391941],[54.554913,24.39213],[54.557071,24.392462],[54.559927,24.393048],[54.560543,24.393171],[54.56357,24.393838],[54.563832,24.393912],[54.565613,24.394246],[54.567646,24.394652],[54.570357,24.395179],[54.573077,24.395708],[54.575812,24.396252],[54.578556,24.396798],[54.580352,24.397166],[54.582134,24.397532],[54.585011,24.398098],[54.587894,24.398666],[54.588009,24.398693],[54.590609,24.399208],[54.593299,24.399746],[54.595251,24.400107],[54.597227,24.400473],[54.600705,24.401164],[54.604182,24.401855],[54.60625,24.402266],[54.605548,24.405797],[54.604459,24.405655],[54.603818,24.405512],[54.600003,24.404695],[54.596526,24.404004],[54.594596,24.403647],[54.59124,24.403195],[54.588316,24.402501],[54.587188,24.402196],[54.587073,24.402169],[54.584316,24.40163],[54.581439,24.401064],[54.573604,24.404698],[54.573052,24.406323],[54.569643,24.405165],[54.568437,24.404009],[54.568364,24.403907],[54.56428,24.397731],[54.557931,24.401216],[54.557675,24.401719],[54.554105,24.408751],[54.552966,24.411514],[54.551349,24.411629],[54.547941,24.410469],[54.548176,24.409779],[54.548472,24.403382],[54.548605,24.401066],[54.541109,24.397279],[54.539653,24.397887],[54.534496,24.403557],[54.534339,24.403831],[54.533277,24.404519],[54.531411,24.405236],[54.525975,24.408326],[54.525708,24.408468],[54.523673,24.409367],[54.521725,24.410225],[54.517154,24.415405],[54.521854,24.42154],[54.522604,24.421665],[54.523511,24.421851],[54.524682,24.422076],[54.527981,24.423009],[54.530357,24.423685],[54.532732,24.424361],[54.535108,24.425037],[54.537472,24.425709],[54.540977,24.426682],[54.544488,24.427657],[54.546658,24.428269],[54.548828,24.42888],[54.550998,24.429492],[54.553179,24.430107],[54.555941,24.430905],[54.556107,24.430961],[54.558735,24.431692],[54.561528,24.432479],[54.564322,24.433266],[54.567118,24.434054],[54.570767,24.435087],[54.574416,24.43612],[54.57681,24.436798],[54.579203,24.437476],[54.578222,24.44094],[54.575829,24.440262],[54.573435,24.439584],[54.569786,24.438551],[54.561154,24.436847],[54.559851,24.436483],[54.55218,24.433566],[54.550021,24.432957],[54.547851,24.432345],[54.545681,24.431734],[54.543511,24.431122],[54.540014,24.430151],[54.536509,24.429178],[54.529061,24.427377],[54.528521,24.427252],[54.525878,24.426645],[54.524438,24.426223],[54.516657,24.425527],[54.514341,24.425673],[54.51206,24.425816],[54.508588,24.425927],[54.508167,24.425922],[54.50742,24.425846],[54.506803,24.425707],[54.50629,24.425538],[54.500655,24.424417],[54.49349,24.425975],[54.493142,24.42599],[54.491852,24.426044],[54.49166,24.426052],[54.487802,24.425784],[54.481935,24.427701],[54.478404,24.428406],[54.471191,24.43145],[54.469904,24.434777],[54.467822,24.438886],[54.465912,24.441186],[54.465325,24.441697],[54.464455,24.441469],[54.455873,24.441574],[54.454878,24.441959],[54.453062,24.442587],[54.45267,24.44271],[54.450357,24.443999],[54.447078,24.451861],[54.448072,24.453016],[54.448991,24.454053],[54.450528,24.455835],[54.452052,24.457603],[54.453343,24.459068],[54.454634,24.460532],[54.451934,24.462913],[54.450643,24.461449],[54.449352,24.459984],[54.447801,24.458186],[54.446265,24.456403],[54.445378,24.455404],[54.444351,24.454212],[54.441552,24.450303],[54.436382,24.44798],[54.435028,24.447633],[54.429356,24.445994],[54.426645,24.445506],[54.418955,24.446436],[54.416029,24.447535],[54.4131,24.448635],[54.410828,24.449482],[54.405673,24.4547],[54.404737,24.456474],[54.403181,24.458586],[54.402025,24.460329],[54.400869,24.462073],[54.397869,24.460083],[54.395676,24.452396]]],"type":"Polygon"},"properties":{"branch_id":"45","branch_name":"Al Maqta","travel_mode":"driving-car","travel_direction":"destination","travel_minutes":10,"area_km2":67.33925362000001,"origin_latitude":24.4130516,"origin_longitude":54.4929556,"coordinate_source":"Google Places matched coordinates","data_source":"openrouteservice/HeiGIT; OpenStreetMap road network","generated_at":"2026-09-02T15:56:19+00:00"}},{"type":"Feature","id":"45-15","geometry":{"coordinates":[[[54.364393,24.497127],[54.370722,24.49641],[54.371352,24.488326],[54.367771,24.483979],[54.361225,24.482931],[54.360314,24.482733],[54.358525,24.48055],[54.359246,24.477785],[54.356448,24.470802],[54.351029,24.463625],[54.348609,24.463269],[54.348159,24.462915],[54.348375,24.46066],[54.348323,24.452464],[54.348252,24.45157],[54.348265,24.451507],[54.348542,24.450856],[54.348939,24.450387],[54.349504,24.450037],[54.353705,24.443004],[54.353536,24.440682],[54.353576,24.44063],[54.358538,24.438866],[54.360223,24.437875],[54.362713,24.436435],[54.364334,24.434749],[54.364857,24.42602],[54.362701,24.423757],[54.356547,24.419954],[54.356435,24.41982],[54.355175,24.416373],[54.35495,24.415728],[54.354947,24.415713],[54.355011,24.414805],[54.357541,24.41323],[54.357942,24.41364],[54.35806,24.413768],[54.35886,24.414644],[54.360222,24.416004],[54.361284,24.417135],[54.363128,24.418985],[54.365308,24.421274],[54.367464,24.423537],[54.36962,24.425801],[54.373881,24.428635],[54.379038,24.425819],[54.380876,24.425204],[54.385395,24.423636],[54.387289,24.423019],[54.392452,24.421691],[54.398249,24.418508],[54.400775,24.416657],[54.405431,24.418407],[54.411367,24.4166],[54.411935,24.416428],[54.411973,24.416416],[54.415781,24.415154],[54.419221,24.415562],[54.425129,24.410851],[54.425567,24.410715],[54.431918,24.4088],[54.432607,24.408584],[54.434149,24.408725],[54.437286,24.41024],[54.444788,24.411764],[54.446132,24.411719],[54.448451,24.411652],[54.449117,24.411552],[54.450569,24.411197],[54.451288,24.41113],[54.45691,24.405493],[54.455391,24.403042],[54.460231,24.397934],[54.46035,24.397912],[54.465465,24.397707],[54.469762,24.398485],[54.473717,24.398575],[54.478151,24.400242],[54.485554,24.398649],[54.486608,24.395769],[54.48663,24.394189],[54.487067,24.394077],[54.493625,24.39347],[54.497328,24.385467],[54.493723,24.383464],[54.491817,24.383384],[54.490012,24.383166],[54.486445,24.383024],[54.482877,24.382882],[54.47919,24.378196],[54.47374,24.373373],[54.4733,24.372792],[54.472926,24.372229],[54.472872,24.372103],[54.47388,24.369775],[54.47952,24.365535],[54.48014,24.365263],[54.482171,24.364363],[54.482578,24.364379],[54.490046,24.359393],[54.490317,24.357833],[54.490355,24.356985],[54.490537,24.353536],[54.485725,24.346854],[54.484363,24.34497],[54.484365,24.344934],[54.485874,24.343257],[54.491837,24.337695],[54.491912,24.337632],[54.496188,24.334626],[54.502025,24.331499],[54.505619,24.331697],[54.509025,24.324901],[54.509344,24.321691],[54.509797,24.321709],[54.516648,24.316409],[54.517401,24.315825],[54.51749,24.315834],[54.51811,24.316016],[54.525663,24.311358],[54.52603,24.310354],[54.526252,24.309839],[54.526514,24.309298],[54.528101,24.306877],[54.528511,24.306355],[54.528834,24.306006],[54.529571,24.30526],[54.530043,24.304829],[54.531056,24.303992],[54.533623,24.301947],[54.536291,24.299828],[54.543227,24.294175],[54.550108,24.288415],[54.552521,24.291087],[54.551532,24.295212],[54.549632,24.295522],[54.545887,24.296741],[54.542724,24.303494],[54.541624,24.305979],[54.541374,24.313548],[54.544532,24.319303],[54.551256,24.323184],[54.554209,24.323546],[54.554042,24.327142],[54.55086,24.333548],[54.554275,24.336146],[54.55574,24.337238],[54.56391,24.336134],[54.56523,24.333914],[54.566306,24.33071],[54.572456,24.327392],[54.576052,24.327551],[54.582011,24.32452],[54.587917,24.321637],[54.589752,24.318996],[54.591595,24.316345],[54.593555,24.313566],[54.594189,24.31274],[54.595003,24.311807],[54.596719,24.310191],[54.597997,24.309116],[54.598896,24.308453],[54.60113,24.306966],[54.602581,24.306188],[54.60344,24.305778],[54.605027,24.305091],[54.605699,24.304824],[54.606372,24.304597],[54.607627,24.304229],[54.61088,24.303424],[54.618705,24.300692],[54.620546,24.303786],[54.620005,24.304107],[54.619385,24.304454],[54.618787,24.304758],[54.617857,24.305185],[54.616101,24.305787],[54.615076,24.306092],[54.611745,24.306918],[54.606068,24.312998],[54.603328,24.315333],[54.595416,24.317311],[54.594659,24.318382],[54.594209,24.325245],[54.594142,24.325327],[54.593609,24.325771],[54.591679,24.332883],[54.594195,24.335931],[54.594321,24.336475],[54.594331,24.336598],[54.595426,24.342635],[54.595309,24.342832],[54.593813,24.345853],[54.593314,24.345651],[54.592923,24.345422],[54.592685,24.345217],[54.592032,24.344707],[54.591505,24.344206],[54.590944,24.343536],[54.590515,24.342885],[54.590195,24.342269],[54.590014,24.34182],[54.589824,24.341205],[54.589295,24.338537],[54.580969,24.338526],[54.580813,24.341952],[54.579971,24.342626],[54.575126,24.346178],[54.573707,24.348203],[54.573091,24.354488],[54.57533,24.35736],[54.57581,24.357991],[54.576275,24.358682],[54.576604,24.359173],[54.576804,24.359742],[54.571045,24.365084],[54.570747,24.365456],[54.569342,24.367451],[54.565186,24.370278],[54.563656,24.375902],[54.563431,24.376358],[54.563406,24.376394],[54.563153,24.376537],[54.56173,24.377291],[54.558117,24.379194],[54.55579,24.380159],[54.549747,24.38113],[54.548984,24.381771],[54.548819,24.381934],[54.547581,24.383352],[54.551103,24.391293],[54.55297,24.391427],[54.55439,24.391941],[54.556301,24.392097],[54.559631,24.392768],[54.563412,24.393529],[54.569296,24.389763],[54.569534,24.389307],[54.569534,24.389307],[54.569724,24.388943],[54.576207,24.385372],[54.576834,24.384808],[54.578725,24.383176],[54.579058,24.382795],[54.581478,24.374904],[54.58457,24.37306],[54.591348,24.370851],[54.592009,24.370394],[54.592351,24.370197],[54.597176,24.368279],[54.598775,24.367438],[54.599438,24.367193],[54.599593,24.367136],[54.602425,24.366225],[54.603715,24.369586],[54.603553,24.371295],[54.599538,24.373618],[54.599113,24.373942],[54.598934,24.373999],[54.592705,24.37989],[54.592498,24.380796],[54.592282,24.381552],[54.592126,24.382002],[54.591844,24.382657],[54.59057,24.390803],[54.592474,24.393805],[54.597227,24.400473],[54.600705,24.401164],[54.604182,24.401855],[54.60625,24.402266],[54.607241,24.402463],[54.610226,24.403056],[54.613223,24.403651],[54.615925,24.404208],[54.618429,24.404471],[54.620962,24.404971],[54.623495,24.405471],[54.624698,24.405743],[54.625657,24.406019],[54.626552,24.406304],[54.627593,24.406709],[54.629204,24.407417],[54.637904,24.409079],[54.6391,24.408952],[54.640359,24.408868],[54.642637,24.408777],[54.644914,24.408686],[54.648188,24.408565],[54.650368,24.408465],[54.653946,24.408316],[54.657524,24.408168],[54.661102,24.408019],[54.664693,24.40787],[54.666087,24.407822],[54.668196,24.407792],[54.670873,24.407813],[54.675765,24.408028],[54.677489,24.408155],[54.681002,24.408488],[54.682214,24.408625],[54.685623,24.409074],[54.685152,24.412643],[54.678755,24.412978],[54.672758,24.41591],[54.671778,24.415764],[54.671229,24.415677],[54.670851,24.415585],[54.670341,24.415411],[54.669874,24.415206],[54.669518,24.415013],[54.669202,24.414808],[54.668849,24.414535],[54.668366,24.414067],[54.661251,24.411616],[54.657674,24.411764],[54.652757,24.417142],[54.653647,24.420416],[54.653181,24.420987],[54.653074,24.421082],[54.646956,24.427617],[54.646633,24.428026],[54.643487,24.430236],[54.642639,24.430828],[54.642159,24.431107],[54.641804,24.431291],[54.641417,24.431423],[54.641017,24.431496],[54.63561,24.433308],[54.635096,24.433627],[54.634519,24.433952],[54.633751,24.434321],[54.633151,24.434565],[54.632183,24.434889],[54.631725,24.43501],[54.629533,24.435533],[54.628917,24.435704],[54.627975,24.436064],[54.626775,24.436715],[54.625739,24.436162],[54.625562,24.436083],[54.624891,24.433648],[54.621596,24.426596],[54.619945,24.422264],[54.621449,24.414174],[54.619927,24.411375],[54.619177,24.410125],[54.616385,24.408044],[54.60966,24.409783],[54.608571,24.41086],[54.604176,24.415358],[54.60283,24.417678],[54.601561,24.418022],[54.600505,24.418292],[54.595315,24.422609],[54.595283,24.422632],[54.59447,24.42306],[54.592106,24.423647],[54.591539,24.423797],[54.591466,24.423804],[54.586643,24.424617],[54.585237,24.425368],[54.584187,24.426023],[54.583361,24.426454],[54.577389,24.431804],[54.578478,24.434051],[54.584665,24.437211],[54.587989,24.434738],[54.589468,24.435022],[54.591871,24.435701],[54.594058,24.435441],[54.594233,24.43549],[54.602201,24.432169],[54.603128,24.430047],[54.60314,24.430011],[54.60367,24.429721],[54.603777,24.429751],[54.605392,24.430325],[54.606893,24.43075],[54.605913,24.434214],[54.608827,24.439819],[54.61363,24.443853],[54.618051,24.444858],[54.618053,24.444859],[54.61841,24.444997],[54.618413,24.444999],[54.61854,24.445177],[54.622159,24.450951],[54.622879,24.451492],[54.628689,24.452748],[54.631112,24.4523],[54.632056,24.452226],[54.632451,24.452213],[54.632575,24.45581],[54.63097,24.464637],[54.6312,24.465121],[54.631763,24.466176],[54.63285,24.467759],[54.634239,24.469585],[54.635771,24.471564],[54.636793,24.472941],[54.637958,24.474454],[54.639435,24.476369],[54.64092,24.478294],[54.642852,24.480833],[54.646531,24.484788],[54.649191,24.487213],[54.653572,24.494863],[54.650726,24.497068],[54.649303,24.495231],[54.64788,24.493395],[54.641452,24.487952],[54.640776,24.487556],[54.639304,24.485705],[54.63911,24.485101],[54.636097,24.4783],[54.635058,24.477043],[54.633492,24.474981],[54.631509,24.472354],[54.630136,24.470476],[54.629978,24.470275],[54.628839,24.468479],[54.622756,24.464875],[54.614226,24.462637],[54.613586,24.462673],[54.61298,24.462666],[54.613019,24.459066],[54.609035,24.454428],[54.608495,24.45403],[54.602786,24.450254],[54.595492,24.449687],[54.595003,24.449486],[54.594191,24.44902],[54.593724,24.448672],[54.59082,24.447165],[54.584879,24.446861],[54.576037,24.446027],[54.570835,24.445678],[54.570399,24.44563],[54.570001,24.445516],[54.567039,24.444405],[54.567384,24.442639],[54.561154,24.436847],[54.559851,24.436483],[54.556092,24.435076],[54.553688,24.434296],[54.551833,24.433765],[54.546748,24.432393],[54.541482,24.430902],[54.536006,24.429342],[54.531209,24.427981],[54.528521,24.427252],[54.525878,24.426645],[54.524438,24.426223],[54.516657,24.425527],[54.514341,24.425673],[54.51206,24.425816],[54.508588,24.425927],[54.508167,24.425922],[54.50742,24.425846],[54.506803,24.425707],[54.50629,24.425538],[54.500655,24.424417],[54.49349,24.425975],[54.493142,24.42599],[54.491852,24.426044],[54.49166,24.426052],[54.487802,24.425784],[54.481935,24.427701],[54.478404,24.428406],[54.475143,24.436369],[54.475185,24.436748],[54.475138,24.437348],[54.475,24.437798],[54.47427,24.440309],[54.474135,24.440826],[54.473867,24.4415],[54.473201,24.442908],[54.471529,24.442281],[54.465325,24.441697],[54.464455,24.441469],[54.455873,24.441574],[54.454878,24.441959],[54.453062,24.442587],[54.45267,24.44271],[54.450357,24.443999],[54.44725,24.451924],[54.447856,24.452652],[54.448991,24.454053],[54.449683,24.454728],[54.450528,24.455835],[54.451542,24.456841],[54.453401,24.458955],[54.45526,24.461069],[54.462247,24.464418],[54.465632,24.465645],[54.463816,24.473066],[54.463653,24.473588],[54.461304,24.481844],[54.461207,24.482349],[54.461047,24.482826],[54.460828,24.483275],[54.46056,24.483688],[54.460264,24.484046],[54.459945,24.484354],[54.459603,24.484622],[54.458909,24.485078],[54.458406,24.485375],[54.456926,24.486207],[54.4527,24.488596],[54.451551,24.489269],[54.450811,24.489592],[54.450265,24.489805],[54.449773,24.489973],[54.449091,24.49017],[54.448381,24.490338],[54.447653,24.490471],[54.446786,24.490584],[54.446135,24.490631],[54.445199,24.490653],[54.443848,24.490576],[54.441398,24.490265],[54.43841,24.489886],[54.435419,24.489507],[54.433299,24.489234],[54.430654,24.488893],[54.427983,24.488549],[54.425839,24.488241],[54.423897,24.487983],[54.422901,24.487868],[54.414725,24.48825],[54.413987,24.484726],[54.415122,24.484488],[54.41602,24.484321],[54.416621,24.484233],[54.417567,24.484135],[54.418522,24.484071],[54.419714,24.484068],[54.420484,24.484087],[54.421585,24.484145],[54.423203,24.484281],[54.424305,24.484406],[54.426314,24.484672],[54.428495,24.484985],[54.431114,24.485323],[54.433759,24.485663],[54.438465,24.485365],[54.439333,24.485291],[54.439899,24.485286],[54.446549,24.485816],[54.448726,24.485121],[54.451416,24.484452],[54.45605,24.477713],[54.455516,24.475006],[54.455458,24.474433],[54.455125,24.472726],[54.454938,24.471048],[54.454503,24.468859],[54.450643,24.461449],[54.449352,24.459984],[54.447801,24.458186],[54.446265,24.456403],[54.445378,24.455404],[54.444351,24.454212],[54.443113,24.452433],[54.436382,24.44798],[54.435028,24.447633],[54.432015,24.446663],[54.428528,24.446027],[54.420322,24.446091],[54.418508,24.446778],[54.416649,24.447481],[54.414317,24.448353],[54.412576,24.449013],[54.410828,24.449674],[54.407783,24.452203],[54.406335,24.45671],[54.408795,24.461208],[54.409187,24.466077],[54.410507,24.470007],[54.410308,24.471621],[54.410145,24.471933],[54.409445,24.472721],[54.407258,24.474364],[54.407256,24.474365],[54.403763,24.476081],[54.403501,24.476158],[54.401335,24.476796],[54.396954,24.483711],[54.397194,24.486763],[54.398263,24.489776],[54.398275,24.489864],[54.398446,24.492445],[54.398449,24.492462],[54.39836,24.493357],[54.398318,24.493471],[54.390778,24.49404],[54.387208,24.494506],[54.383025,24.495812],[54.381743,24.496301],[54.381574,24.496298],[54.38077,24.495758],[54.375363,24.502939],[54.375749,24.503681],[54.372555,24.505342],[54.365507,24.501391],[54.364279,24.501029],[54.363673,24.500796],[54.363248,24.500599],[54.362687,24.500297],[54.364393,24.497127]]],"type":"Polygon"},"properties":{"branch_id":"45","branch_name":"Al Maqta","travel_mode":"driving-car","travel_direction":"destination","travel_minutes":15,"area_km2":223.86585057,"origin_latitude":24.4130516,"origin_longitude":54.4929556,"coordinate_source":"Google Places matched coordinates","data_source":"openrouteservice/HeiGIT; OpenStreetMap road network","generated_at":"2026-09-02T15:56:19+00:00"}},{"type":"Feature","id":"51-5","geometry":{"coordinates":[[[56.282753,25.121142],[56.283347,25.120984],[56.283917,25.120909],[56.284833,25.120851],[56.291692,25.115307],[56.291815,25.115178],[56.293715,25.11479],[56.302243,25.114144],[56.304739,25.111876],[56.30716,25.114541],[56.314969,25.118431],[56.316742,25.11719],[56.319217,25.117762],[56.32542,25.118941],[56.329367,25.116565],[56.333763,25.111994],[56.333907,25.111903],[56.336432,25.110207],[56.337084,25.109802],[56.33727,25.109736],[56.346091,25.108435],[56.34707,25.108067],[56.34716,25.108068],[56.347414,25.10826],[56.348861,25.109696],[56.352534,25.115499],[56.352694,25.115777],[56.352935,25.116644],[56.352612,25.117743],[56.350395,25.123756],[56.343755,25.127626],[56.342588,25.132154],[56.341317,25.135522],[56.334623,25.13846],[56.328982,25.141792],[56.328937,25.141814],[56.327136,25.141617],[56.322847,25.140399],[56.316937,25.142274],[56.316652,25.142315],[56.314605,25.140176],[56.314592,25.139769],[56.314627,25.139351],[56.314693,25.138993],[56.30953,25.131875],[56.30502,25.131921],[56.30256,25.13194],[56.301566,25.131732],[56.292797,25.132194],[56.292691,25.132221],[56.291743,25.130418],[56.291095,25.129152],[56.283375,25.124688],[56.282753,25.121142]]],"type":"Polygon"},"properties":{"branch_id":"51","branch_name":"Al Taif Mall","travel_mode":"driving-car","travel_direction":"destination","travel_minutes":5,"area_km2":14.86961963,"origin_latitude":25.1202606,"origin_longitude":56.3253503,"coordinate_source":"Google Places matched coordinates","data_source":"openrouteservice/HeiGIT; OpenStreetMap road network","generated_at":"2026-09-02T15:56:20+00:00"}},{"type":"Feature","id":"51-10","geometry":{"coordinates":[[[56.218172,25.147228],[56.222909,25.142552],[56.229375,25.137196],[56.230289,25.136368],[56.232191,25.134851],[56.234012,25.133403],[56.235605,25.132186],[56.235931,25.131958],[56.236553,25.131568],[56.237313,25.131175],[56.238173,25.130801],[56.239061,25.13049],[56.240054,25.130233],[56.241027,25.130061],[56.2417,25.129978],[56.243258,25.129945],[56.245988,25.130217],[56.248507,25.130479],[56.251026,25.130742],[56.253544,25.131004],[56.261188,25.129754],[56.263317,25.128831],[56.267239,25.126088],[56.268431,25.125363],[56.273417,25.121254],[56.275146,25.120512],[56.281253,25.117723],[56.27977,25.111963],[56.276673,25.105653],[56.274484,25.102848],[56.26815,25.102739],[56.265006,25.100986],[56.263862,25.097394],[56.264361,25.095033],[56.26479,25.094832],[56.26618,25.09464],[56.274221,25.090717],[56.278851,25.088261],[56.279817,25.088894],[56.280092,25.089282],[56.280331,25.089678],[56.281067,25.091099],[56.279684,25.092491],[56.278431,25.093619],[56.277252,25.095243],[56.279111,25.103004],[56.286064,25.103354],[56.288867,25.101932],[56.290766,25.100555],[56.291149,25.100254],[56.291878,25.099586],[56.293967,25.096774],[56.294601,25.095453],[56.294499,25.089693],[56.294498,25.089276],[56.297953,25.084331],[56.299911,25.084317],[56.300222,25.084322],[56.301553,25.084338],[56.302701,25.08682],[56.304886,25.089995],[56.304426,25.09133],[56.3042,25.091777],[56.30367,25.092313],[56.302599,25.092649],[56.300062,25.100972],[56.300041,25.101553],[56.299938,25.102304],[56.299851,25.102704],[56.298786,25.105627],[56.304739,25.111876],[56.310543,25.1066],[56.311314,25.105901],[56.312904,25.104326],[56.3152,25.097822],[56.315345,25.096152],[56.315648,25.09363],[56.315746,25.093095],[56.315889,25.092539],[56.31628,25.091257],[56.31691,25.089489],[56.317507,25.087725],[56.319014,25.082711],[56.319123,25.082278],[56.320238,25.07965],[56.32364,25.080828],[56.323062,25.082496],[56.322245,25.087147],[56.326775,25.092625],[56.329107,25.093136],[56.331599,25.095087],[56.338416,25.099016],[56.343265,25.09829],[56.350299,25.094731],[56.35057,25.094668],[56.356412,25.08804],[56.356845,25.087807],[56.359992,25.087657],[56.360263,25.088222],[56.360276,25.088504],[56.360321,25.093242],[56.36027,25.094748],[56.360203,25.096295],[56.360134,25.097384],[56.359521,25.105218],[56.35907,25.113088],[56.359182,25.11865],[56.359176,25.120137],[56.359122,25.120896],[56.359027,25.121623],[56.358732,25.123185],[56.357517,25.127052],[56.358,25.134405],[56.357924,25.1349],[56.356903,25.14113],[56.356598,25.147866],[56.356781,25.150783],[56.356778,25.150849],[56.356312,25.15324],[56.353056,25.158389],[56.352223,25.159506],[56.348931,25.160963],[56.343793,25.16254],[56.341633,25.166961],[56.339547,25.167561],[56.33927,25.167529],[56.331272,25.16386],[56.331017,25.162893],[56.330984,25.162637],[56.330988,25.162498],[56.332153,25.160369],[56.336176,25.153125],[56.335438,25.151754],[56.332986,25.146825],[56.330994,25.145042],[56.322154,25.144975],[56.319547,25.148297],[56.314763,25.150887],[56.314299,25.151313],[56.310689,25.154996],[56.303483,25.155982],[56.296738,25.151954],[56.294796,25.152444],[56.293916,25.148953],[56.295469,25.143408],[56.287231,25.141812],[56.286641,25.142445],[56.28622,25.14284],[56.285763,25.143202],[56.285297,25.143518],[56.284692,25.143882],[56.281935,25.148785],[56.281927,25.149211],[56.282657,25.152514],[56.284078,25.155045],[56.285531,25.157634],[56.285771,25.158129],[56.286096,25.159303],[56.286124,25.159771],[56.286115,25.160075],[56.282517,25.159974],[56.280939,25.156807],[56.279518,25.154277],[56.278638,25.152684],[56.278468,25.152313],[56.278335,25.151936],[56.278231,25.151496],[56.278175,25.151041],[56.278171,25.150451],[56.270565,25.145797],[56.264361,25.14907],[56.260456,25.154685],[56.260036,25.157048],[56.256491,25.156417],[56.256912,25.154054],[56.257005,25.153462],[56.257209,25.152585],[56.257564,25.149105],[56.258904,25.145763],[56.260586,25.143691],[56.264178,25.139266],[56.258809,25.134576],[56.258299,25.13468],[56.257654,25.134777],[56.257065,25.134836],[56.256326,25.134848],[56.255755,25.13481],[56.253171,25.134585],[56.250653,25.134322],[56.248134,25.13406],[56.245616,25.133798],[56.243309,25.133545],[56.236253,25.13622],[56.234431,25.137669],[56.232691,25.139049],[56.231185,25.140571],[56.230289,25.141683],[56.229843,25.142287],[56.229563,25.142651],[56.228915,25.143366],[56.228445,25.143831],[56.227746,25.144407],[56.22704,25.144914],[56.226491,25.145274],[56.225458,25.145917],[56.22397,25.147002],[56.222167,25.148535],[56.221632,25.148972],[56.220558,25.149924],[56.218172,25.147228]]],"type":"Polygon"},"properties":{"branch_id":"51","branch_name":"Al Taif Mall","travel_mode":"driving-car","travel_direction":"destination","travel_minutes":10,"area_km2":60.06488236999999,"origin_latitude":25.1202606,"origin_longitude":56.3253503,"coordinate_source":"Google Places matched coordinates","data_source":"openrouteservice/HeiGIT; OpenStreetMap road network","generated_at":"2026-09-02T15:56:20+00:00"}},{"type":"Feature","id":"51-15","geometry":{"coordinates":[[[56.134814,25.160205],[56.140915,25.161464],[56.146473,25.160937],[56.148711,25.160323],[56.151784,25.159069],[56.152803,25.158735],[56.158951,25.157195],[56.159902,25.15691],[56.160601,25.156744],[56.161904,25.156586],[56.163217,25.156606],[56.171803,25.15509],[56.17364,25.154572],[56.176089,25.154033],[56.177699,25.153861],[56.178362,25.153774],[56.179256,25.1537],[56.180204,25.153697],[56.181259,25.15378],[56.182148,25.153917],[56.182624,25.154022],[56.183293,25.1542],[56.185195,25.154773],[56.213106,25.153334],[56.214309,25.152118],[56.214869,25.151501],[56.215674,25.150873],[56.218172,25.147228],[56.216662,25.140395],[56.216908,25.138096],[56.214752,25.129993],[56.214582,25.128942],[56.214869,25.124633],[56.218467,25.124742],[56.222759,25.131892],[56.222997,25.132112],[56.223401,25.132661],[56.223738,25.133562],[56.232191,25.134851],[56.234012,25.133403],[56.235605,25.132186],[56.235931,25.131958],[56.236553,25.131568],[56.237313,25.131175],[56.238173,25.130801],[56.239061,25.13049],[56.240054,25.130233],[56.241027,25.130061],[56.2417,25.129978],[56.243258,25.129945],[56.245988,25.130217],[56.248507,25.130479],[56.251026,25.130742],[56.253544,25.131004],[56.261188,25.129754],[56.263317,25.128831],[56.267239,25.126088],[56.268431,25.125363],[56.273417,25.121254],[56.275146,25.120512],[56.281253,25.117723],[56.27977,25.111963],[56.276673,25.105653],[56.274484,25.102848],[56.26815,25.102739],[56.266733,25.10976],[56.26688,25.110576],[56.266614,25.111609],[56.266081,25.112295],[56.265845,25.112487],[56.264433,25.113535],[56.264021,25.11382],[56.261539,25.113752],[56.260775,25.113893],[56.260194,25.113817],[56.260059,25.110406],[56.260298,25.109454],[56.260628,25.108281],[56.260875,25.107268],[56.261037,25.106364],[56.255738,25.099606],[56.251446,25.095531],[56.24726,25.095088],[56.246437,25.095265],[56.242846,25.0938],[56.242043,25.093405],[56.241606,25.093141],[56.24246,25.091627],[56.243469,25.090061],[56.245245,25.090165],[56.25023,25.08959],[56.252738,25.089629],[56.25333,25.089669],[56.253906,25.089774],[56.259797,25.090477],[56.261058,25.083251],[56.260654,25.082641],[56.260327,25.081989],[56.260145,25.081258],[56.258298,25.078218],[56.260506,25.075374],[56.261092,25.075829],[56.261645,25.076329],[56.261989,25.076694],[56.26268,25.077535],[56.263403,25.078697],[56.263633,25.079201],[56.269834,25.085452],[56.274221,25.090717],[56.278581,25.087815],[56.28143,25.085614],[56.286427,25.080616],[56.288817,25.079008],[56.292675,25.079039],[56.297697,25.07204],[56.299251,25.068792],[56.300142,25.067688],[56.30173,25.065162],[56.299592,25.058127],[56.301163,25.054888],[56.304466,25.046692],[56.30591,25.046146],[56.306489,25.046284],[56.30802,25.047271],[56.307848,25.048325],[56.307691,25.04944],[56.307536,25.05082],[56.308608,25.054806],[56.307202,25.05812],[56.31,25.065021],[56.310756,25.067286],[56.315993,25.072467],[56.32174,25.066353],[56.321682,25.06329],[56.321632,25.060476],[56.321619,25.060346],[56.321789,25.058665],[56.321793,25.0581],[56.3217,25.056446],[56.321536,25.053537],[56.321308,25.049536],[56.321167,25.047103],[56.321168,25.045568],[56.32117,25.043319],[56.32477,25.043323],[56.325753,25.046012],[56.328468,25.049402],[56.333243,25.051309],[56.334095,25.051569],[56.334156,25.051629],[56.339086,25.057175],[56.344081,25.063714],[56.344331,25.063812],[56.351082,25.062077],[56.352555,25.057729],[56.352703,25.054019],[56.352666,25.053449],[56.353461,25.052601],[56.354063,25.052285],[56.354133,25.052264],[56.360054,25.051822],[56.363629,25.052244],[56.363593,25.052546],[56.363189,25.055973],[56.362807,25.059869],[56.362488,25.065206],[56.36188,25.0737],[56.361664,25.076127],[56.361546,25.076643],[56.360293,25.084292],[56.360263,25.088222],[56.360276,25.088504],[56.360321,25.093242],[56.36027,25.094748],[56.360203,25.096295],[56.360134,25.097384],[56.359521,25.105218],[56.35907,25.113088],[56.359182,25.11865],[56.359176,25.120137],[56.359122,25.120896],[56.359027,25.121623],[56.358732,25.123185],[56.357517,25.127052],[56.358,25.134405],[56.357924,25.1349],[56.356903,25.14113],[56.356598,25.147866],[56.356781,25.150783],[56.356778,25.150849],[56.356312,25.15324],[56.356289,25.159233],[56.35634,25.159701],[56.358897,25.167054],[56.362496,25.167101],[56.365098,25.171089],[56.362484,25.173565],[56.358503,25.178679],[56.353773,25.184465],[56.353614,25.186902],[56.353457,25.189286],[56.353441,25.189753],[56.353369,25.191344],[56.353247,25.193327],[56.354191,25.202158],[56.354978,25.20539],[56.355366,25.207452],[56.355539,25.20852],[56.355776,25.210479],[56.356084,25.213201],[56.356392,25.215923],[56.356699,25.218645],[56.357164,25.222661],[56.357368,25.224521],[56.357572,25.22638],[56.353994,25.226773],[56.353433,25.224066],[56.353331,25.223191],[56.353122,25.219049],[56.352814,25.216328],[56.352507,25.213606],[56.352199,25.210884],[56.351965,25.208953],[56.351813,25.208031],[56.350544,25.203608],[56.349389,25.200868],[56.349296,25.200511],[56.349326,25.198247],[56.349228,25.19709],[56.349218,25.196425],[56.349254,25.195473],[56.349288,25.195077],[56.349374,25.193246],[56.349587,25.190614],[56.341569,25.187714],[56.340545,25.189034],[56.339405,25.191308],[56.333788,25.192768],[56.328994,25.192192],[56.326099,25.189017],[56.326188,25.188905],[56.32683,25.188343],[56.327195,25.188117],[56.327545,25.187964],[56.328424,25.187802],[56.329101,25.187617],[56.334409,25.180783],[56.331213,25.175042],[56.330872,25.174754],[56.330567,25.174387],[56.329475,25.173222],[56.327058,25.166397],[56.321719,25.168345],[56.321011,25.169406],[56.319746,25.171236],[56.319304,25.171762],[56.319094,25.171966],[56.318567,25.172422],[56.318118,25.172734],[56.317686,25.172981],[56.316679,25.173516],[56.314181,25.174881],[56.310619,25.176866],[56.307046,25.178857],[56.305823,25.179523],[56.305056,25.179884],[56.304311,25.180187],[56.302831,25.180725],[56.300866,25.181672],[56.300037,25.182007],[56.299571,25.182137],[56.295425,25.182003],[56.294787,25.181717],[56.294212,25.181393],[56.293409,25.180797],[56.2928,25.180196],[56.292394,25.179695],[56.290528,25.177155],[56.290259,25.176756],[56.289974,25.176283],[56.289628,25.175609],[56.286752,25.170868],[56.283905,25.168141],[56.283446,25.167705],[56.283109,25.167313],[56.28276,25.166803],[56.282439,25.166122],[56.28228,25.165687],[56.282222,25.164663],[56.282226,25.163914],[56.282447,25.1619],[56.280939,25.156807],[56.279518,25.154277],[56.278638,25.152684],[56.270913,25.15161],[56.266052,25.155922],[56.265241,25.156834],[56.264336,25.157729],[56.263962,25.157894],[56.262421,25.158513],[56.259027,25.16255],[56.259282,25.167511],[56.259329,25.168055],[56.259251,25.171245],[56.258645,25.171323],[56.25118,25.1732],[56.245984,25.17337],[56.245314,25.173554],[56.244586,25.173677],[56.242265,25.173844],[56.239325,25.181672],[56.239385,25.181787],[56.236114,25.189491],[56.235655,25.191877],[56.234946,25.193138],[56.234594,25.193402],[56.234219,25.193549],[56.232124,25.194251],[56.226986,25.199149],[56.225897,25.201158],[56.224809,25.203167],[56.223032,25.206101],[56.222388,25.207209],[56.221786,25.208085],[56.218819,25.206046],[56.219912,25.204305],[56.221399,25.201596],[56.222753,25.199126],[56.223989,25.19687],[56.22538,25.19476],[56.226056,25.193927],[56.227234,25.192649],[56.229669,25.184547],[56.22958,25.183731],[56.229661,25.18227],[56.229933,25.179703],[56.230075,25.179035],[56.230233,25.178511],[56.230438,25.177987],[56.230863,25.177245],[56.231535,25.176387],[56.23214,25.175807],[56.232682,25.175391],[56.233121,25.175112],[56.237031,25.172173],[56.241926,25.165226],[56.242045,25.164634],[56.242141,25.16405],[56.24226,25.157218],[56.238625,25.151796],[56.233106,25.146313],[56.226573,25.149601],[56.225964,25.150052],[56.224055,25.15156],[56.222056,25.153187],[56.220539,25.153893],[56.215769,25.156027],[56.21472,25.156552],[56.184155,25.15822],[56.178077,25.157441],[56.174617,25.158037],[56.172779,25.158555],[56.16959,25.159488],[56.167684,25.160045],[56.167083,25.160176],[56.166475,25.160273],[56.165976,25.160323],[56.157562,25.161603],[56.156778,25.161778],[56.149041,25.164052],[56.148598,25.164183],[56.148057,25.164319],[56.147677,25.164392],[56.147098,25.164488],[56.146574,25.164535],[56.140701,25.165198],[56.140142,25.165282],[56.139619,25.165322],[56.138525,25.165326],[56.137586,25.165242],[56.136903,25.165128],[56.135762,25.164815],[56.135115,25.164566],[56.134358,25.164215],[56.133688,25.163824],[56.133131,25.163446],[56.132728,25.163139],[56.134814,25.160205]]],"type":"Polygon"},"properties":{"branch_id":"51","branch_name":"Al Taif Mall","travel_mode":"driving-car","travel_direction":"destination","travel_minutes":15,"area_km2":140.29111281,"origin_latitude":25.1202606,"origin_longitude":56.3253503,"coordinate_source":"Google Places matched coordinates","data_source":"openrouteservice/HeiGIT; OpenStreetMap road network","generated_at":"2026-09-02T15:56:20+00:00"}},{"type":"Feature","id":"36-5","geometry":{"coordinates":[[[54.592127,24.315094],[54.593552,24.313113],[54.598034,24.30706],[54.60029,24.304255],[54.606968,24.304076],[54.614166,24.300574],[54.61943,24.299891],[54.620619,24.291498],[54.621359,24.290923],[54.627155,24.286637],[54.63489,24.288872],[54.637967,24.286498],[54.641056,24.284114],[54.643698,24.282113],[54.645508,24.280684],[54.647346,24.279234],[54.650187,24.277079],[54.652162,24.275524],[54.654915,24.27341],[54.657778,24.271218],[54.658871,24.270506],[54.65978,24.270003],[54.660999,24.269404],[54.663124,24.26844],[54.664965,24.267636],[54.66661,24.266919],[54.668048,24.270219],[54.666404,24.270936],[54.664726,24.271732],[54.662487,24.272683],[54.661368,24.273234],[54.659753,24.274227],[54.657108,24.276265],[54.653586,24.283304],[54.65425,24.285633],[54.654299,24.287276],[54.653918,24.287962],[54.653558,24.28832],[54.652836,24.289064],[54.650839,24.291269],[54.652231,24.2992],[54.652366,24.301711],[54.648275,24.307176],[54.647262,24.31268],[54.647245,24.313607],[54.646975,24.314488],[54.646917,24.314583],[54.644616,24.315121],[54.638948,24.316009],[54.636564,24.314359],[54.636486,24.31427],[54.636344,24.312115],[54.630391,24.306051],[54.629142,24.306239],[54.628726,24.306254],[54.628106,24.306148],[54.619416,24.308369],[54.617589,24.30862],[54.616322,24.308219],[54.608406,24.307488],[54.606892,24.307953],[54.605753,24.308406],[54.604764,24.308828],[54.601648,24.310584],[54.601068,24.310982],[54.600086,24.311714],[54.599382,24.312281],[54.59814,24.313397],[54.597424,24.314127],[54.596475,24.315214],[54.595052,24.317193],[54.594369,24.318145],[54.591444,24.316046],[54.592127,24.315094]]],"type":"Polygon"},"properties":{"branch_id":"36","branch_name":"Baniyas","travel_mode":"driving-car","travel_direction":"destination","travel_minutes":5,"area_km2":11.869371849999999,"origin_latitude":24.2973631,"origin_longitude":54.6332474,"coordinate_source":"Google Places matched coordinates","data_source":"openrouteservice/HeiGIT; OpenStreetMap road network","generated_at":"2026-09-02T15:56:21+00:00"}},{"type":"Feature","id":"36-10","geometry":{"coordinates":[[[54.541124,24.384749],[54.542699,24.382988],[54.544453,24.380758],[54.546945,24.372767],[54.55311,24.367079],[54.553787,24.362554],[54.554712,24.360779],[54.554936,24.360612],[54.560636,24.356092],[54.554913,24.351373],[54.551317,24.35122],[54.545389,24.349232],[54.545517,24.345634],[54.551895,24.34237],[54.5538,24.342611],[54.554491,24.342633],[54.555491,24.342536],[54.556749,24.333881],[54.551103,24.330411],[54.551087,24.33041],[54.549718,24.329642],[54.543924,24.326527],[54.544055,24.322929],[54.550365,24.320355],[54.552385,24.32007],[54.552765,24.320082],[54.559985,24.316587],[54.560273,24.314608],[54.560278,24.314169],[54.563874,24.314],[54.565676,24.313456],[54.572323,24.309517],[54.573471,24.306105],[54.57354,24.304888],[54.572861,24.296251],[54.571582,24.296031],[54.569927,24.295241],[54.568206,24.294877],[54.56483,24.293723],[54.561451,24.292568],[54.561205,24.292463],[54.558608,24.291462],[54.557384,24.291171],[54.553318,24.289774],[54.549251,24.288377],[54.545184,24.28698],[54.541117,24.285583],[54.53705,24.284186],[54.532984,24.282789],[54.52892,24.281393],[54.527101,24.280771],[54.525281,24.28015],[54.521552,24.278875],[54.517824,24.2776],[54.514096,24.276326],[54.510368,24.275051],[54.507087,24.273929],[54.503806,24.272807],[54.504971,24.269401],[54.508252,24.270523],[54.511533,24.271644],[54.515261,24.272919],[54.518989,24.274194],[54.522717,24.275469],[54.526445,24.276744],[54.528264,24.277365],[54.530083,24.277986],[54.534153,24.279384],[54.541236,24.279309],[54.544566,24.280678],[54.547304,24.282112],[54.555645,24.282047],[54.557291,24.280908],[54.560399,24.282724],[54.560586,24.285666],[54.569464,24.284611],[54.569707,24.283885],[54.56975,24.283812],[54.570341,24.283725],[54.572559,24.283903],[54.577473,24.277267],[54.577305,24.275878],[54.577337,24.275765],[54.580502,24.275322],[54.582877,24.277549],[54.590494,24.280157],[54.598637,24.277403],[54.601008,24.275599],[54.602964,24.275426],[54.603744,24.27537],[54.603804,24.275436],[54.604199,24.276128],[54.604247,24.277246],[54.604205,24.277363],[54.60247,24.278889],[54.599042,24.287028],[54.598846,24.291634],[54.598677,24.291818],[54.598479,24.292031],[54.59845,24.29206],[54.596082,24.29216],[54.595058,24.300423],[54.596136,24.301003],[54.596641,24.301302],[54.601221,24.301269],[54.602283,24.300613],[54.60347,24.299995],[54.604104,24.299582],[54.605158,24.298978],[54.607736,24.297558],[54.60803,24.297426],[54.608569,24.297297],[54.609087,24.29727],[54.616348,24.294919],[54.618708,24.29308],[54.619517,24.292479],[54.620619,24.291498],[54.623789,24.285526],[54.627695,24.278997],[54.62634,24.273066],[54.624235,24.270145],[54.627101,24.26321],[54.627707,24.261274],[54.628169,24.259772],[54.632428,24.25648],[54.633206,24.256331],[54.63336,24.256374],[54.633479,24.25641],[54.635131,24.257061],[54.64118,24.253111],[54.638435,24.247463],[54.638399,24.247419],[54.638098,24.246897],[54.637201,24.245578],[54.639791,24.243078],[54.640976,24.244292],[54.642167,24.245696],[54.643319,24.247034],[54.643641,24.247503],[54.644174,24.248539],[54.651326,24.252752],[54.653754,24.252559],[54.655454,24.252324],[54.656268,24.252177],[54.657006,24.252026],[54.658502,24.251677],[54.659319,24.255184],[54.666053,24.259029],[54.668708,24.257868],[54.672246,24.257776],[54.680612,24.260842],[54.683522,24.259705],[54.686357,24.258599],[54.688784,24.257524],[54.691212,24.256449],[54.693639,24.255373],[54.696116,24.254277],[54.697554,24.253695],[54.70293,24.246716],[54.705587,24.244287],[54.707085,24.244888],[54.709194,24.245758],[54.71756,24.244947],[54.721555,24.243155],[54.725604,24.24134],[54.726408,24.241013],[54.727265,24.240715],[54.728073,24.240481],[54.728909,24.240265],[54.72976,24.240086],[54.737686,24.235874],[54.737692,24.235873],[54.739075,24.236298],[54.747736,24.237142],[54.748242,24.236891],[54.750261,24.235921],[54.753004,24.234469],[54.755984,24.232864],[54.756632,24.232543],[54.757366,24.232235],[54.758112,24.231948],[54.759056,24.231649],[54.760342,24.231328],[54.761056,24.231197],[54.761574,24.231127],[54.763663,24.230939],[54.765752,24.230751],[54.766074,24.234337],[54.763985,24.234524],[54.757598,24.236082],[54.754711,24.237638],[54.751946,24.239103],[54.749802,24.240135],[54.743407,24.244183],[54.73818,24.245646],[54.735916,24.244448],[54.730354,24.243637],[54.729659,24.243786],[54.724047,24.249255],[54.723831,24.252274],[54.723831,24.252415],[54.723692,24.252838],[54.722269,24.254065],[54.716058,24.260549],[54.71525,24.261317],[54.714559,24.261521],[54.710438,24.262691],[54.709646,24.26286],[54.708884,24.262849],[54.708146,24.261984],[54.707647,24.261055],[54.706881,24.259643],[54.698633,24.259432],[54.698305,24.262512],[54.69829,24.262518],[54.695658,24.263695],[54.691511,24.267255],[54.692832,24.273641],[54.692997,24.277237],[54.692034,24.282084],[54.690076,24.282168],[54.687696,24.282268],[54.680374,24.282932],[54.67766,24.283231],[54.674946,24.283531],[54.672413,24.283808],[54.668331,24.288248],[54.671546,24.294042],[54.672013,24.294245],[54.672907,24.294687],[54.674503,24.295579],[54.676139,24.296495],[54.677887,24.297489],[54.678405,24.29777],[54.678652,24.297889],[54.67915,24.298103],[54.680431,24.298499],[54.681053,24.298612],[54.681969,24.298708],[54.682347,24.298719],[54.683151,24.298688],[54.684381,24.298503],[54.684514,24.298475],[54.68654,24.297871],[54.686771,24.297796],[54.68804,24.297462],[54.68864,24.297337],[54.689148,24.297256],[54.689737,24.300645],[54.689719,24.30081],[54.687118,24.303114],[54.680137,24.306975],[54.680877,24.314605],[54.682267,24.316116],[54.683584,24.317549],[54.685575,24.319712],[54.6869,24.321153],[54.688226,24.322595],[54.685576,24.325031],[54.68425,24.32359],[54.682925,24.322148],[54.677126,24.317721],[54.674955,24.317086],[54.670418,24.312931],[54.670376,24.312886],[54.66195,24.31016],[54.660145,24.314279],[54.654605,24.317061],[54.651672,24.317098],[54.648783,24.318913],[54.646516,24.326073],[54.651544,24.327824],[54.652134,24.327647],[54.652742,24.327543],[54.653955,24.327471],[54.654208,24.327436],[54.654701,24.331002],[54.656055,24.339587],[54.657992,24.342569],[54.654972,24.34453],[54.651638,24.346511],[54.648618,24.34847],[54.648696,24.355605],[54.645669,24.357554],[54.644216,24.355297],[54.642232,24.352506],[54.641993,24.352016],[54.64071,24.349941],[54.63947,24.34802],[54.63123,24.3461],[54.629136,24.343172],[54.628698,24.342436],[54.624501,24.334902],[54.622948,24.335265],[54.619876,24.335943],[54.6198,24.335975],[54.61528,24.334271],[54.613261,24.331291],[54.611509,24.328641],[54.610662,24.327682],[54.607973,24.322706],[54.605128,24.320499],[54.604032,24.317405],[54.595052,24.317193],[54.594369,24.318145],[54.594208,24.325246],[54.594142,24.325327],[54.592062,24.334014],[54.592267,24.334826],[54.592505,24.336551],[54.592777,24.337591],[54.597598,24.343268],[54.599611,24.34362],[54.600086,24.343717],[54.601904,24.344135],[54.603021,24.344423],[54.603431,24.344569],[54.603818,24.344735],[54.604199,24.344929],[54.604645,24.345201],[54.605424,24.34578],[54.6066,24.346772],[54.60428,24.349524],[54.598459,24.350943],[54.592293,24.349931],[54.590225,24.347264],[54.590195,24.342269],[54.590014,24.34182],[54.589824,24.341205],[54.589295,24.338537],[54.582003,24.335842],[54.580192,24.338437],[54.578381,24.341033],[54.57657,24.343629],[54.57476,24.346223],[54.573406,24.353706],[54.573398,24.353806],[54.573371,24.354897],[54.570402,24.356932],[54.565796,24.362194],[54.565354,24.362855],[54.564597,24.363849],[54.564106,24.364418],[54.561501,24.367338],[54.558896,24.370258],[54.556291,24.373177],[54.553686,24.376098],[54.55161,24.378421],[54.549534,24.380743],[54.547458,24.383065],[54.545383,24.385387],[54.543808,24.387149],[54.542234,24.38891],[54.53955,24.386511],[54.541124,24.384749]]],"type":"Polygon"},"properties":{"branch_id":"36","branch_name":"Baniyas","travel_mode":"driving-car","travel_direction":"destination","travel_minutes":10,"area_km2":102.74198076,"origin_latitude":24.2973631,"origin_longitude":54.6332474,"coordinate_source":"Google Places matched coordinates","data_source":"openrouteservice/HeiGIT; OpenStreetMap road network","generated_at":"2026-09-02T15:56:21+00:00"}},{"type":"Feature","id":"36-15","geometry":{"coordinates":[[[54.472162,24.41677],[54.467242,24.410361],[54.466287,24.40689],[54.473362,24.40309],[54.480528,24.402972],[54.488018,24.399135],[54.489834,24.398069],[54.49615,24.393692],[54.496245,24.393665],[54.49978,24.392343],[54.499795,24.392337],[54.503487,24.390451],[54.504389,24.390472],[54.507189,24.390593],[54.507554,24.39061],[54.513115,24.39107],[54.513712,24.390899],[54.522057,24.387978],[54.522175,24.38686],[54.522297,24.386163],[54.522402,24.384279],[54.522486,24.381555],[54.519187,24.374421],[54.510961,24.375141],[54.510778,24.375133],[54.509846,24.374887],[54.509059,24.373272],[54.509063,24.373217],[54.509454,24.371903],[54.510018,24.371291],[54.514262,24.367874],[54.515322,24.36637],[54.515331,24.366364],[54.520433,24.361796],[54.520606,24.3582],[54.513181,24.355875],[54.512059,24.356797],[54.511911,24.356839],[54.509911,24.35437],[54.505741,24.347354],[54.502466,24.347393],[54.502229,24.347434],[54.500919,24.345992],[54.500528,24.344851],[54.500558,24.344791],[54.50161,24.343888],[54.501847,24.343846],[54.507418,24.342052],[54.510874,24.338817],[54.514603,24.33536],[54.514761,24.329441],[54.508863,24.325274],[54.5084,24.324156],[54.508362,24.324072],[54.509006,24.321677],[54.515807,24.316342],[54.515839,24.316313],[54.520821,24.309178],[54.520909,24.309165],[54.52858,24.305874],[54.529232,24.305203],[54.529728,24.304739],[54.532027,24.301905],[54.533089,24.299335],[54.534075,24.29689],[54.538803,24.294341],[54.539319,24.285526],[54.537507,24.284936],[54.535673,24.284338],[54.534233,24.283726],[54.533037,24.283424],[54.532324,24.283133],[54.532155,24.283075],[54.529817,24.282272],[54.5274,24.28144],[54.519937,24.284298],[54.51634,24.287625],[54.513317,24.290438],[54.510067,24.293461],[54.509307,24.294155],[54.507777,24.293188],[54.507583,24.292989],[54.506879,24.291498],[54.507638,24.290803],[54.510865,24.287802],[54.508282,24.281596],[54.506018,24.27955],[54.503806,24.272807],[54.488921,24.263337],[54.486015,24.260652],[54.483109,24.257968],[54.480202,24.255283],[54.477296,24.252599],[54.468793,24.253191],[54.467147,24.254753],[54.464956,24.256832],[54.462478,24.254221],[54.464669,24.252142],[54.466315,24.25058],[54.465546,24.241747],[54.463919,24.240245],[54.462299,24.23875],[54.460907,24.237479],[54.459583,24.236267],[54.45855,24.235413],[54.457865,24.234889],[54.456922,24.234209],[54.455742,24.233447],[54.454442,24.232694],[54.453382,24.232138],[54.452538,24.231736],[54.449415,24.230343],[54.446291,24.228949],[54.443167,24.227556],[54.440044,24.226164],[54.43829,24.225382],[54.436536,24.224601],[54.433673,24.223327],[54.430807,24.222052],[54.428698,24.221111],[54.42659,24.22017],[54.423678,24.218874],[54.425142,24.215585],[54.431568,24.218327],[54.435136,24.220038],[54.440992,24.222314],[54.442541,24.222988],[54.44515,24.224153],[54.450881,24.227055],[54.454005,24.228448],[54.454929,24.228887],[54.456111,24.229503],[54.457544,24.23033],[54.45887,24.231181],[54.459966,24.231966],[54.460734,24.232552],[54.461874,24.23349],[54.463334,24.234821],[54.464726,24.236092],[54.46636,24.2376],[54.467987,24.239101],[54.471209,24.240847],[54.47803,24.237899],[54.484896,24.234774],[54.487187,24.237551],[54.485167,24.239217],[54.483147,24.240883],[54.481242,24.242491],[54.480019,24.250283],[54.482645,24.252639],[54.485551,24.255323],[54.488458,24.258008],[54.491364,24.260692],[54.504971,24.269401],[54.508252,24.270523],[54.511533,24.271644],[54.515261,24.272919],[54.518989,24.274194],[54.526646,24.274047],[54.527138,24.273972],[54.527684,24.273948],[54.528229,24.273987],[54.528765,24.27409],[54.529286,24.274254],[54.529945,24.274569],[54.530323,24.274806],[54.530639,24.27505],[54.530931,24.275322],[54.531197,24.275619],[54.531436,24.275941],[54.531642,24.276285],[54.534383,24.279263],[54.541236,24.279309],[54.544566,24.280678],[54.552787,24.281921],[54.558552,24.278695],[54.560531,24.277078],[54.561083,24.276575],[54.561639,24.276099],[54.562597,24.27532],[54.564131,24.274143],[54.571133,24.268765],[54.573223,24.267159],[54.575314,24.265554],[54.577405,24.263948],[54.579496,24.262343],[54.582189,24.260274],[54.586008,24.257066],[54.589834,24.252301],[54.596899,24.24905],[54.597502,24.248712],[54.598091,24.248401],[54.599195,24.247852],[54.600548,24.24725],[54.601184,24.246991],[54.602161,24.246623],[54.603443,24.246196],[54.610087,24.240862],[54.610898,24.237333],[54.614406,24.238139],[54.618902,24.245123],[54.620706,24.245466],[54.626489,24.244092],[54.631796,24.23834],[54.63185,24.23817],[54.632259,24.236643],[54.632746,24.23465],[54.632999,24.233208],[54.629068,24.225527],[54.628612,24.225096],[54.628209,24.224268],[54.627668,24.223137],[54.627469,24.222564],[54.627206,24.221596],[54.627079,24.221209],[54.63391,24.218435],[54.634499,24.218294],[54.636183,24.218176],[54.638482,24.22044],[54.638518,24.220477],[54.638971,24.221048],[54.642249,24.223732],[54.647858,24.223274],[54.648501,24.223328],[54.65002,24.22359],[54.655151,24.224401],[54.657341,24.225297],[54.664299,24.226687],[54.664331,24.230287],[54.661193,24.230315],[54.653787,24.234482],[54.653159,24.234526],[54.64863,24.235492],[54.645654,24.236546],[54.639791,24.243078],[54.640976,24.244292],[54.642167,24.245696],[54.643319,24.247034],[54.643641,24.247503],[54.644174,24.248539],[54.651419,24.252536],[54.652505,24.252466],[54.653381,24.252386],[54.656047,24.251994],[54.65775,24.251651],[54.658588,24.251428],[54.662289,24.250521],[54.665964,24.249621],[54.669638,24.24872],[54.673312,24.24782],[54.676986,24.246919],[54.682073,24.242147],[54.682918,24.238179],[54.681404,24.23109],[54.677322,24.230225],[54.674005,24.23007],[54.674173,24.226473],[54.681339,24.223097],[54.685474,24.21911],[54.687007,24.218717],[54.690517,24.217918],[54.691686,24.217827],[54.693418,24.219578],[54.698872,24.223583],[54.70118,24.226345],[54.702555,24.229145],[54.70408,24.231356],[54.709671,24.238129],[54.712272,24.237512],[54.714847,24.236902],[54.715934,24.236627],[54.717933,24.236128],[54.719514,24.235572],[54.720518,24.235211],[54.721021,24.235009],[54.726225,24.234059],[54.730545,24.232273],[54.733171,24.230674],[54.737258,24.228972],[54.741345,24.22727],[54.741958,24.21972],[54.743453,24.216446],[54.751752,24.217619],[54.754468,24.218019],[54.761416,24.219156],[54.763627,24.218605],[54.764581,24.21841],[54.766748,24.21813],[54.768938,24.217848],[54.771775,24.21752],[54.773072,24.217373],[54.773475,24.220951],[54.777384,24.228493],[54.780725,24.227824],[54.784049,24.227158],[54.785948,24.226759],[54.789978,24.225942],[54.794007,24.225126],[54.798037,24.22431],[54.802053,24.223496],[54.803436,24.223204],[54.806747,24.222536],[54.809714,24.221881],[54.812039,24.221497],[54.814335,24.221195],[54.816374,24.220957],[54.818973,24.22064],[54.821572,24.220322],[54.824171,24.220005],[54.826793,24.219685],[54.830316,24.2193],[54.834498,24.218875],[54.838474,24.218448],[54.842449,24.218022],[54.846424,24.217596],[54.850396,24.21717],[54.852831,24.216904],[54.855266,24.216638],[54.857701,24.216373],[54.860148,24.216106],[54.865922,24.215451],[54.870627,24.214854],[54.873082,24.214541],[54.875538,24.214228],[54.87779,24.213941],[54.880043,24.213653],[54.880498,24.217225],[54.878246,24.217512],[54.875994,24.217799],[54.873538,24.218112],[54.871082,24.218425],[54.868876,24.218721],[54.866372,24.219108],[54.864022,24.219391],[54.860515,24.219687],[54.854749,24.221224],[54.853856,24.221322],[54.85348,24.221335],[54.853064,24.221299],[54.846808,24.221175],[54.842833,24.221601],[54.838858,24.222028],[54.834882,24.222454],[54.832049,24.222767],[54.830617,24.222888],[54.826154,24.230316],[54.826604,24.232302],[54.827103,24.234268],[54.827597,24.236213],[54.828036,24.237868],[54.828788,24.240982],[54.825289,24.241828],[54.824537,24.238714],[54.822174,24.233905],[54.822149,24.233577],[54.822158,24.233164],[54.821964,24.231287],[54.821115,24.227789],[54.815336,24.224965],[54.813638,24.225117],[54.812885,24.225204],[54.812155,24.225309],[54.8106,24.22559],[54.808411,24.226041],[54.806905,24.226258],[54.80469,24.226702],[54.802795,24.227019],[54.798752,24.227838],[54.794722,24.228654],[54.790693,24.229471],[54.786663,24.230287],[54.78479,24.230681],[54.781432,24.231354],[54.778091,24.232023],[54.775883,24.232524],[54.775067,24.232698],[54.7746,24.232741],[54.766074,24.234337],[54.763985,24.234524],[54.757598,24.236082],[54.754711,24.237638],[54.748812,24.244268],[54.74858,24.244328],[54.748198,24.244413],[54.740901,24.248534],[54.740583,24.249516],[54.740467,24.249813],[54.739994,24.250762],[54.739705,24.251203],[54.739066,24.252272],[54.738709,24.25277],[54.737963,24.253597],[54.737608,24.253838],[54.732742,24.260613],[54.734256,24.26339],[54.73577,24.266166],[54.737181,24.268753],[54.738592,24.27134],[54.735432,24.273064],[54.727745,24.271064],[54.724145,24.271003],[54.724152,24.27061],[54.724191,24.269913],[54.724625,24.266392],[54.724792,24.265381],[54.725062,24.263216],[54.718948,24.257875],[54.716058,24.260549],[54.71525,24.261317],[54.714559,24.261521],[54.710438,24.262691],[54.709646,24.26286],[54.708884,24.262849],[54.708805,24.262848],[54.703927,24.264141],[54.699783,24.267475],[54.695628,24.275117],[54.699731,24.279494],[54.705017,24.279638],[54.705116,24.279612],[54.705162,24.279621],[54.70686,24.280127],[54.709229,24.280745],[54.714855,24.283129],[54.715434,24.28501],[54.715449,24.285345],[54.715024,24.286725],[54.712549,24.291383],[54.717363,24.295854],[54.718146,24.29584],[54.718545,24.295788],[54.7206,24.295685],[54.720779,24.299281],[54.71994,24.299943],[54.715167,24.302198],[54.717329,24.309492],[54.718763,24.311002],[54.718915,24.311184],[54.720359,24.314779],[54.72343,24.319609],[54.724597,24.321607],[54.724594,24.32162],[54.723969,24.322641],[54.718702,24.329481],[54.715847,24.332105],[54.713121,24.337597],[54.71301,24.337675],[54.711419,24.338785],[54.710031,24.347671],[54.712641,24.350846],[54.713884,24.352359],[54.715257,24.354078],[54.71661,24.355773],[54.717835,24.357254],[54.719468,24.35924],[54.721864,24.36216],[54.724258,24.365077],[54.726208,24.367446],[54.728142,24.369797],[54.728676,24.370427],[54.73019,24.372276],[54.731716,24.37414],[54.733322,24.376145],[54.734906,24.378063],[54.73649,24.37998],[54.733715,24.382273],[54.732131,24.380355],[54.727428,24.375728],[54.71979,24.372108],[54.717754,24.369139],[54.714986,24.364239],[54.711255,24.360409],[54.704891,24.360237],[54.701532,24.362056],[54.700337,24.36286],[54.699157,24.361483],[54.698732,24.360966],[54.698327,24.359873],[54.693273,24.354571],[54.692608,24.354455],[54.688872,24.354983],[54.686022,24.362754],[54.681928,24.36869],[54.683975,24.371651],[54.682679,24.372776],[54.682195,24.373109],[54.677913,24.378848],[54.679502,24.38227],[54.681027,24.385653],[54.68174,24.38657],[54.681739,24.386623],[54.681698,24.386979],[54.681651,24.387175],[54.681424,24.387675],[54.67983,24.388503],[54.679025,24.388966],[54.678433,24.388495],[54.674482,24.386145],[54.674284,24.386088],[54.673252,24.385885],[54.668157,24.385761],[54.66656,24.39191],[54.667672,24.394112],[54.667914,24.395062],[54.669345,24.397742],[54.671019,24.401372],[54.672698,24.405016],[54.674142,24.408221],[54.675002,24.410029],[54.676109,24.412413],[54.677227,24.414816],[54.677588,24.415624],[54.677918,24.416447],[54.67834,24.417667],[54.678691,24.419145],[54.678833,24.419909],[54.678963,24.420786],[54.679023,24.421418],[54.679111,24.422876],[54.679284,24.426399],[54.679457,24.429922],[54.679631,24.433446],[54.679804,24.436969],[54.679977,24.440492],[54.680149,24.443986],[54.680249,24.445508],[54.676656,24.445743],[54.676557,24.444221],[54.676382,24.440669],[54.676208,24.437146],[54.676035,24.433622],[54.675862,24.430099],[54.675688,24.426576],[54.675515,24.423053],[54.672718,24.415624],[54.665029,24.411088],[54.664485,24.411134],[54.662837,24.411283],[54.659896,24.411399],[54.659755,24.407802],[54.65653,24.401079],[54.65124,24.39491],[54.644188,24.396387],[54.636839,24.395601],[54.634255,24.393095],[54.628064,24.391344],[54.627307,24.391216],[54.626724,24.390963],[54.626332,24.390679],[54.626038,24.390372],[54.625401,24.388147],[54.619667,24.381465],[54.618761,24.381515],[54.618346,24.381513],[54.615526,24.381472],[54.614825,24.381415],[54.612139,24.38121],[54.609758,24.381186],[54.604136,24.380619],[54.60321,24.380548],[54.600395,24.380138],[54.597424,24.374981],[54.591014,24.375804],[54.585262,24.371587],[54.582261,24.369598],[54.58177,24.369161],[54.581351,24.368621],[54.581025,24.367594],[54.578704,24.364539],[54.570747,24.365456],[54.569342,24.367451],[54.566446,24.371989],[54.566282,24.372223],[54.565665,24.373048],[54.565063,24.373595],[54.560178,24.379695],[54.559773,24.380841],[54.558858,24.38147],[54.557802,24.381492],[54.557286,24.381067],[54.549534,24.380743],[54.547458,24.383065],[54.551103,24.391293],[54.55439,24.391941],[54.554913,24.39213],[54.557071,24.392462],[54.559927,24.393048],[54.560543,24.393171],[54.56357,24.393838],[54.563832,24.393912],[54.565613,24.394246],[54.567646,24.394652],[54.570357,24.395179],[54.573077,24.395708],[54.575812,24.396252],[54.578556,24.396798],[54.581548,24.397411],[54.580825,24.400938],[54.577834,24.400325],[54.575109,24.399783],[54.572374,24.399238],[54.569447,24.398928],[54.568092,24.398515],[54.566239,24.398135],[54.56428,24.397731],[54.563137,24.397474],[54.558666,24.397751],[54.554459,24.402402],[54.554421,24.402516],[54.55334,24.403369],[54.553263,24.403392],[54.551004,24.401381],[54.548236,24.395632],[54.543566,24.393429],[54.535233,24.396791],[54.533524,24.398681],[54.532304,24.400051],[54.530261,24.402335],[54.528143,24.404697],[54.527513,24.405308],[54.527039,24.405687],[54.526395,24.406138],[54.525407,24.406708],[54.521319,24.408544],[54.51723,24.410381],[54.514157,24.411756],[54.511435,24.412989],[54.508702,24.414226],[54.507232,24.41488],[54.501088,24.41758],[54.4962,24.41979],[54.494429,24.420592],[54.491628,24.421864],[54.491246,24.422006],[54.490564,24.422191],[54.489917,24.422292],[54.489528,24.422316],[54.489172,24.422313],[54.488614,24.422282],[54.479819,24.421389],[54.478728,24.421252],[54.478212,24.42116],[54.477337,24.420956],[54.476594,24.420723],[54.473283,24.419462],[54.473063,24.419371],[54.471618,24.41867],[54.472162,24.41677]]],"type":"Polygon"},"properties":{"branch_id":"36","branch_name":"Baniyas","travel_mode":"driving-car","travel_direction":"destination","travel_minutes":15,"area_km2":341.23141101,"origin_latitude":24.2973631,"origin_longitude":54.6332474,"coordinate_source":"Google Places matched coordinates","data_source":"openrouteservice/HeiGIT; OpenStreetMap road network","generated_at":"2026-09-02T15:56:21+00:00"}},{"type":"Feature","id":"28-5","geometry":{"coordinates":[[[55.256197,25.216805],[55.255417,25.215715],[55.250148,25.209997],[55.249186,25.208943],[55.249158,25.208906],[55.249177,25.206948],[55.245696,25.200013],[55.24551,25.199746],[55.243843,25.19564],[55.246852,25.193663],[55.250132,25.191971],[55.253476,25.18648],[55.253505,25.186399],[55.253877,25.185788],[55.254794,25.18504],[55.255396,25.184738],[55.255839,25.184531],[55.258151,25.184877],[55.258159,25.184886],[55.259065,25.186705],[55.26339,25.192777],[55.264643,25.19414],[55.265915,25.195524],[55.266636,25.196333],[55.267344,25.197169],[55.269575,25.19931],[55.276377,25.199759],[55.277934,25.199316],[55.278019,25.199358],[55.278968,25.200346],[55.279144,25.200607],[55.279528,25.201577],[55.27954,25.201646],[55.279619,25.202497],[55.279303,25.202721],[55.279137,25.202784],[55.277325,25.211507],[55.279204,25.214231],[55.27624,25.216275],[55.269016,25.217858],[55.266132,25.220013],[55.259467,25.218849],[55.256207,25.216819],[55.256197,25.216805]]],"type":"Polygon"},"properties":{"branch_id":"28","branch_name":"City Walk","travel_mode":"driving-car","travel_direction":"destination","travel_minutes":5,"area_km2":8.17870916,"origin_latitude":25.2019849,"origin_longitude":55.2638147,"coordinate_source":"Google Places matched coordinates","data_source":"openrouteservice/HeiGIT; OpenStreetMap road network","generated_at":"2026-09-02T15:56:21+00:00"}},{"type":"Feature","id":"28-10","geometry":{"coordinates":[[[55.233391,25.218767],[55.234041,25.215432],[55.235882,25.210954],[55.236954,25.205546],[55.23396,25.199749],[55.233862,25.199014],[55.232513,25.194199],[55.229255,25.190633],[55.228929,25.190191],[55.224471,25.183561],[55.223618,25.182436],[55.223164,25.181864],[55.223147,25.181842],[55.225337,25.177748],[55.223711,25.172567],[55.223225,25.166735],[55.223713,25.166437],[55.226053,25.164506],[55.226512,25.156428],[55.225435,25.15477],[55.224063,25.152569],[55.222695,25.150375],[55.22171,25.148812],[55.220724,25.147248],[55.22377,25.145329],[55.224755,25.146892],[55.227222,25.150413],[55.228616,25.152649],[55.229398,25.154033],[55.229559,25.154369],[55.230672,25.156286],[55.238086,25.160279],[55.246341,25.16287],[55.24702,25.16291],[55.24764,25.163128],[55.247907,25.163276],[55.252316,25.16761],[55.252681,25.167922],[55.254665,25.169378],[55.262694,25.169292],[55.263991,25.168815],[55.265298,25.168349],[55.26587,25.168185],[55.266507,25.168771],[55.266979,25.171289],[55.271884,25.176618],[55.272283,25.177048],[55.275218,25.179677],[55.281944,25.177906],[55.283184,25.178465],[55.291373,25.1795],[55.291726,25.179492],[55.292205,25.179529],[55.292515,25.179577],[55.293081,25.179734],[55.301947,25.180762],[55.304301,25.180435],[55.305004,25.18034],[55.305221,25.18041],[55.305555,25.183995],[55.304953,25.184051],[55.298331,25.189506],[55.302028,25.197538],[55.302674,25.197802],[55.30342,25.19807],[55.304072,25.198285],[55.304602,25.198444],[55.305077,25.198566],[55.307472,25.199056],[55.30833,25.199293],[55.30895,25.199509],[55.309935,25.199919],[55.310429,25.200175],[55.312512,25.201721],[55.314674,25.203653],[55.316885,25.205629],[55.319887,25.208527],[55.321409,25.210193],[55.323394,25.212415],[55.324215,25.213354],[55.321504,25.215722],[55.325,25.223845],[55.326006,25.223852],[55.327009,25.223942],[55.328856,25.224332],[55.329294,25.224455],[55.330075,25.224732],[55.330768,25.225045],[55.331436,25.225396],[55.332058,25.22577],[55.33237,25.225977],[55.333122,25.226507],[55.333816,25.227031],[55.33505,25.22804],[55.335926,25.228819],[55.337285,25.230192],[55.338099,25.231096],[55.339684,25.232955],[55.336944,25.23529],[55.328995,25.23289],[55.328101,25.233266],[55.327956,25.2333],[55.326226,25.230591],[55.318318,25.230103],[55.317785,25.230411],[55.316608,25.230974],[55.316122,25.231241],[55.314862,25.231849],[55.314468,25.232015],[55.314106,25.232135],[55.311092,25.233699],[55.310353,25.240809],[55.312108,25.243056],[55.312511,25.243403],[55.313032,25.243807],[55.31694,25.246889],[55.316372,25.250444],[55.313058,25.249998],[55.31295,25.249921],[55.306294,25.247143],[55.302264,25.248129],[55.300655,25.248946],[55.29917,25.24997],[55.297024,25.249982],[55.295606,25.248571],[55.295493,25.248384],[55.286731,25.24712],[55.286032,25.248077],[55.285665,25.248486],[55.285205,25.248919],[55.284668,25.249344],[55.276577,25.247487],[55.270244,25.244562],[55.265814,25.240708],[55.257804,25.238227],[55.254254,25.238825],[55.253931,25.238494],[55.253723,25.238265],[55.253582,25.236762],[55.252462,25.229166],[55.250275,25.22819],[55.24976,25.227999],[55.249412,25.227326],[55.249166,25.226069],[55.249582,25.22563],[55.250255,25.225046],[55.249817,25.216341],[55.248593,25.214785],[55.247264,25.21365],[55.239313,25.215216],[55.237471,25.218605],[55.23727,25.219262],[55.236996,25.219873],[55.236525,25.220628],[55.236236,25.220992],[55.236035,25.221209],[55.234501,25.22104],[55.234349,25.220957],[55.233391,25.218767]]],"type":"Polygon"},"properties":{"branch_id":"28","branch_name":"City Walk","travel_mode":"driving-car","travel_direction":"destination","travel_minutes":10,"area_km2":63.65387618999999,"origin_latitude":25.2019849,"origin_longitude":55.2638147,"coordinate_source":"Google Places matched coordinates","data_source":"openrouteservice/HeiGIT; OpenStreetMap road network","generated_at":"2026-09-02T15:56:21+00:00"}},{"type":"Feature","id":"28-15","geometry":{"coordinates":[[[55.25329,25.265489],[55.253571,25.264844],[55.254579,25.263321],[55.257775,25.261192],[55.259986,25.260754],[55.263186,25.26013],[55.267403,25.25933],[55.269403,25.257685],[55.269582,25.248903],[55.268792,25.248038],[55.260626,25.247273],[55.260236,25.247437],[55.259959,25.247536],[55.258774,25.247066],[55.258527,25.246767],[55.252402,25.241455],[55.25066,25.240781],[55.249421,25.239579],[55.250295,25.238955],[55.250419,25.238854],[55.253582,25.236762],[55.252462,25.229166],[55.250275,25.22819],[55.24976,25.227999],[55.249412,25.227326],[55.249166,25.226069],[55.249582,25.22563],[55.250255,25.225046],[55.249817,25.216341],[55.248593,25.214785],[55.247264,25.21365],[55.239313,25.215216],[55.237471,25.218605],[55.23727,25.219262],[55.236996,25.219873],[55.236525,25.220628],[55.236236,25.220992],[55.236035,25.221209],[55.235269,25.221864],[55.234952,25.222079],[55.234383,25.222403],[55.233827,25.222651],[55.233517,25.222761],[55.233172,25.222862],[55.232729,25.222961],[55.232282,25.223029],[55.231829,25.223068],[55.229889,25.222878],[55.229239,25.222678],[55.228673,25.222437],[55.228338,25.222258],[55.227772,25.221891],[55.227314,25.221564],[55.227308,25.218383],[55.234041,25.215432],[55.235882,25.210954],[55.236954,25.205546],[55.23396,25.199749],[55.233862,25.199014],[55.229441,25.191486],[55.226055,25.185936],[55.224088,25.184084],[55.223826,25.183735],[55.220305,25.178452],[55.217005,25.173991],[55.211451,25.170089],[55.208145,25.16644],[55.205828,25.163891],[55.205425,25.163444],[55.205195,25.163168],[55.200943,25.155748],[55.196154,25.14893],[55.196539,25.146367],[55.197853,25.14363],[55.198172,25.142297],[55.199993,25.137111],[55.199775,25.136076],[55.192375,25.131868],[55.191808,25.13196],[55.191695,25.131961],[55.190703,25.128765],[55.190921,25.128622],[55.191433,25.128393],[55.195021,25.120175],[55.191879,25.117577],[55.190768,25.117178],[55.189264,25.116183],[55.187908,25.115238],[55.187013,25.11462],[55.185271,25.113389],[55.183532,25.11216],[55.180804,25.110241],[55.178065,25.108312],[55.176697,25.107332],[55.175921,25.106747],[55.175159,25.10614],[55.173026,25.10434],[55.171034,25.102606],[55.173349,25.099849],[55.180427,25.10388],[55.188643,25.105655],[55.192231,25.105943],[55.192143,25.107043],[55.192324,25.109413],[55.192679,25.111042],[55.200469,25.114285],[55.206329,25.11114],[55.207922,25.110341],[55.208033,25.110297],[55.209125,25.110585],[55.217301,25.110557],[55.218927,25.109097],[55.218978,25.109064],[55.222453,25.107273],[55.223921,25.1063],[55.225441,25.105319],[55.227393,25.108343],[55.225874,25.109324],[55.224443,25.110273],[55.221595,25.113259],[55.216617,25.115742],[55.217018,25.124128],[55.218339,25.125137],[55.225842,25.124353],[55.228639,25.122087],[55.229159,25.122525],[55.229274,25.12266],[55.233289,25.126121],[55.238318,25.12407],[55.238722,25.123795],[55.23974,25.124701],[55.23985,25.124777],[55.240746,25.126772],[55.240342,25.127047],[55.239345,25.135732],[55.241078,25.138147],[55.24392,25.140963],[55.251865,25.142968],[55.252171,25.142869],[55.253062,25.142623],[55.257756,25.135829],[55.257268,25.134658],[55.256356,25.132614],[55.255961,25.131843],[55.255549,25.13109],[55.254103,25.128714],[55.2538,25.128238],[55.253,25.127143],[55.252159,25.126075],[55.25156,25.125366],[55.249969,25.123583],[55.248377,25.121799],[55.251063,25.119402],[55.252655,25.121186],[55.258453,25.126336],[55.259878,25.127686],[55.26049,25.128386],[55.260591,25.129232],[55.261078,25.134441],[55.26129,25.135041],[55.267956,25.1403],[55.267879,25.141731],[55.2677,25.142428],[55.271504,25.150174],[55.27152,25.150191],[55.271523,25.150195],[55.271539,25.150213],[55.279602,25.15151],[55.28086,25.150162],[55.28402,25.147579],[55.285446,25.145439],[55.286036,25.144309],[55.286799,25.142349],[55.290154,25.143655],[55.28939,25.145615],[55.289098,25.146275],[55.291903,25.154508],[55.294314,25.156803],[55.295234,25.157605],[55.297515,25.159673],[55.295097,25.16234],[55.292935,25.160595],[55.29254,25.160209],[55.292007,25.159693],[55.289602,25.158129],[55.289116,25.157864],[55.288443,25.157335],[55.287722,25.156754],[55.279817,25.160626],[55.276976,25.164931],[55.274936,25.173104],[55.275987,25.17395],[55.276493,25.174324],[55.276738,25.174481],[55.278399,25.175448],[55.278834,25.175747],[55.279575,25.176344],[55.279828,25.176531],[55.281415,25.17758],[55.283184,25.178465],[55.291373,25.1795],[55.291726,25.179492],[55.292205,25.179529],[55.292515,25.179577],[55.293081,25.179734],[55.297312,25.179721],[55.297714,25.179646],[55.29806,25.179601],[55.29856,25.179621],[55.298976,25.179712],[55.302468,25.180022],[55.305492,25.17961],[55.306613,25.179352],[55.307237,25.179183],[55.307913,25.178981],[55.308295,25.178888],[55.308761,25.178817],[55.309192,25.178791],[55.313456,25.177878],[55.319842,25.173527],[55.320778,25.172026],[55.323433,25.168625],[55.32461,25.16708],[55.326341,25.164898],[55.328042,25.162753],[55.328355,25.162338],[55.329065,25.161457],[55.32956,25.160891],[55.330908,25.159171],[55.332854,25.156661],[55.334155,25.154983],[55.335456,25.153306],[55.338301,25.155512],[55.337279,25.157194],[55.336294,25.158318],[55.336046,25.158634],[55.335673,25.159001],[55.333753,25.161377],[55.332391,25.163115],[55.331782,25.163819],[55.331161,25.164593],[55.330922,25.164914],[55.329161,25.167135],[55.327213,25.16998],[55.326046,25.171477],[55.32434,25.175084],[55.324216,25.175618],[55.328099,25.183315],[55.32904,25.183403],[55.330728,25.183483],[55.334238,25.183622],[55.337723,25.183762],[55.337865,25.183771],[55.338864,25.183878],[55.341218,25.183852],[55.3448,25.183947],[55.347047,25.184114],[55.349737,25.184279],[55.351071,25.184329],[55.354269,25.184417],[55.357439,25.184503],[55.359487,25.184526],[55.361436,25.184607],[55.362615,25.184611],[55.368918,25.18369],[55.369504,25.183523],[55.370121,25.183369],[55.372853,25.18278],[55.374862,25.182397],[55.375535,25.185934],[55.373527,25.186316],[55.370881,25.186888],[55.368776,25.187697],[55.367792,25.18791],[55.36711,25.188038],[55.366633,25.188104],[55.366022,25.188145],[55.364597,25.188153],[55.362722,25.188209],[55.360733,25.18841],[55.360313,25.188424],[55.356661,25.188445],[55.350072,25.190566],[55.34787,25.195126],[55.344272,25.195012],[55.344334,25.193067],[55.338635,25.187471],[55.33763,25.18736],[55.333295,25.188632],[55.331798,25.188226],[55.330339,25.188012],[55.327553,25.187199],[55.326652,25.187046],[55.326052,25.186907],[55.325414,25.186712],[55.324826,25.186532],[55.324131,25.186271],[55.322709,25.18561],[55.320374,25.184702],[55.313048,25.188126],[55.312583,25.190222],[55.312155,25.191782],[55.313771,25.20061],[55.316998,25.203692],[55.319887,25.208527],[55.321409,25.210193],[55.323394,25.212415],[55.330361,25.21667],[55.337425,25.217628],[55.338004,25.217824],[55.343233,25.220283],[55.344105,25.220372],[55.351413,25.219202],[55.352582,25.216784],[55.352933,25.215896],[55.353106,25.215406],[55.354273,25.214994],[55.354488,25.215058],[55.355477,25.215357],[55.362578,25.215554],[55.362657,25.215584],[55.367284,25.216899],[55.375746,25.215607],[55.376514,25.215001],[55.377424,25.214214],[55.378647,25.213128],[55.378943,25.212907],[55.379422,25.212605],[55.380105,25.212258],[55.380876,25.211949],[55.381171,25.211851],[55.382303,25.215269],[55.377979,25.222326],[55.378459,25.225106],[55.379006,25.228189],[55.37915,25.228994],[55.378972,25.229082],[55.377882,25.229572],[55.375606,25.229627],[55.37372,25.226379],[55.37346,25.225936],[55.368148,25.223846],[55.365053,25.230327],[55.36495,25.232487],[55.364942,25.233747],[55.366829,25.23757],[55.367109,25.238618],[55.367044,25.239284],[55.366102,25.239806],[55.359853,25.245567],[55.356891,25.248334],[55.356869,25.248345],[55.352248,25.250977],[55.3484,25.253013],[55.344647,25.254198],[55.344179,25.254456],[55.340088,25.260476],[55.342415,25.266625],[55.344394,25.268414],[55.348018,25.271682],[55.349159,25.272691],[55.350558,25.273859],[55.351427,25.274696],[55.352087,25.275361],[55.349532,25.277897],[55.346609,25.275897],[55.339104,25.274524],[55.335967,25.27411],[55.330021,25.277304],[55.328672,25.279414],[55.328651,25.279453],[55.326511,25.280241],[55.326196,25.280132],[55.325504,25.277704],[55.318868,25.271974],[55.316588,25.272189],[55.316485,25.272193],[55.315858,25.272115],[55.313912,25.271636],[55.307994,25.270138],[55.306079,25.278831],[55.30665,25.279113],[55.308054,25.279863],[55.307655,25.283441],[55.307186,25.283388],[55.306518,25.283249],[55.306111,25.283124],[55.3057,25.282958],[55.303778,25.281924],[55.302223,25.281048],[55.297814,25.278743],[55.292774,25.276561],[55.29201,25.276217],[55.291487,25.275923],[55.290814,25.27546],[55.290208,25.274925],[55.286483,25.272216],[55.284582,25.267108],[55.281125,25.264639],[55.280743,25.264349],[55.280354,25.263939],[55.272502,25.262569],[55.269767,25.267054],[55.269678,25.267324],[55.269328,25.26899],[55.269196,25.269357],[55.268943,25.270231],[55.268927,25.270259],[55.26866,25.270511],[55.263967,25.270567],[55.261987,25.269756],[55.260632,25.269141],[55.253463,25.2662],[55.25329,25.265489]]],"type":"Polygon"},"properties":{"branch_id":"28","branch_name":"City Walk","travel_mode":"driving-car","travel_direction":"destination","travel_minutes":15,"area_km2":153.19728991,"origin_latitude":25.2019849,"origin_longitude":55.2638147,"coordinate_source":"Google Places matched coordinates","data_source":"openrouteservice/HeiGIT; OpenStreetMap road network","generated_at":"2026-09-02T15:56:21+00:00"}},{"type":"Feature","id":"38-5","geometry":{"coordinates":[[[54.360686,24.486266],[54.35786,24.481303],[54.357847,24.481024],[54.358225,24.478695],[54.358163,24.476309],[54.355013,24.469667],[54.355089,24.465523],[54.355853,24.458976],[54.3561,24.453141],[54.358013,24.449693],[54.360286,24.446901],[54.367182,24.441836],[54.375322,24.44063],[54.375371,24.440642],[54.383638,24.440802],[54.385968,24.439144],[54.386541,24.439596],[54.38922,24.441256],[54.396342,24.440563],[54.398478,24.438334],[54.399002,24.437621],[54.399364,24.437297],[54.401854,24.434464],[54.403519,24.433105],[54.403746,24.433014],[54.405104,24.432916],[54.409044,24.432649],[54.416926,24.434898],[54.419968,24.434434],[54.420431,24.434593],[54.421484,24.437623],[54.421243,24.44577],[54.420322,24.446091],[54.418508,24.446778],[54.416649,24.447481],[54.414317,24.448353],[54.412576,24.449013],[54.407134,24.453112],[54.404914,24.459225],[54.407551,24.466564],[54.407754,24.466894],[54.407012,24.469502],[54.404982,24.471608],[54.400878,24.47618],[54.396669,24.484077],[54.397116,24.485264],[54.395539,24.486017],[54.393748,24.486534],[54.385374,24.488692],[54.383799,24.489599],[54.3826,24.490298],[54.376338,24.495374],[54.375179,24.49682],[54.374198,24.497975],[54.373358,24.498863],[54.370742,24.496389],[54.364093,24.490812],[54.362736,24.489802],[54.360686,24.486266]]],"type":"Polygon"},"properties":{"branch_id":"38","branch_name":"Delma","travel_mode":"driving-car","travel_direction":"destination","travel_minutes":5,"area_km2":28.934935649999996,"origin_latitude":24.467954,"origin_longitude":54.3847796,"coordinate_source":"Google Places matched coordinates","data_source":"openrouteservice/HeiGIT; OpenStreetMap road network","generated_at":"2026-09-02T15:56:22+00:00"}},{"type":"Feature","id":"38-10","geometry":{"coordinates":[[[54.372123,24.520227],[54.371205,24.517174],[54.371204,24.517122],[54.371395,24.509435],[54.368468,24.506564],[54.364245,24.502574],[54.363352,24.501778],[54.36154,24.500386],[54.359868,24.498993],[54.356441,24.496325],[54.354446,24.494851],[54.352786,24.493688],[54.350137,24.491202],[54.349887,24.49088],[54.349483,24.490307],[54.349025,24.489561],[54.348808,24.489161],[54.347664,24.486859],[54.346545,24.484606],[54.345426,24.482353],[54.344307,24.4801],[54.341171,24.475517],[54.334719,24.471491],[54.333096,24.470522],[54.328407,24.467515],[54.326681,24.459737],[54.326951,24.457696],[54.3301,24.454782],[54.336082,24.449475],[54.337178,24.449532],[54.344583,24.448343],[54.347554,24.446018],[54.349763,24.443942],[54.350606,24.443301],[54.353321,24.441997],[54.358489,24.438959],[54.358612,24.438842],[54.360223,24.437875],[54.362713,24.436435],[54.364334,24.434749],[54.364857,24.42602],[54.363543,24.424834],[54.361998,24.423194],[54.355683,24.41935],[54.354265,24.418448],[54.353704,24.416927],[54.352593,24.413274],[54.352576,24.413198],[54.352565,24.412482],[54.352707,24.412014],[54.353124,24.411412],[54.353873,24.410937],[54.355137,24.410882],[54.3552,24.410912],[54.355686,24.411241],[54.357942,24.41364],[54.35806,24.413768],[54.35886,24.414644],[54.360222,24.416004],[54.361284,24.417135],[54.363128,24.418985],[54.365308,24.421274],[54.367464,24.423537],[54.36962,24.425801],[54.377019,24.427807],[54.379038,24.425819],[54.380876,24.425204],[54.385395,24.423636],[54.387289,24.423019],[54.390188,24.423815],[54.397746,24.425066],[54.406147,24.422695],[54.406359,24.422635],[54.408177,24.422176],[54.41157,24.422059],[54.418776,24.416992],[54.419157,24.41655],[54.419533,24.416285],[54.420016,24.416071],[54.421918,24.415525],[54.423986,24.414921],[54.426281,24.414267],[54.426668,24.414223],[54.434696,24.415371],[54.436524,24.414615],[54.441418,24.412611],[54.441478,24.412593],[54.443748,24.412101],[54.444524,24.411938],[54.452133,24.411062],[54.454194,24.410496],[54.456516,24.409883],[54.458303,24.409389],[54.461329,24.408574],[54.466589,24.407086],[54.468459,24.40658],[54.470319,24.406077],[54.471731,24.405686],[54.476819,24.409769],[54.480415,24.409946],[54.480379,24.410668],[54.480246,24.41183],[54.480293,24.412951],[54.486579,24.418815],[54.48869,24.419036],[54.489332,24.419108],[54.495754,24.420998],[54.496131,24.424579],[54.494585,24.424741],[54.493092,24.424951],[54.489963,24.425436],[54.487802,24.425784],[54.485632,24.426132],[54.483446,24.426455],[54.481281,24.426775],[54.474471,24.4293],[54.47179,24.431474],[54.471732,24.431518],[54.471396,24.431773],[54.47127,24.431869],[54.464957,24.437403],[54.463933,24.438267],[54.462235,24.439758],[54.457556,24.440793],[54.455873,24.441574],[54.45238,24.443701],[54.449762,24.444037],[54.448895,24.444453],[54.448072,24.453016],[54.448991,24.454053],[54.450528,24.455835],[54.452052,24.457603],[54.453453,24.459193],[54.454874,24.460805],[54.455373,24.461393],[54.455599,24.461694],[54.456112,24.462456],[54.456514,24.463169],[54.456782,24.463739],[54.45711,24.464585],[54.457286,24.465163],[54.457373,24.465512],[54.457885,24.468078],[54.45848,24.471143],[54.458589,24.47169],[54.458491,24.471854],[54.455058,24.472394],[54.454949,24.471847],[54.454903,24.471557],[54.45435,24.468758],[54.450753,24.461574],[54.449352,24.459984],[54.447801,24.458186],[54.446265,24.456403],[54.445378,24.455404],[54.444351,24.454212],[54.441552,24.450303],[54.434072,24.446997],[54.433621,24.446908],[54.432621,24.446758],[54.432015,24.446663],[54.428528,24.446027],[54.420322,24.446091],[54.418508,24.446778],[54.416649,24.447481],[54.414317,24.448353],[54.412576,24.449013],[54.407134,24.453112],[54.408779,24.460129],[54.408852,24.460708],[54.408847,24.461004],[54.408792,24.466633],[54.40876,24.467535],[54.41329,24.475171],[54.416234,24.475437],[54.416239,24.475438],[54.416313,24.475513],[54.416313,24.475518],[54.416623,24.479258],[54.423916,24.484469],[54.426334,24.484784],[54.428443,24.485093],[54.431546,24.485492],[54.433621,24.485758],[54.433768,24.485777],[54.433309,24.489348],[54.431048,24.489539],[54.427984,24.488664],[54.425812,24.488346],[54.419687,24.492803],[54.419246,24.492816],[54.41819,24.492922],[54.412828,24.498968],[54.413488,24.501197],[54.413469,24.501254],[54.409709,24.50573],[54.409501,24.505928],[54.401323,24.508654],[54.400965,24.508953],[54.398804,24.516943],[54.400719,24.518382],[54.402634,24.51982],[54.405325,24.521842],[54.403162,24.52472],[54.396807,24.521741],[54.396305,24.521376],[54.396074,24.521205],[54.389791,24.516816],[54.386705,24.516349],[54.385539,24.51618],[54.378113,24.521167],[54.378043,24.521259],[54.376171,24.522222],[54.373799,24.522961],[54.373732,24.522969],[54.372123,24.520227]]],"type":"Polygon"},"properties":{"branch_id":"38","branch_name":"Delma","travel_mode":"driving-car","travel_direction":"destination","travel_minutes":10,"area_km2":92.95931938,"origin_latitude":24.467954,"origin_longitude":54.3847796,"coordinate_source":"Google Places matched coordinates","data_source":"openrouteservice/HeiGIT; OpenStreetMap road network","generated_at":"2026-09-02T15:56:22+00:00"}},{"type":"Feature","id":"38-15","geometry":{"coordinates":[[[54.360123,24.53437],[54.361401,24.527526],[54.361872,24.519633],[54.361342,24.518511],[54.360489,24.515063],[54.361705,24.514089],[54.364044,24.512295],[54.365058,24.511468],[54.364245,24.502574],[54.363352,24.501778],[54.36154,24.500386],[54.359868,24.498993],[54.356441,24.496325],[54.354446,24.494851],[54.352786,24.493688],[54.350137,24.491202],[54.349887,24.49088],[54.349483,24.490307],[54.349025,24.489561],[54.348808,24.489161],[54.347664,24.486859],[54.346545,24.484606],[54.345426,24.482353],[54.344307,24.4801],[54.341171,24.475517],[54.334719,24.471491],[54.330478,24.474722],[54.328435,24.477686],[54.325331,24.479918],[54.323584,24.481236],[54.323546,24.481248],[54.322168,24.481531],[54.32124,24.481514],[54.31854,24.480099],[54.318358,24.479986],[54.316736,24.47799],[54.316486,24.475461],[54.316488,24.475211],[54.316592,24.473573],[54.31665,24.470818],[54.316278,24.462601],[54.311057,24.463456],[54.307626,24.462365],[54.305138,24.454829],[54.305199,24.454639],[54.305506,24.454063],[54.306215,24.453472],[54.30701,24.453239],[54.310143,24.453364],[54.318061,24.45131],[54.319812,24.451393],[54.325359,24.450618],[54.33253,24.448687],[54.334584,24.448877],[54.335021,24.448884],[54.335425,24.448961],[54.337178,24.449532],[54.344583,24.448343],[54.347554,24.446018],[54.349763,24.443942],[54.350606,24.443301],[54.353321,24.441997],[54.358489,24.438959],[54.358612,24.438842],[54.360223,24.437875],[54.362713,24.436435],[54.364334,24.434749],[54.364857,24.42602],[54.363543,24.424834],[54.361998,24.423194],[54.355683,24.41935],[54.35017,24.418404],[54.346118,24.420303],[54.338752,24.422438],[54.333183,24.424782],[54.332454,24.424942],[54.332361,24.424888],[54.331644,24.424129],[54.328189,24.418229],[54.328057,24.416999],[54.328123,24.416913],[54.329692,24.415874],[54.330707,24.415374],[54.333623,24.41512],[54.337028,24.415729],[54.343448,24.41555],[54.350037,24.412092],[54.353873,24.410937],[54.355137,24.410882],[54.35741,24.411234],[54.361284,24.417135],[54.363128,24.418985],[54.365308,24.421274],[54.367464,24.423537],[54.36962,24.425801],[54.377019,24.427807],[54.379038,24.425819],[54.380876,24.425204],[54.385395,24.423636],[54.387289,24.423019],[54.392452,24.421691],[54.399293,24.417683],[54.405431,24.418407],[54.412539,24.417491],[54.415781,24.415154],[54.419221,24.415562],[54.425129,24.410851],[54.432515,24.408075],[54.437022,24.406967],[54.437393,24.406894],[54.438163,24.406964],[54.438899,24.407386],[54.439667,24.408252],[54.44093,24.409945],[54.448451,24.411652],[54.449117,24.411552],[54.450569,24.411197],[54.451288,24.41113],[54.456862,24.404085],[54.460047,24.399829],[54.461466,24.397697],[54.461559,24.39768],[54.465465,24.397707],[54.473717,24.398575],[54.478151,24.400242],[54.48448,24.400403],[54.487081,24.397914],[54.488075,24.396475],[54.488871,24.395705],[54.491981,24.393917],[54.497485,24.390876],[54.497595,24.390844],[54.498202,24.390732],[54.502804,24.390284],[54.502939,24.390286],[54.507189,24.390593],[54.508102,24.390634],[54.513334,24.392125],[54.516002,24.391757],[54.5225,24.386893],[54.522695,24.38371],[54.522739,24.381897],[54.523709,24.381484],[54.526338,24.381984],[54.526408,24.383811],[54.533146,24.388669],[54.53444,24.388508],[54.536651,24.388094],[54.541114,24.385166],[54.54281,24.383258],[54.544571,24.381279],[54.544889,24.380963],[54.5463,24.379373],[54.546465,24.37921],[54.548772,24.376605],[54.551242,24.37384],[54.551704,24.373321],[54.554392,24.375717],[54.55393,24.376235],[54.552129,24.378566],[54.551713,24.379151],[54.551437,24.379405],[54.550289,24.380617],[54.549747,24.38113],[54.548984,24.381771],[54.548819,24.381934],[54.547581,24.383352],[54.551103,24.391293],[54.55439,24.391941],[54.557071,24.392462],[54.559909,24.393044],[54.559185,24.396571],[54.556347,24.395988],[54.553986,24.395627],[54.547035,24.395352],[54.538703,24.396395],[54.534255,24.40183],[54.533337,24.403032],[54.531737,24.403755],[54.525975,24.408326],[54.525708,24.408468],[54.523673,24.409367],[54.521725,24.410225],[54.518063,24.417486],[54.521756,24.419686],[54.524682,24.422076],[54.527981,24.423009],[54.530357,24.423685],[54.532732,24.424361],[54.535108,24.425037],[54.537472,24.425709],[54.540977,24.426682],[54.544488,24.427657],[54.546658,24.428269],[54.548828,24.42888],[54.550998,24.429492],[54.553179,24.430107],[54.555941,24.430905],[54.556107,24.430961],[54.558735,24.431692],[54.561528,24.432479],[54.564322,24.433266],[54.567118,24.434054],[54.570767,24.435087],[54.574416,24.43612],[54.578065,24.437154],[54.581714,24.438187],[54.584255,24.438907],[54.586796,24.439627],[54.589254,24.440323],[54.591712,24.44102],[54.59073,24.444483],[54.584513,24.442997],[54.583956,24.442818],[54.581954,24.442165],[54.577084,24.440617],[54.56867,24.438604],[54.565254,24.438127],[54.564471,24.437912],[54.559851,24.436483],[54.556092,24.435076],[54.551833,24.433765],[54.550726,24.433445],[54.5479,24.432645],[54.543511,24.431122],[54.540014,24.430151],[54.534619,24.428947],[54.53403,24.428779],[54.531209,24.427981],[54.528521,24.427252],[54.525878,24.426645],[54.524438,24.426223],[54.516657,24.425527],[54.514341,24.425673],[54.51206,24.425816],[54.508588,24.425927],[54.508167,24.425922],[54.50742,24.425846],[54.506803,24.425707],[54.50629,24.425538],[54.499479,24.424459],[54.493154,24.425507],[54.487802,24.425784],[54.485632,24.426132],[54.483446,24.426455],[54.481281,24.426775],[54.478715,24.427576],[54.474515,24.435077],[54.474975,24.435803],[54.475143,24.436369],[54.475185,24.436748],[54.475138,24.437348],[54.475,24.437798],[54.47427,24.440309],[54.474135,24.440826],[54.473867,24.4415],[54.473201,24.442908],[54.471529,24.442281],[54.46571,24.440177],[54.462235,24.439758],[54.457556,24.440793],[54.455873,24.441574],[54.45238,24.443701],[54.449762,24.444037],[54.447856,24.452652],[54.448991,24.454053],[54.449683,24.454728],[54.450528,24.455835],[54.451542,24.456841],[54.453401,24.458955],[54.45526,24.461069],[54.464019,24.460383],[54.464151,24.460279],[54.466725,24.462215],[54.466861,24.462701],[54.466907,24.463116],[54.466881,24.463599],[54.46671,24.464218],[54.466358,24.464837],[54.463816,24.473066],[54.46277,24.481524],[54.462758,24.482082],[54.462644,24.487442],[54.460679,24.488097],[54.459262,24.48859],[54.45652,24.489439],[54.453492,24.490425],[54.450439,24.491418],[54.449846,24.491594],[54.449203,24.491752],[54.448552,24.491879],[54.447895,24.491973],[54.447234,24.492035],[54.446795,24.492062],[54.439919,24.49533],[54.437576,24.495948],[54.436995,24.496029],[54.436271,24.495983],[54.427736,24.497442],[54.427368,24.496764],[54.419687,24.492803],[54.419246,24.492816],[54.415987,24.501201],[54.416989,24.502099],[54.417746,24.502942],[54.416704,24.506819],[54.416185,24.507291],[54.415555,24.507617],[54.415122,24.507725],[54.409934,24.511095],[54.408269,24.511951],[54.408051,24.511931],[54.406628,24.512012],[54.402824,24.519622],[54.404747,24.521058],[54.406539,24.522358],[54.407426,24.522882],[54.408852,24.523648],[54.409935,24.525241],[54.4133,24.527331],[54.419084,24.52639],[54.426503,24.523707],[54.427053,24.523347],[54.428318,24.522344],[54.434264,24.516716],[54.435239,24.515966],[54.435392,24.515893],[54.440821,24.514213],[54.441867,24.513666],[54.443138,24.513623],[54.443353,24.513628],[54.44369,24.513657],[54.448384,24.513281],[54.450559,24.512425],[54.454079,24.510713],[54.454691,24.510456],[54.455095,24.510313],[54.455786,24.512127],[54.456258,24.51372],[54.454063,24.514914],[54.449754,24.519966],[54.448496,24.521124],[54.448017,24.521645],[54.446597,24.521309],[54.443184,24.529525],[54.44368,24.530623],[54.443795,24.53101],[54.443799,24.531427],[54.443313,24.532848],[54.445188,24.541629],[54.445894,24.541883],[54.446894,24.542309],[54.447569,24.542653],[54.448196,24.543019],[54.449053,24.543593],[54.455889,24.545438],[54.464722,24.546572],[54.466943,24.546154],[54.469165,24.545736],[54.471386,24.545318],[54.479141,24.542461],[54.481182,24.545427],[54.480452,24.545929],[54.479638,24.546435],[54.478961,24.546805],[54.478233,24.547138],[54.477213,24.547554],[54.476061,24.547981],[54.474987,24.548286],[54.474308,24.548431],[54.472052,24.548856],[54.46983,24.549274],[54.467609,24.549692],[54.465387,24.55011],[54.462479,24.550618],[54.460138,24.551049],[54.45289,24.554786],[54.452743,24.554831],[54.450852,24.554284],[54.450822,24.554238],[54.450534,24.553424],[54.446204,24.546017],[54.445771,24.545772],[54.445272,24.545523],[54.444494,24.5452],[54.443983,24.545021],[54.442453,24.544522],[54.439932,24.543586],[54.439593,24.543418],[54.439015,24.543096],[54.437872,24.542317],[54.429218,24.542029],[54.428768,24.54164],[54.428422,24.541252],[54.425715,24.538487],[54.419673,24.537736],[54.415168,24.539985],[54.414911,24.539972],[54.413502,24.539936],[54.412968,24.539934],[54.40867,24.539767],[54.401498,24.543249],[54.40101,24.543678],[54.400386,24.543973],[54.399743,24.544068],[54.399183,24.544052],[54.395814,24.539702],[54.395347,24.537102],[54.390605,24.530912],[54.390568,24.530711],[54.390333,24.529355],[54.386103,24.523256],[54.385349,24.52272],[54.385143,24.522472],[54.378043,24.521259],[54.375618,24.527577],[54.375452,24.528528],[54.373221,24.530297],[54.371253,24.532907],[54.365191,24.538079],[54.363038,24.538158],[54.360544,24.538151],[54.360198,24.538109],[54.359781,24.537954],[54.360123,24.53437]]],"type":"Polygon"},"properties":{"branch_id":"38","branch_name":"Delma","travel_mode":"driving-car","travel_direction":"destination","travel_minutes":15,"area_km2":172.63348796,"origin_latitude":24.467954,"origin_longitude":54.3847796,"coordinate_source":"Google Places matched coordinates","data_source":"openrouteservice/HeiGIT; OpenStreetMap road network","generated_at":"2026-09-02T15:56:22+00:00"}},{"type":"Feature","id":"32-5","geometry":{"coordinates":[[[55.148576,25.049651],[55.146636,25.041014],[55.146459,25.040405],[55.146473,25.039768],[55.146761,25.039031],[55.146894,25.038833],[55.147377,25.03855],[55.147435,25.038538],[55.150906,25.037823],[55.154032,25.037953],[55.160117,25.035394],[55.162029,25.033705],[55.164492,25.031787],[55.166648,25.030057],[55.170931,25.031771],[55.178166,25.033528],[55.178745,25.033709],[55.179028,25.03386],[55.179884,25.03441],[55.184153,25.037],[55.19177,25.039963],[55.194188,25.040436],[55.19649,25.040916],[55.198792,25.041396],[55.198057,25.044921],[55.191669,25.047744],[55.188973,25.050913],[55.186281,25.053304],[55.17915,25.056935],[55.177449,25.060107],[55.176654,25.059682],[55.176199,25.059417],[55.175283,25.058839],[55.173403,25.057499],[55.165256,25.05825],[55.164223,25.059069],[55.161986,25.056249],[55.158354,25.048988],[55.153332,25.050759],[55.152867,25.051137],[55.151744,25.051879],[55.151366,25.05216],[55.150948,25.052437],[55.150387,25.052763],[55.148576,25.049651]]],"type":"Polygon"},"properties":{"branch_id":"32","branch_name":"Jumeirah Park","travel_mode":"driving-car","travel_direction":"destination","travel_minutes":5,"area_km2":10.00761644,"origin_latitude":25.039154000000003,"origin_longitude":55.1659736,"coordinate_source":"Google Places matched coordinates","data_source":"openrouteservice/HeiGIT; OpenStreetMap road network","generated_at":"2026-09-02T15:56:22+00:00"}},{"type":"Feature","id":"32-10","geometry":{"coordinates":[[[55.12339,25.069815],[55.124736,25.068681],[55.126046,25.067597],[55.126553,25.06726],[55.128125,25.060654],[55.124137,25.058286],[55.12273,25.057557],[55.122176,25.05732],[55.121734,25.05704],[55.121273,25.056609],[55.120867,25.05603],[55.117041,25.049221],[55.115625,25.045753],[55.115622,25.044661],[55.115635,25.044592],[55.118335,25.041552],[55.119106,25.035999],[55.122543,25.034929],[55.130066,25.030481],[55.12776,25.026158],[55.127584,25.02546],[55.129429,25.022969],[55.133958,25.020046],[55.138019,25.016831],[55.140695,25.015548],[55.141821,25.015628],[55.148697,25.021058],[55.149966,25.021222],[55.152243,25.021437],[55.152256,25.021439],[55.152971,25.021567],[55.160397,25.022347],[55.16127,25.022562],[55.162089,25.023322],[55.169631,25.027707],[55.170236,25.027893],[55.172834,25.029399],[55.174841,25.030812],[55.178745,25.033709],[55.179028,25.03386],[55.179884,25.03441],[55.184153,25.037],[55.18598,25.037671],[55.186978,25.037906],[55.187247,25.038033],[55.187921,25.038302],[55.18875,25.038568],[55.190269,25.039105],[55.192003,25.039528],[55.19244,25.039612],[55.192969,25.039693],[55.193836,25.039915],[55.199576,25.033459],[55.198954,25.03034],[55.201015,25.027389],[55.204307,25.026779],[55.208217,25.021274],[55.210446,25.020318],[55.213896,25.021348],[55.215599,25.023673],[55.215673,25.025741],[55.215548,25.025919],[55.212654,25.033318],[55.212638,25.034921],[55.212345,25.035968],[55.212412,25.042763],[55.215305,25.045502],[55.216592,25.04614],[55.224867,25.044193],[55.225301,25.04277],[55.225782,25.041878],[55.227037,25.039243],[55.22789,25.038227],[55.23105,25.039953],[55.231145,25.041622],[55.228729,25.04445],[55.232378,25.052376],[55.233127,25.052476],[55.234943,25.052682],[55.236763,25.052888],[55.237065,25.05295],[55.239121,25.053162],[55.241456,25.053433],[55.241772,25.053494],[55.244375,25.053734],[55.244539,25.053757],[55.246288,25.05391],[55.248543,25.054153],[55.253604,25.054339],[55.260154,25.055536],[55.262332,25.055774],[55.264535,25.056017],[55.266757,25.056264],[55.269101,25.056551],[55.27138,25.0568],[55.273666,25.057049],[55.275926,25.057305],[55.278186,25.05756],[55.277781,25.061137],[55.274293,25.060844],[55.270989,25.060378],[55.26871,25.060129],[55.26632,25.059837],[55.263497,25.059675],[55.262294,25.059481],[55.259764,25.059115],[55.257589,25.058878],[55.251148,25.062712],[55.251251,25.065393],[55.25131,25.066051],[55.251392,25.06757],[55.251464,25.069343],[55.251492,25.070597],[55.25149,25.071636],[55.25147,25.072499],[55.247871,25.072415],[55.247366,25.070281],[55.247514,25.066684],[55.247666,25.065718],[55.247548,25.062726],[55.241304,25.0593],[55.238452,25.059967],[55.238345,25.059991],[55.236261,25.058174],[55.231903,25.055944],[55.23068,25.055748],[55.223116,25.060173],[55.222825,25.061647],[55.222575,25.062647],[55.222043,25.064484],[55.221105,25.067837],[55.220368,25.072298],[55.217771,25.074792],[55.218054,25.082915],[55.220317,25.08545],[55.222586,25.087991],[55.224937,25.090652],[55.227281,25.093305],[55.229113,25.095352],[55.22643,25.097753],[55.226012,25.097495],[55.224803,25.096124],[55.22224,25.093036],[55.219889,25.090375],[55.217632,25.087848],[55.215368,25.085313],[55.213929,25.083663],[55.206126,25.081813],[55.203291,25.083627],[55.20114,25.084806],[55.201022,25.08487],[55.197871,25.086357],[55.197042,25.086756],[55.19575,25.084731],[55.195237,25.083641],[55.19645,25.082675],[55.196178,25.074329],[55.18905,25.073478],[55.187318,25.074876],[55.184166,25.077407],[55.183877,25.077723],[55.183527,25.078045],[55.181832,25.079366],[55.180772,25.08023],[55.180245,25.080607],[55.179568,25.081],[55.179189,25.081178],[55.17879,25.081336],[55.178243,25.081518],[55.178001,25.080939],[55.177108,25.078102],[55.178292,25.077276],[55.178402,25.077192],[55.180325,25.075499],[55.181257,25.075096],[55.181482,25.075009],[55.18504,25.072088],[55.186822,25.064706],[55.184194,25.062859],[55.183776,25.062673],[55.183307,25.06248],[55.182828,25.062303],[55.182342,25.062143],[55.180637,25.061545],[55.179482,25.061082],[55.17871,25.06074],[55.177878,25.060335],[55.177449,25.060107],[55.176654,25.059682],[55.176199,25.059417],[55.175283,25.058839],[55.173403,25.057499],[55.165309,25.058367],[55.163717,25.059634],[55.164503,25.068312],[55.164394,25.068904],[55.164134,25.069601],[55.163873,25.070064],[55.163615,25.070415],[55.163295,25.07076],[55.160981,25.075378],[55.160859,25.076214],[55.16063,25.076951],[55.160031,25.078416],[55.159884,25.078617],[55.158751,25.079363],[55.158501,25.079541],[55.155061,25.07819],[55.147835,25.074968],[55.143233,25.075493],[55.142726,25.075658],[55.142318,25.075706],[55.14191,25.075688],[55.14151,25.075604],[55.141125,25.075454],[55.140763,25.075237],[55.136617,25.073359],[55.129838,25.073624],[55.129364,25.073738],[55.128766,25.073814],[55.128078,25.073786],[55.127406,25.073632],[55.127065,25.073506],[55.126627,25.073276],[55.125631,25.072632],[55.12339,25.069815]]],"type":"Polygon"},"properties":{"branch_id":"32","branch_name":"Jumeirah Park","travel_mode":"driving-car","travel_direction":"destination","travel_minutes":10,"area_km2":56.49452431,"origin_latitude":25.039154000000003,"origin_longitude":55.1659736,"coordinate_source":"Google Places matched coordinates","data_source":"openrouteservice/HeiGIT; OpenStreetMap road network","generated_at":"2026-09-02T15:56:22+00:00"}},{"type":"Feature","id":"32-15","geometry":{"coordinates":[[[55.121022,25.081396],[55.120082,25.079728],[55.121742,25.072688],[55.121832,25.072148],[55.122002,25.07163],[55.122211,25.0712],[55.122392,25.070918],[55.122731,25.070501],[55.12339,25.069815],[55.124736,25.068681],[55.126046,25.067597],[55.127226,25.061714],[55.123125,25.058962],[55.121273,25.056609],[55.120072,25.055151],[55.119761,25.054664],[55.117144,25.050033],[55.115754,25.048442],[55.113907,25.04636],[55.107421,25.043987],[55.106672,25.043637],[55.106315,25.043317],[55.10438,25.041092],[55.103987,25.040612],[55.101636,25.037166],[55.099507,25.034263],[55.098384,25.025341],[55.098069,25.024553],[55.09765,25.023394],[55.096384,25.02073],[55.093484,25.016939],[55.088216,25.014752],[55.087168,25.013889],[55.08694,25.013657],[55.086614,25.013139],[55.084603,25.008129],[55.084658,25.005648],[55.0847,25.005608],[55.08696,25.005409],[55.093421,25.00014],[55.093353,24.998901],[55.092856,24.997136],[55.092272,24.993624],[55.091842,24.990744],[55.091298,24.987391],[55.090701,24.984104],[55.090198,24.98195],[55.089653,24.98017],[55.089345,24.979297],[55.088781,24.977839],[55.087586,24.975304],[55.090795,24.973672],[55.091429,24.974919],[55.092079,24.976394],[55.092701,24.977996],[55.093046,24.978967],[55.096596,24.985384],[55.098169,24.988622],[55.097296,24.995001],[55.0973,24.99502],[55.097731,24.997087],[55.097047,24.999894],[55.097002,25.000508],[55.097546,25.003429],[55.098105,25.006826],[55.099461,25.0101],[55.107289,25.005784],[55.108251,25.001234],[55.109398,25.00045],[55.109679,25.000221],[55.10981,25.000132],[55.111439,24.999561],[55.120181,24.998913],[55.121149,24.997949],[55.122438,24.996632],[55.125832,24.992796],[55.12722,24.991356],[55.128136,24.990519],[55.130597,24.985325],[55.128946,24.979179],[55.128803,24.978569],[55.128739,24.977912],[55.131576,24.975928],[55.132363,24.975768],[55.133173,24.977907],[55.141377,24.978464],[55.144904,24.977741],[55.145834,24.981185],[55.146195,24.982166],[55.146436,24.983314],[55.146728,24.985389],[55.146928,24.986463],[55.147099,24.987631],[55.147108,24.98815],[55.147775,24.991579],[55.153362,24.995107],[55.154528,24.995393],[55.156319,24.997182],[55.162524,24.999578],[55.169465,24.998514],[55.169558,24.998483],[55.170707,24.998491],[55.170771,24.998516],[55.17895,24.998609],[55.17978,24.998077],[55.180999,24.997361],[55.181505,24.997081],[55.182489,24.996579],[55.183694,24.996009],[55.184924,24.995455],[55.186171,24.994933],[55.187251,24.994516],[55.188263,24.994154],[55.189475,24.997544],[55.186554,25.000018],[55.182944,25.000631],[55.181754,25.001227],[55.181086,25.001596],[55.180527,25.001819],[55.178204,25.003427],[55.177441,25.003948],[55.176885,25.004354],[55.175343,25.005558],[55.174702,25.006346],[55.173172,25.007667],[55.171448,25.00913],[55.170847,25.016566],[55.175512,25.01778],[55.177135,25.017452],[55.17874,25.016923],[55.179253,25.016741],[55.180632,25.016104],[55.188481,25.01392],[55.188915,25.0137],[55.189192,25.013569],[55.192097,25.012284],[55.192442,25.012036],[55.19298,25.011715],[55.193583,25.011426],[55.193955,25.011284],[55.194329,25.011174],[55.19495,25.011041],[55.19562,25.01096],[55.197829,25.010909],[55.198596,25.010932],[55.201158,25.01096],[55.203433,25.010883],[55.204897,25.010855],[55.20592,25.010757],[55.206735,25.010722],[55.207654,25.010667],[55.2153,25.008814],[55.215736,25.008939],[55.216314,25.009136],[55.219731,25.01084],[55.226244,25.01362],[55.227424,25.014246],[55.22879,25.014882],[55.229106,25.015029],[55.229371,25.015187],[55.229807,25.015585],[55.232319,25.017714],[55.233418,25.018389],[55.234467,25.018984],[55.242347,25.018874],[55.244981,25.016038],[55.246396,25.014504],[55.247784,25.012998],[55.24839,25.012314],[55.249261,25.011403],[55.249999,25.010588],[55.252668,25.013003],[55.25193,25.013819],[55.250994,25.0148],[55.250483,25.015381],[55.249042,25.016944],[55.247628,25.018479],[55.248248,25.027052],[55.250868,25.028538],[55.253069,25.029745],[55.255931,25.031369],[55.263642,25.030469],[55.265345,25.029176],[55.266897,25.028048],[55.26782,25.02745],[55.26857,25.027034],[55.271256,25.025646],[55.273945,25.024256],[55.275959,25.02322],[55.277303,25.022445],[55.278129,25.021979],[55.27928,25.021249],[55.280418,25.020421],[55.281131,25.019881],[55.283154,25.018195],[55.284391,25.017025],[55.285267,25.016167],[55.286744,25.014542],[55.289407,25.016964],[55.285587,25.024329],[55.283138,25.026968],[55.275716,25.029571],[55.275648,25.029631],[55.271902,25.03202],[55.270626,25.039413],[55.273667,25.041042],[55.276723,25.042677],[55.279099,25.043976],[55.281721,25.045421],[55.280679,25.047491],[55.279984,25.048574],[55.278941,25.050644],[55.278186,25.05756],[55.299175,25.071298],[55.302104,25.069438],[55.303579,25.070771],[55.305094,25.072141],[55.307508,25.074353],[55.309313,25.075979],[55.311573,25.078045],[55.31257,25.078932],[55.314082,25.080331],[55.31573,25.08184],[55.317706,25.083611],[55.324618,25.089021],[55.325148,25.089379],[55.325476,25.089665],[55.330873,25.095461],[55.333473,25.097798],[55.335376,25.099534],[55.336765,25.100776],[55.339977,25.103691],[55.342439,25.105909],[55.340029,25.108583],[55.337568,25.106366],[55.335106,25.104148],[55.334314,25.103413],[55.326751,25.100229],[55.326362,25.100181],[55.325694,25.100056],[55.325248,25.099924],[55.324817,25.099739],[55.324595,25.099618],[55.31901,25.093541],[55.316797,25.091034],[55.316266,25.089595],[55.311651,25.082986],[55.310126,25.081575],[55.30918,25.080734],[55.306885,25.078636],[55.298812,25.077634],[55.295628,25.075954],[55.295782,25.075663],[55.296015,25.07528],[55.296296,25.074894],[55.296879,25.074259],[55.277781,25.061137],[55.274293,25.060844],[55.270989,25.060378],[55.26871,25.060129],[55.26632,25.059837],[55.263497,25.059675],[55.262294,25.059481],[55.259764,25.059115],[55.252443,25.062857],[55.252049,25.066321],[55.251811,25.069349],[55.251849,25.070814],[55.251858,25.072278],[55.251971,25.075652],[55.255342,25.081003],[55.255774,25.081377],[55.256189,25.081802],[55.256691,25.082435],[55.25736,25.083306],[55.257618,25.083761],[55.257758,25.08433],[55.257703,25.085081],[55.257263,25.085919],[55.253627,25.093705],[55.253583,25.094393],[55.253489,25.094935],[55.253435,25.095157],[55.250741,25.101821],[55.252845,25.104742],[55.252823,25.106563],[55.254636,25.114694],[55.255383,25.115377],[55.255448,25.115482],[55.255412,25.11701],[55.256012,25.125784],[55.25707,25.127311],[55.258195,25.12923],[55.259069,25.130803],[55.259731,25.132098],[55.260402,25.133558],[55.260821,25.134635],[55.261316,25.136024],[55.261525,25.136696],[55.261715,25.137377],[55.262024,25.138626],[55.262237,25.139632],[55.262435,25.140677],[55.262637,25.141991],[55.262739,25.142979],[55.262793,25.143781],[55.262809,25.144253],[55.262877,25.147345],[55.262983,25.150622],[55.263088,25.1539],[55.25949,25.154016],[55.256558,25.145751],[55.25681,25.142159],[55.256463,25.133609],[55.255865,25.132442],[55.25505,25.130981],[55.253965,25.129132],[55.253059,25.127843],[55.25228,25.126774],[55.251713,25.12606],[55.243287,25.125056],[55.236337,25.129504],[55.236011,25.129725],[55.235403,25.129813],[55.234333,25.1278],[55.226513,25.125464],[55.223804,25.123556],[55.215213,25.125471],[55.212557,25.12612],[55.203832,25.127014],[55.19677,25.128789],[55.1947,25.125844],[55.191821,25.118263],[55.190422,25.117521],[55.189248,25.116613],[55.186757,25.114778],[55.184103,25.112881],[55.182115,25.111486],[55.173357,25.110339],[55.172817,25.110502],[55.167738,25.104967],[55.165706,25.104346],[55.165465,25.104019],[55.15817,25.101491],[55.155534,25.103494],[55.155086,25.103814],[55.152994,25.100884],[55.149752,25.09717],[55.141842,25.096009],[55.140412,25.097163],[55.139419,25.096857],[55.138539,25.096405],[55.138462,25.096333],[55.138151,25.094362],[55.138132,25.094272],[55.137926,25.091059],[55.137416,25.087047],[55.136512,25.080909],[55.133843,25.078559],[55.131791,25.076771],[55.125899,25.076629],[55.122966,25.081617],[55.122965,25.081688],[55.12292,25.081746],[55.122268,25.082177],[55.12209,25.082139],[55.121932,25.082055],[55.121069,25.081451],[55.121022,25.081396]]],"type":"Polygon"},"properties":{"branch_id":"32","branch_name":"Jumeirah Park","travel_mode":"driving-car","travel_direction":"destination","travel_minutes":15,"area_km2":188.11119947999998,"origin_latitude":25.039154000000003,"origin_longitude":55.1659736,"coordinate_source":"Google Places matched coordinates","data_source":"openrouteservice/HeiGIT; OpenStreetMap road network","generated_at":"2026-09-02T15:56:22+00:00"}},{"type":"Feature","id":"40-5","geometry":{"coordinates":[[[54.331517,24.466775],[54.329666,24.459767],[54.331029,24.456911],[54.336673,24.45079],[54.339211,24.449995],[54.344583,24.448343],[54.348135,24.443573],[54.348151,24.443525],[54.351374,24.441332],[54.358489,24.438959],[54.359571,24.437528],[54.361815,24.434713],[54.365965,24.433279],[54.364857,24.42602],[54.363197,24.424277],[54.361537,24.422535],[54.364144,24.420052],[54.365804,24.421794],[54.367464,24.423537],[54.36962,24.425801],[54.376443,24.426101],[54.376869,24.425957],[54.378865,24.425884],[54.381033,24.427323],[54.387511,24.42896],[54.391021,24.428032],[54.395772,24.426695],[54.400806,24.425309],[54.404734,24.424234],[54.410004,24.422781],[54.41448,24.421539],[54.416593,24.420951],[54.417558,24.424419],[54.415401,24.425137],[54.410732,24.42763],[54.405126,24.433376],[54.404113,24.435322],[54.403974,24.435393],[54.401878,24.43493],[54.392967,24.434318],[54.389529,24.441496],[54.391257,24.444334],[54.39114,24.445547],[54.391125,24.445622],[54.388967,24.447113],[54.38818,24.454426],[54.387868,24.460083],[54.387268,24.462185],[54.38589,24.467698],[54.385409,24.469974],[54.382215,24.476304],[54.38022,24.479265],[54.380048,24.479179],[54.373114,24.479195],[54.371014,24.482119],[54.369633,24.482817],[54.367456,24.482242],[54.3606,24.483639],[54.360079,24.48368],[54.351748,24.481719],[54.350861,24.482161],[54.350846,24.482168],[54.345727,24.482959],[54.344307,24.4801],[54.339012,24.474049],[54.336893,24.472779],[54.334561,24.471201],[54.331918,24.469611],[54.331874,24.469586],[54.331517,24.466775]]],"type":"Polygon"},"properties":{"branch_id":"40","branch_name":"Khaleej Al Arabi","travel_mode":"driving-car","travel_direction":"destination","travel_minutes":5,"area_km2":29.5329272,"origin_latitude":24.458870200000003,"origin_longitude":54.3537762,"coordinate_source":"Google Places matched coordinates","data_source":"openrouteservice/HeiGIT; OpenStreetMap road network","generated_at":"2026-09-02T15:56:23+00:00"}},{"type":"Feature","id":"40-10","geometry":{"coordinates":[[[54.316778,24.477477],[54.31673,24.477282],[54.315812,24.471734],[54.316159,24.471337],[54.31665,24.470818],[54.316278,24.462601],[54.313209,24.462031],[54.312927,24.462042],[54.308837,24.460274],[54.308824,24.460249],[54.308692,24.459013],[54.309407,24.452928],[54.309781,24.452886],[54.318061,24.45131],[54.325359,24.450618],[54.33253,24.448687],[54.334584,24.448877],[54.335021,24.448884],[54.335425,24.448961],[54.339211,24.449995],[54.344583,24.448343],[54.348135,24.443573],[54.348151,24.443525],[54.351374,24.441332],[54.358489,24.438959],[54.359571,24.437528],[54.361815,24.434713],[54.365965,24.433279],[54.364769,24.426136],[54.363197,24.424277],[54.362604,24.423837],[54.361537,24.422535],[54.360452,24.421553],[54.353862,24.418196],[54.35017,24.418404],[54.349638,24.418468],[54.349367,24.418479],[54.346073,24.418912],[54.343037,24.419489],[54.342608,24.419631],[54.342095,24.419764],[54.341379,24.419879],[54.340956,24.419905],[54.340603,24.419907],[54.339838,24.419843],[54.339125,24.419693],[54.336061,24.41825],[54.333275,24.416465],[54.3333,24.416356],[54.33388,24.415386],[54.333965,24.415322],[54.335298,24.415625],[54.340208,24.41626],[54.347163,24.412444],[54.347656,24.412318],[54.350676,24.411669],[54.35282,24.411394],[54.35741,24.411234],[54.361284,24.417135],[54.363128,24.418985],[54.364144,24.420052],[54.365804,24.421794],[54.367464,24.423537],[54.36962,24.425801],[54.376443,24.426101],[54.376869,24.425957],[54.380876,24.425204],[54.385395,24.423636],[54.387289,24.423019],[54.390188,24.423815],[54.397862,24.425046],[54.40472,24.42267],[54.406229,24.419853],[54.406355,24.419841],[54.415035,24.419712],[54.418776,24.416992],[54.419157,24.41655],[54.419533,24.416285],[54.420016,24.416071],[54.424874,24.413819],[54.428424,24.41322],[54.429495,24.413258],[54.435774,24.414703],[54.442856,24.412571],[54.4433,24.412292],[54.443748,24.412101],[54.444524,24.411938],[54.452133,24.411062],[54.454194,24.410496],[54.456516,24.409883],[54.458303,24.409389],[54.461329,24.408574],[54.468169,24.403023],[54.468768,24.401103],[54.468842,24.401043],[54.470046,24.401264],[54.47158,24.401872],[54.480406,24.403246],[54.48312,24.402528],[54.485969,24.401725],[54.488825,24.400919],[54.491869,24.400074],[54.494555,24.39932],[54.496675,24.398736],[54.499402,24.397973],[54.500138,24.397769],[54.500342,24.397842],[54.5011,24.401238],[54.501109,24.40136],[54.500591,24.401473],[54.49763,24.402207],[54.49551,24.402791],[54.492859,24.403535],[54.489788,24.404388],[54.486946,24.405189],[54.484098,24.405993],[54.479926,24.412122],[54.479696,24.414417],[54.479459,24.416766],[54.479313,24.418202],[54.479299,24.41831],[54.479131,24.420111],[54.475548,24.41977],[54.472939,24.419398],[54.466736,24.419945],[54.461914,24.422845],[54.460443,24.424271],[54.460382,24.424313],[54.458927,24.425211],[54.452633,24.427802],[54.450488,24.429864],[54.449546,24.430547],[54.444804,24.434316],[54.44353,24.43598],[54.442181,24.44356],[54.442912,24.445439],[54.443814,24.446977],[54.444157,24.447615],[54.444224,24.447827],[54.440834,24.448998],[54.434072,24.446997],[54.432621,24.446758],[54.432015,24.446663],[54.428528,24.446027],[54.420322,24.446091],[54.418508,24.446778],[54.416649,24.447481],[54.414317,24.448353],[54.412576,24.449013],[54.410828,24.449674],[54.407783,24.452203],[54.405993,24.457292],[54.40796,24.462794],[54.408337,24.46346],[54.408428,24.463621],[54.410293,24.469685],[54.409842,24.47189],[54.409665,24.47218],[54.409534,24.472249],[54.407416,24.473394],[54.407388,24.473411],[54.407243,24.473496],[54.406036,24.47404],[54.403423,24.476181],[54.408772,24.483382],[54.4096,24.482907],[54.409938,24.482751],[54.410429,24.48329],[54.411443,24.486022],[54.411696,24.487776],[54.411739,24.489448],[54.407958,24.495051],[54.407514,24.495591],[54.405796,24.496147],[54.400365,24.497583],[54.396292,24.499616],[54.395792,24.499861],[54.395326,24.499963],[54.395033,24.499987],[54.387657,24.498242],[54.382885,24.500658],[54.37797,24.501785],[54.377143,24.510028],[54.37777,24.51073],[54.375209,24.513259],[54.374565,24.512607],[54.371442,24.509481],[54.368468,24.506564],[54.366917,24.5051],[54.36154,24.500386],[54.359868,24.498993],[54.356441,24.496325],[54.352786,24.493688],[54.351185,24.489155],[54.34754,24.486166],[54.345727,24.482959],[54.344307,24.4801],[54.339012,24.474049],[54.336893,24.472779],[54.328118,24.473095],[54.326295,24.47668],[54.325886,24.477731],[54.325517,24.47954],[54.325406,24.479667],[54.324923,24.479988],[54.324802,24.480045],[54.319447,24.479423],[54.317908,24.478783],[54.317135,24.47819],[54.316778,24.477477]]],"type":"Polygon"},"properties":{"branch_id":"40","branch_name":"Khaleej Al Arabi","travel_mode":"driving-car","travel_direction":"destination","travel_minutes":10,"area_km2":82.05850784999998,"origin_latitude":24.458870200000003,"origin_longitude":54.3537762,"coordinate_source":"Google Places matched coordinates","data_source":"openrouteservice/HeiGIT; OpenStreetMap road network","generated_at":"2026-09-02T15:56:23+00:00"}},{"type":"Feature","id":"40-15","geometry":{"coordinates":[[[54.361401,24.527526],[54.361872,24.519633],[54.361342,24.518511],[54.360489,24.515063],[54.361705,24.514089],[54.364044,24.512295],[54.365058,24.511468],[54.366917,24.5051],[54.36154,24.500386],[54.359868,24.498993],[54.356441,24.496325],[54.352786,24.493688],[54.351185,24.489155],[54.34754,24.486166],[54.345727,24.482959],[54.344307,24.4801],[54.339012,24.474049],[54.333008,24.478455],[54.332534,24.478685],[54.324812,24.480791],[54.321357,24.481768],[54.319841,24.480695],[54.317135,24.47819],[54.316778,24.477477],[54.31673,24.477282],[54.315812,24.471734],[54.316159,24.471337],[54.31665,24.470818],[54.316278,24.462601],[54.310955,24.463769],[54.308857,24.46488],[54.307474,24.462853],[54.307173,24.454777],[54.309407,24.452928],[54.309781,24.452886],[54.318061,24.45131],[54.325359,24.450618],[54.33253,24.448687],[54.334584,24.448877],[54.335021,24.448884],[54.335425,24.448961],[54.339211,24.449995],[54.344583,24.448343],[54.348135,24.443573],[54.348151,24.443525],[54.351374,24.441332],[54.358489,24.438959],[54.359571,24.437528],[54.361815,24.434713],[54.365965,24.433279],[54.364769,24.426136],[54.363197,24.424277],[54.362604,24.423837],[54.361537,24.422535],[54.360452,24.421553],[54.353862,24.418196],[54.35017,24.418404],[54.346118,24.420303],[54.342272,24.419841],[54.34146,24.419984],[54.336881,24.427179],[54.335946,24.428535],[54.334331,24.428012],[54.333593,24.427485],[54.331758,24.424213],[54.328622,24.418698],[54.328805,24.418442],[54.329907,24.417127],[54.330485,24.416791],[54.333623,24.41512],[54.335298,24.415625],[54.340208,24.41626],[54.347163,24.412444],[54.347656,24.412318],[54.350676,24.411669],[54.35282,24.411394],[54.35741,24.411234],[54.361284,24.417135],[54.363128,24.418985],[54.364144,24.420052],[54.365804,24.421794],[54.367464,24.423537],[54.36962,24.425801],[54.376443,24.426101],[54.376869,24.425957],[54.380876,24.425204],[54.385395,24.423636],[54.387289,24.423019],[54.392452,24.421691],[54.399293,24.417683],[54.405431,24.418407],[54.412539,24.417491],[54.415781,24.415154],[54.419221,24.415562],[54.425129,24.410851],[54.432515,24.408075],[54.435773,24.405572],[54.436063,24.405484],[54.440188,24.405987],[54.441484,24.406333],[54.441736,24.406649],[54.443095,24.408387],[54.449117,24.411552],[54.450569,24.411197],[54.453717,24.403706],[54.453553,24.403291],[54.457292,24.39949],[54.465465,24.397707],[54.469762,24.398485],[54.473717,24.398575],[54.478151,24.400242],[54.484805,24.394407],[54.488221,24.393269],[54.493414,24.390976],[54.496834,24.389853],[54.502613,24.392031],[54.504348,24.392272],[54.507109,24.392391],[54.513334,24.392125],[54.514294,24.392325],[54.518598,24.392228],[54.522666,24.386513],[54.522708,24.385955],[54.522695,24.38371],[54.522751,24.381498],[54.521309,24.375098],[54.521235,24.371499],[54.523604,24.364863],[54.523747,24.361852],[54.527343,24.362023],[54.528838,24.368255],[54.529474,24.374602],[54.529589,24.375133],[54.535734,24.38153],[54.535947,24.381584],[54.544889,24.380963],[54.5463,24.379373],[54.546465,24.37921],[54.548368,24.377058],[54.550436,24.374743],[54.55312,24.377141],[54.551268,24.379546],[54.550289,24.380617],[54.549747,24.38113],[54.548984,24.381771],[54.548819,24.381934],[54.547581,24.383352],[54.551103,24.391293],[54.55439,24.391941],[54.557071,24.392462],[54.559927,24.393048],[54.560543,24.393171],[54.56357,24.393838],[54.565613,24.394246],[54.567646,24.394652],[54.570357,24.395179],[54.573077,24.395708],[54.575812,24.396252],[54.578556,24.396798],[54.580352,24.397166],[54.582134,24.397532],[54.585011,24.398098],[54.587894,24.398666],[54.588778,24.398842],[54.588818,24.39891],[54.588073,24.402373],[54.587883,24.402387],[54.584316,24.40163],[54.581439,24.401064],[54.579629,24.400693],[54.571072,24.401171],[54.566239,24.398135],[54.560932,24.398179],[54.555094,24.401393],[54.553619,24.404889],[54.553557,24.405073],[54.552883,24.405833],[54.552768,24.405906],[54.550144,24.403929],[54.550206,24.403745],[54.550723,24.400503],[54.5464,24.395122],[54.54368,24.39455],[54.536523,24.39729],[54.535011,24.398951],[54.534184,24.399769],[54.532903,24.4012],[54.532794,24.40132],[54.528415,24.404808],[54.525846,24.408398],[54.525708,24.408468],[54.523673,24.409367],[54.521725,24.410225],[54.518241,24.413427],[54.521854,24.42154],[54.522604,24.421665],[54.523511,24.421851],[54.524682,24.422076],[54.527981,24.423009],[54.530357,24.423685],[54.532732,24.424361],[54.534965,24.424996],[54.537198,24.425631],[54.536213,24.429094],[54.53398,24.428459],[54.531747,24.427824],[54.529372,24.427148],[54.526996,24.426472],[54.522855,24.425391],[54.514765,24.425646],[54.51206,24.425816],[54.508588,24.425927],[54.508167,24.425922],[54.50742,24.425846],[54.501702,24.425517],[54.493154,24.425507],[54.487802,24.425784],[54.480456,24.42784],[54.478311,24.428431],[54.471724,24.432841],[54.467537,24.439955],[54.465003,24.442512],[54.459102,24.44399],[54.456909,24.44391],[54.454715,24.443829],[54.454101,24.443785],[54.45309,24.443775],[54.452555,24.443727],[54.449762,24.444037],[54.448895,24.444453],[54.448072,24.453016],[54.448991,24.454053],[54.450528,24.455835],[54.451787,24.45712],[54.453524,24.459094],[54.45526,24.461069],[54.455759,24.4617],[54.456085,24.462175],[54.4565,24.462879],[54.456776,24.463428],[54.457104,24.464217],[54.457378,24.465034],[54.463182,24.471048],[54.463414,24.471342],[54.463726,24.471931],[54.463846,24.472516],[54.463816,24.473066],[54.46277,24.481524],[54.462758,24.482082],[54.462672,24.482565],[54.46249,24.483125],[54.462293,24.48355],[54.462077,24.483911],[54.461652,24.484433],[54.46108,24.48492],[54.455085,24.489906],[54.452762,24.490662],[54.450439,24.491418],[54.449846,24.491594],[54.449203,24.491752],[54.448552,24.491879],[54.447895,24.491973],[54.447234,24.492035],[54.446795,24.492062],[54.44657,24.492065],[54.445278,24.492111],[54.444557,24.492025],[54.443148,24.491792],[54.443133,24.491789],[54.440219,24.49128],[54.437325,24.490775],[54.432048,24.497575],[54.431895,24.497701],[54.431413,24.497999],[54.430549,24.498353],[54.430089,24.498511],[54.427736,24.497442],[54.427368,24.496764],[54.427125,24.496002],[54.427061,24.495721],[54.427012,24.495324],[54.426999,24.494212],[54.421877,24.487914],[54.416739,24.490275],[54.414197,24.497717],[54.414317,24.498478],[54.416339,24.502819],[54.416423,24.503078],[54.417063,24.506505],[54.417022,24.506568],[54.41679,24.50689],[54.414406,24.50968],[54.413922,24.510074],[54.413147,24.51065],[54.409891,24.511146],[54.408202,24.512018],[54.408134,24.512023],[54.406628,24.512012],[54.406406,24.51203],[54.402824,24.519622],[54.404747,24.521058],[54.406539,24.522358],[54.407426,24.522882],[54.408852,24.523648],[54.410076,24.525272],[54.412821,24.527035],[54.419084,24.52639],[54.41981,24.526452],[54.422852,24.526143],[54.431015,24.527333],[54.434418,24.531193],[54.435034,24.531814],[54.435617,24.532523],[54.436035,24.533131],[54.436509,24.533949],[54.439473,24.538979],[54.436942,24.541539],[54.436475,24.541077],[54.436088,24.540646],[54.435749,24.540224],[54.435363,24.539678],[54.435165,24.539363],[54.434738,24.538581],[54.433262,24.535504],[54.431757,24.533949],[54.430643,24.533205],[54.422174,24.535683],[54.421913,24.535903],[54.420362,24.535978],[54.420092,24.535981],[54.414641,24.535375],[54.412029,24.535303],[54.411318,24.535203],[54.411234,24.535174],[54.406279,24.533794],[54.401916,24.536803],[54.401784,24.536935],[54.399232,24.534396],[54.391772,24.531003],[54.388795,24.531019],[54.388715,24.530559],[54.388356,24.528503],[54.388307,24.528224],[54.388304,24.528206],[54.388252,24.527928],[54.391382,24.52632],[54.390476,24.517674],[54.386705,24.516349],[54.385539,24.51618],[54.384448,24.51607],[54.37937,24.517887],[54.37881,24.518481],[54.378707,24.518583],[54.375246,24.524039],[54.375629,24.527327],[54.375635,24.527467],[54.375618,24.527577],[54.375452,24.528528],[54.373221,24.530297],[54.372609,24.530894],[54.36712,24.536353],[54.363543,24.535943],[54.361401,24.527526]]],"type":"Polygon"},"properties":{"branch_id":"40","branch_name":"Khaleej Al Arabi","travel_mode":"driving-car","travel_direction":"destination","travel_minutes":15,"area_km2":163.27979743,"origin_latitude":24.458870200000003,"origin_longitude":54.3537762,"coordinate_source":"Google Places matched coordinates","data_source":"openrouteservice/HeiGIT; OpenStreetMap road network","generated_at":"2026-09-02T15:56:23+00:00"}},{"type":"Feature","id":"41-5","geometry":{"coordinates":[[[54.558733,24.42638],[54.562917,24.42561],[54.571614,24.425288],[54.572437,24.424715],[54.572901,24.42468],[54.573129,24.424743],[54.574607,24.425275],[54.575654,24.426227],[54.582544,24.427414],[54.584738,24.425732],[54.586988,24.424122],[54.58919,24.423956],[54.598061,24.424542],[54.598427,24.424646],[54.604287,24.426637],[54.607697,24.427789],[54.610523,24.432927],[54.608929,24.439847],[54.613519,24.443837],[54.618051,24.444858],[54.618232,24.444907],[54.618648,24.445121],[54.618669,24.445131],[54.618874,24.445512],[54.619247,24.447821],[54.61918,24.447908],[54.617299,24.448384],[54.617019,24.448331],[54.611068,24.447815],[54.606769,24.449007],[54.603809,24.450391],[54.600092,24.450815],[54.600084,24.450815],[54.597492,24.450046],[54.591835,24.444161],[54.587433,24.438402],[54.583383,24.438315],[54.582189,24.438661],[54.579896,24.438928],[54.578244,24.438469],[54.575508,24.437653],[54.575485,24.437647],[54.573568,24.437101],[54.571596,24.436548],[54.565477,24.432392],[54.55978,24.430417],[54.557753,24.429844],[54.558733,24.42638]]],"type":"Polygon"},"properties":{"branch_id":"41","branch_name":"Khalifa City A","travel_mode":"driving-car","travel_direction":"destination","travel_minutes":5,"area_km2":9.212046099999998,"origin_latitude":24.4399805,"origin_longitude":54.5989056,"coordinate_source":"Google Places matched coordinates","data_source":"openrouteservice/HeiGIT; OpenStreetMap road network","generated_at":"2026-09-02T15:56:24+00:00"}},{"type":"Feature","id":"41-10","geometry":{"coordinates":[[[54.492104,24.421144],[54.492458,24.421089],[54.493139,24.420984],[54.495443,24.420696],[54.497679,24.420486],[54.502316,24.415426],[54.501237,24.411991],[54.501505,24.411907],[54.502104,24.411803],[54.502602,24.411794],[54.50306,24.411842],[54.503551,24.411962],[54.504059,24.412179],[54.504649,24.41258],[54.512231,24.416348],[54.513864,24.416984],[54.517176,24.41824],[54.523991,24.417365],[54.526849,24.417938],[54.527227,24.417964],[54.527759,24.418093],[54.529767,24.419799],[54.537174,24.41597],[54.536434,24.413065],[54.536048,24.412434],[54.535922,24.411993],[54.535873,24.411418],[54.53589,24.411145],[54.538429,24.409756],[54.539123,24.409593],[54.539548,24.409548],[54.539951,24.409543],[54.540427,24.40958],[54.547864,24.408917],[54.550195,24.403778],[54.54997,24.401885],[54.54999,24.401822],[54.552345,24.39833],[54.554024,24.397524],[54.554709,24.397681],[54.554764,24.397706],[54.561273,24.40274],[54.568989,24.401464],[54.571678,24.400192],[54.574711,24.402],[54.580852,24.400226],[54.581579,24.40037],[54.582825,24.400733],[54.588533,24.404375],[54.596461,24.40334],[54.597418,24.40353],[54.598897,24.403933],[54.6071,24.404193],[54.608882,24.40452],[54.610318,24.40479],[54.610822,24.404921],[54.611706,24.405256],[54.613089,24.407616],[54.61328,24.407917],[54.613793,24.409316],[54.61295,24.411571],[54.620028,24.416929],[54.620539,24.416597],[54.623864,24.417577],[54.628698,24.418548],[54.63089,24.421137],[54.633082,24.423726],[54.641384,24.424929],[54.641972,24.424682],[54.642512,24.424597],[54.642519,24.424596],[54.643979,24.429893],[54.642639,24.430828],[54.642159,24.431107],[54.641804,24.431291],[54.641417,24.431423],[54.641017,24.431496],[54.636428,24.433051],[54.635893,24.433444],[54.635086,24.43395],[54.634344,24.434338],[54.633151,24.434565],[54.632183,24.434889],[54.631725,24.43501],[54.62931,24.435853],[54.628959,24.435961],[54.628227,24.436226],[54.627764,24.436435],[54.627307,24.436678],[54.624744,24.439582],[54.623935,24.440847],[54.627069,24.449146],[54.630348,24.448622],[54.631424,24.448002],[54.633029,24.447649],[54.633134,24.447645],[54.637051,24.447556],[54.637666,24.44751],[54.63813,24.447566],[54.638646,24.447729],[54.639937,24.44835],[54.641724,24.451434],[54.641952,24.451964],[54.642432,24.453246],[54.64274,24.454343],[54.642526,24.454857],[54.639007,24.46027],[54.638646,24.460919],[54.638331,24.461269],[54.63803,24.461529],[54.636241,24.462795],[54.635771,24.471564],[54.636793,24.472941],[54.637958,24.474454],[54.639435,24.476369],[54.64092,24.478294],[54.641143,24.478679],[54.641906,24.479862],[54.649666,24.482049],[54.651974,24.481473],[54.653675,24.481082],[54.655107,24.480714],[54.657366,24.479837],[54.658165,24.479537],[54.658965,24.479195],[54.659349,24.479015],[54.66038,24.478472],[54.661487,24.477794],[54.663165,24.476641],[54.664827,24.475498],[54.666386,24.474402],[54.667495,24.47352],[54.669829,24.47626],[54.669258,24.476747],[54.668533,24.477291],[54.666898,24.478442],[54.665205,24.479607],[54.663527,24.480761],[54.662881,24.481178],[54.662195,24.48158],[54.661429,24.482],[54.660954,24.482238],[54.660496,24.482453],[54.659585,24.482846],[54.658157,24.483502],[54.657637,24.483705],[54.656871,24.483958],[54.656074,24.484182],[54.654572,24.484569],[54.650769,24.491178],[54.652374,24.493317],[54.654022,24.495444],[54.65567,24.497571],[54.657312,24.49969],[54.658567,24.501293],[54.65983,24.502906],[54.6613,24.504814],[54.662766,24.506718],[54.664286,24.508678],[54.66582,24.510658],[54.667924,24.513448],[54.669407,24.515372],[54.670891,24.517295],[54.668041,24.519494],[54.666557,24.51757],[54.660677,24.51084],[54.656978,24.505103],[54.655732,24.503512],[54.654478,24.50191],[54.652824,24.499776],[54.651176,24.497649],[54.649528,24.495522],[54.64788,24.493395],[54.646799,24.491841],[54.642711,24.488524],[54.637034,24.488121],[54.633295,24.489173],[54.630455,24.489903],[54.628622,24.490428],[54.627362,24.490866],[54.626165,24.491339],[54.624912,24.49189],[54.623005,24.492757],[54.621098,24.493625],[54.619607,24.490348],[54.621514,24.489481],[54.623421,24.488613],[54.624715,24.488044],[54.626037,24.487519],[54.62798,24.486716],[54.629479,24.486321],[54.632407,24.485684],[54.636097,24.4783],[54.635058,24.477043],[54.631483,24.474033],[54.629091,24.473636],[54.629069,24.473605],[54.627081,24.471038],[54.625511,24.468849],[54.624388,24.46713],[54.62406,24.466561],[54.623222,24.465202],[54.61546,24.46244],[54.614759,24.462569],[54.614226,24.462637],[54.613586,24.462673],[54.607374,24.464426],[54.607163,24.464521],[54.603626,24.466265],[54.602281,24.466317],[54.602143,24.466273],[54.601411,24.463427],[54.601881,24.461988],[54.603873,24.459703],[54.604556,24.459617],[54.606056,24.450972],[54.603809,24.450391],[54.600092,24.450815],[54.600084,24.450815],[54.597492,24.450046],[54.595492,24.449687],[54.595003,24.449486],[54.594191,24.44902],[54.586844,24.447081],[54.58637,24.447044],[54.585911,24.446972],[54.57974,24.445381],[54.574655,24.44614],[54.574529,24.446113],[54.569611,24.443953],[54.566041,24.442164],[54.561437,24.436763],[54.555955,24.434296],[54.553465,24.433579],[54.550336,24.432693],[54.547206,24.431808],[54.544077,24.430923],[54.540951,24.430039],[54.538288,24.429291],[54.535611,24.428539],[54.532683,24.427691],[54.529976,24.426914],[54.527561,24.426233],[54.524568,24.42539],[54.521594,24.424553],[54.514205,24.423879],[54.512521,24.423946],[54.510856,24.42398],[54.509102,24.423974],[54.506597,24.423934],[54.503081,24.423883],[54.501203,24.423913],[54.492655,24.424702],[54.492104,24.421144]]],"type":"Polygon"},"properties":{"branch_id":"41","branch_name":"Khalifa City A","travel_mode":"driving-car","travel_direction":"destination","travel_minutes":10,"area_km2":56.67265853,"origin_latitude":24.4399805,"origin_longitude":54.5989056,"coordinate_source":"Google Places matched coordinates","data_source":"openrouteservice/HeiGIT; OpenStreetMap road network","generated_at":"2026-09-02T15:56:24+00:00"}},{"type":"Feature","id":"41-15","geometry":{"coordinates":[[[54.414215,24.444371],[54.417416,24.442851],[54.420669,24.441977],[54.421597,24.441745],[54.428978,24.438145],[54.431185,24.43717],[54.436994,24.432466],[54.437492,24.425382],[54.442834,24.423107],[54.445897,24.421963],[54.445953,24.421955],[54.449952,24.421135],[54.454055,24.416409],[54.454175,24.416288],[54.45875,24.412556],[54.460877,24.409114],[54.465001,24.407244],[54.46948,24.403503],[54.469604,24.403438],[54.469713,24.403395],[54.478041,24.401533],[54.478436,24.401436],[54.478747,24.401405],[54.47925,24.401418],[54.479764,24.401521],[54.485969,24.401725],[54.488825,24.400919],[54.491869,24.400074],[54.494555,24.39932],[54.496675,24.398736],[54.499402,24.397973],[54.502872,24.397006],[54.505397,24.396333],[54.507269,24.3958],[54.509125,24.395291],[54.510078,24.398762],[54.513062,24.40716],[54.517955,24.40638],[54.519471,24.405428],[54.52182,24.401296],[54.521916,24.399308],[54.521944,24.399071],[54.522099,24.398228],[54.522062,24.396297],[54.522269,24.391986],[54.522304,24.391708],[54.522383,24.389464],[54.5225,24.386893],[54.522695,24.38371],[54.522751,24.381498],[54.522925,24.379242],[54.523036,24.376588],[54.523105,24.375604],[54.523149,24.373891],[54.523232,24.372619],[54.52335,24.370739],[54.523386,24.369797],[54.523527,24.369745],[54.526984,24.369936],[54.527111,24.370087],[54.527051,24.370713],[54.526825,24.372844],[54.529269,24.379971],[54.531039,24.381311],[54.530974,24.383973],[54.538859,24.387681],[54.541114,24.385166],[54.54281,24.383258],[54.544571,24.381279],[54.544889,24.380963],[54.5463,24.379373],[54.546465,24.37921],[54.548772,24.376605],[54.551242,24.37384],[54.55375,24.371026],[54.556259,24.368211],[54.557699,24.366599],[54.559138,24.364989],[54.560886,24.363028],[54.561999,24.361769],[54.564696,24.364153],[54.563583,24.365412],[54.562634,24.366561],[54.562277,24.367037],[54.562033,24.367269],[54.560383,24.368998],[54.557978,24.3773],[54.555821,24.380182],[54.549747,24.38113],[54.548984,24.381771],[54.548819,24.381934],[54.547581,24.383352],[54.550584,24.390815],[54.55172,24.391081],[54.552125,24.391205],[54.552695,24.391501],[54.55585,24.392006],[54.559631,24.392768],[54.563412,24.393529],[54.569534,24.389307],[54.569534,24.389307],[54.570478,24.387499],[54.576834,24.384808],[54.578725,24.383176],[54.579058,24.382795],[54.580128,24.381723],[54.580399,24.373722],[54.581188,24.371967],[54.581233,24.371896],[54.581306,24.371812],[54.582524,24.370079],[54.591348,24.370851],[54.592009,24.370394],[54.592351,24.370197],[54.595772,24.368573],[54.596837,24.368159],[54.599438,24.367193],[54.599593,24.367136],[54.603617,24.365772],[54.605162,24.365168],[54.606029,24.367393],[54.606473,24.368521],[54.604245,24.374142],[54.603269,24.37507],[54.603208,24.375115],[54.599492,24.375984],[54.599426,24.375996],[54.595513,24.376547],[54.594083,24.383305],[54.592514,24.386545],[54.592474,24.393805],[54.595108,24.398075],[54.598528,24.402589],[54.606534,24.402082],[54.608952,24.402566],[54.613453,24.402897],[54.617593,24.404306],[54.620539,24.404888],[54.623495,24.405471],[54.624698,24.405743],[54.625657,24.406019],[54.626552,24.406304],[54.627593,24.406709],[54.629204,24.407417],[54.637904,24.409079],[54.6391,24.408952],[54.640359,24.408868],[54.642637,24.408777],[54.644914,24.408686],[54.648188,24.408565],[54.650368,24.408465],[54.653946,24.408316],[54.657524,24.408168],[54.661102,24.408019],[54.664693,24.40787],[54.666087,24.407822],[54.668196,24.407792],[54.670873,24.407813],[54.675765,24.408028],[54.677489,24.408155],[54.681002,24.408488],[54.682214,24.408625],[54.686298,24.409163],[54.690383,24.409702],[54.694247,24.410212],[54.696443,24.410504],[54.698638,24.410795],[54.698685,24.410802],[54.698211,24.41437],[54.698164,24.414364],[54.69308,24.414207],[54.690711,24.413557],[54.689912,24.413271],[54.685828,24.412732],[54.681743,24.412194],[54.678363,24.418574],[54.679469,24.422056],[54.679611,24.424947],[54.679753,24.427838],[54.679903,24.430891],[54.680316,24.43394],[54.682115,24.441314],[54.68242,24.442204],[54.682421,24.442215],[54.68243,24.442447],[54.682299,24.443157],[54.682226,24.445294],[54.683797,24.449503],[54.691304,24.45096],[54.691416,24.450975],[54.692863,24.452839],[54.698356,24.459561],[54.702274,24.459513],[54.706294,24.459466],[54.706701,24.459503],[54.707196,24.459636],[54.707841,24.459991],[54.708069,24.460173],[54.708891,24.462602],[54.708826,24.462674],[54.708452,24.462993],[54.708028,24.46322],[54.707579,24.463352],[54.707115,24.463391],[54.706656,24.463338],[54.702318,24.463113],[54.6984,24.463161],[54.694482,24.46321],[54.686552,24.464502],[54.68359,24.465545],[54.681044,24.466291],[54.677612,24.473132],[54.677619,24.473749],[54.677561,24.475383],[54.677466,24.476261],[54.677157,24.478628],[54.676889,24.480973],[54.677868,24.487825],[54.679511,24.491563],[54.681153,24.495301],[54.682796,24.499038],[54.684444,24.502787],[54.685405,24.505018],[54.685448,24.505125],[54.686489,24.507478],[54.68757,24.509934],[54.688432,24.511878],[54.68995,24.515344],[54.690813,24.517312],[54.691693,24.519323],[54.693199,24.522551],[54.693459,24.523728],[54.693583,24.524518],[54.694135,24.528421],[54.694311,24.52947],[54.694704,24.53273],[54.695075,24.535477],[54.695368,24.538422],[54.695591,24.540209],[54.69582,24.542041],[54.695916,24.543077],[54.695904,24.54941],[54.696084,24.550624],[54.696907,24.554116],[54.700536,24.558508],[54.700771,24.560654],[54.701006,24.562799],[54.698064,24.568575],[54.698444,24.572123],[54.698762,24.575099],[54.699934,24.57909],[54.700679,24.580775],[54.701936,24.583597],[54.702977,24.585801],[54.704278,24.588756],[54.705567,24.591685],[54.707101,24.595026],[54.708648,24.598395],[54.709722,24.600841],[54.710796,24.603286],[54.7075,24.604734],[54.706426,24.602288],[54.705352,24.599842],[54.70383,24.596529],[54.702296,24.593187],[54.700983,24.590207],[54.696666,24.585163],[54.696186,24.584698],[54.695786,24.584115],[54.695595,24.583694],[54.695489,24.583331],[54.695426,24.582968],[54.695085,24.57976],[54.694986,24.578947],[54.695239,24.575841],[54.694865,24.572516],[54.689469,24.566524],[54.687419,24.566659],[54.684434,24.568043],[54.684354,24.568087],[54.681886,24.567057],[54.681858,24.566806],[54.681682,24.564648],[54.681646,24.564317],[54.68088,24.556708],[54.678349,24.554632],[54.675506,24.549579],[54.671335,24.548958],[54.671313,24.54896],[54.668591,24.548304],[54.668573,24.548285],[54.668134,24.547549],[54.664843,24.543214],[54.660176,24.540068],[54.657548,24.537101],[54.650203,24.533301],[54.642405,24.52979],[54.640783,24.531015],[54.639177,24.532228],[54.63693,24.533961],[54.634593,24.53589],[54.634177,24.536188],[54.633534,24.536533],[54.631407,24.53647],[54.631315,24.536294],[54.631357,24.533666],[54.631521,24.533541],[54.632539,24.532803],[54.634731,24.531111],[54.636977,24.529377],[54.638614,24.528141],[54.640236,24.526917],[54.643135,24.520034],[54.642902,24.518083],[54.642239,24.510345],[54.641961,24.509057],[54.641558,24.50681],[54.64354,24.506428],[54.64399,24.506307],[54.64641,24.505876],[54.649294,24.498841],[54.648058,24.494685],[54.646799,24.491841],[54.642597,24.488627],[54.638931,24.488559],[54.63818,24.488744],[54.636725,24.489407],[54.634386,24.497689],[54.634235,24.498322],[54.633869,24.499235],[54.633304,24.50005],[54.632568,24.50056],[54.631195,24.50168],[54.629693,24.504353],[54.629279,24.504789],[54.626095,24.504247],[54.621698,24.501865],[54.615325,24.502485],[54.611732,24.502714],[54.606144,24.504187],[54.601072,24.510543],[54.597542,24.509833],[54.591408,24.507354],[54.589876,24.506786],[54.582746,24.504804],[54.574834,24.505208],[54.573026,24.505659],[54.57116,24.506122],[54.567918,24.506816],[54.565799,24.507296],[54.56353,24.50785],[54.561234,24.508482],[54.558867,24.509211],[54.556746,24.509918],[54.553961,24.510951],[54.551261,24.512036],[54.548577,24.513116],[54.546228,24.514086],[54.544146,24.514883],[54.541998,24.515739],[54.540162,24.516393],[54.538251,24.517071],[54.535469,24.517927],[54.53237,24.518852],[54.529258,24.519781],[54.526984,24.520442],[54.524943,24.521073],[54.522903,24.521704],[54.521839,24.518265],[54.52388,24.517634],[54.52592,24.517002],[54.528254,24.516324],[54.53134,24.515403],[54.534439,24.514477],[54.537192,24.51363],[54.538955,24.513001],[54.540792,24.512348],[54.542811,24.51154],[54.54494,24.510724],[54.547202,24.509789],[54.549918,24.508696],[54.554468,24.503594],[54.555778,24.503185],[54.555929,24.503145],[54.556737,24.502969],[54.564944,24.503799],[54.567122,24.503306],[54.570406,24.502602],[54.576416,24.498148],[54.577211,24.493828],[54.57958,24.490758],[54.584621,24.486401],[54.586268,24.485824],[54.587079,24.485672],[54.58857,24.48541],[54.589562,24.485605],[54.590092,24.485673],[54.590558,24.48576],[54.590738,24.4858],[54.596974,24.483591],[54.597164,24.478672],[54.597229,24.477826],[54.597485,24.477245],[54.598351,24.47016],[54.59492,24.46446],[54.592635,24.461734],[54.591177,24.460185],[54.591495,24.45868],[54.591548,24.458426],[54.591728,24.45715],[54.592468,24.455742],[54.594191,24.44902],[54.586844,24.447081],[54.58637,24.447044],[54.585911,24.446972],[54.57974,24.445381],[54.574655,24.44614],[54.574529,24.446113],[54.569611,24.443953],[54.566041,24.442164],[54.559302,24.436224],[54.556092,24.435076],[54.553688,24.434296],[54.551833,24.433765],[54.550726,24.433445],[54.548252,24.432745],[54.546748,24.432393],[54.540436,24.43139],[54.538229,24.43077],[54.53787,24.430627],[54.531209,24.427981],[54.528521,24.427252],[54.525878,24.426645],[54.524438,24.426223],[54.516657,24.425527],[54.514341,24.425673],[54.51206,24.425816],[54.508588,24.425927],[54.508167,24.425922],[54.50742,24.425846],[54.506803,24.425707],[54.50629,24.425538],[54.505489,24.425177],[54.496678,24.425353],[54.489888,24.425136],[54.484953,24.426233],[54.483117,24.426504],[54.481281,24.426775],[54.474471,24.4293],[54.472117,24.430731],[54.470693,24.431489],[54.466131,24.438562],[54.463597,24.441119],[54.454762,24.441637],[54.454015,24.441926],[54.452217,24.442588],[54.448991,24.443851],[54.445403,24.449667],[54.442477,24.451763],[54.442407,24.451667],[54.441552,24.450303],[54.434306,24.446745],[54.433329,24.446659],[54.43206,24.446481],[54.429356,24.445994],[54.426645,24.445506],[54.418955,24.446436],[54.417218,24.447089],[54.41548,24.447741],[54.414215,24.444371]]],"type":"Polygon"},"properties":{"branch_id":"41","branch_name":"Khalifa City A","travel_mode":"driving-car","travel_direction":"destination","travel_minutes":15,"area_km2":204.53239456,"origin_latitude":24.4399805,"origin_longitude":54.5989056,"coordinate_source":"Google Places matched coordinates","data_source":"openrouteservice/HeiGIT; OpenStreetMap road network","generated_at":"2026-09-02T15:56:24+00:00"}},{"type":"Feature","id":"43-5","geometry":{"coordinates":[[[54.423827,24.441532],[54.424507,24.441548],[54.425331,24.441622],[54.425772,24.441685],[54.427299,24.441966],[54.430684,24.441977],[54.437816,24.438336],[54.43931,24.436574],[54.439422,24.436553],[54.448125,24.43531],[54.449332,24.434457],[54.450983,24.433272],[54.455945,24.431936],[54.459697,24.427042],[54.460536,24.426459],[54.460996,24.426184],[54.466663,24.422237],[54.468372,24.421012],[54.473162,24.418925],[54.476671,24.411409],[54.476807,24.410012],[54.480403,24.41019],[54.480379,24.410668],[54.480246,24.41183],[54.480281,24.41302],[54.486579,24.418815],[54.48869,24.419036],[54.489175,24.419091],[54.495591,24.421015],[54.495969,24.424596],[54.493092,24.424951],[54.489963,24.425436],[54.487802,24.425784],[54.485632,24.426132],[54.483446,24.426455],[54.481281,24.426775],[54.474471,24.4293],[54.471745,24.431509],[54.471732,24.431518],[54.471396,24.431773],[54.466974,24.439397],[54.46444,24.441954],[54.45635,24.440763],[54.45445,24.441648],[54.453802,24.441916],[54.452217,24.442588],[54.448976,24.44358],[54.443716,24.446804],[54.440613,24.44863],[54.43206,24.446481],[54.429356,24.445994],[54.423741,24.445131],[54.423827,24.441532]]],"type":"Polygon"},"properties":{"branch_id":"43","branch_name":"Ministries Complex","travel_mode":"driving-car","travel_direction":"destination","travel_minutes":5,"area_km2":8.36229125,"origin_latitude":24.432147,"origin_longitude":54.4647516,"coordinate_source":"Google Places matched coordinates","data_source":"openrouteservice/HeiGIT; OpenStreetMap road network","generated_at":"2026-09-02T15:56:24+00:00"}},{"type":"Feature","id":"43-10","geometry":{"coordinates":[[[54.375702,24.49049],[54.37727,24.488646],[54.378424,24.487153],[54.379242,24.478382],[54.379257,24.471974],[54.376627,24.469517],[54.376031,24.464063],[54.37609,24.461698],[54.376129,24.461655],[54.379926,24.457125],[54.3823,24.450343],[54.38067,24.447577],[54.379796,24.438857],[54.379291,24.438462],[54.379763,24.436298],[54.379798,24.436256],[54.381511,24.435628],[54.382016,24.436023],[54.38432,24.437318],[54.391929,24.436102],[54.391449,24.430998],[54.391445,24.430963],[54.391953,24.430126],[54.392769,24.429001],[54.393768,24.427808],[54.395772,24.426695],[54.400806,24.425309],[54.404734,24.424234],[54.410004,24.422781],[54.417481,24.419747],[54.41847,24.419224],[54.421869,24.418039],[54.4301,24.41687],[54.434072,24.415149],[54.435774,24.414703],[54.443748,24.412101],[54.444524,24.411938],[54.448451,24.411652],[54.450569,24.411197],[54.454261,24.410243],[54.457633,24.409289],[54.460965,24.404086],[54.461419,24.402406],[54.465185,24.398401],[54.468828,24.396451],[54.46929,24.396272],[54.470526,24.395956],[54.475979,24.398705],[54.477953,24.399976],[54.478439,24.400335],[54.482976,24.401413],[54.487664,24.39852],[54.489744,24.396511],[54.491532,24.395485],[54.493167,24.39453],[54.499106,24.390421],[54.499367,24.390361],[54.499853,24.390292],[54.500215,24.390278],[54.50201,24.390384],[54.502207,24.390394],[54.508856,24.391946],[54.511784,24.391322],[54.512358,24.391154],[54.51325,24.391031],[54.517648,24.390699],[54.522695,24.38371],[54.522733,24.38214],[54.523177,24.382072],[54.526332,24.382227],[54.526408,24.383811],[54.533146,24.388669],[54.53444,24.388508],[54.537961,24.387673],[54.541114,24.385166],[54.54281,24.383258],[54.544571,24.381279],[54.544889,24.380963],[54.5463,24.379373],[54.546465,24.37921],[54.548772,24.376605],[54.551242,24.37384],[54.551498,24.373552],[54.554186,24.375948],[54.55393,24.376235],[54.552043,24.378659],[54.551709,24.379155],[54.551437,24.379405],[54.550289,24.380617],[54.549747,24.38113],[54.548984,24.381771],[54.548819,24.381934],[54.547581,24.383352],[54.551103,24.391293],[54.55439,24.391941],[54.557071,24.392462],[54.559744,24.39301],[54.55902,24.396537],[54.556347,24.395988],[54.553986,24.395627],[54.547001,24.395344],[54.538699,24.396394],[54.534255,24.40183],[54.533461,24.40268],[54.532665,24.403243],[54.531737,24.403755],[54.525975,24.408326],[54.525708,24.408468],[54.523673,24.409367],[54.521725,24.410225],[54.51802,24.417533],[54.52167,24.419661],[54.524682,24.422076],[54.527981,24.423009],[54.530357,24.423685],[54.532732,24.424361],[54.535108,24.425037],[54.537472,24.425709],[54.540977,24.426682],[54.544488,24.427657],[54.546658,24.428269],[54.548828,24.42888],[54.550998,24.429492],[54.553179,24.430107],[54.555941,24.430905],[54.556107,24.430961],[54.558735,24.431692],[54.561528,24.432479],[54.564322,24.433266],[54.567118,24.434054],[54.570767,24.435087],[54.574416,24.43612],[54.578065,24.437154],[54.581714,24.438187],[54.584255,24.438907],[54.586796,24.439627],[54.589165,24.440298],[54.591534,24.440969],[54.590553,24.444433],[54.584483,24.442987],[54.583956,24.442818],[54.581954,24.442165],[54.577084,24.440617],[54.573435,24.439584],[54.565254,24.438127],[54.564509,24.437922],[54.559851,24.436483],[54.551833,24.433765],[54.545681,24.431734],[54.543511,24.431122],[54.540014,24.430151],[54.534539,24.428924],[54.53403,24.428779],[54.531209,24.427981],[54.528521,24.427252],[54.525878,24.426645],[54.524438,24.426223],[54.516657,24.425527],[54.514341,24.425673],[54.51206,24.425816],[54.508588,24.425927],[54.508167,24.425922],[54.50742,24.425846],[54.506803,24.425707],[54.50629,24.425538],[54.499479,24.424459],[54.493154,24.425507],[54.487802,24.425784],[54.485632,24.426132],[54.483446,24.426455],[54.481281,24.426775],[54.478715,24.427576],[54.474515,24.435077],[54.474975,24.435803],[54.475143,24.436369],[54.475185,24.436748],[54.475138,24.437348],[54.475,24.437798],[54.47427,24.440309],[54.474135,24.440826],[54.473867,24.4415],[54.473201,24.442908],[54.471529,24.442281],[54.46444,24.441954],[54.460012,24.443961],[54.459827,24.443975],[54.459336,24.443998],[54.456999,24.443913],[54.454715,24.443829],[54.454101,24.443785],[54.45309,24.443775],[54.452555,24.443727],[54.449762,24.444037],[54.448895,24.444453],[54.448072,24.453016],[54.448991,24.454053],[54.450528,24.455835],[54.451926,24.457278],[54.453593,24.459173],[54.45526,24.461069],[54.455759,24.4617],[54.456085,24.462175],[54.4565,24.462879],[54.456776,24.463428],[54.457104,24.464217],[54.457378,24.465034],[54.457588,24.465917],[54.463682,24.471816],[54.463726,24.471931],[54.463846,24.472516],[54.463816,24.473066],[54.463653,24.473588],[54.461304,24.481844],[54.461207,24.482349],[54.461047,24.482826],[54.460828,24.483275],[54.46056,24.483688],[54.460264,24.484046],[54.459945,24.484354],[54.459603,24.484622],[54.458909,24.485078],[54.458406,24.485375],[54.456926,24.486207],[54.451551,24.489269],[54.450811,24.489592],[54.450265,24.489805],[54.449773,24.489973],[54.449091,24.49017],[54.448381,24.490338],[54.447653,24.490471],[54.446786,24.490584],[54.446135,24.490631],[54.445199,24.490653],[54.443848,24.490576],[54.441398,24.490265],[54.439587,24.490035],[54.440039,24.486464],[54.44185,24.486693],[54.444456,24.486961],[54.445201,24.486998],[54.450915,24.48547],[54.451386,24.485166],[54.452046,24.484769],[54.45605,24.477713],[54.455516,24.475006],[54.455458,24.474433],[54.455125,24.472726],[54.454938,24.471048],[54.45435,24.468758],[54.450753,24.461574],[54.449352,24.459984],[54.447801,24.458186],[54.446265,24.456403],[54.445378,24.455404],[54.444351,24.454212],[54.441552,24.450303],[54.433727,24.446876],[54.432621,24.446758],[54.432015,24.446663],[54.428528,24.446027],[54.420322,24.446091],[54.418508,24.446778],[54.416649,24.447481],[54.414317,24.448353],[54.412576,24.449013],[54.407134,24.453112],[54.404483,24.459924],[54.403697,24.467035],[54.404884,24.470434],[54.402849,24.471993],[54.398283,24.477041],[54.391931,24.482994],[54.39045,24.484147],[54.382746,24.488122],[54.380012,24.490979],[54.378478,24.492782],[54.376532,24.495139],[54.373756,24.492847],[54.375702,24.49049]]],"type":"Polygon"},"properties":{"branch_id":"43","branch_name":"Ministries Complex","travel_mode":"driving-car","travel_direction":"destination","travel_minutes":10,"area_km2":70.99122062,"origin_latitude":24.432147,"origin_longitude":54.4647516,"coordinate_source":"Google Places matched coordinates","data_source":"openrouteservice/HeiGIT; OpenStreetMap road network","generated_at":"2026-09-02T15:56:24+00:00"}},{"type":"Feature","id":"43-15","geometry":{"coordinates":[[[54.373982,24.51814],[54.375095,24.51275],[54.370913,24.508647],[54.37045,24.508507],[54.368468,24.506564],[54.36682,24.504687],[54.361355,24.499959],[54.359362,24.498397],[54.358902,24.498019],[54.353435,24.494142],[54.352786,24.493688],[54.350849,24.491918],[54.350848,24.491916],[54.350368,24.491056],[54.350735,24.485512],[54.350743,24.485447],[54.350644,24.482346],[54.346926,24.476645],[54.346621,24.476404],[54.344021,24.472551],[54.344352,24.470668],[54.345144,24.464534],[54.344661,24.460545],[54.344672,24.459966],[54.344811,24.458995],[54.345613,24.454849],[54.347128,24.447824],[54.347177,24.447774],[54.347546,24.447592],[54.352366,24.444501],[54.354668,24.441633],[54.354723,24.441573],[54.358538,24.438866],[54.360223,24.437875],[54.362713,24.436435],[54.364334,24.434749],[54.364533,24.425885],[54.362493,24.423719],[54.360452,24.421553],[54.353862,24.418196],[54.353004,24.417925],[54.352131,24.413078],[54.352445,24.411524],[54.352565,24.411396],[54.355324,24.41028],[54.357649,24.411335],[54.361284,24.417135],[54.363128,24.418985],[54.365308,24.421274],[54.367464,24.423537],[54.36962,24.425801],[54.377019,24.427807],[54.379038,24.425819],[54.380876,24.425204],[54.385395,24.423636],[54.387289,24.423019],[54.39308,24.419958],[54.39476,24.419328],[54.401434,24.417806],[54.405431,24.418407],[54.411033,24.417671],[54.415781,24.415154],[54.419221,24.415562],[54.425129,24.410851],[54.425567,24.410715],[54.43249,24.40862],[54.432607,24.408584],[54.43318,24.40881],[54.433895,24.40917],[54.434841,24.409691],[54.43748,24.410815],[54.444524,24.411938],[54.448451,24.411652],[54.450569,24.411197],[54.454261,24.410243],[54.455391,24.403042],[54.459454,24.399556],[54.465465,24.397707],[54.468828,24.396451],[54.46929,24.396272],[54.470526,24.395956],[54.475979,24.398705],[54.477953,24.399976],[54.485554,24.398649],[54.486608,24.395769],[54.48663,24.394189],[54.487067,24.394077],[54.493551,24.393489],[54.493625,24.39347],[54.499106,24.390421],[54.499367,24.390361],[54.499853,24.390292],[54.500215,24.390278],[54.505306,24.383746],[54.499009,24.379229],[54.493691,24.37419],[54.493842,24.370593],[54.500568,24.365477],[54.500641,24.365431],[54.50696,24.364626],[54.509656,24.360304],[54.510003,24.357959],[54.510172,24.351635],[54.505773,24.347653],[54.505923,24.344057],[54.510775,24.341136],[54.516226,24.33698],[54.517552,24.335727],[54.518095,24.335634],[54.518297,24.335626],[54.525104,24.329974],[54.525094,24.327751],[54.525063,24.325039],[54.525031,24.322328],[54.525,24.319616],[54.524971,24.316775],[54.524976,24.315461],[54.524994,24.314737],[54.525032,24.314267],[54.525127,24.313579],[54.528693,24.31407],[54.530465,24.322688],[54.530342,24.326286],[54.528873,24.330355],[54.535029,24.336224],[54.536183,24.336267],[54.536641,24.33825],[54.539874,24.343556],[54.542228,24.34563],[54.542128,24.349228],[54.54202,24.356588],[54.543889,24.361941],[54.546964,24.364886],[54.552478,24.368665],[54.557699,24.366599],[54.559138,24.364989],[54.559422,24.364732],[54.560886,24.363028],[54.562031,24.361741],[54.563324,24.355151],[54.560242,24.34956],[54.553463,24.349679],[54.553342,24.349673],[54.552044,24.349478],[54.551472,24.348053],[54.551481,24.347803],[54.551683,24.346775],[54.552181,24.345881],[54.558305,24.344892],[54.55885,24.344919],[54.566504,24.34076],[54.567326,24.339084],[54.569127,24.335967],[54.570884,24.334757],[54.578414,24.335188],[54.579801,24.333205],[54.580905,24.331922],[54.581831,24.330311],[54.583862,24.327418],[54.585892,24.324524],[54.587917,24.321637],[54.589752,24.318996],[54.591595,24.316345],[54.593555,24.313566],[54.594189,24.31274],[54.595003,24.311807],[54.596719,24.310191],[54.597997,24.309116],[54.598896,24.308453],[54.60113,24.306966],[54.602581,24.306188],[54.603349,24.305821],[54.604903,24.309068],[54.598629,24.313707],[54.595416,24.317311],[54.594659,24.318382],[54.592709,24.32105],[54.590874,24.323691],[54.590026,24.325583],[54.591679,24.332883],[54.591808,24.333214],[54.592062,24.334014],[54.592267,24.334826],[54.592325,24.335126],[54.592519,24.336233],[54.588973,24.336854],[54.580969,24.338526],[54.580813,24.341952],[54.579971,24.342626],[54.575126,24.346178],[54.573707,24.348203],[54.573091,24.354488],[54.57533,24.35736],[54.57581,24.357991],[54.576275,24.358682],[54.576604,24.359173],[54.576804,24.359742],[54.571045,24.365084],[54.570747,24.365456],[54.569342,24.367451],[54.564481,24.371237],[54.564131,24.371783],[54.563933,24.37209],[54.560178,24.379695],[54.559773,24.380841],[54.558858,24.38147],[54.557802,24.381492],[54.557286,24.381067],[54.549747,24.38113],[54.548984,24.381771],[54.548819,24.381934],[54.547581,24.383352],[54.551103,24.391293],[54.55439,24.391941],[54.557071,24.392462],[54.559744,24.39301],[54.559927,24.393048],[54.560543,24.393171],[54.56357,24.393838],[54.563832,24.393912],[54.565613,24.394246],[54.567646,24.394652],[54.574823,24.3909],[54.575556,24.389471],[54.576108,24.388554],[54.576642,24.387717],[54.578137,24.384185],[54.578458,24.383601],[54.578462,24.383595],[54.578538,24.383454],[54.581566,24.381014],[54.583047,24.379242],[54.58581,24.381549],[54.583541,24.385456],[54.583266,24.386299],[54.582266,24.388933],[54.581567,24.392465],[54.587894,24.398666],[54.588009,24.398693],[54.589089,24.398985],[54.590609,24.399208],[54.593299,24.399746],[54.595251,24.400107],[54.597227,24.400473],[54.600705,24.401164],[54.604182,24.401855],[54.607241,24.402463],[54.610226,24.403056],[54.613223,24.403651],[54.615925,24.404208],[54.617826,24.404569],[54.619109,24.404839],[54.620737,24.405191],[54.622845,24.40561],[54.623856,24.405791],[54.624542,24.405955],[54.62565,24.406266],[54.626618,24.40659],[54.627867,24.407074],[54.629021,24.407621],[54.637189,24.409185],[54.637904,24.409079],[54.638942,24.408967],[54.639327,24.412547],[54.633028,24.415236],[54.629322,24.419628],[54.626565,24.421943],[54.625684,24.420894],[54.624974,24.420037],[54.624474,24.419378],[54.623862,24.418487],[54.623512,24.417919],[54.622989,24.417003],[54.621449,24.414174],[54.619927,24.411375],[54.615134,24.407718],[54.612497,24.407177],[54.605873,24.407184],[54.605078,24.407439],[54.604533,24.407425],[54.599964,24.407766],[54.597879,24.408519],[54.592451,24.411277],[54.58709,24.414359],[54.585977,24.414844],[54.585511,24.414845],[54.585139,24.41478],[54.584938,24.414723],[54.577627,24.414268],[54.574029,24.417464],[54.568725,24.419062],[54.566089,24.427474],[54.568259,24.429216],[54.570869,24.434768],[54.574522,24.435805],[54.578952,24.433818],[54.580291,24.43251],[54.585035,24.431977],[54.590725,24.4305],[54.598017,24.428684],[54.599092,24.428487],[54.60488,24.424877],[54.606526,24.425625],[54.608281,24.426057],[54.611643,24.429842],[54.611679,24.429889],[54.611288,24.432394],[54.610141,24.438443],[54.611164,24.440481],[54.61884,24.442182],[54.622041,24.44383],[54.62416,24.449306],[54.628689,24.452748],[54.635974,24.452508],[54.63655,24.452644],[54.635722,24.456148],[54.630166,24.462608],[54.630605,24.463774],[54.63097,24.464637],[54.6312,24.465121],[54.631763,24.466176],[54.63285,24.467759],[54.634239,24.469585],[54.635771,24.471564],[54.636793,24.472941],[54.637958,24.474454],[54.639435,24.476369],[54.64092,24.478294],[54.641143,24.478679],[54.641906,24.479862],[54.649666,24.482049],[54.651974,24.481473],[54.653675,24.481082],[54.655107,24.480714],[54.657366,24.479837],[54.658205,24.47952],[54.659475,24.482889],[54.658157,24.483502],[54.657637,24.483705],[54.656871,24.483958],[54.656074,24.484182],[54.654572,24.484569],[54.650769,24.491178],[54.652374,24.493317],[54.654022,24.495444],[54.65567,24.497571],[54.657312,24.49969],[54.658567,24.501293],[54.65983,24.502906],[54.661101,24.504556],[54.662372,24.506206],[54.65952,24.508403],[54.658249,24.506753],[54.656978,24.505103],[54.655732,24.503512],[54.654478,24.50191],[54.652824,24.499776],[54.651176,24.497649],[54.649528,24.495522],[54.64788,24.493395],[54.646799,24.491841],[54.642711,24.488524],[54.636397,24.488408],[54.635994,24.488508],[54.635125,24.485015],[54.635058,24.477043],[54.633492,24.474981],[54.631509,24.472354],[54.625333,24.468579],[54.624388,24.46713],[54.62406,24.466561],[54.623419,24.465452],[54.61546,24.46244],[54.614759,24.462569],[54.614226,24.462637],[54.613586,24.462673],[54.608484,24.46368],[54.607061,24.460373],[54.608086,24.452817],[54.604348,24.450498],[54.603743,24.450378],[54.602786,24.450254],[54.595492,24.449687],[54.595003,24.449486],[54.594191,24.44902],[54.593724,24.448672],[54.59082,24.447165],[54.584879,24.446861],[54.57974,24.445381],[54.574944,24.444596],[54.571413,24.443811],[54.567384,24.442639],[54.564509,24.437922],[54.559851,24.436483],[54.551833,24.433765],[54.546748,24.432393],[54.541482,24.430902],[54.536006,24.429342],[54.534539,24.428924],[54.53403,24.428779],[54.531209,24.427981],[54.528521,24.427252],[54.525878,24.426645],[54.524438,24.426223],[54.516657,24.425527],[54.514341,24.425673],[54.51206,24.425816],[54.508588,24.425927],[54.508167,24.425922],[54.50742,24.425846],[54.506803,24.425707],[54.50629,24.425538],[54.499479,24.424459],[54.493154,24.425507],[54.487802,24.425784],[54.485632,24.426132],[54.483446,24.426455],[54.481281,24.426775],[54.478715,24.427576],[54.474515,24.435077],[54.474975,24.435803],[54.475143,24.436369],[54.475185,24.436748],[54.475138,24.437348],[54.475,24.437798],[54.47427,24.440309],[54.474135,24.440826],[54.473867,24.4415],[54.473201,24.442908],[54.469898,24.45123],[54.471679,24.453153],[54.471337,24.453995],[54.470984,24.454446],[54.470668,24.454746],[54.47044,24.454829],[54.470391,24.454807],[54.468049,24.452675],[54.468289,24.451861],[54.468497,24.451468],[54.469621,24.45129],[54.471529,24.442281],[54.46444,24.441954],[54.460012,24.443961],[54.459827,24.443975],[54.459336,24.443998],[54.456999,24.443913],[54.454715,24.443829],[54.454101,24.443785],[54.45309,24.443775],[54.452555,24.443727],[54.449762,24.444037],[54.448895,24.444453],[54.448072,24.453016],[54.448991,24.454053],[54.450528,24.455835],[54.451926,24.457278],[54.453593,24.459173],[54.45526,24.461069],[54.455759,24.4617],[54.456085,24.462175],[54.4565,24.462879],[54.456776,24.463428],[54.457104,24.464217],[54.457378,24.465034],[54.457588,24.465917],[54.463682,24.471816],[54.463726,24.471931],[54.463846,24.472516],[54.463816,24.473066],[54.463653,24.473588],[54.461304,24.481844],[54.461207,24.482349],[54.461047,24.482826],[54.460828,24.483275],[54.46056,24.483688],[54.460264,24.484046],[54.458533,24.485928],[54.458073,24.486129],[54.456556,24.486822],[54.449752,24.491619],[54.449203,24.491752],[54.448552,24.491879],[54.447895,24.491973],[54.447234,24.492035],[54.446795,24.492062],[54.445278,24.492111],[54.444557,24.492025],[54.443148,24.491792],[54.443133,24.491789],[54.440305,24.491295],[54.437477,24.490802],[54.430831,24.490405],[54.42369,24.492403],[54.422384,24.492871],[54.421798,24.493028],[54.421223,24.493083],[54.420645,24.493027],[54.41819,24.492922],[54.417018,24.492922],[54.413719,24.501172],[54.4137,24.501245],[54.413387,24.501525],[54.411341,24.502405],[54.410625,24.502385],[54.407969,24.501213],[54.401221,24.50358],[54.399629,24.504287],[54.399577,24.504281],[54.395926,24.504665],[54.39384,24.505667],[54.394985,24.514258],[54.395681,24.514652],[54.396305,24.515195],[54.397377,24.515869],[54.398109,24.516422],[54.395938,24.519294],[54.395104,24.518886],[54.389791,24.516816],[54.387903,24.516483],[54.380818,24.519294],[54.380411,24.519407],[54.376586,24.520625],[54.375929,24.520566],[54.375709,24.520545],[54.375403,24.520299],[54.373969,24.519004],[54.373982,24.51814]]],"type":"Polygon"},"properties":{"branch_id":"43","branch_name":"Ministries Complex","travel_mode":"driving-car","travel_direction":"destination","travel_minutes":15,"area_km2":211.46631478,"origin_latitude":24.432147,"origin_longitude":54.4647516,"coordinate_source":"Google Places matched coordinates","data_source":"openrouteservice/HeiGIT; OpenStreetMap road network","generated_at":"2026-09-02T15:56:24+00:00"}},{"type":"Feature","id":"29-5","geometry":{"coordinates":[[[55.396674,25.228367],[55.3971,25.228434],[55.397902,25.228604],[55.3989,25.228882],[55.399578,25.229113],[55.405978,25.229777],[55.4064,25.230024],[55.414132,25.229773],[55.414993,25.225282],[55.414989,25.225152],[55.416253,25.223449],[55.42311,25.218532],[55.423531,25.218013],[55.423568,25.217979],[55.424942,25.216862],[55.425722,25.217614],[55.425743,25.217634],[55.432457,25.21993],[55.43586,25.218359],[55.436345,25.217984],[55.438195,25.216398],[55.438695,25.216164],[55.440978,25.216805],[55.441637,25.217872],[55.442865,25.219875],[55.44342,25.220835],[55.443661,25.221352],[55.443804,25.221792],[55.447778,25.229551],[55.448324,25.233109],[55.441172,25.236879],[55.441154,25.236882],[55.436544,25.236393],[55.432562,25.239922],[55.432088,25.245142],[55.428878,25.246773],[55.425977,25.244453],[55.421349,25.240883],[55.414613,25.236859],[55.41275,25.236811],[55.410812,25.236761],[55.409427,25.236667],[55.408949,25.236614],[55.408498,25.236541],[55.407305,25.236305],[55.406848,25.236187],[55.40598,25.23592],[55.405144,25.235596],[55.402405,25.234317],[55.396115,25.231924],[55.396674,25.228367]]],"type":"Polygon"},"properties":{"branch_id":"29","branch_name":"Mirdif 35","travel_mode":"driving-car","travel_direction":"destination","travel_minutes":5,"area_km2":8.44695998,"origin_latitude":25.2322986,"origin_longitude":55.4329599,"coordinate_source":"Google Places matched coordinates","data_source":"openrouteservice/HeiGIT; OpenStreetMap road network","generated_at":"2026-09-02T15:56:25+00:00"}},{"type":"Feature","id":"29-10","geometry":{"coordinates":[[[55.350821,25.246334],[55.352091,25.243799],[55.352511,25.243481],[55.353024,25.243172],[55.353576,25.242949],[55.353981,25.242849],[55.357316,25.234546],[55.357153,25.233921],[55.357143,25.233793],[55.359854,25.232374],[55.363175,25.232783],[55.364852,25.233596],[55.367697,25.234163],[55.369776,25.235122],[55.375757,25.229398],[55.375238,25.226423],[55.368298,25.223386],[55.366739,25.220141],[55.369417,25.218854],[55.374689,25.213173],[55.381441,25.210551],[55.381988,25.210385],[55.383939,25.210777],[55.390475,25.209813],[55.397988,25.205904],[55.396101,25.201815],[55.395857,25.201189],[55.39557,25.200345],[55.395413,25.199781],[55.395212,25.198816],[55.395082,25.197874],[55.39504,25.197377],[55.394993,25.19628],[55.395019,25.195437],[55.395144,25.193089],[55.395239,25.191193],[55.395332,25.189341],[55.395398,25.186742],[55.395464,25.184186],[55.395468,25.183329],[55.394876,25.177472],[55.393124,25.170687],[55.392219,25.168231],[55.391323,25.1658],[55.390075,25.162557],[55.389177,25.1602],[55.392541,25.158918],[55.394782,25.16407],[55.394994,25.164647],[55.39585,25.166818],[55.396002,25.167311],[55.396515,25.168993],[55.39663,25.169525],[55.396776,25.170155],[55.397221,25.171539],[55.397866,25.173807],[55.405841,25.176773],[55.406515,25.18031],[55.406552,25.187316],[55.411405,25.189846],[55.418909,25.19288],[55.421876,25.194101],[55.422103,25.194224],[55.42791,25.196454],[55.436393,25.197925],[55.444046,25.195009],[55.444904,25.194257],[55.445436,25.193822],[55.44609,25.193321],[55.446723,25.192873],[55.447468,25.192391],[55.448304,25.191898],[55.44892,25.191572],[55.450604,25.194755],[55.449988,25.19508],[55.449303,25.195489],[55.448683,25.195893],[55.448175,25.196256],[55.445636,25.204158],[55.444452,25.206215],[55.441548,25.208343],[55.440978,25.216805],[55.441637,25.217872],[55.442865,25.219875],[55.449736,25.223168],[55.451654,25.223106],[55.457401,25.225932],[55.463314,25.219293],[55.463274,25.219081],[55.463016,25.217716],[55.462832,25.216723],[55.462717,25.216099],[55.462593,25.215446],[55.460702,25.211251],[55.459709,25.20983],[55.459164,25.206922],[55.459093,25.206442],[55.459054,25.205965],[55.459046,25.205416],[55.4591,25.204584],[55.459211,25.203925],[55.459412,25.203213],[55.459604,25.202679],[55.45998,25.201851],[55.461255,25.199628],[55.462363,25.197666],[55.46258,25.197245],[55.462892,25.196447],[55.463252,25.194841],[55.463294,25.194254],[55.463305,25.193654],[55.463293,25.193124],[55.463201,25.192339],[55.462827,25.190142],[55.462569,25.188631],[55.466117,25.188025],[55.46801,25.191628],[55.468007,25.197423],[55.468599,25.201657],[55.471392,25.2099],[55.474613,25.213445],[55.475314,25.214089],[55.47564,25.216896],[55.47899,25.224757],[55.481285,25.224591],[55.483257,25.224485],[55.484175,25.224406],[55.486623,25.223861],[55.489674,25.223354],[55.493889,25.221089],[55.493944,25.221081],[55.496869,25.221912],[55.498502,25.221876],[55.504455,25.216465],[55.505282,25.214562],[55.506172,25.212527],[55.506625,25.211688],[55.50683,25.211358],[55.507231,25.210775],[55.507614,25.210282],[55.508032,25.209792],[55.50967,25.208063],[55.511308,25.206333],[55.513922,25.208809],[55.510132,25.216576],[55.510786,25.22268],[55.510789,25.222744],[55.509094,25.224559],[55.506188,25.232521],[55.506503,25.234089],[55.503123,25.235327],[55.495822,25.230066],[55.487083,25.229182],[55.482681,25.234209],[55.481316,25.236357],[55.479112,25.238903],[55.477688,25.240916],[55.477587,25.24093],[55.471449,25.245123],[55.470777,25.249301],[55.470818,25.250003],[55.470823,25.25062],[55.470909,25.252187],[55.470907,25.252339],[55.471885,25.25845],[55.471906,25.258543],[55.471841,25.259397],[55.471807,25.259501],[55.464383,25.261004],[55.460651,25.269109],[55.457384,25.27062],[55.451329,25.273355],[55.444106,25.272915],[55.437532,25.274288],[55.434492,25.275534],[55.429833,25.277233],[55.427624,25.278178],[55.421758,25.281097],[55.418949,25.277661],[55.417567,25.275867],[55.416325,25.274353],[55.414707,25.272471],[55.413374,25.271004],[55.405451,25.268213],[55.404736,25.26843],[55.401565,25.269878],[55.401074,25.270159],[55.400615,25.270139],[55.399283,25.267037],[55.392867,25.261024],[55.391536,25.261804],[55.389716,25.258698],[55.38606,25.254612],[55.38573,25.25409],[55.385605,25.253762],[55.385531,25.253509],[55.386337,25.252644],[55.388903,25.249723],[55.389513,25.24762],[55.39042,25.243459],[55.390643,25.241919],[55.382087,25.240028],[55.379645,25.242672],[55.372066,25.24201],[55.367286,25.243921],[55.366804,25.244099],[55.36631,25.244243],[55.365807,25.244355],[55.358312,25.246286],[55.356839,25.247139],[55.356019,25.247589],[55.354416,25.248469],[55.352803,25.249355],[55.352533,25.249501],[55.350821,25.246334]]],"type":"Polygon"},"properties":{"branch_id":"29","branch_name":"Mirdif 35","travel_mode":"driving-car","travel_direction":"destination","travel_minutes":10,"area_km2":81.66593131,"origin_latitude":25.2322986,"origin_longitude":55.4329599,"coordinate_source":"Google Places matched coordinates","data_source":"openrouteservice/HeiGIT; OpenStreetMap road network","generated_at":"2026-09-02T15:56:25+00:00"}},{"type":"Feature","id":"29-15","geometry":{"coordinates":[[[55.31759,25.260501],[55.319882,25.252955],[55.322669,25.250676],[55.326832,25.250214],[55.327699,25.249926],[55.329808,25.249172],[55.330119,25.24903],[55.330788,25.248767],[55.336756,25.243632],[55.337613,25.241468],[55.335429,25.232947],[55.33339,25.230982],[55.331898,25.229753],[55.330958,25.229062],[55.330351,25.228665],[55.321741,25.228003],[55.321027,25.228333],[55.319519,25.225064],[55.318661,25.21638],[55.315318,25.216835],[55.313936,25.217011],[55.313449,25.217018],[55.312694,25.216932],[55.312248,25.216805],[55.311903,25.216674],[55.31318,25.213308],[55.311891,25.20666],[55.305942,25.202207],[55.306596,25.198667],[55.308026,25.198931],[55.30847,25.199033],[55.308915,25.19916],[55.30935,25.199308],[55.309777,25.199479],[55.310193,25.199671],[55.310609,25.199896],[55.312255,25.200817],[55.312796,25.201211],[55.317001,25.203693],[55.317374,25.203897],[55.318003,25.204379],[55.323056,25.206793],[55.323422,25.207124],[55.331859,25.207807],[55.333468,25.206203],[55.334255,25.205931],[55.334415,25.20604],[55.334743,25.206327],[55.335062,25.20674],[55.335341,25.207327],[55.335946,25.208724],[55.335963,25.20887],[55.335357,25.210437],[55.340603,25.216825],[55.341691,25.217532],[55.343469,25.218385],[55.351457,25.215238],[55.349444,25.208044],[55.348204,25.204664],[55.349981,25.204012],[55.350972,25.203611],[55.352195,25.20307],[55.352675,25.202913],[55.353219,25.202831],[55.353599,25.202831],[55.354077,25.2029],[55.35468,25.203117],[55.355181,25.203429],[55.355536,25.203763],[55.360707,25.206788],[55.364709,25.20712],[55.365237,25.20706],[55.365693,25.207042],[55.366417,25.207066],[55.367138,25.207153],[55.367553,25.207233],[55.37367,25.200853],[55.372804,25.197955],[55.371871,25.195542],[55.371146,25.193228],[55.364058,25.187921],[55.362095,25.187888],[55.360135,25.187855],[55.357957,25.187821],[55.355757,25.187787],[55.355521,25.187765],[55.354322,25.187665],[55.353156,25.187715],[55.350928,25.188195],[55.347329,25.188267],[55.344127,25.187221],[55.341229,25.187161],[55.341303,25.183562],[55.344201,25.183622],[55.344838,25.183677],[55.346273,25.183756],[55.348188,25.183897],[55.349898,25.183741],[55.35061,25.183778],[55.353461,25.183671],[55.354773,25.183477],[55.3553,25.183494],[55.357522,25.183134],[55.36063,25.181271],[55.361676,25.180186],[55.362489,25.179688],[55.365137,25.17225],[55.36142,25.170528],[55.358882,25.170599],[55.356345,25.17067],[55.356244,25.167072],[55.3624,25.162312],[55.365867,25.161342],[55.372246,25.16202],[55.380358,25.162908],[55.385161,25.159308],[55.385726,25.151619],[55.384562,25.148799],[55.383454,25.146209],[55.382418,25.143809],[55.3808,25.140145],[55.379964,25.138415],[55.379313,25.137143],[55.378583,25.135848],[55.377529,25.134189],[55.377028,25.133454],[55.376194,25.132311],[55.375411,25.13131],[55.374632,25.130375],[55.373252,25.128863],[55.371847,25.127445],[55.371372,25.127],[55.370424,25.126153],[55.369686,25.125528],[55.368931,25.124917],[55.368163,25.124323],[55.367314,25.1237],[55.365842,25.122662],[55.363492,25.121008],[55.362101,25.120036],[55.357633,25.11767],[55.359105,25.114385],[55.366692,25.115692],[55.369508,25.117934],[55.375494,25.121568],[55.38272,25.123573],[55.383946,25.123854],[55.384235,25.124166],[55.384584,25.124642],[55.387852,25.127789],[55.395037,25.12701],[55.402632,25.128562],[55.404566,25.131598],[55.404124,25.13188],[55.403355,25.132316],[55.40249,25.132717],[55.399793,25.133765],[55.395918,25.141788],[55.396045,25.142828],[55.400598,25.147015],[55.404888,25.145653],[55.405023,25.145602],[55.405839,25.145561],[55.409438,25.145109],[55.409613,25.145038],[55.411215,25.145417],[55.419774,25.14429],[55.421928,25.141909],[55.423991,25.139579],[55.424812,25.138372],[55.425452,25.137658],[55.426544,25.136696],[55.426938,25.136517],[55.427983,25.1373],[55.42935,25.138509],[55.42923,25.139092],[55.428387,25.140037],[55.427201,25.141397],[55.426688,25.141964],[55.424624,25.144295],[55.423073,25.15117],[55.425228,25.154736],[55.425504,25.155756],[55.425677,25.156541],[55.432694,25.161858],[55.432889,25.165453],[55.440737,25.168825],[55.442319,25.166734],[55.442541,25.166289],[55.442962,25.165535],[55.443335,25.161731],[55.44428,25.159446],[55.441458,25.151728],[55.438638,25.149636],[55.440783,25.146745],[55.443603,25.148837],[55.452151,25.149361],[55.458807,25.147489],[55.460242,25.148273],[55.460371,25.148376],[55.460821,25.150474],[55.461767,25.15668],[55.460974,25.158449],[55.464769,25.165413],[55.468543,25.164697],[55.472403,25.163966],[55.473425,25.163824],[55.475231,25.163625],[55.476002,25.163569],[55.479226,25.16344],[55.482329,25.163299],[55.484472,25.16321],[55.486847,25.163108],[55.489227,25.163006],[55.49156,25.162913],[55.497211,25.162679],[55.499891,25.162556],[55.507602,25.161741],[55.50863,25.165191],[55.507907,25.165407],[55.507233,25.165573],[55.506562,25.165709],[55.505769,25.165832],[55.504914,25.165921],[55.504174,25.16597],[55.498824,25.169594],[55.496665,25.168666],[55.494284,25.168019],[55.493592,25.16784],[55.487534,25.167285],[55.487005,25.167375],[55.486988,25.167375],[55.484162,25.167468],[55.48365,25.167503],[55.479389,25.167036],[55.476146,25.167166],[55.475499,25.167215],[55.473821,25.167402],[55.471467,25.176034],[55.469221,25.180891],[55.476329,25.186224],[55.479001,25.185822],[55.48121,25.185478],[55.483418,25.185134],[55.486382,25.18467],[55.489363,25.184203],[55.490621,25.184018],[55.4932,25.183605],[55.495117,25.183265],[55.496008,25.18308],[55.497822,25.182665],[55.499612,25.182208],[55.500688,25.181881],[55.502824,25.181205],[55.504051,25.180589],[55.505015,25.180221],[55.506141,25.179679],[55.506943,25.179295],[55.507981,25.17887],[55.509404,25.178334],[55.509983,25.178099],[55.510516,25.177853],[55.511058,25.17758],[55.511962,25.177104],[55.51284,25.176492],[55.513327,25.176236],[55.514153,25.176053],[55.51468,25.176099],[55.515288,25.176315],[55.515742,25.176626],[55.517365,25.177821],[55.519406,25.179285],[55.523696,25.18158],[55.526055,25.183116],[55.526973,25.18384],[55.528666,25.185466],[55.536313,25.184525],[55.536907,25.183889],[55.538713,25.182175],[55.543253,25.178119],[55.545075,25.176407],[55.549329,25.177767],[55.54882,25.181331],[55.544975,25.189021],[55.54461,25.191313],[55.545211,25.199662],[55.546373,25.200823],[55.546953,25.201426],[55.54808,25.202645],[55.549917,25.204762],[55.547197,25.207121],[55.544669,25.20473],[55.536112,25.204936],[55.535144,25.208218],[55.53396,25.210412],[55.532017,25.213443],[55.530543,25.218929],[55.53052,25.218958],[55.535594,25.226387],[55.536098,25.226285],[55.536671,25.226206],[55.537243,25.226167],[55.537816,25.226167],[55.538395,25.226206],[55.538976,25.226287],[55.540073,25.226516],[55.539339,25.23004],[55.540627,25.236496],[55.54039,25.239113],[55.539579,25.239954],[55.53421,25.244831],[55.533595,25.245402],[55.533207,25.245733],[55.532444,25.246314],[55.531882,25.246709],[55.531289,25.247087],[55.530421,25.247573],[55.529608,25.247951],[55.527719,25.248714],[55.527657,25.248737],[55.526162,25.249283],[55.522984,25.250497],[55.519611,25.251773],[55.516238,25.253048],[55.512793,25.254366],[55.50884,25.255705],[55.506121,25.256736],[55.503402,25.257768],[55.500673,25.258803],[55.500191,25.258952],[55.499695,25.259012],[55.499191,25.258984],[55.492613,25.259451],[55.489334,25.262498],[55.488997,25.262941],[55.48821,25.26364],[55.487801,25.263829],[55.484527,25.265067],[55.481336,25.266273],[55.479627,25.266899],[55.47723,25.267839],[55.475347,25.268555],[55.473446,25.269302],[55.471631,25.269824],[55.469792,25.270528],[55.464421,25.272714],[55.461438,25.273877],[55.459534,25.281525],[55.458699,25.283401],[55.456952,25.289335],[55.456776,25.292365],[55.458257,25.299456],[55.460681,25.302118],[55.460358,25.302411],[55.459972,25.302727],[55.459507,25.303064],[55.458293,25.303835],[55.457268,25.304602],[55.455588,25.305777],[55.454621,25.306366],[55.451542,25.313332],[55.452974,25.315343],[55.453746,25.316359],[55.454795,25.317663],[55.456616,25.319843],[55.457497,25.320968],[55.458106,25.321816],[55.459189,25.323327],[55.460197,25.324741],[55.461022,25.325745],[55.463544,25.329178],[55.466061,25.332604],[55.4672,25.334141],[55.469154,25.336897],[55.47102,25.339554],[55.473759,25.343409],[55.475056,25.345166],[55.476353,25.346923],[55.473456,25.349061],[55.472159,25.347304],[55.470863,25.345547],[55.468073,25.341622],[55.462205,25.338161],[55.460143,25.33521],[55.455117,25.327914],[55.455114,25.327909],[55.454574,25.323069],[55.445809,25.323757],[55.445116,25.324022],[55.442691,25.324759],[55.440758,25.324654],[55.438841,25.323612],[55.430316,25.324509],[55.428196,25.325708],[55.427335,25.326196],[55.42556,25.323064],[55.424703,25.317336],[55.416175,25.31476],[55.413239,25.317028],[55.412731,25.317413],[55.411861,25.317398],[55.411496,25.31737],[55.411189,25.317343],[55.410577,25.316542],[55.410559,25.314542],[55.412897,25.31107],[55.412798,25.302844],[55.408772,25.298729],[55.401405,25.298789],[55.401206,25.298852],[55.399707,25.299435],[55.396302,25.300722],[55.393522,25.301761],[55.392507,25.302152],[55.391213,25.298793],[55.39103,25.294949],[55.384369,25.290144],[55.382702,25.290874],[55.382546,25.290675],[55.380352,25.28821],[55.371772,25.287154],[55.370776,25.286989],[55.370689,25.286965],[55.363042,25.284572],[55.356419,25.284726],[55.352672,25.286094],[55.352052,25.286273],[55.351976,25.28628],[55.350499,25.283328],[55.348528,25.276786],[55.345907,25.27497],[55.34482,25.273906],[55.340913,25.270453],[55.340753,25.270293],[55.339387,25.269074],[55.332102,25.266806],[55.328525,25.267218],[55.326436,25.266995],[55.326323,25.26698],[55.318527,25.263763],[55.31759,25.260501]]],"type":"Polygon"},"properties":{"branch_id":"29","branch_name":"Mirdif 35","travel_mode":"driving-car","travel_direction":"destination","travel_minutes":15,"area_km2":276.93917669999996,"origin_latitude":25.2322986,"origin_longitude":55.4329599,"coordinate_source":"Google Places matched coordinates","data_source":"openrouteservice/HeiGIT; OpenStreetMap road network","generated_at":"2026-09-02T15:56:25+00:00"}},{"type":"Feature","id":"44-5","geometry":{"coordinates":[[[54.531636,24.382973],[54.531641,24.382915],[54.531722,24.380343],[54.526468,24.375505],[54.524848,24.375449],[54.523604,24.369139],[54.523569,24.368263],[54.52405,24.360097],[54.523938,24.35855],[54.52404,24.355506],[54.52402,24.348323],[54.524647,24.343425],[54.528243,24.343598],[54.533094,24.33857],[54.534377,24.336069],[54.537073,24.332525],[54.540669,24.332692],[54.547898,24.336828],[54.5486,24.336954],[54.549024,24.337146],[54.549164,24.337231],[54.552781,24.340188],[54.555451,24.342428],[54.562091,24.346269],[54.561932,24.349866],[54.559672,24.358054],[54.560249,24.358927],[54.560638,24.365151],[54.560636,24.365188],[54.557531,24.371505],[54.556453,24.372709],[54.551578,24.376957],[54.550475,24.376928],[54.543262,24.378831],[54.540864,24.380722],[54.53754,24.385394],[54.535456,24.386545],[54.535441,24.386544],[54.533153,24.384897],[54.531636,24.382973]]],"type":"Polygon"},"properties":{"branch_id":"44","branch_name":"Mohammed Bin Zayed City","travel_mode":"driving-car","travel_direction":"destination","travel_minutes":5,"area_km2":16.34067117,"origin_latitude":24.3667831,"origin_longitude":54.5403404,"coordinate_source":"Google Places matched coordinates","data_source":"openrouteservice/HeiGIT; OpenStreetMap road network","generated_at":"2026-09-02T15:56:26+00:00"}},{"type":"Feature","id":"44-10","geometry":{"coordinates":[[[54.486111,24.418406],[54.492353,24.417015],[54.493822,24.415894],[54.499609,24.414298],[54.50291,24.410752],[54.503662,24.407791],[54.501145,24.402315],[54.496199,24.40236],[54.493289,24.40317],[54.49245,24.403389],[54.489695,24.404192],[54.486844,24.404986],[54.48397,24.405786],[54.48155,24.406426],[54.47913,24.407066],[54.47821,24.403585],[54.48063,24.402945],[54.48305,24.402305],[54.485878,24.401518],[54.492578,24.398194],[54.494481,24.397347],[54.499172,24.394275],[54.499847,24.393665],[54.504878,24.392502],[54.50517,24.383906],[54.501898,24.38389],[54.498549,24.383496],[54.496642,24.383422],[54.494735,24.383348],[54.489219,24.376834],[54.485434,24.373845],[54.484878,24.372876],[54.484714,24.372489],[54.484695,24.372426],[54.485561,24.370247],[54.491537,24.366388],[54.492347,24.365929],[54.490169,24.357253],[54.48815,24.355985],[54.488366,24.353849],[54.483094,24.346735],[54.482551,24.346598],[54.481615,24.345915],[54.48156,24.345839],[54.483632,24.343175],[54.486234,24.343272],[54.491295,24.336846],[54.491443,24.33621],[54.492773,24.334824],[54.496188,24.333356],[54.502374,24.329145],[54.506483,24.321577],[54.512539,24.315826],[54.517248,24.313279],[54.525663,24.311358],[54.52603,24.310354],[54.526252,24.309839],[54.526514,24.309298],[54.528101,24.306877],[54.528511,24.306355],[54.528834,24.306006],[54.529571,24.30526],[54.530043,24.304829],[54.531056,24.303992],[54.533623,24.301947],[54.536291,24.299828],[54.538764,24.297856],[54.540203,24.296681],[54.541711,24.295431],[54.543227,24.294175],[54.544372,24.293237],[54.548442,24.28992],[54.554074,24.284442],[54.556706,24.286898],[54.555792,24.294505],[54.557685,24.302418],[54.561332,24.306861],[54.562884,24.312191],[54.568207,24.314604],[54.570381,24.314689],[54.57656,24.317232],[54.577371,24.320054],[54.581878,24.324643],[54.587917,24.321637],[54.589745,24.319006],[54.592702,24.32106],[54.590874,24.323691],[54.588839,24.326592],[54.586339,24.331692],[54.582695,24.339038],[54.581928,24.340312],[54.580813,24.341952],[54.579971,24.342626],[54.575126,24.346178],[54.573854,24.347998],[54.573234,24.349177],[54.57533,24.35736],[54.57581,24.357991],[54.576275,24.358682],[54.576604,24.359173],[54.576804,24.359742],[54.573363,24.36287],[54.569342,24.367451],[54.567361,24.37058],[54.56649,24.371924],[54.566282,24.372223],[54.565665,24.373048],[54.565063,24.373595],[54.559773,24.380841],[54.558858,24.38147],[54.557802,24.381492],[54.557286,24.381067],[54.555269,24.379769],[54.547782,24.382437],[54.547811,24.390643],[54.551103,24.391293],[54.55439,24.391941],[54.554913,24.39213],[54.557071,24.392462],[54.559927,24.393048],[54.560543,24.393171],[54.561477,24.393377],[54.560703,24.396893],[54.559224,24.396579],[54.556347,24.395988],[54.553986,24.395627],[54.550407,24.394824],[54.547114,24.394175],[54.545553,24.393847],[54.543566,24.393429],[54.535233,24.396791],[54.533524,24.398681],[54.532304,24.400051],[54.530261,24.402335],[54.528143,24.404697],[54.527513,24.405308],[54.527039,24.405687],[54.526395,24.406138],[54.525407,24.406708],[54.521319,24.408544],[54.51723,24.410381],[54.514157,24.411756],[54.511435,24.412989],[54.508702,24.414226],[54.507232,24.41488],[54.501088,24.41758],[54.4962,24.41979],[54.494429,24.420592],[54.491628,24.421864],[54.491246,24.422006],[54.490564,24.422191],[54.489917,24.422292],[54.489528,24.422316],[54.489172,24.422313],[54.488614,24.422282],[54.485744,24.421987],[54.486111,24.418406]]],"type":"Polygon"},"properties":{"branch_id":"44","branch_name":"Mohammed Bin Zayed City","travel_mode":"driving-car","travel_direction":"destination","travel_minutes":10,"area_km2":84.71587577,"origin_latitude":24.3667831,"origin_longitude":54.5403404,"coordinate_source":"Google Places matched coordinates","data_source":"openrouteservice/HeiGIT; OpenStreetMap road network","generated_at":"2026-09-02T15:56:26+00:00"}},{"type":"Feature","id":"44-15","geometry":{"coordinates":[[[54.390986,24.42772],[54.397645,24.425367],[54.397853,24.42531],[54.398541,24.425255],[54.406543,24.422778],[54.406787,24.422708],[54.4077,24.422453],[54.41157,24.422059],[54.417445,24.418068],[54.419157,24.41655],[54.419533,24.416285],[54.420016,24.416071],[54.421918,24.415525],[54.423465,24.415073],[54.429436,24.415963],[54.433572,24.415316],[54.435774,24.414703],[54.443198,24.412195],[54.443767,24.411954],[54.444296,24.411821],[54.444788,24.411764],[54.446132,24.411719],[54.448451,24.411652],[54.449117,24.411552],[54.450569,24.411197],[54.451288,24.41113],[54.45691,24.405493],[54.456762,24.403819],[54.460728,24.397839],[54.461127,24.397763],[54.465465,24.397707],[54.469589,24.398494],[54.469762,24.398485],[54.469931,24.398514],[54.473717,24.398575],[54.478151,24.400242],[54.485554,24.398649],[54.486608,24.395769],[54.48663,24.394189],[54.487067,24.394077],[54.489304,24.394659],[54.491753,24.394335],[54.493551,24.393489],[54.493625,24.39347],[54.495636,24.39326],[54.495939,24.393175],[54.496022,24.39315],[54.496149,24.393117],[54.496317,24.393073],[54.497551,24.392732],[54.498099,24.392572],[54.498468,24.392468],[54.498966,24.392327],[54.498549,24.383496],[54.49615,24.383679],[54.493723,24.383464],[54.491817,24.383384],[54.490012,24.383166],[54.485834,24.383],[54.483845,24.383078],[54.481904,24.383],[54.479848,24.383011],[54.477663,24.382933],[54.475871,24.382602],[54.473897,24.38267],[54.471878,24.382587],[54.464942,24.380784],[54.464851,24.380355],[54.464947,24.378133],[54.465094,24.3761],[54.4651,24.376025],[54.467638,24.368242],[54.467432,24.364648],[54.462482,24.359356],[54.460656,24.355018],[54.457177,24.348268],[54.456653,24.347427],[54.4566,24.347241],[54.459044,24.339425],[54.46186,24.331326],[54.462119,24.330463],[54.463571,24.326654],[54.465137,24.323045],[54.466892,24.321652],[54.473065,24.31626],[54.474058,24.316299],[54.474833,24.31633],[54.475418,24.316353],[54.480183,24.317643],[54.4857,24.314988],[54.486263,24.314891],[54.486881,24.314797],[54.494011,24.311169],[54.494569,24.309881],[54.496722,24.304201],[54.498321,24.299478],[54.498573,24.2986],[54.499239,24.298612],[54.502896,24.298693],[54.50862,24.300637],[54.509145,24.30121],[54.509235,24.303563],[54.516532,24.307315],[54.517596,24.307213],[54.518285,24.30725],[54.518846,24.307373],[54.519646,24.307934],[54.528101,24.306877],[54.528511,24.306355],[54.528834,24.306006],[54.529571,24.30526],[54.530043,24.304829],[54.531056,24.303992],[54.533623,24.301947],[54.536291,24.299828],[54.538764,24.297856],[54.540203,24.296681],[54.541711,24.295431],[54.543227,24.294175],[54.542005,24.285612],[54.54127,24.285233],[54.538901,24.284602],[54.535408,24.2834],[54.5331,24.282621],[54.531882,24.282229],[54.530236,24.281754],[54.52892,24.281393],[54.527101,24.280771],[54.525281,24.28015],[54.521552,24.278875],[54.517824,24.2776],[54.514595,24.276496],[54.511366,24.275392],[54.51253,24.271986],[54.51576,24.27309],[54.518989,24.274194],[54.526232,24.27415],[54.526646,24.274047],[54.527138,24.273972],[54.527684,24.273948],[54.528229,24.273987],[54.528765,24.27409],[54.529286,24.274254],[54.529945,24.274569],[54.530323,24.274806],[54.530639,24.27505],[54.530931,24.275322],[54.531197,24.275619],[54.531436,24.275941],[54.531642,24.276285],[54.534383,24.279263],[54.53656,24.279989],[54.543039,24.274925],[54.54634,24.276362],[54.553181,24.281363],[54.555456,24.279519],[54.55707,24.277981],[54.562597,24.27532],[54.564131,24.274143],[54.564819,24.273634],[54.566529,24.272319],[54.568042,24.271195],[54.56968,24.269925],[54.571133,24.268765],[54.573223,24.267159],[54.575314,24.265554],[54.577405,24.263948],[54.579496,24.262343],[54.582189,24.260274],[54.584882,24.258206],[54.587034,24.256554],[54.589186,24.254901],[54.591338,24.253248],[54.59351,24.251581],[54.594558,24.250801],[54.59579,24.249976],[54.597111,24.249176],[54.597701,24.24885],[54.598658,24.24835],[54.599409,24.247988],[54.60073,24.247407],[54.601799,24.246985],[54.602857,24.246607],[54.603924,24.246269],[54.605336,24.245883],[54.60614,24.245695],[54.607369,24.245458],[54.609132,24.245183],[54.61038,24.245045],[54.611554,24.244939],[54.612227,24.24491],[54.613808,24.244887],[54.613861,24.248486],[54.61228,24.24851],[54.61071,24.24863],[54.609528,24.248761],[54.607928,24.249014],[54.606823,24.249229],[54.606163,24.249387],[54.604877,24.249741],[54.603949,24.250038],[54.603013,24.250374],[54.602054,24.250754],[54.600861,24.251282],[54.600227,24.25159],[54.59937,24.25204],[54.598854,24.252326],[54.597658,24.253053],[54.596566,24.253789],[54.595663,24.254466],[54.593531,24.256104],[54.589189,24.26347],[54.587928,24.266837],[54.586455,24.271068],[54.585697,24.273576],[54.585508,24.279053],[54.593565,24.281468],[54.59571,24.279734],[54.597973,24.282534],[54.59612,24.28948],[54.596021,24.289567],[54.593856,24.291742],[54.595058,24.300423],[54.596136,24.301003],[54.596641,24.301302],[54.597317,24.30175],[54.598073,24.302316],[54.598638,24.302782],[54.606372,24.304597],[54.607627,24.304229],[54.612351,24.302322],[54.613026,24.301812],[54.613998,24.301633],[54.618772,24.300346],[54.61943,24.299891],[54.62049,24.299137],[54.621384,24.290904],[54.622685,24.289906],[54.624061,24.288991],[54.626412,24.287202],[54.63489,24.288872],[54.637967,24.286498],[54.641056,24.284114],[54.643698,24.282113],[54.645508,24.280684],[54.647346,24.279234],[54.650187,24.277079],[54.652162,24.275524],[54.654915,24.27341],[54.657778,24.271218],[54.658871,24.270506],[54.65978,24.270003],[54.660999,24.269404],[54.663124,24.26844],[54.663847,24.268125],[54.665287,24.271424],[54.664491,24.271796],[54.662487,24.272683],[54.661368,24.273234],[54.659753,24.274227],[54.657108,24.276265],[54.654354,24.27838],[54.654073,24.285294],[54.651071,24.287282],[54.650343,24.286747],[54.64323,24.286984],[54.642549,24.295215],[54.643033,24.296591],[54.641136,24.298764],[54.642175,24.307151],[54.639531,24.309594],[54.634853,24.306789],[54.630391,24.306051],[54.629142,24.306239],[54.628726,24.306254],[54.628106,24.306148],[54.621021,24.307362],[54.620455,24.307793],[54.615076,24.306092],[54.611745,24.306918],[54.60823,24.315079],[54.608672,24.315471],[54.609673,24.316265],[54.611756,24.317695],[54.613588,24.318901],[54.617413,24.320957],[54.619787,24.322517],[54.626557,24.321202],[54.626792,24.321017],[54.627725,24.320767],[54.627832,24.320793],[54.62902,24.323813],[54.632508,24.33176],[54.633156,24.33242],[54.633872,24.333205],[54.634546,24.33402],[54.635095,24.334751],[54.636457,24.336769],[54.638234,24.339493],[54.640015,24.342225],[54.641255,24.344147],[54.642495,24.346068],[54.643735,24.34799],[54.644944,24.349865],[54.645789,24.351091],[54.64666,24.352444],[54.643633,24.354393],[54.642258,24.352506],[54.641993,24.352016],[54.64071,24.349941],[54.63947,24.34802],[54.632421,24.344958],[54.63079,24.344728],[54.630667,24.34464],[54.631117,24.341603],[54.630501,24.334852],[54.62531,24.33344],[54.622104,24.33471],[54.61905,24.34171],[54.618494,24.343183],[54.61821,24.351145],[54.620308,24.35407],[54.619782,24.362134],[54.617517,24.363423],[54.616652,24.363914],[54.615724,24.362825],[54.613785,24.360534],[54.605579,24.362914],[54.605354,24.36372],[54.605291,24.363749],[54.604796,24.3639],[54.603508,24.363684],[54.603324,24.363536],[54.602115,24.361755],[54.601469,24.361058],[54.59296,24.358487],[54.592883,24.358481],[54.592207,24.35829],[54.592144,24.358255],[54.587404,24.356948],[54.586058,24.356544],[54.585424,24.35556],[54.585323,24.355409],[54.585142,24.35504],[54.584115,24.351626],[54.584536,24.35133],[54.589261,24.347226],[54.589074,24.344149],[54.580813,24.341952],[54.579971,24.342626],[54.575126,24.346178],[54.573854,24.347998],[54.573234,24.349177],[54.57533,24.35736],[54.57581,24.357991],[54.576275,24.358682],[54.576604,24.359173],[54.576804,24.359742],[54.573363,24.36287],[54.569342,24.367451],[54.567117,24.371893],[54.567033,24.375697],[54.566925,24.376615],[54.566306,24.377451],[54.56496,24.37763],[54.559773,24.380841],[54.558858,24.38147],[54.557802,24.381492],[54.557286,24.381067],[54.555269,24.379769],[54.547581,24.383352],[54.551103,24.391293],[54.55439,24.391941],[54.554913,24.39213],[54.557071,24.392462],[54.559927,24.393048],[54.560543,24.393171],[54.561477,24.393377],[54.56357,24.393838],[54.563832,24.393912],[54.565613,24.394246],[54.567646,24.394652],[54.574823,24.3909],[54.575556,24.389471],[54.576108,24.388554],[54.576916,24.387016],[54.578121,24.384215],[54.578458,24.383601],[54.578462,24.383595],[54.578725,24.383176],[54.579058,24.382795],[54.579778,24.382128],[54.58323,24.379024],[54.584972,24.377115],[54.587632,24.379542],[54.58589,24.381451],[54.583896,24.389904],[54.585011,24.398098],[54.587894,24.398666],[54.588009,24.398693],[54.589089,24.398985],[54.590609,24.399208],[54.593299,24.399746],[54.595251,24.400107],[54.597227,24.400473],[54.600705,24.401164],[54.604182,24.401855],[54.607241,24.402463],[54.610226,24.403056],[54.613223,24.403651],[54.615925,24.404208],[54.616045,24.404235],[54.617826,24.404569],[54.619109,24.404839],[54.620737,24.405191],[54.622845,24.40561],[54.623856,24.405791],[54.624542,24.405955],[54.62565,24.406266],[54.626618,24.40659],[54.627867,24.407074],[54.629021,24.407621],[54.637189,24.409185],[54.637904,24.409079],[54.6391,24.408952],[54.640223,24.408877],[54.640463,24.412469],[54.636811,24.413188],[54.633099,24.415316],[54.629869,24.42028],[54.627112,24.422595],[54.625684,24.420894],[54.624974,24.420037],[54.624474,24.419378],[54.623862,24.418487],[54.623512,24.417919],[54.622989,24.417003],[54.621449,24.414174],[54.619927,24.411375],[54.612497,24.407177],[54.605078,24.407439],[54.597737,24.408941],[54.592914,24.411408],[54.584695,24.414655],[54.584575,24.414621],[54.579078,24.414095],[54.574691,24.417651],[54.56797,24.420319],[54.567876,24.42039],[54.564112,24.418676],[54.559846,24.419137],[54.556197,24.421509],[54.556191,24.421513],[54.553534,24.423058],[54.555941,24.430905],[54.556107,24.430961],[54.556832,24.431245],[54.557519,24.431485],[54.558735,24.431692],[54.561528,24.432479],[54.564322,24.433266],[54.567118,24.434054],[54.569348,24.434685],[54.571578,24.435317],[54.570597,24.43878],[54.568367,24.438149],[54.566137,24.437517],[54.558284,24.435475],[54.556482,24.434933],[54.550021,24.432957],[54.547851,24.432345],[54.545681,24.431734],[54.543511,24.431122],[54.540014,24.430151],[54.536509,24.429178],[54.534123,24.428499],[54.531747,24.427824],[54.525255,24.426677],[54.5252,24.426664],[54.516657,24.425527],[54.514341,24.425673],[54.51206,24.425816],[54.508588,24.425927],[54.508167,24.425922],[54.50742,24.425846],[54.506803,24.425707],[54.50629,24.425538],[54.505489,24.425177],[54.498522,24.423892],[54.493154,24.425507],[54.487693,24.425454],[54.480566,24.427283],[54.478729,24.427574],[54.471046,24.430334],[54.469146,24.432581],[54.468235,24.433237],[54.462398,24.438406],[54.461354,24.439328],[54.454015,24.441926],[54.452217,24.442588],[54.447716,24.444017],[54.445905,24.444514],[54.444105,24.445007],[54.440286,24.446083],[54.438775,24.446498],[54.438262,24.446613],[54.437671,24.446711],[54.437086,24.446776],[54.436468,24.446817],[54.435869,24.446818],[54.434306,24.446745],[54.433329,24.446659],[54.432296,24.446515],[54.43279,24.442949],[54.428457,24.436036],[54.426848,24.436166],[54.425396,24.436465],[54.417927,24.432781],[54.416599,24.429435],[54.410155,24.426204],[54.407062,24.427053],[54.403967,24.427903],[54.401882,24.428475],[54.399789,24.429049],[54.394639,24.430422],[54.391972,24.431182],[54.390986,24.42772]]],"type":"Polygon"},"properties":{"branch_id":"44","branch_name":"Mohammed Bin Zayed City","travel_mode":"driving-car","travel_direction":"destination","travel_minutes":15,"area_km2":223.54267222999997,"origin_latitude":24.3667831,"origin_longitude":54.5403404,"coordinate_source":"Google Places matched coordinates","data_source":"openrouteservice/HeiGIT; OpenStreetMap road network","generated_at":"2026-09-02T15:56:26+00:00"}},{"type":"Feature","id":"31-5","geometry":{"coordinates":[[[55.34076,25.167472],[55.342192,25.167385],[55.348307,25.161195],[55.348059,25.158461],[55.347111,25.156157],[55.347228,25.155857],[55.351244,25.151044],[55.348666,25.145412],[55.346753,25.144262],[55.348608,25.141176],[55.350521,25.142327],[55.35832,25.141584],[55.359557,25.141453],[55.36799,25.142353],[55.368602,25.142043],[55.369211,25.141777],[55.371124,25.14089],[55.371935,25.140573],[55.375702,25.13876],[55.378287,25.138254],[55.381851,25.142395],[55.382195,25.142899],[55.384194,25.150092],[55.383535,25.151306],[55.382314,25.153819],[55.385973,25.161279],[55.387265,25.164639],[55.384622,25.16894],[55.381327,25.170391],[55.376787,25.172449],[55.374778,25.176622],[55.372298,25.184043],[55.371208,25.185135],[55.370951,25.185371],[55.368825,25.184988],[55.367177,25.182813],[55.367056,25.182644],[55.36632,25.181546],[55.360756,25.17546],[55.357068,25.17065],[55.35266,25.170773],[55.351554,25.170769],[55.347967,25.170918],[55.346258,25.171133],[55.346072,25.171141],[55.340978,25.171065],[55.34076,25.167472]]],"type":"Polygon"},"properties":{"branch_id":"31","branch_name":"Nad Al Sheba","travel_mode":"driving-car","travel_direction":"destination","travel_minutes":5,"area_km2":14.18483664,"origin_latitude":25.1595625,"origin_longitude":55.3696875,"coordinate_source":"Google Places matched coordinates","data_source":"openrouteservice/HeiGIT; OpenStreetMap road network","generated_at":"2026-09-02T15:56:26+00:00"}},{"type":"Feature","id":"31-10","geometry":{"coordinates":[[[55.302307,25.180253],[55.304683,25.179879],[55.305043,25.170988],[55.304498,25.170643],[55.303766,25.17011],[55.303284,25.169707],[55.302786,25.169241],[55.302012,25.168498],[55.301443,25.167975],[55.300524,25.167162],[55.298867,25.165632],[55.296979,25.163843],[55.295122,25.162084],[55.292626,25.15983],[55.288553,25.156865],[55.290438,25.153797],[55.291666,25.154552],[55.292392,25.155037],[55.293161,25.155599],[55.294256,25.156484],[55.302191,25.160284],[55.30383,25.160673],[55.303904,25.160692],[55.304869,25.160942],[55.305756,25.162248],[55.312051,25.16485],[55.315413,25.163362],[55.316613,25.16277],[55.322743,25.158327],[55.324211,25.156053],[55.324794,25.155171],[55.325195,25.155029],[55.33264,25.150273],[55.333624,25.14681],[55.334881,25.147167],[55.336617,25.147667],[55.340331,25.147379],[55.345322,25.141753],[55.345409,25.141321],[55.345636,25.140807],[55.346214,25.139857],[55.348136,25.137138],[55.34962,25.13539],[55.351113,25.133632],[55.352947,25.131503],[55.353734,25.130568],[55.355175,25.128875],[55.357904,25.125709],[55.357095,25.117199],[55.358557,25.113909],[55.361462,25.1152],[55.367705,25.113892],[55.369765,25.111422],[55.37207,25.108675],[55.373626,25.106857],[55.37408,25.106282],[55.375924,25.104325],[55.376571,25.103603],[55.377736,25.102289],[55.380154,25.099419],[55.381371,25.097878],[55.383372,25.095427],[55.384963,25.0935],[55.386554,25.091573],[55.38933,25.093866],[55.387662,25.096128],[55.385931,25.098462],[55.383242,25.104854],[55.38178,25.108144],[55.38026,25.114098],[55.378167,25.117028],[55.374191,25.125038],[55.375891,25.126416],[55.376437,25.126666],[55.376853,25.127121],[55.377278,25.127598],[55.378028,25.128399],[55.378422,25.128886],[55.381811,25.132002],[55.389784,25.133804],[55.392104,25.135143],[55.392123,25.135243],[55.392265,25.136068],[55.391443,25.137002],[55.391315,25.137065],[55.386897,25.144867],[55.387872,25.147383],[55.389054,25.150245],[55.389267,25.150717],[55.390153,25.152551],[55.398297,25.150135],[55.398577,25.150024],[55.400119,25.149552],[55.403928,25.147349],[55.403961,25.147336],[55.406745,25.146792],[55.408444,25.146071],[55.408926,25.14585],[55.409441,25.145702],[55.410261,25.145709],[55.41034,25.145728],[55.418597,25.145742],[55.419774,25.14429],[55.421928,25.141909],[55.423964,25.139609],[55.42666,25.141995],[55.424624,25.144295],[55.424347,25.153073],[55.423802,25.155147],[55.423742,25.155195],[55.423092,25.155605],[55.421443,25.155201],[55.413783,25.15725],[55.409434,25.163639],[55.409276,25.165211],[55.409239,25.165299],[55.408137,25.165793],[55.40793,25.165891],[55.406725,25.165928],[55.404321,25.165646],[55.404214,25.165573],[55.403236,25.165041],[55.396504,25.170299],[55.396943,25.171663],[55.397264,25.172778],[55.402709,25.177166],[55.406823,25.176366],[55.407298,25.176342],[55.408489,25.176203],[55.411052,25.17558],[55.412868,25.175544],[55.415266,25.174796],[55.417749,25.174313],[55.418436,25.177847],[55.415953,25.17833],[55.413535,25.179082],[55.411374,25.179489],[55.408902,25.179779],[55.407766,25.179926],[55.402457,25.181879],[55.398607,25.188985],[55.398465,25.191797],[55.398335,25.194905],[55.399859,25.202117],[55.400511,25.20348],[55.401936,25.206612],[55.403355,25.209733],[55.404381,25.211949],[55.405461,25.214347],[55.405818,25.215177],[55.402509,25.216597],[55.402153,25.215767],[55.40099,25.213738],[55.400451,25.212484],[55.399627,25.21072],[55.398866,25.209494],[55.390642,25.205915],[55.385901,25.211354],[55.386038,25.214951],[55.38104,25.216647],[55.378459,25.225106],[55.378585,25.226453],[55.379006,25.228189],[55.379312,25.229912],[55.379397,25.230542],[55.375829,25.231022],[55.374871,25.228987],[55.374804,25.228832],[55.37372,25.226379],[55.366566,25.224196],[55.36486,25.224996],[55.363154,25.225796],[55.361724,25.22628],[55.360262,25.224616],[55.360113,25.223061],[55.361131,25.222551],[55.362235,25.221976],[55.365747,25.218426],[55.362985,25.210947],[55.362552,25.209733],[55.362523,25.209609],[55.362548,25.207374],[55.36284,25.203228],[55.363873,25.201037],[55.364399,25.199983],[55.367374,25.200199],[55.371151,25.193188],[55.370762,25.191772],[55.363994,25.187631],[55.362535,25.187722],[55.360828,25.187733],[55.360135,25.187855],[55.357957,25.187821],[55.355757,25.187787],[55.35028,25.190704],[55.350183,25.197986],[55.350404,25.198531],[55.350503,25.199199],[55.350438,25.199769],[55.350057,25.201434],[55.349143,25.202425],[55.348867,25.20267],[55.34836,25.202366],[55.344862,25.199059],[55.344579,25.198659],[55.34433,25.198088],[55.344216,25.197551],[55.344298,25.194189],[55.338814,25.18712],[55.337769,25.18692],[55.335296,25.186965],[55.331788,25.18681],[55.329094,25.186705],[55.32775,25.186583],[55.327081,25.18649],[55.326456,25.186379],[55.3257,25.186193],[55.324668,25.185875],[55.323738,25.185516],[55.3209,25.184389],[55.319078,25.183637],[55.310476,25.182751],[55.308419,25.183043],[55.306338,25.183339],[55.305529,25.183443],[55.302799,25.18382],[55.302307,25.180253]]],"type":"Polygon"},"properties":{"branch_id":"31","branch_name":"Nad Al Sheba","travel_mode":"driving-car","travel_direction":"destination","travel_minutes":10,"area_km2":70.1744482,"origin_latitude":25.1595625,"origin_longitude":55.3696875,"coordinate_source":"Google Places matched coordinates","data_source":"openrouteservice/HeiGIT; OpenStreetMap road network","generated_at":"2026-09-02T15:56:26+00:00"}},{"type":"Feature","id":"31-15","geometry":{"coordinates":[[[55.327779,25.252517],[55.327568,25.252067],[55.328364,25.249985],[55.328391,25.24997],[55.329232,25.249478],[55.329808,25.249172],[55.330119,25.24903],[55.330788,25.248767],[55.336756,25.243632],[55.337613,25.241468],[55.335429,25.232947],[55.33339,25.230982],[55.331898,25.229753],[55.330958,25.229062],[55.330351,25.228665],[55.321741,25.228003],[55.320457,25.228636],[55.317543,25.230146],[55.314654,25.231643],[55.313733,25.232138],[55.312029,25.228966],[55.31295,25.228472],[55.315318,25.227098],[55.316856,25.225781],[55.3188,25.22544],[55.321415,25.222878],[55.315318,25.216835],[55.313936,25.217011],[55.313449,25.217018],[55.312694,25.216932],[55.312248,25.216805],[55.311524,25.21648],[55.310934,25.216054],[55.310461,25.215564],[55.31015,25.215111],[55.30994,25.2147],[55.309804,25.214355],[55.30935,25.213044],[55.309571,25.208317],[55.303731,25.201696],[55.303147,25.20153],[55.301714,25.201043],[55.300613,25.200582],[55.299781,25.200166],[55.301393,25.196947],[55.29505,25.190691],[55.291711,25.189555],[55.286026,25.183585],[55.285229,25.183233],[55.283487,25.182499],[55.281705,25.181747],[55.280292,25.18111],[55.279717,25.180829],[55.276937,25.179265],[55.276248,25.178841],[55.275386,25.178241],[55.273897,25.177213],[55.272537,25.176114],[55.270217,25.174672],[55.262028,25.173745],[55.260539,25.174756],[55.258517,25.171777],[55.261059,25.163231],[55.260708,25.162346],[55.260452,25.161476],[55.260287,25.1608],[55.260138,25.160086],[55.260022,25.159377],[55.259926,25.158401],[55.259858,25.156448],[55.25979,25.154475],[55.25974,25.152325],[55.259612,25.147869],[55.258895,25.14001],[55.262435,25.139355],[55.262783,25.141235],[55.268228,25.146815],[55.270431,25.147671],[55.275316,25.140495],[55.275104,25.138668],[55.275128,25.138115],[55.275436,25.136897],[55.278751,25.135512],[55.282317,25.135013],[55.289532,25.135433],[55.294377,25.133795],[55.297962,25.133468],[55.303355,25.136792],[55.311202,25.136124],[55.312922,25.135867],[55.313397,25.135825],[55.315003,25.135869],[55.316441,25.13654],[55.317585,25.138342],[55.324462,25.14129],[55.326218,25.14149],[55.327036,25.141782],[55.327127,25.142092],[55.330754,25.145721],[55.336269,25.142102],[55.336369,25.141585],[55.336448,25.141372],[55.336781,25.140613],[55.337412,25.139111],[55.337973,25.137984],[55.341196,25.139588],[55.347234,25.137703],[55.349033,25.135543],[55.347213,25.127033],[55.343557,25.12559],[55.34353,25.125574],[55.344443,25.124023],[55.3453,25.12244],[55.345328,25.122455],[55.348266,25.12372],[55.353385,25.116799],[55.352449,25.115192],[55.346858,25.112955],[55.345528,25.112286],[55.344574,25.111742],[55.343735,25.11122],[55.343274,25.110911],[55.342424,25.1103],[55.341966,25.109945],[55.340937,25.109071],[55.338359,25.106737],[55.336809,25.105339],[55.335256,25.103938],[55.33324,25.102111],[55.331229,25.100289],[55.329151,25.098421],[55.32107,25.094518],[55.31903,25.094566],[55.318763,25.094463],[55.316464,25.092208],[55.316356,25.092048],[55.313528,25.084277],[55.311583,25.082516],[55.309683,25.080794],[55.308926,25.080151],[55.308271,25.079557],[55.306908,25.078371],[55.305005,25.076642],[55.303498,25.07527],[55.302763,25.074536],[55.305308,25.071989],[55.306042,25.072723],[55.307426,25.073978],[55.309227,25.075439],[55.310217,25.07627],[55.315076,25.078571],[55.31721,25.08147],[55.318956,25.084112],[55.319833,25.08513],[55.321891,25.086762],[55.330019,25.083087],[55.330017,25.082256],[55.330043,25.082137],[55.327031,25.075335],[55.328849,25.072227],[55.331377,25.073705],[55.332987,25.074508],[55.340248,25.07628],[55.344663,25.081472],[55.347602,25.083184],[55.349042,25.08405],[55.351072,25.08521],[55.353137,25.086391],[55.357143,25.087775],[55.357696,25.088254],[55.366275,25.08631],[55.366928,25.084595],[55.367961,25.081897],[55.365734,25.073417],[55.363489,25.072541],[55.361658,25.071896],[55.362854,25.068501],[55.366301,25.069627],[55.366783,25.069821],[55.36856,25.070696],[55.370058,25.071349],[55.372277,25.072381],[55.374467,25.073479],[55.376619,25.074637],[55.378738,25.07587],[55.386191,25.076983],[55.388965,25.074689],[55.390121,25.076086],[55.398363,25.074436],[55.398599,25.074104],[55.398847,25.073826],[55.399179,25.073488],[55.405086,25.069082],[55.408409,25.063125],[55.408594,25.062607],[55.409752,25.060551],[55.410934,25.057872],[55.410989,25.057819],[55.418821,25.055131],[55.422192,25.052407],[55.4255,25.049736],[55.427246,25.048188],[55.428316,25.047186],[55.43019,25.045287],[55.431036,25.04438],[55.433935,25.04107],[55.436846,25.037747],[55.438686,25.035666],[55.439605,25.034585],[55.441518,25.032246],[55.444304,25.034525],[55.442792,25.036788],[55.43953,25.040147],[55.436643,25.043442],[55.433744,25.046752],[55.430713,25.050603],[55.428897,25.052155],[55.427082,25.053708],[55.424455,25.055207],[55.423683,25.063418],[55.421518,25.066294],[55.419262,25.064595],[55.412156,25.066861],[55.409207,25.07265],[55.406729,25.078982],[55.406465,25.081508],[55.406462,25.081611],[55.40474,25.083267],[55.404627,25.083264],[55.40028,25.090926],[55.403503,25.093144],[55.406725,25.095362],[55.409947,25.09758],[55.413165,25.099795],[55.416093,25.101798],[55.415705,25.10374],[55.415548,25.104407],[55.415292,25.104964],[55.414773,25.11208],[55.414819,25.112301],[55.418443,25.117646],[55.419172,25.118104],[55.426952,25.117331],[55.428088,25.11597],[55.428587,25.115352],[55.428937,25.114993],[55.429329,25.114684],[55.429758,25.11443],[55.430479,25.114117],[55.431087,25.11396],[55.431712,25.113891],[55.432312,25.113906],[55.432808,25.113978],[55.433239,25.114086],[55.433658,25.114236],[55.434098,25.11445],[55.436669,25.115924],[55.43938,25.117788],[55.446435,25.121672],[55.446873,25.121954],[55.447399,25.122323],[55.451536,25.126235],[55.454398,25.128462],[55.45726,25.13069],[55.455049,25.133531],[55.452187,25.131303],[55.449325,25.129075],[55.447095,25.127445],[55.443837,25.126295],[55.443339,25.12596],[55.441764,25.124123],[55.440916,25.123363],[55.440311,25.122904],[55.439787,25.122397],[55.43734,25.120754],[55.43099,25.12713],[55.431939,25.128414],[55.432399,25.129361],[55.43258,25.129822],[55.432716,25.130275],[55.432817,25.130737],[55.432884,25.131158],[55.43294,25.131718],[55.432952,25.132217],[55.432932,25.132679],[55.432884,25.133139],[55.432808,25.133595],[55.432704,25.134047],[55.432447,25.134828],[55.434584,25.142151],[55.441005,25.142893],[55.446108,25.146586],[55.449706,25.14645],[55.457329,25.144498],[55.462299,25.144597],[55.462705,25.14446],[55.463443,25.144276],[55.464181,25.144175],[55.464708,25.144153],[55.464856,25.14775],[55.465488,25.150848],[55.465226,25.15314],[55.464946,25.159725],[55.472403,25.163966],[55.473425,25.163824],[55.475231,25.163625],[55.476002,25.163569],[55.479226,25.16344],[55.482056,25.163312],[55.482219,25.166908],[55.479389,25.167036],[55.476091,25.167274],[55.475602,25.167283],[55.473821,25.167402],[55.472901,25.167531],[55.469214,25.168234],[55.463203,25.174866],[55.463945,25.177716],[55.464387,25.179909],[55.464769,25.182226],[55.464999,25.183788],[55.465712,25.188004],[55.466425,25.19222],[55.462875,25.192821],[55.460537,25.188201],[55.459952,25.182014],[55.455658,25.175858],[55.449575,25.171964],[55.448374,25.172033],[55.446775,25.17251],[55.446027,25.18089],[55.446349,25.181322],[55.446649,25.181796],[55.446923,25.18234],[55.447213,25.183132],[55.447531,25.184471],[55.447758,25.185416],[55.446344,25.186516],[55.44629,25.18654],[55.44607,25.18662],[55.444259,25.186259],[55.43936,25.184998],[55.433865,25.186919],[55.432786,25.195786],[55.433471,25.196215],[55.441738,25.197587],[55.444565,25.199816],[55.443996,25.200538],[55.44314,25.201545],[55.442544,25.202254],[55.441119,25.203918],[55.440898,25.204106],[55.439619,25.205083],[55.4392,25.205352],[55.438525,25.205747],[55.438058,25.205998],[55.437454,25.206287],[55.436933,25.206508],[55.436435,25.20669],[55.435679,25.206923],[55.434704,25.207257],[55.433608,25.207572],[55.428835,25.215157],[55.428923,25.215631],[55.428944,25.216075],[55.428905,25.216627],[55.428788,25.217171],[55.428563,25.217768],[55.428347,25.218168],[55.426322,25.220319],[55.426223,25.220419],[55.425551,25.220777],[55.425456,25.220805],[55.423671,25.21788],[55.415823,25.215087],[55.413758,25.21515],[55.408248,25.220101],[55.406737,25.225347],[55.406675,25.226367],[55.411827,25.2335],[55.412809,25.233453],[55.415349,25.233528],[55.415464,25.233533],[55.417693,25.233561],[55.419917,25.233596],[55.421143,25.233531],[55.422395,25.233447],[55.422596,25.233434],[55.423122,25.233431],[55.424312,25.233365],[55.425719,25.233018],[55.425849,25.232997],[55.426405,25.236554],[55.426275,25.236574],[55.424509,25.23696],[55.42023,25.23848],[55.419552,25.238765],[55.419489,25.238778],[55.415298,25.237127],[55.415183,25.237122],[55.412704,25.237052],[55.40671,25.243627],[55.406996,25.246412],[55.41095,25.250266],[55.416597,25.248643],[55.417806,25.248007],[55.417929,25.24802],[55.418989,25.248218],[55.419102,25.248237],[55.419391,25.248331],[55.419477,25.248372],[55.42014,25.249279],[55.425677,25.252905],[55.425112,25.25646],[55.423787,25.256249],[55.419176,25.256921],[55.416133,25.257217],[55.413019,25.265248],[55.413627,25.26595],[55.414733,25.267146],[55.416039,25.268584],[55.417318,25.269992],[55.418718,25.271466],[55.420283,25.273151],[55.421559,25.274636],[55.423881,25.277747],[55.424866,25.279276],[55.426031,25.281211],[55.427589,25.283853],[55.424593,25.28585],[55.424338,25.285467],[55.422914,25.283012],[55.418359,25.278169],[55.416325,25.274353],[55.414707,25.272471],[55.413374,25.271004],[55.405451,25.268213],[55.404736,25.26843],[55.403157,25.268945],[55.400929,25.270242],[55.399773,25.270922],[55.398146,25.271843],[55.394398,25.272014],[55.389608,25.267889],[55.382594,25.267138],[55.379733,25.268837],[55.379618,25.268905],[55.379222,25.269043],[55.378991,25.269098],[55.373466,25.264376],[55.372693,25.263731],[55.372412,25.263344],[55.371423,25.261599],[55.37148,25.260717],[55.371742,25.260014],[55.37181,25.259905],[55.375908,25.255323],[55.376189,25.255229],[55.378103,25.255702],[55.381437,25.255104],[55.385158,25.250315],[55.382953,25.245727],[55.381159,25.24407],[55.379365,25.242414],[55.37288,25.241482],[55.371365,25.242218],[55.370905,25.242462],[55.367286,25.243921],[55.366804,25.244099],[55.36631,25.244243],[55.363285,25.245844],[55.362355,25.246572],[55.359868,25.24746],[55.3588,25.247963],[55.353962,25.250032],[55.352248,25.250977],[55.35035,25.251683],[55.347068,25.252769],[55.343351,25.254614],[55.342161,25.255263],[55.338808,25.255771],[55.335293,25.256548],[55.327824,25.252581],[55.327779,25.252517]]],"type":"Polygon"},"properties":{"branch_id":"31","branch_name":"Nad Al Sheba","travel_mode":"driving-car","travel_direction":"destination","travel_minutes":15,"area_km2":251.09067212,"origin_latitude":25.1595625,"origin_longitude":55.3696875,"coordinate_source":"Google Places matched coordinates","data_source":"openrouteservice/HeiGIT; OpenStreetMap road network","generated_at":"2026-09-02T15:56:26+00:00"}},{"type":"Feature","id":"52-5","geometry":{"coordinates":[[[54.611813,24.506473],[54.610724,24.503364],[54.61022,24.500093],[54.610189,24.499554],[54.610092,24.496496],[54.610284,24.4952],[54.612827,24.494638],[54.617733,24.488671],[54.61856,24.487123],[54.621555,24.481613],[54.621869,24.481731],[54.626209,24.483506],[54.627574,24.484275],[54.632122,24.491007],[54.633179,24.491982],[54.634104,24.494604],[54.634098,24.494671],[54.632261,24.50011],[54.632112,24.500543],[54.63183,24.501117],[54.631476,24.501631],[54.630894,24.502275],[54.630139,24.502934],[54.628016,24.502467],[54.624976,24.502476],[54.624924,24.502475],[54.624851,24.502458],[54.62167,24.5023],[54.616556,24.507811],[54.615122,24.509262],[54.614836,24.509359],[54.613053,24.508639],[54.611813,24.506473]]],"type":"Polygon"},"properties":{"branch_id":"52","branch_name":"Noya Plaza","travel_mode":"driving-car","travel_direction":"destination","travel_minutes":5,"area_km2":4.2676158200000005,"origin_latitude":24.4995625,"origin_longitude":54.6254375,"coordinate_source":"Google Places matched coordinates","data_source":"openrouteservice/HeiGIT; OpenStreetMap road network","generated_at":"2026-09-02T15:56:28+00:00"}},{"type":"Feature","id":"52-10","geometry":{"coordinates":[[[54.543123,24.51142],[54.547202,24.509789],[54.549918,24.508696],[54.556628,24.505732],[54.557874,24.505336],[54.562574,24.504379],[54.564944,24.503799],[54.567122,24.503306],[54.570406,24.502602],[54.572156,24.502165],[54.573964,24.501715],[54.581403,24.496769],[54.583627,24.494511],[54.589821,24.490776],[54.59183,24.486605],[54.595641,24.486393],[54.600391,24.485639],[54.602117,24.47836],[54.602099,24.47831],[54.60206,24.477842],[54.603524,24.475895],[54.607585,24.472175],[54.607763,24.472083],[54.61588,24.471413],[54.61947,24.467186],[54.619835,24.461115],[54.620919,24.459547],[54.621189,24.45925],[54.622663,24.458887],[54.629754,24.462214],[54.631027,24.462866],[54.631227,24.463462],[54.634195,24.470721],[54.635288,24.472148],[54.636435,24.473609],[54.637638,24.4752],[54.638815,24.476759],[54.639057,24.477064],[54.642959,24.480408],[54.648523,24.482134],[54.652483,24.481129],[54.65635,24.48015],[54.661487,24.477794],[54.663165,24.476641],[54.664827,24.475498],[54.669856,24.469602],[54.671112,24.466844],[54.674388,24.468336],[54.673132,24.471094],[54.672644,24.472166],[54.672056,24.473373],[54.671576,24.474187],[54.671017,24.474968],[54.670388,24.4757],[54.669965,24.476136],[54.669258,24.476747],[54.668533,24.477291],[54.666898,24.478442],[54.665205,24.479607],[54.663527,24.480761],[54.662881,24.481178],[54.662195,24.48158],[54.661429,24.482],[54.660954,24.482238],[54.660496,24.482453],[54.659585,24.482846],[54.658635,24.483205],[54.657422,24.483587],[54.653369,24.484618],[54.652374,24.493317],[54.654022,24.495444],[54.65567,24.497571],[54.657312,24.49969],[54.658567,24.501293],[54.65983,24.502906],[54.6613,24.504814],[54.662766,24.506718],[54.664286,24.508678],[54.66582,24.510658],[54.666595,24.511738],[54.667924,24.513448],[54.669489,24.515477],[54.671054,24.517507],[54.6731,24.520158],[54.674618,24.522129],[54.676135,24.5241],[54.673283,24.526297],[54.671765,24.524326],[54.670248,24.522355],[54.668481,24.52026],[54.66223,24.514636],[54.660054,24.511768],[54.656978,24.505103],[54.655732,24.503512],[54.654478,24.50191],[54.652824,24.499776],[54.651176,24.497649],[54.649528,24.495522],[54.647788,24.493356],[54.646527,24.491851],[54.645712,24.490916],[54.643814,24.489513],[54.643294,24.48928],[54.642973,24.48915],[54.642641,24.489027],[54.641904,24.488805],[54.641299,24.488668],[54.639311,24.488574],[54.634104,24.494604],[54.634098,24.494671],[54.633737,24.497025],[54.633719,24.497489],[54.632568,24.50056],[54.630243,24.506675],[54.625041,24.511759],[54.623421,24.512067],[54.618933,24.511115],[54.61471,24.515226],[54.611314,24.516182],[54.610505,24.516353],[54.609949,24.516461],[54.603677,24.513256],[54.601366,24.513098],[54.599835,24.512964],[54.599341,24.512813],[54.599019,24.512654],[54.598673,24.512424],[54.598405,24.51218],[54.591406,24.50749],[54.590417,24.507152],[54.582479,24.503502],[54.580058,24.504037],[54.578146,24.504457],[54.574834,24.505208],[54.573026,24.505659],[54.57116,24.506122],[54.567918,24.506816],[54.565799,24.507296],[54.56353,24.50785],[54.561234,24.508482],[54.558867,24.509211],[54.556746,24.509918],[54.553961,24.510951],[54.551261,24.512036],[54.548577,24.513116],[54.546228,24.514086],[54.54441,24.514782],[54.543123,24.51142]]],"type":"Polygon"},"properties":{"branch_id":"52","branch_name":"Noya Plaza","travel_mode":"driving-car","travel_direction":"destination","travel_minutes":10,"area_km2":27.75105767,"origin_latitude":24.4995625,"origin_longitude":54.6254375,"coordinate_source":"Google Places matched coordinates","data_source":"openrouteservice/HeiGIT; OpenStreetMap road network","generated_at":"2026-09-02T15:56:28+00:00"}},{"type":"Feature","id":"52-15","geometry":{"coordinates":[[[54.456174,24.547125],[54.461752,24.546678],[54.467246,24.544493],[54.469065,24.544761],[54.471562,24.544852],[54.477466,24.539867],[54.478719,24.536503],[54.479798,24.53543],[54.485138,24.530312],[54.485451,24.53001],[54.489403,24.526586],[54.494294,24.524853],[54.495085,24.524402],[54.499334,24.516657],[54.499525,24.516365],[54.500064,24.515808],[54.501221,24.515175],[54.503538,24.514295],[54.506555,24.516259],[54.50858,24.518971],[54.514949,24.520402],[54.516963,24.519776],[54.518992,24.519146],[54.522457,24.518074],[54.52592,24.517002],[54.528254,24.516324],[54.53134,24.515403],[54.534439,24.514477],[54.537192,24.51363],[54.538955,24.513001],[54.54421,24.506734],[54.549472,24.504547],[54.555778,24.503185],[54.562653,24.503994],[54.566184,24.502911],[54.566496,24.502785],[54.56754,24.502336],[54.574112,24.4973],[54.574625,24.496689],[54.575154,24.496059],[54.575812,24.495278],[54.580075,24.489742],[54.580369,24.489307],[54.582128,24.486856],[54.583712,24.486102],[54.584418,24.485928],[54.586999,24.48603],[54.590838,24.485664],[54.597415,24.482041],[54.598947,24.478364],[54.596766,24.472702],[54.596667,24.472502],[54.596514,24.471259],[54.596145,24.469622],[54.596035,24.468957],[54.590563,24.461877],[54.589955,24.461553],[54.589252,24.460484],[54.589241,24.460431],[54.59002,24.458336],[54.590072,24.458176],[54.595366,24.457383],[54.597518,24.450045],[54.594067,24.446014],[54.593399,24.445729],[54.590933,24.444199],[54.587999,24.443373],[54.585055,24.442545],[54.582891,24.441923],[54.580727,24.441302],[54.578563,24.440681],[54.576415,24.440064],[54.573539,24.439268],[54.569886,24.438231],[54.566236,24.437195],[54.564207,24.436623],[54.562177,24.436051],[54.563154,24.432586],[54.565183,24.433158],[54.567213,24.43373],[54.570869,24.434768],[54.574522,24.435805],[54.577375,24.436595],[54.579556,24.437221],[54.583836,24.438194],[54.585613,24.43856],[54.586274,24.438784],[54.588819,24.439539],[54.589202,24.439682],[54.591087,24.440207],[54.599753,24.438623],[54.600526,24.437833],[54.607658,24.439114],[54.608741,24.439794],[54.608977,24.439938],[54.609245,24.440191],[54.614712,24.443585],[54.619001,24.441246],[54.619779,24.439842],[54.61985,24.439711],[54.621066,24.438057],[54.621518,24.4373],[54.621799,24.436891],[54.623502,24.435002],[54.62412,24.434496],[54.625,24.433872],[54.625642,24.433486],[54.62631,24.433142],[54.627013,24.432837],[54.627724,24.432582],[54.628938,24.435971],[54.626055,24.440143],[54.626017,24.440209],[54.625366,24.440735],[54.627069,24.449146],[54.630348,24.448622],[54.631424,24.448002],[54.6327,24.447659],[54.632732,24.447658],[54.634774,24.447751],[54.637783,24.448602],[54.638143,24.448648],[54.638548,24.448746],[54.638998,24.448909],[54.640563,24.449648],[54.64081,24.449864],[54.641144,24.450206],[54.641384,24.450495],[54.641624,24.450843],[54.64204,24.451672],[54.642258,24.452278],[54.642397,24.452899],[54.642436,24.453791],[54.642369,24.454476],[54.641475,24.455739],[54.639007,24.46027],[54.638646,24.460919],[54.638331,24.461269],[54.63803,24.461529],[54.636241,24.462795],[54.636015,24.471343],[54.638976,24.474938],[54.640566,24.477036],[54.6458,24.480129],[54.64651,24.480333],[54.65297,24.480432],[54.654045,24.480177],[54.654129,24.480155],[54.6562,24.479661],[54.660609,24.472609],[54.660582,24.472075],[54.660619,24.471607],[54.657758,24.46414],[54.657328,24.463561],[54.658033,24.460534],[54.658082,24.460519],[54.663167,24.458329],[54.668979,24.455632],[54.672883,24.453756],[54.677105,24.447453],[54.676991,24.444606],[54.676858,24.441985],[54.676724,24.439365],[54.676591,24.436745],[54.676457,24.434121],[54.676307,24.431068],[54.676157,24.428015],[54.676007,24.424961],[54.67586,24.421957],[54.673725,24.414884],[54.672829,24.412952],[54.676095,24.411438],[54.676991,24.41337],[54.677887,24.415303],[54.678279,24.416259],[54.678573,24.417113],[54.678865,24.418116],[54.679143,24.419352],[54.67929,24.420218],[54.679394,24.420988],[54.67945,24.421682],[54.679947,24.426395],[54.680036,24.428256],[54.68183,24.436247],[54.682197,24.437584],[54.682212,24.43792],[54.682214,24.437974],[54.683026,24.441404],[54.690175,24.446596],[54.693735,24.447134],[54.695235,24.450726],[54.694841,24.453292],[54.694841,24.453294],[54.694825,24.453397],[54.698356,24.459561],[54.702274,24.459513],[54.705957,24.457758],[54.709506,24.458357],[54.712361,24.459222],[54.712405,24.462822],[54.708874,24.462865],[54.706135,24.463063],[54.702318,24.463113],[54.6984,24.463161],[54.694482,24.46321],[54.686552,24.464502],[54.68359,24.465545],[54.681044,24.466291],[54.677612,24.473132],[54.677619,24.473749],[54.677561,24.475383],[54.677466,24.476261],[54.677157,24.478628],[54.676889,24.480973],[54.677868,24.487825],[54.679511,24.491563],[54.681153,24.495301],[54.682796,24.499038],[54.684444,24.502787],[54.685405,24.505018],[54.688279,24.5105],[54.68962,24.513547],[54.69096,24.516594],[54.691627,24.518124],[54.692269,24.519667],[54.692705,24.520876],[54.693145,24.522332],[54.693459,24.523728],[54.693583,24.524518],[54.694135,24.528421],[54.694311,24.52947],[54.694704,24.53273],[54.695075,24.535477],[54.695368,24.538422],[54.695591,24.540209],[54.69582,24.542041],[54.695916,24.543077],[54.69618,24.548805],[54.700555,24.555389],[54.700576,24.555487],[54.701006,24.562799],[54.698064,24.568575],[54.698444,24.572123],[54.698762,24.575099],[54.699934,24.57909],[54.700679,24.580775],[54.701936,24.583597],[54.702977,24.585801],[54.704278,24.588756],[54.705567,24.591685],[54.707101,24.595026],[54.708648,24.598395],[54.709785,24.600985],[54.710907,24.603542],[54.712024,24.605952],[54.713929,24.610251],[54.710661,24.61176],[54.710092,24.610528],[54.708724,24.60739],[54.707641,24.605055],[54.706489,24.602432],[54.705352,24.599842],[54.70383,24.596529],[54.702296,24.593187],[54.700983,24.590207],[54.69591,24.584615],[54.693681,24.582453],[54.693032,24.580223],[54.692903,24.579828],[54.692955,24.578927],[54.694724,24.576794],[54.694865,24.572516],[54.685973,24.571295],[54.682394,24.571689],[54.679527,24.56727],[54.679511,24.56367],[54.678552,24.555744],[54.676339,24.554187],[54.67624,24.554087],[54.669072,24.549678],[54.66685,24.549159],[54.66677,24.549057],[54.66246,24.5445],[54.657665,24.540547],[54.650729,24.535578],[54.650196,24.533271],[54.642405,24.52979],[54.640783,24.531015],[54.638929,24.532536],[54.635733,24.537936],[54.633514,24.53967],[54.633376,24.539722],[54.631277,24.538685],[54.629182,24.536786],[54.629112,24.535414],[54.630109,24.534655],[54.630675,24.534225],[54.630776,24.53415],[54.632539,24.532803],[54.634731,24.531111],[54.636977,24.529377],[54.638614,24.528141],[54.640236,24.526917],[54.643135,24.520034],[54.642902,24.518083],[54.642722,24.515564],[54.641036,24.510666],[54.639914,24.507245],[54.642536,24.505649],[54.645968,24.499533],[54.646278,24.494126],[54.641299,24.488668],[54.639311,24.488574],[54.634104,24.494604],[54.634098,24.494671],[54.633737,24.497025],[54.633719,24.497489],[54.632568,24.50056],[54.630243,24.506675],[54.625041,24.511759],[54.623421,24.512067],[54.618933,24.511115],[54.61471,24.515226],[54.611314,24.516182],[54.610505,24.516353],[54.609949,24.516461],[54.602539,24.516676],[54.599707,24.516912],[54.596007,24.514486],[54.595489,24.514143],[54.594855,24.513651],[54.59237,24.511551],[54.585264,24.507654],[54.583153,24.506766],[54.574836,24.506873],[54.567918,24.506816],[54.565799,24.507296],[54.56353,24.50785],[54.561234,24.508482],[54.558867,24.509211],[54.556746,24.509918],[54.553961,24.510951],[54.551261,24.512036],[54.548577,24.513116],[54.546228,24.514086],[54.54441,24.514782],[54.544146,24.514883],[54.541998,24.515739],[54.540162,24.516393],[54.538251,24.517071],[54.535469,24.517927],[54.53237,24.518852],[54.529258,24.519781],[54.526984,24.520442],[54.519734,24.523134],[54.517935,24.523693],[54.516136,24.524252],[54.513943,24.52491],[54.511766,24.525563],[54.509051,24.526389],[54.50633,24.527217],[54.499998,24.531678],[54.499148,24.532464],[54.498781,24.532644],[54.498251,24.532832],[54.496675,24.533302],[54.490396,24.533355],[54.489554,24.539764],[54.489166,24.540697],[54.48885,24.541011],[54.488311,24.541409],[54.487876,24.541645],[54.480005,24.54574],[54.479044,24.546291],[54.478408,24.54661],[54.477887,24.546847],[54.476774,24.547294],[54.476121,24.547528],[54.475503,24.547721],[54.474883,24.547887],[54.47422,24.548033],[54.472702,24.548318],[54.46915,24.54896],[54.465787,24.549588],[54.459875,24.550719],[54.459262,24.550801],[54.458614,24.550845],[54.457593,24.550858],[54.456573,24.550801],[54.455737,24.550698],[54.456174,24.547125]]],"type":"Polygon"},"properties":{"branch_id":"52","branch_name":"Noya Plaza","travel_mode":"driving-car","travel_direction":"destination","travel_minutes":15,"area_km2":102.64557548,"origin_latitude":24.4995625,"origin_longitude":54.6254375,"coordinate_source":"Google Places matched coordinates","data_source":"openrouteservice/HeiGIT; OpenStreetMap road network","generated_at":"2026-09-02T15:56:28+00:00"}},{"type":"Feature","id":"48-5","geometry":{"coordinates":[[[55.912072,25.764719],[55.912553,25.762223],[55.909061,25.75613],[55.908776,25.755702],[55.902301,25.750015],[55.901206,25.749446],[55.90058,25.749092],[55.899934,25.74868],[55.899452,25.748316],[55.898946,25.747877],[55.898546,25.747492],[55.898046,25.746939],[55.896628,25.745273],[55.892979,25.741381],[55.886663,25.736311],[55.885158,25.73524],[55.883653,25.73417],[55.885741,25.731236],[55.887245,25.732307],[55.894189,25.734996],[55.898708,25.736625],[55.898808,25.736678],[55.906038,25.739022],[55.914098,25.739709],[55.915222,25.739394],[55.921567,25.735761],[55.921929,25.735581],[55.922699,25.735228],[55.925996,25.733608],[55.927869,25.734054],[55.934611,25.736507],[55.936267,25.737156],[55.942661,25.737553],[55.945318,25.734403],[55.945806,25.733043],[55.948045,25.730905],[55.948053,25.730899],[55.955009,25.729283],[55.957784,25.731576],[55.957077,25.732432],[55.956024,25.733462],[55.954365,25.741347],[55.950885,25.742267],[55.948985,25.749232],[55.944421,25.756628],[55.944786,25.757707],[55.942503,25.764815],[55.939328,25.769873],[55.936471,25.769329],[55.936039,25.769249],[55.933619,25.769006],[55.930181,25.769511],[55.925816,25.773988],[55.925816,25.773989],[55.923398,25.773894],[55.921984,25.772671],[55.921731,25.772383],[55.919964,25.769648],[55.912995,25.76503],[55.912136,25.764814],[55.912072,25.764719]]],"type":"Polygon"},"properties":{"branch_id":"48","branch_name":"Ras Al Khaimah","travel_mode":"driving-car","travel_direction":"destination","travel_minutes":5,"area_km2":17.010841149999997,"origin_latitude":25.751541,"origin_longitude":55.9198717,"coordinate_source":"Google Places matched coordinates","data_source":"openrouteservice/HeiGIT; OpenStreetMap road network","generated_at":"2026-09-02T15:56:29+00:00"}},{"type":"Feature","id":"48-10","geometry":{"coordinates":[[[55.82182,25.707896],[55.821821,25.707887],[55.823857,25.706363],[55.828378,25.704988],[55.831105,25.704671],[55.838581,25.703255],[55.847154,25.703956],[55.850934,25.703891],[55.855977,25.704346],[55.858663,25.704576],[55.859313,25.704758],[55.868029,25.702968],[55.869376,25.698901],[55.869426,25.698519],[55.869548,25.698085],[55.869736,25.697677],[55.870372,25.696675],[55.87081,25.696211],[55.870989,25.696062],[55.877629,25.690214],[55.879966,25.686543],[55.881046,25.684437],[55.881565,25.677101],[55.885089,25.676363],[55.885285,25.677298],[55.885501,25.679423],[55.885463,25.681451],[55.885083,25.683647],[55.884782,25.684699],[55.884425,25.68568],[55.883781,25.687125],[55.883079,25.688352],[55.882685,25.696165],[55.883064,25.698552],[55.887116,25.705513],[55.887866,25.705993],[55.89501,25.70697],[55.896897,25.704831],[55.896924,25.704801],[55.89933,25.704581],[55.905369,25.705275],[55.913849,25.703317],[55.91756,25.701037],[55.918017,25.701243],[55.918241,25.701388],[55.920404,25.702843],[55.922097,25.704065],[55.930627,25.705193],[55.931677,25.704715],[55.935854,25.706966],[55.937236,25.707797],[55.944681,25.708983],[55.945118,25.708913],[55.947404,25.709385],[55.94838,25.712851],[55.95433,25.715738],[55.960422,25.71504],[55.965138,25.712794],[55.967467,25.704966],[55.967047,25.70396],[55.96682,25.702698],[55.965371,25.698587],[55.965295,25.697915],[55.965295,25.697557],[55.971934,25.697001],[55.973165,25.700383],[55.97632,25.705448],[55.979744,25.710581],[55.985857,25.715854],[55.988995,25.717426],[55.989086,25.71766],[55.989144,25.717955],[55.989188,25.718305],[55.985869,25.725511],[55.985834,25.726834],[55.985279,25.729456],[55.984014,25.734336],[55.983594,25.735524],[55.983224,25.736351],[55.982798,25.737092],[55.982281,25.737922],[55.979903,25.738535],[55.979898,25.738532],[55.979194,25.736069],[55.97922,25.736027],[55.979745,25.735185],[55.980291,25.734094],[55.980615,25.73315],[55.979702,25.728843],[55.97112,25.730326],[55.970297,25.731517],[55.967063,25.733133],[55.967007,25.733025],[55.966498,25.731869],[55.957817,25.733913],[55.957229,25.734218],[55.954365,25.741347],[55.961688,25.743343],[55.964496,25.743969],[55.964522,25.744018],[55.964905,25.744959],[55.964635,25.745496],[55.963469,25.747857],[55.962398,25.750015],[55.96222,25.750398],[55.961856,25.750922],[55.962158,25.757337],[55.970664,25.757197],[55.972303,25.756294],[55.973034,25.756306],[55.974111,25.758235],[55.975323,25.765035],[55.979555,25.7697],[55.980334,25.774433],[55.978692,25.775717],[55.977319,25.777042],[55.977017,25.78464],[55.977048,25.784733],[55.9759,25.786921],[55.973383,25.795123],[55.972174,25.796845],[55.972079,25.79687],[55.971287,25.796936],[55.970031,25.796437],[55.969018,25.795393],[55.96096,25.792143],[55.959715,25.792602],[55.958025,25.793124],[55.956606,25.793396],[55.956218,25.793502],[55.953998,25.794083],[55.952731,25.801953],[55.953037,25.802587],[55.952039,25.804434],[55.951992,25.804469],[55.949796,25.804153],[55.946948,25.802808],[55.941422,25.797102],[55.938281,25.791323],[55.932914,25.787583],[55.930113,25.784288],[55.927439,25.778583],[55.923398,25.773894],[55.921984,25.772671],[55.921731,25.772383],[55.919148,25.769383],[55.912136,25.764814],[55.912072,25.764719],[55.912553,25.762223],[55.907084,25.756997],[55.906716,25.756944],[55.906341,25.756841],[55.905915,25.756655],[55.905643,25.756498],[55.90023,25.749395],[55.899604,25.749001],[55.899141,25.748646],[55.898465,25.748059],[55.897812,25.747365],[55.896716,25.746087],[55.890412,25.740251],[55.88721,25.739454],[55.887091,25.739426],[55.887007,25.739372],[55.886855,25.739261],[55.886564,25.738603],[55.883025,25.73389],[55.878965,25.731361],[55.878186,25.730901],[55.875786,25.729394],[55.874793,25.728715],[55.867287,25.72418],[55.862924,25.721239],[55.860953,25.719802],[55.853605,25.71473],[55.852326,25.714457],[55.851986,25.714383],[55.851277,25.714238],[55.847527,25.713388],[55.846374,25.71316],[55.838367,25.7138],[55.838229,25.713767],[55.831632,25.711145],[55.82308,25.709889],[55.822818,25.709809],[55.82182,25.707896]]],"type":"Polygon"},"properties":{"branch_id":"48","branch_name":"Ras Al Khaimah","travel_mode":"driving-car","travel_direction":"destination","travel_minutes":10,"area_km2":82.47419718,"origin_latitude":25.751541,"origin_longitude":55.9198717,"coordinate_source":"Google Places matched coordinates","data_source":"openrouteservice/HeiGIT; OpenStreetMap road network","generated_at":"2026-09-02T15:56:29+00:00"}},{"type":"Feature","id":"48-15","geometry":{"coordinates":[[[55.791673,25.704021],[55.79475,25.704001],[55.795977,25.703975],[55.796223,25.703983],[55.800495,25.702373],[55.800569,25.695024],[55.799806,25.691793],[55.801586,25.689234],[55.801681,25.689247],[55.802898,25.689949],[55.806135,25.691393],[55.806838,25.691973],[55.808053,25.69303],[55.808414,25.693378],[55.816093,25.694199],[55.8175,25.692934],[55.819071,25.686895],[55.819122,25.685964],[55.819574,25.685539],[55.821194,25.684193],[55.824901,25.680721],[55.827519,25.678251],[55.831207,25.678667],[55.838305,25.680984],[55.838903,25.681146],[55.838954,25.681165],[55.846614,25.677163],[55.846284,25.675512],[55.846511,25.674861],[55.84677,25.67447],[55.846937,25.674272],[55.847822,25.673912],[55.847868,25.673915],[55.855748,25.672778],[55.862533,25.674417],[55.864723,25.674129],[55.869931,25.668199],[55.86994,25.6681],[55.870025,25.667762],[55.866987,25.661408],[55.861677,25.663143],[55.860796,25.663269],[55.859712,25.662137],[55.851436,25.663315],[55.850149,25.664916],[55.847343,25.66266],[55.848631,25.661059],[55.849919,25.659457],[55.851515,25.657445],[55.850906,25.649996],[55.84895,25.648637],[55.846994,25.647277],[55.845038,25.645918],[55.843115,25.64458],[55.842971,25.644475],[55.841529,25.643528],[55.83993,25.642528],[55.838364,25.64163],[55.836565,25.640679],[55.832979,25.6389],[55.829406,25.637128],[55.826658,25.635795],[55.824364,25.634659],[55.822145,25.633558],[55.821698,25.633359],[55.819464,25.632255],[55.817243,25.631157],[55.814157,25.629663],[55.813095,25.629119],[55.812273,25.628729],[55.810928,25.628043],[55.812563,25.624836],[55.814635,25.625865],[55.815796,25.626458],[55.818811,25.627917],[55.821059,25.629028],[55.823293,25.630132],[55.823594,25.630262],[55.825962,25.631433],[55.828256,25.632569],[55.830978,25.633889],[55.837178,25.630828],[55.838493,25.628923],[55.841456,25.630967],[55.842128,25.639469],[55.843166,25.64013],[55.844215,25.640851],[55.845104,25.64158],[55.845247,25.641686],[55.850962,25.64393],[55.851246,25.644118],[55.852644,25.645172],[55.855515,25.647156],[55.86216,25.646922],[55.862504,25.646749],[55.863176,25.646452],[55.864137,25.646114],[55.865271,25.645825],[55.866281,25.645603],[55.867125,25.645512],[55.872439,25.638965],[55.871031,25.637172],[55.873862,25.634948],[55.87527,25.636741],[55.876679,25.638534],[55.878134,25.640387],[55.884613,25.643525],[55.885085,25.643571],[55.886542,25.646159],[55.889848,25.653443],[55.890746,25.654387],[55.89155,25.655332],[55.891984,25.65588],[55.893025,25.657319],[55.897224,25.662723],[55.897683,25.663233],[55.898023,25.663842],[55.898217,25.664522],[55.898259,25.664884],[55.90107,25.672619],[55.901859,25.673755],[55.902596,25.67469],[55.903769,25.676008],[55.904193,25.67645],[55.904664,25.676916],[55.905144,25.677364],[55.905739,25.677887],[55.906364,25.678402],[55.908406,25.679968],[55.911114,25.682019],[55.913832,25.684076],[55.920667,25.686009],[55.921808,25.686106],[55.927812,25.686408],[55.931379,25.687523],[55.935672,25.688833],[55.93852,25.691036],[55.946229,25.6956],[55.948072,25.693619],[55.949183,25.692113],[55.949895,25.690649],[55.95188,25.686831],[55.95196,25.686528],[55.952067,25.682728],[55.951684,25.678241],[55.953267,25.673194],[55.954596,25.669848],[55.957185,25.670875],[55.965373,25.668572],[55.964164,25.660807],[55.960835,25.656732],[55.959811,25.655365],[55.959668,25.655197],[55.95897,25.653959],[55.956823,25.651094],[55.955551,25.648862],[55.95491,25.647561],[55.958138,25.645968],[55.964072,25.651038],[55.964637,25.65492],[55.96702,25.658615],[55.973261,25.661911],[55.975997,25.66081],[55.977918,25.66003],[55.980147,25.65913],[55.980955,25.658807],[55.982294,25.662148],[55.978836,25.665571],[55.97578,25.673916],[55.976242,25.677212],[55.981256,25.681618],[55.986175,25.679156],[55.988479,25.677857],[55.98856,25.677882],[55.98976,25.679483],[55.9952,25.684855],[55.998167,25.684961],[55.999054,25.68845],[55.996556,25.695411],[55.996471,25.696417],[55.995992,25.69962],[55.998459,25.70527],[56.000217,25.706866],[56.000769,25.707666],[56.002954,25.709932],[56.005923,25.7123],[56.013219,25.710468],[56.013657,25.710161],[56.020027,25.707522],[56.020205,25.707401],[56.022878,25.708844],[56.02281,25.709288],[56.02281,25.709292],[56.022654,25.710295],[56.019376,25.712374],[56.014616,25.719575],[56.014465,25.720259],[56.014734,25.727314],[56.015479,25.729509],[56.016078,25.731613],[56.016169,25.731943],[56.01653,25.733574],[56.016779,25.735082],[56.017164,25.737745],[56.017519,25.741202],[56.018102,25.746816],[56.018292,25.748661],[56.020459,25.755846],[56.01716,25.757289],[56.016345,25.755425],[56.015787,25.753831],[56.015479,25.752826],[56.015134,25.751447],[56.014926,25.750453],[56.006483,25.747565],[56.002673,25.750015],[56.002135,25.749813],[55.994893,25.753567],[55.995045,25.757123],[55.9951,25.757803],[55.995698,25.760695],[55.999187,25.765424],[56.004749,25.765885],[56.006752,25.76551],[56.006916,25.7656],[56.007747,25.767877],[56.012696,25.772989],[56.013288,25.773301],[56.01382,25.773622],[56.014181,25.773823],[56.014881,25.774925],[56.014299,25.775817],[56.010528,25.783193],[56.009674,25.785395],[56.006396,25.789291],[56.004357,25.791434],[56.002935,25.797792],[56.003163,25.799727],[56.000342,25.80672],[55.998671,25.81079],[55.998286,25.81065],[55.997787,25.810403],[55.994032,25.818582],[55.998942,25.821944],[56.005972,25.826827],[56.006867,25.827254],[56.007082,25.827401],[56.007337,25.827676],[56.007696,25.828127],[56.007659,25.829769],[56.006705,25.830686],[56.006673,25.830696],[56.006054,25.830786],[55.99943,25.83655],[55.996666,25.838856],[55.989064,25.834589],[55.98357,25.830172],[55.982993,25.829733],[55.979666,25.827488],[55.975151,25.825015],[55.967265,25.822745],[55.966933,25.822564],[55.964515,25.821243],[55.964022,25.820891],[55.96363,25.820526],[55.961722,25.818666],[55.956138,25.813962],[55.954321,25.813135],[55.952045,25.809264],[55.946948,25.802808],[55.941422,25.797102],[55.938281,25.791323],[55.932914,25.787583],[55.930113,25.784288],[55.927439,25.778583],[55.923398,25.773894],[55.921984,25.772671],[55.921731,25.772383],[55.919148,25.769383],[55.912136,25.764814],[55.912072,25.764719],[55.912553,25.762223],[55.907084,25.756997],[55.906716,25.756944],[55.906341,25.756841],[55.905915,25.756655],[55.905643,25.756498],[55.90023,25.749395],[55.899604,25.749001],[55.899141,25.748646],[55.898465,25.748059],[55.897812,25.747365],[55.896716,25.746087],[55.889913,25.740465],[55.888418,25.740777],[55.886672,25.739692],[55.885519,25.738533],[55.885263,25.738106],[55.883025,25.73389],[55.878965,25.731361],[55.878186,25.730901],[55.875786,25.729394],[55.874793,25.728715],[55.867287,25.72418],[55.86575,25.724038],[55.865249,25.723919],[55.863538,25.723315],[55.863131,25.72313],[55.862687,25.722799],[55.860289,25.720741],[55.852857,25.721351],[55.85039,25.722015],[55.843803,25.724672],[55.842671,25.724311],[55.842221,25.724117],[55.841687,25.723791],[55.833425,25.721827],[55.830512,25.721369],[55.829363,25.719414],[55.82927,25.719155],[55.827146,25.713896],[55.820709,25.713037],[55.819344,25.713845],[55.816957,25.714406],[55.814892,25.714575],[55.814422,25.714463],[55.810606,25.713556],[55.810258,25.713477],[55.804281,25.712247],[55.799455,25.712516],[55.795266,25.710399],[55.792509,25.70842],[55.791696,25.70762],[55.791673,25.704021]]],"type":"Polygon"},"properties":{"branch_id":"48","branch_name":"Ras Al Khaimah","travel_mode":"driving-car","travel_direction":"destination","travel_minutes":15,"area_km2":212.96378615,"origin_latitude":25.751541,"origin_longitude":55.9198717,"coordinate_source":"Google Places matched coordinates","data_source":"openrouteservice/HeiGIT; OpenStreetMap road network","generated_at":"2026-09-02T15:56:29+00:00"}},{"type":"Feature","id":"35-5","geometry":{"coordinates":[[[54.696151,24.579296],[54.6956,24.577526],[54.695239,24.575841],[54.694865,24.572516],[54.691284,24.566094],[54.691237,24.56253],[54.68718,24.554764],[54.683602,24.555156],[54.683503,24.554872],[54.681012,24.549983],[54.676739,24.547315],[54.673898,24.546577],[54.671788,24.546125],[54.671724,24.546045],[54.668383,24.541004],[54.664373,24.539501],[54.658719,24.533399],[54.658059,24.52986],[54.65803,24.526396],[54.657547,24.522096],[54.656774,24.5178],[54.654404,24.513447],[54.654394,24.513405],[54.657324,24.507237],[54.658846,24.505495],[54.66046,24.504884],[54.661254,24.505905],[54.662425,24.507434],[54.663288,24.508565],[54.663489,24.508872],[54.663772,24.509482],[54.663916,24.509935],[54.664096,24.51056],[54.665595,24.513991],[54.670861,24.518418],[54.671673,24.51874],[54.672183,24.519179],[54.6731,24.520158],[54.675092,24.522745],[54.677086,24.525334],[54.680173,24.529353],[54.68612,24.533618],[54.687024,24.534289],[54.69512,24.535916],[54.69582,24.542041],[54.695916,24.543077],[54.696084,24.550624],[54.696256,24.552224],[54.696366,24.553204],[54.696832,24.557422],[54.697258,24.561217],[54.697684,24.565021],[54.698064,24.568575],[54.698444,24.572123],[54.699943,24.579109],[54.696591,24.58042],[54.696151,24.579296]]],"type":"Polygon"},"properties":{"branch_id":"35","branch_name":"Shahama","travel_mode":"driving-car","travel_direction":"destination","travel_minutes":5,"area_km2":12.03887367,"origin_latitude":24.5243742,"origin_longitude":54.6718965,"coordinate_source":"Google Places matched coordinates","data_source":"openrouteservice/HeiGIT; OpenStreetMap road network","generated_at":"2026-09-02T15:56:31+00:00"}},{"type":"Feature","id":"35-10","geometry":{"coordinates":[[[54.658069,24.588677],[54.662431,24.586643],[54.664422,24.585342],[54.666755,24.57739],[54.663787,24.57232],[54.661929,24.56908],[54.658691,24.560778],[54.653401,24.556578],[54.651805,24.555511],[54.651719,24.55514],[54.651074,24.552343],[54.651045,24.552218],[54.652348,24.550199],[54.65491,24.545702],[54.655043,24.539215],[54.653501,24.532567],[54.652761,24.529236],[54.64472,24.528139],[54.642477,24.52985],[54.640845,24.531083],[54.63922,24.53231],[54.637209,24.541081],[54.638394,24.543966],[54.638588,24.544454],[54.637085,24.546101],[54.63701,24.546129],[54.635243,24.545785],[54.632706,24.542777],[54.626695,24.542944],[54.621933,24.544642],[54.620094,24.541547],[54.621382,24.540782],[54.623122,24.531989],[54.625781,24.529561],[54.628844,24.532055],[54.634731,24.531111],[54.636977,24.529377],[54.638614,24.528141],[54.640236,24.526917],[54.643135,24.520034],[54.637921,24.515723],[54.636754,24.515098],[54.635275,24.514323],[54.634016,24.513651],[54.63571,24.510475],[54.636181,24.501668],[54.639204,24.498915],[54.639695,24.49897],[54.6402,24.499072],[54.642448,24.499306],[54.644893,24.490748],[54.643395,24.489879],[54.642143,24.489544],[54.641148,24.489254],[54.638918,24.489129],[54.638444,24.489195],[54.637346,24.489249],[54.637166,24.489281],[54.636539,24.485736],[54.637922,24.479754],[54.635546,24.476651],[54.633183,24.473566],[54.631921,24.471958],[54.630622,24.470303],[54.62958,24.468876],[54.62932,24.468473],[54.628918,24.467791],[54.628539,24.467094],[54.628117,24.466219],[54.627788,24.465454],[54.624287,24.457603],[54.627249,24.455557],[54.627541,24.455733],[54.628225,24.456858],[54.629457,24.459117],[54.629764,24.45997],[54.630246,24.461423],[54.631675,24.464593],[54.634752,24.469735],[54.636015,24.471343],[54.638404,24.474462],[54.64078,24.477564],[54.6458,24.480129],[54.64651,24.480333],[54.655107,24.480714],[54.657366,24.479837],[54.658165,24.479537],[54.658965,24.479195],[54.66038,24.478472],[54.661525,24.477769],[54.663475,24.480795],[54.662881,24.481178],[54.662195,24.48158],[54.661429,24.482],[54.660954,24.482238],[54.660496,24.482453],[54.659585,24.482846],[54.658157,24.483502],[54.657637,24.483705],[54.656871,24.483958],[54.656074,24.484182],[54.652011,24.491927],[54.653261,24.493556],[54.654498,24.495209],[54.655723,24.496845],[54.656259,24.497769],[54.657638,24.499512],[54.662037,24.50263],[54.664139,24.505363],[54.666242,24.508096],[54.666621,24.508491],[54.672022,24.512366],[54.673518,24.513358],[54.674069,24.514066],[54.682624,24.516856],[54.684571,24.511009],[54.683023,24.507491],[54.681476,24.503974],[54.679929,24.500456],[54.678382,24.496939],[54.676834,24.493421],[54.675275,24.489875],[54.674932,24.489056],[54.674657,24.488325],[54.674265,24.487112],[54.673961,24.485766],[54.673842,24.485024],[54.67372,24.484054],[54.67365,24.483037],[54.67363,24.482171],[54.673657,24.481671],[54.673722,24.480668],[54.673836,24.479703],[54.673999,24.478198],[54.674533,24.473923],[54.675065,24.469659],[54.675166,24.469242],[54.675485,24.467325],[54.675578,24.465345],[54.676092,24.461024],[54.676348,24.458941],[54.676604,24.456859],[54.680177,24.457299],[54.6799,24.460429],[54.679417,24.466364],[54.678767,24.469695],[54.678105,24.474369],[54.677571,24.478644],[54.677416,24.480089],[54.678595,24.488483],[54.68013,24.491972],[54.681677,24.495489],[54.683224,24.499007],[54.684771,24.502524],[54.686319,24.506042],[54.687866,24.509559],[54.689413,24.513077],[54.69096,24.516594],[54.691627,24.518124],[54.692269,24.519667],[54.692705,24.520876],[54.693145,24.522332],[54.693459,24.523728],[54.693583,24.524518],[54.694135,24.528421],[54.694311,24.52947],[54.694704,24.53273],[54.695075,24.535477],[54.69512,24.535916],[54.69765,24.542832],[54.700898,24.545947],[54.701436,24.547797],[54.707467,24.553714],[54.71146,24.553647],[54.715452,24.55358],[54.719445,24.553513],[54.723438,24.553446],[54.72743,24.553379],[54.731423,24.553312],[54.735139,24.553249],[54.738854,24.553187],[54.738915,24.556786],[54.735199,24.556849],[54.731484,24.556911],[54.727491,24.556978],[54.723498,24.557045],[54.719506,24.557112],[54.715513,24.557179],[54.71152,24.557246],[54.707527,24.557314],[54.701006,24.562799],[54.698064,24.568575],[54.698444,24.572123],[54.699943,24.579109],[54.701936,24.583597],[54.702977,24.585801],[54.704278,24.588756],[54.705567,24.591685],[54.707101,24.595026],[54.708648,24.598395],[54.709785,24.600985],[54.710907,24.603542],[54.712024,24.605952],[54.71336,24.609019],[54.713952,24.610301],[54.714933,24.612483],[54.715933,24.614708],[54.716483,24.616024],[54.717286,24.61775],[54.721077,24.623955],[54.722914,24.625918],[54.725035,24.628173],[54.727157,24.630428],[54.729279,24.632683],[54.731399,24.634936],[54.733063,24.636701],[54.735292,24.639066],[54.737522,24.641431],[54.739751,24.643797],[54.741981,24.646162],[54.74421,24.648527],[54.74643,24.650882],[54.748644,24.653195],[54.749908,24.654554],[54.751161,24.655899],[54.752402,24.657207],[54.753769,24.658669],[54.751139,24.661128],[54.745304,24.655336],[54.741591,24.650996],[54.739361,24.648631],[54.737132,24.646266],[54.734902,24.643901],[54.728896,24.642068],[54.724722,24.641144],[54.724496,24.640912],[54.725466,24.638464],[54.724535,24.632895],[54.722414,24.63064],[54.720292,24.628386],[54.71202,24.631654],[54.711799,24.634161],[54.711751,24.634202],[54.709401,24.634124],[54.702112,24.634015],[54.700322,24.630892],[54.70282,24.625428],[54.70167,24.620948],[54.70495,24.619463],[54.706546,24.619554],[54.710669,24.611777],[54.710092,24.610528],[54.708724,24.60739],[54.707641,24.605055],[54.706489,24.602432],[54.705352,24.599842],[54.70383,24.596529],[54.696082,24.600308],[54.693984,24.601758],[54.693897,24.601791],[54.692801,24.601789],[54.687618,24.596798],[54.682588,24.593326],[54.68134,24.591815],[54.678167,24.589308],[54.669379,24.588909],[54.666139,24.590121],[54.664032,24.590823],[54.662919,24.591246],[54.661999,24.591498],[54.658947,24.592169],[54.658069,24.588677]]],"type":"Polygon"},"properties":{"branch_id":"35","branch_name":"Shahama","travel_mode":"driving-car","travel_direction":"destination","travel_minutes":10,"area_km2":61.95755114999999,"origin_latitude":24.5243742,"origin_longitude":54.6718965,"coordinate_source":"Google Places matched coordinates","data_source":"openrouteservice/HeiGIT; OpenStreetMap road network","generated_at":"2026-09-02T15:56:31+00:00"}},{"type":"Feature","id":"35-15","geometry":{"coordinates":[[[54.635872,24.622067],[54.635687,24.621658],[54.635586,24.621255],[54.635468,24.620404],[54.635168,24.612601],[54.635434,24.612207],[54.635843,24.611712],[54.641721,24.607816],[54.643172,24.605355],[54.645116,24.596949],[54.648961,24.592414],[54.646445,24.585331],[54.644592,24.584113],[54.642153,24.580539],[54.641761,24.580071],[54.641576,24.579777],[54.641429,24.579481],[54.640587,24.577523],[54.640347,24.576923],[54.639661,24.569933],[54.636801,24.567753],[54.636666,24.567101],[54.636849,24.566221],[54.636842,24.560803],[54.633139,24.556572],[54.629956,24.553909],[54.62748,24.552661],[54.624995,24.551401],[54.622747,24.5503],[54.616728,24.546383],[54.616664,24.545729],[54.617828,24.543029],[54.620094,24.541547],[54.621382,24.540782],[54.623122,24.531989],[54.61549,24.523846],[54.61495,24.524043],[54.613738,24.524006],[54.60788,24.524405],[54.60687,24.524778],[54.605361,24.524064],[54.605304,24.523982],[54.604604,24.521981],[54.606249,24.518314],[54.608049,24.517888],[54.613221,24.514357],[54.613712,24.513941],[54.61378,24.513902],[54.614077,24.514003],[54.616337,24.515701],[54.616721,24.516666],[54.616892,24.517062],[54.61703,24.517454],[54.617141,24.517855],[54.617224,24.518263],[54.617278,24.518675],[54.617304,24.519089],[54.617301,24.519506],[54.617268,24.51992],[54.617207,24.520332],[54.617117,24.520738],[54.61645,24.522747],[54.615992,24.523473],[54.625781,24.529561],[54.628844,24.532055],[54.634731,24.531111],[54.636977,24.529377],[54.638614,24.528141],[54.640236,24.526917],[54.643135,24.520034],[54.637921,24.515723],[54.636754,24.515098],[54.635275,24.514323],[54.634016,24.513651],[54.632363,24.512758],[54.632341,24.50475],[54.630069,24.50279],[54.627636,24.500137],[54.6222,24.496795],[54.614549,24.496251],[54.613755,24.496477],[54.612937,24.496676],[54.609711,24.497821],[54.607743,24.498253],[54.605775,24.498685],[54.603579,24.499187],[54.601368,24.499691],[54.595867,24.506021],[54.593236,24.508118],[54.593163,24.508134],[54.592327,24.508117],[54.591554,24.507742],[54.590989,24.507019],[54.590671,24.506155],[54.582479,24.503502],[54.580058,24.504037],[54.578146,24.504457],[54.574834,24.505208],[54.573026,24.505659],[54.57116,24.506122],[54.567918,24.506816],[54.565799,24.507296],[54.56353,24.50785],[54.561234,24.508482],[54.558867,24.509211],[54.557551,24.50965],[54.556411,24.506235],[54.557728,24.505796],[54.558015,24.505698],[54.560189,24.505037],[54.562574,24.504379],[54.564944,24.503799],[54.567122,24.503306],[54.570406,24.502602],[54.572156,24.502165],[54.573964,24.501715],[54.577348,24.500946],[54.584659,24.49687],[54.589978,24.490996],[54.590319,24.490534],[54.590707,24.490126],[54.591152,24.489725],[54.592569,24.488649],[54.592575,24.488644],[54.593954,24.488332],[54.594006,24.488343],[54.594955,24.488885],[54.594962,24.488893],[54.600486,24.492479],[54.608816,24.489314],[54.609137,24.488102],[54.609267,24.487803],[54.610629,24.483142],[54.612582,24.481182],[54.61308,24.48054],[54.613904,24.479247],[54.614572,24.478692],[54.615888,24.478641],[54.622993,24.475631],[54.624061,24.473804],[54.62406,24.466561],[54.623222,24.465202],[54.61546,24.46244],[54.614759,24.462569],[54.614226,24.462637],[54.613586,24.462673],[54.612862,24.462664],[54.609857,24.463102],[54.60852,24.463664],[54.60604,24.464957],[54.60562,24.465147],[54.604935,24.465319],[54.602982,24.463744],[54.602547,24.463053],[54.603155,24.46219],[54.603682,24.46189],[54.605593,24.461134],[54.607097,24.460358],[54.608796,24.451558],[54.603735,24.45038],[54.599994,24.450813],[54.599979,24.450812],[54.597572,24.450043],[54.590933,24.444199],[54.584957,24.445573],[54.582368,24.444729],[54.582327,24.444674],[54.576415,24.440064],[54.573539,24.439268],[54.569886,24.438231],[54.566236,24.437195],[54.563676,24.436473],[54.561116,24.435751],[54.558555,24.43503],[54.555955,24.434296],[54.553465,24.433579],[54.550336,24.432693],[54.547206,24.431808],[54.544077,24.430923],[54.540951,24.430039],[54.538288,24.429291],[54.535611,24.428539],[54.532683,24.427691],[54.530135,24.42696],[54.531127,24.423499],[54.53676,24.424779],[54.539409,24.425668],[54.54162,24.426401],[54.545057,24.427459],[54.548186,24.428344],[54.551315,24.429229],[54.554445,24.430114],[54.557012,24.430855],[54.559532,24.431565],[54.562092,24.432286],[54.564653,24.433008],[54.567213,24.43373],[54.570869,24.434768],[54.574522,24.435805],[54.577375,24.436595],[54.584012,24.433765],[54.584251,24.433637],[54.591034,24.432933],[54.599394,24.430049],[54.600758,24.428901],[54.603993,24.427506],[54.605696,24.428089],[54.607404,24.428657],[54.608415,24.430008],[54.610471,24.432963],[54.610972,24.440683],[54.617672,24.44103],[54.61985,24.439711],[54.621066,24.438057],[54.621518,24.4373],[54.621799,24.436891],[54.623502,24.435002],[54.62412,24.434496],[54.625,24.433872],[54.625642,24.433486],[54.62631,24.433142],[54.627013,24.432837],[54.627918,24.432515],[54.628446,24.432358],[54.631151,24.431707],[54.632177,24.435157],[54.631926,24.435232],[54.630049,24.435705],[54.628959,24.435961],[54.628227,24.436226],[54.627764,24.436435],[54.627307,24.436678],[54.624744,24.439582],[54.623935,24.440847],[54.627069,24.449146],[54.630348,24.448622],[54.631424,24.448002],[54.63251,24.448055],[54.632617,24.448051],[54.637051,24.447556],[54.637666,24.44751],[54.63813,24.447566],[54.638646,24.447729],[54.640106,24.448431],[54.641384,24.450495],[54.641624,24.450843],[54.64204,24.451672],[54.642258,24.452278],[54.642397,24.452899],[54.642436,24.453791],[54.642369,24.454476],[54.641475,24.455739],[54.639007,24.46027],[54.638646,24.460919],[54.638331,24.461269],[54.63803,24.461529],[54.636241,24.462795],[54.636015,24.471343],[54.638404,24.474462],[54.645201,24.479876],[54.646318,24.480112],[54.65297,24.480432],[54.654045,24.480177],[54.654129,24.480155],[54.6562,24.479661],[54.660609,24.472609],[54.660582,24.472075],[54.660619,24.471607],[54.658999,24.465593],[54.661733,24.463251],[54.664342,24.458479],[54.668945,24.453678],[54.674775,24.451141],[54.676991,24.444606],[54.676858,24.441985],[54.676724,24.439365],[54.676591,24.436745],[54.676457,24.434121],[54.676307,24.431068],[54.676157,24.428015],[54.676007,24.424961],[54.67586,24.421957],[54.673698,24.414827],[54.672783,24.412853],[54.672068,24.411346],[54.670525,24.40798],[54.668984,24.404619],[54.667713,24.401869],[54.666442,24.399119],[54.665171,24.396368],[54.663903,24.393624],[54.66201,24.389565],[54.660112,24.385492],[54.65926,24.383625],[54.65868,24.382431],[54.657737,24.380373],[54.656793,24.378316],[54.655849,24.376258],[54.654905,24.374202],[54.653535,24.371221],[54.652165,24.368241],[54.655436,24.366737],[54.657688,24.370671],[54.660065,24.376814],[54.661009,24.378872],[54.661953,24.38093],[54.666434,24.387942],[54.666499,24.388119],[54.666612,24.388582],[54.668439,24.394858],[54.66971,24.397608],[54.670981,24.400359],[54.672252,24.403109],[54.67353,24.405394],[54.680929,24.408638],[54.682214,24.408625],[54.68354,24.4088],[54.68307,24.412369],[54.679483,24.420256],[54.679612,24.421244],[54.679714,24.422172],[54.679805,24.423424],[54.679966,24.426792],[54.681772,24.434441],[54.68316,24.437722],[54.684216,24.439954],[54.690373,24.445286],[54.693933,24.445824],[54.69535,24.449977],[54.695066,24.451482],[54.694841,24.453292],[54.694841,24.453294],[54.698356,24.459561],[54.702274,24.459513],[54.706386,24.455065],[54.708661,24.45497],[54.71012,24.455063],[54.715851,24.45918],[54.715895,24.46278],[54.712384,24.462822],[54.708874,24.462865],[54.707981,24.4629],[54.706135,24.463063],[54.702318,24.463113],[54.6984,24.463161],[54.694482,24.46321],[54.686552,24.464502],[54.68359,24.465545],[54.678767,24.469695],[54.678105,24.474369],[54.677571,24.478644],[54.677416,24.480089],[54.678595,24.488483],[54.68013,24.491972],[54.681677,24.495489],[54.683224,24.499007],[54.684771,24.502524],[54.686319,24.506042],[54.687866,24.509559],[54.689413,24.513077],[54.69096,24.516594],[54.691627,24.518124],[54.692269,24.519667],[54.692705,24.520876],[54.693145,24.522332],[54.693459,24.523728],[54.693583,24.524518],[54.694135,24.528421],[54.694311,24.52947],[54.694704,24.53273],[54.695075,24.535477],[54.699468,24.541229],[54.700098,24.54159],[54.70678,24.544516],[54.70679,24.544564],[54.706823,24.546514],[54.706889,24.547077],[54.706996,24.547975],[54.70705,24.548434],[54.71146,24.553647],[54.715452,24.55358],[54.719445,24.553513],[54.723438,24.553446],[54.72743,24.553379],[54.731423,24.553312],[54.735139,24.553249],[54.737572,24.553073],[54.739408,24.553042],[54.745126,24.546931],[54.745154,24.543035],[54.745183,24.539139],[54.745212,24.535243],[54.745241,24.53135],[54.745254,24.528972],[54.745268,24.526594],[54.745281,24.524215],[54.745304,24.520077],[54.745337,24.517461],[54.745424,24.514863],[54.745558,24.512848],[54.745844,24.510663],[54.749414,24.511131],[54.748936,24.517579],[54.748904,24.520122],[54.748881,24.524236],[54.748868,24.526614],[54.748854,24.528992],[54.748841,24.53137],[54.748812,24.535269],[54.748783,24.539166],[54.748754,24.543062],[54.749563,24.546413],[54.754907,24.55224],[54.75545,24.552617],[54.755981,24.553382],[54.756124,24.554157],[54.752788,24.56209],[54.750979,24.569591],[54.751056,24.573627],[54.748672,24.579557],[54.748719,24.5826],[54.748754,24.584018],[54.74884,24.58535],[54.749,24.586752],[54.749335,24.593165],[54.745903,24.594253],[54.745114,24.592825],[54.743202,24.589865],[54.74328,24.588793],[54.743301,24.588192],[54.745072,24.579612],[54.745025,24.576549],[54.74497,24.572195],[54.744915,24.567846],[54.744858,24.56526],[54.7448,24.562658],[54.738915,24.556786],[54.737634,24.556673],[54.735199,24.556849],[54.731484,24.556911],[54.727491,24.556978],[54.723498,24.557045],[54.719506,24.557112],[54.715513,24.557179],[54.71152,24.557246],[54.707527,24.557314],[54.701006,24.562799],[54.698064,24.568575],[54.698444,24.572123],[54.703291,24.57964],[54.704011,24.580252],[54.704519,24.581869],[54.705455,24.59044],[54.706718,24.593259],[54.708585,24.597426],[54.710174,24.600974],[54.715083,24.605352],[54.717728,24.607916],[54.720282,24.610453],[54.72212,24.615003],[54.728065,24.617457],[54.730435,24.617148],[54.732805,24.61684],[54.733896,24.616555],[54.735603,24.616007],[54.739007,24.615887],[54.742396,24.615445],[54.745785,24.615002],[54.749174,24.61456],[54.752563,24.614117],[54.75814,24.610235],[54.76091,24.607936],[54.765714,24.610376],[54.770898,24.611861],[54.774852,24.611334],[54.778772,24.610826],[54.782692,24.610318],[54.785801,24.609915],[54.78891,24.609512],[54.789373,24.613083],[54.786264,24.613485],[54.783155,24.613888],[54.779235,24.614396],[54.775314,24.614904],[54.772012,24.622594],[54.774141,24.625191],[54.775558,24.62692],[54.776942,24.62861],[54.778349,24.630232],[54.77563,24.63259],[54.774223,24.630968],[54.766912,24.636042],[54.767048,24.637885],[54.767183,24.639727],[54.76716,24.640279],[54.767042,24.640936],[54.766861,24.64155],[54.766616,24.642135],[54.766277,24.642722],[54.765927,24.643223],[54.765402,24.643801],[54.765047,24.644121],[54.764531,24.644509],[54.762239,24.652944],[54.764344,24.654381],[54.764869,24.655064],[54.767635,24.661276],[54.768756,24.662764],[54.765881,24.664931],[54.764126,24.671928],[54.765928,24.674305],[54.767062,24.675866],[54.768122,24.677333],[54.76833,24.677687],[54.769039,24.678613],[54.777345,24.679286],[54.780943,24.679159],[54.782801,24.682886],[54.782903,24.683802],[54.78273,24.684567],[54.785144,24.693184],[54.786215,24.700674],[54.787501,24.701962],[54.78933,24.70354],[54.791153,24.705112],[54.793922,24.707479],[54.796691,24.709845],[54.79946,24.712212],[54.80223,24.714579],[54.804999,24.716946],[54.807768,24.719313],[54.810538,24.721679],[54.813312,24.724051],[54.815908,24.726287],[54.818504,24.728524],[54.816155,24.731251],[54.813584,24.729266],[54.812172,24.728004],[54.811364,24.727239],[54.808199,24.724416],[54.80543,24.722049],[54.80266,24.719682],[54.799891,24.717316],[54.797122,24.714949],[54.794352,24.712582],[54.791583,24.710215],[54.788814,24.707848],[54.786979,24.706266],[54.78515,24.704688],[54.783673,24.703223],[54.77575,24.701847],[54.772206,24.702477],[54.763418,24.701277],[54.76213,24.70185],[54.761424,24.702216],[54.76114,24.702377],[54.760357,24.702869],[54.75847,24.704355],[54.757434,24.705268],[54.755053,24.702569],[54.756099,24.701559],[54.75741,24.70054],[54.758309,24.699908],[54.761324,24.69503],[54.755747,24.688924],[54.752541,24.686854],[54.751372,24.685667],[54.748623,24.683261],[54.74744,24.676731],[54.742239,24.676865],[54.738715,24.679059],[54.731883,24.684193],[54.730753,24.686958],[54.733419,24.694822],[54.734755,24.69535],[54.733431,24.698697],[54.732096,24.69817],[54.725546,24.699343],[54.723933,24.703368],[54.722319,24.707394],[54.718977,24.706054],[54.720591,24.702029],[54.718187,24.694064],[54.716113,24.693579],[54.716933,24.690074],[54.722066,24.689676],[54.725759,24.681652],[54.724644,24.679797],[54.722868,24.676701],[54.722758,24.676513],[54.72587,24.674701],[54.726911,24.667185],[54.724642,24.664389],[54.716949,24.661518],[54.714719,24.658691],[54.711737,24.654302],[54.703733,24.654875],[54.703475,24.655004],[54.701523,24.654416],[54.699263,24.653868],[54.690564,24.65173],[54.688683,24.650913],[54.688633,24.650828],[54.688978,24.648498],[54.681971,24.644459],[54.678555,24.645597],[54.672604,24.649988],[54.66599,24.646722],[54.658906,24.64314],[54.655127,24.641639],[54.654984,24.641339],[54.655002,24.641006],[54.655445,24.634113],[54.6578,24.63139],[54.658288,24.624514],[54.657472,24.622067],[54.656676,24.61968],[54.655525,24.61695],[54.655231,24.615927],[54.654627,24.61355],[54.646268,24.612161],[54.645144,24.614106],[54.642579,24.618524],[54.641582,24.620732],[54.640818,24.622096],[54.640754,24.622157],[54.63941,24.623601],[54.639128,24.623546],[54.637612,24.623254],[54.637184,24.623133],[54.636687,24.6229],[54.636213,24.622532],[54.635872,24.622067]]],"type":"Polygon"},"properties":{"branch_id":"35","branch_name":"Shahama","travel_mode":"driving-car","travel_direction":"destination","travel_minutes":15,"area_km2":220.13611708,"origin_latitude":24.5243742,"origin_longitude":54.6718965,"coordinate_source":"Google Places matched coordinates","data_source":"openrouteservice/HeiGIT; OpenStreetMap road network","generated_at":"2026-09-02T15:56:31+00:00"}},{"type":"Feature","id":"42-5","geometry":{"coordinates":[[[54.591901,24.370242],[54.593168,24.363081],[54.59412,24.361297],[54.594082,24.353791],[54.593997,24.353182],[54.594092,24.352474],[54.591747,24.344193],[54.591414,24.343834],[54.591048,24.343387],[54.590754,24.342949],[54.590494,24.342491],[54.59027,24.342014],[54.590085,24.341523],[54.589665,24.340436],[54.589264,24.338406],[54.588574,24.3343],[54.591993,24.333175],[54.594134,24.336799],[54.60209,24.339855],[54.604987,24.337921],[54.606337,24.337011],[54.608325,24.337038],[54.610387,24.336976],[54.617486,24.338402],[54.618516,24.332254],[54.617953,24.331222],[54.617712,24.329769],[54.617571,24.328754],[54.617597,24.328718],[54.620352,24.32785],[54.620459,24.327858],[54.623567,24.328519],[54.623646,24.328572],[54.625677,24.330938],[54.625878,24.331067],[54.62936,24.332187],[54.634481,24.326755],[54.634474,24.326244],[54.634495,24.326134],[54.634622,24.324507],[54.634689,24.324433],[54.637161,24.324351],[54.637177,24.324369],[54.640103,24.326912],[54.6483,24.329487],[54.649812,24.328808],[54.651772,24.331828],[54.653083,24.334986],[54.649476,24.343176],[54.651156,24.345767],[54.652836,24.348358],[54.649815,24.350317],[54.649692,24.357152],[54.650898,24.358962],[54.652206,24.361035],[54.653294,24.363058],[54.654571,24.365827],[54.655355,24.367511],[54.656144,24.369206],[54.657471,24.372102],[54.658627,24.374618],[54.659782,24.377129],[54.659874,24.377329],[54.656608,24.378843],[54.656515,24.378643],[54.650005,24.373235],[54.642512,24.374207],[54.641172,24.375104],[54.63431,24.379192],[54.631574,24.381532],[54.623366,24.380205],[54.62145,24.377157],[54.613146,24.379175],[54.611632,24.380849],[54.611185,24.380928],[54.610362,24.38106],[54.602322,24.377094],[54.600936,24.376533],[54.592725,24.373285],[54.591958,24.372915],[54.591925,24.372889],[54.591901,24.370242]]],"type":"Polygon"},"properties":{"branch_id":"42","branch_name":"Shakhbout City","travel_mode":"driving-car","travel_direction":"destination","travel_minutes":5,"area_km2":30.798151769999997,"origin_latitude":24.3481854,"origin_longitude":54.6238561,"coordinate_source":"Google Places matched coordinates","data_source":"openrouteservice/HeiGIT; OpenStreetMap road network","generated_at":"2026-09-02T16:02:09+00:00"}},{"type":"Feature","id":"42-10","geometry":{"coordinates":[[[54.547431,24.390313],[54.549905,24.390636],[54.550584,24.390815],[54.55172,24.391081],[54.552125,24.391205],[54.55585,24.392006],[54.559631,24.392768],[54.563412,24.393529],[54.569534,24.389307],[54.569534,24.389307],[54.570546,24.387368],[54.570795,24.386892],[54.57286,24.38655],[54.576834,24.384808],[54.578462,24.383595],[54.581168,24.381266],[54.580454,24.373774],[54.578415,24.37238],[54.575656,24.371914],[54.575188,24.371845],[54.573287,24.371696],[54.572708,24.368143],[54.573439,24.368024],[54.573854,24.367994],[54.57484,24.368083],[54.576438,24.368168],[54.577129,24.368246],[54.57754,24.368327],[54.578453,24.36859],[54.579943,24.369032],[54.584866,24.366839],[54.582365,24.359704],[54.582291,24.359662],[54.579993,24.358254],[54.579303,24.357513],[54.578792,24.355385],[54.570424,24.353455],[54.568234,24.357667],[54.567377,24.359312],[54.566495,24.361004],[54.566144,24.361628],[54.565796,24.362194],[54.565354,24.362855],[54.564597,24.363849],[54.564106,24.364418],[54.563857,24.364648],[54.563632,24.364816],[54.562532,24.365935],[54.561793,24.36701],[54.560771,24.367908],[54.559481,24.369602],[54.556794,24.367206],[54.557245,24.366429],[54.558116,24.365477],[54.559844,24.363541],[54.560959,24.362381],[54.561254,24.362114],[54.562483,24.360683],[54.562796,24.360205],[54.563071,24.359752],[54.563354,24.359244],[54.564185,24.357648],[54.560613,24.349566],[54.560683,24.345967],[54.561622,24.339449],[54.555235,24.33382],[54.549654,24.330964],[54.543419,24.326507],[54.541695,24.326513],[54.541681,24.322913],[54.546172,24.321821],[54.550436,24.318862],[54.554032,24.319034],[54.560244,24.314397],[54.560593,24.313624],[54.560643,24.313521],[54.562339,24.311469],[54.570785,24.309],[54.571933,24.305588],[54.573628,24.303297],[54.569927,24.295241],[54.568206,24.294877],[54.56483,24.293723],[54.561451,24.292568],[54.561205,24.292463],[54.558608,24.291462],[54.557384,24.291171],[54.553318,24.289774],[54.549458,24.288448],[54.545598,24.287122],[54.546768,24.283718],[54.550628,24.285043],[54.556499,24.286834],[54.556862,24.286961],[54.557523,24.287231],[54.559848,24.288082],[54.562239,24.288959],[54.567735,24.290678],[54.571099,24.291837],[54.578144,24.290708],[54.584703,24.288611],[54.586388,24.288491],[54.586558,24.288565],[54.586962,24.291415],[54.590625,24.298799],[54.591736,24.299187],[54.592825,24.299527],[54.593722,24.299841],[54.594344,24.300093],[54.595058,24.300423],[54.596136,24.301003],[54.596641,24.301302],[54.597317,24.30175],[54.598073,24.302316],[54.598638,24.302782],[54.606372,24.304597],[54.607627,24.304229],[54.61088,24.303424],[54.614057,24.302639],[54.614905,24.302391],[54.619857,24.299904],[54.624973,24.293507],[54.62762,24.291067],[54.63489,24.288872],[54.636739,24.287446],[54.638587,24.286019],[54.640786,24.28887],[54.638938,24.290296],[54.63709,24.291722],[54.639885,24.299896],[54.645864,24.299548],[54.64712,24.298656],[54.64762,24.29846],[54.647748,24.298429],[54.655015,24.299218],[54.656893,24.300196],[54.664546,24.303582],[54.66552,24.303824],[54.665969,24.304007],[54.666031,24.304042],[54.666735,24.30644],[54.666249,24.306812],[54.664165,24.308409],[54.661474,24.313066],[54.665461,24.319564],[54.666367,24.322606],[54.666409,24.322756],[54.666481,24.323424],[54.666866,24.326508],[54.667122,24.333954],[54.667219,24.334823],[54.666881,24.337458],[54.666132,24.337984],[54.664202,24.338101],[54.660071,24.344787],[54.661877,24.348511],[54.663358,24.350787],[54.664838,24.353062],[54.672079,24.354002],[54.673495,24.352983],[54.676927,24.350896],[54.676993,24.350854],[54.678155,24.350232],[54.681428,24.347945],[54.683598,24.346412],[54.686118,24.344632],[54.686601,24.344292],[54.6877,24.344693],[54.68847,24.345266],[54.688589,24.345418],[54.688674,24.347235],[54.686366,24.351922],[54.684099,24.358747],[54.680998,24.360189],[54.680842,24.360279],[54.675407,24.360259],[54.672958,24.368149],[54.67846,24.371091],[54.680512,24.37405],[54.679735,24.38277],[54.679219,24.383737],[54.678859,24.384158],[54.678348,24.384499],[54.674134,24.388199],[54.67258,24.389819],[54.669345,24.397742],[54.671019,24.401372],[54.675619,24.40802],[54.677918,24.416447],[54.67834,24.417667],[54.678691,24.419145],[54.678833,24.419909],[54.678963,24.420786],[54.679023,24.421418],[54.679111,24.422876],[54.679284,24.426399],[54.679457,24.429922],[54.679631,24.433446],[54.679804,24.436969],[54.679977,24.440492],[54.680277,24.445956],[54.680336,24.447902],[54.680397,24.449937],[54.680367,24.45133],[54.680176,24.453872],[54.68011,24.454428],[54.679259,24.461537],[54.678933,24.464406],[54.678663,24.466507],[54.678394,24.468609],[54.674823,24.468151],[54.675093,24.46605],[54.675218,24.462572],[54.672939,24.454561],[54.674311,24.451969],[54.676557,24.444221],[54.676382,24.440669],[54.676208,24.437146],[54.676035,24.433622],[54.675862,24.430099],[54.675319,24.424991],[54.675201,24.421898],[54.670168,24.415184],[54.669734,24.414969],[54.669379,24.414748],[54.669043,24.4145],[54.668728,24.414224],[54.662837,24.411283],[54.66002,24.411394],[54.65721,24.411504],[54.655149,24.411594],[54.653086,24.411684],[54.648571,24.411872],[54.645261,24.412014],[54.642024,24.412151],[54.641316,24.412209],[54.639482,24.412309],[54.637315,24.411804],[54.634923,24.411345],[54.62861,24.404981],[54.628284,24.404061],[54.628187,24.403653],[54.624416,24.397619],[54.619275,24.396829],[54.618517,24.396843],[54.617615,24.396431],[54.610611,24.39206],[54.609736,24.391849],[54.605451,24.388215],[54.59894,24.389638],[54.592156,24.39515],[54.590444,24.395174],[54.589186,24.395209],[54.589152,24.395203],[54.587614,24.395005],[54.580706,24.398832],[54.577869,24.40345],[54.576897,24.406916],[54.571152,24.411907],[54.567745,24.410743],[54.566139,24.403759],[54.566083,24.401868],[54.562701,24.397058],[54.55892,24.396297],[54.555139,24.395536],[54.551381,24.394779],[54.55055,24.394622],[54.548631,24.394231],[54.546712,24.39384],[54.547431,24.390313]]],"type":"Polygon"},"properties":{"branch_id":"42","branch_name":"Shakhbout City","travel_mode":"driving-car","travel_direction":"destination","travel_minutes":10,"area_km2":130.52117583,"origin_latitude":24.3481854,"origin_longitude":54.6238561,"coordinate_source":"Google Places matched coordinates","data_source":"openrouteservice/HeiGIT; OpenStreetMap road network","generated_at":"2026-09-02T16:02:09+00:00"}},{"type":"Feature","id":"42-15","geometry":{"coordinates":[[[54.462063,24.408066],[54.464978,24.40725],[54.469723,24.405275],[54.473575,24.40293],[54.473985,24.4027],[54.47449,24.402528],[54.475166,24.402424],[54.475695,24.402441],[54.476352,24.402556],[54.48305,24.402305],[54.487811,24.398662],[54.48939,24.397401],[54.492186,24.395179],[54.492532,24.394863],[54.492637,24.39479],[54.50041,24.390288],[54.500496,24.390295],[54.503196,24.390327],[54.503243,24.390342],[54.503259,24.390347],[54.503331,24.39037],[54.507109,24.392391],[54.513521,24.390661],[54.513865,24.390577],[54.518598,24.392228],[54.522712,24.387163],[54.522666,24.386513],[54.522708,24.385955],[54.522695,24.38371],[54.522751,24.381498],[54.516554,24.375132],[54.51563,24.375099],[54.515178,24.374547],[54.514716,24.374027],[54.514419,24.373243],[54.514391,24.373037],[54.515757,24.371502],[54.516681,24.371534],[54.518938,24.37153],[54.523618,24.364557],[54.523777,24.361219],[54.523938,24.35855],[54.52404,24.355506],[54.520183,24.348224],[54.517111,24.347972],[54.516588,24.348067],[54.513033,24.34794],[54.512825,24.347926],[54.513068,24.344334],[54.516344,24.342631],[54.51645,24.342557],[54.519737,24.339134],[54.516117,24.33183],[54.514692,24.330951],[54.513264,24.327924],[54.507363,24.325215],[54.507506,24.321618],[54.51306,24.315847],[54.515785,24.315133],[54.518402,24.316113],[54.525663,24.311358],[54.52603,24.310354],[54.526252,24.309839],[54.526514,24.309298],[54.528101,24.306877],[54.528511,24.306355],[54.528834,24.306006],[54.529571,24.30526],[54.530043,24.304829],[54.531056,24.303992],[54.533445,24.301751],[54.535207,24.300212],[54.535873,24.299765],[54.53762,24.298427],[54.540203,24.296681],[54.541577,24.295115],[54.542269,24.294411],[54.542005,24.285612],[54.54127,24.285233],[54.538901,24.284602],[54.535408,24.2834],[54.532916,24.28255],[54.52892,24.281393],[54.522067,24.282298],[54.520099,24.284146],[54.517635,24.281522],[54.514096,24.276326],[54.510368,24.275051],[54.50664,24.273776],[54.502896,24.272496],[54.502169,24.272239],[54.501439,24.271956],[54.50068,24.271647],[54.499828,24.271273],[54.499195,24.270974],[54.498519,24.270629],[54.497598,24.270143],[54.49702,24.269812],[54.495483,24.268861],[54.494253,24.267998],[54.493421,24.267364],[54.492652,24.266737],[54.491742,24.265937],[54.490332,24.264638],[54.488921,24.263337],[54.486015,24.260652],[54.483109,24.257968],[54.480202,24.255283],[54.477296,24.252599],[54.475848,24.251262],[54.474386,24.249912],[54.471418,24.247167],[54.469042,24.244973],[54.465546,24.241747],[54.463919,24.240245],[54.462299,24.23875],[54.459748,24.236421],[54.462176,24.233763],[54.464726,24.236092],[54.46636,24.2376],[54.467987,24.239101],[54.473527,24.241505],[54.477361,24.24107],[54.479887,24.243635],[54.479091,24.246623],[54.482645,24.252639],[54.485551,24.255323],[54.491451,24.256115],[54.49386,24.258791],[54.497548,24.265912],[54.49891,24.266748],[54.499381,24.267015],[54.500195,24.267443],[54.500833,24.267769],[54.501357,24.268014],[54.502127,24.268351],[54.502794,24.268621],[54.503467,24.268881],[54.504092,24.2691],[54.507805,24.27037],[54.511533,24.271644],[54.515261,24.272919],[54.518989,24.274194],[54.526646,24.274047],[54.527138,24.273972],[54.527684,24.273948],[54.528229,24.273987],[54.528765,24.27409],[54.529286,24.274254],[54.529945,24.274569],[54.530323,24.274806],[54.530639,24.27505],[54.530931,24.275322],[54.531197,24.275619],[54.531436,24.275941],[54.531642,24.276285],[54.534383,24.279263],[54.53656,24.279989],[54.543039,24.274925],[54.54634,24.276362],[54.553841,24.281057],[54.555916,24.27908],[54.558348,24.27684],[54.558736,24.276658],[54.564131,24.274143],[54.571133,24.268765],[54.573223,24.267159],[54.575314,24.265554],[54.577405,24.263948],[54.579496,24.262343],[54.582189,24.260274],[54.584882,24.258206],[54.587034,24.256554],[54.589186,24.254901],[54.591178,24.253371],[54.59317,24.251842],[54.595362,24.254697],[54.59337,24.256227],[54.591379,24.257756],[54.589227,24.259409],[54.587455,24.266933],[54.59559,24.270607],[54.596259,24.270338],[54.601338,24.267665],[54.601578,24.267658],[54.601722,24.26768],[54.603008,24.267855],[54.603957,24.269006],[54.604572,24.2701],[54.610993,24.27591],[54.616212,24.275961],[54.618329,24.278873],[54.616868,24.279935],[54.615407,24.280997],[54.614901,24.281344],[54.61429,24.281716],[54.613956,24.28194],[54.612224,24.283383],[54.611999,24.283606],[54.609913,24.285169],[54.609004,24.286089],[54.606119,24.293046],[54.614357,24.295249],[54.615871,24.294289],[54.616051,24.294145],[54.621117,24.291251],[54.622753,24.290008],[54.622785,24.289983],[54.624061,24.288991],[54.625955,24.287405],[54.628007,24.285868],[54.628117,24.285757],[54.628228,24.285668],[54.630766,24.283013],[54.632329,24.281092],[54.634299,24.279535],[54.638033,24.271735],[54.637847,24.271025],[54.637738,24.27032],[54.637683,24.269412],[54.637233,24.265765],[54.637291,24.262165],[54.639748,24.259314],[54.643266,24.260076],[54.64294,24.261585],[54.642428,24.263788],[54.650264,24.267407],[54.651988,24.266114],[54.652616,24.265539],[54.653291,24.264872],[54.654698,24.266401],[54.655822,24.267432],[54.664025,24.264285],[54.66499,24.262415],[54.665217,24.262315],[54.665562,24.262164],[54.666136,24.261911],[54.670985,24.26195],[54.672668,24.262039],[54.680612,24.260842],[54.683522,24.259705],[54.686357,24.258599],[54.688784,24.257524],[54.691212,24.256449],[54.693639,24.255373],[54.696116,24.254277],[54.697554,24.253695],[54.698427,24.253402],[54.701775,24.252367],[54.709126,24.249284],[54.712128,24.247716],[54.714037,24.246697],[54.7151,24.24615],[54.716192,24.245605],[54.71756,24.244947],[54.721149,24.243337],[54.724738,24.241727],[54.726211,24.245012],[54.722622,24.246622],[54.719033,24.248232],[54.717753,24.248849],[54.711362,24.254674],[54.709671,24.25753],[54.709149,24.257597],[54.702728,24.255837],[54.69949,24.256841],[54.698703,24.257107],[54.697473,24.257611],[54.695097,24.258665],[54.69267,24.25974],[54.690243,24.260815],[54.686802,24.263881],[54.686053,24.272157],[54.686062,24.272274],[54.686928,24.278699],[54.687095,24.282295],[54.686485,24.282323],[54.680374,24.282932],[54.67766,24.283231],[54.674946,24.283531],[54.670766,24.289927],[54.670213,24.290875],[54.672895,24.297987],[54.677887,24.297489],[54.678405,24.29777],[54.678652,24.297889],[54.67915,24.298103],[54.680431,24.298499],[54.681053,24.298612],[54.681969,24.298708],[54.682347,24.298719],[54.683151,24.298688],[54.684381,24.298503],[54.684514,24.298475],[54.68654,24.297871],[54.686771,24.297796],[54.68804,24.297462],[54.68864,24.297337],[54.689254,24.297241],[54.690441,24.297117],[54.691024,24.297084],[54.693768,24.296972],[54.694809,24.29691],[54.697162,24.296797],[54.699693,24.296685],[54.702124,24.296567],[54.704041,24.296475],[54.704215,24.30007],[54.702298,24.300163],[54.699355,24.301224],[54.698485,24.308986],[54.698459,24.309145],[54.698374,24.3119],[54.704257,24.317973],[54.71291,24.318842],[54.721846,24.319577],[54.72252,24.319231],[54.722554,24.319225],[54.723856,24.319777],[54.723986,24.319848],[54.724539,24.320371],[54.724551,24.320406],[54.724052,24.322574],[54.719598,24.328567],[54.718702,24.329481],[54.714349,24.334915],[54.713295,24.337475],[54.713215,24.337532],[54.711419,24.338785],[54.710031,24.347671],[54.712641,24.350846],[54.713884,24.352359],[54.715257,24.354078],[54.71661,24.355773],[54.717835,24.357254],[54.719468,24.35924],[54.721864,24.36216],[54.724258,24.365077],[54.726208,24.367446],[54.728142,24.369797],[54.728676,24.370427],[54.73019,24.372276],[54.731716,24.37414],[54.733322,24.376145],[54.735029,24.378212],[54.736737,24.380278],[54.733961,24.382571],[54.732254,24.380505],[54.730547,24.378438],[54.727457,24.376185],[54.719503,24.372305],[54.711424,24.372284],[54.708646,24.374574],[54.703242,24.375908],[54.704329,24.383203],[54.706312,24.386233],[54.708132,24.388556],[54.707662,24.392125],[54.711869,24.398628],[54.714627,24.398981],[54.715184,24.399069],[54.717184,24.399173],[54.717224,24.399178],[54.719666,24.399646],[54.719477,24.403241],[54.71817,24.405508],[54.717839,24.407268],[54.717807,24.407601],[54.718233,24.410733],[54.724487,24.414122],[54.728174,24.414622],[54.732332,24.415254],[54.732999,24.415261],[54.733859,24.415353],[54.736181,24.415647],[54.738502,24.415941],[54.740824,24.416234],[54.743129,24.416526],[54.746271,24.416894],[54.747598,24.417026],[54.748072,24.417068],[54.749766,24.417166],[54.753095,24.417281],[54.756418,24.417397],[54.759549,24.417495],[54.764092,24.417654],[54.76614,24.417746],[54.768264,24.417842],[54.771611,24.418131],[54.772634,24.41824],[54.773752,24.418387],[54.775131,24.418633],[54.776848,24.418996],[54.77914,24.419501],[54.781432,24.420005],[54.780658,24.423521],[54.778366,24.423017],[54.776074,24.422512],[54.774386,24.422155],[54.766861,24.423408],[54.766477,24.423607],[54.766209,24.423711],[54.762757,24.425074],[54.76069,24.423966],[54.760381,24.423807],[54.759806,24.423436],[54.75297,24.420879],[54.749641,24.420764],[54.747865,24.420662],[54.741728,24.42197],[54.738959,24.424368],[54.737216,24.426242],[54.73426,24.430457],[54.730763,24.431332],[54.730266,24.431325],[54.729723,24.431311],[54.723203,24.429025],[54.719829,24.42953],[54.712924,24.435077],[54.7126,24.437158],[54.712588,24.437944],[54.712492,24.438531],[54.71214,24.440162],[54.710396,24.440074],[54.709823,24.440026],[54.708582,24.439614],[54.708635,24.439272],[54.708879,24.437426],[54.709068,24.436463],[54.709366,24.434526],[54.709486,24.433839],[54.705636,24.426563],[54.702492,24.426164],[54.699707,24.425799],[54.696048,24.425352],[54.69562,24.425241],[54.695106,24.424987],[54.694178,24.424005],[54.694098,24.423843],[54.68877,24.418095],[54.686668,24.415636],[54.678833,24.419909],[54.678963,24.420786],[54.679023,24.421418],[54.679111,24.422876],[54.679284,24.426399],[54.679457,24.429922],[54.679631,24.433446],[54.680429,24.436199],[54.682189,24.44299],[54.682226,24.445294],[54.684079,24.451511],[54.689042,24.454015],[54.692601,24.454558],[54.698356,24.459561],[54.702274,24.459513],[54.706294,24.459466],[54.706701,24.459503],[54.707196,24.459636],[54.708069,24.460173],[54.708137,24.460246],[54.706135,24.463063],[54.702318,24.463113],[54.6984,24.463161],[54.694482,24.46321],[54.686552,24.464502],[54.68359,24.465545],[54.677969,24.47206],[54.677561,24.475383],[54.677466,24.476261],[54.677157,24.478628],[54.676889,24.480973],[54.677868,24.487825],[54.679511,24.491563],[54.681153,24.495301],[54.682796,24.499038],[54.684444,24.502787],[54.685405,24.505018],[54.685448,24.505125],[54.686489,24.507478],[54.68757,24.509934],[54.688432,24.511878],[54.68995,24.515344],[54.690813,24.517312],[54.691693,24.519323],[54.691965,24.519997],[54.692533,24.521653],[54.692718,24.522308],[54.692897,24.523075],[54.69319,24.524651],[54.693497,24.527394],[54.6938,24.530105],[54.694051,24.532033],[54.694783,24.536632],[54.694958,24.539078],[54.695049,24.540719],[54.695003,24.541671],[54.69491,24.542465],[54.695879,24.551063],[54.695993,24.551519],[54.696076,24.551982],[54.696423,24.554111],[54.696832,24.557422],[54.697065,24.5595],[54.697298,24.561579],[54.693721,24.56198],[54.693487,24.559902],[54.693224,24.55819],[54.693045,24.55631],[54.691411,24.549852],[54.687712,24.543597],[54.689803,24.536021],[54.689288,24.534508],[54.689596,24.532658],[54.685289,24.524823],[54.682694,24.525057],[54.681154,24.525201],[54.680768,24.523499],[54.680818,24.521617],[54.682841,24.518655],[54.684279,24.511393],[54.683194,24.508929],[54.683121,24.508803],[54.682462,24.507431],[54.682111,24.506469],[54.682068,24.506363],[54.681138,24.504213],[54.6795,24.500487],[54.677857,24.496749],[54.676215,24.493012],[54.674572,24.489274],[54.674085,24.487905],[54.673902,24.48731],[54.673576,24.485961],[54.673362,24.484641],[54.67323,24.483126],[54.666387,24.478643],[54.664814,24.479716],[54.663951,24.480246],[54.662865,24.480834],[54.662138,24.481246],[54.661569,24.481542],[54.660383,24.482082],[54.659066,24.482644],[54.658311,24.482912],[54.657053,24.483318],[54.653072,24.484317],[54.648212,24.485526],[54.646454,24.485965],[54.643806,24.486618],[54.641293,24.487251],[54.638756,24.487889],[54.637473,24.488192],[54.633295,24.489173],[54.630455,24.489903],[54.624912,24.49189],[54.622727,24.492884],[54.620556,24.493872],[54.619186,24.49451],[54.61905,24.494442],[54.617585,24.491153],[54.618711,24.490652],[54.625177,24.486969],[54.62798,24.486716],[54.629479,24.486321],[54.632407,24.485684],[54.636745,24.477953],[54.639615,24.475779],[54.646318,24.480112],[54.65297,24.480432],[54.654045,24.480177],[54.654129,24.480155],[54.6562,24.479661],[54.660609,24.472609],[54.660582,24.472075],[54.660619,24.471607],[54.658325,24.464806],[54.661893,24.458008],[54.669269,24.454108],[54.670198,24.453431],[54.670689,24.453149],[54.671275,24.452871],[54.671896,24.452615],[54.672451,24.452437],[54.672987,24.452297],[54.676557,24.444221],[54.676382,24.440669],[54.676208,24.437146],[54.676035,24.433622],[54.675585,24.429714],[54.675352,24.425383],[54.675319,24.424991],[54.675201,24.421898],[54.670168,24.415184],[54.669734,24.414969],[54.669379,24.414748],[54.669043,24.4145],[54.668728,24.414224],[54.662837,24.411283],[54.66002,24.411394],[54.65721,24.411504],[54.655149,24.411594],[54.653086,24.411684],[54.648571,24.411872],[54.644749,24.412295],[54.639912,24.414663],[54.640515,24.420581],[54.640975,24.421303],[54.641503,24.422111],[54.642001,24.422822],[54.643356,24.42454],[54.64385,24.425324],[54.644214,24.426255],[54.644211,24.426295],[54.643861,24.427011],[54.640531,24.426772],[54.639243,24.425136],[54.631807,24.422737],[54.629143,24.425008],[54.628623,24.424417],[54.6272,24.4227],[54.625684,24.420894],[54.624974,24.420037],[54.624474,24.419378],[54.623862,24.418487],[54.623512,24.417919],[54.622989,24.417003],[54.621449,24.414174],[54.619927,24.411375],[54.615134,24.407718],[54.612497,24.407177],[54.609524,24.406587],[54.604738,24.413272],[54.60456,24.413731],[54.599321,24.420926],[54.598302,24.424379],[54.591179,24.425376],[54.585286,24.427893],[54.583694,24.42864],[54.578793,24.434329],[54.577778,24.435676],[54.574382,24.435034],[54.573965,24.434919],[54.56848,24.433273],[54.563891,24.431952],[54.562389,24.431544],[54.557216,24.429828],[54.552616,24.428526],[54.547547,24.426957],[54.547494,24.426942],[54.543904,24.422965],[54.544142,24.418801],[54.540637,24.41335],[54.541617,24.409886],[54.547989,24.40733],[54.54856,24.403406],[54.549327,24.401489],[54.544696,24.394834],[54.54345,24.394585],[54.543357,24.394561],[54.535233,24.396791],[54.533524,24.398681],[54.532304,24.400051],[54.530261,24.402335],[54.528143,24.404697],[54.527513,24.405308],[54.527039,24.405687],[54.526395,24.406138],[54.525407,24.406708],[54.521319,24.408544],[54.51723,24.410381],[54.514157,24.411756],[54.511435,24.412989],[54.508702,24.414226],[54.507232,24.41488],[54.504906,24.41586],[54.501088,24.41758],[54.4962,24.41979],[54.494429,24.420592],[54.492668,24.421388],[54.492074,24.421662],[54.490569,24.418392],[54.491163,24.418118],[54.493479,24.416932],[54.49418,24.416666],[54.494924,24.416431],[54.499609,24.414298],[54.502268,24.407414],[54.495458,24.403669],[54.49245,24.403389],[54.489695,24.404192],[54.486844,24.404986],[54.48397,24.405786],[54.481449,24.406453],[54.47748,24.407513],[54.477255,24.407563],[54.475331,24.408134],[54.475133,24.408177],[54.472984,24.40878],[54.470636,24.409427],[54.468289,24.410073],[54.465949,24.410717],[54.463034,24.411533],[54.462063,24.408066]]],"type":"Polygon"},"properties":{"branch_id":"42","branch_name":"Shakhbout City","travel_mode":"driving-car","travel_direction":"destination","travel_minutes":15,"area_km2":346.4442992,"origin_latitude":24.3481854,"origin_longitude":54.6238561,"coordinate_source":"Google Places matched coordinates","data_source":"openrouteservice/HeiGIT; OpenStreetMap road network","generated_at":"2026-09-02T16:02:09+00:00"}},{"type":"Feature","id":"34-5","geometry":{"coordinates":[[[54.537596,24.513484],[54.542811,24.51154],[54.547202,24.509789],[54.549918,24.508696],[54.556628,24.505732],[54.558055,24.505279],[54.562574,24.504379],[54.564944,24.503799],[54.567122,24.503306],[54.572904,24.498741],[54.573673,24.497824],[54.574112,24.4973],[54.574625,24.496689],[54.575154,24.496059],[54.575812,24.495278],[54.580075,24.489742],[54.580369,24.489307],[54.582128,24.486856],[54.583712,24.486102],[54.584418,24.485928],[54.586999,24.48603],[54.590838,24.485664],[54.597506,24.483124],[54.598499,24.482567],[54.598732,24.48249],[54.602251,24.481554],[54.602989,24.481531],[54.604507,24.484271],[54.604409,24.484852],[54.604712,24.490784],[54.608927,24.494307],[54.609699,24.497824],[54.607737,24.498254],[54.605775,24.498685],[54.603579,24.499187],[54.597569,24.503879],[54.596777,24.505892],[54.592012,24.507797],[54.588521,24.508617],[54.58031,24.508195],[54.573026,24.505659],[54.57116,24.506122],[54.567918,24.506816],[54.565799,24.507296],[54.56353,24.50785],[54.561234,24.508482],[54.558867,24.509211],[54.556746,24.509918],[54.553961,24.510951],[54.551261,24.512036],[54.548577,24.513116],[54.546228,24.514086],[54.544146,24.514883],[54.541998,24.515739],[54.538803,24.516876],[54.537596,24.513484]]],"type":"Polygon"},"properties":{"branch_id":"34","branch_name":"Westyas Branch","travel_mode":"driving-car","travel_direction":"destination","travel_minutes":5,"area_km2":8.80117342,"origin_latitude":24.4934924,"origin_longitude":54.5868369,"coordinate_source":"Google Places matched coordinates","data_source":"openrouteservice/HeiGIT; OpenStreetMap road network","generated_at":"2026-09-02T16:02:12+00:00"}},{"type":"Feature","id":"34-10","geometry":{"coordinates":[[[54.451603,24.545087],[54.459925,24.547032],[54.461752,24.546678],[54.464944,24.545553],[54.466977,24.544453],[54.469065,24.544761],[54.471562,24.544852],[54.47599,24.538723],[54.476347,24.536564],[54.476357,24.536555],[54.480651,24.534582],[54.483982,24.531667],[54.484546,24.530985],[54.485138,24.530312],[54.485451,24.53001],[54.490121,24.525119],[54.495085,24.524402],[54.498484,24.517117],[54.49895,24.515657],[54.499597,24.515392],[54.50007,24.515202],[54.503998,24.513646],[54.506847,24.515847],[54.51109,24.519417],[54.516963,24.519776],[54.518992,24.519146],[54.522457,24.518074],[54.52592,24.517002],[54.528254,24.516324],[54.537596,24.513484],[54.542811,24.51154],[54.544112,24.506763],[54.549472,24.504547],[54.555778,24.503185],[54.562653,24.503994],[54.566184,24.502911],[54.566496,24.502785],[54.56754,24.502336],[54.574112,24.4973],[54.574625,24.496689],[54.575154,24.496059],[54.575812,24.495278],[54.580075,24.489742],[54.580369,24.489307],[54.582128,24.486856],[54.583712,24.486102],[54.584418,24.485928],[54.586999,24.48603],[54.590838,24.485664],[54.597506,24.483124],[54.598947,24.478364],[54.596875,24.471386],[54.596824,24.471222],[54.596719,24.468077],[54.591654,24.462916],[54.591625,24.462888],[54.591791,24.460127],[54.591826,24.460103],[54.593629,24.45884],[54.600149,24.457969],[54.600261,24.457991],[54.603579,24.458833],[54.611672,24.459288],[54.612096,24.459279],[54.612174,24.462878],[54.610702,24.463102],[54.61035,24.463205],[54.609852,24.463369],[54.607834,24.464448],[54.606798,24.471912],[54.6084,24.473831],[54.608439,24.473864],[54.610493,24.475663],[54.614413,24.477013],[54.61684,24.477717],[54.624451,24.477009],[54.625934,24.477936],[54.630622,24.470303],[54.62958,24.468876],[54.62932,24.468473],[54.628918,24.467791],[54.628539,24.467094],[54.628117,24.466219],[54.627788,24.465454],[54.626905,24.463083],[54.62609,24.460885],[54.625821,24.460224],[54.625417,24.459412],[54.625246,24.459118],[54.624717,24.45824],[54.627802,24.456384],[54.628387,24.457203],[54.629479,24.459178],[54.629764,24.45997],[54.630246,24.461423],[54.631844,24.464982],[54.632168,24.465652],[54.634752,24.469735],[54.636596,24.471924],[54.637796,24.473466],[54.638976,24.474938],[54.640566,24.477036],[54.646182,24.480579],[54.646782,24.480754],[54.652483,24.481129],[54.65635,24.48015],[54.658165,24.479537],[54.658965,24.479195],[54.66038,24.478472],[54.661487,24.477794],[54.663165,24.476641],[54.664827,24.475498],[54.666386,24.474402],[54.670043,24.468827],[54.670466,24.465136],[54.67056,24.464326],[54.670839,24.463688],[54.671153,24.46328],[54.67153,24.462949],[54.672122,24.46255],[54.67619,24.462742],[54.67848,24.462959],[54.678958,24.46301],[54.678575,24.46659],[54.677257,24.471663],[54.669965,24.476136],[54.669258,24.476747],[54.668533,24.477291],[54.666898,24.478442],[54.665205,24.479607],[54.663527,24.480761],[54.662881,24.481178],[54.662195,24.48158],[54.661429,24.482],[54.660954,24.482238],[54.660496,24.482453],[54.659585,24.482846],[54.658635,24.483205],[54.657422,24.483587],[54.653369,24.484618],[54.652374,24.493317],[54.654022,24.495444],[54.65567,24.497571],[54.657312,24.49969],[54.658567,24.501293],[54.65983,24.502906],[54.6613,24.504814],[54.664263,24.507624],[54.664858,24.508381],[54.667924,24.513448],[54.669489,24.515477],[54.671054,24.517507],[54.6731,24.520158],[54.675092,24.522745],[54.677086,24.525334],[54.678817,24.527588],[54.680173,24.529353],[54.68136,24.530894],[54.678509,24.533091],[54.675754,24.529712],[54.674231,24.527528],[54.667389,24.522179],[54.667316,24.522084],[54.667051,24.519369],[54.660595,24.515839],[54.657522,24.514047],[54.657551,24.513979],[54.656978,24.505103],[54.655732,24.503512],[54.654478,24.50191],[54.652824,24.499776],[54.651176,24.497649],[54.649528,24.495522],[54.647788,24.493356],[54.646527,24.491851],[54.645712,24.490916],[54.645296,24.490499],[54.644332,24.489705],[54.64394,24.489441],[54.643604,24.489237],[54.643139,24.488983],[54.639788,24.488376],[54.635071,24.493396],[54.635003,24.493826],[54.633719,24.497489],[54.633532,24.498726],[54.632841,24.501695],[54.632755,24.502232],[54.631787,24.502673],[54.630139,24.502934],[54.62588,24.504098],[54.619428,24.508767],[54.618347,24.510457],[54.616653,24.511626],[54.61317,24.514536],[54.609203,24.515931],[54.608965,24.516012],[54.602539,24.516676],[54.599707,24.516912],[54.598023,24.511915],[54.597728,24.5114],[54.592012,24.507797],[54.588521,24.508617],[54.58031,24.508195],[54.574408,24.506986],[54.565799,24.507296],[54.56353,24.50785],[54.561234,24.508482],[54.558867,24.509211],[54.556746,24.509918],[54.553961,24.510951],[54.551261,24.512036],[54.548577,24.513116],[54.546228,24.514086],[54.544146,24.514883],[54.541998,24.515739],[54.538803,24.516876],[54.529258,24.519781],[54.527388,24.520749],[54.525425,24.52134],[54.523462,24.521931],[54.520225,24.522982],[54.51817,24.523621],[54.516136,24.524252],[54.513943,24.52491],[54.511766,24.525563],[54.509051,24.526389],[54.50633,24.527217],[54.505003,24.527707],[54.499674,24.533662],[54.49962,24.53376],[54.498198,24.534501],[54.498061,24.53448],[54.497345,24.534206],[54.496831,24.533759],[54.492906,24.532784],[54.489662,24.539596],[54.489311,24.540357],[54.489166,24.540697],[54.48885,24.541011],[54.488311,24.541409],[54.487876,24.541645],[54.480005,24.54574],[54.479044,24.546291],[54.478408,24.54661],[54.477887,24.546847],[54.476774,24.547294],[54.476121,24.547528],[54.475503,24.547721],[54.474883,24.547887],[54.47422,24.548033],[54.472702,24.548318],[54.465787,24.549588],[54.459875,24.550719],[54.459262,24.550801],[54.458614,24.550845],[54.457593,24.550858],[54.456573,24.550801],[54.455561,24.550672],[54.454588,24.550481],[54.45396,24.550321],[54.453259,24.550104],[54.452214,24.54968],[54.451337,24.54924],[54.450277,24.548597],[54.449434,24.547961],[54.451603,24.545087]]],"type":"Polygon"},"properties":{"branch_id":"34","branch_name":"Westyas Branch","travel_mode":"driving-car","travel_direction":"destination","travel_minutes":10,"area_km2":40.61669848,"origin_latitude":24.4934924,"origin_longitude":54.5868369,"coordinate_source":"Google Places matched coordinates","data_source":"openrouteservice/HeiGIT; OpenStreetMap road network","generated_at":"2026-09-02T16:02:12+00:00"}},{"type":"Feature","id":"34-15","geometry":{"coordinates":[[[54.399837,24.533522],[54.400147,24.532515],[54.402957,24.528138],[54.40067,24.522507],[54.398748,24.521072],[54.396703,24.519551],[54.395431,24.518601],[54.390151,24.516573],[54.387577,24.516218],[54.386976,24.51618],[54.384855,24.515884],[54.383347,24.515817],[54.382034,24.515733],[54.381639,24.512155],[54.387469,24.51028],[54.395644,24.510494],[54.398647,24.51248],[54.402824,24.519622],[54.404747,24.521058],[54.40667,24.522493],[54.408442,24.523815],[54.410215,24.525137],[54.412476,24.526689],[54.419566,24.526356],[54.426503,24.523707],[54.428318,24.522344],[54.429221,24.521521],[54.429248,24.521498],[54.431917,24.518998],[54.432835,24.517957],[54.433373,24.517431],[54.436622,24.513647],[54.436718,24.513552],[54.437893,24.51288],[54.438232,24.512739],[54.443138,24.513623],[54.448113,24.512468],[54.454691,24.510456],[54.455095,24.510313],[54.455786,24.512127],[54.456258,24.51372],[54.45734,24.522514],[54.458492,24.523978],[54.466563,24.526654],[54.469696,24.527253],[54.470359,24.527372],[54.470996,24.527584],[54.476216,24.529092],[54.483482,24.527766],[54.486952,24.525113],[54.490069,24.520371],[54.490869,24.516818],[54.491306,24.513856],[54.49216,24.507044],[54.4881,24.505143],[54.487193,24.504976],[54.486688,24.504755],[54.485663,24.504139],[54.485244,24.503809],[54.484745,24.503304],[54.485522,24.501344],[54.485645,24.501299],[54.487306,24.500774],[54.488539,24.501031],[54.491768,24.501774],[54.492739,24.501914],[54.493144,24.502064],[54.493672,24.502409],[54.494153,24.502996],[54.494326,24.503295],[54.495391,24.505457],[54.496409,24.507529],[54.497427,24.509601],[54.498445,24.511674],[54.506757,24.510012],[54.507158,24.509034],[54.508371,24.505978],[54.508822,24.504898],[54.509458,24.502622],[54.510044,24.501018],[54.51032,24.499853],[54.510831,24.497503],[54.511656,24.496082],[54.512227,24.495031],[54.513186,24.49341],[54.516355,24.495119],[54.515868,24.496022],[54.514828,24.497784],[54.513871,24.500448],[54.513549,24.501838],[54.512847,24.503835],[54.512291,24.50586],[54.512041,24.506612],[54.511622,24.507524],[54.510506,24.510358],[54.510087,24.511378],[54.51109,24.519417],[54.516963,24.519776],[54.518992,24.519146],[54.522457,24.518074],[54.52592,24.517002],[54.528254,24.516324],[54.532055,24.515582],[54.533812,24.515051],[54.537596,24.513484],[54.540351,24.512947],[54.544112,24.506763],[54.549472,24.504547],[54.555778,24.503185],[54.561294,24.499505],[54.56151,24.495911],[54.563497,24.496031],[54.565483,24.49615],[54.568017,24.496312],[54.570545,24.496473],[54.575812,24.495278],[54.580075,24.489742],[54.580369,24.489307],[54.582128,24.486856],[54.583712,24.486102],[54.584418,24.485928],[54.586999,24.48603],[54.590838,24.485664],[54.597506,24.483124],[54.598947,24.478364],[54.597334,24.473876],[54.596877,24.473156],[54.596667,24.472502],[54.595597,24.468443],[54.595241,24.46771],[54.593932,24.46556],[54.591654,24.462916],[54.591625,24.462888],[54.590046,24.458836],[54.589953,24.458189],[54.590016,24.456326],[54.59025,24.455598],[54.590525,24.455173],[54.590858,24.454828],[54.591217,24.454584],[54.591785,24.454347],[54.592265,24.454258],[54.592881,24.454259],[54.598102,24.450019],[54.595198,24.445313],[54.594241,24.444988],[54.593291,24.444852],[54.590933,24.444199],[54.585121,24.445453],[54.585021,24.445527],[54.582383,24.444752],[54.576415,24.440064],[54.573539,24.439268],[54.569886,24.438231],[54.566236,24.437195],[54.563676,24.436473],[54.561116,24.435751],[54.558555,24.43503],[54.555955,24.434296],[54.553465,24.433579],[54.550336,24.432693],[54.547206,24.431808],[54.544077,24.430923],[54.540951,24.430039],[54.538288,24.429291],[54.535611,24.428539],[54.532683,24.427691],[54.530781,24.427145],[54.531773,24.423685],[54.53674,24.424835],[54.539409,24.425668],[54.54162,24.426401],[54.545057,24.427459],[54.548186,24.428344],[54.551315,24.429229],[54.554445,24.430114],[54.557012,24.430855],[54.559532,24.431565],[54.562092,24.432286],[54.564653,24.433008],[54.567213,24.43373],[54.570869,24.434768],[54.574522,24.435805],[54.577375,24.436595],[54.584012,24.433765],[54.584217,24.433728],[54.591034,24.432933],[54.599322,24.431139],[54.601176,24.429019],[54.603915,24.427737],[54.607322,24.428898],[54.609206,24.43383],[54.610113,24.440179],[54.617403,24.441201],[54.617623,24.44112],[54.621066,24.438057],[54.621518,24.4373],[54.621799,24.436891],[54.623502,24.435002],[54.62412,24.434496],[54.625,24.433872],[54.625642,24.433486],[54.62631,24.433142],[54.627013,24.432837],[54.627918,24.432515],[54.628446,24.432358],[54.630414,24.431883],[54.63102,24.43175],[54.631125,24.432393],[54.631792,24.435266],[54.631187,24.435399],[54.630049,24.435705],[54.628959,24.435961],[54.628227,24.436226],[54.627764,24.436435],[54.627307,24.436678],[54.624744,24.439582],[54.623935,24.440847],[54.627069,24.449146],[54.630348,24.448622],[54.631424,24.448002],[54.63251,24.448055],[54.632617,24.448051],[54.637051,24.447556],[54.637666,24.44751],[54.63813,24.447566],[54.638646,24.447729],[54.64004,24.4484],[54.641384,24.450495],[54.641624,24.450843],[54.64204,24.451672],[54.642258,24.452278],[54.642397,24.452899],[54.642436,24.453791],[54.642369,24.454476],[54.641475,24.455739],[54.639007,24.46027],[54.638646,24.460919],[54.638331,24.461269],[54.63803,24.461529],[54.636241,24.462795],[54.634752,24.469735],[54.636596,24.471924],[54.637796,24.473466],[54.638976,24.474938],[54.640566,24.477036],[54.6458,24.480129],[54.64651,24.480333],[54.65297,24.480432],[54.654045,24.480177],[54.654129,24.480155],[54.6562,24.479661],[54.660609,24.472609],[54.660582,24.472075],[54.660619,24.471607],[54.657758,24.46414],[54.657328,24.463561],[54.660411,24.461702],[54.663167,24.458329],[54.668979,24.455632],[54.672883,24.453756],[54.677105,24.447453],[54.676991,24.444606],[54.676858,24.441985],[54.676724,24.439365],[54.676591,24.436745],[54.676457,24.434121],[54.676307,24.431068],[54.676157,24.428015],[54.676007,24.424961],[54.67586,24.421957],[54.673698,24.414827],[54.672783,24.412853],[54.672068,24.411346],[54.670525,24.40798],[54.668984,24.404619],[54.667713,24.401869],[54.666442,24.399119],[54.665306,24.39666],[54.66417,24.394202],[54.667438,24.392692],[54.668574,24.39515],[54.66971,24.397608],[54.670981,24.400359],[54.672252,24.403109],[54.673797,24.40648],[54.67534,24.409846],[54.676035,24.411308],[54.676964,24.413313],[54.677887,24.415303],[54.678279,24.416259],[54.678573,24.417113],[54.678865,24.418116],[54.6795,24.420381],[54.679612,24.421244],[54.679714,24.422172],[54.679805,24.423424],[54.679966,24.426792],[54.68303,24.43461],[54.68493,24.440503],[54.690525,24.444282],[54.694085,24.44482],[54.695438,24.449404],[54.696323,24.451656],[54.695828,24.455222],[54.702274,24.459513],[54.706433,24.45473],[54.70696,24.451322],[54.710517,24.451872],[54.713324,24.454464],[54.718251,24.459999],[54.718484,24.460334],[54.718632,24.46086],[54.716443,24.462764],[54.712748,24.462818],[54.708874,24.462865],[54.707981,24.4629],[54.706135,24.463063],[54.702318,24.463113],[54.6984,24.463161],[54.694482,24.46321],[54.686552,24.464502],[54.68359,24.465545],[54.677257,24.471663],[54.677561,24.475383],[54.677466,24.476261],[54.677157,24.478628],[54.676889,24.480973],[54.677868,24.487825],[54.679511,24.491563],[54.681153,24.495301],[54.682796,24.499038],[54.685131,24.503342],[54.686499,24.506451],[54.687866,24.509559],[54.689413,24.513077],[54.69096,24.516594],[54.691627,24.518124],[54.692269,24.519667],[54.692705,24.520876],[54.693145,24.522332],[54.693459,24.523728],[54.693583,24.524518],[54.694135,24.528421],[54.694311,24.52947],[54.694704,24.53273],[54.695075,24.535477],[54.695368,24.538422],[54.695591,24.540209],[54.69582,24.542041],[54.695916,24.543077],[54.695954,24.548019],[54.69618,24.548805],[54.703171,24.553786],[54.70686,24.553724],[54.70692,24.557324],[54.701006,24.562799],[54.698064,24.568575],[54.698444,24.572123],[54.698762,24.575099],[54.699934,24.57909],[54.700679,24.580775],[54.701936,24.583597],[54.702977,24.585801],[54.704278,24.588756],[54.705567,24.591685],[54.707101,24.595026],[54.708648,24.598395],[54.709785,24.600985],[54.710907,24.603542],[54.712024,24.605952],[54.71336,24.609019],[54.713952,24.610301],[54.714933,24.612483],[54.715933,24.614708],[54.717641,24.618512],[54.714377,24.620031],[54.713789,24.619068],[54.71165,24.613959],[54.710669,24.611777],[54.710092,24.610528],[54.708724,24.60739],[54.707641,24.605055],[54.706489,24.602432],[54.705352,24.599842],[54.70383,24.596529],[54.702296,24.593187],[54.700983,24.590207],[54.696458,24.585183],[54.690248,24.583164],[54.68441,24.577247],[54.682905,24.57631],[54.67995,24.570823],[54.677957,24.567607],[54.677107,24.564201],[54.67709,24.564043],[54.676108,24.555117],[54.671168,24.552821],[54.666985,24.551022],[54.665024,24.550308],[54.66022,24.545617],[54.660155,24.545534],[54.655168,24.541024],[54.65333,24.539795],[54.653291,24.53963],[54.654492,24.537488],[54.652505,24.529365],[54.649445,24.529916],[54.64082,24.531102],[54.63922,24.53231],[54.637029,24.540646],[54.63371,24.542039],[54.627061,24.541257],[54.624847,24.538418],[54.625414,24.537977],[54.627846,24.535726],[54.630084,24.532906],[54.634731,24.531111],[54.636977,24.529377],[54.638614,24.528141],[54.640236,24.526917],[54.643135,24.520034],[54.642902,24.518083],[54.640024,24.511608],[54.637103,24.509504],[54.628406,24.507775],[54.625041,24.511759],[54.623421,24.512067],[54.615422,24.513284],[54.611314,24.516182],[54.610505,24.516353],[54.609813,24.516486],[54.607754,24.516822],[54.607125,24.516809],[54.602539,24.516676],[54.599707,24.516912],[54.598023,24.511915],[54.597728,24.5114],[54.592012,24.507797],[54.588521,24.508617],[54.58031,24.508195],[54.574408,24.506986],[54.566027,24.507662],[54.563592,24.508247],[54.561291,24.50887],[54.555246,24.512612],[54.547503,24.513982],[54.545633,24.514743],[54.543655,24.515544],[54.541627,24.516313],[54.539432,24.517082],[54.53815,24.5175],[54.534853,24.518497],[54.528945,24.524588],[54.526123,24.526824],[54.51817,24.523621],[54.516136,24.524252],[54.513943,24.52491],[54.511766,24.525563],[54.509051,24.526389],[54.50633,24.527217],[54.502676,24.534732],[54.502732,24.536433],[54.502411,24.53702],[54.502083,24.537416],[54.501605,24.53796],[54.501279,24.538293],[54.498017,24.541778],[54.497632,24.54216],[54.48885,24.541011],[54.488311,24.541409],[54.485624,24.544556],[54.485165,24.545184],[54.485106,24.545253],[54.484816,24.545349],[54.478233,24.547138],[54.477213,24.547554],[54.476061,24.547981],[54.474987,24.548286],[54.474308,24.548431],[54.472052,24.548856],[54.46983,24.549274],[54.467609,24.549692],[54.465387,24.55011],[54.462479,24.550618],[54.458036,24.558223],[54.458992,24.561071],[54.459626,24.562626],[54.459907,24.56376],[54.460108,24.564623],[54.456799,24.56604],[54.451775,24.561221],[54.448062,24.555962],[54.445166,24.554207],[54.444943,24.554095],[54.445145,24.551855],[54.442342,24.545497],[54.434682,24.543991],[54.433085,24.544392],[54.432825,24.544301],[54.43094,24.543424],[54.430564,24.543184],[54.425481,24.540377],[54.418314,24.537823],[54.417143,24.534477],[54.414189,24.532135],[54.407834,24.53306],[54.406279,24.533794],[54.402868,24.535464],[54.401744,24.535567],[54.400739,24.535295],[54.400582,24.535198],[54.399837,24.533522]]],"type":"Polygon"},"properties":{"branch_id":"34","branch_name":"Westyas Branch","travel_mode":"driving-car","travel_direction":"destination","travel_minutes":15,"area_km2":143.98245783000002,"origin_latitude":24.4934924,"origin_longitude":54.5868369,"coordinate_source":"Google Places matched coordinates","data_source":"openrouteservice/HeiGIT; OpenStreetMap road network","generated_at":"2026-09-02T16:02:12+00:00"}},{"type":"Feature","id":"49-5","geometry":{"coordinates":[[[55.403413,25.343979],[55.404156,25.341906],[55.407049,25.335003],[55.406964,25.329864],[55.407562,25.327339],[55.407629,25.327299],[55.409848,25.327709],[55.414479,25.320002],[55.414274,25.319709],[55.410175,25.317292],[55.41015,25.31726],[55.409939,25.316848],[55.410164,25.314843],[55.410394,25.314662],[55.412449,25.313237],[55.416582,25.3053],[55.416616,25.30522],[55.419218,25.304428],[55.424673,25.3038],[55.426913,25.306618],[55.434842,25.307318],[55.442725,25.309069],[55.445988,25.307089],[55.447623,25.306084],[55.449475,25.304942],[55.450084,25.304583],[55.45191,25.307686],[55.456159,25.311547],[55.457369,25.312356],[55.457875,25.312841],[55.458395,25.313577],[55.457913,25.314691],[55.455527,25.318829],[55.457449,25.326657],[55.457451,25.326661],[55.456638,25.329144],[55.456071,25.336842],[55.456099,25.338261],[55.456065,25.338354],[55.451423,25.342694],[55.450875,25.346823],[55.447975,25.348956],[55.44023,25.350373],[55.438408,25.351206],[55.433213,25.34993],[55.432731,25.349517],[55.42962,25.347179],[55.422344,25.347571],[55.421283,25.348172],[55.420552,25.348543],[55.42043,25.348572],[55.417689,25.346026],[55.417485,25.345751],[55.415394,25.343295],[55.406908,25.343844],[55.405893,25.34506],[55.405855,25.34508],[55.404661,25.345234],[55.404588,25.345215],[55.40354,25.344162],[55.403413,25.343979]]],"type":"Polygon"},"properties":{"branch_id":"49","branch_name":"Zawaya Walk","travel_mode":"driving-car","travel_direction":"destination","travel_minutes":5,"area_km2":21.14742146,"origin_latitude":25.3306234,"origin_longitude":55.4294728,"coordinate_source":"Google Places matched coordinates","data_source":"openrouteservice/HeiGIT; OpenStreetMap road network","generated_at":"2026-09-02T16:02:13+00:00"}},{"type":"Feature","id":"49-10","geometry":{"coordinates":[[[55.377713,25.345515],[55.380655,25.34344],[55.384423,25.338152],[55.384814,25.337272],[55.385837,25.336367],[55.388048,25.332812],[55.383907,25.325961],[55.384105,25.322831],[55.381888,25.316549],[55.38007,25.314599],[55.378651,25.313076],[55.377249,25.311572],[55.375832,25.310096],[55.37843,25.307603],[55.384267,25.302074],[55.38493,25.301478],[55.388128,25.293697],[55.388957,25.286644],[55.390235,25.284667],[55.39295,25.280832],[55.394474,25.27578],[55.398074,25.27581],[55.40244,25.275486],[55.402936,25.275551],[55.403788,25.275744],[55.404542,25.27633],[55.404724,25.276572],[55.408832,25.279725],[55.413029,25.279611],[55.413682,25.270876],[55.411115,25.268087],[55.410773,25.267716],[55.410147,25.266984],[55.409573,25.266242],[55.409281,25.265834],[55.408748,25.265023],[55.407657,25.263056],[55.407382,25.262446],[55.406885,25.26123],[55.406277,25.259448],[55.405951,25.258332],[55.405388,25.256514],[55.404825,25.254697],[55.408264,25.253632],[55.408933,25.254791],[55.409291,25.256326],[55.409404,25.256956],[55.410292,25.260065],[55.413757,25.265641],[55.416323,25.268429],[55.418691,25.270624],[55.419487,25.27148],[55.419913,25.271983],[55.42772,25.274412],[55.429906,25.273508],[55.431334,25.272931],[55.432683,25.276269],[55.438921,25.280581],[55.442661,25.279222],[55.444326,25.2786],[55.445631,25.278094],[55.45135,25.281737],[55.456111,25.279996],[55.456834,25.279372],[55.457446,25.278844],[55.457788,25.278526],[55.45909,25.277551],[55.461169,25.276383],[55.463242,25.275563],[55.464225,25.275223],[55.46579,25.274643],[55.469838,25.273088],[55.472008,25.272248],[55.47419,25.27144],[55.47833,25.269915],[55.481486,25.268688],[55.484107,25.267703],[55.486711,25.266724],[55.488407,25.266068],[55.490116,25.265407],[55.492009,25.264693],[55.493902,25.263978],[55.495173,25.267346],[55.489424,25.273948],[55.486364,25.275581],[55.48079,25.282375],[55.479516,25.290832],[55.480265,25.291826],[55.487946,25.293605],[55.488066,25.293589],[55.488695,25.293615],[55.489445,25.293602],[55.489514,25.293617],[55.490685,25.295836],[55.489124,25.304403],[55.487808,25.313084],[55.484912,25.315222],[55.482804,25.316968],[55.488943,25.32335],[55.492338,25.322416],[55.492813,25.322364],[55.494956,25.321697],[55.498831,25.320636],[55.502702,25.319576],[55.506202,25.318613],[55.50834,25.31803],[55.510198,25.317527],[55.512165,25.316999],[55.513082,25.316811],[55.513805,25.320337],[55.508363,25.322684],[55.50832,25.322695],[55.503463,25.32374],[55.49853,25.327162],[55.495631,25.329296],[55.489899,25.326821],[55.486505,25.327756],[55.483111,25.32869],[55.478046,25.335097],[55.479975,25.337808],[55.482595,25.341079],[55.483517,25.342328],[55.484887,25.344371],[55.48118,25.352359],[55.482568,25.354854],[55.489089,25.357127],[55.492407,25.356657],[55.494566,25.356353],[55.496863,25.35536],[55.497273,25.355122],[55.498907,25.354203],[55.499393,25.354167],[55.500175,25.354172],[55.500369,25.354183],[55.500928,25.354239],[55.501796,25.354372],[55.506763,25.35595],[55.508587,25.356277],[55.510423,25.356605],[55.512786,25.357044],[55.515149,25.357483],[55.516993,25.357825],[55.518836,25.358167],[55.518179,25.361707],[55.516336,25.361364],[55.514492,25.361022],[55.510534,25.360439],[55.510156,25.360353],[55.509668,25.360222],[55.506446,25.359637],[55.499228,25.360341],[55.49695,25.360859],[55.495586,25.361084],[55.487076,25.363531],[55.48509,25.364483],[55.483104,25.365434],[55.474196,25.365226],[55.470948,25.366843],[55.467701,25.36846],[55.464453,25.370077],[55.463648,25.370647],[55.461284,25.377316],[55.464578,25.38073],[55.465315,25.381219],[55.465704,25.381857],[55.467086,25.383593],[55.469044,25.38563],[55.466449,25.388125],[55.461703,25.386192],[55.460799,25.385134],[55.460315,25.384618],[55.45816,25.381126],[55.451109,25.381687],[55.444483,25.385571],[55.444173,25.385752],[55.442172,25.385141],[55.442113,25.385067],[55.439226,25.379958],[55.435363,25.379092],[55.433409,25.379306],[55.428769,25.377552],[55.423244,25.378767],[55.422379,25.378451],[55.421859,25.37803],[55.420372,25.376718],[55.420145,25.376515],[55.417465,25.374454],[55.415433,25.37315],[55.408371,25.374668],[55.408306,25.37469],[55.408076,25.374745],[55.40726,25.374652],[55.407084,25.374589],[55.407127,25.371289],[55.40126,25.367309],[55.400875,25.367223],[55.400373,25.36704],[55.400249,25.366979],[55.392812,25.36342],[55.392018,25.363221],[55.391067,25.362353],[55.387243,25.357979],[55.380417,25.354238],[55.377269,25.352491],[55.377713,25.345515]]],"type":"Polygon"},"properties":{"branch_id":"49","branch_name":"Zawaya Walk","travel_mode":"driving-car","travel_direction":"destination","travel_minutes":10,"area_km2":115.09836478,"origin_latitude":25.3306234,"origin_longitude":55.4294728,"coordinate_source":"Google Places matched coordinates","data_source":"openrouteservice/HeiGIT; OpenStreetMap road network","generated_at":"2026-09-02T16:02:13+00:00"}},{"type":"Feature","id":"49-15","geometry":{"coordinates":[[[55.37443,25.359878],[55.373033,25.357753],[55.368676,25.351184],[55.364563,25.34446],[55.362463,25.338761],[55.358726,25.33626],[55.358677,25.336188],[55.357838,25.330955],[55.357886,25.330895],[55.35816,25.330704],[55.359141,25.330232],[55.360444,25.329602],[55.360831,25.32946],[55.36209,25.328985],[55.364189,25.327486],[55.363619,25.318618],[55.362605,25.317698],[55.360652,25.316267],[55.35826,25.313577],[55.358194,25.306379],[55.358142,25.305392],[55.358316,25.304947],[55.359398,25.302667],[55.359582,25.302126],[55.359822,25.301699],[55.360579,25.299193],[55.355281,25.292597],[55.354474,25.289089],[55.352577,25.280496],[55.351906,25.279872],[55.350856,25.278927],[55.350344,25.278495],[55.349783,25.277674],[55.349688,25.276435],[55.349692,25.276405],[55.352248,25.27505],[55.352528,25.275165],[55.360529,25.275923],[55.361744,25.274958],[55.36207,25.274775],[55.365697,25.271506],[55.367733,25.26353],[55.371491,25.25871],[55.373554,25.258366],[55.377141,25.257197],[55.377148,25.257193],[55.378853,25.256407],[55.379546,25.256004],[55.380962,25.255483],[55.38546,25.249906],[55.383083,25.245511],[55.381092,25.243671],[55.379273,25.24199],[55.377455,25.240309],[55.379898,25.237665],[55.382866,25.232438],[55.382867,25.232438],[55.386895,25.229877],[55.392247,25.225194],[55.393168,25.222793],[55.39187,25.214377],[55.391588,25.210788],[55.392562,25.210711],[55.397988,25.205904],[55.396101,25.201815],[55.395857,25.201189],[55.39557,25.200345],[55.395413,25.199781],[55.395212,25.198816],[55.395082,25.197874],[55.39504,25.197377],[55.394993,25.19628],[55.395019,25.195437],[55.395144,25.193089],[55.395239,25.191193],[55.395332,25.189341],[55.395398,25.186742],[55.395333,25.180809],[55.398926,25.180586],[55.400199,25.184998],[55.399596,25.186263],[55.403962,25.193852],[55.406186,25.196683],[55.404876,25.198517],[55.404798,25.198572],[55.402306,25.206786],[55.404978,25.209434],[55.41011,25.209943],[55.415464,25.20854],[55.416078,25.208345],[55.418008,25.207818],[55.418569,25.207675],[55.418672,25.207818],[55.419652,25.211282],[55.416653,25.212565],[55.41665,25.212566],[55.41093,25.213449],[55.407131,25.219958],[55.407119,25.221069],[55.40706,25.222025],[55.406603,25.225029],[55.40635,25.227055],[55.411827,25.2335],[55.412809,25.233453],[55.415349,25.233528],[55.417754,25.232957],[55.423556,25.229962],[55.425358,25.229905],[55.427142,25.229645],[55.434654,25.231605],[55.437019,25.231223],[55.438709,25.230946],[55.441023,25.230589],[55.443339,25.230232],[55.445188,25.229948],[55.447036,25.229665],[55.447582,25.233223],[55.445734,25.233507],[55.442566,25.234526],[55.440931,25.242874],[55.441485,25.244881],[55.448465,25.250311],[55.452831,25.256194],[55.457965,25.258292],[55.460955,25.261319],[55.469455,25.263388],[55.47297,25.262611],[55.479975,25.262938],[55.488515,25.264792],[55.494084,25.26317],[55.495424,25.262622],[55.498516,25.260976],[55.500629,25.260189],[55.505522,25.258791],[55.505967,25.258623],[55.506087,25.258578],[55.50652,25.258414],[55.514094,25.253606],[55.514384,25.253495],[55.518468,25.251949],[55.518497,25.251938],[55.522296,25.250514],[55.527231,25.248634],[55.52755,25.248514],[55.535954,25.248009],[55.539235,25.24677],[55.542513,25.245533],[55.545366,25.244449],[55.548218,25.243366],[55.55107,25.242282],[55.55392,25.2412],[55.556689,25.240143],[55.559459,25.239086],[55.562228,25.238029],[55.566082,25.236572],[55.569008,25.235458],[55.571936,25.234344],[55.574234,25.233471],[55.576532,25.232597],[55.57774,25.232138],[55.57902,25.235503],[55.578613,25.235746],[55.578138,25.235919],[55.575513,25.236836],[55.569783,25.240876],[55.56969,25.240961],[55.566333,25.243206],[55.565318,25.243507],[55.556942,25.244052],[55.55579,25.244462],[55.552349,25.245648],[55.549496,25.246731],[55.544971,25.250943],[55.544656,25.251398],[55.541383,25.252898],[55.538772,25.253722],[55.537236,25.25432],[55.535775,25.254227],[55.529558,25.259618],[55.52886,25.260263],[55.528807,25.260283],[55.526281,25.261109],[55.523264,25.260927],[55.517342,25.267361],[55.518211,25.268608],[55.518471,25.268981],[55.519242,25.270203],[55.520065,25.271273],[55.521107,25.272769],[55.529225,25.274821],[55.531443,25.274061],[55.533346,25.273409],[55.535248,25.272757],[55.536415,25.276162],[55.534513,25.276814],[55.53261,25.277466],[55.530392,25.278226],[55.530378,25.286357],[55.530491,25.286525],[55.529777,25.288927],[55.534796,25.294946],[55.536598,25.294972],[55.539253,25.297505],[55.541515,25.298993],[55.542529,25.300123],[55.545789,25.302914],[55.548214,25.304529],[55.553344,25.308631],[55.557524,25.304486],[55.559458,25.303933],[55.559588,25.303925],[55.561117,25.304252],[55.569867,25.306141],[55.570375,25.306033],[55.570905,25.305944],[55.575101,25.305431],[55.57772,25.305071],[55.579606,25.304853],[55.581496,25.304634],[55.588707,25.302828],[55.590759,25.301958],[55.593757,25.300724],[55.595127,25.304053],[55.592101,25.305527],[55.590374,25.306105],[55.588466,25.306844],[55.587799,25.307109],[55.587029,25.307371],[55.580836,25.313863],[55.58078,25.31412],[55.578745,25.31424],[55.577272,25.314369],[55.570156,25.311554],[55.566331,25.315156],[55.564438,25.317961],[55.563676,25.320703],[55.563521,25.320743],[55.562405,25.320932],[55.55893,25.328496],[55.560145,25.330727],[55.561213,25.332786],[55.562357,25.33501],[55.562567,25.335538],[55.562462,25.335988],[55.55922,25.336865],[55.558018,25.334444],[55.55695,25.332386],[55.55255,25.327683],[55.552394,25.32739],[55.545164,25.323224],[55.543762,25.324077],[55.543489,25.324317],[55.542935,25.324728],[55.542512,25.324288],[55.541709,25.323464],[55.541141,25.322797],[55.540791,25.321836],[55.534099,25.317096],[55.529078,25.319071],[55.528445,25.319365],[55.522166,25.322117],[55.521609,25.322473],[55.520627,25.322635],[55.51224,25.323462],[55.508249,25.32742],[55.507835,25.32773],[55.501976,25.329011],[55.498317,25.332318],[55.496218,25.333865],[55.495588,25.334219],[55.491386,25.339098],[55.490277,25.340832],[55.490065,25.340962],[55.486026,25.348647],[55.487118,25.349967],[55.49475,25.35025],[55.496339,25.352411],[55.503472,25.352655],[55.505899,25.350173],[55.50888,25.346653],[55.510475,25.346452],[55.516512,25.349174],[55.518389,25.350208],[55.520191,25.355956],[55.524574,25.359235],[55.532936,25.356346],[55.534047,25.355545],[55.536399,25.355362],[55.53919,25.356268],[55.543259,25.361641],[55.551731,25.359256],[55.553393,25.358036],[55.553643,25.357983],[55.555204,25.358307],[55.559555,25.360716],[55.562093,25.36341],[55.563665,25.365379],[55.563662,25.365405],[55.563269,25.373492],[55.564393,25.374923],[55.56531,25.376222],[55.565735,25.376878],[55.566474,25.378135],[55.566959,25.379051],[55.56759,25.38038],[55.569412,25.384489],[55.571242,25.388613],[55.572113,25.39063],[55.572843,25.392152],[55.577116,25.398593],[55.578372,25.399997],[55.579528,25.401195],[55.581054,25.402637],[55.582055,25.403628],[55.583049,25.404685],[55.583543,25.405252],[55.584899,25.406918],[55.582107,25.40919],[55.57904,25.406393],[55.572856,25.400619],[55.57084,25.395986],[55.570224,25.3949],[55.56966,25.393834],[55.569175,25.392858],[55.568374,25.391503],[55.566338,25.388934],[55.559951,25.387445],[55.555144,25.388578],[55.554912,25.388644],[55.552488,25.389549],[55.552382,25.389578],[55.551979,25.387893],[55.551441,25.386103],[55.553011,25.385348],[55.553094,25.385328],[55.553935,25.385179],[55.554167,25.385113],[55.556949,25.384893],[55.558963,25.383984],[55.560959,25.376638],[55.554598,25.374321],[55.553875,25.374603],[55.552814,25.374979],[55.548834,25.37345],[55.548254,25.372405],[55.548036,25.372087],[55.54778,25.371726],[55.542298,25.367412],[55.538771,25.3706],[55.538593,25.370645],[55.537804,25.370765],[55.532019,25.3768],[55.531575,25.378837],[55.531088,25.381784],[55.530206,25.381697],[55.526837,25.381325],[55.519872,25.380818],[55.516304,25.381132],[55.516201,25.3811],[55.51473,25.380788],[55.508151,25.385888],[55.507239,25.391697],[55.513318,25.396949],[55.513706,25.400528],[55.51218,25.400829],[55.507422,25.403112],[55.507145,25.403331],[55.504312,25.404926],[55.501307,25.410914],[55.502778,25.4142],[55.501749,25.414772],[55.501644,25.414822],[55.498321,25.420513],[55.500659,25.42464],[55.501041,25.424901],[55.501586,25.425329],[55.501903,25.42561],[55.502175,25.425882],[55.502724,25.426477],[55.503042,25.426888],[55.503468,25.427511],[55.50376,25.428033],[55.503912,25.428347],[55.504371,25.429432],[55.504839,25.430786],[55.501436,25.43196],[55.497462,25.426929],[55.494697,25.425944],[55.492789,25.424862],[55.49276,25.424846],[55.491667,25.424248],[55.49093,25.423776],[55.490444,25.423424],[55.48927,25.422041],[55.481076,25.419781],[55.478909,25.421125],[55.477712,25.42184],[55.477312,25.422048],[55.470381,25.424377],[55.468174,25.424644],[55.465712,25.423191],[55.465123,25.422424],[55.464895,25.421753],[55.464877,25.421294],[55.46381,25.416487],[55.461141,25.412328],[55.45426,25.413348],[55.45379,25.413895],[55.452723,25.414465],[55.451608,25.414311],[55.450705,25.41392],[55.450063,25.412084],[55.443317,25.408261],[55.443,25.408263],[55.442595,25.408213],[55.442402,25.408168],[55.44156,25.407917],[55.432969,25.405949],[55.430083,25.408101],[55.429026,25.406958],[55.42854,25.406323],[55.425162,25.401462],[55.424019,25.399644],[55.418887,25.394443],[55.416281,25.392666],[55.408563,25.388358],[55.407738,25.387844],[55.406741,25.387177],[55.403124,25.384763],[55.398122,25.381678],[55.39396,25.375582],[55.392963,25.374186],[55.391398,25.371917],[55.391348,25.371836],[55.388362,25.36747],[55.386709,25.365342],[55.385867,25.364142],[55.383685,25.362184],[55.377376,25.361059],[55.375085,25.360377],[55.374597,25.360093],[55.37443,25.359878]]],"type":"Polygon"},"properties":{"branch_id":"49","branch_name":"Zawaya Walk","travel_mode":"driving-car","travel_direction":"destination","travel_minutes":15,"area_km2":295.68556197000004,"origin_latitude":25.3306234,"origin_longitude":55.4294728,"coordinate_source":"Google Places matched coordinates","data_source":"openrouteservice/HeiGIT; OpenStreetMap road network","generated_at":"2026-09-02T16:02:13+00:00"}},{"type":"Feature","id":"47-5","geometry":{"coordinates":[[[54.620914,24.457097],[54.62081,24.456932],[54.6188,24.452295],[54.620591,24.449172],[54.628251,24.447893],[54.631479,24.44761],[54.640004,24.449472],[54.640449,24.449556],[54.64081,24.449864],[54.641144,24.450206],[54.641384,24.450495],[54.641624,24.450843],[54.64204,24.451672],[54.642258,24.452278],[54.642397,24.452899],[54.642436,24.453791],[54.642369,24.454476],[54.638541,24.458692],[54.636932,24.461825],[54.636914,24.461842],[54.632926,24.463979],[54.630662,24.463833],[54.63066,24.463831],[54.630659,24.46383],[54.630657,24.463828],[54.62941,24.460663],[54.623419,24.458166],[54.622794,24.458189],[54.621967,24.457978],[54.621363,24.457596],[54.620914,24.457097]]],"type":"Polygon"},"properties":{"branch_id":"47","branch_name":"Zayed International Airport","travel_mode":"driving-car","travel_direction":"destination","travel_minutes":5,"area_km2":2.87601711,"origin_latitude":24.4527718,"origin_longitude":54.6411421,"coordinate_source":"Google Places matched coordinates","data_source":"openrouteservice/HeiGIT; OpenStreetMap road network","generated_at":"2026-09-02T15:57:15+00:00"}},{"type":"Feature","id":"47-10","geometry":{"coordinates":[[[54.52477,24.421707],[54.527012,24.422189],[54.52907,24.422823],[54.530954,24.42345],[54.538494,24.423134],[54.5389,24.42308],[54.539384,24.423087],[54.540484,24.423213],[54.545057,24.427459],[54.548186,24.428344],[54.551315,24.429229],[54.554445,24.430114],[54.557012,24.430855],[54.559532,24.431565],[54.562092,24.432286],[54.564653,24.433008],[54.567213,24.43373],[54.570869,24.434768],[54.574522,24.435805],[54.580503,24.434286],[54.582171,24.433043],[54.584935,24.432837],[54.591903,24.431241],[54.598369,24.428553],[54.598473,24.428507],[54.604484,24.426051],[54.607895,24.427202],[54.608856,24.429701],[54.610912,24.432656],[54.61931,24.43536],[54.625642,24.433486],[54.631289,24.42718],[54.634036,24.424854],[54.637782,24.42752],[54.639871,24.430452],[54.638048,24.431757],[54.636922,24.432649],[54.636428,24.433051],[54.635893,24.433444],[54.635086,24.43395],[54.634344,24.434338],[54.631454,24.434991],[54.62931,24.435853],[54.628959,24.435961],[54.628227,24.436226],[54.627764,24.436435],[54.627307,24.436678],[54.624744,24.439582],[54.623935,24.440847],[54.628251,24.447893],[54.631479,24.44761],[54.632687,24.44807],[54.635624,24.448333],[54.63918,24.44931],[54.640004,24.449472],[54.640449,24.449556],[54.64081,24.449864],[54.641144,24.450206],[54.641384,24.450495],[54.641624,24.450843],[54.64204,24.451672],[54.642258,24.452278],[54.642397,24.452899],[54.642436,24.453791],[54.642369,24.454476],[54.641475,24.455739],[54.636932,24.461825],[54.636241,24.462795],[54.635771,24.471564],[54.636793,24.472941],[54.637958,24.474454],[54.639435,24.476369],[54.64092,24.478294],[54.641143,24.478679],[54.641906,24.479862],[54.649666,24.482049],[54.651974,24.481473],[54.653675,24.481082],[54.655107,24.480714],[54.657366,24.479837],[54.658165,24.479537],[54.658965,24.479195],[54.659349,24.479015],[54.66038,24.478472],[54.661487,24.477794],[54.663023,24.476738],[54.664559,24.475682],[54.666599,24.478648],[54.665063,24.479704],[54.663527,24.480761],[54.662881,24.481178],[54.662195,24.48158],[54.661429,24.482],[54.660954,24.482238],[54.660496,24.482453],[54.659585,24.482846],[54.658157,24.483502],[54.657637,24.483705],[54.656871,24.483958],[54.656074,24.484182],[54.654572,24.484569],[54.650769,24.491178],[54.652374,24.493317],[54.654022,24.495444],[54.65567,24.497571],[54.657312,24.49969],[54.658567,24.501293],[54.65983,24.502906],[54.6613,24.504814],[54.662766,24.506718],[54.664286,24.508678],[54.66582,24.510658],[54.667577,24.512988],[54.664702,24.515154],[54.660874,24.511225],[54.660789,24.511065],[54.656978,24.505103],[54.655732,24.503512],[54.654478,24.50191],[54.652824,24.499776],[54.651176,24.497649],[54.649528,24.495522],[54.64788,24.493395],[54.646799,24.491841],[54.642711,24.488524],[54.637034,24.488121],[54.633295,24.489173],[54.630455,24.489903],[54.628622,24.490428],[54.627362,24.490866],[54.626165,24.491339],[54.624912,24.49189],[54.622727,24.492884],[54.620556,24.493872],[54.619146,24.494528],[54.618981,24.494472],[54.617517,24.491184],[54.618711,24.490652],[54.61921,24.490499],[54.621236,24.489607],[54.622868,24.481245],[54.622385,24.480528],[54.623182,24.477659],[54.623398,24.476276],[54.625511,24.468849],[54.624388,24.46713],[54.62406,24.466561],[54.623222,24.465202],[54.61546,24.46244],[54.614759,24.462569],[54.614226,24.462637],[54.613586,24.462673],[54.61158,24.462915],[54.609852,24.463369],[54.608582,24.463879],[54.602823,24.46735],[54.602727,24.467426],[54.601792,24.467796],[54.600414,24.467374],[54.59759,24.465283],[54.597521,24.465201],[54.599213,24.462344],[54.599656,24.461027],[54.601184,24.458182],[54.599836,24.450817],[54.597188,24.450041],[54.596394,24.449948],[54.596025,24.449857],[54.595717,24.449762],[54.590933,24.444199],[54.585283,24.445526],[54.585147,24.445636],[54.584176,24.446101],[54.583827,24.446268],[54.583248,24.445938],[54.582877,24.445636],[54.576415,24.440064],[54.573539,24.439268],[54.569886,24.438231],[54.566236,24.437195],[54.563676,24.436473],[54.561116,24.435751],[54.558555,24.43503],[54.555955,24.434296],[54.553465,24.433579],[54.550336,24.432693],[54.547206,24.431808],[54.544077,24.430923],[54.540951,24.430039],[54.538288,24.429291],[54.535611,24.428539],[54.532683,24.427691],[54.529976,24.426914],[54.527561,24.426233],[54.525678,24.425703],[54.523794,24.425172],[54.52477,24.421707]]],"type":"Polygon"},"properties":{"branch_id":"47","branch_name":"Zayed International Airport","travel_mode":"driving-car","travel_direction":"destination","travel_minutes":10,"area_km2":27.059956829999997,"origin_latitude":24.4527718,"origin_longitude":54.6411421,"coordinate_source":"Google Places matched coordinates","data_source":"openrouteservice/HeiGIT; OpenStreetMap road network","generated_at":"2026-09-02T15:57:15+00:00"}},{"type":"Feature","id":"47-15","geometry":{"coordinates":[[[54.522966,24.517916],[54.52592,24.517002],[54.528254,24.516324],[54.53134,24.515403],[54.534439,24.514477],[54.537192,24.51363],[54.538955,24.513001],[54.540792,24.512348],[54.542811,24.51154],[54.54494,24.510724],[54.547202,24.509789],[54.549918,24.508696],[54.554459,24.503597],[54.555778,24.503185],[54.555929,24.503145],[54.556749,24.502966],[54.564944,24.503799],[54.567122,24.503306],[54.570406,24.502602],[54.5759,24.498282],[54.576685,24.494303],[54.579784,24.490428],[54.584372,24.48647],[54.584402,24.48646],[54.586268,24.485824],[54.587079,24.485672],[54.588708,24.485267],[54.590447,24.484927],[54.590687,24.484987],[54.596259,24.483829],[54.598947,24.478364],[54.598184,24.472599],[54.597936,24.470855],[54.59492,24.46446],[54.592635,24.461734],[54.591177,24.460185],[54.591495,24.45868],[54.591548,24.458426],[54.591728,24.45715],[54.592468,24.455742],[54.59082,24.447165],[54.589014,24.446355],[54.585591,24.445978],[54.583827,24.446268],[54.57974,24.445381],[54.577308,24.444832],[54.574944,24.444596],[54.571413,24.443811],[54.567384,24.442639],[54.561099,24.436769],[54.560554,24.436688],[54.559851,24.436483],[54.556092,24.435076],[54.553688,24.434296],[54.551833,24.433765],[54.550726,24.433445],[54.548505,24.432816],[54.546284,24.432188],[54.540951,24.430039],[54.536061,24.429051],[54.533904,24.428437],[54.531747,24.427824],[54.529372,24.427148],[54.523897,24.425996],[54.516657,24.425527],[54.514341,24.425673],[54.51206,24.425816],[54.508588,24.425927],[54.508167,24.425922],[54.50742,24.425846],[54.499494,24.424826],[54.490696,24.425025],[54.489888,24.425136],[54.487693,24.425454],[54.485526,24.425768],[54.483382,24.426114],[54.480979,24.426484],[54.479749,24.426698],[54.471505,24.430224],[54.469357,24.431911],[54.467182,24.433593],[54.465247,24.435169],[54.46197,24.438164],[54.461106,24.438758],[54.460218,24.439333],[54.460085,24.439407],[54.455461,24.441345],[54.454762,24.441637],[54.454015,24.441926],[54.452217,24.442588],[54.448976,24.44358],[54.447716,24.444017],[54.445608,24.444595],[54.444657,24.441123],[54.44667,24.440436],[54.448113,24.44008],[54.451077,24.439174],[54.458492,24.434457],[54.461549,24.432664],[54.461952,24.43238],[54.462492,24.432057],[54.464907,24.430802],[54.466828,24.429237],[54.467392,24.428894],[54.469274,24.427399],[54.471288,24.425808],[54.466472,24.418299],[54.465935,24.418449],[54.465149,24.418438],[54.465037,24.418413],[54.464739,24.415053],[54.46494,24.414983],[54.46558,24.414812],[54.466304,24.414661],[54.466872,24.41457],[54.47055,24.413491],[54.476099,24.407055],[54.475758,24.405934],[54.475653,24.40543],[54.47562,24.404758],[54.475695,24.404184],[54.47574,24.404002],[54.478897,24.403953],[54.479234,24.404871],[54.48059,24.407131],[54.48257,24.41139],[54.490058,24.407785],[54.491087,24.406779],[54.491123,24.406765],[54.49249,24.406468],[54.492825,24.406377],[54.494681,24.40766],[54.500908,24.41213],[54.507324,24.411339],[54.508566,24.41072],[54.509813,24.410137],[54.511471,24.409307],[54.511596,24.409256],[54.513647,24.408325],[54.515822,24.407343],[54.515912,24.407305],[54.517955,24.40638],[54.521916,24.399308],[54.521944,24.399071],[54.52208,24.395942],[54.525675,24.396117],[54.533713,24.39355],[54.534432,24.392679],[54.536597,24.390202],[54.538583,24.387988],[54.540569,24.385774],[54.543249,24.388177],[54.54237,24.393401],[54.536705,24.39709],[54.535011,24.398951],[54.537703,24.407171],[54.537998,24.407357],[54.538524,24.407787],[54.547374,24.407985],[54.549255,24.402631],[54.549119,24.401852],[54.549173,24.401416],[54.549273,24.40101],[54.549698,24.400385],[54.553467,24.395328],[54.554803,24.39427],[54.555044,24.394195],[54.556017,24.393934],[54.556126,24.393993],[54.557039,24.395219],[54.557065,24.395432],[54.557368,24.397644],[54.559564,24.403911],[54.561084,24.407175],[54.568,24.410542],[54.576336,24.411296],[54.583657,24.412286],[54.586923,24.411433],[54.5945,24.408956],[54.595272,24.408607],[54.59536,24.40859],[54.603435,24.406287],[54.606603,24.404061],[54.606641,24.404069],[54.608882,24.40452],[54.610318,24.40479],[54.610822,24.404921],[54.611706,24.405256],[54.612933,24.407463],[54.620899,24.404959],[54.623495,24.405471],[54.624698,24.405743],[54.625657,24.406019],[54.626552,24.406304],[54.627593,24.406709],[54.629204,24.407417],[54.637904,24.409079],[54.6391,24.408952],[54.640359,24.408868],[54.642637,24.408777],[54.644914,24.408686],[54.648188,24.408565],[54.650368,24.408465],[54.653946,24.408316],[54.657524,24.408168],[54.661102,24.408019],[54.664693,24.40787],[54.666087,24.407822],[54.668196,24.407792],[54.670873,24.407813],[54.675765,24.408028],[54.677489,24.408155],[54.680767,24.408465],[54.680427,24.412049],[54.677149,24.411739],[54.670194,24.415351],[54.669874,24.415206],[54.669518,24.415013],[54.669202,24.414808],[54.668849,24.414535],[54.668366,24.414067],[54.667909,24.413488],[54.664681,24.411467],[54.658915,24.416681],[54.658842,24.417943],[54.658503,24.420451],[54.658452,24.420488],[54.65673,24.421568],[54.656276,24.421815],[54.650575,24.424496],[54.650406,24.424615],[54.650265,24.424712],[54.645178,24.429001],[54.644906,24.429244],[54.642639,24.430828],[54.642159,24.431107],[54.641804,24.431291],[54.641417,24.431423],[54.641017,24.431496],[54.636428,24.433051],[54.635893,24.433444],[54.635086,24.43395],[54.634344,24.434338],[54.631454,24.434991],[54.62931,24.435853],[54.628959,24.435961],[54.628227,24.436226],[54.627764,24.436435],[54.627307,24.436678],[54.624744,24.439582],[54.623935,24.440847],[54.628251,24.447893],[54.631479,24.44761],[54.632687,24.44807],[54.635624,24.448333],[54.63918,24.44931],[54.640004,24.449472],[54.640449,24.449556],[54.64081,24.449864],[54.641144,24.450206],[54.641384,24.450495],[54.641624,24.450843],[54.64204,24.451672],[54.642258,24.452278],[54.642397,24.452899],[54.642436,24.453791],[54.642369,24.454476],[54.641475,24.455739],[54.636932,24.461825],[54.636241,24.462795],[54.636015,24.471343],[54.638404,24.474462],[54.641068,24.477545],[54.646318,24.480112],[54.65297,24.480432],[54.654045,24.480177],[54.654129,24.480155],[54.6562,24.479661],[54.660609,24.472609],[54.660582,24.472075],[54.660619,24.471607],[54.658762,24.465316],[54.661496,24.462974],[54.663795,24.458422],[54.666401,24.456163],[54.669027,24.453701],[54.672472,24.452672],[54.672619,24.452614],[54.677105,24.447453],[54.676991,24.444606],[54.676858,24.441985],[54.676724,24.439365],[54.676591,24.436745],[54.676457,24.434121],[54.676315,24.431229],[54.676173,24.428337],[54.679769,24.42816],[54.679911,24.431053],[54.680427,24.436156],[54.682188,24.442974],[54.682226,24.445294],[54.684079,24.451511],[54.689047,24.453983],[54.692606,24.454525],[54.698356,24.459561],[54.702274,24.459513],[54.706294,24.459466],[54.706701,24.459503],[54.707196,24.459636],[54.707841,24.459991],[54.707918,24.460044],[54.708069,24.460173],[54.706135,24.463063],[54.702318,24.463113],[54.6984,24.463161],[54.694482,24.46321],[54.686552,24.464502],[54.68359,24.465545],[54.681044,24.466291],[54.677612,24.473132],[54.677619,24.473749],[54.677561,24.475383],[54.677466,24.476261],[54.677157,24.478628],[54.676889,24.480973],[54.677868,24.487825],[54.679511,24.491563],[54.681153,24.495301],[54.682796,24.499038],[54.684444,24.502787],[54.685405,24.505018],[54.685448,24.505125],[54.686489,24.507478],[54.68757,24.509934],[54.688432,24.511878],[54.68995,24.515344],[54.690813,24.517312],[54.691693,24.519323],[54.691965,24.519997],[54.692533,24.521653],[54.692718,24.522308],[54.692897,24.523075],[54.694135,24.528421],[54.694311,24.52947],[54.694704,24.53273],[54.695075,24.535477],[54.695368,24.538422],[54.695591,24.540209],[54.69582,24.542041],[54.695916,24.543077],[54.695904,24.54941],[54.696084,24.550624],[54.696256,24.552224],[54.696366,24.553204],[54.700764,24.560598],[54.701006,24.562799],[54.698064,24.568575],[54.698444,24.572123],[54.698762,24.575099],[54.699934,24.57909],[54.700679,24.580775],[54.701936,24.583597],[54.702977,24.585801],[54.704278,24.588756],[54.705567,24.591685],[54.706993,24.594791],[54.70842,24.597897],[54.705148,24.599399],[54.703722,24.596293],[54.702296,24.593187],[54.700983,24.590207],[54.696666,24.585163],[54.696186,24.584698],[54.695786,24.584115],[54.695595,24.583694],[54.695489,24.583331],[54.695426,24.582968],[54.695225,24.580831],[54.695239,24.575841],[54.694865,24.572516],[54.688553,24.56655],[54.687419,24.566659],[54.687373,24.566661],[54.685883,24.566661],[54.684101,24.566772],[54.683513,24.566677],[54.683273,24.566605],[54.683826,24.562346],[54.680051,24.555335],[54.679949,24.553028],[54.675326,24.547884],[54.671865,24.547878],[54.669615,24.547365],[54.669556,24.547289],[54.66571,24.542461],[54.662009,24.539709],[54.661093,24.539049],[54.659389,24.536748],[54.653198,24.532323],[54.649826,24.531617],[54.642405,24.52979],[54.640783,24.531015],[54.639177,24.532228],[54.637113,24.53382],[54.635049,24.535412],[54.63285,24.532562],[54.634914,24.53097],[54.636977,24.529377],[54.638614,24.528141],[54.640236,24.526917],[54.642885,24.518637],[54.644686,24.509874],[54.644006,24.506339],[54.646642,24.505831],[54.650127,24.498386],[54.6496,24.496677],[54.64788,24.493395],[54.64451,24.490346],[54.643802,24.490031],[54.642391,24.489592],[54.641998,24.489505],[54.638614,24.489177],[54.633697,24.494006],[54.633672,24.496499],[54.633737,24.497025],[54.633719,24.497489],[54.632671,24.500081],[54.632568,24.50056],[54.629755,24.504599],[54.62867,24.505429],[54.628218,24.505674],[54.627956,24.505773],[54.626212,24.505239],[54.621635,24.502189],[54.61429,24.506149],[54.614258,24.506155],[54.613777,24.506136],[54.606232,24.504559],[54.602887,24.506977],[54.60111,24.510321],[54.601102,24.510322],[54.597531,24.510711],[54.589876,24.506786],[54.583922,24.504824],[54.580216,24.504618],[54.574834,24.505208],[54.573026,24.505659],[54.57116,24.506122],[54.567918,24.506816],[54.565799,24.507296],[54.56353,24.50785],[54.561234,24.508482],[54.558867,24.509211],[54.556746,24.509918],[54.553961,24.510951],[54.551261,24.512036],[54.548577,24.513116],[54.546228,24.514086],[54.544146,24.514883],[54.541998,24.515739],[54.540162,24.516393],[54.538251,24.517071],[54.535469,24.517927],[54.53237,24.518852],[54.529258,24.519781],[54.526984,24.520442],[54.52403,24.521356],[54.521075,24.522269],[54.520011,24.51883],[54.522966,24.517916]]],"type":"Polygon"},"properties":{"branch_id":"47","branch_name":"Zayed International Airport","travel_mode":"driving-car","travel_direction":"destination","travel_minutes":15,"area_km2":142.92627133000002,"origin_latitude":24.4527718,"origin_longitude":54.6411421,"coordinate_source":"Google Places matched coordinates","data_source":"openrouteservice/HeiGIT; OpenStreetMap road network","generated_at":"2026-09-02T15:57:15+00:00"}}]}