{"type":"FeatureCollection","features":[{"type":"Feature","id":"GROW-022","geometry":{"type":"Point","coordinates":[55.386252,25.208354]},"properties":{"growth_rank":1,"cluster_id":"GROW-022","grow_cell_count":395,"estimated_population_2025":2951089.92,"max_opportunity_score":92.48,"mean_opportunity_score":79.15,"market_anchor_name":"DoubleTree by Hilton Dubai M Square Hotel & Residences","market_anchor_address":"Sheikh Khalifa Bin Zayed St - Mankhool - Dubai","best_h3_cell":"8743acd99ffffff","nearest_branch_name":"City Walk","nearest_branch_distance_km":8.14,"coverage_gap_pct":100.0,"observed_direct_competitors_within_3km":0,"confidence_score":70,"confidence_level":"MEDIUM","recommendation_explanation":"Strongest signals: coverage gap and population; main constraint: competition headroom. Internal income, rent, footfall and customer-origin data are unavailable.","recommendation":"GROW","cluster_priority_score":88.48,"priority_tier":"HIGH","decision_limitations":"Population and accessibility opportunity signal only. Validate income, rent, footfall, suitable real estate and full competitor inventory before investment."}},{"type":"Feature","id":"GROW-005","geometry":{"type":"Point","coordinates":[54.414883,24.532656]},"properties":{"growth_rank":2,"cluster_id":"GROW-005","grow_cell_count":10,"estimated_population_2025":32637.84,"max_opportunity_score":86.87,"mean_opportunity_score":77.54,"market_anchor_name":"BE RELAX SPA - L.L.C","market_anchor_address":"250 Al Meena St - Al Zahiyah - E14 - Abu Dhabi","best_h3_cell":"8743a0353ffffff","nearest_branch_name":"Delma","nearest_branch_distance_km":6.794,"coverage_gap_pct":92.9,"observed_direct_competitors_within_3km":0,"confidence_score":70,"confidence_level":"MEDIUM","recommendation_explanation":"Strongest signals: coverage gap and population; main constraint: competition headroom. Internal income, rent, footfall and customer-origin data are unavailable.","recommendation":"GROW","cluster_priority_score":84.07,"priority_tier":"HIGH","decision_limitations":"Population and accessibility opportunity signal only. Validate income, rent, footfall, suitable real estate and full competitor inventory before investment."}},{"type":"Feature","id":"GROW-116","geometry":{"type":"Point","coordinates":[55.972257,25.767257]},"properties":{"growth_rank":3,"cluster_id":"GROW-116","grow_cell_count":108,"estimated_population_2025":334488.45,"max_opportunity_score":86.51,"mean_opportunity_score":76.69,"market_anchor_name":"purple crystal massage","market_anchor_address":"Ras Al-Khaimah - Al Nakheel - Ras Al Khaimah","best_h3_cell":"8743acae0ffffff","nearest_branch_name":"Ras Al Khaimah","nearest_branch_distance_km":8.998,"coverage_gap_pct":100.0,"observed_direct_competitors_within_3km":0,"confidence_score":70,"confidence_level":"MEDIUM","recommendation_explanation":"Strongest signals: coverage gap and market activity; main constraint: competition headroom. Internal income, rent, footfall and customer-origin data are unavailable.","recommendation":"GROW","cluster_priority_score":83.56,"priority_tier":"HIGH","decision_limitations":"Population and accessibility opportunity signal only. Validate income, rent, footfall, suitable real estate and full competitor inventory before investment."}},{"type":"Feature","id":"GROW-112","geometry":{"type":"Point","coordinates":[56.340164,25.04605]},"properties":{"growth_rank":4,"cluster_id":"GROW-112","grow_cell_count":24,"estimated_population_2025":177869.13,"max_opportunity_score":84.93,"mean_opportunity_score":78.03,"market_anchor_name":null,"market_anchor_address":null,"best_h3_cell":"8743a8d0dffffff","nearest_branch_name":"Al Taif Mall","nearest_branch_distance_km":9.606,"coverage_gap_pct":100.0,"observed_direct_competitors_within_3km":0,"confidence_score":70,"confidence_level":"MEDIUM","recommendation_explanation":"Strongest signals: coverage gap and population; main constraint: market activity. Internal income, rent, footfall and customer-origin data are unavailable.","recommendation":"GROW","cluster_priority_score":82.86,"priority_tier":"HIGH","decision_limitations":"Population and accessibility opportunity signal only. Validate income, rent, footfall, suitable real estate and full competitor inventory before investment."}},{"type":"Feature","id":"GROW-111","geometry":{"type":"Point","coordinates":[56.348834,25.327955]},"properties":{"growth_rank":5,"cluster_id":"GROW-111","grow_cell_count":35,"estimated_population_2025":194173.55,"max_opportunity_score":84.83,"mean_opportunity_score":78.2,"market_anchor_name":null,"market_anchor_address":null,"best_h3_cell":"8743a8923ffffff","nearest_branch_name":"Al Taif Mall","nearest_branch_distance_km":30.997,"coverage_gap_pct":100.0,"observed_direct_competitors_within_3km":0,"confidence_score":70,"confidence_level":"MEDIUM","recommendation_explanation":"Strongest signals: coverage gap and population; main constraint: market activity. Internal income, rent, footfall and customer-origin data are unavailable.","recommendation":"GROW","cluster_priority_score":82.84,"priority_tier":"HIGH","decision_limitations":"Population and accessibility opportunity signal only. Validate income, rent, footfall, suitable real estate and full competitor inventory before investment."}},{"type":"Feature","id":"GROW-153","geometry":{"type":"Point","coordinates":[56.085995,24.821377]},"properties":{"growth_rank":6,"cluster_id":"GROW-153","grow_cell_count":20,"estimated_population_2025":114041.32,"max_opportunity_score":83.69,"mean_opportunity_score":79.67,"market_anchor_name":null,"market_anchor_address":null,"best_h3_cell":"8743aeae6ffffff","nearest_branch_name":"Al Taif Mall","nearest_branch_distance_km":40.507,"coverage_gap_pct":100.0,"observed_direct_competitors_within_3km":0,"confidence_score":70,"confidence_level":"MEDIUM","recommendation_explanation":"Strongest signals: coverage gap and population; main constraint: market activity. Internal income, rent, footfall and customer-origin data are unavailable.","recommendation":"GROW","cluster_priority_score":82.48,"priority_tier":"HIGH","decision_limitations":"Population and accessibility opportunity signal only. Validate income, rent, footfall, suitable real estate and full competitor inventory before investment."}},{"type":"Feature","id":"GROW-006","geometry":{"type":"Point","coordinates":[54.512338,24.442521]},"properties":{"growth_rank":7,"cluster_id":"GROW-006","grow_cell_count":4,"estimated_population_2025":12708.2,"max_opportunity_score":83.88,"mean_opportunity_score":79.2,"market_anchor_name":"Massage Relax Olivia Lounge","market_anchor_address":"CGCH+J94 - Khalifa City - SW17 - Abu Dhabi","best_h3_cell":"8743a02ecffffff","nearest_branch_name":"Al Maqta","nearest_branch_distance_km":5.535,"coverage_gap_pct":100.0,"observed_direct_competitors_within_3km":0,"confidence_score":70,"confidence_level":"MEDIUM","recommendation_explanation":"Strongest signals: coverage gap and market activity; main constraint: competition headroom. Internal income, rent, footfall and customer-origin data are unavailable.","recommendation":"GROW","cluster_priority_score":82.48,"priority_tier":"HIGH","decision_limitations":"Population and accessibility opportunity signal only. Validate income, rent, footfall, suitable real estate and full competitor inventory before investment."}},{"type":"Feature","id":"GROW-122","geometry":{"type":"Point","coordinates":[56.274887,25.602038]},"properties":{"growth_rank":8,"cluster_id":"GROW-122","grow_cell_count":12,"estimated_population_2025":61302.8,"max_opportunity_score":83.7,"mean_opportunity_score":78.4,"market_anchor_name":null,"market_anchor_address":null,"best_h3_cell":"8743ac272ffffff","nearest_branch_name":"Ras Al Khaimah","nearest_branch_distance_km":38.217,"coverage_gap_pct":100.0,"observed_direct_competitors_within_3km":0,"confidence_score":70,"confidence_level":"MEDIUM","recommendation_explanation":"Strongest signals: coverage gap and population; main constraint: market activity. Internal income, rent, footfall and customer-origin data are unavailable.","recommendation":"GROW","cluster_priority_score":82.11,"priority_tier":"HIGH","decision_limitations":"Population and accessibility opportunity signal only. Validate income, rent, footfall, suitable real estate and full competitor inventory before investment."}},{"type":"Feature","id":"GROW-117","geometry":{"type":"Point","coordinates":[55.948844,25.30099]},"properties":{"growth_rank":9,"cluster_id":"GROW-117","grow_cell_count":127,"estimated_population_2025":422940.58,"max_opportunity_score":84.38,"mean_opportunity_score":76.41,"market_anchor_name":null,"market_anchor_address":null,"best_h3_cell":"8743ac09bffffff","nearest_branch_name":"Al Jada","nearest_branch_distance_km":39.702,"coverage_gap_pct":100.0,"observed_direct_competitors_within_3km":0,"confidence_score":70,"confidence_level":"MEDIUM","recommendation_explanation":"Strongest signals: coverage gap and population; main constraint: market activity. Internal income, rent, footfall and customer-origin data are unavailable.","recommendation":"GROW","cluster_priority_score":81.99,"priority_tier":"MEDIUM","decision_limitations":"Population and accessibility opportunity signal only. Validate income, rent, footfall, suitable real estate and full competitor inventory before investment."}},{"type":"Feature","id":"GROW-099","geometry":{"type":"Point","coordinates":[52.704303,24.0991]},"properties":{"growth_rank":10,"cluster_id":"GROW-099","grow_cell_count":35,"estimated_population_2025":131081.82,"max_opportunity_score":82.99,"mean_opportunity_score":77.73,"market_anchor_name":null,"market_anchor_address":null,"best_h3_cell":"8743a691cffffff","nearest_branch_name":"Al Dhafra Branch","nearest_branch_distance_km":117.961,"coverage_gap_pct":100.0,"observed_direct_competitors_within_3km":0,"confidence_score":70,"confidence_level":"MEDIUM","recommendation_explanation":"Strongest signals: coverage gap and population; main constraint: market activity. Internal income, rent, footfall and customer-origin data are unavailable.","recommendation":"GROW","cluster_priority_score":81.41,"priority_tier":"MEDIUM","decision_limitations":"Population and accessibility opportunity signal only. Validate income, rent, footfall, suitable real estate and full competitor inventory before investment."}},{"type":"Feature","id":"GROW-069","geometry":{"type":"Point","coordinates":[55.716445,24.178191]},"properties":{"growth_rank":11,"cluster_id":"GROW-069","grow_cell_count":205,"estimated_population_2025":711083.29,"max_opportunity_score":83.35,"mean_opportunity_score":76.58,"market_anchor_name":null,"market_anchor_address":null,"best_h3_cell":"8743ae50cffffff","nearest_branch_name":"Al Ain","nearest_branch_distance_km":9.874,"coverage_gap_pct":100.0,"observed_direct_competitors_within_3km":0,"confidence_score":70,"confidence_level":"MEDIUM","recommendation_explanation":"Strongest signals: coverage gap and population; main constraint: market activity. Internal income, rent, footfall and customer-origin data are unavailable.","recommendation":"GROW","cluster_priority_score":81.32,"priority_tier":"MEDIUM","decision_limitations":"Population and accessibility opportunity signal only. Validate income, rent, footfall, suitable real estate and full competitor inventory before investment."}},{"type":"Feature","id":"GROW-035","geometry":{"type":"Point","coordinates":[54.725866,24.374512]},"properties":{"growth_rank":12,"cluster_id":"GROW-035","grow_cell_count":28,"estimated_population_2025":112130.41,"max_opportunity_score":83.46,"mean_opportunity_score":76.26,"market_anchor_name":"OMBRÉ SALON صالون أومبري","market_anchor_address":"9PVH+FP5 - Al Shamkhah - SH7 - Abu Dhabi","best_h3_cell":"8743a3968ffffff","nearest_branch_name":"Al Falah","nearest_branch_distance_km":7.84,"coverage_gap_pct":100.0,"observed_direct_competitors_within_3km":3,"confidence_score":70,"confidence_level":"MEDIUM","recommendation_explanation":"Strongest signals: coverage gap and population; main constraint: competition headroom. Internal income, rent, footfall and customer-origin data are unavailable.","recommendation":"GROW","cluster_priority_score":81.3,"priority_tier":"MEDIUM","decision_limitations":"Population and accessibility opportunity signal only. Validate income, rent, footfall, suitable real estate and full competitor inventory before investment."}},{"type":"Feature","id":"GROW-007","geometry":{"type":"Point","coordinates":[54.476941,24.323038]},"properties":{"growth_rank":13,"cluster_id":"GROW-007","grow_cell_count":16,"estimated_population_2025":69206.92,"max_opportunity_score":82.58,"mean_opportunity_score":77.83,"market_anchor_name":null,"market_anchor_address":null,"best_h3_cell":"8743a0288ffffff","nearest_branch_name":"Mohammed Bin Zayed City","nearest_branch_distance_km":8.25,"coverage_gap_pct":100.0,"observed_direct_competitors_within_3km":0,"confidence_score":70,"confidence_level":"MEDIUM","recommendation_explanation":"Strongest signals: coverage gap and population; main constraint: market activity. Internal income, rent, footfall and customer-origin data are unavailable.","recommendation":"GROW","cluster_priority_score":81.16,"priority_tier":"MEDIUM","decision_limitations":"Population and accessibility opportunity signal only. Validate income, rent, footfall, suitable real estate and full competitor inventory before investment."}},{"type":"Feature","id":"GROW-128","geometry":{"type":"Point","coordinates":[55.877552,25.136099]},"properties":{"growth_rank":14,"cluster_id":"GROW-128","grow_cell_count":11,"estimated_population_2025":30869.39,"max_opportunity_score":83.2,"mean_opportunity_score":75.96,"market_anchor_name":null,"market_anchor_address":null,"best_h3_cell":"8743ac45affffff","nearest_branch_name":"Al Taif Mall","nearest_branch_distance_km":44.939,"coverage_gap_pct":100.0,"observed_direct_competitors_within_3km":0,"confidence_score":70,"confidence_level":"MEDIUM","recommendation_explanation":"Strongest signals: coverage gap and population; main constraint: market activity. Internal income, rent, footfall and customer-origin data are unavailable.","recommendation":"GROW","cluster_priority_score":81.03,"priority_tier":"MEDIUM","decision_limitations":"Population and accessibility opportunity signal only. Validate income, rent, footfall, suitable real estate and full competitor inventory before investment."}},{"type":"Feature","id":"GROW-130","geometry":{"type":"Point","coordinates":[55.813057,24.979731]},"properties":{"growth_rank":15,"cluster_id":"GROW-130","grow_cell_count":38,"estimated_population_2025":111277.7,"max_opportunity_score":82.82,"mean_opportunity_score":76.69,"market_anchor_name":null,"market_anchor_address":null,"best_h3_cell":"8743ac488ffffff","nearest_branch_name":"Mirdif 35","nearest_branch_distance_km":44.856,"coverage_gap_pct":100.0,"observed_direct_competitors_within_3km":0,"confidence_score":70,"confidence_level":"MEDIUM","recommendation_explanation":"Strongest signals: coverage gap and population; main constraint: market activity. Internal income, rent, footfall and customer-origin data are unavailable.","recommendation":"GROW","cluster_priority_score":80.98,"priority_tier":"MEDIUM","decision_limitations":"Population and accessibility opportunity signal only. Validate income, rent, footfall, suitable real estate and full competitor inventory before investment."}},{"type":"Feature","id":"GROW-097","geometry":{"type":"Point","coordinates":[53.636321,23.841973]},"properties":{"growth_rank":16,"cluster_id":"GROW-097","grow_cell_count":6,"estimated_population_2025":19499.19,"max_opportunity_score":82.17,"mean_opportunity_score":77.18,"market_anchor_name":null,"market_anchor_address":null,"best_h3_cell":"8743a62c4ffffff","nearest_branch_name":"Al Dhafra Branch","nearest_branch_distance_km":24.342,"coverage_gap_pct":100.0,"observed_direct_competitors_within_3km":0,"confidence_score":70,"confidence_level":"MEDIUM","recommendation_explanation":"Strongest signals: coverage gap and population; main constraint: market activity. Internal income, rent, footfall and customer-origin data are unavailable.","recommendation":"GROW","cluster_priority_score":80.67,"priority_tier":"MEDIUM","decision_limitations":"Population and accessibility opportunity signal only. Validate income, rent, footfall, suitable real estate and full competitor inventory before investment."}},{"type":"Feature","id":"GROW-030","geometry":{"type":"Point","coordinates":[55.440771,24.946241]},"properties":{"growth_rank":17,"cluster_id":"GROW-030","grow_cell_count":50,"estimated_population_2025":135898.04,"max_opportunity_score":82.49,"mean_opportunity_score":76.05,"market_anchor_name":null,"market_anchor_address":null,"best_h3_cell":"8743a12c8ffffff","nearest_branch_name":"Nad Al Sheba","nearest_branch_distance_km":25.356,"coverage_gap_pct":100.0,"observed_direct_competitors_within_3km":0,"confidence_score":70,"confidence_level":"MEDIUM","recommendation_explanation":"Strongest signals: coverage gap and population; main constraint: market activity. Internal income, rent, footfall and customer-origin data are unavailable.","recommendation":"GROW","cluster_priority_score":80.56,"priority_tier":"MEDIUM","decision_limitations":"Population and accessibility opportunity signal only. Validate income, rent, footfall, suitable real estate and full competitor inventory before investment."}},{"type":"Feature","id":"GROW-031","geometry":{"type":"Point","coordinates":[55.139578,25.11765]},"properties":{"growth_rank":18,"cluster_id":"GROW-031","grow_cell_count":8,"estimated_population_2025":36645.22,"max_opportunity_score":81.78,"mean_opportunity_score":77.6,"market_anchor_name":null,"market_anchor_address":null,"best_h3_cell":"8743a1328ffffff","nearest_branch_name":"Al Barsha","nearest_branch_distance_km":7.794,"coverage_gap_pct":100.0,"observed_direct_competitors_within_3km":0,"confidence_score":70,"confidence_level":"MEDIUM","recommendation_explanation":"Strongest signals: coverage gap and population; main constraint: market activity. Internal income, rent, footfall and customer-origin data are unavailable.","recommendation":"GROW","cluster_priority_score":80.53,"priority_tier":"MEDIUM","decision_limitations":"Population and accessibility opportunity signal only. Validate income, rent, footfall, suitable real estate and full competitor inventory before investment."}},{"type":"Feature","id":"GROW-101","geometry":{"type":"Point","coordinates":[52.80606,23.862777]},"properties":{"growth_rank":19,"cluster_id":"GROW-101","grow_cell_count":7,"estimated_population_2025":22769.53,"max_opportunity_score":81.64,"mean_opportunity_score":77.42,"market_anchor_name":null,"market_anchor_address":null,"best_h3_cell":"8743a6892ffffff","nearest_branch_name":"Al Dhafra Branch","nearest_branch_distance_km":94.551,"coverage_gap_pct":100.0,"observed_direct_competitors_within_3km":0,"confidence_score":70,"confidence_level":"MEDIUM","recommendation_explanation":"Strongest signals: coverage gap and population; main constraint: market activity. Internal income, rent, footfall and customer-origin data are unavailable.","recommendation":"GROW","cluster_priority_score":80.37,"priority_tier":"MEDIUM","decision_limitations":"Population and accessibility opportunity signal only. Validate income, rent, footfall, suitable real estate and full competitor inventory before investment."}},{"type":"Feature","id":"GROW-093","geometry":{"type":"Point","coordinates":[53.073325,24.881114]},"properties":{"growth_rank":20,"cluster_id":"GROW-093","grow_cell_count":4,"estimated_population_2025":13338.2,"max_opportunity_score":81.22,"mean_opportunity_score":77.7,"market_anchor_name":null,"market_anchor_address":null,"best_h3_cell":"8743a406bffffff","nearest_branch_name":"Khaleej Al Arabi","nearest_branch_distance_km":138.502,"coverage_gap_pct":100.0,"observed_direct_competitors_within_3km":0,"confidence_score":70,"confidence_level":"MEDIUM","recommendation_explanation":"Strongest signals: coverage gap and population; main constraint: market activity. Internal income, rent, footfall and customer-origin data are unavailable.","recommendation":"GROW","cluster_priority_score":80.16,"priority_tier":"MEDIUM","decision_limitations":"Population and accessibility opportunity signal only. Validate income, rent, footfall, suitable real estate and full competitor inventory before investment."}},{"type":"Feature","id":"GROW-029","geometry":{"type":"Point","coordinates":[54.775254,24.623123]},"properties":{"growth_rank":21,"cluster_id":"GROW-029","grow_cell_count":100,"estimated_population_2025":245795.37,"max_opportunity_score":82.07,"mean_opportunity_score":75.58,"market_anchor_name":null,"market_anchor_address":null,"best_h3_cell":"8743a1546ffffff","nearest_branch_name":"Shahama","nearest_branch_distance_km":18.831,"coverage_gap_pct":100.0,"observed_direct_competitors_within_3km":0,"confidence_score":70,"confidence_level":"MEDIUM","recommendation_explanation":"Strongest signals: coverage gap and population; main constraint: market activity. Internal income, rent, footfall and customer-origin data are unavailable.","recommendation":"GROW","cluster_priority_score":80.12,"priority_tier":"MEDIUM","decision_limitations":"Population and accessibility opportunity signal only. Validate income, rent, footfall, suitable real estate and full competitor inventory before investment."}},{"type":"Feature","id":"GROW-125","geometry":{"type":"Point","coordinates":[56.349574,25.522636]},"properties":{"growth_rank":22,"cluster_id":"GROW-125","grow_cell_count":8,"estimated_population_2025":21823.05,"max_opportunity_score":81.07,"mean_opportunity_score":76.94,"market_anchor_name":null,"market_anchor_address":null,"best_h3_cell":"8743ac2c5ffffff","nearest_branch_name":"Al Taif Mall","nearest_branch_distance_km":45.912,"coverage_gap_pct":100.0,"observed_direct_competitors_within_3km":0,"confidence_score":70,"confidence_level":"MEDIUM","recommendation_explanation":"Strongest signals: coverage gap and population; main constraint: market activity. Internal income, rent, footfall and customer-origin data are unavailable.","recommendation":"GROW","cluster_priority_score":79.83,"priority_tier":"MEDIUM","decision_limitations":"Population and accessibility opportunity signal only. Validate income, rent, footfall, suitable real estate and full competitor inventory before investment."}},{"type":"Feature","id":"GROW-170","geometry":{"type":"Point","coordinates":[51.759629,24.064084]},"properties":{"growth_rank":23,"cluster_id":"GROW-170","grow_cell_count":10,"estimated_population_2025":20203.86,"max_opportunity_score":81.46,"mean_opportunity_score":74.68,"market_anchor_name":null,"market_anchor_address":null,"best_h3_cell":"87534d50dffffff","nearest_branch_name":"Al Dhafra Branch","nearest_branch_distance_km":205.012,"coverage_gap_pct":100.0,"observed_direct_competitors_within_3km":0,"confidence_score":70,"confidence_level":"MEDIUM","recommendation_explanation":"Strongest signals: coverage gap and population; main constraint: market activity. Internal income, rent, footfall and customer-origin data are unavailable.","recommendation":"GROW","cluster_priority_score":79.43,"priority_tier":"MEDIUM","decision_limitations":"Population and accessibility opportunity signal only. Validate income, rent, footfall, suitable real estate and full competitor inventory before investment."}},{"type":"Feature","id":"GROW-081","geometry":{"type":"Point","coordinates":[54.628347,24.223111]},"properties":{"growth_rank":24,"cluster_id":"GROW-081","grow_cell_count":27,"estimated_population_2025":55020.11,"max_opportunity_score":81.36,"mean_opportunity_score":74.45,"market_anchor_name":null,"market_anchor_address":null,"best_h3_cell":"8743a3919ffffff","nearest_branch_name":"Baniyas","nearest_branch_distance_km":8.404,"coverage_gap_pct":100.0,"observed_direct_competitors_within_3km":0,"confidence_score":70,"confidence_level":"MEDIUM","recommendation_explanation":"Strongest signals: coverage gap and population; main constraint: market activity. Internal income, rent, footfall and customer-origin data are unavailable.","recommendation":"GROW","cluster_priority_score":79.29,"priority_tier":"MEDIUM","decision_limitations":"Population and accessibility opportunity signal only. Validate income, rent, footfall, suitable real estate and full competitor inventory before investment."}},{"type":"Feature","id":"GROW-044","geometry":{"type":"Point","coordinates":[55.331426,24.474978]},"properties":{"growth_rank":25,"cluster_id":"GROW-044","grow_cell_count":13,"estimated_population_2025":24782.07,"max_opportunity_score":81.08,"mean_opportunity_score":74.65,"market_anchor_name":null,"market_anchor_address":null,"best_h3_cell":"8743aed22ffffff","nearest_branch_name":"Al Ain","nearest_branch_distance_km":41.524,"coverage_gap_pct":100.0,"observed_direct_competitors_within_3km":0,"confidence_score":70,"confidence_level":"MEDIUM","recommendation_explanation":"Strongest signals: coverage gap and population; main constraint: market activity. Internal income, rent, footfall and customer-origin data are unavailable.","recommendation":"GROW","cluster_priority_score":79.15,"priority_tier":"MEDIUM","decision_limitations":"Population and accessibility opportunity signal only. Validate income, rent, footfall, suitable real estate and full competitor inventory before investment."}},{"type":"Feature","id":"GROW-144","geometry":{"type":"Point","coordinates":[55.749466,24.58502]},"properties":{"growth_rank":26,"cluster_id":"GROW-144","grow_cell_count":12,"estimated_population_2025":24295.08,"max_opportunity_score":80.9,"mean_opportunity_score":74.9,"market_anchor_name":null,"market_anchor_address":null,"best_h3_cell":"8743ae125ffffff","nearest_branch_name":"Al Ain","nearest_branch_distance_km":42.392,"coverage_gap_pct":100.0,"observed_direct_competitors_within_3km":0,"confidence_score":70,"confidence_level":"MEDIUM","recommendation_explanation":"Strongest signals: coverage gap and population; main constraint: market activity. Internal income, rent, footfall and customer-origin data are unavailable.","recommendation":"GROW","cluster_priority_score":79.1,"priority_tier":"MEDIUM","decision_limitations":"Population and accessibility opportunity signal only. Validate income, rent, footfall, suitable real estate and full competitor inventory before investment."}},{"type":"Feature","id":"GROW-171","geometry":{"type":"Point","coordinates":[52.316143,24.486347]},"properties":{"growth_rank":27,"cluster_id":"GROW-171","grow_cell_count":6,"estimated_population_2025":15493.03,"max_opportunity_score":80.12,"mean_opportunity_score":76.0,"market_anchor_name":null,"market_anchor_address":null,"best_h3_cell":"87534d86affffff","nearest_branch_name":"Al Dhafra Branch","nearest_branch_distance_km":171.552,"coverage_gap_pct":100.0,"observed_direct_competitors_within_3km":0,"confidence_score":70,"confidence_level":"MEDIUM","recommendation_explanation":"Strongest signals: coverage gap and population; main constraint: market activity. Internal income, rent, footfall and customer-origin data are unavailable.","recommendation":"GROW","cluster_priority_score":78.88,"priority_tier":"MEDIUM","decision_limitations":"Population and accessibility opportunity signal only. Validate income, rent, footfall, suitable real estate and full competitor inventory before investment."}},{"type":"Feature","id":"GROW-124","geometry":{"type":"Point","coordinates":[56.162957,25.399116]},"properties":{"growth_rank":28,"cluster_id":"GROW-124","grow_cell_count":5,"estimated_population_2025":11440.71,"max_opportunity_score":80.18,"mean_opportunity_score":75.82,"market_anchor_name":null,"market_anchor_address":null,"best_h3_cell":"8743ac2b2ffffff","nearest_branch_name":"Al Taif Mall","nearest_branch_distance_km":34.738,"coverage_gap_pct":100.0,"observed_direct_competitors_within_3km":0,"confidence_score":70,"confidence_level":"MEDIUM","recommendation_explanation":"Strongest signals: coverage gap and population; main constraint: market activity. Internal income, rent, footfall and customer-origin data are unavailable.","recommendation":"GROW","cluster_priority_score":78.87,"priority_tier":"MEDIUM","decision_limitations":"Population and accessibility opportunity signal only. Validate income, rent, footfall, suitable real estate and full competitor inventory before investment."}},{"type":"Feature","id":"GROW-016","geometry":{"type":"Point","coordinates":[53.478575,24.078417]},"properties":{"growth_rank":29,"cluster_id":"GROW-016","grow_cell_count":10,"estimated_population_2025":22317.87,"max_opportunity_score":80.13,"mean_opportunity_score":75.5,"market_anchor_name":null,"market_anchor_address":null,"best_h3_cell":"8743a636dffffff","nearest_branch_name":"Al Dhafra Branch","nearest_branch_distance_km":56.908,"coverage_gap_pct":100.0,"observed_direct_competitors_within_3km":0,"confidence_score":70,"confidence_level":"MEDIUM","recommendation_explanation":"Strongest signals: coverage gap and population; main constraint: market activity. Internal income, rent, footfall and customer-origin data are unavailable.","recommendation":"GROW","cluster_priority_score":78.74,"priority_tier":"MEDIUM","decision_limitations":"Population and accessibility opportunity signal only. Validate income, rent, footfall, suitable real estate and full competitor inventory before investment."}},{"type":"Feature","id":"GROW-114","geometry":{"type":"Point","coordinates":[56.20753,24.959266]},"properties":{"growth_rank":30,"cluster_id":"GROW-114","grow_cell_count":6,"estimated_population_2025":12607.41,"max_opportunity_score":79.94,"mean_opportunity_score":75.69,"market_anchor_name":null,"market_anchor_address":null,"best_h3_cell":"8743aea4cffffff","nearest_branch_name":"Al Taif Mall","nearest_branch_distance_km":23.208,"coverage_gap_pct":100.0,"observed_direct_competitors_within_3km":0,"confidence_score":70,"confidence_level":"MEDIUM","recommendation_explanation":"Strongest signals: coverage gap and population; main constraint: market activity. Internal income, rent, footfall and customer-origin data are unavailable.","recommendation":"GROW","cluster_priority_score":78.66,"priority_tier":"MEDIUM","decision_limitations":"Population and accessibility opportunity signal only. Validate income, rent, footfall, suitable real estate and full competitor inventory before investment."}},{"type":"Feature","id":"GROW-082","geometry":{"type":"Point","coordinates":[54.862007,24.20124]},"properties":{"growth_rank":31,"cluster_id":"GROW-082","grow_cell_count":14,"estimated_population_2025":23785.89,"max_opportunity_score":80.49,"mean_opportunity_score":73.98,"market_anchor_name":null,"market_anchor_address":null,"best_h3_cell":"8743a38edffffff","nearest_branch_name":"Baniyas","nearest_branch_distance_km":27.629,"coverage_gap_pct":100.0,"observed_direct_competitors_within_3km":0,"confidence_score":70,"confidence_level":"MEDIUM","recommendation_explanation":"Strongest signals: coverage gap and population; main constraint: market activity. Internal income, rent, footfall and customer-origin data are unavailable.","recommendation":"GROW","cluster_priority_score":78.54,"priority_tier":"MEDIUM","decision_limitations":"Population and accessibility opportunity signal only. Validate income, rent, footfall, suitable real estate and full competitor inventory before investment."}},{"type":"Feature","id":"GROW-088","geometry":{"type":"Point","coordinates":[55.050806,24.184137]},"properties":{"growth_rank":32,"cluster_id":"GROW-088","grow_cell_count":20,"estimated_population_2025":41183.92,"max_opportunity_score":79.87,"mean_opportunity_score":75.22,"market_anchor_name":null,"market_anchor_address":null,"best_h3_cell":"8743a3b82ffffff","nearest_branch_name":"Al Falah","nearest_branch_distance_km":39.341,"coverage_gap_pct":100.0,"observed_direct_competitors_within_3km":0,"confidence_score":70,"confidence_level":"MEDIUM","recommendation_explanation":"Strongest signals: coverage gap and population; main constraint: market activity. Internal income, rent, footfall and customer-origin data are unavailable.","recommendation":"GROW","cluster_priority_score":78.47,"priority_tier":"MEDIUM","decision_limitations":"Population and accessibility opportunity signal only. Validate income, rent, footfall, suitable real estate and full competitor inventory before investment."}},{"type":"Feature","id":"GROW-012","geometry":{"type":"Point","coordinates":[53.712246,23.914231]},"properties":{"growth_rank":33,"cluster_id":"GROW-012","grow_cell_count":4,"estimated_population_2025":10042.44,"max_opportunity_score":78.77,"mean_opportunity_score":77.07,"market_anchor_name":null,"market_anchor_address":null,"best_h3_cell":"8743a625bffffff","nearest_branch_name":"Al Dhafra Branch","nearest_branch_distance_km":32.856,"coverage_gap_pct":100.0,"observed_direct_competitors_within_3km":0,"confidence_score":70,"confidence_level":"MEDIUM","recommendation_explanation":"Strongest signals: coverage gap and population; main constraint: market activity. Internal income, rent, footfall and customer-origin data are unavailable.","recommendation":"GROW","cluster_priority_score":78.26,"priority_tier":"MEDIUM","decision_limitations":"Population and accessibility opportunity signal only. Validate income, rent, footfall, suitable real estate and full competitor inventory before investment."}},{"type":"Feature","id":"GROW-146","geometry":{"type":"Point","coordinates":[55.620292,24.707858]},"properties":{"growth_rank":34,"cluster_id":"GROW-146","grow_cell_count":6,"estimated_population_2025":13617.26,"max_opportunity_score":79.49,"mean_opportunity_score":75.27,"market_anchor_name":null,"market_anchor_address":null,"best_h3_cell":"8743ae802ffffff","nearest_branch_name":"Nad Al Sheba","nearest_branch_distance_km":54.584,"coverage_gap_pct":100.0,"observed_direct_competitors_within_3km":0,"confidence_score":70,"confidence_level":"MEDIUM","recommendation_explanation":"Strongest signals: coverage gap and population; main constraint: market activity. Internal income, rent, footfall and customer-origin data are unavailable.","recommendation":"GROW","cluster_priority_score":78.22,"priority_tier":"MEDIUM","decision_limitations":"Population and accessibility opportunity signal only. Validate income, rent, footfall, suitable real estate and full competitor inventory before investment."}},{"type":"Feature","id":"GROW-018","geometry":{"type":"Point","coordinates":[53.440626,24.112645]},"properties":{"growth_rank":35,"cluster_id":"GROW-018","grow_cell_count":3,"estimated_population_2025":7470.58,"max_opportunity_score":78.81,"mean_opportunity_score":76.56,"market_anchor_name":null,"market_anchor_address":null,"best_h3_cell":"8743a0d90ffffff","nearest_branch_name":"Al Dhafra Branch","nearest_branch_distance_km":60.462,"coverage_gap_pct":100.0,"observed_direct_competitors_within_3km":0,"confidence_score":70,"confidence_level":"MEDIUM","recommendation_explanation":"Strongest signals: coverage gap and population; main constraint: market activity. Internal income, rent, footfall and customer-origin data are unavailable.","recommendation":"GROW","cluster_priority_score":78.14,"priority_tier":"MEDIUM","decision_limitations":"Population and accessibility opportunity signal only. Validate income, rent, footfall, suitable real estate and full competitor inventory before investment."}},{"type":"Feature","id":"GROW-096","geometry":{"type":"Point","coordinates":[53.515193,23.736572]},"properties":{"growth_rank":36,"cluster_id":"GROW-096","grow_cell_count":5,"estimated_population_2025":9233.59,"max_opportunity_score":79.7,"mean_opportunity_score":74.33,"market_anchor_name":null,"market_anchor_address":null,"best_h3_cell":"8743a6286ffffff","nearest_branch_name":"Al Dhafra Branch","nearest_branch_distance_km":22.541,"coverage_gap_pct":100.0,"observed_direct_competitors_within_3km":0,"confidence_score":70,"confidence_level":"MEDIUM","recommendation_explanation":"Strongest signals: coverage gap and population; main constraint: market activity. Internal income, rent, footfall and customer-origin data are unavailable.","recommendation":"GROW","cluster_priority_score":78.09,"priority_tier":"MEDIUM","decision_limitations":"Population and accessibility opportunity signal only. Validate income, rent, footfall, suitable real estate and full competitor inventory before investment."}},{"type":"Feature","id":"GROW-149","geometry":{"type":"Point","coordinates":[55.574172,24.527561]},"properties":{"growth_rank":37,"cluster_id":"GROW-149","grow_cell_count":20,"estimated_population_2025":32979.69,"max_opportunity_score":79.69,"mean_opportunity_score":74.12,"market_anchor_name":null,"market_anchor_address":null,"best_h3_cell":"8743aed46ffffff","nearest_branch_name":"Al Ain","nearest_branch_distance_km":35.891,"coverage_gap_pct":100.0,"observed_direct_competitors_within_3km":0,"confidence_score":70,"confidence_level":"MEDIUM","recommendation_explanation":"Strongest signals: coverage gap and population; main constraint: market activity. Internal income, rent, footfall and customer-origin data are unavailable.","recommendation":"GROW","cluster_priority_score":78.02,"priority_tier":"MEDIUM","decision_limitations":"Population and accessibility opportunity signal only. Validate income, rent, footfall, suitable real estate and full competitor inventory before investment."}},{"type":"Feature","id":"GROW-010","geometry":{"type":"Point","coordinates":[53.733628,24.005785]},"properties":{"growth_rank":38,"cluster_id":"GROW-010","grow_cell_count":1,"estimated_population_2025":2968.65,"max_opportunity_score":78.01,"mean_opportunity_score":78.01,"market_anchor_name":null,"market_anchor_address":null,"best_h3_cell":"8743a0514ffffff","nearest_branch_name":"Al Dhafra Branch","nearest_branch_distance_km":42.049,"coverage_gap_pct":100.0,"observed_direct_competitors_within_3km":0,"confidence_score":70,"confidence_level":"MEDIUM","recommendation_explanation":"Strongest signals: coverage gap and population; main constraint: market activity. Internal income, rent, footfall and customer-origin data are unavailable.","recommendation":"GROW","cluster_priority_score":78.01,"priority_tier":"MEDIUM","decision_limitations":"Population and accessibility opportunity signal only. Validate income, rent, footfall, suitable real estate and full competitor inventory before investment."}},{"type":"Feature","id":"GROW-151","geometry":{"type":"Point","coordinates":[55.568355,24.846521]},"properties":{"growth_rank":39,"cluster_id":"GROW-151","grow_cell_count":8,"estimated_population_2025":16021.09,"max_opportunity_score":79.08,"mean_opportunity_score":75.38,"market_anchor_name":null,"market_anchor_address":null,"best_h3_cell":"8743ae973ffffff","nearest_branch_name":"Nad Al Sheba","nearest_branch_distance_km":37.824,"coverage_gap_pct":100.0,"observed_direct_competitors_within_3km":0,"confidence_score":70,"confidence_level":"MEDIUM","recommendation_explanation":"Strongest signals: coverage gap and population; main constraint: market activity. Internal income, rent, footfall and customer-origin data are unavailable.","recommendation":"GROW","cluster_priority_score":77.97,"priority_tier":"MEDIUM","decision_limitations":"Population and accessibility opportunity signal only. Validate income, rent, footfall, suitable real estate and full competitor inventory before investment."}},{"type":"Feature","id":"GROW-115","geometry":{"type":"Point","coordinates":[55.691535,25.546891]},"properties":{"growth_rank":40,"cluster_id":"GROW-115","grow_cell_count":7,"estimated_population_2025":13169.66,"max_opportunity_score":79.27,"mean_opportunity_score":74.85,"market_anchor_name":null,"market_anchor_address":null,"best_h3_cell":"8743ac108ffffff","nearest_branch_name":"Ras Al Khaimah","nearest_branch_distance_km":32.591,"coverage_gap_pct":100.0,"observed_direct_competitors_within_3km":0,"confidence_score":70,"confidence_level":"MEDIUM","recommendation_explanation":"Strongest signals: coverage gap and population; main constraint: market activity. Internal income, rent, footfall and customer-origin data are unavailable.","recommendation":"GROW","cluster_priority_score":77.94,"priority_tier":"MEDIUM","decision_limitations":"Population and accessibility opportunity signal only. Validate income, rent, footfall, suitable real estate and full competitor inventory before investment."}},{"type":"Feature","id":"GROW-118","geometry":{"type":"Point","coordinates":[55.755205,25.298362]},"properties":{"growth_rank":41,"cluster_id":"GROW-118","grow_cell_count":12,"estimated_population_2025":21079.17,"max_opportunity_score":79.38,"mean_opportunity_score":74.53,"market_anchor_name":null,"market_anchor_address":null,"best_h3_cell":"8743ac090ffffff","nearest_branch_name":"Al Jada","nearest_branch_distance_km":31.599,"coverage_gap_pct":100.0,"observed_direct_competitors_within_3km":0,"confidence_score":70,"confidence_level":"MEDIUM","recommendation_explanation":"Strongest signals: coverage gap and population; main constraint: market activity. Internal income, rent, footfall and customer-origin data are unavailable.","recommendation":"GROW","cluster_priority_score":77.92,"priority_tier":"MEDIUM","decision_limitations":"Population and accessibility opportunity signal only. Validate income, rent, footfall, suitable real estate and full competitor inventory before investment."}},{"type":"Feature","id":"GROW-147","geometry":{"type":"Point","coordinates":[55.786656,24.769525]},"properties":{"growth_rank":42,"cluster_id":"GROW-147","grow_cell_count":11,"estimated_population_2025":17727.84,"max_opportunity_score":79.79,"mean_opportunity_score":73.5,"market_anchor_name":null,"market_anchor_address":null,"best_h3_cell":"8743ae8e8ffffff","nearest_branch_name":"Al Ain","nearest_branch_distance_km":57.904,"coverage_gap_pct":100.0,"observed_direct_competitors_within_3km":0,"confidence_score":70,"confidence_level":"MEDIUM","recommendation_explanation":"Strongest signals: coverage gap and population; main constraint: market activity. Internal income, rent, footfall and customer-origin data are unavailable.","recommendation":"GROW","cluster_priority_score":77.9,"priority_tier":"MEDIUM","decision_limitations":"Population and accessibility opportunity signal only. Validate income, rent, footfall, suitable real estate and full competitor inventory before investment."}},{"type":"Feature","id":"GROW-063","geometry":{"type":"Point","coordinates":[53.634728,23.65564]},"properties":{"growth_rank":43,"cluster_id":"GROW-063","grow_cell_count":5,"estimated_population_2025":10825.3,"max_opportunity_score":79.63,"mean_opportunity_score":73.76,"market_anchor_name":null,"market_anchor_address":null,"best_h3_cell":"8743a664dffffff","nearest_branch_name":"Al Dhafra Branch","nearest_branch_distance_km":9.018,"coverage_gap_pct":100.0,"observed_direct_competitors_within_3km":0,"confidence_score":70,"confidence_level":"MEDIUM","recommendation_explanation":"Strongest signals: coverage gap and population; main constraint: market activity. Internal income, rent, footfall and customer-origin data are unavailable.","recommendation":"GROW","cluster_priority_score":77.87,"priority_tier":"MEDIUM","decision_limitations":"Population and accessibility opportunity signal only. Validate income, rent, footfall, suitable real estate and full competitor inventory before investment."}},{"type":"Feature","id":"GROW-001","geometry":{"type":"Point","coordinates":[55.418994,23.415657]},"properties":{"growth_rank":44,"cluster_id":"GROW-001","grow_cell_count":7,"estimated_population_2025":15948.39,"max_opportunity_score":78.7,"mean_opportunity_score":75.87,"market_anchor_name":null,"market_anchor_address":null,"best_h3_cell":"874384a6effffff","nearest_branch_name":"Al Ain","nearest_branch_distance_km":92.109,"coverage_gap_pct":100.0,"observed_direct_competitors_within_3km":0,"confidence_score":70,"confidence_level":"MEDIUM","recommendation_explanation":"Strongest signals: coverage gap and population; main constraint: market activity. Internal income, rent, footfall and customer-origin data are unavailable.","recommendation":"GROW","cluster_priority_score":77.85,"priority_tier":"MEDIUM","decision_limitations":"Population and accessibility opportunity signal only. Validate income, rent, footfall, suitable real estate and full competitor inventory before investment."}},{"type":"Feature","id":"GROW-048","geometry":{"type":"Point","coordinates":[55.237103,24.81789]},"properties":{"growth_rank":45,"cluster_id":"GROW-048","grow_cell_count":3,"estimated_population_2025":6322.42,"max_opportunity_score":78.57,"mean_opportunity_score":75.87,"market_anchor_name":null,"market_anchor_address":null,"best_h3_cell":"8743a174dffffff","nearest_branch_name":"Jumeirah Park","nearest_branch_distance_km":25.078,"coverage_gap_pct":100.0,"observed_direct_competitors_within_3km":0,"confidence_score":70,"confidence_level":"MEDIUM","recommendation_explanation":"Strongest signals: coverage gap and population; main constraint: market activity. Internal income, rent, footfall and customer-origin data are unavailable.","recommendation":"GROW","cluster_priority_score":77.76,"priority_tier":"MEDIUM","decision_limitations":"Population and accessibility opportunity signal only. Validate income, rent, footfall, suitable real estate and full competitor inventory before investment."}},{"type":"Feature","id":"GROW-138","geometry":{"type":"Point","coordinates":[56.247141,25.154136]},"properties":{"growth_rank":46,"cluster_id":"GROW-138","grow_cell_count":1,"estimated_population_2025":3635.5,"max_opportunity_score":77.68,"mean_opportunity_score":77.68,"market_anchor_name":null,"market_anchor_address":null,"best_h3_cell":"8743ac6c4ffffff","nearest_branch_name":"Al Taif Mall","nearest_branch_distance_km":8.728,"coverage_gap_pct":95.64,"observed_direct_competitors_within_3km":0,"confidence_score":70,"confidence_level":"MEDIUM","recommendation_explanation":"Strongest signals: coverage gap and population; main constraint: market activity. Internal income, rent, footfall and customer-origin data are unavailable.","recommendation":"GROW","cluster_priority_score":77.68,"priority_tier":"MEDIUM","decision_limitations":"Population and accessibility opportunity signal only. Validate income, rent, footfall, suitable real estate and full competitor inventory before investment."}},{"type":"Feature","id":"GROW-103","geometry":{"type":"Point","coordinates":[52.582448,24.167183]},"properties":{"growth_rank":47,"cluster_id":"GROW-103","grow_cell_count":4,"estimated_population_2025":9768.03,"max_opportunity_score":77.76,"mean_opportunity_score":77.12,"market_anchor_name":null,"market_anchor_address":null,"best_h3_cell":"87534da5bffffff","nearest_branch_name":"Al Dhafra Branch","nearest_branch_distance_km":128.208,"coverage_gap_pct":100.0,"observed_direct_competitors_within_3km":0,"confidence_score":70,"confidence_level":"MEDIUM","recommendation_explanation":"Strongest signals: coverage gap and population; main constraint: market activity. Internal income, rent, footfall and customer-origin data are unavailable.","recommendation":"GROW","cluster_priority_score":77.57,"priority_tier":"MEDIUM","decision_limitations":"Population and accessibility opportunity signal only. Validate income, rent, footfall, suitable real estate and full competitor inventory before investment."}},{"type":"Feature","id":"GROW-037","geometry":{"type":"Point","coordinates":[54.840293,24.456963]},"properties":{"growth_rank":48,"cluster_id":"GROW-037","grow_cell_count":3,"estimated_population_2025":6569.37,"max_opportunity_score":78.03,"mean_opportunity_score":76.45,"market_anchor_name":null,"market_anchor_address":null,"best_h3_cell":"8743a14a8ffffff","nearest_branch_name":"Al Falah","nearest_branch_distance_km":9.711,"coverage_gap_pct":100.0,"observed_direct_competitors_within_3km":0,"confidence_score":70,"confidence_level":"MEDIUM","recommendation_explanation":"Strongest signals: coverage gap and population; main constraint: market activity. Internal income, rent, footfall and customer-origin data are unavailable.","recommendation":"GROW","cluster_priority_score":77.56,"priority_tier":"MEDIUM","decision_limitations":"Population and accessibility opportunity signal only. Validate income, rent, footfall, suitable real estate and full competitor inventory before investment."}},{"type":"Feature","id":"GROW-058","geometry":{"type":"Point","coordinates":[53.8051,23.145769]},"properties":{"growth_rank":49,"cluster_id":"GROW-058","grow_cell_count":40,"estimated_population_2025":58735.95,"max_opportunity_score":78.78,"mean_opportunity_score":73.98,"market_anchor_name":null,"market_anchor_address":null,"best_h3_cell":"8743a2c86ffffff","nearest_branch_name":"Al Dhafra Branch","nearest_branch_distance_km":56.045,"coverage_gap_pct":100.0,"observed_direct_competitors_within_3km":0,"confidence_score":70,"confidence_level":"MEDIUM","recommendation_explanation":"Strongest signals: coverage gap and population; main constraint: market activity. Internal income, rent, footfall and customer-origin data are unavailable.","recommendation":"GROW","cluster_priority_score":77.34,"priority_tier":"MEDIUM","decision_limitations":"Population and accessibility opportunity signal only. Validate income, rent, footfall, suitable real estate and full competitor inventory before investment."}},{"type":"Feature","id":"GROW-034","geometry":{"type":"Point","coordinates":[55.207829,25.166809]},"properties":{"growth_rank":50,"cluster_id":"GROW-034","grow_cell_count":2,"estimated_population_2025":18818.78,"max_opportunity_score":78.06,"mean_opportunity_score":75.55,"market_anchor_name":"Yinyang Connection Spa","market_anchor_address":"Shop No 8 & 9 Al Ferdous 4 - Al Wasl Rd - Al Safa First - Dubai","best_h3_cell":"8743a1362ffffff","nearest_branch_name":"City Walk","nearest_branch_distance_km":6.242,"coverage_gap_pct":80.72,"observed_direct_competitors_within_3km":29,"confidence_score":70,"confidence_level":"MEDIUM","recommendation_explanation":"Strongest signals: market activity and population; main constraint: competition headroom. Internal income, rent, footfall and customer-origin data are unavailable.","recommendation":"GROW","cluster_priority_score":77.31,"priority_tier":"MEDIUM","decision_limitations":"Population and accessibility opportunity signal only. Validate income, rent, footfall, suitable real estate and full competitor inventory before investment."}},{"type":"Feature","id":"GROW-132","geometry":{"type":"Point","coordinates":[55.735334,25.210831]},"properties":{"growth_rank":51,"cluster_id":"GROW-132","grow_cell_count":3,"estimated_population_2025":5665.17,"max_opportunity_score":78.22,"mean_opportunity_score":74.89,"market_anchor_name":null,"market_anchor_address":null,"best_h3_cell":"8743ac55bffffff","nearest_branch_name":"Al Jada","nearest_branch_distance_km":29.297,"coverage_gap_pct":100.0,"observed_direct_competitors_within_3km":0,"confidence_score":70,"confidence_level":"MEDIUM","recommendation_explanation":"Strongest signals: coverage gap and population; main constraint: market activity. Internal income, rent, footfall and customer-origin data are unavailable.","recommendation":"GROW","cluster_priority_score":77.22,"priority_tier":"MEDIUM","decision_limitations":"Population and accessibility opportunity signal only. Validate income, rent, footfall, suitable real estate and full competitor inventory before investment."}},{"type":"Feature","id":"GROW-071","geometry":{"type":"Point","coordinates":[55.607304,24.112893]},"properties":{"growth_rank":52,"cluster_id":"GROW-071","grow_cell_count":1,"estimated_population_2025":2292.3,"max_opportunity_score":76.93,"mean_opportunity_score":76.93,"market_anchor_name":null,"market_anchor_address":null,"best_h3_cell":"8743a3241ffffff","nearest_branch_name":"Al Ain","nearest_branch_distance_km":13.735,"coverage_gap_pct":100.0,"observed_direct_competitors_within_3km":0,"confidence_score":70,"confidence_level":"MEDIUM","recommendation_explanation":"Strongest signals: coverage gap and population; main constraint: market activity. Internal income, rent, footfall and customer-origin data are unavailable.","recommendation":"GROW","cluster_priority_score":76.93,"priority_tier":"MEDIUM","decision_limitations":"Population and accessibility opportunity signal only. Validate income, rent, footfall, suitable real estate and full competitor inventory before investment."}},{"type":"Feature","id":"GROW-032","geometry":{"type":"Point","coordinates":[55.16871,25.074443]},"properties":{"growth_rank":53,"cluster_id":"GROW-032","grow_cell_count":1,"estimated_population_2025":20639.34,"max_opportunity_score":76.71,"mean_opportunity_score":76.71,"market_anchor_name":"Naumi Hotel Dubai","market_anchor_address":"Al Khareef 1st Street - شارع الشيخ زايد - الثنيه الأولى - Barsha Heights - دبي","best_h3_cell":"8743a130effffff","nearest_branch_name":"Jumeirah Park","nearest_branch_distance_km":3.934,"coverage_gap_pct":74.16,"observed_direct_competitors_within_3km":48,"confidence_score":70,"confidence_level":"MEDIUM","recommendation_explanation":"Strongest signals: market activity and population; main constraint: competition headroom. Internal income, rent, footfall and customer-origin data are unavailable.","recommendation":"GROW","cluster_priority_score":76.71,"priority_tier":"MEDIUM","decision_limitations":"Population and accessibility opportunity signal only. Validate income, rent, footfall, suitable real estate and full competitor inventory before investment."}},{"type":"Feature","id":"GROW-014","geometry":{"type":"Point","coordinates":[54.426651,24.156686]},"properties":{"growth_rank":54,"cluster_id":"GROW-014","grow_cell_count":1,"estimated_population_2025":2194.75,"max_opportunity_score":76.69,"mean_opportunity_score":76.69,"market_anchor_name":null,"market_anchor_address":null,"best_h3_cell":"8743a0646ffffff","nearest_branch_name":"Mohammed Bin Zayed City","nearest_branch_distance_km":26.05,"coverage_gap_pct":100.0,"observed_direct_competitors_within_3km":0,"confidence_score":70,"confidence_level":"MEDIUM","recommendation_explanation":"Strongest signals: coverage gap and population; main constraint: market activity. Internal income, rent, footfall and customer-origin data are unavailable.","recommendation":"GROW","cluster_priority_score":76.69,"priority_tier":"MEDIUM","decision_limitations":"Population and accessibility opportunity signal only. Validate income, rent, footfall, suitable real estate and full competitor inventory before investment."}},{"type":"Feature","id":"GROW-154","geometry":{"type":"Point","coordinates":[56.15889,24.942412]},"properties":{"growth_rank":55,"cluster_id":"GROW-154","grow_cell_count":3,"estimated_population_2025":5393.53,"max_opportunity_score":77.23,"mean_opportunity_score":75.41,"market_anchor_name":null,"market_anchor_address":null,"best_h3_cell":"8743aea45ffffff","nearest_branch_name":"Al Taif Mall","nearest_branch_distance_km":25.892,"coverage_gap_pct":100.0,"observed_direct_competitors_within_3km":0,"confidence_score":70,"confidence_level":"MEDIUM","recommendation_explanation":"Strongest signals: coverage gap and population; main constraint: market activity. Internal income, rent, footfall and customer-origin data are unavailable.","recommendation":"GROW","cluster_priority_score":76.68,"priority_tier":"MEDIUM","decision_limitations":"Population and accessibility opportunity signal only. Validate income, rent, footfall, suitable real estate and full competitor inventory before investment."}},{"type":"Feature","id":"GROW-104","geometry":{"type":"Point","coordinates":[52.639428,24.172032]},"properties":{"growth_rank":56,"cluster_id":"GROW-104","grow_cell_count":1,"estimated_population_2025":2192.7,"max_opportunity_score":76.68,"mean_opportunity_score":76.68,"market_anchor_name":null,"market_anchor_address":null,"best_h3_cell":"8743a692dffffff","nearest_branch_name":"Al Dhafra Branch","nearest_branch_distance_km":124.879,"coverage_gap_pct":100.0,"observed_direct_competitors_within_3km":0,"confidence_score":70,"confidence_level":"MEDIUM","recommendation_explanation":"Strongest signals: coverage gap and population; main constraint: market activity. Internal income, rent, footfall and customer-origin data are unavailable.","recommendation":"GROW","cluster_priority_score":76.68,"priority_tier":"MEDIUM","decision_limitations":"Population and accessibility opportunity signal only. Validate income, rent, footfall, suitable real estate and full competitor inventory before investment."}},{"type":"Feature","id":"GROW-039","geometry":{"type":"Point","coordinates":[54.663981,24.439699]},"properties":{"growth_rank":57,"cluster_id":"GROW-039","grow_cell_count":4,"estimated_population_2025":11887.45,"max_opportunity_score":77.26,"mean_opportunity_score":75.18,"market_anchor_name":"Chiang Mai Traditional Thai Massage","market_anchor_address":"Al Matar - Zayed International Airport - Abu Dhabi","best_h3_cell":"8743a1590ffffff","nearest_branch_name":"Zayed International Airport","nearest_branch_distance_km":4.469,"coverage_gap_pct":72.84,"observed_direct_competitors_within_3km":0,"confidence_score":70,"confidence_level":"MEDIUM","recommendation_explanation":"Strongest signals: market activity and population; main constraint: competition headroom. Internal income, rent, footfall and customer-origin data are unavailable.","recommendation":"GROW","cluster_priority_score":76.64,"priority_tier":"MEDIUM","decision_limitations":"Population and accessibility opportunity signal only. Validate income, rent, footfall, suitable real estate and full competitor inventory before investment."}},{"type":"Feature","id":"GROW-098","geometry":{"type":"Point","coordinates":[53.302596,23.547919]},"properties":{"growth_rank":58,"cluster_id":"GROW-098","grow_cell_count":2,"estimated_population_2025":3890.88,"max_opportunity_score":76.89,"mean_opportunity_score":76.0,"market_anchor_name":null,"market_anchor_address":null,"best_h3_cell":"8743a6711ffffff","nearest_branch_name":"Al Dhafra Branch","nearest_branch_distance_km":42.04,"coverage_gap_pct":100.0,"observed_direct_competitors_within_3km":0,"confidence_score":70,"confidence_level":"MEDIUM","recommendation_explanation":"Strongest signals: coverage gap and population; main constraint: market activity. Internal income, rent, footfall and customer-origin data are unavailable.","recommendation":"GROW","cluster_priority_score":76.62,"priority_tier":"MEDIUM","decision_limitations":"Population and accessibility opportunity signal only. Validate income, rent, footfall, suitable real estate and full competitor inventory before investment."}},{"type":"Feature","id":"GROW-140","geometry":{"type":"Point","coordinates":[55.964318,25.116096]},"properties":{"growth_rank":59,"cluster_id":"GROW-140","grow_cell_count":1,"estimated_population_2025":2152.3,"max_opportunity_score":76.61,"mean_opportunity_score":76.61,"market_anchor_name":null,"market_anchor_address":null,"best_h3_cell":"8743ac786ffffff","nearest_branch_name":"Al Taif Mall","nearest_branch_distance_km":36.352,"coverage_gap_pct":100.0,"observed_direct_competitors_within_3km":0,"confidence_score":70,"confidence_level":"MEDIUM","recommendation_explanation":"Strongest signals: coverage gap and population; main constraint: market activity. Internal income, rent, footfall and customer-origin data are unavailable.","recommendation":"GROW","cluster_priority_score":76.61,"priority_tier":"MEDIUM","decision_limitations":"Population and accessibility opportunity signal only. Validate income, rent, footfall, suitable real estate and full competitor inventory before investment."}},{"type":"Feature","id":"GROW-121","geometry":{"type":"Point","coordinates":[56.20549,25.55709]},"properties":{"growth_rank":60,"cluster_id":"GROW-121","grow_cell_count":3,"estimated_population_2025":5067.76,"max_opportunity_score":77.37,"mean_opportunity_score":74.77,"market_anchor_name":null,"market_anchor_address":null,"best_h3_cell":"8743ac202ffffff","nearest_branch_name":"Ras Al Khaimah","nearest_branch_distance_km":35.67,"coverage_gap_pct":100.0,"observed_direct_competitors_within_3km":0,"confidence_score":70,"confidence_level":"MEDIUM","recommendation_explanation":"Strongest signals: coverage gap and population; main constraint: market activity. Internal income, rent, footfall and customer-origin data are unavailable.","recommendation":"GROW","cluster_priority_score":76.59,"priority_tier":"MEDIUM","decision_limitations":"Population and accessibility opportunity signal only. Validate income, rent, footfall, suitable real estate and full competitor inventory before investment."}},{"type":"Feature","id":"GROW-079","geometry":{"type":"Point","coordinates":[55.552954,23.631344]},"properties":{"growth_rank":61,"cluster_id":"GROW-079","grow_cell_count":7,"estimated_population_2025":9709.08,"max_opportunity_score":78.06,"mean_opportunity_score":72.93,"market_anchor_name":null,"market_anchor_address":null,"best_h3_cell":"8743a36eaffffff","nearest_branch_name":"Al Ain","nearest_branch_distance_km":66.768,"coverage_gap_pct":100.0,"observed_direct_competitors_within_3km":0,"confidence_score":70,"confidence_level":"MEDIUM","recommendation_explanation":"Strongest signals: coverage gap and population; main constraint: market activity. Internal income, rent, footfall and customer-origin data are unavailable.","recommendation":"GROW","cluster_priority_score":76.52,"priority_tier":"MEDIUM","decision_limitations":"Population and accessibility opportunity signal only. Validate income, rent, footfall, suitable real estate and full competitor inventory before investment."}},{"type":"Feature","id":"GROW-123","geometry":{"type":"Point","coordinates":[56.186181,25.472331]},"properties":{"growth_rank":62,"cluster_id":"GROW-123","grow_cell_count":3,"estimated_population_2025":5613.02,"max_opportunity_score":76.82,"mean_opportunity_score":75.69,"market_anchor_name":null,"market_anchor_address":null,"best_h3_cell":"8743ac2a1ffffff","nearest_branch_name":"Ras Al Khaimah","nearest_branch_distance_km":40.591,"coverage_gap_pct":100.0,"observed_direct_competitors_within_3km":0,"confidence_score":70,"confidence_level":"MEDIUM","recommendation_explanation":"Strongest signals: coverage gap and population; main constraint: market activity. Internal income, rent, footfall and customer-origin data are unavailable.","recommendation":"GROW","cluster_priority_score":76.48,"priority_tier":"MEDIUM","decision_limitations":"Population and accessibility opportunity signal only. Validate income, rent, footfall, suitable real estate and full competitor inventory before investment."}},{"type":"Feature","id":"GROW-021","geometry":{"type":"Point","coordinates":[54.906307,24.864646]},"properties":{"growth_rank":63,"cluster_id":"GROW-021","grow_cell_count":2,"estimated_population_2025":3430.4,"max_opportunity_score":77.17,"mean_opportunity_score":74.56,"market_anchor_name":null,"market_anchor_address":null,"best_h3_cell":"8743a101effffff","nearest_branch_name":"Jumeirah Park","nearest_branch_distance_km":33.244,"coverage_gap_pct":100.0,"observed_direct_competitors_within_3km":0,"confidence_score":70,"confidence_level":"MEDIUM","recommendation_explanation":"Strongest signals: coverage gap and population; main constraint: market activity. Internal income, rent, footfall and customer-origin data are unavailable.","recommendation":"GROW","cluster_priority_score":76.39,"priority_tier":"MEDIUM","decision_limitations":"Population and accessibility opportunity signal only. Validate income, rent, footfall, suitable real estate and full competitor inventory before investment."}},{"type":"Feature","id":"GROW-141","geometry":{"type":"Point","coordinates":[55.949156,25.084264]},"properties":{"growth_rank":64,"cluster_id":"GROW-141","grow_cell_count":1,"estimated_population_2025":2029.63,"max_opportunity_score":76.33,"mean_opportunity_score":76.33,"market_anchor_name":null,"market_anchor_address":null,"best_h3_cell":"8743ac794ffffff","nearest_branch_name":"Al Taif Mall","nearest_branch_distance_km":38.091,"coverage_gap_pct":100.0,"observed_direct_competitors_within_3km":0,"confidence_score":70,"confidence_level":"MEDIUM","recommendation_explanation":"Strongest signals: coverage gap and population; main constraint: market activity. Internal income, rent, footfall and customer-origin data are unavailable.","recommendation":"GROW","cluster_priority_score":76.33,"priority_tier":"MEDIUM","decision_limitations":"Population and accessibility opportunity signal only. Validate income, rent, footfall, suitable real estate and full competitor inventory before investment."}},{"type":"Feature","id":"GROW-166","geometry":{"type":"Point","coordinates":[51.621471,24.134432]},"properties":{"growth_rank":65,"cluster_id":"GROW-166","grow_cell_count":1,"estimated_population_2025":1976.05,"max_opportunity_score":76.17,"mean_opportunity_score":76.17,"market_anchor_name":null,"market_anchor_address":null,"best_h3_cell":"87534c269ffffff","nearest_branch_name":"Al Dhafra Branch","nearest_branch_distance_km":220.092,"coverage_gap_pct":100.0,"observed_direct_competitors_within_3km":0,"confidence_score":70,"confidence_level":"MEDIUM","recommendation_explanation":"Strongest signals: coverage gap and population; main constraint: market activity. Internal income, rent, footfall and customer-origin data are unavailable.","recommendation":"GROW","cluster_priority_score":76.17,"priority_tier":"MEDIUM","decision_limitations":"Population and accessibility opportunity signal only. Validate income, rent, footfall, suitable real estate and full competitor inventory before investment."}},{"type":"Feature","id":"GROW-169","geometry":{"type":"Point","coordinates":[52.241654,23.969773]},"properties":{"growth_rank":66,"cluster_id":"GROW-169","grow_cell_count":3,"estimated_population_2025":5358.97,"max_opportunity_score":76.12,"mean_opportunity_score":75.64,"market_anchor_name":null,"market_anchor_address":null,"best_h3_cell":"87534d3a2ffffff","nearest_branch_name":"Al Dhafra Branch","nearest_branch_distance_km":153.192,"coverage_gap_pct":100.0,"observed_direct_competitors_within_3km":0,"confidence_score":70,"confidence_level":"MEDIUM","recommendation_explanation":"Strongest signals: coverage gap and population; main constraint: market activity. Internal income, rent, footfall and customer-origin data are unavailable.","recommendation":"GROW","cluster_priority_score":75.98,"priority_tier":"MEDIUM","decision_limitations":"Population and accessibility opportunity signal only. Validate income, rent, footfall, suitable real estate and full competitor inventory before investment."}},{"type":"Feature","id":"GROW-013","geometry":{"type":"Point","coordinates":[54.323054,24.068546]},"properties":{"growth_rank":67,"cluster_id":"GROW-013","grow_cell_count":1,"estimated_population_2025":1897.13,"max_opportunity_score":75.97,"mean_opportunity_score":75.97,"market_anchor_name":null,"market_anchor_address":null,"best_h3_cell":"8743a0602ffffff","nearest_branch_name":"Mohammed Bin Zayed City","nearest_branch_distance_km":39.816,"coverage_gap_pct":100.0,"observed_direct_competitors_within_3km":0,"confidence_score":70,"confidence_level":"MEDIUM","recommendation_explanation":"Strongest signals: coverage gap and population; main constraint: market activity. Internal income, rent, footfall and customer-origin data are unavailable.","recommendation":"GROW","cluster_priority_score":75.97,"priority_tier":"MEDIUM","decision_limitations":"Population and accessibility opportunity signal only. Validate income, rent, footfall, suitable real estate and full competitor inventory before investment."}},{"type":"Feature","id":"GROW-100","geometry":{"type":"Point","coordinates":[52.957127,24.087022]},"properties":{"growth_rank":68,"cluster_id":"GROW-100","grow_cell_count":1,"estimated_population_2025":1877.6,"max_opportunity_score":75.93,"mean_opportunity_score":75.93,"market_anchor_name":null,"market_anchor_address":null,"best_h3_cell":"8743a6858ffffff","nearest_branch_name":"Al Dhafra Branch","nearest_branch_distance_km":92.361,"coverage_gap_pct":100.0,"observed_direct_competitors_within_3km":0,"confidence_score":70,"confidence_level":"MEDIUM","recommendation_explanation":"Strongest signals: coverage gap and population; main constraint: market activity. Internal income, rent, footfall and customer-origin data are unavailable.","recommendation":"GROW","cluster_priority_score":75.93,"priority_tier":"MEDIUM","decision_limitations":"Population and accessibility opportunity signal only. Validate income, rent, footfall, suitable real estate and full competitor inventory before investment."}},{"type":"Feature","id":"GROW-110","geometry":{"type":"Point","coordinates":[52.574743,23.788034]},"properties":{"growth_rank":69,"cluster_id":"GROW-110","grow_cell_count":2,"estimated_population_2025":2993.55,"max_opportunity_score":76.77,"mean_opportunity_score":73.39,"market_anchor_name":null,"market_anchor_address":null,"best_h3_cell":"8743a6d2cffffff","nearest_branch_name":"Al Dhafra Branch","nearest_branch_distance_km":117.689,"coverage_gap_pct":100.0,"observed_direct_competitors_within_3km":0,"confidence_score":70,"confidence_level":"MEDIUM","recommendation_explanation":"Strongest signals: coverage gap and population; main constraint: market activity. Internal income, rent, footfall and customer-origin data are unavailable.","recommendation":"GROW","cluster_priority_score":75.76,"priority_tier":"MEDIUM","decision_limitations":"Population and accessibility opportunity signal only. Validate income, rent, footfall, suitable real estate and full competitor inventory before investment."}},{"type":"Feature","id":"GROW-155","geometry":{"type":"Point","coordinates":[56.169102,24.881913]},"properties":{"growth_rank":70,"cluster_id":"GROW-155","grow_cell_count":1,"estimated_population_2025":1819.63,"max_opportunity_score":75.76,"mean_opportunity_score":75.76,"market_anchor_name":null,"market_anchor_address":null,"best_h3_cell":"8743aea51ffffff","nearest_branch_name":"Al Taif Mall","nearest_branch_distance_km":30.828,"coverage_gap_pct":100.0,"observed_direct_competitors_within_3km":0,"confidence_score":70,"confidence_level":"MEDIUM","recommendation_explanation":"Strongest signals: coverage gap and population; main constraint: market activity. Internal income, rent, footfall and customer-origin data are unavailable.","recommendation":"GROW","cluster_priority_score":75.76,"priority_tier":"MEDIUM","decision_limitations":"Population and accessibility opportunity signal only. Validate income, rent, footfall, suitable real estate and full competitor inventory before investment."}},{"type":"Feature","id":"GROW-060","geometry":{"type":"Point","coordinates":[53.812315,23.647005]},"properties":{"growth_rank":71,"cluster_id":"GROW-060","grow_cell_count":2,"estimated_population_2025":3006.43,"max_opportunity_score":76.66,"mean_opportunity_score":73.61,"market_anchor_name":null,"market_anchor_address":null,"best_h3_cell":"8743a2822ffffff","nearest_branch_name":"Al Dhafra Branch","nearest_branch_distance_km":9.692,"coverage_gap_pct":100.0,"observed_direct_competitors_within_3km":0,"confidence_score":70,"confidence_level":"MEDIUM","recommendation_explanation":"Strongest signals: coverage gap and population; main constraint: market activity. Internal income, rent, footfall and customer-origin data are unavailable.","recommendation":"GROW","cluster_priority_score":75.74,"priority_tier":"MEDIUM","decision_limitations":"Population and accessibility opportunity signal only. Validate income, rent, footfall, suitable real estate and full competitor inventory before investment."}},{"type":"Feature","id":"GROW-017","geometry":{"type":"Point","coordinates":[53.776074,24.190571]},"properties":{"growth_rank":72,"cluster_id":"GROW-017","grow_cell_count":1,"estimated_population_2025":1790.16,"max_opportunity_score":75.69,"mean_opportunity_score":75.69,"market_anchor_name":null,"market_anchor_address":null,"best_h3_cell":"8743a0cceffffff","nearest_branch_name":"Al Dhafra Branch","nearest_branch_distance_km":62.866,"coverage_gap_pct":100.0,"observed_direct_competitors_within_3km":0,"confidence_score":70,"confidence_level":"MEDIUM","recommendation_explanation":"Strongest signals: coverage gap and population; main constraint: market activity. Internal income, rent, footfall and customer-origin data are unavailable.","recommendation":"GROW","cluster_priority_score":75.69,"priority_tier":"MEDIUM","decision_limitations":"Population and accessibility opportunity signal only. Validate income, rent, footfall, suitable real estate and full competitor inventory before investment."}},{"type":"Feature","id":"GROW-085","geometry":{"type":"Point","coordinates":[54.877463,24.313386]},"properties":{"growth_rank":73,"cluster_id":"GROW-085","grow_cell_count":5,"estimated_population_2025":6365.2,"max_opportunity_score":76.51,"mean_opportunity_score":73.05,"market_anchor_name":null,"market_anchor_address":null,"best_h3_cell":"8743a386bffffff","nearest_branch_name":"Al Falah","nearest_branch_distance_km":20.701,"coverage_gap_pct":100.0,"observed_direct_competitors_within_3km":0,"confidence_score":70,"confidence_level":"MEDIUM","recommendation_explanation":"Strongest signals: coverage gap and population; main constraint: market activity. Internal income, rent, footfall and customer-origin data are unavailable.","recommendation":"GROW","cluster_priority_score":75.47,"priority_tier":"MEDIUM","decision_limitations":"Population and accessibility opportunity signal only. Validate income, rent, footfall, suitable real estate and full competitor inventory before investment."}},{"type":"Feature","id":"GROW-133","geometry":{"type":"Point","coordinates":[55.687295,25.283927]},"properties":{"growth_rank":74,"cluster_id":"GROW-133","grow_cell_count":1,"estimated_population_2025":1710.06,"max_opportunity_score":75.4,"mean_opportunity_score":75.4,"market_anchor_name":null,"market_anchor_address":null,"best_h3_cell":"8743ac56affffff","nearest_branch_name":"Al Jada","nearest_branch_distance_km":21.214,"coverage_gap_pct":100.0,"observed_direct_competitors_within_3km":0,"confidence_score":70,"confidence_level":"MEDIUM","recommendation_explanation":"Strongest signals: coverage gap and population; main constraint: market activity. Internal income, rent, footfall and customer-origin data are unavailable.","recommendation":"GROW","cluster_priority_score":75.4,"priority_tier":"MEDIUM","decision_limitations":"Population and accessibility opportunity signal only. Validate income, rent, footfall, suitable real estate and full competitor inventory before investment."}},{"type":"Feature","id":"GROW-159","geometry":{"type":"Point","coordinates":[55.6134,24.278338]},"properties":{"growth_rank":75,"cluster_id":"GROW-159","grow_cell_count":2,"estimated_population_2025":3340.22,"max_opportunity_score":76.17,"mean_opportunity_score":73.58,"market_anchor_name":null,"market_anchor_address":null,"best_h3_cell":"8743aec8dffffff","nearest_branch_name":"Al Ain","nearest_branch_distance_km":6.881,"coverage_gap_pct":96.37,"observed_direct_competitors_within_3km":0,"confidence_score":70,"confidence_level":"MEDIUM","recommendation_explanation":"Strongest signals: coverage gap and population; main constraint: market activity. Internal income, rent, footfall and customer-origin data are unavailable.","recommendation":"GROW","cluster_priority_score":75.39,"priority_tier":"MEDIUM","decision_limitations":"Population and accessibility opportunity signal only. Validate income, rent, footfall, suitable real estate and full competitor inventory before investment."}},{"type":"Feature","id":"GROW-120","geometry":{"type":"Point","coordinates":[55.705871,25.612752]},"properties":{"growth_rank":76,"cluster_id":"GROW-120","grow_cell_count":2,"estimated_population_2025":2812.79,"max_opportunity_score":76.07,"mean_opportunity_score":73.57,"market_anchor_name":null,"market_anchor_address":null,"best_h3_cell":"8743ac171ffffff","nearest_branch_name":"Ras Al Khaimah","nearest_branch_distance_km":25.71,"coverage_gap_pct":100.0,"observed_direct_competitors_within_3km":0,"confidence_score":70,"confidence_level":"MEDIUM","recommendation_explanation":"Strongest signals: coverage gap and population; main constraint: market activity. Internal income, rent, footfall and customer-origin data are unavailable.","recommendation":"GROW","cluster_priority_score":75.32,"priority_tier":"MEDIUM","decision_limitations":"Population and accessibility opportunity signal only. Validate income, rent, footfall, suitable real estate and full competitor inventory before investment."}},{"type":"Feature","id":"GROW-056","geometry":{"type":"Point","coordinates":[54.214398,22.999251]},"properties":{"growth_rank":77,"cluster_id":"GROW-056","grow_cell_count":1,"estimated_population_2025":1638.51,"max_opportunity_score":75.21,"mean_opportunity_score":75.21,"market_anchor_name":null,"market_anchor_address":null,"best_h3_cell":"8743a24e0ffffff","nearest_branch_name":"Al Dhafra Branch","nearest_branch_distance_km":86.594,"coverage_gap_pct":100.0,"observed_direct_competitors_within_3km":0,"confidence_score":70,"confidence_level":"MEDIUM","recommendation_explanation":"Strongest signals: coverage gap and population; main constraint: market activity. Internal income, rent, footfall and customer-origin data are unavailable.","recommendation":"GROW","cluster_priority_score":75.21,"priority_tier":"MEDIUM","decision_limitations":"Population and accessibility opportunity signal only. Validate income, rent, footfall, suitable real estate and full competitor inventory before investment."}},{"type":"Feature","id":"GROW-040","geometry":{"type":"Point","coordinates":[55.171531,24.679303]},"properties":{"growth_rank":78,"cluster_id":"GROW-040","grow_cell_count":2,"estimated_population_2025":2908.22,"max_opportunity_score":75.49,"mean_opportunity_score":74.23,"market_anchor_name":null,"market_anchor_address":null,"best_h3_cell":"8743a1623ffffff","nearest_branch_name":"Jumeirah Park","nearest_branch_distance_km":40.434,"coverage_gap_pct":100.0,"observed_direct_competitors_within_3km":0,"confidence_score":70,"confidence_level":"MEDIUM","recommendation_explanation":"Strongest signals: coverage gap and population; main constraint: market activity. Internal income, rent, footfall and customer-origin data are unavailable.","recommendation":"GROW","cluster_priority_score":75.11,"priority_tier":"MEDIUM","decision_limitations":"Population and accessibility opportunity signal only. Validate income, rent, footfall, suitable real estate and full competitor inventory before investment."}},{"type":"Feature","id":"GROW-163","geometry":{"type":"Point","coordinates":[55.421426,24.287786]},"properties":{"growth_rank":79,"cluster_id":"GROW-163","grow_cell_count":2,"estimated_population_2025":2818.67,"max_opportunity_score":75.55,"mean_opportunity_score":73.93,"market_anchor_name":null,"market_anchor_address":null,"best_h3_cell":"8743aed82ffffff","nearest_branch_name":"Al Ain","nearest_branch_distance_km":25.673,"coverage_gap_pct":100.0,"observed_direct_competitors_within_3km":0,"confidence_score":70,"confidence_level":"MEDIUM","recommendation_explanation":"Strongest signals: coverage gap and population; main constraint: market activity. Internal income, rent, footfall and customer-origin data are unavailable.","recommendation":"GROW","cluster_priority_score":75.06,"priority_tier":"MEDIUM","decision_limitations":"Population and accessibility opportunity signal only. Validate income, rent, footfall, suitable real estate and full competitor inventory before investment."}},{"type":"Feature","id":"GROW-076","geometry":{"type":"Point","coordinates":[55.393703,23.897948]},"properties":{"growth_rank":80,"cluster_id":"GROW-076","grow_cell_count":5,"estimated_population_2025":5698.12,"max_opportunity_score":76.02,"mean_opportunity_score":72.31,"market_anchor_name":null,"market_anchor_address":null,"best_h3_cell":"8743a32b4ffffff","nearest_branch_name":"Al Ain","nearest_branch_distance_km":46.556,"coverage_gap_pct":100.0,"observed_direct_competitors_within_3km":0,"confidence_score":70,"confidence_level":"MEDIUM","recommendation_explanation":"Strongest signals: coverage gap and population; main constraint: market activity. Internal income, rent, footfall and customer-origin data are unavailable.","recommendation":"GROW","cluster_priority_score":74.91,"priority_tier":"EMERGING","decision_limitations":"Population and accessibility opportunity signal only. Validate income, rent, footfall, suitable real estate and full competitor inventory before investment."}},{"type":"Feature","id":"GROW-008","geometry":{"type":"Point","coordinates":[54.306336,24.462445]},"properties":{"growth_rank":81,"cluster_id":"GROW-008","grow_cell_count":1,"estimated_population_2025":4983.63,"max_opportunity_score":74.88,"mean_opportunity_score":74.88,"market_anchor_name":"InterContinental Abu Dhabi by IHG","market_anchor_address":"King Abdullah Bin Abdulaziz Al Saud St - Al Bateen - W33 - Abu Dhabi","best_h3_cell":"8743a031bffffff","nearest_branch_name":"Khaleej Al Arabi","nearest_branch_distance_km":4.818,"coverage_gap_pct":79.96,"observed_direct_competitors_within_3km":17,"confidence_score":70,"confidence_level":"MEDIUM","recommendation_explanation":"Strongest signals: market activity and population; main constraint: competition headroom. Internal income, rent, footfall and customer-origin data are unavailable.","recommendation":"GROW","cluster_priority_score":74.88,"priority_tier":"EMERGING","decision_limitations":"Population and accessibility opportunity signal only. Validate income, rent, footfall, suitable real estate and full competitor inventory before investment."}},{"type":"Feature","id":"GROW-158","geometry":{"type":"Point","coordinates":[56.201453,24.81202]},"properties":{"growth_rank":82,"cluster_id":"GROW-158","grow_cell_count":1,"estimated_population_2025":1537.39,"max_opportunity_score":74.81,"mean_opportunity_score":74.81,"market_anchor_name":null,"market_anchor_address":null,"best_h3_cell":"8743aeaeaffffff","nearest_branch_name":"Al Taif Mall","nearest_branch_distance_km":36.479,"coverage_gap_pct":100.0,"observed_direct_competitors_within_3km":0,"confidence_score":70,"confidence_level":"MEDIUM","recommendation_explanation":"Strongest signals: coverage gap and population; main constraint: market activity. Internal income, rent, footfall and customer-origin data are unavailable.","recommendation":"GROW","cluster_priority_score":74.81,"priority_tier":"EMERGING","decision_limitations":"Population and accessibility opportunity signal only. Validate income, rent, footfall, suitable real estate and full competitor inventory before investment."}},{"type":"Feature","id":"GROW-142","geometry":{"type":"Point","coordinates":[56.023428,25.097304]},"properties":{"growth_rank":83,"cluster_id":"GROW-142","grow_cell_count":3,"estimated_population_2025":3805.57,"max_opportunity_score":75.36,"mean_opportunity_score":73.28,"market_anchor_name":null,"market_anchor_address":null,"best_h3_cell":"8743ac798ffffff","nearest_branch_name":"Al Taif Mall","nearest_branch_distance_km":29.855,"coverage_gap_pct":100.0,"observed_direct_competitors_within_3km":0,"confidence_score":70,"confidence_level":"MEDIUM","recommendation_explanation":"Strongest signals: coverage gap and population; main constraint: market activity. Internal income, rent, footfall and customer-origin data are unavailable.","recommendation":"GROW","cluster_priority_score":74.74,"priority_tier":"EMERGING","decision_limitations":"Population and accessibility opportunity signal only. Validate income, rent, footfall, suitable real estate and full competitor inventory before investment."}},{"type":"Feature","id":"GROW-135","geometry":{"type":"Point","coordinates":[56.105114,25.169031]},"properties":{"growth_rank":84,"cluster_id":"GROW-135","grow_cell_count":3,"estimated_population_2025":3502.38,"max_opportunity_score":75.74,"mean_opportunity_score":72.42,"market_anchor_name":null,"market_anchor_address":null,"best_h3_cell":"8743ac615ffffff","nearest_branch_name":"Al Taif Mall","nearest_branch_distance_km":23.64,"coverage_gap_pct":100.0,"observed_direct_competitors_within_3km":0,"confidence_score":70,"confidence_level":"MEDIUM","recommendation_explanation":"Strongest signals: coverage gap and population; main constraint: market activity. Internal income, rent, footfall and customer-origin data are unavailable.","recommendation":"GROW","cluster_priority_score":74.74,"priority_tier":"EMERGING","decision_limitations":"Population and accessibility opportunity signal only. Validate income, rent, footfall, suitable real estate and full competitor inventory before investment."}},{"type":"Feature","id":"GROW-062","geometry":{"type":"Point","coordinates":[53.69412,23.711339]},"properties":{"growth_rank":85,"cluster_id":"GROW-062","grow_cell_count":1,"estimated_population_2025":1505.79,"max_opportunity_score":74.7,"mean_opportunity_score":74.7,"market_anchor_name":null,"market_anchor_address":null,"best_h3_cell":"8743a2905ffffff","nearest_branch_name":"Al Dhafra Branch","nearest_branch_distance_km":9.482,"coverage_gap_pct":100.0,"observed_direct_competitors_within_3km":0,"confidence_score":70,"confidence_level":"MEDIUM","recommendation_explanation":"Strongest signals: coverage gap and population; main constraint: market activity. Internal income, rent, footfall and customer-origin data are unavailable.","recommendation":"GROW","cluster_priority_score":74.7,"priority_tier":"EMERGING","decision_limitations":"Population and accessibility opportunity signal only. Validate income, rent, footfall, suitable real estate and full competitor inventory before investment."}},{"type":"Feature","id":"GROW-131","geometry":{"type":"Point","coordinates":[55.789541,25.05362]},"properties":{"growth_rank":86,"cluster_id":"GROW-131","grow_cell_count":1,"estimated_population_2025":1501.32,"max_opportunity_score":74.66,"mean_opportunity_score":74.66,"market_anchor_name":null,"market_anchor_address":null,"best_h3_cell":"8743ac4f5ffffff","nearest_branch_name":"Mirdif 35","nearest_branch_distance_km":41.025,"coverage_gap_pct":100.0,"observed_direct_competitors_within_3km":0,"confidence_score":70,"confidence_level":"MEDIUM","recommendation_explanation":"Strongest signals: coverage gap and population; main constraint: market activity. Internal income, rent, footfall and customer-origin data are unavailable.","recommendation":"GROW","cluster_priority_score":74.66,"priority_tier":"EMERGING","decision_limitations":"Population and accessibility opportunity signal only. Validate income, rent, footfall, suitable real estate and full competitor inventory before investment."}},{"type":"Feature","id":"GROW-148","geometry":{"type":"Point","coordinates":[55.682887,24.643329]},"properties":{"growth_rank":87,"cluster_id":"GROW-148","grow_cell_count":6,"estimated_population_2025":7633.09,"max_opportunity_score":75.09,"mean_opportunity_score":73.47,"market_anchor_name":null,"market_anchor_address":null,"best_h3_cell":"8743ae88dffffff","nearest_branch_name":"Al Ain","nearest_branch_distance_km":45.871,"coverage_gap_pct":100.0,"observed_direct_competitors_within_3km":0,"confidence_score":70,"confidence_level":"MEDIUM","recommendation_explanation":"Strongest signals: coverage gap and population; main constraint: market activity. Internal income, rent, footfall and customer-origin data are unavailable.","recommendation":"GROW","cluster_priority_score":74.6,"priority_tier":"EMERGING","decision_limitations":"Population and accessibility opportunity signal only. Validate income, rent, footfall, suitable real estate and full competitor inventory before investment."}},{"type":"Feature","id":"GROW-011","geometry":{"type":"Point","coordinates":[53.840776,23.872723]},"properties":{"growth_rank":88,"cluster_id":"GROW-011","grow_cell_count":1,"estimated_population_2025":1487.56,"max_opportunity_score":74.59,"mean_opportunity_score":74.59,"market_anchor_name":null,"market_anchor_address":null,"best_h3_cell":"8743a0598ffffff","nearest_branch_name":"Al Dhafra Branch","nearest_branch_distance_km":30.106,"coverage_gap_pct":100.0,"observed_direct_competitors_within_3km":0,"confidence_score":70,"confidence_level":"MEDIUM","recommendation_explanation":"Strongest signals: coverage gap and population; main constraint: market activity. Internal income, rent, footfall and customer-origin data are unavailable.","recommendation":"GROW","cluster_priority_score":74.59,"priority_tier":"EMERGING","decision_limitations":"Population and accessibility opportunity signal only. Validate income, rent, footfall, suitable real estate and full competitor inventory before investment."}},{"type":"Feature","id":"GROW-168","geometry":{"type":"Point","coordinates":[52.438304,24.049245]},"properties":{"growth_rank":89,"cluster_id":"GROW-168","grow_cell_count":3,"estimated_population_2025":3391.5,"max_opportunity_score":75.5,"mean_opportunity_score":72.23,"market_anchor_name":null,"market_anchor_address":null,"best_h3_cell":"87534d376ffffff","nearest_branch_name":"Al Dhafra Branch","nearest_branch_distance_km":136.412,"coverage_gap_pct":100.0,"observed_direct_competitors_within_3km":0,"confidence_score":70,"confidence_level":"MEDIUM","recommendation_explanation":"Strongest signals: coverage gap and population; main constraint: market activity. Internal income, rent, footfall and customer-origin data are unavailable.","recommendation":"GROW","cluster_priority_score":74.52,"priority_tier":"EMERGING","decision_limitations":"Population and accessibility opportunity signal only. Validate income, rent, footfall, suitable real estate and full competitor inventory before investment."}},{"type":"Feature","id":"GROW-150","geometry":{"type":"Point","coordinates":[55.612942,24.899536]},"properties":{"growth_rank":90,"cluster_id":"GROW-150","grow_cell_count":3,"estimated_population_2025":3708.09,"max_opportunity_score":74.94,"mean_opportunity_score":73.18,"market_anchor_name":null,"market_anchor_address":null,"best_h3_cell":"8743ae941ffffff","nearest_branch_name":"Nad Al Sheba","nearest_branch_distance_km":37.881,"coverage_gap_pct":100.0,"observed_direct_competitors_within_3km":0,"confidence_score":70,"confidence_level":"MEDIUM","recommendation_explanation":"Strongest signals: coverage gap and population; main constraint: market activity. Internal income, rent, footfall and customer-origin data are unavailable.","recommendation":"GROW","cluster_priority_score":74.41,"priority_tier":"EMERGING","decision_limitations":"Population and accessibility opportunity signal only. Validate income, rent, footfall, suitable real estate and full competitor inventory before investment."}},{"type":"Feature","id":"GROW-164","geometry":{"type":"Point","coordinates":[53.762346,23.087359]},"properties":{"growth_rank":91,"cluster_id":"GROW-164","grow_cell_count":1,"estimated_population_2025":1440.14,"max_opportunity_score":74.41,"mean_opportunity_score":74.41,"market_anchor_name":null,"market_anchor_address":null,"best_h3_cell":"8743b5349ffffff","nearest_branch_name":"Al Dhafra Branch","nearest_branch_distance_km":60.324,"coverage_gap_pct":100.0,"observed_direct_competitors_within_3km":0,"confidence_score":70,"confidence_level":"MEDIUM","recommendation_explanation":"Strongest signals: coverage gap and population; main constraint: market activity. Internal income, rent, footfall and customer-origin data are unavailable.","recommendation":"GROW","cluster_priority_score":74.41,"priority_tier":"EMERGING","decision_limitations":"Population and accessibility opportunity signal only. Validate income, rent, footfall, suitable real estate and full competitor inventory before investment."}},{"type":"Feature","id":"GROW-053","geometry":{"type":"Point","coordinates":[54.089837,23.060082]},"properties":{"growth_rank":92,"cluster_id":"GROW-053","grow_cell_count":4,"estimated_population_2025":4518.1,"max_opportunity_score":75.18,"mean_opportunity_score":72.51,"market_anchor_name":null,"market_anchor_address":null,"best_h3_cell":"8743a2420ffffff","nearest_branch_name":"Al Dhafra Branch","nearest_branch_distance_km":72.713,"coverage_gap_pct":100.0,"observed_direct_competitors_within_3km":0,"confidence_score":70,"confidence_level":"MEDIUM","recommendation_explanation":"Strongest signals: coverage gap and population; main constraint: market activity. Internal income, rent, footfall and customer-origin data are unavailable.","recommendation":"GROW","cluster_priority_score":74.38,"priority_tier":"EMERGING","decision_limitations":"Population and accessibility opportunity signal only. Validate income, rent, footfall, suitable real estate and full competitor inventory before investment."}},{"type":"Feature","id":"GROW-036","geometry":{"type":"Point","coordinates":[54.869293,24.413528]},"properties":{"growth_rank":93,"cluster_id":"GROW-036","grow_cell_count":2,"estimated_population_2025":2387.41,"max_opportunity_score":75.15,"mean_opportunity_score":72.59,"market_anchor_name":null,"market_anchor_address":null,"best_h3_cell":"8743a148effffff","nearest_branch_name":"Al Falah","nearest_branch_distance_km":13.062,"coverage_gap_pct":100.0,"observed_direct_competitors_within_3km":0,"confidence_score":70,"confidence_level":"MEDIUM","recommendation_explanation":"Strongest signals: coverage gap and population; main constraint: market activity. Internal income, rent, footfall and customer-origin data are unavailable.","recommendation":"GROW","cluster_priority_score":74.38,"priority_tier":"EMERGING","decision_limitations":"Population and accessibility opportunity signal only. Validate income, rent, footfall, suitable real estate and full competitor inventory before investment."}},{"type":"Feature","id":"GROW-143","geometry":{"type":"Point","coordinates":[56.013395,25.191285]},"properties":{"growth_rank":94,"cluster_id":"GROW-143","grow_cell_count":1,"estimated_population_2025":1416.26,"max_opportunity_score":74.33,"mean_opportunity_score":74.33,"market_anchor_name":null,"market_anchor_address":null,"best_h3_cell":"8743ac7a9ffffff","nearest_branch_name":"Al Taif Mall","nearest_branch_distance_km":32.376,"coverage_gap_pct":100.0,"observed_direct_competitors_within_3km":0,"confidence_score":70,"confidence_level":"MEDIUM","recommendation_explanation":"Strongest signals: coverage gap and population; main constraint: market activity. Internal income, rent, footfall and customer-origin data are unavailable.","recommendation":"GROW","cluster_priority_score":74.33,"priority_tier":"EMERGING","decision_limitations":"Population and accessibility opportunity signal only. Validate income, rent, footfall, suitable real estate and full competitor inventory before investment."}},{"type":"Feature","id":"GROW-095","geometry":{"type":"Point","coordinates":[53.555727,23.771908]},"properties":{"growth_rank":95,"cluster_id":"GROW-095","grow_cell_count":3,"estimated_population_2025":3919.9,"max_opportunity_score":74.47,"mean_opportunity_score":73.73,"market_anchor_name":null,"market_anchor_address":null,"best_h3_cell":"8743a62aaffffff","nearest_branch_name":"Al Dhafra Branch","nearest_branch_distance_km":23.192,"coverage_gap_pct":100.0,"observed_direct_competitors_within_3km":0,"confidence_score":70,"confidence_level":"MEDIUM","recommendation_explanation":"Strongest signals: coverage gap and population; main constraint: market activity. Internal income, rent, footfall and customer-origin data are unavailable.","recommendation":"GROW","cluster_priority_score":74.25,"priority_tier":"EMERGING","decision_limitations":"Population and accessibility opportunity signal only. Validate income, rent, footfall, suitable real estate and full competitor inventory before investment."}},{"type":"Feature","id":"GROW-020","geometry":{"type":"Point","coordinates":[54.919248,24.910213]},"properties":{"growth_rank":96,"cluster_id":"GROW-020","grow_cell_count":2,"estimated_population_2025":2391.31,"max_opportunity_score":74.9,"mean_opportunity_score":72.73,"market_anchor_name":null,"market_anchor_address":null,"best_h3_cell":"8743a100effffff","nearest_branch_name":"Jumeirah Park","nearest_branch_distance_km":29.21,"coverage_gap_pct":100.0,"observed_direct_competitors_within_3km":0,"confidence_score":70,"confidence_level":"MEDIUM","recommendation_explanation":"Strongest signals: coverage gap and population; main constraint: market activity. Internal income, rent, footfall and customer-origin data are unavailable.","recommendation":"GROW","cluster_priority_score":74.25,"priority_tier":"EMERGING","decision_limitations":"Population and accessibility opportunity signal only. Validate income, rent, footfall, suitable real estate and full competitor inventory before investment."}},{"type":"Feature","id":"GROW-139","geometry":{"type":"Point","coordinates":[56.240295,25.194968]},"properties":{"growth_rank":97,"cluster_id":"GROW-139","grow_cell_count":1,"estimated_population_2025":1401.44,"max_opportunity_score":74.24,"mean_opportunity_score":74.24,"market_anchor_name":null,"market_anchor_address":null,"best_h3_cell":"8743ac6e1ffffff","nearest_branch_name":"Al Taif Mall","nearest_branch_distance_km":11.929,"coverage_gap_pct":100.0,"observed_direct_competitors_within_3km":0,"confidence_score":70,"confidence_level":"MEDIUM","recommendation_explanation":"Strongest signals: coverage gap and population; main constraint: market activity. Internal income, rent, footfall and customer-origin data are unavailable.","recommendation":"GROW","cluster_priority_score":74.24,"priority_tier":"EMERGING","decision_limitations":"Population and accessibility opportunity signal only. Validate income, rent, footfall, suitable real estate and full competitor inventory before investment."}},{"type":"Feature","id":"GROW-059","geometry":{"type":"Point","coordinates":[53.969381,22.920538]},"properties":{"growth_rank":98,"cluster_id":"GROW-059","grow_cell_count":3,"estimated_population_2025":3342.89,"max_opportunity_score":75.02,"mean_opportunity_score":72.38,"market_anchor_name":null,"market_anchor_address":null,"best_h3_cell":"8743a25b3ffffff","nearest_branch_name":"Al Dhafra Branch","nearest_branch_distance_km":82.23,"coverage_gap_pct":100.0,"observed_direct_competitors_within_3km":0,"confidence_score":70,"confidence_level":"MEDIUM","recommendation_explanation":"Strongest signals: coverage gap and population; main constraint: market activity. Internal income, rent, footfall and customer-origin data are unavailable.","recommendation":"GROW","cluster_priority_score":74.23,"priority_tier":"EMERGING","decision_limitations":"Population and accessibility opportunity signal only. Validate income, rent, footfall, suitable real estate and full competitor inventory before investment."}},{"type":"Feature","id":"GROW-152","geometry":{"type":"Point","coordinates":[55.566949,24.91609]},"properties":{"growth_rank":99,"cluster_id":"GROW-152","grow_cell_count":1,"estimated_population_2025":1376.14,"max_opportunity_score":74.13,"mean_opportunity_score":74.13,"market_anchor_name":null,"market_anchor_address":null,"best_h3_cell":"8743ae963ffffff","nearest_branch_name":"Nad Al Sheba","nearest_branch_distance_km":33.584,"coverage_gap_pct":100.0,"observed_direct_competitors_within_3km":0,"confidence_score":70,"confidence_level":"MEDIUM","recommendation_explanation":"Strongest signals: coverage gap and population; main constraint: market activity. Internal income, rent, footfall and customer-origin data are unavailable.","recommendation":"GROW","cluster_priority_score":74.13,"priority_tier":"EMERGING","decision_limitations":"Population and accessibility opportunity signal only. Validate income, rent, footfall, suitable real estate and full competitor inventory before investment."}},{"type":"Feature","id":"GROW-083","geometry":{"type":"Point","coordinates":[54.715001,24.264634]},"properties":{"growth_rank":100,"cluster_id":"GROW-083","grow_cell_count":2,"estimated_population_2025":4635.91,"max_opportunity_score":74.21,"mean_opportunity_score":73.73,"market_anchor_name":null,"market_anchor_address":null,"best_h3_cell":"8743a3953ffffff","nearest_branch_name":"Baniyas","nearest_branch_distance_km":8.298,"coverage_gap_pct":86.19,"observed_direct_competitors_within_3km":0,"confidence_score":70,"confidence_level":"MEDIUM","recommendation_explanation":"Strongest signals: coverage gap and population; main constraint: market activity. Internal income, rent, footfall and customer-origin data are unavailable.","recommendation":"GROW","cluster_priority_score":74.07,"priority_tier":"EMERGING","decision_limitations":"Population and accessibility opportunity signal only. Validate income, rent, footfall, suitable real estate and full competitor inventory before investment."}},{"type":"Feature","id":"GROW-127","geometry":{"type":"Point","coordinates":[55.746085,25.13954]},"properties":{"growth_rank":101,"cluster_id":"GROW-127","grow_cell_count":2,"estimated_population_2025":2316.76,"max_opportunity_score":74.4,"mean_opportunity_score":72.75,"market_anchor_name":null,"market_anchor_address":null,"best_h3_cell":"8743ac40dffffff","nearest_branch_name":"Mirdif 35","nearest_branch_distance_km":33.685,"coverage_gap_pct":100.0,"observed_direct_competitors_within_3km":0,"confidence_score":70,"confidence_level":"MEDIUM","recommendation_explanation":"Strongest signals: coverage gap and population; main constraint: market activity. Internal income, rent, footfall and customer-origin data are unavailable.","recommendation":"GROW","cluster_priority_score":73.9,"priority_tier":"EMERGING","decision_limitations":"Population and accessibility opportunity signal only. Validate income, rent, footfall, suitable real estate and full competitor inventory before investment."}},{"type":"Feature","id":"GROW-145","geometry":{"type":"Point","coordinates":[55.955096,24.21524]},"properties":{"growth_rank":102,"cluster_id":"GROW-145","grow_cell_count":1,"estimated_population_2025":1331.1,"max_opportunity_score":73.89,"mean_opportunity_score":73.89,"market_anchor_name":null,"market_anchor_address":null,"best_h3_cell":"8743ae462ffffff","nearest_branch_name":"Al Ain","nearest_branch_distance_km":29.954,"coverage_gap_pct":100.0,"observed_direct_competitors_within_3km":0,"confidence_score":70,"confidence_level":"MEDIUM","recommendation_explanation":"Strongest signals: coverage gap and population; main constraint: market activity. Internal income, rent, footfall and customer-origin data are unavailable.","recommendation":"GROW","cluster_priority_score":73.89,"priority_tier":"EMERGING","decision_limitations":"Population and accessibility opportunity signal only. Validate income, rent, footfall, suitable real estate and full competitor inventory before investment."}},{"type":"Feature","id":"GROW-051","geometry":{"type":"Point","coordinates":[54.238312,23.279614]},"properties":{"growth_rank":103,"cluster_id":"GROW-051","grow_cell_count":1,"estimated_population_2025":1328.81,"max_opportunity_score":73.88,"mean_opportunity_score":73.88,"market_anchor_name":null,"market_anchor_address":null,"best_h3_cell":"8743a20abffffff","nearest_branch_name":"Al Dhafra Branch","nearest_branch_distance_km":66.034,"coverage_gap_pct":100.0,"observed_direct_competitors_within_3km":0,"confidence_score":70,"confidence_level":"MEDIUM","recommendation_explanation":"Strongest signals: coverage gap and population; main constraint: market activity. Internal income, rent, footfall and customer-origin data are unavailable.","recommendation":"GROW","cluster_priority_score":73.88,"priority_tier":"EMERGING","decision_limitations":"Population and accessibility opportunity signal only. Validate income, rent, footfall, suitable real estate and full competitor inventory before investment."}},{"type":"Feature","id":"GROW-165","geometry":{"type":"Point","coordinates":[53.597601,23.106906]},"properties":{"growth_rank":104,"cluster_id":"GROW-165","grow_cell_count":4,"estimated_population_2025":4446.94,"max_opportunity_score":74.43,"mean_opportunity_score":72.33,"market_anchor_name":null,"market_anchor_address":null,"best_h3_cell":"8743b5acaffffff","nearest_branch_name":"Al Dhafra Branch","nearest_branch_distance_km":58.199,"coverage_gap_pct":100.0,"observed_direct_competitors_within_3km":0,"confidence_score":70,"confidence_level":"MEDIUM","recommendation_explanation":"Strongest signals: coverage gap and population; main constraint: market activity. Internal income, rent, footfall and customer-origin data are unavailable.","recommendation":"GROW","cluster_priority_score":73.8,"priority_tier":"EMERGING","decision_limitations":"Population and accessibility opportunity signal only. Validate income, rent, footfall, suitable real estate and full competitor inventory before investment."}},{"type":"Feature","id":"GROW-065","geometry":{"type":"Point","coordinates":[53.762276,23.547984]},"properties":{"growth_rank":105,"cluster_id":"GROW-065","grow_cell_count":3,"estimated_population_2025":4929.56,"max_opportunity_score":73.99,"mean_opportunity_score":73.33,"market_anchor_name":null,"market_anchor_address":null,"best_h3_cell":"8743a299dffffff","nearest_branch_name":"Al Dhafra Branch","nearest_branch_distance_km":11.647,"coverage_gap_pct":100.0,"observed_direct_competitors_within_3km":0,"confidence_score":70,"confidence_level":"MEDIUM","recommendation_explanation":"Strongest signals: coverage gap and population; main constraint: market activity. Internal income, rent, footfall and customer-origin data are unavailable.","recommendation":"GROW","cluster_priority_score":73.79,"priority_tier":"EMERGING","decision_limitations":"Population and accessibility opportunity signal only. Validate income, rent, footfall, suitable real estate and full competitor inventory before investment."}},{"type":"Feature","id":"GROW-047","geometry":{"type":"Point","coordinates":[55.417128,24.586533]},"properties":{"growth_rank":106,"cluster_id":"GROW-047","grow_cell_count":3,"estimated_population_2025":3144.65,"max_opportunity_score":74.52,"mean_opportunity_score":71.96,"market_anchor_name":null,"market_anchor_address":null,"best_h3_cell":"8743a16ceffffff","nearest_branch_name":"Al Ain","nearest_branch_distance_km":48.019,"coverage_gap_pct":100.0,"observed_direct_competitors_within_3km":0,"confidence_score":70,"confidence_level":"MEDIUM","recommendation_explanation":"Strongest signals: coverage gap and population; main constraint: market activity. Internal income, rent, footfall and customer-origin data are unavailable.","recommendation":"GROW","cluster_priority_score":73.75,"priority_tier":"EMERGING","decision_limitations":"Population and accessibility opportunity signal only. Validate income, rent, footfall, suitable real estate and full competitor inventory before investment."}},{"type":"Feature","id":"GROW-129","geometry":{"type":"Point","coordinates":[55.703779,24.955674]},"properties":{"growth_rank":107,"cluster_id":"GROW-129","grow_cell_count":1,"estimated_population_2025":1307.6,"max_opportunity_score":73.74,"mean_opportunity_score":73.74,"market_anchor_name":null,"market_anchor_address":null,"best_h3_cell":"8743ac486ffffff","nearest_branch_name":"Nad Al Sheba","nearest_branch_distance_km":40.577,"coverage_gap_pct":100.0,"observed_direct_competitors_within_3km":0,"confidence_score":70,"confidence_level":"MEDIUM","recommendation_explanation":"Strongest signals: coverage gap and population; main constraint: market activity. Internal income, rent, footfall and customer-origin data are unavailable.","recommendation":"GROW","cluster_priority_score":73.74,"priority_tier":"EMERGING","decision_limitations":"Population and accessibility opportunity signal only. Validate income, rent, footfall, suitable real estate and full competitor inventory before investment."}},{"type":"Feature","id":"GROW-038","geometry":{"type":"Point","coordinates":[54.700293,24.474417]},"properties":{"growth_rank":108,"cluster_id":"GROW-038","grow_cell_count":2,"estimated_population_2025":3433.81,"max_opportunity_score":73.7,"mean_opportunity_score":73.56,"market_anchor_name":"Nailbox Beauty Salon","market_anchor_address":"Abu Dhabi - Al Reef - Abu Dhabi","best_h3_cell":"8743a1581ffffff","nearest_branch_name":"Shahama","nearest_branch_distance_km":5.281,"coverage_gap_pct":96.3,"observed_direct_competitors_within_3km":3,"confidence_score":70,"confidence_level":"MEDIUM","recommendation_explanation":"Strongest signals: coverage gap and market activity; main constraint: competition headroom. Internal income, rent, footfall and customer-origin data are unavailable.","recommendation":"GROW","cluster_priority_score":73.66,"priority_tier":"EMERGING","decision_limitations":"Population and accessibility opportunity signal only. Validate income, rent, footfall, suitable real estate and full competitor inventory before investment."}},{"type":"Feature","id":"GROW-094","geometry":{"type":"Point","coordinates":[52.868317,25.145044]},"properties":{"growth_rank":109,"cluster_id":"GROW-094","grow_cell_count":1,"estimated_population_2025":1291.57,"max_opportunity_score":73.66,"mean_opportunity_score":73.66,"market_anchor_name":null,"market_anchor_address":null,"best_h3_cell":"8743a4b18ffffff","nearest_branch_name":"Khaleej Al Arabi","nearest_branch_distance_km":168.235,"coverage_gap_pct":100.0,"observed_direct_competitors_within_3km":0,"confidence_score":70,"confidence_level":"MEDIUM","recommendation_explanation":"Strongest signals: coverage gap and population; main constraint: market activity. Internal income, rent, footfall and customer-origin data are unavailable.","recommendation":"GROW","cluster_priority_score":73.66,"priority_tier":"EMERGING","decision_limitations":"Population and accessibility opportunity signal only. Validate income, rent, footfall, suitable real estate and full competitor inventory before investment."}},{"type":"Feature","id":"GROW-057","geometry":{"type":"Point","coordinates":[54.028437,23.090858]},"properties":{"growth_rank":110,"cluster_id":"GROW-057","grow_cell_count":2,"estimated_population_2025":2487.67,"max_opportunity_score":73.53,"mean_opportunity_score":73.38,"market_anchor_name":null,"market_anchor_address":null,"best_h3_cell":"8743a250bffffff","nearest_branch_name":"Al Dhafra Branch","nearest_branch_distance_km":68.722,"coverage_gap_pct":100.0,"observed_direct_competitors_within_3km":0,"confidence_score":70,"confidence_level":"MEDIUM","recommendation_explanation":"Strongest signals: coverage gap and population; main constraint: market activity. Internal income, rent, footfall and customer-origin data are unavailable.","recommendation":"GROW","cluster_priority_score":73.48,"priority_tier":"EMERGING","decision_limitations":"Population and accessibility opportunity signal only. Validate income, rent, footfall, suitable real estate and full competitor inventory before investment."}},{"type":"Feature","id":"GROW-033","geometry":{"type":"Point","coordinates":[55.227621,25.201832]},"properties":{"growth_rank":111,"cluster_id":"GROW-033","grow_cell_count":1,"estimated_population_2025":2877.11,"max_opportunity_score":73.42,"mean_opportunity_score":73.42,"market_anchor_name":"Four Seasons Resort Dubai at Jumeirah Beach","market_anchor_address":"Jumeira St - Jumeira Second - Jumeirah 2 - Dubai","best_h3_cell":"8743a1361ffffff","nearest_branch_name":"City Walk","nearest_branch_distance_km":3.641,"coverage_gap_pct":83.13,"observed_direct_competitors_within_3km":11,"confidence_score":70,"confidence_level":"MEDIUM","recommendation_explanation":"Strongest signals: market activity and coverage gap; main constraint: competition headroom. Internal income, rent, footfall and customer-origin data are unavailable.","recommendation":"GROW","cluster_priority_score":73.42,"priority_tier":"EMERGING","decision_limitations":"Population and accessibility opportunity signal only. Validate income, rent, footfall, suitable real estate and full competitor inventory before investment."}},{"type":"Feature","id":"GROW-068","geometry":{"type":"Point","coordinates":[55.433117,24.005343]},"properties":{"growth_rank":112,"cluster_id":"GROW-068","grow_cell_count":2,"estimated_population_2025":2350.49,"max_opportunity_score":73.61,"mean_opportunity_score":72.94,"market_anchor_name":null,"market_anchor_address":null,"best_h3_cell":"8743a3233ffffff","nearest_branch_name":"Al Ain","nearest_branch_distance_km":34.687,"coverage_gap_pct":100.0,"observed_direct_competitors_within_3km":0,"confidence_score":70,"confidence_level":"MEDIUM","recommendation_explanation":"Strongest signals: coverage gap and population; main constraint: market activity. Internal income, rent, footfall and customer-origin data are unavailable.","recommendation":"GROW","cluster_priority_score":73.41,"priority_tier":"EMERGING","decision_limitations":"Population and accessibility opportunity signal only. Validate income, rent, footfall, suitable real estate and full competitor inventory before investment."}},{"type":"Feature","id":"GROW-077","geometry":{"type":"Point","coordinates":[55.390281,24.103606]},"properties":{"growth_rank":113,"cluster_id":"GROW-077","grow_cell_count":5,"estimated_population_2025":4931.93,"max_opportunity_score":74.06,"mean_opportunity_score":71.69,"market_anchor_name":null,"market_anchor_address":null,"best_h3_cell":"8743a3309ffffff","nearest_branch_name":"Al Ain","nearest_branch_distance_km":30.8,"coverage_gap_pct":100.0,"observed_direct_competitors_within_3km":0,"confidence_score":70,"confidence_level":"MEDIUM","recommendation_explanation":"Strongest signals: coverage gap and population; main constraint: market activity. Internal income, rent, footfall and customer-origin data are unavailable.","recommendation":"GROW","cluster_priority_score":73.35,"priority_tier":"EMERGING","decision_limitations":"Population and accessibility opportunity signal only. Validate income, rent, footfall, suitable real estate and full competitor inventory before investment."}},{"type":"Feature","id":"GROW-113","geometry":{"type":"Point","coordinates":[56.277847,24.970659]},"properties":{"growth_rank":114,"cluster_id":"GROW-113","grow_cell_count":1,"estimated_population_2025":1226.19,"max_opportunity_score":73.3,"mean_opportunity_score":73.3,"market_anchor_name":null,"market_anchor_address":null,"best_h3_cell":"8743a8d15ffffff","nearest_branch_name":"Al Taif Mall","nearest_branch_distance_km":17.31,"coverage_gap_pct":100.0,"observed_direct_competitors_within_3km":0,"confidence_score":70,"confidence_level":"MEDIUM","recommendation_explanation":"Strongest signals: coverage gap and population; main constraint: market activity. Internal income, rent, footfall and customer-origin data are unavailable.","recommendation":"GROW","cluster_priority_score":73.3,"priority_tier":"EMERGING","decision_limitations":"Population and accessibility opportunity signal only. Validate income, rent, footfall, suitable real estate and full competitor inventory before investment."}},{"type":"Feature","id":"GROW-066","geometry":{"type":"Point","coordinates":[53.704885,23.561848]},"properties":{"growth_rank":115,"cluster_id":"GROW-066","grow_cell_count":1,"estimated_population_2025":1217.24,"max_opportunity_score":73.23,"mean_opportunity_score":73.23,"market_anchor_name":null,"market_anchor_address":null,"best_h3_cell":"8743a2984ffffff","nearest_branch_name":"Al Dhafra Branch","nearest_branch_distance_km":7.421,"coverage_gap_pct":100.0,"observed_direct_competitors_within_3km":0,"confidence_score":70,"confidence_level":"MEDIUM","recommendation_explanation":"Strongest signals: coverage gap and population; main constraint: market activity. Internal income, rent, footfall and customer-origin data are unavailable.","recommendation":"GROW","cluster_priority_score":73.23,"priority_tier":"EMERGING","decision_limitations":"Population and accessibility opportunity signal only. Validate income, rent, footfall, suitable real estate and full competitor inventory before investment."}},{"type":"Feature","id":"GROW-019","geometry":{"type":"Point","coordinates":[54.875079,24.890191]},"properties":{"growth_rank":116,"cluster_id":"GROW-019","grow_cell_count":1,"estimated_population_2025":1210.78,"max_opportunity_score":73.2,"mean_opportunity_score":73.2,"market_anchor_name":null,"market_anchor_address":null,"best_h3_cell":"8743a1002ffffff","nearest_branch_name":"Jumeirah Park","nearest_branch_distance_km":33.679,"coverage_gap_pct":100.0,"observed_direct_competitors_within_3km":0,"confidence_score":70,"confidence_level":"MEDIUM","recommendation_explanation":"Strongest signals: coverage gap and population; main constraint: market activity. Internal income, rent, footfall and customer-origin data are unavailable.","recommendation":"GROW","cluster_priority_score":73.2,"priority_tier":"EMERGING","decision_limitations":"Population and accessibility opportunity signal only. Validate income, rent, footfall, suitable real estate and full competitor inventory before investment."}},{"type":"Feature","id":"GROW-105","geometry":{"type":"Point","coordinates":[53.341856,24.102828]},"properties":{"growth_rank":117,"cluster_id":"GROW-105","grow_cell_count":2,"estimated_population_2025":2204.32,"max_opportunity_score":73.46,"mean_opportunity_score":72.49,"market_anchor_name":null,"market_anchor_address":null,"best_h3_cell":"8743a6ac5ffffff","nearest_branch_name":"Al Dhafra Branch","nearest_branch_distance_km":65.843,"coverage_gap_pct":100.0,"observed_direct_competitors_within_3km":0,"confidence_score":70,"confidence_level":"MEDIUM","recommendation_explanation":"Strongest signals: coverage gap and population; main constraint: market activity. Internal income, rent, footfall and customer-origin data are unavailable.","recommendation":"GROW","cluster_priority_score":73.17,"priority_tier":"EMERGING","decision_limitations":"Population and accessibility opportunity signal only. Validate income, rent, footfall, suitable real estate and full competitor inventory before investment."}},{"type":"Feature","id":"GROW-003","geometry":{"type":"Point","coordinates":[54.426143,24.471009]},"properties":{"growth_rank":118,"cluster_id":"GROW-003","grow_cell_count":1,"estimated_population_2025":1192.67,"max_opportunity_score":73.09,"mean_opportunity_score":73.09,"market_anchor_name":"The Nail Spa - Eastern Mangroves Promenade","market_anchor_address":"Ground Floor, Eastern Mangroves - Promenade - Sheikh Zayed St - الخيران - Zone 1 - أبو ظبي","best_h3_cell":"8743a020cffffff","nearest_branch_name":"Delma","nearest_branch_distance_km":4.2,"coverage_gap_pct":99.49,"observed_direct_competitors_within_3km":2,"confidence_score":70,"confidence_level":"MEDIUM","recommendation_explanation":"Strongest signals: coverage gap and market activity; main constraint: competition headroom. Internal income, rent, footfall and customer-origin data are unavailable.","recommendation":"GROW","cluster_priority_score":73.09,"priority_tier":"EMERGING","decision_limitations":"Population and accessibility opportunity signal only. Validate income, rent, footfall, suitable real estate and full competitor inventory before investment."}},{"type":"Feature","id":"GROW-049","geometry":{"type":"Point","coordinates":[55.018214,24.609339]},"properties":{"growth_rank":119,"cluster_id":"GROW-049","grow_cell_count":2,"estimated_population_2025":2198.34,"max_opportunity_score":73.3,"mean_opportunity_score":72.52,"market_anchor_name":null,"market_anchor_address":null,"best_h3_cell":"8743a17a4ffffff","nearest_branch_name":"Al Falah","nearest_branch_distance_km":33.135,"coverage_gap_pct":100.0,"observed_direct_competitors_within_3km":0,"confidence_score":70,"confidence_level":"MEDIUM","recommendation_explanation":"Strongest signals: coverage gap and population; main constraint: market activity. Internal income, rent, footfall and customer-origin data are unavailable.","recommendation":"GROW","cluster_priority_score":73.07,"priority_tier":"EMERGING","decision_limitations":"Population and accessibility opportunity signal only. Validate income, rent, footfall, suitable real estate and full competitor inventory before investment."}},{"type":"Feature","id":"GROW-024","geometry":{"type":"Point","coordinates":[54.86513,24.725896]},"properties":{"growth_rank":120,"cluster_id":"GROW-024","grow_cell_count":1,"estimated_population_2025":1190.35,"max_opportunity_score":73.07,"mean_opportunity_score":73.07,"market_anchor_name":null,"market_anchor_address":null,"best_h3_cell":"8743a1094ffffff","nearest_branch_name":"Shahama","nearest_branch_distance_km":29.726,"coverage_gap_pct":100.0,"observed_direct_competitors_within_3km":0,"confidence_score":70,"confidence_level":"MEDIUM","recommendation_explanation":"Strongest signals: coverage gap and population; main constraint: market activity. Internal income, rent, footfall and customer-origin data are unavailable.","recommendation":"GROW","cluster_priority_score":73.07,"priority_tier":"EMERGING","decision_limitations":"Population and accessibility opportunity signal only. Validate income, rent, footfall, suitable real estate and full competitor inventory before investment."}},{"type":"Feature","id":"GROW-064","geometry":{"type":"Point","coordinates":[53.782214,23.767956]},"properties":{"growth_rank":121,"cluster_id":"GROW-064","grow_cell_count":1,"estimated_population_2025":1185.9,"max_opportunity_score":73.04,"mean_opportunity_score":73.04,"market_anchor_name":null,"market_anchor_address":null,"best_h3_cell":"8743a2971ffffff","nearest_branch_name":"Al Dhafra Branch","nearest_branch_distance_km":17.032,"coverage_gap_pct":100.0,"observed_direct_competitors_within_3km":0,"confidence_score":70,"confidence_level":"MEDIUM","recommendation_explanation":"Strongest signals: coverage gap and population; main constraint: market activity. Internal income, rent, footfall and customer-origin data are unavailable.","recommendation":"GROW","cluster_priority_score":73.04,"priority_tier":"EMERGING","decision_limitations":"Population and accessibility opportunity signal only. Validate income, rent, footfall, suitable real estate and full competitor inventory before investment."}},{"type":"Feature","id":"GROW-126","geometry":{"type":"Point","coordinates":[56.135653,25.44681]},"properties":{"growth_rank":122,"cluster_id":"GROW-126","grow_cell_count":1,"estimated_population_2025":1178.54,"max_opportunity_score":73.01,"mean_opportunity_score":73.01,"market_anchor_name":null,"market_anchor_address":null,"best_h3_cell":"8743ac39bffffff","nearest_branch_name":"Ras Al Khaimah","nearest_branch_distance_km":40.204,"coverage_gap_pct":100.0,"observed_direct_competitors_within_3km":0,"confidence_score":70,"confidence_level":"MEDIUM","recommendation_explanation":"Strongest signals: coverage gap and population; main constraint: market activity. Internal income, rent, footfall and customer-origin data are unavailable.","recommendation":"GROW","cluster_priority_score":73.01,"priority_tier":"EMERGING","decision_limitations":"Population and accessibility opportunity signal only. Validate income, rent, footfall, suitable real estate and full competitor inventory before investment."}},{"type":"Feature","id":"GROW-080","geometry":{"type":"Point","coordinates":[55.521548,23.572458]},"properties":{"growth_rank":123,"cluster_id":"GROW-080","grow_cell_count":1,"estimated_population_2025":1176.92,"max_opportunity_score":72.99,"mean_opportunity_score":72.99,"market_anchor_name":null,"market_anchor_address":null,"best_h3_cell":"8743a36d5ffffff","nearest_branch_name":"Al Ain","nearest_branch_distance_km":74.095,"coverage_gap_pct":100.0,"observed_direct_competitors_within_3km":0,"confidence_score":70,"confidence_level":"MEDIUM","recommendation_explanation":"Strongest signals: coverage gap and population; main constraint: market activity. Internal income, rent, footfall and customer-origin data are unavailable.","recommendation":"GROW","cluster_priority_score":72.99,"priority_tier":"EMERGING","decision_limitations":"Population and accessibility opportunity signal only. Validate income, rent, footfall, suitable real estate and full competitor inventory before investment."}},{"type":"Feature","id":"GROW-087","geometry":{"type":"Point","coordinates":[54.606506,24.270472]},"properties":{"growth_rank":124,"cluster_id":"GROW-087","grow_cell_count":1,"estimated_population_2025":6855.18,"max_opportunity_score":72.92,"mean_opportunity_score":72.92,"market_anchor_name":"Golden Braids Ladies Saloon","market_anchor_address":"Al Nahyan Tanker Mai - Tea Break Same Building - opposite Parco Hypermarket - جرن يافور - M-03 - أبو ظبي","best_h3_cell":"8743a390cffffff","nearest_branch_name":"Baniyas","nearest_branch_distance_km":4.036,"coverage_gap_pct":94.41,"observed_direct_competitors_within_3km":2,"confidence_score":70,"confidence_level":"MEDIUM","recommendation_explanation":"Strongest signals: coverage gap and population; main constraint: competition headroom. Internal income, rent, footfall and customer-origin data are unavailable.","recommendation":"GROW","cluster_priority_score":72.92,"priority_tier":"EMERGING","decision_limitations":"Population and accessibility opportunity signal only. Validate income, rent, footfall, suitable real estate and full competitor inventory before investment."}},{"type":"Feature","id":"GROW-162","geometry":{"type":"Point","coordinates":[55.652199,24.318795]},"properties":{"growth_rank":125,"cluster_id":"GROW-162","grow_cell_count":1,"estimated_population_2025":1167.14,"max_opportunity_score":72.92,"mean_opportunity_score":72.92,"market_anchor_name":null,"market_anchor_address":null,"best_h3_cell":"8743aecf1ffffff","nearest_branch_name":"Al Ain","nearest_branch_distance_km":10.273,"coverage_gap_pct":100.0,"observed_direct_competitors_within_3km":0,"confidence_score":70,"confidence_level":"MEDIUM","recommendation_explanation":"Strongest signals: coverage gap and population; main constraint: market activity. Internal income, rent, footfall and customer-origin data are unavailable.","recommendation":"GROW","cluster_priority_score":72.92,"priority_tier":"EMERGING","decision_limitations":"Population and accessibility opportunity signal only. Validate income, rent, footfall, suitable real estate and full competitor inventory before investment."}},{"type":"Feature","id":"GROW-084","geometry":{"type":"Point","coordinates":[54.828037,24.275478]},"properties":{"growth_rank":126,"cluster_id":"GROW-084","grow_cell_count":1,"estimated_population_2025":1158.61,"max_opportunity_score":72.86,"mean_opportunity_score":72.86,"market_anchor_name":null,"market_anchor_address":null,"best_h3_cell":"8743a3844ffffff","nearest_branch_name":"Baniyas","nearest_branch_distance_km":19.892,"coverage_gap_pct":100.0,"observed_direct_competitors_within_3km":0,"confidence_score":70,"confidence_level":"MEDIUM","recommendation_explanation":"Strongest signals: coverage gap and population; main constraint: market activity. Internal income, rent, footfall and customer-origin data are unavailable.","recommendation":"GROW","cluster_priority_score":72.86,"priority_tier":"EMERGING","decision_limitations":"Population and accessibility opportunity signal only. Validate income, rent, footfall, suitable real estate and full competitor inventory before investment."}},{"type":"Feature","id":"GROW-070","geometry":{"type":"Point","coordinates":[55.52313,24.016498]},"properties":{"growth_rank":127,"cluster_id":"GROW-070","grow_cell_count":1,"estimated_population_2025":1138.97,"max_opportunity_score":72.71,"mean_opportunity_score":72.71,"market_anchor_name":null,"market_anchor_address":null,"best_h3_cell":"8743a320affffff","nearest_branch_name":"Al Ain","nearest_branch_distance_km":27.187,"coverage_gap_pct":100.0,"observed_direct_competitors_within_3km":0,"confidence_score":70,"confidence_level":"MEDIUM","recommendation_explanation":"Strongest signals: coverage gap and population; main constraint: market activity. Internal income, rent, footfall and customer-origin data are unavailable.","recommendation":"GROW","cluster_priority_score":72.71,"priority_tier":"EMERGING","decision_limitations":"Population and accessibility opportunity signal only. Validate income, rent, footfall, suitable real estate and full competitor inventory before investment."}},{"type":"Feature","id":"GROW-055","geometry":{"type":"Point","coordinates":[54.300119,22.965251]},"properties":{"growth_rank":128,"cluster_id":"GROW-055","grow_cell_count":1,"estimated_population_2025":1119.4,"max_opportunity_score":72.63,"mean_opportunity_score":72.63,"market_anchor_name":null,"market_anchor_address":null,"best_h3_cell":"8743a24ceffffff","nearest_branch_name":"Al Dhafra Branch","nearest_branch_distance_km":94.939,"coverage_gap_pct":100.0,"observed_direct_competitors_within_3km":0,"confidence_score":70,"confidence_level":"MEDIUM","recommendation_explanation":"Strongest signals: coverage gap and population; main constraint: market activity. Internal income, rent, footfall and customer-origin data are unavailable.","recommendation":"GROW","cluster_priority_score":72.63,"priority_tier":"EMERGING","decision_limitations":"Population and accessibility opportunity signal only. Validate income, rent, footfall, suitable real estate and full competitor inventory before investment."}},{"type":"Feature","id":"GROW-050","geometry":{"type":"Point","coordinates":[54.646641,24.80284]},"properties":{"growth_rank":129,"cluster_id":"GROW-050","grow_cell_count":2,"estimated_population_2025":2180.16,"max_opportunity_score":72.6,"mean_opportunity_score":72.44,"market_anchor_name":null,"market_anchor_address":null,"best_h3_cell":"8743a1ce9ffffff","nearest_branch_name":"Shahama","nearest_branch_distance_km":32.174,"coverage_gap_pct":100.0,"observed_direct_competitors_within_3km":0,"confidence_score":70,"confidence_level":"MEDIUM","recommendation_explanation":"Strongest signals: coverage gap and population; main constraint: market activity. Internal income, rent, footfall and customer-origin data are unavailable.","recommendation":"GROW","cluster_priority_score":72.55,"priority_tier":"EMERGING","decision_limitations":"Population and accessibility opportunity signal only. Validate income, rent, footfall, suitable real estate and full competitor inventory before investment."}},{"type":"Feature","id":"GROW-046","geometry":{"type":"Point","coordinates":[55.355957,24.560482]},"properties":{"growth_rank":130,"cluster_id":"GROW-046","grow_cell_count":2,"estimated_population_2025":2003.78,"max_opportunity_score":72.8,"mean_opportunity_score":71.81,"market_anchor_name":null,"market_anchor_address":null,"best_h3_cell":"8743a16c2ffffff","nearest_branch_name":"Al Ain","nearest_branch_distance_km":48.143,"coverage_gap_pct":100.0,"observed_direct_competitors_within_3km":0,"confidence_score":70,"confidence_level":"MEDIUM","recommendation_explanation":"Strongest signals: coverage gap and population; main constraint: market activity. Internal income, rent, footfall and customer-origin data are unavailable.","recommendation":"GROW","cluster_priority_score":72.5,"priority_tier":"EMERGING","decision_limitations":"Population and accessibility opportunity signal only. Validate income, rent, footfall, suitable real estate and full competitor inventory before investment."}},{"type":"Feature","id":"GROW-119","geometry":{"type":"Point","coordinates":[55.655542,25.58158]},"properties":{"growth_rank":131,"cluster_id":"GROW-119","grow_cell_count":1,"estimated_population_2025":1095.07,"max_opportunity_score":72.5,"mean_opportunity_score":72.5,"market_anchor_name":null,"market_anchor_address":null,"best_h3_cell":"8743ac12bffffff","nearest_branch_name":"Ras Al Khaimah","nearest_branch_distance_km":32.542,"coverage_gap_pct":100.0,"observed_direct_competitors_within_3km":0,"confidence_score":70,"confidence_level":"MEDIUM","recommendation_explanation":"Strongest signals: coverage gap and population; main constraint: market activity. Internal income, rent, footfall and customer-origin data are unavailable.","recommendation":"GROW","cluster_priority_score":72.5,"priority_tier":"EMERGING","decision_limitations":"Population and accessibility opportunity signal only. Validate income, rent, footfall, suitable real estate and full competitor inventory before investment."}},{"type":"Feature","id":"GROW-002","geometry":{"type":"Point","coordinates":[54.176977,24.254684]},"properties":{"growth_rank":132,"cluster_id":"GROW-002","grow_cell_count":2,"estimated_population_2025":1976.0,"max_opportunity_score":72.63,"mean_opportunity_score":71.77,"market_anchor_name":null,"market_anchor_address":null,"best_h3_cell":"8743a00d8ffffff","nearest_branch_name":"Khaleej Al Arabi","nearest_branch_distance_km":28.665,"coverage_gap_pct":100.0,"observed_direct_competitors_within_3km":0,"confidence_score":70,"confidence_level":"MEDIUM","recommendation_explanation":"Strongest signals: coverage gap and population; main constraint: market activity. Internal income, rent, footfall and customer-origin data are unavailable.","recommendation":"GROW","cluster_priority_score":72.37,"priority_tier":"EMERGING","decision_limitations":"Population and accessibility opportunity signal only. Validate income, rent, footfall, suitable real estate and full competitor inventory before investment."}},{"type":"Feature","id":"GROW-157","geometry":{"type":"Point","coordinates":[56.094473,24.9036]},"properties":{"growth_rank":133,"cluster_id":"GROW-157","grow_cell_count":2,"estimated_population_2025":1985.16,"max_opportunity_score":72.53,"mean_opportunity_score":71.84,"market_anchor_name":null,"market_anchor_address":null,"best_h3_cell":"8743aea70ffffff","nearest_branch_name":"Al Taif Mall","nearest_branch_distance_km":32.501,"coverage_gap_pct":100.0,"observed_direct_competitors_within_3km":0,"confidence_score":70,"confidence_level":"MEDIUM","recommendation_explanation":"Strongest signals: coverage gap and population; main constraint: market activity. Internal income, rent, footfall and customer-origin data are unavailable.","recommendation":"GROW","cluster_priority_score":72.32,"priority_tier":"EMERGING","decision_limitations":"Population and accessibility opportunity signal only. Validate income, rent, footfall, suitable real estate and full competitor inventory before investment."}},{"type":"Feature","id":"GROW-015","geometry":{"type":"Point","coordinates":[54.491223,24.235801]},"properties":{"growth_rank":134,"cluster_id":"GROW-015","grow_cell_count":4,"estimated_population_2025":3793.93,"max_opportunity_score":72.66,"mean_opportunity_score":71.49,"market_anchor_name":null,"market_anchor_address":null,"best_h3_cell":"8743a3936ffffff","nearest_branch_name":"Baniyas","nearest_branch_distance_km":16.352,"coverage_gap_pct":100.0,"observed_direct_competitors_within_3km":0,"confidence_score":70,"confidence_level":"MEDIUM","recommendation_explanation":"Strongest signals: coverage gap and population; main constraint: market activity. Internal income, rent, footfall and customer-origin data are unavailable.","recommendation":"GROW","cluster_priority_score":72.31,"priority_tier":"EMERGING","decision_limitations":"Population and accessibility opportunity signal only. Validate income, rent, footfall, suitable real estate and full competitor inventory before investment."}},{"type":"Feature","id":"GROW-042","geometry":{"type":"Point","coordinates":[55.367665,24.76992]},"properties":{"growth_rank":135,"cluster_id":"GROW-042","grow_cell_count":1,"estimated_population_2025":1050.31,"max_opportunity_score":72.21,"mean_opportunity_score":72.21,"market_anchor_name":null,"market_anchor_address":null,"best_h3_cell":"8743a166bffffff","nearest_branch_name":"Jumeirah Park","nearest_branch_distance_km":36.194,"coverage_gap_pct":100.0,"observed_direct_competitors_within_3km":0,"confidence_score":70,"confidence_level":"MEDIUM","recommendation_explanation":"Strongest signals: coverage gap and population; main constraint: market activity. Internal income, rent, footfall and customer-origin data are unavailable.","recommendation":"GROW","cluster_priority_score":72.21,"priority_tier":"EMERGING","decision_limitations":"Population and accessibility opportunity signal only. Validate income, rent, footfall, suitable real estate and full competitor inventory before investment."}},{"type":"Feature","id":"GROW-009","geometry":{"type":"Point","coordinates":[53.764969,24.048427]},"properties":{"growth_rank":136,"cluster_id":"GROW-009","grow_cell_count":1,"estimated_population_2025":1042.47,"max_opportunity_score":72.17,"mean_opportunity_score":72.17,"market_anchor_name":null,"market_anchor_address":null,"best_h3_cell":"8743a0500ffffff","nearest_branch_name":"Al Dhafra Branch","nearest_branch_distance_km":47.029,"coverage_gap_pct":100.0,"observed_direct_competitors_within_3km":0,"confidence_score":70,"confidence_level":"MEDIUM","recommendation_explanation":"Strongest signals: coverage gap and population; main constraint: market activity. Internal income, rent, footfall and customer-origin data are unavailable.","recommendation":"GROW","cluster_priority_score":72.17,"priority_tier":"EMERGING","decision_limitations":"Population and accessibility opportunity signal only. Validate income, rent, footfall, suitable real estate and full competitor inventory before investment."}},{"type":"Feature","id":"GROW-025","geometry":{"type":"Point","coordinates":[54.871995,24.7979]},"properties":{"growth_rank":137,"cluster_id":"GROW-025","grow_cell_count":1,"estimated_population_2025":1021.19,"max_opportunity_score":72.05,"mean_opportunity_score":72.05,"market_anchor_name":null,"market_anchor_address":null,"best_h3_cell":"8743a10a3ffffff","nearest_branch_name":"Shahama","nearest_branch_distance_km":36.523,"coverage_gap_pct":100.0,"observed_direct_competitors_within_3km":0,"confidence_score":70,"confidence_level":"MEDIUM","recommendation_explanation":"Strongest signals: coverage gap and population; main constraint: market activity. Internal income, rent, footfall and customer-origin data are unavailable.","recommendation":"GROW","cluster_priority_score":72.05,"priority_tier":"EMERGING","decision_limitations":"Population and accessibility opportunity signal only. Validate income, rent, footfall, suitable real estate and full competitor inventory before investment."}},{"type":"Feature","id":"GROW-073","geometry":{"type":"Point","coordinates":[55.519903,23.846211]},"properties":{"growth_rank":138,"cluster_id":"GROW-073","grow_cell_count":6,"estimated_population_2025":5576.83,"max_opportunity_score":72.28,"mean_opportunity_score":71.39,"market_anchor_name":null,"market_anchor_address":null,"best_h3_cell":"8743a366dffffff","nearest_branch_name":"Al Ain","nearest_branch_distance_km":48.07,"coverage_gap_pct":100.0,"observed_direct_competitors_within_3km":0,"confidence_score":70,"confidence_level":"MEDIUM","recommendation_explanation":"Strongest signals: coverage gap and population; main constraint: market activity. Internal income, rent, footfall and customer-origin data are unavailable.","recommendation":"GROW","cluster_priority_score":72.01,"priority_tier":"EMERGING","decision_limitations":"Population and accessibility opportunity signal only. Validate income, rent, footfall, suitable real estate and full competitor inventory before investment."}},{"type":"Feature","id":"GROW-107","geometry":{"type":"Point","coordinates":[53.323286,24.055337]},"properties":{"growth_rank":139,"cluster_id":"GROW-107","grow_cell_count":1,"estimated_population_2025":998.47,"max_opportunity_score":71.91,"mean_opportunity_score":71.91,"market_anchor_name":null,"market_anchor_address":null,"best_h3_cell":"8743a6ad5ffffff","nearest_branch_name":"Al Dhafra Branch","nearest_branch_distance_km":61.947,"coverage_gap_pct":100.0,"observed_direct_competitors_within_3km":0,"confidence_score":70,"confidence_level":"MEDIUM","recommendation_explanation":"Strongest signals: coverage gap and population; main constraint: market activity. Internal income, rent, footfall and customer-origin data are unavailable.","recommendation":"GROW","cluster_priority_score":71.91,"priority_tier":"EMERGING","decision_limitations":"Population and accessibility opportunity signal only. Validate income, rent, footfall, suitable real estate and full competitor inventory before investment."}},{"type":"Feature","id":"GROW-102","geometry":{"type":"Point","coordinates":[52.787174,23.952747]},"properties":{"growth_rank":140,"cluster_id":"GROW-102","grow_cell_count":1,"estimated_population_2025":996.37,"max_opportunity_score":71.88,"mean_opportunity_score":71.88,"market_anchor_name":null,"market_anchor_address":null,"best_h3_cell":"8743a68a1ffffff","nearest_branch_name":"Al Dhafra Branch","nearest_branch_distance_km":100.987,"coverage_gap_pct":100.0,"observed_direct_competitors_within_3km":0,"confidence_score":70,"confidence_level":"MEDIUM","recommendation_explanation":"Strongest signals: coverage gap and population; main constraint: market activity. Internal income, rent, footfall and customer-origin data are unavailable.","recommendation":"GROW","cluster_priority_score":71.88,"priority_tier":"EMERGING","decision_limitations":"Population and accessibility opportunity signal only. Validate income, rent, footfall, suitable real estate and full competitor inventory before investment."}},{"type":"Feature","id":"GROW-106","geometry":{"type":"Point","coordinates":[53.393658,24.101064]},"properties":{"growth_rank":141,"cluster_id":"GROW-106","grow_cell_count":1,"estimated_population_2025":982.53,"max_opportunity_score":71.8,"mean_opportunity_score":71.8,"market_anchor_name":null,"market_anchor_address":null,"best_h3_cell":"8743a6ac8ffffff","nearest_branch_name":"Al Dhafra Branch","nearest_branch_distance_km":61.873,"coverage_gap_pct":100.0,"observed_direct_competitors_within_3km":0,"confidence_score":70,"confidence_level":"MEDIUM","recommendation_explanation":"Strongest signals: coverage gap and population; main constraint: market activity. Internal income, rent, footfall and customer-origin data are unavailable.","recommendation":"GROW","cluster_priority_score":71.8,"priority_tier":"EMERGING","decision_limitations":"Population and accessibility opportunity signal only. Validate income, rent, footfall, suitable real estate and full competitor inventory before investment."}},{"type":"Feature","id":"GROW-109","geometry":{"type":"Point","coordinates":[52.877756,23.719351]},"properties":{"growth_rank":142,"cluster_id":"GROW-109","grow_cell_count":1,"estimated_population_2025":970.49,"max_opportunity_score":71.7,"mean_opportunity_score":71.7,"market_anchor_name":null,"market_anchor_address":null,"best_h3_cell":"8743a6c5effffff","nearest_branch_name":"Al Dhafra Branch","nearest_branch_distance_km":85.776,"coverage_gap_pct":100.0,"observed_direct_competitors_within_3km":0,"confidence_score":70,"confidence_level":"MEDIUM","recommendation_explanation":"Strongest signals: coverage gap and population; main constraint: market activity. Internal income, rent, footfall and customer-origin data are unavailable.","recommendation":"GROW","cluster_priority_score":71.7,"priority_tier":"EMERGING","decision_limitations":"Population and accessibility opportunity signal only. Validate income, rent, footfall, suitable real estate and full competitor inventory before investment."}},{"type":"Feature","id":"GROW-092","geometry":{"type":"Point","coordinates":[55.042093,24.432088]},"properties":{"growth_rank":143,"cluster_id":"GROW-092","grow_cell_count":1,"estimated_population_2025":964.51,"max_opportunity_score":71.63,"mean_opportunity_score":71.63,"market_anchor_name":null,"market_anchor_address":null,"best_h3_cell":"8743a3b75ffffff","nearest_branch_name":"Al Falah","nearest_branch_distance_km":30.636,"coverage_gap_pct":100.0,"observed_direct_competitors_within_3km":0,"confidence_score":70,"confidence_level":"MEDIUM","recommendation_explanation":"Strongest signals: coverage gap and population; main constraint: market activity. Internal income, rent, footfall and customer-origin data are unavailable.","recommendation":"GROW","cluster_priority_score":71.63,"priority_tier":"EMERGING","decision_limitations":"Population and accessibility opportunity signal only. Validate income, rent, footfall, suitable real estate and full competitor inventory before investment."}},{"type":"Feature","id":"GROW-052","geometry":{"type":"Point","coordinates":[54.161744,22.965922]},"properties":{"growth_rank":144,"cluster_id":"GROW-052","grow_cell_count":1,"estimated_population_2025":960.81,"max_opportunity_score":71.6,"mean_opportunity_score":71.6,"market_anchor_name":null,"market_anchor_address":null,"best_h3_cell":"8743a241affffff","nearest_branch_name":"Al Dhafra Branch","nearest_branch_distance_km":86.664,"coverage_gap_pct":100.0,"observed_direct_competitors_within_3km":0,"confidence_score":70,"confidence_level":"MEDIUM","recommendation_explanation":"Strongest signals: coverage gap and population; main constraint: market activity. Internal income, rent, footfall and customer-origin data are unavailable.","recommendation":"GROW","cluster_priority_score":71.6,"priority_tier":"EMERGING","decision_limitations":"Population and accessibility opportunity signal only. Validate income, rent, footfall, suitable real estate and full competitor inventory before investment."}},{"type":"Feature","id":"GROW-108","geometry":{"type":"Point","coordinates":[53.384379,24.049964]},"properties":{"growth_rank":145,"cluster_id":"GROW-108","grow_cell_count":1,"estimated_population_2025":947.95,"max_opportunity_score":71.55,"mean_opportunity_score":71.55,"market_anchor_name":null,"market_anchor_address":null,"best_h3_cell":"8743a6ad8ffffff","nearest_branch_name":"Al Dhafra Branch","nearest_branch_distance_km":57.669,"coverage_gap_pct":100.0,"observed_direct_competitors_within_3km":0,"confidence_score":70,"confidence_level":"MEDIUM","recommendation_explanation":"Strongest signals: coverage gap and population; main constraint: market activity. Internal income, rent, footfall and customer-origin data are unavailable.","recommendation":"GROW","cluster_priority_score":71.55,"priority_tier":"EMERGING","decision_limitations":"Population and accessibility opportunity signal only. Validate income, rent, footfall, suitable real estate and full competitor inventory before investment."}},{"type":"Feature","id":"GROW-041","geometry":{"type":"Point","coordinates":[55.125535,24.641471]},"properties":{"growth_rank":146,"cluster_id":"GROW-041","grow_cell_count":1,"estimated_population_2025":928.46,"max_opportunity_score":71.39,"mean_opportunity_score":71.39,"market_anchor_name":null,"market_anchor_address":null,"best_h3_cell":"8743a1634ffffff","nearest_branch_name":"Jumeirah Park","nearest_branch_distance_km":44.408,"coverage_gap_pct":100.0,"observed_direct_competitors_within_3km":0,"confidence_score":70,"confidence_level":"MEDIUM","recommendation_explanation":"Strongest signals: coverage gap and population; main constraint: market activity. Internal income, rent, footfall and customer-origin data are unavailable.","recommendation":"GROW","cluster_priority_score":71.39,"priority_tier":"EMERGING","decision_limitations":"Population and accessibility opportunity signal only. Validate income, rent, footfall, suitable real estate and full competitor inventory before investment."}},{"type":"Feature","id":"GROW-023","geometry":{"type":"Point","coordinates":[54.960172,24.763073]},"properties":{"growth_rank":147,"cluster_id":"GROW-023","grow_cell_count":1,"estimated_population_2025":916.1,"max_opportunity_score":71.35,"mean_opportunity_score":71.35,"market_anchor_name":null,"market_anchor_address":null,"best_h3_cell":"8743a108affffff","nearest_branch_name":"Jumeirah Park","nearest_branch_distance_km":37.058,"coverage_gap_pct":100.0,"observed_direct_competitors_within_3km":0,"confidence_score":70,"confidence_level":"MEDIUM","recommendation_explanation":"Strongest signals: coverage gap and population; main constraint: market activity. Internal income, rent, footfall and customer-origin data are unavailable.","recommendation":"GROW","cluster_priority_score":71.35,"priority_tier":"EMERGING","decision_limitations":"Population and accessibility opportunity signal only. Validate income, rent, footfall, suitable real estate and full competitor inventory before investment."}},{"type":"Feature","id":"GROW-074","geometry":{"type":"Point","coordinates":[55.453574,23.840333]},"properties":{"growth_rank":148,"cluster_id":"GROW-074","grow_cell_count":1,"estimated_population_2025":913.26,"max_opportunity_score":71.33,"mean_opportunity_score":71.33,"market_anchor_name":null,"market_anchor_address":null,"best_h3_cell":"8743a3294ffffff","nearest_branch_name":"Al Ain","nearest_branch_distance_km":47.801,"coverage_gap_pct":100.0,"observed_direct_competitors_within_3km":0,"confidence_score":70,"confidence_level":"MEDIUM","recommendation_explanation":"Strongest signals: coverage gap and population; main constraint: market activity. Internal income, rent, footfall and customer-origin data are unavailable.","recommendation":"GROW","cluster_priority_score":71.33,"priority_tier":"EMERGING","decision_limitations":"Population and accessibility opportunity signal only. Validate income, rent, footfall, suitable real estate and full competitor inventory before investment."}},{"type":"Feature","id":"GROW-067","geometry":{"type":"Point","coordinates":[55.457722,24.042799]},"properties":{"growth_rank":149,"cluster_id":"GROW-067","grow_cell_count":1,"estimated_population_2025":900.28,"max_opportunity_score":71.28,"mean_opportunity_score":71.28,"market_anchor_name":null,"market_anchor_address":null,"best_h3_cell":"8743a3205ffffff","nearest_branch_name":"Al Ain","nearest_branch_distance_km":28.971,"coverage_gap_pct":100.0,"observed_direct_competitors_within_3km":0,"confidence_score":70,"confidence_level":"MEDIUM","recommendation_explanation":"Strongest signals: coverage gap and population; main constraint: market activity. Internal income, rent, footfall and customer-origin data are unavailable.","recommendation":"GROW","cluster_priority_score":71.28,"priority_tier":"EMERGING","decision_limitations":"Population and accessibility opportunity signal only. Validate income, rent, footfall, suitable real estate and full competitor inventory before investment."}},{"type":"Feature","id":"GROW-086","geometry":{"type":"Point","coordinates":[54.868729,24.166705]},"properties":{"growth_rank":150,"cluster_id":"GROW-086","grow_cell_count":1,"estimated_population_2025":886.14,"max_opportunity_score":71.15,"mean_opportunity_score":71.15,"market_anchor_name":null,"market_anchor_address":null,"best_h3_cell":"8743a38eeffffff","nearest_branch_name":"Baniyas","nearest_branch_distance_km":27.95,"coverage_gap_pct":100.0,"observed_direct_competitors_within_3km":0,"confidence_score":70,"confidence_level":"MEDIUM","recommendation_explanation":"Strongest signals: coverage gap and population; main constraint: market activity. Internal income, rent, footfall and customer-origin data are unavailable.","recommendation":"GROW","cluster_priority_score":71.15,"priority_tier":"EMERGING","decision_limitations":"Population and accessibility opportunity signal only. Validate income, rent, footfall, suitable real estate and full competitor inventory before investment."}},{"type":"Feature","id":"GROW-161","geometry":{"type":"Point","coordinates":[55.695996,24.301167]},"properties":{"growth_rank":151,"cluster_id":"GROW-161","grow_cell_count":1,"estimated_population_2025":876.76,"max_opportunity_score":71.07,"mean_opportunity_score":71.07,"market_anchor_name":null,"market_anchor_address":null,"best_h3_cell":"8743aecc2ffffff","nearest_branch_name":"Al Ain","nearest_branch_distance_km":9.051,"coverage_gap_pct":100.0,"observed_direct_competitors_within_3km":0,"confidence_score":70,"confidence_level":"MEDIUM","recommendation_explanation":"Strongest signals: coverage gap and population; main constraint: market activity. Internal income, rent, footfall and customer-origin data are unavailable.","recommendation":"GROW","cluster_priority_score":71.07,"priority_tier":"EMERGING","decision_limitations":"Population and accessibility opportunity signal only. Validate income, rent, footfall, suitable real estate and full competitor inventory before investment."}},{"type":"Feature","id":"GROW-089","geometry":{"type":"Point","coordinates":[55.079591,24.119884]},"properties":{"growth_rank":152,"cluster_id":"GROW-089","grow_cell_count":1,"estimated_population_2025":868.62,"max_opportunity_score":71.03,"mean_opportunity_score":71.03,"market_anchor_name":null,"market_anchor_address":null,"best_h3_cell":"8743a3ab6ffffff","nearest_branch_name":"Baniyas","nearest_branch_distance_km":49.381,"coverage_gap_pct":100.0,"observed_direct_competitors_within_3km":0,"confidence_score":70,"confidence_level":"MEDIUM","recommendation_explanation":"Strongest signals: coverage gap and population; main constraint: market activity. Internal income, rent, footfall and customer-origin data are unavailable.","recommendation":"GROW","cluster_priority_score":71.03,"priority_tier":"EMERGING","decision_limitations":"Population and accessibility opportunity signal only. Validate income, rent, footfall, suitable real estate and full competitor inventory before investment."}},{"type":"Feature","id":"GROW-072","geometry":{"type":"Point","coordinates":[55.508846,24.096644]},"properties":{"growth_rank":153,"cluster_id":"GROW-072","grow_cell_count":1,"estimated_population_2025":866.9,"max_opportunity_score":71.03,"mean_opportunity_score":71.03,"market_anchor_name":null,"market_anchor_address":null,"best_h3_cell":"8743a3274ffffff","nearest_branch_name":"Al Ain","nearest_branch_distance_km":21.076,"coverage_gap_pct":100.0,"observed_direct_competitors_within_3km":0,"confidence_score":70,"confidence_level":"MEDIUM","recommendation_explanation":"Strongest signals: coverage gap and population; main constraint: market activity. Internal income, rent, footfall and customer-origin data are unavailable.","recommendation":"GROW","cluster_priority_score":71.03,"priority_tier":"EMERGING","decision_limitations":"Population and accessibility opportunity signal only. Validate income, rent, footfall, suitable real estate and full competitor inventory before investment."}},{"type":"Feature","id":"GROW-061","geometry":{"type":"Point","coordinates":[53.841628,23.671923]},"properties":{"growth_rank":154,"cluster_id":"GROW-061","grow_cell_count":1,"estimated_population_2025":860.33,"max_opportunity_score":70.95,"mean_opportunity_score":70.95,"market_anchor_name":null,"market_anchor_address":null,"best_h3_cell":"8743a282effffff","nearest_branch_name":"Al Dhafra Branch","nearest_branch_distance_km":13.874,"coverage_gap_pct":100.0,"observed_direct_competitors_within_3km":0,"confidence_score":70,"confidence_level":"MEDIUM","recommendation_explanation":"Strongest signals: coverage gap and population; main constraint: market activity. Internal income, rent, footfall and customer-origin data are unavailable.","recommendation":"GROW","cluster_priority_score":70.95,"priority_tier":"EMERGING","decision_limitations":"Population and accessibility opportunity signal only. Validate income, rent, footfall, suitable real estate and full competitor inventory before investment."}},{"type":"Feature","id":"GROW-043","geometry":{"type":"Point","coordinates":[55.230182,24.539394]},"properties":{"growth_rank":155,"cluster_id":"GROW-043","grow_cell_count":4,"estimated_population_2025":3239.3,"max_opportunity_score":71.12,"mean_opportunity_score":70.48,"market_anchor_name":null,"market_anchor_address":null,"best_h3_cell":"8743a16a1ffffff","nearest_branch_name":"Al Falah","nearest_branch_distance_km":48.462,"coverage_gap_pct":100.0,"observed_direct_competitors_within_3km":0,"confidence_score":70,"confidence_level":"MEDIUM","recommendation_explanation":"Strongest signals: coverage gap and population; main constraint: market activity. Internal income, rent, footfall and customer-origin data are unavailable.","recommendation":"GROW","cluster_priority_score":70.93,"priority_tier":"EMERGING","decision_limitations":"Population and accessibility opportunity signal only. Validate income, rent, footfall, suitable real estate and full competitor inventory before investment."}},{"type":"Feature","id":"GROW-156","geometry":{"type":"Point","coordinates":[56.209868,24.88437]},"properties":{"growth_rank":156,"cluster_id":"GROW-156","grow_cell_count":1,"estimated_population_2025":856.73,"max_opportunity_score":70.88,"mean_opportunity_score":70.88,"market_anchor_name":null,"market_anchor_address":null,"best_h3_cell":"8743aea58ffffff","nearest_branch_name":"Al Taif Mall","nearest_branch_distance_km":28.696,"coverage_gap_pct":100.0,"observed_direct_competitors_within_3km":0,"confidence_score":70,"confidence_level":"MEDIUM","recommendation_explanation":"Strongest signals: coverage gap and population; main constraint: market activity. Internal income, rent, footfall and customer-origin data are unavailable.","recommendation":"GROW","cluster_priority_score":70.88,"priority_tier":"EMERGING","decision_limitations":"Population and accessibility opportunity signal only. Validate income, rent, footfall, suitable real estate and full competitor inventory before investment."}},{"type":"Feature","id":"GROW-160","geometry":{"type":"Point","coordinates":[55.513183,24.299926]},"properties":{"growth_rank":157,"cluster_id":"GROW-160","grow_cell_count":1,"estimated_population_2025":831.58,"max_opportunity_score":70.64,"mean_opportunity_score":70.64,"market_anchor_name":null,"market_anchor_address":null,"best_h3_cell":"8743aeca5ffffff","nearest_branch_name":"Al Ain","nearest_branch_distance_km":16.964,"coverage_gap_pct":100.0,"observed_direct_competitors_within_3km":0,"confidence_score":70,"confidence_level":"MEDIUM","recommendation_explanation":"Strongest signals: coverage gap and population; main constraint: market activity. Internal income, rent, footfall and customer-origin data are unavailable.","recommendation":"GROW","cluster_priority_score":70.64,"priority_tier":"EMERGING","decision_limitations":"Population and accessibility opportunity signal only. Validate income, rent, footfall, suitable real estate and full competitor inventory before investment."}},{"type":"Feature","id":"GROW-134","geometry":{"type":"Point","coordinates":[55.618888,24.97076]},"properties":{"growth_rank":158,"cluster_id":"GROW-134","grow_cell_count":1,"estimated_population_2025":826.9,"max_opportunity_score":70.62,"mean_opportunity_score":70.62,"market_anchor_name":null,"market_anchor_address":null,"best_h3_cell":"8743ac59affffff","nearest_branch_name":"Nad Al Sheba","nearest_branch_distance_km":32.723,"coverage_gap_pct":100.0,"observed_direct_competitors_within_3km":0,"confidence_score":70,"confidence_level":"MEDIUM","recommendation_explanation":"Strongest signals: coverage gap and population; main constraint: market activity. Internal income, rent, footfall and customer-origin data are unavailable.","recommendation":"GROW","cluster_priority_score":70.62,"priority_tier":"EMERGING","decision_limitations":"Population and accessibility opportunity signal only. Validate income, rent, footfall, suitable real estate and full competitor inventory before investment."}},{"type":"Feature","id":"GROW-045","geometry":{"type":"Point","coordinates":[55.286811,24.539915]},"properties":{"growth_rank":159,"cluster_id":"GROW-045","grow_cell_count":1,"estimated_population_2025":826.73,"max_opportunity_score":70.6,"mean_opportunity_score":70.6,"market_anchor_name":null,"market_anchor_address":null,"best_h3_cell":"8743a168dffffff","nearest_branch_name":"Al Ain","nearest_branch_distance_km":51.395,"coverage_gap_pct":100.0,"observed_direct_competitors_within_3km":0,"confidence_score":70,"confidence_level":"MEDIUM","recommendation_explanation":"Strongest signals: coverage gap and population; main constraint: market activity. Internal income, rent, footfall and customer-origin data are unavailable.","recommendation":"GROW","cluster_priority_score":70.6,"priority_tier":"EMERGING","decision_limitations":"Population and accessibility opportunity signal only. Validate income, rent, footfall, suitable real estate and full competitor inventory before investment."}},{"type":"Feature","id":"GROW-004","geometry":{"type":"Point","coordinates":[54.342334,24.485354]},"properties":{"growth_rank":160,"cluster_id":"GROW-004","grow_cell_count":1,"estimated_population_2025":3977.5,"max_opportunity_score":70.54,"mean_opportunity_score":70.54,"market_anchor_name":"Tryp by Wyndham Abu Dhabi","market_anchor_address":"Khalifa Bin Zayed The First St - Al Danah - Zone 1 - Abu Dhabi","best_h3_cell":"8743a0220ffffff","nearest_branch_name":"Khaleej Al Arabi","nearest_branch_distance_km":3.164,"coverage_gap_pct":70.25,"observed_direct_competitors_within_3km":35,"confidence_score":70,"confidence_level":"MEDIUM","recommendation_explanation":"Strongest signals: market activity and population; main constraint: competition headroom. Internal income, rent, footfall and customer-origin data are unavailable.","recommendation":"GROW","cluster_priority_score":70.54,"priority_tier":"EMERGING","decision_limitations":"Population and accessibility opportunity signal only. Validate income, rent, footfall, suitable real estate and full competitor inventory before investment."}},{"type":"Feature","id":"GROW-090","geometry":{"type":"Point","coordinates":[55.341502,24.238227]},"properties":{"growth_rank":161,"cluster_id":"GROW-090","grow_cell_count":1,"estimated_population_2025":814.59,"max_opportunity_score":70.45,"mean_opportunity_score":70.45,"market_anchor_name":null,"market_anchor_address":null,"best_h3_cell":"8743a3ac8ffffff","nearest_branch_name":"Al Ain","nearest_branch_distance_km":32.318,"coverage_gap_pct":100.0,"observed_direct_competitors_within_3km":0,"confidence_score":70,"confidence_level":"MEDIUM","recommendation_explanation":"Strongest signals: coverage gap and population; main constraint: market activity. Internal income, rent, footfall and customer-origin data are unavailable.","recommendation":"GROW","cluster_priority_score":70.45,"priority_tier":"EMERGING","decision_limitations":"Population and accessibility opportunity signal only. Validate income, rent, footfall, suitable real estate and full competitor inventory before investment."}},{"type":"Feature","id":"GROW-026","geometry":{"type":"Point","coordinates":[54.886464,24.82958]},"properties":{"growth_rank":162,"cluster_id":"GROW-026","grow_cell_count":1,"estimated_population_2025":805.98,"max_opportunity_score":70.4,"mean_opportunity_score":70.4,"market_anchor_name":null,"market_anchor_address":null,"best_h3_cell":"8743a10acffffff","nearest_branch_name":"Jumeirah Park","nearest_branch_distance_km":36.57,"coverage_gap_pct":100.0,"observed_direct_competitors_within_3km":0,"confidence_score":70,"confidence_level":"MEDIUM","recommendation_explanation":"Strongest signals: coverage gap and population; main constraint: market activity. Internal income, rent, footfall and customer-origin data are unavailable.","recommendation":"GROW","cluster_priority_score":70.4,"priority_tier":"EMERGING","decision_limitations":"Population and accessibility opportunity signal only. Validate income, rent, footfall, suitable real estate and full competitor inventory before investment."}},{"type":"Feature","id":"GROW-167","geometry":{"type":"Point","coordinates":[51.998629,24.177928]},"properties":{"growth_rank":163,"cluster_id":"GROW-167","grow_cell_count":1,"estimated_population_2025":802.71,"max_opportunity_score":70.36,"mean_opportunity_score":70.36,"market_anchor_name":null,"market_anchor_address":null,"best_h3_cell":"87534d1a8ffffff","nearest_branch_name":"Al Dhafra Branch","nearest_branch_distance_km":184.799,"coverage_gap_pct":100.0,"observed_direct_competitors_within_3km":0,"confidence_score":70,"confidence_level":"MEDIUM","recommendation_explanation":"Strongest signals: coverage gap and population; main constraint: market activity. Internal income, rent, footfall and customer-origin data are unavailable.","recommendation":"GROW","cluster_priority_score":70.36,"priority_tier":"EMERGING","decision_limitations":"Population and accessibility opportunity signal only. Validate income, rent, footfall, suitable real estate and full competitor inventory before investment."}},{"type":"Feature","id":"GROW-136","geometry":{"type":"Point","coordinates":[56.21466,25.224353]},"properties":{"growth_rank":164,"cluster_id":"GROW-136","grow_cell_count":1,"estimated_population_2025":795.31,"max_opportunity_score":70.31,"mean_opportunity_score":70.31,"market_anchor_name":null,"market_anchor_address":null,"best_h3_cell":"8743ac656ffffff","nearest_branch_name":"Al Taif Mall","nearest_branch_distance_km":16.064,"coverage_gap_pct":100.0,"observed_direct_competitors_within_3km":0,"confidence_score":70,"confidence_level":"MEDIUM","recommendation_explanation":"Strongest signals: coverage gap and population; main constraint: market activity. Internal income, rent, footfall and customer-origin data are unavailable.","recommendation":"GROW","cluster_priority_score":70.31,"priority_tier":"EMERGING","decision_limitations":"Population and accessibility opportunity signal only. Validate income, rent, footfall, suitable real estate and full competitor inventory before investment."}},{"type":"Feature","id":"GROW-028","geometry":{"type":"Point","coordinates":[54.805837,24.823984]},"properties":{"growth_rank":165,"cluster_id":"GROW-028","grow_cell_count":1,"estimated_population_2025":785.34,"max_opportunity_score":70.26,"mean_opportunity_score":70.26,"market_anchor_name":null,"market_anchor_address":null,"best_h3_cell":"8743a118affffff","nearest_branch_name":"Shahama","nearest_branch_distance_km":35.959,"coverage_gap_pct":100.0,"observed_direct_competitors_within_3km":0,"confidence_score":70,"confidence_level":"MEDIUM","recommendation_explanation":"Strongest signals: coverage gap and population; main constraint: market activity. Internal income, rent, footfall and customer-origin data are unavailable.","recommendation":"GROW","cluster_priority_score":70.26,"priority_tier":"EMERGING","decision_limitations":"Population and accessibility opportunity signal only. Validate income, rent, footfall, suitable real estate and full competitor inventory before investment."}},{"type":"Feature","id":"GROW-137","geometry":{"type":"Point","coordinates":[56.289834,25.270227]},"properties":{"growth_rank":166,"cluster_id":"GROW-137","grow_cell_count":1,"estimated_population_2025":782.46,"max_opportunity_score":70.23,"mean_opportunity_score":70.23,"market_anchor_name":null,"market_anchor_address":null,"best_h3_cell":"8743ac65dffffff","nearest_branch_name":"Al Taif Mall","nearest_branch_distance_km":17.054,"coverage_gap_pct":100.0,"observed_direct_competitors_within_3km":0,"confidence_score":70,"confidence_level":"MEDIUM","recommendation_explanation":"Strongest signals: coverage gap and population; main constraint: market activity. Internal income, rent, footfall and customer-origin data are unavailable.","recommendation":"GROW","cluster_priority_score":70.23,"priority_tier":"EMERGING","decision_limitations":"Population and accessibility opportunity signal only. Validate income, rent, footfall, suitable real estate and full competitor inventory before investment."}},{"type":"Feature","id":"GROW-054","geometry":{"type":"Point","coordinates":[54.239695,22.971153]},"properties":{"growth_rank":167,"cluster_id":"GROW-054","grow_cell_count":1,"estimated_population_2025":781.85,"max_opportunity_score":70.23,"mean_opportunity_score":70.23,"market_anchor_name":null,"market_anchor_address":null,"best_h3_cell":"8743a24c4ffffff","nearest_branch_name":"Al Dhafra Branch","nearest_branch_distance_km":90.645,"coverage_gap_pct":100.0,"observed_direct_competitors_within_3km":0,"confidence_score":70,"confidence_level":"MEDIUM","recommendation_explanation":"Strongest signals: coverage gap and population; main constraint: market activity. Internal income, rent, footfall and customer-origin data are unavailable.","recommendation":"GROW","cluster_priority_score":70.23,"priority_tier":"EMERGING","decision_limitations":"Population and accessibility opportunity signal only. Validate income, rent, footfall, suitable real estate and full competitor inventory before investment."}},{"type":"Feature","id":"GROW-075","geometry":{"type":"Point","coordinates":[55.43925,23.920251]},"properties":{"growth_rank":168,"cluster_id":"GROW-075","grow_cell_count":1,"estimated_population_2025":780.8,"max_opportunity_score":70.21,"mean_opportunity_score":70.21,"market_anchor_name":null,"market_anchor_address":null,"best_h3_cell":"8743a32a0ffffff","nearest_branch_name":"Al Ain","nearest_branch_distance_km":40.782,"coverage_gap_pct":100.0,"observed_direct_competitors_within_3km":0,"confidence_score":70,"confidence_level":"MEDIUM","recommendation_explanation":"Strongest signals: coverage gap and population; main constraint: market activity. Internal income, rent, footfall and customer-origin data are unavailable.","recommendation":"GROW","cluster_priority_score":70.21,"priority_tier":"EMERGING","decision_limitations":"Population and accessibility opportunity signal only. Validate income, rent, footfall, suitable real estate and full competitor inventory before investment."}},{"type":"Feature","id":"GROW-027","geometry":{"type":"Point","coordinates":[54.761719,24.841355]},"properties":{"growth_rank":169,"cluster_id":"GROW-027","grow_cell_count":1,"estimated_population_2025":772.69,"max_opportunity_score":70.15,"mean_opportunity_score":70.15,"market_anchor_name":null,"market_anchor_address":null,"best_h3_cell":"8743a1181ffffff","nearest_branch_name":"Shahama","nearest_branch_distance_km":36.396,"coverage_gap_pct":100.0,"observed_direct_competitors_within_3km":0,"confidence_score":70,"confidence_level":"MEDIUM","recommendation_explanation":"Strongest signals: coverage gap and population; main constraint: market activity. Internal income, rent, footfall and customer-origin data are unavailable.","recommendation":"GROW","cluster_priority_score":70.15,"priority_tier":"EMERGING","decision_limitations":"Population and accessibility opportunity signal only. Validate income, rent, footfall, suitable real estate and full competitor inventory before investment."}},{"type":"Feature","id":"GROW-091","geometry":{"type":"Point","coordinates":[55.126092,24.417317]},"properties":{"growth_rank":170,"cluster_id":"GROW-091","grow_cell_count":1,"estimated_population_2025":759.38,"max_opportunity_score":70.05,"mean_opportunity_score":70.05,"market_anchor_name":null,"market_anchor_address":null,"best_h3_cell":"8743a3b43ffffff","nearest_branch_name":"Al Falah","nearest_branch_distance_km":39.222,"coverage_gap_pct":100.0,"observed_direct_competitors_within_3km":0,"confidence_score":70,"confidence_level":"MEDIUM","recommendation_explanation":"Strongest signals: coverage gap and population; main constraint: market activity. Internal income, rent, footfall and customer-origin data are unavailable.","recommendation":"GROW","cluster_priority_score":70.05,"priority_tier":"EMERGING","decision_limitations":"Population and accessibility opportunity signal only. Validate income, rent, footfall, suitable real estate and full competitor inventory before investment."}},{"type":"Feature","id":"GROW-078","geometry":{"type":"Point","coordinates":[55.434674,23.496844]},"properties":{"growth_rank":171,"cluster_id":"GROW-078","grow_cell_count":1,"estimated_population_2025":755.83,"max_opportunity_score":70.0,"mean_opportunity_score":70.0,"market_anchor_name":null,"market_anchor_address":null,"best_h3_cell":"8743a369cffffff","nearest_branch_name":"Al Ain","nearest_branch_distance_km":84.327,"coverage_gap_pct":100.0,"observed_direct_competitors_within_3km":0,"confidence_score":70,"confidence_level":"MEDIUM","recommendation_explanation":"Strongest signals: coverage gap and population; main constraint: market activity. Internal income, rent, footfall and customer-origin data are unavailable.","recommendation":"GROW","cluster_priority_score":70.0,"priority_tier":"EMERGING","decision_limitations":"Population and accessibility opportunity signal only. Validate income, rent, footfall, suitable real estate and full competitor inventory before investment."}}]}