review_rank,growth_rank,cluster_id,grow_cell_count,estimated_population_2025,max_opportunity_score,mean_opportunity_score,centroid_latitude,centroid_longitude,market_anchor_name,market_anchor_address,best_h3_cell,h3_cell,recommendation_explanation,population_data_scope,competitor_data_scope,catchment_data_scope,recommendation,cluster_priority_score,priority_tier,decision_limitations,candidate_latitude,candidate_longitude,estimated_population_2025_cell,coverage_gap_pct,nearest_branch_name,nearest_branch_distance_km,observed_competitors_within_3km,observed_direct_competitors_within_3km,opportunity_score,confidence_score,confidence_level,cell_recommendation,cell_market_anchor_name,cell_market_anchor_address,candidate_label,sanity_flags,sanity_status,sanity_penalty,sanity_adjusted_score,candidate_type,required_next_checks
1,1,GROW-022,395,2951089.92,92.48,79.15,25.208354,55.386252,DoubleTree by Hilton Dubai M Square Hotel & Residences,Sheikh Khalifa Bin Zayed St - Mankhool - Dubai,8743acd99ffffff,8743acd99ffffff,"Strongest signals: coverage gap and population; main constraint: competition headroom. Internal income, rent, footfall and customer-origin data are unavailable.",WorldPop Global2 R2025A v1; UAE constrained population count; 2025; approximately 100m; people per pixel,Observed Google Places competitors from the defined adaptive search; not an exhaustive UAE business census,Modelled 10-minute destination drive-time catchments using OpenRouteService and OpenStreetMap roads; not live traffic or observed customer origins,GROW,88.48,HIGH,"Population and accessibility opportunity signal only. Validate income, rent, footfall, suitable real estate and full competitor inventory before investment.",25.268386265037847,55.29789647608391,21169.76,100.0,City Walk,8.14,2,0,92.48,70,MEDIUM,GROW,DoubleTree by Hilton Dubai M Square Hotel & Residences,Sheikh Khalifa Bin Zayed St - Mankhool - Dubai,Search area near DoubleTree by Hilton Dubai M Square Hotel & Residences,BROAD_CLUSTER_REQUIRES_SUBMARKET_SPLIT;NO_DIRECT_COMPETITOR_OBSERVATIONS,SHORTLIST_AFTER_SPLIT,4,84.48,H3 SEARCH AREA — NOT A FINAL STORE SITE,"Verify suitable retail unit, rent, footfall, income/spend, female target demand, full competitor inventory, live travel times and cannibalization before investment."
2,2,GROW-005,10,32637.84,86.87,77.54,24.532656,54.414883,BE RELAX SPA - L.L.C,250 Al Meena St - Al Zahiyah - E14 - Abu Dhabi,8743a0353ffffff,8743a0353ffffff,"Strongest signals: coverage gap and population; main constraint: competition headroom. Internal income, rent, footfall and customer-origin data are unavailable.",WorldPop Global2 R2025A v1; UAE constrained population count; 2025; approximately 100m; people per pixel,Observed Google Places competitors from the defined adaptive search; not an exhaustive UAE business census,Modelled 10-minute destination drive-time catchments using OpenRouteService and OpenStreetMap roads; not live traffic or observed customer origins,GROW,84.07,HIGH,"Population and accessibility opportunity signal only. Validate income, rent, footfall, suitable real estate and full competitor inventory before investment.",24.5283275233625,54.37444944565229,7916.46,92.9,Delma,6.794,1,0,86.87,70,MEDIUM,GROW,BE RELAX SPA - L.L.C,250 Al Meena St - Al Zahiyah - E14 - Abu Dhabi,Search area near BE RELAX SPA - L.L.C,NO_DIRECT_COMPETITOR_OBSERVATIONS,SHORTLIST,0,84.07,H3 SEARCH AREA — NOT A FINAL STORE SITE,"Verify suitable retail unit, rent, footfall, income/spend, female target demand, full competitor inventory, live travel times and cannibalization before investment."
3,7,GROW-006,4,12708.2,83.88,79.2,24.442521,54.512338,Massage Relax Olivia Lounge,CGCH+J94 - Khalifa City - SW17 - Abu Dhabi,8743a02ecffffff,8743a02ecffffff,"Strongest signals: coverage gap and market activity; main constraint: competition headroom. Internal income, rent, footfall and customer-origin data are unavailable.",WorldPop Global2 R2025A v1; UAE constrained population count; 2025; approximately 100m; people per pixel,Observed Google Places competitors from the defined adaptive search; not an exhaustive UAE business census,Modelled 10-minute destination drive-time catchments using OpenRouteService and OpenStreetMap roads; not live traffic or observed customer origins,GROW,82.48,HIGH,"Population and accessibility opportunity signal only. Validate income, rent, footfall, suitable real estate and full competitor inventory before investment.",24.44799137787295,54.531889838722975,2394.45,100.0,Al Maqta,5.535,1,0,83.88,70,MEDIUM,GROW,Massage Relax Olivia Lounge,CGCH+J94 - Khalifa City - SW17 - Abu Dhabi,Search area near Massage Relax Olivia Lounge,NO_DIRECT_COMPETITOR_OBSERVATIONS,SHORTLIST,0,82.48,H3 SEARCH AREA — NOT A FINAL STORE SITE,"Verify suitable retail unit, rent, footfall, income/spend, female target demand, full competitor inventory, live travel times and cannibalization before investment."
4,12,GROW-035,28,112130.41,83.46,76.26,24.374512,54.725866,OMBRÉ SALON صالون أومبري,9PVH+FP5 - Al Shamkhah - SH7 - Abu Dhabi,8743a3968ffffff,8743a3968ffffff,"Strongest signals: coverage gap and population; main constraint: competition headroom. Internal income, rent, footfall and customer-origin data are unavailable.",WorldPop Global2 R2025A v1; UAE constrained population count; 2025; approximately 100m; people per pixel,Observed Google Places competitors from the defined adaptive search; not an exhaustive UAE business census,Modelled 10-minute destination drive-time catchments using OpenRouteService and OpenStreetMap roads; not live traffic or observed customer origins,GROW,81.3,MEDIUM,"Population and accessibility opportunity signal only. Validate income, rent, footfall, suitable real estate and full competitor inventory before investment.",24.378899062622512,54.70720463792458,13106.07,100.0,Al Falah,7.84,3,3,83.46,70,MEDIUM,GROW,OMBRÉ SALON صالون أومبري,9PVH+FP5 - Al Shamkhah - SH7 - Abu Dhabi,Search area near OMBRÉ SALON صالون أومبري,NONE,SHORTLIST,0,81.3,H3 SEARCH AREA — NOT A FINAL STORE SITE,"Verify suitable retail unit, rent, footfall, income/spend, female target demand, full competitor inventory, live travel times and cannibalization before investment."
5,3,GROW-116,108,334488.45,86.51,76.69,25.767257,55.972257,purple crystal massage,Ras Al-Khaimah - Al Nakheel - Ras Al Khaimah,8743acae0ffffff,8743acae0ffffff,"Strongest signals: coverage gap and market activity; main constraint: competition headroom. Internal income, rent, footfall and customer-origin data are unavailable.",WorldPop Global2 R2025A v1; UAE constrained population count; 2025; approximately 100m; people per pixel,Observed Google Places competitors from the defined adaptive search; not an exhaustive UAE business census,Modelled 10-minute destination drive-time catchments using OpenRouteService and OpenStreetMap roads; not live traffic or observed customer origins,GROW,83.56,HIGH,"Population and accessibility opportunity signal only. Validate income, rent, footfall, suitable real estate and full competitor inventory before investment.",25.81995654012829,55.96786850194727,4139.91,100.0,Ras Al Khaimah,8.998,1,0,86.51,70,MEDIUM,GROW,purple crystal massage,Ras Al-Khaimah - Al Nakheel - Ras Al Khaimah,Search area near purple crystal massage,BROAD_CLUSTER_REQUIRES_SUBMARKET_SPLIT;NO_DIRECT_COMPETITOR_OBSERVATIONS,SHORTLIST_AFTER_SPLIT,4,79.56,H3 SEARCH AREA — NOT A FINAL STORE SITE,"Verify suitable retail unit, rent, footfall, income/spend, female target demand, full competitor inventory, live travel times and cannibalization before investment."
6,50,GROW-034,2,18818.78,78.06,75.55,25.166809,55.207829,Yinyang Connection Spa,Shop No 8 & 9 Al Ferdous 4 - Al Wasl Rd - Al Safa First - Dubai,8743a1362ffffff,8743a1362ffffff,"Strongest signals: market activity and population; main constraint: competition headroom. Internal income, rent, footfall and customer-origin data are unavailable.",WorldPop Global2 R2025A v1; UAE constrained population count; 2025; approximately 100m; people per pixel,Observed Google Places competitors from the defined adaptive search; not an exhaustive UAE business census,Modelled 10-minute destination drive-time catchments using OpenRouteService and OpenStreetMap roads; not live traffic or observed customer origins,GROW,77.31,MEDIUM,"Population and accessibility opportunity signal only. Validate income, rent, footfall, suitable real estate and full competitor inventory before investment.",25.16996064880569,55.212869798117005,13679.38,80.72,City Walk,6.242,35,29,78.06,70,MEDIUM,GROW,Yinyang Connection Spa,Shop No 8 & 9 Al Ferdous 4 - Al Wasl Rd - Al Safa First - Dubai,Search area near Yinyang Connection Spa,NONE,SHORTLIST,0,77.31,H3 SEARCH AREA — NOT A FINAL STORE SITE,"Verify suitable retail unit, rent, footfall, income/spend, female target demand, full competitor inventory, live travel times and cannibalization before investment."
7,4,GROW-112,24,177869.13,84.93,78.03,25.04605,56.340164,,,8743a8d0dffffff,8743a8d0dffffff,"Strongest signals: coverage gap and population; main constraint: market activity. Internal income, rent, footfall and customer-origin data are unavailable.",WorldPop Global2 R2025A v1; UAE constrained population count; 2025; approximately 100m; people per pixel,Observed Google Places competitors from the defined adaptive search; not an exhaustive UAE business census,Modelled 10-minute destination drive-time catchments using OpenRouteService and OpenStreetMap roads; not live traffic or observed customer origins,GROW,82.86,HIGH,"Population and accessibility opportunity signal only. Validate income, rent, footfall, suitable real estate and full competitor inventory before investment.",25.036670979737337,56.349420231374665,27674.37,100.0,Al Taif Mall,9.606,0,0,84.93,70,MEDIUM,GROW,,,"Search area near 25.0367, 56.3494",NO_LOCAL_COMPETITOR_OBSERVATIONS;NO_NAMED_MARKET_ANCHOR,REVIEW_DATA_GAP,8,74.86,H3 SEARCH AREA — NOT A FINAL STORE SITE,"Verify suitable retail unit, rent, footfall, income/spend, female target demand, full competitor inventory, live travel times and cannibalization before investment."
8,5,GROW-111,35,194173.55,84.83,78.2,25.327955,56.348834,,,8743a8923ffffff,8743a8923ffffff,"Strongest signals: coverage gap and population; main constraint: market activity. Internal income, rent, footfall and customer-origin data are unavailable.",WorldPop Global2 R2025A v1; UAE constrained population count; 2025; approximately 100m; people per pixel,Observed Google Places competitors from the defined adaptive search; not an exhaustive UAE business census,Modelled 10-minute destination drive-time catchments using OpenRouteService and OpenStreetMap roads; not live traffic or observed customer origins,GROW,82.84,HIGH,"Population and accessibility opportunity signal only. Validate income, rent, footfall, suitable real estate and full competitor inventory before investment.",25.3980176524145,56.35155168467461,25302.94,100.0,Al Taif Mall,30.997,0,0,84.83,70,MEDIUM,GROW,,,"Search area near 25.3980, 56.3516",NO_LOCAL_COMPETITOR_OBSERVATIONS;NO_NAMED_MARKET_ANCHOR,REVIEW_DATA_GAP,8,74.84,H3 SEARCH AREA — NOT A FINAL STORE SITE,"Verify suitable retail unit, rent, footfall, income/spend, female target demand, full competitor inventory, live travel times and cannibalization before investment."
9,6,GROW-153,20,114041.32,83.69,79.67,24.821377,56.085995,,,8743aeae6ffffff,8743aeae6ffffff,"Strongest signals: coverage gap and population; main constraint: market activity. Internal income, rent, footfall and customer-origin data are unavailable.",WorldPop Global2 R2025A v1; UAE constrained population count; 2025; approximately 100m; people per pixel,Observed Google Places competitors from the defined adaptive search; not an exhaustive UAE business census,Modelled 10-minute destination drive-time catchments using OpenRouteService and OpenStreetMap roads; not live traffic or observed customer origins,GROW,82.48,HIGH,"Population and accessibility opportunity signal only. Validate income, rent, footfall, suitable real estate and full competitor inventory before investment.",24.80711459829465,56.12002876463003,14188.11,100.0,Al Taif Mall,40.507,0,0,83.69,70,MEDIUM,GROW,,,"Search area near 24.8071, 56.1200",NO_LOCAL_COMPETITOR_OBSERVATIONS;NO_NAMED_MARKET_ANCHOR,REVIEW_DATA_GAP,8,74.48,H3 SEARCH AREA — NOT A FINAL STORE SITE,"Verify suitable retail unit, rent, footfall, income/spend, female target demand, full competitor inventory, live travel times and cannibalization before investment."
10,8,GROW-122,12,61302.8,83.7,78.4,25.602038,56.274887,,,8743ac272ffffff,8743ac272ffffff,"Strongest signals: coverage gap and population; main constraint: market activity. Internal income, rent, footfall and customer-origin data are unavailable.",WorldPop Global2 R2025A v1; UAE constrained population count; 2025; approximately 100m; people per pixel,Observed Google Places competitors from the defined adaptive search; not an exhaustive UAE business census,Modelled 10-minute destination drive-time catchments using OpenRouteService and OpenStreetMap roads; not live traffic or observed customer origins,GROW,82.11,HIGH,"Population and accessibility opportunity signal only. Validate income, rent, footfall, suitable real estate and full competitor inventory before investment.",25.621137951746245,56.27273151918336,14584.91,100.0,Ras Al Khaimah,38.217,0,0,83.7,70,MEDIUM,GROW,,,"Search area near 25.6211, 56.2727",NO_LOCAL_COMPETITOR_OBSERVATIONS;NO_NAMED_MARKET_ANCHOR,REVIEW_DATA_GAP,8,74.11,H3 SEARCH AREA — NOT A FINAL STORE SITE,"Verify suitable retail unit, rent, footfall, income/spend, female target demand, full competitor inventory, live travel times and cannibalization before investment."
11,108,GROW-038,2,3433.81,73.7,73.56,24.474417,54.700293,Nailbox Beauty Salon,Abu Dhabi - Al Reef - Abu Dhabi,8743a1581ffffff,8743a1581ffffff,"Strongest signals: coverage gap and market activity; main constraint: competition headroom. Internal income, rent, footfall and customer-origin data are unavailable.",WorldPop Global2 R2025A v1; UAE constrained population count; 2025; approximately 100m; people per pixel,Observed Google Places competitors from the defined adaptive search; not an exhaustive UAE business census,Modelled 10-minute destination drive-time catchments using OpenRouteService and OpenStreetMap roads; not live traffic or observed customer origins,GROW,73.66,EMERGING,"Population and accessibility opportunity signal only. Validate income, rent, footfall, suitable real estate and full competitor inventory before investment.",24.479227926071864,54.68809698284465,1524.79,96.3,Shahama,5.281,3,3,73.7,70,MEDIUM,GROW,Nailbox Beauty Salon,Abu Dhabi - Al Reef - Abu Dhabi,Search area near Nailbox Beauty Salon,NONE,SHORTLIST,0,73.66,H3 SEARCH AREA — NOT A FINAL STORE SITE,"Verify suitable retail unit, rent, footfall, income/spend, female target demand, full competitor inventory, live travel times and cannibalization before investment."
12,10,GROW-099,35,131081.82,82.99,77.73,24.0991,52.704303,,,8743a691cffffff,8743a691cffffff,"Strongest signals: coverage gap and population; main constraint: market activity. Internal income, rent, footfall and customer-origin data are unavailable.",WorldPop Global2 R2025A v1; UAE constrained population count; 2025; approximately 100m; people per pixel,Observed Google Places competitors from the defined adaptive search; not an exhaustive UAE business census,Modelled 10-minute destination drive-time catchments using OpenRouteService and OpenStreetMap roads; not live traffic or observed customer origins,GROW,81.41,MEDIUM,"Population and accessibility opportunity signal only. Validate income, rent, footfall, suitable real estate and full competitor inventory before investment.",24.07317808502267,52.66125228632784,10346.11,100.0,Al Dhafra Branch,117.961,0,0,82.99,70,MEDIUM,GROW,,,"Search area near 24.0732, 52.6613",NO_LOCAL_COMPETITOR_OBSERVATIONS;NO_NAMED_MARKET_ANCHOR,REVIEW_DATA_GAP,8,73.41,H3 SEARCH AREA — NOT A FINAL STORE SITE,"Verify suitable retail unit, rent, footfall, income/spend, female target demand, full competitor inventory, live travel times and cannibalization before investment."
13,13,GROW-007,16,69206.92,82.58,77.83,24.323038,54.476941,,,8743a0288ffffff,8743a0288ffffff,"Strongest signals: coverage gap and population; main constraint: market activity. Internal income, rent, footfall and customer-origin data are unavailable.",WorldPop Global2 R2025A v1; UAE constrained population count; 2025; approximately 100m; people per pixel,Observed Google Places competitors from the defined adaptive search; not an exhaustive UAE business census,Modelled 10-minute destination drive-time catchments using OpenRouteService and OpenStreetMap roads; not live traffic or observed customer origins,GROW,81.16,MEDIUM,"Population and accessibility opportunity signal only. Validate income, rent, footfall, suitable real estate and full competitor inventory before investment.",24.32217411644617,54.47526689386773,9028.65,100.0,Mohammed Bin Zayed City,8.25,0,0,82.58,70,MEDIUM,GROW,,,"Search area near 24.3222, 54.4753",NO_LOCAL_COMPETITOR_OBSERVATIONS;NO_NAMED_MARKET_ANCHOR,REVIEW_DATA_GAP,8,73.16,H3 SEARCH AREA — NOT A FINAL STORE SITE,"Verify suitable retail unit, rent, footfall, income/spend, female target demand, full competitor inventory, live travel times and cannibalization before investment."
14,14,GROW-128,11,30869.39,83.2,75.96,25.136099,55.877552,,,8743ac45affffff,8743ac45affffff,"Strongest signals: coverage gap and population; main constraint: market activity. Internal income, rent, footfall and customer-origin data are unavailable.",WorldPop Global2 R2025A v1; UAE constrained population count; 2025; approximately 100m; people per pixel,Observed Google Places competitors from the defined adaptive search; not an exhaustive UAE business census,Modelled 10-minute destination drive-time catchments using OpenRouteService and OpenStreetMap roads; not live traffic or observed customer origins,GROW,81.03,MEDIUM,"Population and accessibility opportunity signal only. Validate income, rent, footfall, suitable real estate and full competitor inventory before investment.",25.13133310577727,55.87913532917296,11177.85,100.0,Al Taif Mall,44.939,0,0,83.2,70,MEDIUM,GROW,,,"Search area near 25.1313, 55.8791",NO_LOCAL_COMPETITOR_OBSERVATIONS;NO_NAMED_MARKET_ANCHOR,REVIEW_DATA_GAP,8,73.03,H3 SEARCH AREA — NOT A FINAL STORE SITE,"Verify suitable retail unit, rent, footfall, income/spend, female target demand, full competitor inventory, live travel times and cannibalization before investment."
15,15,GROW-130,38,111277.7,82.82,76.69,24.979731,55.813057,,,8743ac488ffffff,8743ac488ffffff,"Strongest signals: coverage gap and population; main constraint: market activity. Internal income, rent, footfall and customer-origin data are unavailable.",WorldPop Global2 R2025A v1; UAE constrained population count; 2025; approximately 100m; people per pixel,Observed Google Places competitors from the defined adaptive search; not an exhaustive UAE business census,Modelled 10-minute destination drive-time catchments using OpenRouteService and OpenStreetMap roads; not live traffic or observed customer origins,GROW,80.98,MEDIUM,"Population and accessibility opportunity signal only. Validate income, rent, footfall, suitable real estate and full competitor inventory before investment.",24.98116617117039,55.7815902832608,9754.14,100.0,Mirdif 35,44.856,0,0,82.82,70,MEDIUM,GROW,,,"Search area near 24.9812, 55.7816",NO_LOCAL_COMPETITOR_OBSERVATIONS;NO_NAMED_MARKET_ANCHOR,REVIEW_DATA_GAP,8,72.98,H3 SEARCH AREA — NOT A FINAL STORE SITE,"Verify suitable retail unit, rent, footfall, income/spend, female target demand, full competitor inventory, live travel times and cannibalization before investment."
16,16,GROW-097,6,19499.19,82.17,77.18,23.841973,53.636321,,,8743a62c4ffffff,8743a62c4ffffff,"Strongest signals: coverage gap and population; main constraint: market activity. Internal income, rent, footfall and customer-origin data are unavailable.",WorldPop Global2 R2025A v1; UAE constrained population count; 2025; approximately 100m; people per pixel,Observed Google Places competitors from the defined adaptive search; not an exhaustive UAE business census,Modelled 10-minute destination drive-time catchments using OpenRouteService and OpenStreetMap roads; not live traffic or observed customer origins,GROW,80.67,MEDIUM,"Population and accessibility opportunity signal only. Validate income, rent, footfall, suitable real estate and full competitor inventory before investment.",23.83844956894258,53.64805332529844,8180.32,100.0,Al Dhafra Branch,24.342,0,0,82.17,70,MEDIUM,GROW,,,"Search area near 23.8384, 53.6481",NO_LOCAL_COMPETITOR_OBSERVATIONS;NO_NAMED_MARKET_ANCHOR,REVIEW_DATA_GAP,8,72.67,H3 SEARCH AREA — NOT A FINAL STORE SITE,"Verify suitable retail unit, rent, footfall, income/spend, female target demand, full competitor inventory, live travel times and cannibalization before investment."
17,17,GROW-030,50,135898.04,82.49,76.05,24.946241,55.440771,,,8743a12c8ffffff,8743a12c8ffffff,"Strongest signals: coverage gap and population; main constraint: market activity. Internal income, rent, footfall and customer-origin data are unavailable.",WorldPop Global2 R2025A v1; UAE constrained population count; 2025; approximately 100m; people per pixel,Observed Google Places competitors from the defined adaptive search; not an exhaustive UAE business census,Modelled 10-minute destination drive-time catchments using OpenRouteService and OpenStreetMap roads; not live traffic or observed customer origins,GROW,80.56,MEDIUM,"Population and accessibility opportunity signal only. Validate income, rent, footfall, suitable real estate and full competitor inventory before investment.",24.96284748234521,55.49701056041753,8895.65,100.0,Nad Al Sheba,25.356,0,0,82.49,70,MEDIUM,GROW,,,"Search area near 24.9628, 55.4970",NO_LOCAL_COMPETITOR_OBSERVATIONS;NO_NAMED_MARKET_ANCHOR,REVIEW_DATA_GAP,8,72.56,H3 SEARCH AREA — NOT A FINAL STORE SITE,"Verify suitable retail unit, rent, footfall, income/spend, female target demand, full competitor inventory, live travel times and cannibalization before investment."
18,18,GROW-031,8,36645.22,81.78,77.6,25.11765,55.139578,,,8743a1328ffffff,8743a1328ffffff,"Strongest signals: coverage gap and population; main constraint: market activity. Internal income, rent, footfall and customer-origin data are unavailable.",WorldPop Global2 R2025A v1; UAE constrained population count; 2025; approximately 100m; people per pixel,Observed Google Places competitors from the defined adaptive search; not an exhaustive UAE business census,Modelled 10-minute destination drive-time catchments using OpenRouteService and OpenStreetMap roads; not live traffic or observed customer origins,GROW,80.53,MEDIUM,"Population and accessibility opportunity signal only. Validate income, rent, footfall, suitable real estate and full competitor inventory before investment.",25.12379977939792,55.13909070904474,7253.69,100.0,Al Barsha,7.794,0,0,81.78,70,MEDIUM,GROW,,,"Search area near 25.1238, 55.1391",NO_LOCAL_COMPETITOR_OBSERVATIONS;NO_NAMED_MARKET_ANCHOR,REVIEW_DATA_GAP,8,72.53,H3 SEARCH AREA — NOT A FINAL STORE SITE,"Verify suitable retail unit, rent, footfall, income/spend, female target demand, full competitor inventory, live travel times and cannibalization before investment."
19,19,GROW-101,7,22769.53,81.64,77.42,23.862777,52.80606,,,8743a6892ffffff,8743a6892ffffff,"Strongest signals: coverage gap and population; main constraint: market activity. Internal income, rent, footfall and customer-origin data are unavailable.",WorldPop Global2 R2025A v1; UAE constrained population count; 2025; approximately 100m; people per pixel,Observed Google Places competitors from the defined adaptive search; not an exhaustive UAE business census,Modelled 10-minute destination drive-time catchments using OpenRouteService and OpenStreetMap roads; not live traffic or observed customer origins,GROW,80.37,MEDIUM,"Population and accessibility opportunity signal only. Validate income, rent, footfall, suitable real estate and full competitor inventory before investment.",23.834416125403862,52.81302836646733,6991.45,100.0,Al Dhafra Branch,94.551,0,0,81.64,70,MEDIUM,GROW,,,"Search area near 23.8344, 52.8130",NO_LOCAL_COMPETITOR_OBSERVATIONS;NO_NAMED_MARKET_ANCHOR,REVIEW_DATA_GAP,8,72.37,H3 SEARCH AREA — NOT A FINAL STORE SITE,"Verify suitable retail unit, rent, footfall, income/spend, female target demand, full competitor inventory, live travel times and cannibalization before investment."
20,20,GROW-093,4,13338.2,81.22,77.7,24.881114,53.073325,,,8743a406bffffff,8743a406bffffff,"Strongest signals: coverage gap and population; main constraint: market activity. Internal income, rent, footfall and customer-origin data are unavailable.",WorldPop Global2 R2025A v1; UAE constrained population count; 2025; approximately 100m; people per pixel,Observed Google Places competitors from the defined adaptive search; not an exhaustive UAE business census,Modelled 10-minute destination drive-time catchments using OpenRouteService and OpenStreetMap roads; not live traffic or observed customer origins,GROW,80.16,MEDIUM,"Population and accessibility opportunity signal only. Validate income, rent, footfall, suitable real estate and full competitor inventory before investment.",24.88592975846292,53.06613951486575,6375.34,100.0,Khaleej Al Arabi,138.502,0,0,81.22,70,MEDIUM,GROW,,,"Search area near 24.8859, 53.0661",NO_LOCAL_COMPETITOR_OBSERVATIONS;NO_NAMED_MARKET_ANCHOR,REVIEW_DATA_GAP,8,72.16,H3 SEARCH AREA — NOT A FINAL STORE SITE,"Verify suitable retail unit, rent, footfall, income/spend, female target demand, full competitor inventory, live travel times and cannibalization before investment."
21,22,GROW-125,8,21823.05,81.07,76.94,25.522636,56.349574,,,8743ac2c5ffffff,8743ac2c5ffffff,"Strongest signals: coverage gap and population; main constraint: market activity. Internal income, rent, footfall and customer-origin data are unavailable.",WorldPop Global2 R2025A v1; UAE constrained population count; 2025; approximately 100m; people per pixel,Observed Google Places competitors from the defined adaptive search; not an exhaustive UAE business census,Modelled 10-minute destination drive-time catchments using OpenRouteService and OpenStreetMap roads; not live traffic or observed customer origins,GROW,79.83,MEDIUM,"Population and accessibility opportunity signal only. Validate income, rent, footfall, suitable real estate and full competitor inventory before investment.",25.532553464090096,56.34999398523914,6135.67,100.0,Al Taif Mall,45.912,0,0,81.07,70,MEDIUM,GROW,,,"Search area near 25.5326, 56.3500",NO_LOCAL_COMPETITOR_OBSERVATIONS;NO_NAMED_MARKET_ANCHOR,REVIEW_DATA_GAP,8,71.83,H3 SEARCH AREA — NOT A FINAL STORE SITE,"Verify suitable retail unit, rent, footfall, income/spend, female target demand, full competitor inventory, live travel times and cannibalization before investment."
22,23,GROW-170,10,20203.86,81.46,74.68,24.064084,51.759629,,,87534d50dffffff,87534d50dffffff,"Strongest signals: coverage gap and population; main constraint: market activity. Internal income, rent, footfall and customer-origin data are unavailable.",WorldPop Global2 R2025A v1; UAE constrained population count; 2025; approximately 100m; people per pixel,Observed Google Places competitors from the defined adaptive search; not an exhaustive UAE business census,Modelled 10-minute destination drive-time catchments using OpenRouteService and OpenStreetMap roads; not live traffic or observed customer origins,GROW,79.43,MEDIUM,"Population and accessibility opportunity signal only. Validate income, rent, footfall, suitable real estate and full competitor inventory before investment.",24.062974993617868,51.75519317979425,6714.79,100.0,Al Dhafra Branch,205.012,0,0,81.46,70,MEDIUM,GROW,,,"Search area near 24.0630, 51.7552",NO_LOCAL_COMPETITOR_OBSERVATIONS;NO_NAMED_MARKET_ANCHOR,REVIEW_DATA_GAP,8,71.43,H3 SEARCH AREA — NOT A FINAL STORE SITE,"Verify suitable retail unit, rent, footfall, income/spend, female target demand, full competitor inventory, live travel times and cannibalization before investment."
23,24,GROW-081,27,55020.11,81.36,74.45,24.223111,54.628347,,,8743a3919ffffff,8743a3919ffffff,"Strongest signals: coverage gap and population; main constraint: market activity. Internal income, rent, footfall and customer-origin data are unavailable.",WorldPop Global2 R2025A v1; UAE constrained population count; 2025; approximately 100m; people per pixel,Observed Google Places competitors from the defined adaptive search; not an exhaustive UAE business census,Modelled 10-minute destination drive-time catchments using OpenRouteService and OpenStreetMap roads; not live traffic or observed customer origins,GROW,79.29,MEDIUM,"Population and accessibility opportunity signal only. Validate income, rent, footfall, suitable real estate and full competitor inventory before investment.",24.22182996114216,54.63602896230871,6610.9,100.0,Baniyas,8.404,0,0,81.36,70,MEDIUM,GROW,,,"Search area near 24.2218, 54.6360",NO_LOCAL_COMPETITOR_OBSERVATIONS;NO_NAMED_MARKET_ANCHOR,REVIEW_DATA_GAP,8,71.29,H3 SEARCH AREA — NOT A FINAL STORE SITE,"Verify suitable retail unit, rent, footfall, income/spend, female target demand, full competitor inventory, live travel times and cannibalization before investment."
24,25,GROW-044,13,24782.07,81.08,74.65,24.474978,55.331426,,,8743aed22ffffff,8743aed22ffffff,"Strongest signals: coverage gap and population; main constraint: market activity. Internal income, rent, footfall and customer-origin data are unavailable.",WorldPop Global2 R2025A v1; UAE constrained population count; 2025; approximately 100m; people per pixel,Observed Google Places competitors from the defined adaptive search; not an exhaustive UAE business census,Modelled 10-minute destination drive-time catchments using OpenRouteService and OpenStreetMap roads; not live traffic or observed customer origins,GROW,79.15,MEDIUM,"Population and accessibility opportunity signal only. Validate income, rent, footfall, suitable real estate and full competitor inventory before investment.",24.46195789446781,55.34168220184127,6142.44,100.0,Al Ain,41.524,0,0,81.08,70,MEDIUM,GROW,,,"Search area near 24.4620, 55.3417",NO_LOCAL_COMPETITOR_OBSERVATIONS;NO_NAMED_MARKET_ANCHOR,REVIEW_DATA_GAP,8,71.15,H3 SEARCH AREA — NOT A FINAL STORE SITE,"Verify suitable retail unit, rent, footfall, income/spend, female target demand, full competitor inventory, live travel times and cannibalization before investment."
25,26,GROW-144,12,24295.08,80.9,74.9,24.58502,55.749466,,,8743ae125ffffff,8743ae125ffffff,"Strongest signals: coverage gap and population; main constraint: market activity. Internal income, rent, footfall and customer-origin data are unavailable.",WorldPop Global2 R2025A v1; UAE constrained population count; 2025; approximately 100m; people per pixel,Observed Google Places competitors from the defined adaptive search; not an exhaustive UAE business census,Modelled 10-minute destination drive-time catchments using OpenRouteService and OpenStreetMap roads; not live traffic or observed customer origins,GROW,79.1,MEDIUM,"Population and accessibility opportunity signal only. Validate income, rent, footfall, suitable real estate and full competitor inventory before investment.",24.59985502439143,55.745640627608175,5789.38,100.0,Al Ain,42.392,0,0,80.9,70,MEDIUM,GROW,,,"Search area near 24.5999, 55.7456",NO_LOCAL_COMPETITOR_OBSERVATIONS;NO_NAMED_MARKET_ANCHOR,REVIEW_DATA_GAP,8,71.1,H3 SEARCH AREA — NOT A FINAL STORE SITE,"Verify suitable retail unit, rent, footfall, income/spend, female target demand, full competitor inventory, live travel times and cannibalization before investment."
26,27,GROW-171,6,15493.03,80.12,76.0,24.486347,52.316143,,,87534d86affffff,87534d86affffff,"Strongest signals: coverage gap and population; main constraint: market activity. Internal income, rent, footfall and customer-origin data are unavailable.",WorldPop Global2 R2025A v1; UAE constrained population count; 2025; approximately 100m; people per pixel,Observed Google Places competitors from the defined adaptive search; not an exhaustive UAE business census,Modelled 10-minute destination drive-time catchments using OpenRouteService and OpenStreetMap roads; not live traffic or observed customer origins,GROW,78.88,MEDIUM,"Population and accessibility opportunity signal only. Validate income, rent, footfall, suitable real estate and full competitor inventory before investment.",24.488047404540563,52.31136264447852,4752.76,100.0,Al Dhafra Branch,171.552,0,0,80.12,70,MEDIUM,GROW,,,"Search area near 24.4880, 52.3114",NO_LOCAL_COMPETITOR_OBSERVATIONS;NO_NAMED_MARKET_ANCHOR,REVIEW_DATA_GAP,8,70.88,H3 SEARCH AREA — NOT A FINAL STORE SITE,"Verify suitable retail unit, rent, footfall, income/spend, female target demand, full competitor inventory, live travel times and cannibalization before investment."
27,28,GROW-124,5,11440.71,80.18,75.82,25.399116,56.162957,,,8743ac2b2ffffff,8743ac2b2ffffff,"Strongest signals: coverage gap and population; main constraint: market activity. Internal income, rent, footfall and customer-origin data are unavailable.",WorldPop Global2 R2025A v1; UAE constrained population count; 2025; approximately 100m; people per pixel,Observed Google Places competitors from the defined adaptive search; not an exhaustive UAE business census,Modelled 10-minute destination drive-time catchments using OpenRouteService and OpenStreetMap roads; not live traffic or observed customer origins,GROW,78.87,MEDIUM,"Population and accessibility opportunity signal only. Validate income, rent, footfall, suitable real estate and full competitor inventory before investment.",25.39690051344508,56.16485518488847,4795.09,100.0,Al Taif Mall,34.738,0,0,80.18,70,MEDIUM,GROW,,,"Search area near 25.3969, 56.1649",NO_LOCAL_COMPETITOR_OBSERVATIONS;NO_NAMED_MARKET_ANCHOR,REVIEW_DATA_GAP,8,70.87,H3 SEARCH AREA — NOT A FINAL STORE SITE,"Verify suitable retail unit, rent, footfall, income/spend, female target demand, full competitor inventory, live travel times and cannibalization before investment."
28,29,GROW-016,10,22317.87,80.13,75.5,24.078417,53.478575,,,8743a636dffffff,8743a636dffffff,"Strongest signals: coverage gap and population; main constraint: market activity. Internal income, rent, footfall and customer-origin data are unavailable.",WorldPop Global2 R2025A v1; UAE constrained population count; 2025; approximately 100m; people per pixel,Observed Google Places competitors from the defined adaptive search; not an exhaustive UAE business census,Modelled 10-minute destination drive-time catchments using OpenRouteService and OpenStreetMap roads; not live traffic or observed customer origins,GROW,78.74,MEDIUM,"Population and accessibility opportunity signal only. Validate income, rent, footfall, suitable real estate and full competitor inventory before investment.",24.098674170610305,53.49422869506401,4764.39,100.0,Al Dhafra Branch,56.908,0,0,80.13,70,MEDIUM,GROW,,,"Search area near 24.0987, 53.4942",NO_LOCAL_COMPETITOR_OBSERVATIONS;NO_NAMED_MARKET_ANCHOR,REVIEW_DATA_GAP,8,70.74,H3 SEARCH AREA — NOT A FINAL STORE SITE,"Verify suitable retail unit, rent, footfall, income/spend, female target demand, full competitor inventory, live travel times and cannibalization before investment."
29,30,GROW-114,6,12607.41,79.94,75.69,24.959266,56.20753,,,8743aea4cffffff,8743aea4cffffff,"Strongest signals: coverage gap and population; main constraint: market activity. Internal income, rent, footfall and customer-origin data are unavailable.",WorldPop Global2 R2025A v1; UAE constrained population count; 2025; approximately 100m; people per pixel,Observed Google Places competitors from the defined adaptive search; not an exhaustive UAE business census,Modelled 10-minute destination drive-time catchments using OpenRouteService and OpenStreetMap roads; not live traffic or observed customer origins,GROW,78.66,MEDIUM,"Population and accessibility opportunity signal only. Validate income, rent, footfall, suitable real estate and full competitor inventory before investment.",24.945390880800343,56.19960541962937,4559.84,100.0,Al Taif Mall,23.208,0,0,79.94,70,MEDIUM,GROW,,,"Search area near 24.9454, 56.1996",NO_LOCAL_COMPETITOR_OBSERVATIONS;NO_NAMED_MARKET_ANCHOR,REVIEW_DATA_GAP,8,70.66,H3 SEARCH AREA — NOT A FINAL STORE SITE,"Verify suitable retail unit, rent, footfall, income/spend, female target demand, full competitor inventory, live travel times and cannibalization before investment."
30,31,GROW-082,14,23785.89,80.49,73.98,24.20124,54.862007,,,8743a38edffffff,8743a38edffffff,"Strongest signals: coverage gap and population; main constraint: market activity. Internal income, rent, footfall and customer-origin data are unavailable.",WorldPop Global2 R2025A v1; UAE constrained population count; 2025; approximately 100m; people per pixel,Observed Google Places competitors from the defined adaptive search; not an exhaustive UAE business census,Modelled 10-minute destination drive-time catchments using OpenRouteService and OpenStreetMap roads; not live traffic or observed customer origins,GROW,78.54,MEDIUM,"Population and accessibility opportunity signal only. Validate income, rent, footfall, suitable real estate and full competitor inventory before investment.",24.198061071612948,54.88305692049148,5194.73,100.0,Baniyas,27.629,0,0,80.49,70,MEDIUM,GROW,,,"Search area near 24.1981, 54.8831",NO_LOCAL_COMPETITOR_OBSERVATIONS;NO_NAMED_MARKET_ANCHOR,REVIEW_DATA_GAP,8,70.54,H3 SEARCH AREA — NOT A FINAL STORE SITE,"Verify suitable retail unit, rent, footfall, income/spend, female target demand, full competitor inventory, live travel times and cannibalization before investment."
31,32,GROW-088,20,41183.92,79.87,75.22,24.184137,55.050806,,,8743a3b82ffffff,8743a3b82ffffff,"Strongest signals: coverage gap and population; main constraint: market activity. Internal income, rent, footfall and customer-origin data are unavailable.",WorldPop Global2 R2025A v1; UAE constrained population count; 2025; approximately 100m; people per pixel,Observed Google Places competitors from the defined adaptive search; not an exhaustive UAE business census,Modelled 10-minute destination drive-time catchments using OpenRouteService and OpenStreetMap roads; not live traffic or observed customer origins,GROW,78.47,MEDIUM,"Population and accessibility opportunity signal only. Validate income, rent, footfall, suitable real estate and full competitor inventory before investment.",24.1860147758556,55.00666435941575,4424.64,100.0,Al Falah,39.341,0,0,79.87,70,MEDIUM,GROW,,,"Search area near 24.1860, 55.0067",NO_LOCAL_COMPETITOR_OBSERVATIONS;NO_NAMED_MARKET_ANCHOR,REVIEW_DATA_GAP,8,70.47,H3 SEARCH AREA — NOT A FINAL STORE SITE,"Verify suitable retail unit, rent, footfall, income/spend, female target demand, full competitor inventory, live travel times and cannibalization before investment."
32,33,GROW-012,4,10042.44,78.77,77.07,23.914231,53.712246,,,8743a625bffffff,8743a625bffffff,"Strongest signals: coverage gap and population; main constraint: market activity. Internal income, rent, footfall and customer-origin data are unavailable.",WorldPop Global2 R2025A v1; UAE constrained population count; 2025; approximately 100m; people per pixel,Observed Google Places competitors from the defined adaptive search; not an exhaustive UAE business census,Modelled 10-minute destination drive-time catchments using OpenRouteService and OpenStreetMap roads; not live traffic or observed customer origins,GROW,78.26,MEDIUM,"Population and accessibility opportunity signal only. Validate income, rent, footfall, suitable real estate and full competitor inventory before investment.",23.92351478430342,53.71046920126506,3487.36,100.0,Al Dhafra Branch,32.856,0,0,78.77,70,MEDIUM,GROW,,,"Search area near 23.9235, 53.7105",NO_LOCAL_COMPETITOR_OBSERVATIONS;NO_NAMED_MARKET_ANCHOR,REVIEW_DATA_GAP,8,70.26,H3 SEARCH AREA — NOT A FINAL STORE SITE,"Verify suitable retail unit, rent, footfall, income/spend, female target demand, full competitor inventory, live travel times and cannibalization before investment."
33,34,GROW-146,6,13617.26,79.49,75.27,24.707858,55.620292,,,8743ae802ffffff,8743ae802ffffff,"Strongest signals: coverage gap and population; main constraint: market activity. Internal income, rent, footfall and customer-origin data are unavailable.",WorldPop Global2 R2025A v1; UAE constrained population count; 2025; approximately 100m; people per pixel,Observed Google Places competitors from the defined adaptive search; not an exhaustive UAE business census,Modelled 10-minute destination drive-time catchments using OpenRouteService and OpenStreetMap roads; not live traffic or observed customer origins,GROW,78.22,MEDIUM,"Population and accessibility opportunity signal only. Validate income, rent, footfall, suitable real estate and full competitor inventory before investment.",24.724926125983025,55.62133231168141,4103.02,100.0,Nad Al Sheba,54.584,0,0,79.49,70,MEDIUM,GROW,,,"Search area near 24.7249, 55.6213",NO_LOCAL_COMPETITOR_OBSERVATIONS;NO_NAMED_MARKET_ANCHOR,REVIEW_DATA_GAP,8,70.22,H3 SEARCH AREA — NOT A FINAL STORE SITE,"Verify suitable retail unit, rent, footfall, income/spend, female target demand, full competitor inventory, live travel times and cannibalization before investment."
34,35,GROW-018,3,7470.58,78.81,76.56,24.112645,53.440626,,,8743a0d90ffffff,8743a0d90ffffff,"Strongest signals: coverage gap and population; main constraint: market activity. Internal income, rent, footfall and customer-origin data are unavailable.",WorldPop Global2 R2025A v1; UAE constrained population count; 2025; approximately 100m; people per pixel,Observed Google Places competitors from the defined adaptive search; not an exhaustive UAE business census,Modelled 10-minute destination drive-time catchments using OpenRouteService and OpenStreetMap roads; not live traffic or observed customer origins,GROW,78.14,MEDIUM,"Population and accessibility opportunity signal only. Validate income, rent, footfall, suitable real estate and full competitor inventory before investment.",24.11551884080517,53.45067507161072,3496.21,100.0,Al Dhafra Branch,60.462,0,0,78.81,70,MEDIUM,GROW,,,"Search area near 24.1155, 53.4507",NO_LOCAL_COMPETITOR_OBSERVATIONS;NO_NAMED_MARKET_ANCHOR,REVIEW_DATA_GAP,8,70.14,H3 SEARCH AREA — NOT A FINAL STORE SITE,"Verify suitable retail unit, rent, footfall, income/spend, female target demand, full competitor inventory, live travel times and cannibalization before investment."
35,36,GROW-096,5,9233.59,79.7,74.33,23.736572,53.515193,,,8743a6286ffffff,8743a6286ffffff,"Strongest signals: coverage gap and population; main constraint: market activity. Internal income, rent, footfall and customer-origin data are unavailable.",WorldPop Global2 R2025A v1; UAE constrained population count; 2025; approximately 100m; people per pixel,Observed Google Places competitors from the defined adaptive search; not an exhaustive UAE business census,Modelled 10-minute destination drive-time catchments using OpenRouteService and OpenStreetMap roads; not live traffic or observed customer origins,GROW,78.09,MEDIUM,"Population and accessibility opportunity signal only. Validate income, rent, footfall, suitable real estate and full competitor inventory before investment.",23.739255109559696,53.52903983204449,4266.52,100.0,Al Dhafra Branch,22.541,0,0,79.7,70,MEDIUM,GROW,,,"Search area near 23.7393, 53.5290",NO_LOCAL_COMPETITOR_OBSERVATIONS;NO_NAMED_MARKET_ANCHOR,REVIEW_DATA_GAP,8,70.09,H3 SEARCH AREA — NOT A FINAL STORE SITE,"Verify suitable retail unit, rent, footfall, income/spend, female target demand, full competitor inventory, live travel times and cannibalization before investment."
36,37,GROW-149,20,32979.69,79.69,74.12,24.527561,55.574172,,,8743aed46ffffff,8743aed46ffffff,"Strongest signals: coverage gap and population; main constraint: market activity. Internal income, rent, footfall and customer-origin data are unavailable.",WorldPop Global2 R2025A v1; UAE constrained population count; 2025; approximately 100m; people per pixel,Observed Google Places competitors from the defined adaptive search; not an exhaustive UAE business census,Modelled 10-minute destination drive-time catchments using OpenRouteService and OpenStreetMap roads; not live traffic or observed customer origins,GROW,78.02,MEDIUM,"Population and accessibility opportunity signal only. Validate income, rent, footfall, suitable real estate and full competitor inventory before investment.",24.51261975072978,55.49558491450375,4264.66,100.0,Al Ain,35.891,0,0,79.69,70,MEDIUM,GROW,,,"Search area near 24.5126, 55.4956",NO_LOCAL_COMPETITOR_OBSERVATIONS;NO_NAMED_MARKET_ANCHOR,REVIEW_DATA_GAP,8,70.02,H3 SEARCH AREA — NOT A FINAL STORE SITE,"Verify suitable retail unit, rent, footfall, income/spend, female target demand, full competitor inventory, live travel times and cannibalization before investment."
37,38,GROW-010,1,2968.65,78.01,78.01,24.005785,53.733628,,,8743a0514ffffff,8743a0514ffffff,"Strongest signals: coverage gap and population; main constraint: market activity. Internal income, rent, footfall and customer-origin data are unavailable.",WorldPop Global2 R2025A v1; UAE constrained population count; 2025; approximately 100m; people per pixel,Observed Google Places competitors from the defined adaptive search; not an exhaustive UAE business census,Modelled 10-minute destination drive-time catchments using OpenRouteService and OpenStreetMap roads; not live traffic or observed customer origins,GROW,78.01,MEDIUM,"Population and accessibility opportunity signal only. Validate income, rent, footfall, suitable real estate and full competitor inventory before investment.",24.00578514628913,53.73362847003023,2968.65,100.0,Al Dhafra Branch,42.049,0,0,78.01,70,MEDIUM,GROW,,,"Search area near 24.0058, 53.7336",NO_LOCAL_COMPETITOR_OBSERVATIONS;NO_NAMED_MARKET_ANCHOR,REVIEW_DATA_GAP,8,70.01,H3 SEARCH AREA — NOT A FINAL STORE SITE,"Verify suitable retail unit, rent, footfall, income/spend, female target demand, full competitor inventory, live travel times and cannibalization before investment."
38,9,GROW-117,127,422940.58,84.38,76.41,25.30099,55.948844,,,8743ac09bffffff,8743ac09bffffff,"Strongest signals: coverage gap and population; main constraint: market activity. Internal income, rent, footfall and customer-origin data are unavailable.",WorldPop Global2 R2025A v1; UAE constrained population count; 2025; approximately 100m; people per pixel,Observed Google Places competitors from the defined adaptive search; not an exhaustive UAE business census,Modelled 10-minute destination drive-time catchments using OpenRouteService and OpenStreetMap roads; not live traffic or observed customer origins,GROW,81.99,MEDIUM,"Population and accessibility opportunity signal only. Validate income, rent, footfall, suitable real estate and full competitor inventory before investment.",25.285573304454072,55.87309095902288,19847.7,100.0,Al Jada,39.702,0,0,84.38,70,MEDIUM,GROW,,,"Search area near 25.2856, 55.8731",BROAD_CLUSTER_REQUIRES_SUBMARKET_SPLIT;NO_LOCAL_COMPETITOR_OBSERVATIONS;NO_NAMED_MARKET_ANCHOR,REVIEW_DATA_GAP,12,69.99,H3 SEARCH AREA — NOT A FINAL STORE SITE,"Verify suitable retail unit, rent, footfall, income/spend, female target demand, full competitor inventory, live travel times and cannibalization before investment."
39,39,GROW-151,8,16021.09,79.08,75.38,24.846521,55.568355,,,8743ae973ffffff,8743ae973ffffff,"Strongest signals: coverage gap and population; main constraint: market activity. Internal income, rent, footfall and customer-origin data are unavailable.",WorldPop Global2 R2025A v1; UAE constrained population count; 2025; approximately 100m; people per pixel,Observed Google Places competitors from the defined adaptive search; not an exhaustive UAE business census,Modelled 10-minute destination drive-time catchments using OpenRouteService and OpenStreetMap roads; not live traffic or observed customer origins,GROW,77.97,MEDIUM,"Population and accessibility opportunity signal only. Validate income, rent, footfall, suitable real estate and full competitor inventory before investment.",24.86408831857394,55.555668486966496,3721.55,100.0,Nad Al Sheba,37.824,0,0,79.08,70,MEDIUM,GROW,,,"Search area near 24.8641, 55.5557",NO_LOCAL_COMPETITOR_OBSERVATIONS;NO_NAMED_MARKET_ANCHOR,REVIEW_DATA_GAP,8,69.97,H3 SEARCH AREA — NOT A FINAL STORE SITE,"Verify suitable retail unit, rent, footfall, income/spend, female target demand, full competitor inventory, live travel times and cannibalization before investment."
40,40,GROW-115,7,13169.66,79.27,74.85,25.546891,55.691535,,,8743ac108ffffff,8743ac108ffffff,"Strongest signals: coverage gap and population; main constraint: market activity. Internal income, rent, footfall and customer-origin data are unavailable.",WorldPop Global2 R2025A v1; UAE constrained population count; 2025; approximately 100m; people per pixel,Observed Google Places competitors from the defined adaptive search; not an exhaustive UAE business census,Modelled 10-minute destination drive-time catchments using OpenRouteService and OpenStreetMap roads; not live traffic or observed customer origins,GROW,77.94,MEDIUM,"Population and accessibility opportunity signal only. Validate income, rent, footfall, suitable real estate and full competitor inventory before investment.",25.552228907430543,55.6814746056896,3905.46,100.0,Ras Al Khaimah,32.591,0,0,79.27,70,MEDIUM,GROW,,,"Search area near 25.5522, 55.6815",NO_LOCAL_COMPETITOR_OBSERVATIONS;NO_NAMED_MARKET_ANCHOR,REVIEW_DATA_GAP,8,69.94,H3 SEARCH AREA — NOT A FINAL STORE SITE,"Verify suitable retail unit, rent, footfall, income/spend, female target demand, full competitor inventory, live travel times and cannibalization before investment."
41,41,GROW-118,12,21079.17,79.38,74.53,25.298362,55.755205,,,8743ac090ffffff,8743ac090ffffff,"Strongest signals: coverage gap and population; main constraint: market activity. Internal income, rent, footfall and customer-origin data are unavailable.",WorldPop Global2 R2025A v1; UAE constrained population count; 2025; approximately 100m; people per pixel,Observed Google Places competitors from the defined adaptive search; not an exhaustive UAE business census,Modelled 10-minute destination drive-time catchments using OpenRouteService and OpenStreetMap roads; not live traffic or observed customer origins,GROW,77.92,MEDIUM,"Population and accessibility opportunity signal only. Validate income, rent, footfall, suitable real estate and full competitor inventory before investment.",25.280335516252507,55.79127722770662,4022.0,100.0,Al Jada,31.599,0,0,79.38,70,MEDIUM,GROW,,,"Search area near 25.2803, 55.7913",NO_LOCAL_COMPETITOR_OBSERVATIONS;NO_NAMED_MARKET_ANCHOR,REVIEW_DATA_GAP,8,69.92,H3 SEARCH AREA — NOT A FINAL STORE SITE,"Verify suitable retail unit, rent, footfall, income/spend, female target demand, full competitor inventory, live travel times and cannibalization before investment."
42,42,GROW-147,11,17727.84,79.79,73.5,24.769525,55.786656,,,8743ae8e8ffffff,8743ae8e8ffffff,"Strongest signals: coverage gap and population; main constraint: market activity. Internal income, rent, footfall and customer-origin data are unavailable.",WorldPop Global2 R2025A v1; UAE constrained population count; 2025; approximately 100m; people per pixel,Observed Google Places competitors from the defined adaptive search; not an exhaustive UAE business census,Modelled 10-minute destination drive-time catchments using OpenRouteService and OpenStreetMap roads; not live traffic or observed customer origins,GROW,77.9,MEDIUM,"Population and accessibility opportunity signal only. Validate income, rent, footfall, suitable real estate and full competitor inventory before investment.",24.73516217308462,55.78342836905152,4358.6,100.0,Al Ain,57.904,0,0,79.79,70,MEDIUM,GROW,,,"Search area near 24.7352, 55.7834",NO_LOCAL_COMPETITOR_OBSERVATIONS;NO_NAMED_MARKET_ANCHOR,REVIEW_DATA_GAP,8,69.9,H3 SEARCH AREA — NOT A FINAL STORE SITE,"Verify suitable retail unit, rent, footfall, income/spend, female target demand, full competitor inventory, live travel times and cannibalization before investment."
43,43,GROW-063,5,10825.3,79.63,73.76,23.65564,53.634728,,,8743a664dffffff,8743a664dffffff,"Strongest signals: coverage gap and population; main constraint: market activity. Internal income, rent, footfall and customer-origin data are unavailable.",WorldPop Global2 R2025A v1; UAE constrained population count; 2025; approximately 100m; people per pixel,Observed Google Places competitors from the defined adaptive search; not an exhaustive UAE business census,Modelled 10-minute destination drive-time catchments using OpenRouteService and OpenStreetMap roads; not live traffic or observed customer origins,GROW,77.87,MEDIUM,"Population and accessibility opportunity signal only. Validate income, rent, footfall, suitable real estate and full competitor inventory before investment.",23.646332009248,53.62786709922469,4199.01,100.0,Al Dhafra Branch,9.018,0,0,79.63,70,MEDIUM,GROW,,,"Search area near 23.6463, 53.6279",NO_LOCAL_COMPETITOR_OBSERVATIONS;NO_NAMED_MARKET_ANCHOR,REVIEW_DATA_GAP,8,69.87,H3 SEARCH AREA — NOT A FINAL STORE SITE,"Verify suitable retail unit, rent, footfall, income/spend, female target demand, full competitor inventory, live travel times and cannibalization before investment."
44,44,GROW-001,7,15948.39,78.7,75.87,23.415657,55.418994,,,874384a6effffff,874384a6effffff,"Strongest signals: coverage gap and population; main constraint: market activity. Internal income, rent, footfall and customer-origin data are unavailable.",WorldPop Global2 R2025A v1; UAE constrained population count; 2025; approximately 100m; people per pixel,Observed Google Places competitors from the defined adaptive search; not an exhaustive UAE business census,Modelled 10-minute destination drive-time catchments using OpenRouteService and OpenStreetMap roads; not live traffic or observed customer origins,GROW,77.85,MEDIUM,"Population and accessibility opportunity signal only. Validate income, rent, footfall, suitable real estate and full competitor inventory before investment.",23.42614199259198,55.42730972066776,3453.57,100.0,Al Ain,92.109,0,0,78.7,70,MEDIUM,GROW,,,"Search area near 23.4261, 55.4273",NO_LOCAL_COMPETITOR_OBSERVATIONS;NO_NAMED_MARKET_ANCHOR,REVIEW_DATA_GAP,8,69.85,H3 SEARCH AREA — NOT A FINAL STORE SITE,"Verify suitable retail unit, rent, footfall, income/spend, female target demand, full competitor inventory, live travel times and cannibalization before investment."
45,45,GROW-048,3,6322.42,78.57,75.87,24.81789,55.237103,,,8743a174dffffff,8743a174dffffff,"Strongest signals: coverage gap and population; main constraint: market activity. Internal income, rent, footfall and customer-origin data are unavailable.",WorldPop Global2 R2025A v1; UAE constrained population count; 2025; approximately 100m; people per pixel,Observed Google Places competitors from the defined adaptive search; not an exhaustive UAE business census,Modelled 10-minute destination drive-time catchments using OpenRouteService and OpenStreetMap roads; not live traffic or observed customer origins,GROW,77.76,MEDIUM,"Population and accessibility opportunity signal only. Validate income, rent, footfall, suitable real estate and full competitor inventory before investment.",24.82257282509932,55.23532663633775,3357.06,100.0,Jumeirah Park,25.078,0,0,78.57,70,MEDIUM,GROW,,,"Search area near 24.8226, 55.2353",NO_LOCAL_COMPETITOR_OBSERVATIONS;NO_NAMED_MARKET_ANCHOR,REVIEW_DATA_GAP,8,69.76,H3 SEARCH AREA — NOT A FINAL STORE SITE,"Verify suitable retail unit, rent, footfall, income/spend, female target demand, full competitor inventory, live travel times and cannibalization before investment."
46,46,GROW-138,1,3635.5,77.68,77.68,25.154136,56.247141,,,8743ac6c4ffffff,8743ac6c4ffffff,"Strongest signals: coverage gap and population; main constraint: market activity. Internal income, rent, footfall and customer-origin data are unavailable.",WorldPop Global2 R2025A v1; UAE constrained population count; 2025; approximately 100m; people per pixel,Observed Google Places competitors from the defined adaptive search; not an exhaustive UAE business census,Modelled 10-minute destination drive-time catchments using OpenRouteService and OpenStreetMap roads; not live traffic or observed customer origins,GROW,77.68,MEDIUM,"Population and accessibility opportunity signal only. Validate income, rent, footfall, suitable real estate and full competitor inventory before investment.",25.154136400336885,56.24714072532048,3635.5,95.64,Al Taif Mall,8.728,0,0,77.68,70,MEDIUM,GROW,,,"Search area near 25.1541, 56.2471",NO_LOCAL_COMPETITOR_OBSERVATIONS;NO_NAMED_MARKET_ANCHOR,REVIEW_DATA_GAP,8,69.68,H3 SEARCH AREA — NOT A FINAL STORE SITE,"Verify suitable retail unit, rent, footfall, income/spend, female target demand, full competitor inventory, live travel times and cannibalization before investment."
47,47,GROW-103,4,9768.03,77.76,77.12,24.167183,52.582448,,,87534da5bffffff,87534da5bffffff,"Strongest signals: coverage gap and population; main constraint: market activity. Internal income, rent, footfall and customer-origin data are unavailable.",WorldPop Global2 R2025A v1; UAE constrained population count; 2025; approximately 100m; people per pixel,Observed Google Places competitors from the defined adaptive search; not an exhaustive UAE business census,Modelled 10-minute destination drive-time catchments using OpenRouteService and OpenStreetMap roads; not live traffic or observed customer origins,GROW,77.57,MEDIUM,"Population and accessibility opportunity signal only. Validate income, rent, footfall, suitable real estate and full competitor inventory before investment.",24.168803053100778,52.60028035066419,2817.92,100.0,Al Dhafra Branch,128.208,0,0,77.76,70,MEDIUM,GROW,,,"Search area near 24.1688, 52.6003",NO_LOCAL_COMPETITOR_OBSERVATIONS;NO_NAMED_MARKET_ANCHOR,REVIEW_DATA_GAP,8,69.57,H3 SEARCH AREA — NOT A FINAL STORE SITE,"Verify suitable retail unit, rent, footfall, income/spend, female target demand, full competitor inventory, live travel times and cannibalization before investment."
48,48,GROW-037,3,6569.37,78.03,76.45,24.456963,54.840293,,,8743a14a8ffffff,8743a14a8ffffff,"Strongest signals: coverage gap and population; main constraint: market activity. Internal income, rent, footfall and customer-origin data are unavailable.",WorldPop Global2 R2025A v1; UAE constrained population count; 2025; approximately 100m; people per pixel,Observed Google Places competitors from the defined adaptive search; not an exhaustive UAE business census,Modelled 10-minute destination drive-time catchments using OpenRouteService and OpenStreetMap roads; not live traffic or observed customer origins,GROW,77.56,MEDIUM,"Population and accessibility opportunity signal only. Validate income, rent, footfall, suitable real estate and full competitor inventory before investment.",24.458745912188864,54.83403827898786,2983.1,100.0,Al Falah,9.711,0,0,78.03,70,MEDIUM,GROW,,,"Search area near 24.4587, 54.8340",NO_LOCAL_COMPETITOR_OBSERVATIONS;NO_NAMED_MARKET_ANCHOR,REVIEW_DATA_GAP,8,69.56,H3 SEARCH AREA — NOT A FINAL STORE SITE,"Verify suitable retail unit, rent, footfall, income/spend, female target demand, full competitor inventory, live travel times and cannibalization before investment."
49,49,GROW-058,40,58735.95,78.78,73.98,23.145769,53.8051,,,8743a2c86ffffff,8743a2c86ffffff,"Strongest signals: coverage gap and population; main constraint: market activity. Internal income, rent, footfall and customer-origin data are unavailable.",WorldPop Global2 R2025A v1; UAE constrained population count; 2025; approximately 100m; people per pixel,Observed Google Places competitors from the defined adaptive search; not an exhaustive UAE business census,Modelled 10-minute destination drive-time catchments using OpenRouteService and OpenStreetMap roads; not live traffic or observed customer origins,GROW,77.34,MEDIUM,"Population and accessibility opportunity signal only. Validate income, rent, footfall, suitable real estate and full competitor inventory before investment.",23.12929100043636,53.7932733529373,3488.77,100.0,Al Dhafra Branch,56.045,0,0,78.78,70,MEDIUM,GROW,,,"Search area near 23.1293, 53.7933",NO_LOCAL_COMPETITOR_OBSERVATIONS;NO_NAMED_MARKET_ANCHOR,REVIEW_DATA_GAP,8,69.34,H3 SEARCH AREA — NOT A FINAL STORE SITE,"Verify suitable retail unit, rent, footfall, income/spend, female target demand, full competitor inventory, live travel times and cannibalization before investment."
50,11,GROW-069,205,711083.29,83.35,76.58,24.178191,55.716445,,,8743ae50cffffff,8743ae50cffffff,"Strongest signals: coverage gap and population; main constraint: market activity. Internal income, rent, footfall and customer-origin data are unavailable.",WorldPop Global2 R2025A v1; UAE constrained population count; 2025; approximately 100m; people per pixel,Observed Google Places competitors from the defined adaptive search; not an exhaustive UAE business census,Modelled 10-minute destination drive-time catchments using OpenRouteService and OpenStreetMap roads; not live traffic or observed customer origins,GROW,81.32,MEDIUM,"Population and accessibility opportunity signal only. Validate income, rent, footfall, suitable real estate and full competitor inventory before investment.",24.203082394691886,55.75384631971406,11822.24,100.0,Al Ain,9.874,0,0,83.35,70,MEDIUM,GROW,,,"Search area near 24.2031, 55.7538",BROAD_CLUSTER_REQUIRES_SUBMARKET_SPLIT;NO_LOCAL_COMPETITOR_OBSERVATIONS;NO_NAMED_MARKET_ANCHOR,REVIEW_DATA_GAP,12,69.32,H3 SEARCH AREA — NOT A FINAL STORE SITE,"Verify suitable retail unit, rent, footfall, income/spend, female target demand, full competitor inventory, live travel times and cannibalization before investment."
51,51,GROW-132,3,5665.17,78.22,74.89,25.210831,55.735334,,,8743ac55bffffff,8743ac55bffffff,"Strongest signals: coverage gap and population; main constraint: market activity. Internal income, rent, footfall and customer-origin data are unavailable.",WorldPop Global2 R2025A v1; UAE constrained population count; 2025; approximately 100m; people per pixel,Observed Google Places competitors from the defined adaptive search; not an exhaustive UAE business census,Modelled 10-minute destination drive-time catchments using OpenRouteService and OpenStreetMap roads; not live traffic or observed customer origins,GROW,77.22,MEDIUM,"Population and accessibility opportunity signal only. Validate income, rent, footfall, suitable real estate and full competitor inventory before investment.",25.20501950912992,55.74245902340836,3103.8,100.0,Al Jada,29.297,0,0,78.22,70,MEDIUM,GROW,,,"Search area near 25.2050, 55.7425",NO_LOCAL_COMPETITOR_OBSERVATIONS;NO_NAMED_MARKET_ANCHOR,REVIEW_DATA_GAP,8,69.22,H3 SEARCH AREA — NOT A FINAL STORE SITE,"Verify suitable retail unit, rent, footfall, income/spend, female target demand, full competitor inventory, live travel times and cannibalization before investment."
52,52,GROW-071,1,2292.3,76.93,76.93,24.112893,55.607304,,,8743a3241ffffff,8743a3241ffffff,"Strongest signals: coverage gap and population; main constraint: market activity. Internal income, rent, footfall and customer-origin data are unavailable.",WorldPop Global2 R2025A v1; UAE constrained population count; 2025; approximately 100m; people per pixel,Observed Google Places competitors from the defined adaptive search; not an exhaustive UAE business census,Modelled 10-minute destination drive-time catchments using OpenRouteService and OpenStreetMap roads; not live traffic or observed customer origins,GROW,76.93,MEDIUM,"Population and accessibility opportunity signal only. Validate income, rent, footfall, suitable real estate and full competitor inventory before investment.",24.112893276455715,55.60730391691453,2292.3,100.0,Al Ain,13.735,0,0,76.93,70,MEDIUM,GROW,,,"Search area near 24.1129, 55.6073",NO_LOCAL_COMPETITOR_OBSERVATIONS;NO_NAMED_MARKET_ANCHOR,REVIEW_DATA_GAP,8,68.93,H3 SEARCH AREA — NOT A FINAL STORE SITE,"Verify suitable retail unit, rent, footfall, income/spend, female target demand, full competitor inventory, live travel times and cannibalization before investment."
53,54,GROW-014,1,2194.75,76.69,76.69,24.156686,54.426651,,,8743a0646ffffff,8743a0646ffffff,"Strongest signals: coverage gap and population; main constraint: market activity. Internal income, rent, footfall and customer-origin data are unavailable.",WorldPop Global2 R2025A v1; UAE constrained population count; 2025; approximately 100m; people per pixel,Observed Google Places competitors from the defined adaptive search; not an exhaustive UAE business census,Modelled 10-minute destination drive-time catchments using OpenRouteService and OpenStreetMap roads; not live traffic or observed customer origins,GROW,76.69,MEDIUM,"Population and accessibility opportunity signal only. Validate income, rent, footfall, suitable real estate and full competitor inventory before investment.",24.15668558892565,54.42665066322629,2194.75,100.0,Mohammed Bin Zayed City,26.05,0,0,76.69,70,MEDIUM,GROW,,,"Search area near 24.1567, 54.4267",NO_LOCAL_COMPETITOR_OBSERVATIONS;NO_NAMED_MARKET_ANCHOR,REVIEW_DATA_GAP,8,68.69,H3 SEARCH AREA — NOT A FINAL STORE SITE,"Verify suitable retail unit, rent, footfall, income/spend, female target demand, full competitor inventory, live travel times and cannibalization before investment."
54,55,GROW-154,3,5393.53,77.23,75.41,24.942412,56.15889,,,8743aea45ffffff,8743aea45ffffff,"Strongest signals: coverage gap and population; main constraint: market activity. Internal income, rent, footfall and customer-origin data are unavailable.",WorldPop Global2 R2025A v1; UAE constrained population count; 2025; approximately 100m; people per pixel,Observed Google Places competitors from the defined adaptive search; not an exhaustive UAE business census,Modelled 10-minute destination drive-time catchments using OpenRouteService and OpenStreetMap roads; not live traffic or observed customer origins,GROW,76.68,MEDIUM,"Population and accessibility opportunity signal only. Validate income, rent, footfall, suitable real estate and full competitor inventory before investment.",24.94292097801448,56.1588045384968,2464.1,100.0,Al Taif Mall,25.892,0,0,77.23,70,MEDIUM,GROW,,,"Search area near 24.9429, 56.1588",NO_LOCAL_COMPETITOR_OBSERVATIONS;NO_NAMED_MARKET_ANCHOR,REVIEW_DATA_GAP,8,68.68,H3 SEARCH AREA — NOT A FINAL STORE SITE,"Verify suitable retail unit, rent, footfall, income/spend, female target demand, full competitor inventory, live travel times and cannibalization before investment."
55,56,GROW-104,1,2192.7,76.68,76.68,24.172032,52.639428,,,8743a692dffffff,8743a692dffffff,"Strongest signals: coverage gap and population; main constraint: market activity. Internal income, rent, footfall and customer-origin data are unavailable.",WorldPop Global2 R2025A v1; UAE constrained population count; 2025; approximately 100m; people per pixel,Observed Google Places competitors from the defined adaptive search; not an exhaustive UAE business census,Modelled 10-minute destination drive-time catchments using OpenRouteService and OpenStreetMap roads; not live traffic or observed customer origins,GROW,76.68,MEDIUM,"Population and accessibility opportunity signal only. Validate income, rent, footfall, suitable real estate and full competitor inventory before investment.",24.17203165901581,52.63942846588921,2192.7,100.0,Al Dhafra Branch,124.879,0,0,76.68,70,MEDIUM,GROW,,,"Search area near 24.1720, 52.6394",NO_LOCAL_COMPETITOR_OBSERVATIONS;NO_NAMED_MARKET_ANCHOR,REVIEW_DATA_GAP,8,68.68,H3 SEARCH AREA — NOT A FINAL STORE SITE,"Verify suitable retail unit, rent, footfall, income/spend, female target demand, full competitor inventory, live travel times and cannibalization before investment."
56,58,GROW-098,2,3890.88,76.89,76.0,23.547919,53.302596,,,8743a6711ffffff,8743a6711ffffff,"Strongest signals: coverage gap and population; main constraint: market activity. Internal income, rent, footfall and customer-origin data are unavailable.",WorldPop Global2 R2025A v1; UAE constrained population count; 2025; approximately 100m; people per pixel,Observed Google Places competitors from the defined adaptive search; not an exhaustive UAE business census,Modelled 10-minute destination drive-time catchments using OpenRouteService and OpenStreetMap roads; not live traffic or observed customer origins,GROW,76.62,MEDIUM,"Population and accessibility opportunity signal only. Validate income, rent, footfall, suitable real estate and full competitor inventory before investment.",23.552625763222657,53.30985211849542,2271.26,100.0,Al Dhafra Branch,42.04,0,0,76.89,70,MEDIUM,GROW,,,"Search area near 23.5526, 53.3099",NO_LOCAL_COMPETITOR_OBSERVATIONS;NO_NAMED_MARKET_ANCHOR,REVIEW_DATA_GAP,8,68.62,H3 SEARCH AREA — NOT A FINAL STORE SITE,"Verify suitable retail unit, rent, footfall, income/spend, female target demand, full competitor inventory, live travel times and cannibalization before investment."
57,59,GROW-140,1,2152.3,76.61,76.61,25.116096,55.964318,,,8743ac786ffffff,8743ac786ffffff,"Strongest signals: coverage gap and population; main constraint: market activity. Internal income, rent, footfall and customer-origin data are unavailable.",WorldPop Global2 R2025A v1; UAE constrained population count; 2025; approximately 100m; people per pixel,Observed Google Places competitors from the defined adaptive search; not an exhaustive UAE business census,Modelled 10-minute destination drive-time catchments using OpenRouteService and OpenStreetMap roads; not live traffic or observed customer origins,GROW,76.61,MEDIUM,"Population and accessibility opportunity signal only. Validate income, rent, footfall, suitable real estate and full competitor inventory before investment.",25.11609617623245,55.96431847782944,2152.3,100.0,Al Taif Mall,36.352,0,0,76.61,70,MEDIUM,GROW,,,"Search area near 25.1161, 55.9643",NO_LOCAL_COMPETITOR_OBSERVATIONS;NO_NAMED_MARKET_ANCHOR,REVIEW_DATA_GAP,8,68.61,H3 SEARCH AREA — NOT A FINAL STORE SITE,"Verify suitable retail unit, rent, footfall, income/spend, female target demand, full competitor inventory, live travel times and cannibalization before investment."
58,60,GROW-121,3,5067.76,77.37,74.77,25.55709,56.20549,,,8743ac202ffffff,8743ac202ffffff,"Strongest signals: coverage gap and population; main constraint: market activity. Internal income, rent, footfall and customer-origin data are unavailable.",WorldPop Global2 R2025A v1; UAE constrained population count; 2025; approximately 100m; people per pixel,Observed Google Places competitors from the defined adaptive search; not an exhaustive UAE business census,Modelled 10-minute destination drive-time catchments using OpenRouteService and OpenStreetMap roads; not live traffic or observed customer origins,GROW,76.59,MEDIUM,"Population and accessibility opportunity signal only. Validate income, rent, footfall, suitable real estate and full competitor inventory before investment.",25.55443211009964,56.20063189234887,2553.77,100.0,Ras Al Khaimah,35.67,0,0,77.37,70,MEDIUM,GROW,,,"Search area near 25.5544, 56.2006",NO_LOCAL_COMPETITOR_OBSERVATIONS;NO_NAMED_MARKET_ANCHOR,REVIEW_DATA_GAP,8,68.59,H3 SEARCH AREA — NOT A FINAL STORE SITE,"Verify suitable retail unit, rent, footfall, income/spend, female target demand, full competitor inventory, live travel times and cannibalization before investment."
59,61,GROW-079,7,9709.08,78.06,72.93,23.631344,55.552954,,,8743a36eaffffff,8743a36eaffffff,"Strongest signals: coverage gap and population; main constraint: market activity. Internal income, rent, footfall and customer-origin data are unavailable.",WorldPop Global2 R2025A v1; UAE constrained population count; 2025; approximately 100m; people per pixel,Observed Google Places competitors from the defined adaptive search; not an exhaustive UAE business census,Modelled 10-minute destination drive-time catchments using OpenRouteService and OpenStreetMap roads; not live traffic or observed customer origins,GROW,76.52,MEDIUM,"Population and accessibility opportunity signal only. Validate income, rent, footfall, suitable real estate and full competitor inventory before investment.",23.63458841745437,55.5507093850538,2994.9,100.0,Al Ain,66.768,0,0,78.06,70,MEDIUM,GROW,,,"Search area near 23.6346, 55.5507",NO_LOCAL_COMPETITOR_OBSERVATIONS;NO_NAMED_MARKET_ANCHOR,REVIEW_DATA_GAP,8,68.52,H3 SEARCH AREA — NOT A FINAL STORE SITE,"Verify suitable retail unit, rent, footfall, income/spend, female target demand, full competitor inventory, live travel times and cannibalization before investment."
60,62,GROW-123,3,5613.02,76.82,75.69,25.472331,56.186181,,,8743ac2a1ffffff,8743ac2a1ffffff,"Strongest signals: coverage gap and population; main constraint: market activity. Internal income, rent, footfall and customer-origin data are unavailable.",WorldPop Global2 R2025A v1; UAE constrained population count; 2025; approximately 100m; people per pixel,Observed Google Places competitors from the defined adaptive search; not an exhaustive UAE business census,Modelled 10-minute destination drive-time catchments using OpenRouteService and OpenStreetMap roads; not live traffic or observed customer origins,GROW,76.48,MEDIUM,"Population and accessibility opportunity signal only. Validate income, rent, footfall, suitable real estate and full competitor inventory before investment.",25.481382590983262,56.192141405082864,2248.93,100.0,Ras Al Khaimah,40.591,0,0,76.82,70,MEDIUM,GROW,,,"Search area near 25.4814, 56.1921",NO_LOCAL_COMPETITOR_OBSERVATIONS;NO_NAMED_MARKET_ANCHOR,REVIEW_DATA_GAP,8,68.48,H3 SEARCH AREA — NOT A FINAL STORE SITE,"Verify suitable retail unit, rent, footfall, income/spend, female target demand, full competitor inventory, live travel times and cannibalization before investment."
61,63,GROW-021,2,3430.4,77.17,74.56,24.864646,54.906307,,,8743a101effffff,8743a101effffff,"Strongest signals: coverage gap and population; main constraint: market activity. Internal income, rent, footfall and customer-origin data are unavailable.",WorldPop Global2 R2025A v1; UAE constrained population count; 2025; approximately 100m; people per pixel,Observed Google Places competitors from the defined adaptive search; not an exhaustive UAE business census,Modelled 10-minute destination drive-time catchments using OpenRouteService and OpenStreetMap roads; not live traffic or observed customer origins,GROW,76.39,MEDIUM,"Population and accessibility opportunity signal only. Validate income, rent, footfall, suitable real estate and full competitor inventory before investment.",24.861275866690825,54.900948315001855,2425.08,100.0,Jumeirah Park,33.244,0,0,77.17,70,MEDIUM,GROW,,,"Search area near 24.8613, 54.9009",NO_LOCAL_COMPETITOR_OBSERVATIONS;NO_NAMED_MARKET_ANCHOR,REVIEW_DATA_GAP,8,68.39,H3 SEARCH AREA — NOT A FINAL STORE SITE,"Verify suitable retail unit, rent, footfall, income/spend, female target demand, full competitor inventory, live travel times and cannibalization before investment."
62,64,GROW-141,1,2029.63,76.33,76.33,25.084264,55.949156,,,8743ac794ffffff,8743ac794ffffff,"Strongest signals: coverage gap and population; main constraint: market activity. Internal income, rent, footfall and customer-origin data are unavailable.",WorldPop Global2 R2025A v1; UAE constrained population count; 2025; approximately 100m; people per pixel,Observed Google Places competitors from the defined adaptive search; not an exhaustive UAE business census,Modelled 10-minute destination drive-time catchments using OpenRouteService and OpenStreetMap roads; not live traffic or observed customer origins,GROW,76.33,MEDIUM,"Population and accessibility opportunity signal only. Validate income, rent, footfall, suitable real estate and full competitor inventory before investment.",25.084264043333462,55.94915575742,2029.63,100.0,Al Taif Mall,38.091,0,0,76.33,70,MEDIUM,GROW,,,"Search area near 25.0843, 55.9492",NO_LOCAL_COMPETITOR_OBSERVATIONS;NO_NAMED_MARKET_ANCHOR,REVIEW_DATA_GAP,8,68.33,H3 SEARCH AREA — NOT A FINAL STORE SITE,"Verify suitable retail unit, rent, footfall, income/spend, female target demand, full competitor inventory, live travel times and cannibalization before investment."
63,65,GROW-166,1,1976.05,76.17,76.17,24.134432,51.621471,,,87534c269ffffff,87534c269ffffff,"Strongest signals: coverage gap and population; main constraint: market activity. Internal income, rent, footfall and customer-origin data are unavailable.",WorldPop Global2 R2025A v1; UAE constrained population count; 2025; approximately 100m; people per pixel,Observed Google Places competitors from the defined adaptive search; not an exhaustive UAE business census,Modelled 10-minute destination drive-time catchments using OpenRouteService and OpenStreetMap roads; not live traffic or observed customer origins,GROW,76.17,MEDIUM,"Population and accessibility opportunity signal only. Validate income, rent, footfall, suitable real estate and full competitor inventory before investment.",24.13443176735036,51.62147052747726,1976.05,100.0,Al Dhafra Branch,220.092,0,0,76.17,70,MEDIUM,GROW,,,"Search area near 24.1344, 51.6215",NO_LOCAL_COMPETITOR_OBSERVATIONS;NO_NAMED_MARKET_ANCHOR,REVIEW_DATA_GAP,8,68.17,H3 SEARCH AREA — NOT A FINAL STORE SITE,"Verify suitable retail unit, rent, footfall, income/spend, female target demand, full competitor inventory, live travel times and cannibalization before investment."
64,21,GROW-029,100,245795.37,82.07,75.58,24.623123,54.775254,,,8743a1546ffffff,8743a1546ffffff,"Strongest signals: coverage gap and population; main constraint: market activity. Internal income, rent, footfall and customer-origin data are unavailable.",WorldPop Global2 R2025A v1; UAE constrained population count; 2025; approximately 100m; people per pixel,Observed Google Places competitors from the defined adaptive search; not an exhaustive UAE business census,Modelled 10-minute destination drive-time catchments using OpenRouteService and OpenStreetMap roads; not live traffic or observed customer origins,GROW,80.12,MEDIUM,"Population and accessibility opportunity signal only. Validate income, rent, footfall, suitable real estate and full competitor inventory before investment.",24.67723462602756,54.752069139086274,7956.46,100.0,Shahama,18.831,0,0,82.07,70,MEDIUM,GROW,,,"Search area near 24.6772, 54.7521",BROAD_CLUSTER_REQUIRES_SUBMARKET_SPLIT;NO_LOCAL_COMPETITOR_OBSERVATIONS;NO_NAMED_MARKET_ANCHOR,REVIEW_DATA_GAP,12,68.12,H3 SEARCH AREA — NOT A FINAL STORE SITE,"Verify suitable retail unit, rent, footfall, income/spend, female target demand, full competitor inventory, live travel times and cannibalization before investment."
65,66,GROW-169,3,5358.97,76.12,75.64,23.969773,52.241654,,,87534d3a2ffffff,87534d3a2ffffff,"Strongest signals: coverage gap and population; main constraint: market activity. Internal income, rent, footfall and customer-origin data are unavailable.",WorldPop Global2 R2025A v1; UAE constrained population count; 2025; approximately 100m; people per pixel,Observed Google Places competitors from the defined adaptive search; not an exhaustive UAE business census,Modelled 10-minute destination drive-time catchments using OpenRouteService and OpenStreetMap roads; not live traffic or observed customer origins,GROW,75.98,MEDIUM,"Population and accessibility opportunity signal only. Validate income, rent, footfall, suitable real estate and full competitor inventory before investment.",23.97808009552845,52.25774148268324,1956.47,100.0,Al Dhafra Branch,153.192,0,0,76.12,70,MEDIUM,GROW,,,"Search area near 23.9781, 52.2577",NO_LOCAL_COMPETITOR_OBSERVATIONS;NO_NAMED_MARKET_ANCHOR,REVIEW_DATA_GAP,8,67.98,H3 SEARCH AREA — NOT A FINAL STORE SITE,"Verify suitable retail unit, rent, footfall, income/spend, female target demand, full competitor inventory, live travel times and cannibalization before investment."
66,67,GROW-013,1,1897.13,75.97,75.97,24.068546,54.323054,,,8743a0602ffffff,8743a0602ffffff,"Strongest signals: coverage gap and population; main constraint: market activity. Internal income, rent, footfall and customer-origin data are unavailable.",WorldPop Global2 R2025A v1; UAE constrained population count; 2025; approximately 100m; people per pixel,Observed Google Places competitors from the defined adaptive search; not an exhaustive UAE business census,Modelled 10-minute destination drive-time catchments using OpenRouteService and OpenStreetMap roads; not live traffic or observed customer origins,GROW,75.97,MEDIUM,"Population and accessibility opportunity signal only. Validate income, rent, footfall, suitable real estate and full competitor inventory before investment.",24.068546442978423,54.32305438693151,1897.13,100.0,Mohammed Bin Zayed City,39.816,0,0,75.97,70,MEDIUM,GROW,,,"Search area near 24.0685, 54.3231",NO_LOCAL_COMPETITOR_OBSERVATIONS;NO_NAMED_MARKET_ANCHOR,REVIEW_DATA_GAP,8,67.97,H3 SEARCH AREA — NOT A FINAL STORE SITE,"Verify suitable retail unit, rent, footfall, income/spend, female target demand, full competitor inventory, live travel times and cannibalization before investment."
67,68,GROW-100,1,1877.6,75.93,75.93,24.087022,52.957127,,,8743a6858ffffff,8743a6858ffffff,"Strongest signals: coverage gap and population; main constraint: market activity. Internal income, rent, footfall and customer-origin data are unavailable.",WorldPop Global2 R2025A v1; UAE constrained population count; 2025; approximately 100m; people per pixel,Observed Google Places competitors from the defined adaptive search; not an exhaustive UAE business census,Modelled 10-minute destination drive-time catchments using OpenRouteService and OpenStreetMap roads; not live traffic or observed customer origins,GROW,75.93,MEDIUM,"Population and accessibility opportunity signal only. Validate income, rent, footfall, suitable real estate and full competitor inventory before investment.",24.087022306593266,52.95712722836839,1877.6,100.0,Al Dhafra Branch,92.361,0,0,75.93,70,MEDIUM,GROW,,,"Search area near 24.0870, 52.9571",NO_LOCAL_COMPETITOR_OBSERVATIONS;NO_NAMED_MARKET_ANCHOR,REVIEW_DATA_GAP,8,67.93,H3 SEARCH AREA — NOT A FINAL STORE SITE,"Verify suitable retail unit, rent, footfall, income/spend, female target demand, full competitor inventory, live travel times and cannibalization before investment."
68,69,GROW-110,2,2993.55,76.77,73.39,23.788034,52.574743,,,8743a6d2cffffff,8743a6d2cffffff,"Strongest signals: coverage gap and population; main constraint: market activity. Internal income, rent, footfall and customer-origin data are unavailable.",WorldPop Global2 R2025A v1; UAE constrained population count; 2025; approximately 100m; people per pixel,Observed Google Places competitors from the defined adaptive search; not an exhaustive UAE business census,Modelled 10-minute destination drive-time catchments using OpenRouteService and OpenStreetMap roads; not live traffic or observed customer origins,GROW,75.76,MEDIUM,"Population and accessibility opportunity signal only. Validate income, rent, footfall, suitable real estate and full competitor inventory before investment.",23.784121517906325,52.57081057654736,2234.92,100.0,Al Dhafra Branch,117.689,0,0,76.77,70,MEDIUM,GROW,,,"Search area near 23.7841, 52.5708",NO_LOCAL_COMPETITOR_OBSERVATIONS;NO_NAMED_MARKET_ANCHOR,REVIEW_DATA_GAP,8,67.76,H3 SEARCH AREA — NOT A FINAL STORE SITE,"Verify suitable retail unit, rent, footfall, income/spend, female target demand, full competitor inventory, live travel times and cannibalization before investment."
69,70,GROW-155,1,1819.63,75.76,75.76,24.881913,56.169102,,,8743aea51ffffff,8743aea51ffffff,"Strongest signals: coverage gap and population; main constraint: market activity. Internal income, rent, footfall and customer-origin data are unavailable.",WorldPop Global2 R2025A v1; UAE constrained population count; 2025; approximately 100m; people per pixel,Observed Google Places competitors from the defined adaptive search; not an exhaustive UAE business census,Modelled 10-minute destination drive-time catchments using OpenRouteService and OpenStreetMap roads; not live traffic or observed customer origins,GROW,75.76,MEDIUM,"Population and accessibility opportunity signal only. Validate income, rent, footfall, suitable real estate and full competitor inventory before investment.",24.88191262542957,56.16910156755549,1819.63,100.0,Al Taif Mall,30.828,0,0,75.76,70,MEDIUM,GROW,,,"Search area near 24.8819, 56.1691",NO_LOCAL_COMPETITOR_OBSERVATIONS;NO_NAMED_MARKET_ANCHOR,REVIEW_DATA_GAP,8,67.76,H3 SEARCH AREA — NOT A FINAL STORE SITE,"Verify suitable retail unit, rent, footfall, income/spend, female target demand, full competitor inventory, live travel times and cannibalization before investment."
70,71,GROW-060,2,3006.43,76.66,73.61,23.647005,53.812315,,,8743a2822ffffff,8743a2822ffffff,"Strongest signals: coverage gap and population; main constraint: market activity. Internal income, rent, footfall and customer-origin data are unavailable.",WorldPop Global2 R2025A v1; UAE constrained population count; 2025; approximately 100m; people per pixel,Observed Google Places competitors from the defined adaptive search; not an exhaustive UAE business census,Modelled 10-minute destination drive-time catchments using OpenRouteService and OpenStreetMap roads; not live traffic or observed customer origins,GROW,75.74,MEDIUM,"Population and accessibility opportunity signal only. Validate income, rent, footfall, suitable real estate and full competitor inventory before investment.",23.64932622882014,53.80638041646697,2181.7,100.0,Al Dhafra Branch,9.692,0,0,76.66,70,MEDIUM,GROW,,,"Search area near 23.6493, 53.8064",NO_LOCAL_COMPETITOR_OBSERVATIONS;NO_NAMED_MARKET_ANCHOR,REVIEW_DATA_GAP,8,67.74,H3 SEARCH AREA — NOT A FINAL STORE SITE,"Verify suitable retail unit, rent, footfall, income/spend, female target demand, full competitor inventory, live travel times and cannibalization before investment."
71,72,GROW-017,1,1790.16,75.69,75.69,24.190571,53.776074,,,8743a0cceffffff,8743a0cceffffff,"Strongest signals: coverage gap and population; main constraint: market activity. Internal income, rent, footfall and customer-origin data are unavailable.",WorldPop Global2 R2025A v1; UAE constrained population count; 2025; approximately 100m; people per pixel,Observed Google Places competitors from the defined adaptive search; not an exhaustive UAE business census,Modelled 10-minute destination drive-time catchments using OpenRouteService and OpenStreetMap roads; not live traffic or observed customer origins,GROW,75.69,MEDIUM,"Population and accessibility opportunity signal only. Validate income, rent, footfall, suitable real estate and full competitor inventory before investment.",24.19057101698833,53.776073633950986,1790.16,100.0,Al Dhafra Branch,62.866,0,0,75.69,70,MEDIUM,GROW,,,"Search area near 24.1906, 53.7761",NO_LOCAL_COMPETITOR_OBSERVATIONS;NO_NAMED_MARKET_ANCHOR,REVIEW_DATA_GAP,8,67.69,H3 SEARCH AREA — NOT A FINAL STORE SITE,"Verify suitable retail unit, rent, footfall, income/spend, female target demand, full competitor inventory, live travel times and cannibalization before investment."
72,73,GROW-085,5,6365.2,76.51,73.05,24.313386,54.877463,,,8743a386bffffff,8743a386bffffff,"Strongest signals: coverage gap and population; main constraint: market activity. Internal income, rent, footfall and customer-origin data are unavailable.",WorldPop Global2 R2025A v1; UAE constrained population count; 2025; approximately 100m; people per pixel,Observed Google Places competitors from the defined adaptive search; not an exhaustive UAE business census,Modelled 10-minute destination drive-time catchments using OpenRouteService and OpenStreetMap roads; not live traffic or observed customer origins,GROW,75.47,MEDIUM,"Population and accessibility opportunity signal only. Validate income, rent, footfall, suitable real estate and full competitor inventory before investment.",24.309590072656,54.88236602865357,2104.26,100.0,Al Falah,20.701,0,0,76.51,70,MEDIUM,GROW,,,"Search area near 24.3096, 54.8824",NO_LOCAL_COMPETITOR_OBSERVATIONS;NO_NAMED_MARKET_ANCHOR,REVIEW_DATA_GAP,8,67.47,H3 SEARCH AREA — NOT A FINAL STORE SITE,"Verify suitable retail unit, rent, footfall, income/spend, female target demand, full competitor inventory, live travel times and cannibalization before investment."
73,74,GROW-133,1,1710.06,75.4,75.4,25.283927,55.687295,,,8743ac56affffff,8743ac56affffff,"Strongest signals: coverage gap and population; main constraint: market activity. Internal income, rent, footfall and customer-origin data are unavailable.",WorldPop Global2 R2025A v1; UAE constrained population count; 2025; approximately 100m; people per pixel,Observed Google Places competitors from the defined adaptive search; not an exhaustive UAE business census,Modelled 10-minute destination drive-time catchments using OpenRouteService and OpenStreetMap roads; not live traffic or observed customer origins,GROW,75.4,MEDIUM,"Population and accessibility opportunity signal only. Validate income, rent, footfall, suitable real estate and full competitor inventory before investment.",25.283926743431948,55.6872954966488,1710.06,100.0,Al Jada,21.214,0,0,75.4,70,MEDIUM,GROW,,,"Search area near 25.2839, 55.6873",NO_LOCAL_COMPETITOR_OBSERVATIONS;NO_NAMED_MARKET_ANCHOR,REVIEW_DATA_GAP,8,67.4,H3 SEARCH AREA — NOT A FINAL STORE SITE,"Verify suitable retail unit, rent, footfall, income/spend, female target demand, full competitor inventory, live travel times and cannibalization before investment."
74,75,GROW-159,2,3340.22,76.17,73.58,24.278338,55.6134,,,8743aec8dffffff,8743aec8dffffff,"Strongest signals: coverage gap and population; main constraint: market activity. Internal income, rent, footfall and customer-origin data are unavailable.",WorldPop Global2 R2025A v1; UAE constrained population count; 2025; approximately 100m; people per pixel,Observed Google Places competitors from the defined adaptive search; not an exhaustive UAE business census,Modelled 10-minute destination drive-time catchments using OpenRouteService and OpenStreetMap roads; not live traffic or observed customer origins,GROW,75.39,MEDIUM,"Population and accessibility opportunity signal only. Validate income, rent, footfall, suitable real estate and full competitor inventory before investment.",24.27606093397337,55.61906271618852,2476.0,96.37,Al Ain,6.881,0,0,76.17,70,MEDIUM,GROW,,,"Search area near 24.2761, 55.6191",NO_LOCAL_COMPETITOR_OBSERVATIONS;NO_NAMED_MARKET_ANCHOR,REVIEW_DATA_GAP,8,67.39,H3 SEARCH AREA — NOT A FINAL STORE SITE,"Verify suitable retail unit, rent, footfall, income/spend, female target demand, full competitor inventory, live travel times and cannibalization before investment."
75,76,GROW-120,2,2812.79,76.07,73.57,25.612752,55.705871,,,8743ac171ffffff,8743ac171ffffff,"Strongest signals: coverage gap and population; main constraint: market activity. Internal income, rent, footfall and customer-origin data are unavailable.",WorldPop Global2 R2025A v1; UAE constrained population count; 2025; approximately 100m; people per pixel,Observed Google Places competitors from the defined adaptive search; not an exhaustive UAE business census,Modelled 10-minute destination drive-time catchments using OpenRouteService and OpenStreetMap roads; not live traffic or observed customer origins,GROW,75.32,MEDIUM,"Population and accessibility opportunity signal only. Validate income, rent, footfall, suitable real estate and full competitor inventory before investment.",25.61637163300488,55.71171894077267,1934.84,100.0,Ras Al Khaimah,25.71,0,0,76.07,70,MEDIUM,GROW,,,"Search area near 25.6164, 55.7117",NO_LOCAL_COMPETITOR_OBSERVATIONS;NO_NAMED_MARKET_ANCHOR,REVIEW_DATA_GAP,8,67.32,H3 SEARCH AREA — NOT A FINAL STORE SITE,"Verify suitable retail unit, rent, footfall, income/spend, female target demand, full competitor inventory, live travel times and cannibalization before investment."
76,77,GROW-056,1,1638.51,75.21,75.21,22.999251,54.214398,,,8743a24e0ffffff,8743a24e0ffffff,"Strongest signals: coverage gap and population; main constraint: market activity. Internal income, rent, footfall and customer-origin data are unavailable.",WorldPop Global2 R2025A v1; UAE constrained population count; 2025; approximately 100m; people per pixel,Observed Google Places competitors from the defined adaptive search; not an exhaustive UAE business census,Modelled 10-minute destination drive-time catchments using OpenRouteService and OpenStreetMap roads; not live traffic or observed customer origins,GROW,75.21,MEDIUM,"Population and accessibility opportunity signal only. Validate income, rent, footfall, suitable real estate and full competitor inventory before investment.",22.99925145610218,54.21439844116817,1638.51,100.0,Al Dhafra Branch,86.594,0,0,75.21,70,MEDIUM,GROW,,,"Search area near 22.9993, 54.2144",NO_LOCAL_COMPETITOR_OBSERVATIONS;NO_NAMED_MARKET_ANCHOR,REVIEW_DATA_GAP,8,67.21,H3 SEARCH AREA — NOT A FINAL STORE SITE,"Verify suitable retail unit, rent, footfall, income/spend, female target demand, full competitor inventory, live travel times and cannibalization before investment."
77,78,GROW-040,2,2908.22,75.49,74.23,24.679303,55.171531,,,8743a1623ffffff,8743a1623ffffff,"Strongest signals: coverage gap and population; main constraint: market activity. Internal income, rent, footfall and customer-origin data are unavailable.",WorldPop Global2 R2025A v1; UAE constrained population count; 2025; approximately 100m; people per pixel,Observed Google Places competitors from the defined adaptive search; not an exhaustive UAE business census,Modelled 10-minute destination drive-time catchments using OpenRouteService and OpenStreetMap roads; not live traffic or observed customer origins,GROW,75.11,MEDIUM,"Population and accessibility opportunity signal only. Validate income, rent, footfall, suitable real estate and full competitor inventory before investment.",24.675764202418808,55.18043749978859,1731.6,100.0,Jumeirah Park,40.434,0,0,75.49,70,MEDIUM,GROW,,,"Search area near 24.6758, 55.1804",NO_LOCAL_COMPETITOR_OBSERVATIONS;NO_NAMED_MARKET_ANCHOR,REVIEW_DATA_GAP,8,67.11,H3 SEARCH AREA — NOT A FINAL STORE SITE,"Verify suitable retail unit, rent, footfall, income/spend, female target demand, full competitor inventory, live travel times and cannibalization before investment."
78,79,GROW-163,2,2818.67,75.55,73.93,24.287786,55.421426,,,8743aed82ffffff,8743aed82ffffff,"Strongest signals: coverage gap and population; main constraint: market activity. Internal income, rent, footfall and customer-origin data are unavailable.",WorldPop Global2 R2025A v1; UAE constrained population count; 2025; approximately 100m; people per pixel,Observed Google Places competitors from the defined adaptive search; not an exhaustive UAE business census,Modelled 10-minute destination drive-time catchments using OpenRouteService and OpenStreetMap roads; not live traffic or observed customer origins,GROW,75.06,MEDIUM,"Population and accessibility opportunity signal only. Validate income, rent, footfall, suitable real estate and full competitor inventory before investment.",24.28351395301817,55.41453038344973,1755.3,100.0,Al Ain,25.673,0,0,75.55,70,MEDIUM,GROW,,,"Search area near 24.2835, 55.4145",NO_LOCAL_COMPETITOR_OBSERVATIONS;NO_NAMED_MARKET_ANCHOR,REVIEW_DATA_GAP,8,67.06,H3 SEARCH AREA — NOT A FINAL STORE SITE,"Verify suitable retail unit, rent, footfall, income/spend, female target demand, full competitor inventory, live travel times and cannibalization before investment."
79,80,GROW-076,5,5698.12,76.02,72.31,23.897948,55.393703,,,8743a32b4ffffff,8743a32b4ffffff,"Strongest signals: coverage gap and population; main constraint: market activity. Internal income, rent, footfall and customer-origin data are unavailable.",WorldPop Global2 R2025A v1; UAE constrained population count; 2025; approximately 100m; people per pixel,Observed Google Places competitors from the defined adaptive search; not an exhaustive UAE business census,Modelled 10-minute destination drive-time catchments using OpenRouteService and OpenStreetMap roads; not live traffic or observed customer origins,GROW,74.91,EMERGING,"Population and accessibility opportunity signal only. Validate income, rent, footfall, suitable real estate and full competitor inventory before investment.",23.877798316412964,55.40649883219807,1915.43,100.0,Al Ain,46.556,0,0,76.02,70,MEDIUM,GROW,,,"Search area near 23.8778, 55.4065",NO_LOCAL_COMPETITOR_OBSERVATIONS;NO_NAMED_MARKET_ANCHOR,REVIEW_DATA_GAP,8,66.91,H3 SEARCH AREA — NOT A FINAL STORE SITE,"Verify suitable retail unit, rent, footfall, income/spend, female target demand, full competitor inventory, live travel times and cannibalization before investment."
80,82,GROW-158,1,1537.39,74.81,74.81,24.81202,56.201453,,,8743aeaeaffffff,8743aeaeaffffff,"Strongest signals: coverage gap and population; main constraint: market activity. Internal income, rent, footfall and customer-origin data are unavailable.",WorldPop Global2 R2025A v1; UAE constrained population count; 2025; approximately 100m; people per pixel,Observed Google Places competitors from the defined adaptive search; not an exhaustive UAE business census,Modelled 10-minute destination drive-time catchments using OpenRouteService and OpenStreetMap roads; not live traffic or observed customer origins,GROW,74.81,EMERGING,"Population and accessibility opportunity signal only. Validate income, rent, footfall, suitable real estate and full competitor inventory before investment.",24.8120196083532,56.20145256335027,1537.39,100.0,Al Taif Mall,36.479,0,0,74.81,70,MEDIUM,GROW,,,"Search area near 24.8120, 56.2015",NO_LOCAL_COMPETITOR_OBSERVATIONS;NO_NAMED_MARKET_ANCHOR,REVIEW_DATA_GAP,8,66.81,H3 SEARCH AREA — NOT A FINAL STORE SITE,"Verify suitable retail unit, rent, footfall, income/spend, female target demand, full competitor inventory, live travel times and cannibalization before investment."
81,84,GROW-135,3,3502.38,75.74,72.42,25.169031,56.105114,,,8743ac615ffffff,8743ac615ffffff,"Strongest signals: coverage gap and population; main constraint: market activity. Internal income, rent, footfall and customer-origin data are unavailable.",WorldPop Global2 R2025A v1; UAE constrained population count; 2025; approximately 100m; people per pixel,Observed Google Places competitors from the defined adaptive search; not an exhaustive UAE business census,Modelled 10-minute destination drive-time catchments using OpenRouteService and OpenStreetMap roads; not live traffic or observed customer origins,GROW,74.74,EMERGING,"Population and accessibility opportunity signal only. Validate income, rent, footfall, suitable real estate and full competitor inventory before investment.",25.17596827333239,56.09869887308733,1812.99,100.0,Al Taif Mall,23.64,0,0,75.74,70,MEDIUM,GROW,,,"Search area near 25.1760, 56.0987",NO_LOCAL_COMPETITOR_OBSERVATIONS;NO_NAMED_MARKET_ANCHOR,REVIEW_DATA_GAP,8,66.74,H3 SEARCH AREA — NOT A FINAL STORE SITE,"Verify suitable retail unit, rent, footfall, income/spend, female target demand, full competitor inventory, live travel times and cannibalization before investment."
82,83,GROW-142,3,3805.57,75.36,73.28,25.097304,56.023428,,,8743ac798ffffff,8743ac798ffffff,"Strongest signals: coverage gap and population; main constraint: market activity. Internal income, rent, footfall and customer-origin data are unavailable.",WorldPop Global2 R2025A v1; UAE constrained population count; 2025; approximately 100m; people per pixel,Observed Google Places competitors from the defined adaptive search; not an exhaustive UAE business census,Modelled 10-minute destination drive-time catchments using OpenRouteService and OpenStreetMap roads; not live traffic or observed customer origins,GROW,74.74,EMERGING,"Population and accessibility opportunity signal only. Validate income, rent, footfall, suitable real estate and full competitor inventory before investment.",25.08935161809788,56.03082118661147,1694.67,100.0,Al Taif Mall,29.855,0,0,75.36,70,MEDIUM,GROW,,,"Search area near 25.0894, 56.0308",NO_LOCAL_COMPETITOR_OBSERVATIONS;NO_NAMED_MARKET_ANCHOR,REVIEW_DATA_GAP,8,66.74,H3 SEARCH AREA — NOT A FINAL STORE SITE,"Verify suitable retail unit, rent, footfall, income/spend, female target demand, full competitor inventory, live travel times and cannibalization before investment."
83,85,GROW-062,1,1505.79,74.7,74.7,23.711339,53.69412,,,8743a2905ffffff,8743a2905ffffff,"Strongest signals: coverage gap and population; main constraint: market activity. Internal income, rent, footfall and customer-origin data are unavailable.",WorldPop Global2 R2025A v1; UAE constrained population count; 2025; approximately 100m; people per pixel,Observed Google Places competitors from the defined adaptive search; not an exhaustive UAE business census,Modelled 10-minute destination drive-time catchments using OpenRouteService and OpenStreetMap roads; not live traffic or observed customer origins,GROW,74.7,EMERGING,"Population and accessibility opportunity signal only. Validate income, rent, footfall, suitable real estate and full competitor inventory before investment.",23.71133856771194,53.69411957030235,1505.79,100.0,Al Dhafra Branch,9.482,0,0,74.7,70,MEDIUM,GROW,,,"Search area near 23.7113, 53.6941",NO_LOCAL_COMPETITOR_OBSERVATIONS;NO_NAMED_MARKET_ANCHOR,REVIEW_DATA_GAP,8,66.7,H3 SEARCH AREA — NOT A FINAL STORE SITE,"Verify suitable retail unit, rent, footfall, income/spend, female target demand, full competitor inventory, live travel times and cannibalization before investment."
84,86,GROW-131,1,1501.32,74.66,74.66,25.05362,55.789541,,,8743ac4f5ffffff,8743ac4f5ffffff,"Strongest signals: coverage gap and population; main constraint: market activity. Internal income, rent, footfall and customer-origin data are unavailable.",WorldPop Global2 R2025A v1; UAE constrained population count; 2025; approximately 100m; people per pixel,Observed Google Places competitors from the defined adaptive search; not an exhaustive UAE business census,Modelled 10-minute destination drive-time catchments using OpenRouteService and OpenStreetMap roads; not live traffic or observed customer origins,GROW,74.66,EMERGING,"Population and accessibility opportunity signal only. Validate income, rent, footfall, suitable real estate and full competitor inventory before investment.",25.053619641113347,55.7895410879205,1501.32,100.0,Mirdif 35,41.025,0,0,74.66,70,MEDIUM,GROW,,,"Search area near 25.0536, 55.7895",NO_LOCAL_COMPETITOR_OBSERVATIONS;NO_NAMED_MARKET_ANCHOR,REVIEW_DATA_GAP,8,66.66,H3 SEARCH AREA — NOT A FINAL STORE SITE,"Verify suitable retail unit, rent, footfall, income/spend, female target demand, full competitor inventory, live travel times and cannibalization before investment."
85,87,GROW-148,6,7633.09,75.09,73.47,24.643329,55.682887,,,8743ae88dffffff,8743ae88dffffff,"Strongest signals: coverage gap and population; main constraint: market activity. Internal income, rent, footfall and customer-origin data are unavailable.",WorldPop Global2 R2025A v1; UAE constrained population count; 2025; approximately 100m; people per pixel,Observed Google Places competitors from the defined adaptive search; not an exhaustive UAE business census,Modelled 10-minute destination drive-time catchments using OpenRouteService and OpenStreetMap roads; not live traffic or observed customer origins,GROW,74.6,EMERGING,"Population and accessibility opportunity signal only. Validate income, rent, footfall, suitable real estate and full competitor inventory before investment.",24.637749318949563,55.69809284764462,1618.01,100.0,Al Ain,45.871,0,0,75.09,70,MEDIUM,GROW,,,"Search area near 24.6377, 55.6981",NO_LOCAL_COMPETITOR_OBSERVATIONS;NO_NAMED_MARKET_ANCHOR,REVIEW_DATA_GAP,8,66.6,H3 SEARCH AREA — NOT A FINAL STORE SITE,"Verify suitable retail unit, rent, footfall, income/spend, female target demand, full competitor inventory, live travel times and cannibalization before investment."
86,88,GROW-011,1,1487.56,74.59,74.59,23.872723,53.840776,,,8743a0598ffffff,8743a0598ffffff,"Strongest signals: coverage gap and population; main constraint: market activity. Internal income, rent, footfall and customer-origin data are unavailable.",WorldPop Global2 R2025A v1; UAE constrained population count; 2025; approximately 100m; people per pixel,Observed Google Places competitors from the defined adaptive search; not an exhaustive UAE business census,Modelled 10-minute destination drive-time catchments using OpenRouteService and OpenStreetMap roads; not live traffic or observed customer origins,GROW,74.59,EMERGING,"Population and accessibility opportunity signal only. Validate income, rent, footfall, suitable real estate and full competitor inventory before investment.",23.872722773910684,53.84077625641669,1487.56,100.0,Al Dhafra Branch,30.106,0,0,74.59,70,MEDIUM,GROW,,,"Search area near 23.8727, 53.8408",NO_LOCAL_COMPETITOR_OBSERVATIONS;NO_NAMED_MARKET_ANCHOR,REVIEW_DATA_GAP,8,66.59,H3 SEARCH AREA — NOT A FINAL STORE SITE,"Verify suitable retail unit, rent, footfall, income/spend, female target demand, full competitor inventory, live travel times and cannibalization before investment."
87,89,GROW-168,3,3391.5,75.5,72.23,24.049245,52.438304,,,87534d376ffffff,87534d376ffffff,"Strongest signals: coverage gap and population; main constraint: market activity. Internal income, rent, footfall and customer-origin data are unavailable.",WorldPop Global2 R2025A v1; UAE constrained population count; 2025; approximately 100m; people per pixel,Observed Google Places competitors from the defined adaptive search; not an exhaustive UAE business census,Modelled 10-minute destination drive-time catchments using OpenRouteService and OpenStreetMap roads; not live traffic or observed customer origins,GROW,74.52,EMERGING,"Population and accessibility opportunity signal only. Validate income, rent, footfall, suitable real estate and full competitor inventory before investment.",24.04557265988956,52.45298434430278,1740.04,100.0,Al Dhafra Branch,136.412,0,0,75.5,70,MEDIUM,GROW,,,"Search area near 24.0456, 52.4530",NO_LOCAL_COMPETITOR_OBSERVATIONS;NO_NAMED_MARKET_ANCHOR,REVIEW_DATA_GAP,8,66.52,H3 SEARCH AREA — NOT A FINAL STORE SITE,"Verify suitable retail unit, rent, footfall, income/spend, female target demand, full competitor inventory, live travel times and cannibalization before investment."
88,90,GROW-150,3,3708.09,74.94,73.18,24.899536,55.612942,,,8743ae941ffffff,8743ae941ffffff,"Strongest signals: coverage gap and population; main constraint: market activity. Internal income, rent, footfall and customer-origin data are unavailable.",WorldPop Global2 R2025A v1; UAE constrained population count; 2025; approximately 100m; people per pixel,Observed Google Places competitors from the defined adaptive search; not an exhaustive UAE business census,Modelled 10-minute destination drive-time catchments using OpenRouteService and OpenStreetMap roads; not live traffic or observed customer origins,GROW,74.41,EMERGING,"Population and accessibility opportunity signal only. Validate income, rent, footfall, suitable real estate and full competitor inventory before investment.",24.898425432844498,55.61114431518656,1573.65,100.0,Nad Al Sheba,37.881,0,0,74.94,70,MEDIUM,GROW,,,"Search area near 24.8984, 55.6111",NO_LOCAL_COMPETITOR_OBSERVATIONS;NO_NAMED_MARKET_ANCHOR,REVIEW_DATA_GAP,8,66.41,H3 SEARCH AREA — NOT A FINAL STORE SITE,"Verify suitable retail unit, rent, footfall, income/spend, female target demand, full competitor inventory, live travel times and cannibalization before investment."
89,91,GROW-164,1,1440.14,74.41,74.41,23.087359,53.762346,,,8743b5349ffffff,8743b5349ffffff,"Strongest signals: coverage gap and population; main constraint: market activity. Internal income, rent, footfall and customer-origin data are unavailable.",WorldPop Global2 R2025A v1; UAE constrained population count; 2025; approximately 100m; people per pixel,Observed Google Places competitors from the defined adaptive search; not an exhaustive UAE business census,Modelled 10-minute destination drive-time catchments using OpenRouteService and OpenStreetMap roads; not live traffic or observed customer origins,GROW,74.41,EMERGING,"Population and accessibility opportunity signal only. Validate income, rent, footfall, suitable real estate and full competitor inventory before investment.",23.08735930338821,53.762346491719256,1440.14,100.0,Al Dhafra Branch,60.324,0,0,74.41,70,MEDIUM,GROW,,,"Search area near 23.0874, 53.7623",NO_LOCAL_COMPETITOR_OBSERVATIONS;NO_NAMED_MARKET_ANCHOR,REVIEW_DATA_GAP,8,66.41,H3 SEARCH AREA — NOT A FINAL STORE SITE,"Verify suitable retail unit, rent, footfall, income/spend, female target demand, full competitor inventory, live travel times and cannibalization before investment."
90,92,GROW-053,4,4518.1,75.18,72.51,23.060082,54.089837,,,8743a2420ffffff,8743a2420ffffff,"Strongest signals: coverage gap and population; main constraint: market activity. Internal income, rent, footfall and customer-origin data are unavailable.",WorldPop Global2 R2025A v1; UAE constrained population count; 2025; approximately 100m; people per pixel,Observed Google Places competitors from the defined adaptive search; not an exhaustive UAE business census,Modelled 10-minute destination drive-time catchments using OpenRouteService and OpenStreetMap roads; not live traffic or observed customer origins,GROW,74.38,EMERGING,"Population and accessibility opportunity signal only. Validate income, rent, footfall, suitable real estate and full competitor inventory before investment.",23.05863363269208,54.06430405506136,1632.62,100.0,Al Dhafra Branch,72.713,0,0,75.18,70,MEDIUM,GROW,,,"Search area near 23.0586, 54.0643",NO_LOCAL_COMPETITOR_OBSERVATIONS;NO_NAMED_MARKET_ANCHOR,REVIEW_DATA_GAP,8,66.38,H3 SEARCH AREA — NOT A FINAL STORE SITE,"Verify suitable retail unit, rent, footfall, income/spend, female target demand, full competitor inventory, live travel times and cannibalization before investment."
91,93,GROW-036,2,2387.41,75.15,72.59,24.413528,54.869293,,,8743a148effffff,8743a148effffff,"Strongest signals: coverage gap and population; main constraint: market activity. Internal income, rent, footfall and customer-origin data are unavailable.",WorldPop Global2 R2025A v1; UAE constrained population count; 2025; approximately 100m; people per pixel,Observed Google Places competitors from the defined adaptive search; not an exhaustive UAE business census,Modelled 10-minute destination drive-time catchments using OpenRouteService and OpenStreetMap roads; not live traffic or observed customer origins,GROW,74.38,EMERGING,"Population and accessibility opportunity signal only. Validate income, rent, footfall, suitable real estate and full competitor inventory before investment.",24.409904857338844,54.863523810259885,1628.51,100.0,Al Falah,13.062,0,0,75.15,70,MEDIUM,GROW,,,"Search area near 24.4099, 54.8635",NO_LOCAL_COMPETITOR_OBSERVATIONS;NO_NAMED_MARKET_ANCHOR,REVIEW_DATA_GAP,8,66.38,H3 SEARCH AREA — NOT A FINAL STORE SITE,"Verify suitable retail unit, rent, footfall, income/spend, female target demand, full competitor inventory, live travel times and cannibalization before investment."
92,94,GROW-143,1,1416.26,74.33,74.33,25.191285,56.013395,,,8743ac7a9ffffff,8743ac7a9ffffff,"Strongest signals: coverage gap and population; main constraint: market activity. Internal income, rent, footfall and customer-origin data are unavailable.",WorldPop Global2 R2025A v1; UAE constrained population count; 2025; approximately 100m; people per pixel,Observed Google Places competitors from the defined adaptive search; not an exhaustive UAE business census,Modelled 10-minute destination drive-time catchments using OpenRouteService and OpenStreetMap roads; not live traffic or observed customer origins,GROW,74.33,EMERGING,"Population and accessibility opportunity signal only. Validate income, rent, footfall, suitable real estate and full competitor inventory before investment.",25.1912851182064,56.0133953720085,1416.26,100.0,Al Taif Mall,32.376,0,0,74.33,70,MEDIUM,GROW,,,"Search area near 25.1913, 56.0134",NO_LOCAL_COMPETITOR_OBSERVATIONS;NO_NAMED_MARKET_ANCHOR,REVIEW_DATA_GAP,8,66.33,H3 SEARCH AREA — NOT A FINAL STORE SITE,"Verify suitable retail unit, rent, footfall, income/spend, female target demand, full competitor inventory, live travel times and cannibalization before investment."
93,96,GROW-020,2,2391.31,74.9,72.73,24.910213,54.919248,,,8743a100effffff,8743a100effffff,"Strongest signals: coverage gap and population; main constraint: market activity. Internal income, rent, footfall and customer-origin data are unavailable.",WorldPop Global2 R2025A v1; UAE constrained population count; 2025; approximately 100m; people per pixel,Observed Google Places competitors from the defined adaptive search; not an exhaustive UAE business census,Modelled 10-minute destination drive-time catchments using OpenRouteService and OpenStreetMap roads; not live traffic or observed customer origins,GROW,74.25,EMERGING,"Population and accessibility opportunity signal only. Validate income, rent, footfall, suitable real estate and full competitor inventory before investment.",24.913207220640405,54.91165972829918,1569.77,100.0,Jumeirah Park,29.21,0,0,74.9,70,MEDIUM,GROW,,,"Search area near 24.9132, 54.9117",NO_LOCAL_COMPETITOR_OBSERVATIONS;NO_NAMED_MARKET_ANCHOR,REVIEW_DATA_GAP,8,66.25,H3 SEARCH AREA — NOT A FINAL STORE SITE,"Verify suitable retail unit, rent, footfall, income/spend, female target demand, full competitor inventory, live travel times and cannibalization before investment."
94,95,GROW-095,3,3919.9,74.47,73.73,23.771908,53.555727,,,8743a62aaffffff,8743a62aaffffff,"Strongest signals: coverage gap and population; main constraint: market activity. Internal income, rent, footfall and customer-origin data are unavailable.",WorldPop Global2 R2025A v1; UAE constrained population count; 2025; approximately 100m; people per pixel,Observed Google Places competitors from the defined adaptive search; not an exhaustive UAE business census,Modelled 10-minute destination drive-time catchments using OpenRouteService and OpenStreetMap roads; not live traffic or observed customer origins,GROW,74.25,EMERGING,"Population and accessibility opportunity signal only. Validate income, rent, footfall, suitable real estate and full competitor inventory before investment.",23.781700432929807,53.56007046107947,1443.76,100.0,Al Dhafra Branch,23.192,0,0,74.47,70,MEDIUM,GROW,,,"Search area near 23.7817, 53.5601",NO_LOCAL_COMPETITOR_OBSERVATIONS;NO_NAMED_MARKET_ANCHOR,REVIEW_DATA_GAP,8,66.25,H3 SEARCH AREA — NOT A FINAL STORE SITE,"Verify suitable retail unit, rent, footfall, income/spend, female target demand, full competitor inventory, live travel times and cannibalization before investment."
95,97,GROW-139,1,1401.44,74.24,74.24,25.194968,56.240295,,,8743ac6e1ffffff,8743ac6e1ffffff,"Strongest signals: coverage gap and population; main constraint: market activity. Internal income, rent, footfall and customer-origin data are unavailable.",WorldPop Global2 R2025A v1; UAE constrained population count; 2025; approximately 100m; people per pixel,Observed Google Places competitors from the defined adaptive search; not an exhaustive UAE business census,Modelled 10-minute destination drive-time catchments using OpenRouteService and OpenStreetMap roads; not live traffic or observed customer origins,GROW,74.24,EMERGING,"Population and accessibility opportunity signal only. Validate income, rent, footfall, suitable real estate and full competitor inventory before investment.",25.194967839348045,56.24029467787663,1401.44,100.0,Al Taif Mall,11.929,0,0,74.24,70,MEDIUM,GROW,,,"Search area near 25.1950, 56.2403",NO_LOCAL_COMPETITOR_OBSERVATIONS;NO_NAMED_MARKET_ANCHOR,REVIEW_DATA_GAP,8,66.24,H3 SEARCH AREA — NOT A FINAL STORE SITE,"Verify suitable retail unit, rent, footfall, income/spend, female target demand, full competitor inventory, live travel times and cannibalization before investment."
96,98,GROW-059,3,3342.89,75.02,72.38,22.920538,53.969381,,,8743a25b3ffffff,8743a25b3ffffff,"Strongest signals: coverage gap and population; main constraint: market activity. Internal income, rent, footfall and customer-origin data are unavailable.",WorldPop Global2 R2025A v1; UAE constrained population count; 2025; approximately 100m; people per pixel,Observed Google Places competitors from the defined adaptive search; not an exhaustive UAE business census,Modelled 10-minute destination drive-time catchments using OpenRouteService and OpenStreetMap roads; not live traffic or observed customer origins,GROW,74.23,EMERGING,"Population and accessibility opportunity signal only. Validate income, rent, footfall, suitable real estate and full competitor inventory before investment.",22.92201579269985,53.95358394725761,1596.5,100.0,Al Dhafra Branch,82.23,0,0,75.02,70,MEDIUM,GROW,,,"Search area near 22.9220, 53.9536",NO_LOCAL_COMPETITOR_OBSERVATIONS;NO_NAMED_MARKET_ANCHOR,REVIEW_DATA_GAP,8,66.23,H3 SEARCH AREA — NOT A FINAL STORE SITE,"Verify suitable retail unit, rent, footfall, income/spend, female target demand, full competitor inventory, live travel times and cannibalization before investment."
97,99,GROW-152,1,1376.14,74.13,74.13,24.91609,55.566949,,,8743ae963ffffff,8743ae963ffffff,"Strongest signals: coverage gap and population; main constraint: market activity. Internal income, rent, footfall and customer-origin data are unavailable.",WorldPop Global2 R2025A v1; UAE constrained population count; 2025; approximately 100m; people per pixel,Observed Google Places competitors from the defined adaptive search; not an exhaustive UAE business census,Modelled 10-minute destination drive-time catchments using OpenRouteService and OpenStreetMap roads; not live traffic or observed customer origins,GROW,74.13,EMERGING,"Population and accessibility opportunity signal only. Validate income, rent, footfall, suitable real estate and full competitor inventory before investment.",24.916089582860064,55.56694890854375,1376.14,100.0,Nad Al Sheba,33.584,0,0,74.13,70,MEDIUM,GROW,,,"Search area near 24.9161, 55.5669",NO_LOCAL_COMPETITOR_OBSERVATIONS;NO_NAMED_MARKET_ANCHOR,REVIEW_DATA_GAP,8,66.13,H3 SEARCH AREA — NOT A FINAL STORE SITE,"Verify suitable retail unit, rent, footfall, income/spend, female target demand, full competitor inventory, live travel times and cannibalization before investment."
98,100,GROW-083,2,4635.91,74.21,73.73,24.264634,54.715001,,,8743a3953ffffff,8743a3953ffffff,"Strongest signals: coverage gap and population; main constraint: market activity. Internal income, rent, footfall and customer-origin data are unavailable.",WorldPop Global2 R2025A v1; UAE constrained population count; 2025; approximately 100m; people per pixel,Observed Google Places competitors from the defined adaptive search; not an exhaustive UAE business census,Modelled 10-minute destination drive-time catchments using OpenRouteService and OpenStreetMap roads; not live traffic or observed customer origins,GROW,74.07,EMERGING,"Population and accessibility opportunity signal only. Validate income, rent, footfall, suitable real estate and full competitor inventory before investment.",24.26732557090759,54.708193718680405,3192.74,86.19,Baniyas,8.298,0,0,74.21,70,MEDIUM,GROW,,,"Search area near 24.2673, 54.7082",NO_LOCAL_COMPETITOR_OBSERVATIONS;NO_NAMED_MARKET_ANCHOR,REVIEW_DATA_GAP,8,66.07,H3 SEARCH AREA — NOT A FINAL STORE SITE,"Verify suitable retail unit, rent, footfall, income/spend, female target demand, full competitor inventory, live travel times and cannibalization before investment."
99,101,GROW-127,2,2316.76,74.4,72.75,25.13954,55.746085,,,8743ac40dffffff,8743ac40dffffff,"Strongest signals: coverage gap and population; main constraint: market activity. Internal income, rent, footfall and customer-origin data are unavailable.",WorldPop Global2 R2025A v1; UAE constrained population count; 2025; approximately 100m; people per pixel,Observed Google Places competitors from the defined adaptive search; not an exhaustive UAE business census,Modelled 10-minute destination drive-time catchments using OpenRouteService and OpenStreetMap roads; not live traffic or observed customer origins,GROW,73.9,EMERGING,"Population and accessibility opportunity signal only. Validate income, rent, footfall, suitable real estate and full competitor inventory before investment.",25.14390509176188,55.75315668964538,1436.48,100.0,Mirdif 35,33.685,0,0,74.4,70,MEDIUM,GROW,,,"Search area near 25.1439, 55.7532",NO_LOCAL_COMPETITOR_OBSERVATIONS;NO_NAMED_MARKET_ANCHOR,REVIEW_DATA_GAP,8,65.9,H3 SEARCH AREA — NOT A FINAL STORE SITE,"Verify suitable retail unit, rent, footfall, income/spend, female target demand, full competitor inventory, live travel times and cannibalization before investment."
100,102,GROW-145,1,1331.1,73.89,73.89,24.21524,55.955096,,,8743ae462ffffff,8743ae462ffffff,"Strongest signals: coverage gap and population; main constraint: market activity. Internal income, rent, footfall and customer-origin data are unavailable.",WorldPop Global2 R2025A v1; UAE constrained population count; 2025; approximately 100m; people per pixel,Observed Google Places competitors from the defined adaptive search; not an exhaustive UAE business census,Modelled 10-minute destination drive-time catchments using OpenRouteService and OpenStreetMap roads; not live traffic or observed customer origins,GROW,73.89,EMERGING,"Population and accessibility opportunity signal only. Validate income, rent, footfall, suitable real estate and full competitor inventory before investment.",24.215239528793266,55.95509595911573,1331.1,100.0,Al Ain,29.954,0,0,73.89,70,MEDIUM,GROW,,,"Search area near 24.2152, 55.9551",NO_LOCAL_COMPETITOR_OBSERVATIONS;NO_NAMED_MARKET_ANCHOR,REVIEW_DATA_GAP,8,65.89,H3 SEARCH AREA — NOT A FINAL STORE SITE,"Verify suitable retail unit, rent, footfall, income/spend, female target demand, full competitor inventory, live travel times and cannibalization before investment."
101,103,GROW-051,1,1328.81,73.88,73.88,23.279614,54.238312,,,8743a20abffffff,8743a20abffffff,"Strongest signals: coverage gap and population; main constraint: market activity. Internal income, rent, footfall and customer-origin data are unavailable.",WorldPop Global2 R2025A v1; UAE constrained population count; 2025; approximately 100m; people per pixel,Observed Google Places competitors from the defined adaptive search; not an exhaustive UAE business census,Modelled 10-minute destination drive-time catchments using OpenRouteService and OpenStreetMap roads; not live traffic or observed customer origins,GROW,73.88,EMERGING,"Population and accessibility opportunity signal only. Validate income, rent, footfall, suitable real estate and full competitor inventory before investment.",23.279614219346392,54.23831231788289,1328.81,100.0,Al Dhafra Branch,66.034,0,0,73.88,70,MEDIUM,GROW,,,"Search area near 23.2796, 54.2383",NO_LOCAL_COMPETITOR_OBSERVATIONS;NO_NAMED_MARKET_ANCHOR,REVIEW_DATA_GAP,8,65.88,H3 SEARCH AREA — NOT A FINAL STORE SITE,"Verify suitable retail unit, rent, footfall, income/spend, female target demand, full competitor inventory, live travel times and cannibalization before investment."
102,104,GROW-165,4,4446.94,74.43,72.33,23.106906,53.597601,,,8743b5acaffffff,8743b5acaffffff,"Strongest signals: coverage gap and population; main constraint: market activity. Internal income, rent, footfall and customer-origin data are unavailable.",WorldPop Global2 R2025A v1; UAE constrained population count; 2025; approximately 100m; people per pixel,Observed Google Places competitors from the defined adaptive search; not an exhaustive UAE business census,Modelled 10-minute destination drive-time catchments using OpenRouteService and OpenStreetMap roads; not live traffic or observed customer origins,GROW,73.8,EMERGING,"Population and accessibility opportunity signal only. Validate income, rent, footfall, suitable real estate and full competitor inventory before investment.",23.115475369205328,53.59878274176687,1440.71,100.0,Al Dhafra Branch,58.199,0,0,74.43,70,MEDIUM,GROW,,,"Search area near 23.1155, 53.5988",NO_LOCAL_COMPETITOR_OBSERVATIONS;NO_NAMED_MARKET_ANCHOR,REVIEW_DATA_GAP,8,65.8,H3 SEARCH AREA — NOT A FINAL STORE SITE,"Verify suitable retail unit, rent, footfall, income/spend, female target demand, full competitor inventory, live travel times and cannibalization before investment."
103,105,GROW-065,3,4929.56,73.99,73.33,23.547984,53.762276,,,8743a299dffffff,8743a299dffffff,"Strongest signals: coverage gap and population; main constraint: market activity. Internal income, rent, footfall and customer-origin data are unavailable.",WorldPop Global2 R2025A v1; UAE constrained population count; 2025; approximately 100m; people per pixel,Observed Google Places competitors from the defined adaptive search; not an exhaustive UAE business census,Modelled 10-minute destination drive-time catchments using OpenRouteService and OpenStreetMap roads; not live traffic or observed customer origins,GROW,73.79,EMERGING,"Population and accessibility opportunity signal only. Validate income, rent, footfall, suitable real estate and full competitor inventory before investment.",23.536521885647826,53.76968640304824,1345.42,100.0,Al Dhafra Branch,11.647,0,0,73.99,70,MEDIUM,GROW,,,"Search area near 23.5365, 53.7697",NO_LOCAL_COMPETITOR_OBSERVATIONS;NO_NAMED_MARKET_ANCHOR,REVIEW_DATA_GAP,8,65.79,H3 SEARCH AREA — NOT A FINAL STORE SITE,"Verify suitable retail unit, rent, footfall, income/spend, female target demand, full competitor inventory, live travel times and cannibalization before investment."
104,106,GROW-047,3,3144.65,74.52,71.96,24.586533,55.417128,,,8743a16ceffffff,8743a16ceffffff,"Strongest signals: coverage gap and population; main constraint: market activity. Internal income, rent, footfall and customer-origin data are unavailable.",WorldPop Global2 R2025A v1; UAE constrained population count; 2025; approximately 100m; people per pixel,Observed Google Places competitors from the defined adaptive search; not an exhaustive UAE business census,Modelled 10-minute destination drive-time catchments using OpenRouteService and OpenStreetMap roads; not live traffic or observed customer origins,GROW,73.75,EMERGING,"Population and accessibility opportunity signal only. Validate income, rent, footfall, suitable real estate and full competitor inventory before investment.",24.58811376929898,55.40044676171748,1471.65,100.0,Al Ain,48.019,0,0,74.52,70,MEDIUM,GROW,,,"Search area near 24.5881, 55.4004",NO_LOCAL_COMPETITOR_OBSERVATIONS;NO_NAMED_MARKET_ANCHOR,REVIEW_DATA_GAP,8,65.75,H3 SEARCH AREA — NOT A FINAL STORE SITE,"Verify suitable retail unit, rent, footfall, income/spend, female target demand, full competitor inventory, live travel times and cannibalization before investment."
105,107,GROW-129,1,1307.6,73.74,73.74,24.955674,55.703779,,,8743ac486ffffff,8743ac486ffffff,"Strongest signals: coverage gap and population; main constraint: market activity. Internal income, rent, footfall and customer-origin data are unavailable.",WorldPop Global2 R2025A v1; UAE constrained population count; 2025; approximately 100m; people per pixel,Observed Google Places competitors from the defined adaptive search; not an exhaustive UAE business census,Modelled 10-minute destination drive-time catchments using OpenRouteService and OpenStreetMap roads; not live traffic or observed customer origins,GROW,73.74,EMERGING,"Population and accessibility opportunity signal only. Validate income, rent, footfall, suitable real estate and full competitor inventory before investment.",24.95567379518572,55.70377867158162,1307.6,100.0,Nad Al Sheba,40.577,0,0,73.74,70,MEDIUM,GROW,,,"Search area near 24.9557, 55.7038",NO_LOCAL_COMPETITOR_OBSERVATIONS;NO_NAMED_MARKET_ANCHOR,REVIEW_DATA_GAP,8,65.74,H3 SEARCH AREA — NOT A FINAL STORE SITE,"Verify suitable retail unit, rent, footfall, income/spend, female target demand, full competitor inventory, live travel times and cannibalization before investment."
106,109,GROW-094,1,1291.57,73.66,73.66,25.145044,52.868317,,,8743a4b18ffffff,8743a4b18ffffff,"Strongest signals: coverage gap and population; main constraint: market activity. Internal income, rent, footfall and customer-origin data are unavailable.",WorldPop Global2 R2025A v1; UAE constrained population count; 2025; approximately 100m; people per pixel,Observed Google Places competitors from the defined adaptive search; not an exhaustive UAE business census,Modelled 10-minute destination drive-time catchments using OpenRouteService and OpenStreetMap roads; not live traffic or observed customer origins,GROW,73.66,EMERGING,"Population and accessibility opportunity signal only. Validate income, rent, footfall, suitable real estate and full competitor inventory before investment.",25.145044087586736,52.86831696860668,1291.57,100.0,Khaleej Al Arabi,168.235,0,0,73.66,70,MEDIUM,GROW,,,"Search area near 25.1450, 52.8683",NO_LOCAL_COMPETITOR_OBSERVATIONS;NO_NAMED_MARKET_ANCHOR,REVIEW_DATA_GAP,8,65.66,H3 SEARCH AREA — NOT A FINAL STORE SITE,"Verify suitable retail unit, rent, footfall, income/spend, female target demand, full competitor inventory, live travel times and cannibalization before investment."
107,110,GROW-057,2,2487.67,73.53,73.38,23.090858,54.028437,,,8743a250bffffff,8743a250bffffff,"Strongest signals: coverage gap and population; main constraint: market activity. Internal income, rent, footfall and customer-origin data are unavailable.",WorldPop Global2 R2025A v1; UAE constrained population count; 2025; approximately 100m; people per pixel,Observed Google Places competitors from the defined adaptive search; not an exhaustive UAE business census,Modelled 10-minute destination drive-time catchments using OpenRouteService and OpenStreetMap roads; not live traffic or observed customer origins,GROW,73.48,EMERGING,"Population and accessibility opportunity signal only. Validate income, rent, footfall, suitable real estate and full competitor inventory before investment.",23.0867164045424,54.038931242142034,1271.12,100.0,Al Dhafra Branch,68.722,0,0,73.53,70,MEDIUM,GROW,,,"Search area near 23.0867, 54.0389",NO_LOCAL_COMPETITOR_OBSERVATIONS;NO_NAMED_MARKET_ANCHOR,REVIEW_DATA_GAP,8,65.48,H3 SEARCH AREA — NOT A FINAL STORE SITE,"Verify suitable retail unit, rent, footfall, income/spend, female target demand, full competitor inventory, live travel times and cannibalization before investment."
108,112,GROW-068,2,2350.49,73.61,72.94,24.005343,55.433117,,,8743a3233ffffff,8743a3233ffffff,"Strongest signals: coverage gap and population; main constraint: market activity. Internal income, rent, footfall and customer-origin data are unavailable.",WorldPop Global2 R2025A v1; UAE constrained population count; 2025; approximately 100m; people per pixel,Observed Google Places competitors from the defined adaptive search; not an exhaustive UAE business census,Modelled 10-minute destination drive-time catchments using OpenRouteService and OpenStreetMap roads; not live traffic or observed customer origins,GROW,73.41,EMERGING,"Population and accessibility opportunity signal only. Validate income, rent, footfall, suitable real estate and full competitor inventory before investment.",24.00025563416293,55.42489295206359,1288.5,100.0,Al Ain,34.687,0,0,73.61,70,MEDIUM,GROW,,,"Search area near 24.0003, 55.4249",NO_LOCAL_COMPETITOR_OBSERVATIONS;NO_NAMED_MARKET_ANCHOR,REVIEW_DATA_GAP,8,65.41,H3 SEARCH AREA — NOT A FINAL STORE SITE,"Verify suitable retail unit, rent, footfall, income/spend, female target demand, full competitor inventory, live travel times and cannibalization before investment."
109,113,GROW-077,5,4931.93,74.06,71.69,24.103606,55.390281,,,8743a3309ffffff,8743a3309ffffff,"Strongest signals: coverage gap and population; main constraint: market activity. Internal income, rent, footfall and customer-origin data are unavailable.",WorldPop Global2 R2025A v1; UAE constrained population count; 2025; approximately 100m; people per pixel,Observed Google Places competitors from the defined adaptive search; not an exhaustive UAE business census,Modelled 10-minute destination drive-time catchments using OpenRouteService and OpenStreetMap roads; not live traffic or observed customer origins,GROW,73.35,EMERGING,"Population and accessibility opportunity signal only. Validate income, rent, footfall, suitable real estate and full competitor inventory before investment.",24.10913808908363,55.38507279125065,1356.62,100.0,Al Ain,30.8,0,0,74.06,70,MEDIUM,GROW,,,"Search area near 24.1091, 55.3851",NO_LOCAL_COMPETITOR_OBSERVATIONS;NO_NAMED_MARKET_ANCHOR,REVIEW_DATA_GAP,8,65.35,H3 SEARCH AREA — NOT A FINAL STORE SITE,"Verify suitable retail unit, rent, footfall, income/spend, female target demand, full competitor inventory, live travel times and cannibalization before investment."
110,114,GROW-113,1,1226.19,73.3,73.3,24.970659,56.277847,,,8743a8d15ffffff,8743a8d15ffffff,"Strongest signals: coverage gap and population; main constraint: market activity. Internal income, rent, footfall and customer-origin data are unavailable.",WorldPop Global2 R2025A v1; UAE constrained population count; 2025; approximately 100m; people per pixel,Observed Google Places competitors from the defined adaptive search; not an exhaustive UAE business census,Modelled 10-minute destination drive-time catchments using OpenRouteService and OpenStreetMap roads; not live traffic or observed customer origins,GROW,73.3,EMERGING,"Population and accessibility opportunity signal only. Validate income, rent, footfall, suitable real estate and full competitor inventory before investment.",24.9706591243572,56.27784662405036,1226.19,100.0,Al Taif Mall,17.31,0,0,73.3,70,MEDIUM,GROW,,,"Search area near 24.9707, 56.2778",NO_LOCAL_COMPETITOR_OBSERVATIONS;NO_NAMED_MARKET_ANCHOR,REVIEW_DATA_GAP,8,65.3,H3 SEARCH AREA — NOT A FINAL STORE SITE,"Verify suitable retail unit, rent, footfall, income/spend, female target demand, full competitor inventory, live travel times and cannibalization before investment."
111,115,GROW-066,1,1217.24,73.23,73.23,23.561848,53.704885,,,8743a2984ffffff,8743a2984ffffff,"Strongest signals: coverage gap and population; main constraint: market activity. Internal income, rent, footfall and customer-origin data are unavailable.",WorldPop Global2 R2025A v1; UAE constrained population count; 2025; approximately 100m; people per pixel,Observed Google Places competitors from the defined adaptive search; not an exhaustive UAE business census,Modelled 10-minute destination drive-time catchments using OpenRouteService and OpenStreetMap roads; not live traffic or observed customer origins,GROW,73.23,EMERGING,"Population and accessibility opportunity signal only. Validate income, rent, footfall, suitable real estate and full competitor inventory before investment.",23.561848282470184,53.70488454866907,1217.24,100.0,Al Dhafra Branch,7.421,0,0,73.23,70,MEDIUM,GROW,,,"Search area near 23.5618, 53.7049",NO_LOCAL_COMPETITOR_OBSERVATIONS;NO_NAMED_MARKET_ANCHOR,REVIEW_DATA_GAP,8,65.23,H3 SEARCH AREA — NOT A FINAL STORE SITE,"Verify suitable retail unit, rent, footfall, income/spend, female target demand, full competitor inventory, live travel times and cannibalization before investment."
112,116,GROW-019,1,1210.78,73.2,73.2,24.890191,54.875079,,,8743a1002ffffff,8743a1002ffffff,"Strongest signals: coverage gap and population; main constraint: market activity. Internal income, rent, footfall and customer-origin data are unavailable.",WorldPop Global2 R2025A v1; UAE constrained population count; 2025; approximately 100m; people per pixel,Observed Google Places competitors from the defined adaptive search; not an exhaustive UAE business census,Modelled 10-minute destination drive-time catchments using OpenRouteService and OpenStreetMap roads; not live traffic or observed customer origins,GROW,73.2,EMERGING,"Population and accessibility opportunity signal only. Validate income, rent, footfall, suitable real estate and full competitor inventory before investment.",24.890191203578475,54.87507858536319,1210.78,100.0,Jumeirah Park,33.679,0,0,73.2,70,MEDIUM,GROW,,,"Search area near 24.8902, 54.8751",NO_LOCAL_COMPETITOR_OBSERVATIONS;NO_NAMED_MARKET_ANCHOR,REVIEW_DATA_GAP,8,65.2,H3 SEARCH AREA — NOT A FINAL STORE SITE,"Verify suitable retail unit, rent, footfall, income/spend, female target demand, full competitor inventory, live travel times and cannibalization before investment."
113,117,GROW-105,2,2204.32,73.46,72.49,24.102828,53.341856,,,8743a6ac5ffffff,8743a6ac5ffffff,"Strongest signals: coverage gap and population; main constraint: market activity. Internal income, rent, footfall and customer-origin data are unavailable.",WorldPop Global2 R2025A v1; UAE constrained population count; 2025; approximately 100m; people per pixel,Observed Google Places competitors from the defined adaptive search; not an exhaustive UAE business census,Modelled 10-minute destination drive-time catchments using OpenRouteService and OpenStreetMap roads; not live traffic or observed customer origins,GROW,73.17,EMERGING,"Population and accessibility opportunity signal only. Validate income, rent, footfall, suitable real estate and full competitor inventory before investment.",24.10643270450011,53.33251356298264,1258.37,100.0,Al Dhafra Branch,65.843,0,0,73.46,70,MEDIUM,GROW,,,"Search area near 24.1064, 53.3325",NO_LOCAL_COMPETITOR_OBSERVATIONS;NO_NAMED_MARKET_ANCHOR,REVIEW_DATA_GAP,8,65.17,H3 SEARCH AREA — NOT A FINAL STORE SITE,"Verify suitable retail unit, rent, footfall, income/spend, female target demand, full competitor inventory, live travel times and cannibalization before investment."
114,119,GROW-049,2,2198.34,73.3,72.52,24.609339,55.018214,,,8743a17a4ffffff,8743a17a4ffffff,"Strongest signals: coverage gap and population; main constraint: market activity. Internal income, rent, footfall and customer-origin data are unavailable.",WorldPop Global2 R2025A v1; UAE constrained population count; 2025; approximately 100m; people per pixel,Observed Google Places competitors from the defined adaptive search; not an exhaustive UAE business census,Modelled 10-minute destination drive-time catchments using OpenRouteService and OpenStreetMap roads; not live traffic or observed customer origins,GROW,73.07,EMERGING,"Population and accessibility opportunity signal only. Validate income, rent, footfall, suitable real estate and full competitor inventory before investment.",24.61319796959643,55.00847837301778,1224.99,100.0,Al Falah,33.135,0,0,73.3,70,MEDIUM,GROW,,,"Search area near 24.6132, 55.0085",NO_LOCAL_COMPETITOR_OBSERVATIONS;NO_NAMED_MARKET_ANCHOR,REVIEW_DATA_GAP,8,65.07,H3 SEARCH AREA — NOT A FINAL STORE SITE,"Verify suitable retail unit, rent, footfall, income/spend, female target demand, full competitor inventory, live travel times and cannibalization before investment."
115,120,GROW-024,1,1190.35,73.07,73.07,24.725896,54.86513,,,8743a1094ffffff,8743a1094ffffff,"Strongest signals: coverage gap and population; main constraint: market activity. Internal income, rent, footfall and customer-origin data are unavailable.",WorldPop Global2 R2025A v1; UAE constrained population count; 2025; approximately 100m; people per pixel,Observed Google Places competitors from the defined adaptive search; not an exhaustive UAE business census,Modelled 10-minute destination drive-time catchments using OpenRouteService and OpenStreetMap roads; not live traffic or observed customer origins,GROW,73.07,EMERGING,"Population and accessibility opportunity signal only. Validate income, rent, footfall, suitable real estate and full competitor inventory before investment.",24.72589559402568,54.8651298835054,1190.35,100.0,Shahama,29.726,0,0,73.07,70,MEDIUM,GROW,,,"Search area near 24.7259, 54.8651",NO_LOCAL_COMPETITOR_OBSERVATIONS;NO_NAMED_MARKET_ANCHOR,REVIEW_DATA_GAP,8,65.07,H3 SEARCH AREA — NOT A FINAL STORE SITE,"Verify suitable retail unit, rent, footfall, income/spend, female target demand, full competitor inventory, live travel times and cannibalization before investment."
116,121,GROW-064,1,1185.9,73.04,73.04,23.767956,53.782214,,,8743a2971ffffff,8743a2971ffffff,"Strongest signals: coverage gap and population; main constraint: market activity. Internal income, rent, footfall and customer-origin data are unavailable.",WorldPop Global2 R2025A v1; UAE constrained population count; 2025; approximately 100m; people per pixel,Observed Google Places competitors from the defined adaptive search; not an exhaustive UAE business census,Modelled 10-minute destination drive-time catchments using OpenRouteService and OpenStreetMap roads; not live traffic or observed customer origins,GROW,73.04,EMERGING,"Population and accessibility opportunity signal only. Validate income, rent, footfall, suitable real estate and full competitor inventory before investment.",23.767955896455263,53.7822136412308,1185.9,100.0,Al Dhafra Branch,17.032,0,0,73.04,70,MEDIUM,GROW,,,"Search area near 23.7680, 53.7822",NO_LOCAL_COMPETITOR_OBSERVATIONS;NO_NAMED_MARKET_ANCHOR,REVIEW_DATA_GAP,8,65.04,H3 SEARCH AREA — NOT A FINAL STORE SITE,"Verify suitable retail unit, rent, footfall, income/spend, female target demand, full competitor inventory, live travel times and cannibalization before investment."
117,122,GROW-126,1,1178.54,73.01,73.01,25.44681,56.135653,,,8743ac39bffffff,8743ac39bffffff,"Strongest signals: coverage gap and population; main constraint: market activity. Internal income, rent, footfall and customer-origin data are unavailable.",WorldPop Global2 R2025A v1; UAE constrained population count; 2025; approximately 100m; people per pixel,Observed Google Places competitors from the defined adaptive search; not an exhaustive UAE business census,Modelled 10-minute destination drive-time catchments using OpenRouteService and OpenStreetMap roads; not live traffic or observed customer origins,GROW,73.01,EMERGING,"Population and accessibility opportunity signal only. Validate income, rent, footfall, suitable real estate and full competitor inventory before investment.",25.44681039554446,56.13565261223687,1178.54,100.0,Ras Al Khaimah,40.204,0,0,73.01,70,MEDIUM,GROW,,,"Search area near 25.4468, 56.1357",NO_LOCAL_COMPETITOR_OBSERVATIONS;NO_NAMED_MARKET_ANCHOR,REVIEW_DATA_GAP,8,65.01,H3 SEARCH AREA — NOT A FINAL STORE SITE,"Verify suitable retail unit, rent, footfall, income/spend, female target demand, full competitor inventory, live travel times and cannibalization before investment."
118,123,GROW-080,1,1176.92,72.99,72.99,23.572458,55.521548,,,8743a36d5ffffff,8743a36d5ffffff,"Strongest signals: coverage gap and population; main constraint: market activity. Internal income, rent, footfall and customer-origin data are unavailable.",WorldPop Global2 R2025A v1; UAE constrained population count; 2025; approximately 100m; people per pixel,Observed Google Places competitors from the defined adaptive search; not an exhaustive UAE business census,Modelled 10-minute destination drive-time catchments using OpenRouteService and OpenStreetMap roads; not live traffic or observed customer origins,GROW,72.99,EMERGING,"Population and accessibility opportunity signal only. Validate income, rent, footfall, suitable real estate and full competitor inventory before investment.",23.572458017532515,55.52154798759677,1176.92,100.0,Al Ain,74.095,0,0,72.99,70,MEDIUM,GROW,,,"Search area near 23.5725, 55.5215",NO_LOCAL_COMPETITOR_OBSERVATIONS;NO_NAMED_MARKET_ANCHOR,REVIEW_DATA_GAP,8,64.99,H3 SEARCH AREA — NOT A FINAL STORE SITE,"Verify suitable retail unit, rent, footfall, income/spend, female target demand, full competitor inventory, live travel times and cannibalization before investment."
119,125,GROW-162,1,1167.14,72.92,72.92,24.318795,55.652199,,,8743aecf1ffffff,8743aecf1ffffff,"Strongest signals: coverage gap and population; main constraint: market activity. Internal income, rent, footfall and customer-origin data are unavailable.",WorldPop Global2 R2025A v1; UAE constrained population count; 2025; approximately 100m; people per pixel,Observed Google Places competitors from the defined adaptive search; not an exhaustive UAE business census,Modelled 10-minute destination drive-time catchments using OpenRouteService and OpenStreetMap roads; not live traffic or observed customer origins,GROW,72.92,EMERGING,"Population and accessibility opportunity signal only. Validate income, rent, footfall, suitable real estate and full competitor inventory before investment.",24.31879520066916,55.65219945898051,1167.14,100.0,Al Ain,10.273,0,0,72.92,70,MEDIUM,GROW,,,"Search area near 24.3188, 55.6522",NO_LOCAL_COMPETITOR_OBSERVATIONS;NO_NAMED_MARKET_ANCHOR,REVIEW_DATA_GAP,8,64.92,H3 SEARCH AREA — NOT A FINAL STORE SITE,"Verify suitable retail unit, rent, footfall, income/spend, female target demand, full competitor inventory, live travel times and cannibalization before investment."
120,126,GROW-084,1,1158.61,72.86,72.86,24.275478,54.828037,,,8743a3844ffffff,8743a3844ffffff,"Strongest signals: coverage gap and population; main constraint: market activity. Internal income, rent, footfall and customer-origin data are unavailable.",WorldPop Global2 R2025A v1; UAE constrained population count; 2025; approximately 100m; people per pixel,Observed Google Places competitors from the defined adaptive search; not an exhaustive UAE business census,Modelled 10-minute destination drive-time catchments using OpenRouteService and OpenStreetMap roads; not live traffic or observed customer origins,GROW,72.86,EMERGING,"Population and accessibility opportunity signal only. Validate income, rent, footfall, suitable real estate and full competitor inventory before investment.",24.2754777764383,54.828037103177024,1158.61,100.0,Baniyas,19.892,0,0,72.86,70,MEDIUM,GROW,,,"Search area near 24.2755, 54.8280",NO_LOCAL_COMPETITOR_OBSERVATIONS;NO_NAMED_MARKET_ANCHOR,REVIEW_DATA_GAP,8,64.86,H3 SEARCH AREA — NOT A FINAL STORE SITE,"Verify suitable retail unit, rent, footfall, income/spend, female target demand, full competitor inventory, live travel times and cannibalization before investment."
121,127,GROW-070,1,1138.97,72.71,72.71,24.016498,55.52313,,,8743a320affffff,8743a320affffff,"Strongest signals: coverage gap and population; main constraint: market activity. Internal income, rent, footfall and customer-origin data are unavailable.",WorldPop Global2 R2025A v1; UAE constrained population count; 2025; approximately 100m; people per pixel,Observed Google Places competitors from the defined adaptive search; not an exhaustive UAE business census,Modelled 10-minute destination drive-time catchments using OpenRouteService and OpenStreetMap roads; not live traffic or observed customer origins,GROW,72.71,EMERGING,"Population and accessibility opportunity signal only. Validate income, rent, footfall, suitable real estate and full competitor inventory before investment.",24.01649840284941,55.52312977670751,1138.97,100.0,Al Ain,27.187,0,0,72.71,70,MEDIUM,GROW,,,"Search area near 24.0165, 55.5231",NO_LOCAL_COMPETITOR_OBSERVATIONS;NO_NAMED_MARKET_ANCHOR,REVIEW_DATA_GAP,8,64.71,H3 SEARCH AREA — NOT A FINAL STORE SITE,"Verify suitable retail unit, rent, footfall, income/spend, female target demand, full competitor inventory, live travel times and cannibalization before investment."
122,128,GROW-055,1,1119.4,72.63,72.63,22.965251,54.300119,,,8743a24ceffffff,8743a24ceffffff,"Strongest signals: coverage gap and population; main constraint: market activity. Internal income, rent, footfall and customer-origin data are unavailable.",WorldPop Global2 R2025A v1; UAE constrained population count; 2025; approximately 100m; people per pixel,Observed Google Places competitors from the defined adaptive search; not an exhaustive UAE business census,Modelled 10-minute destination drive-time catchments using OpenRouteService and OpenStreetMap roads; not live traffic or observed customer origins,GROW,72.63,EMERGING,"Population and accessibility opportunity signal only. Validate income, rent, footfall, suitable real estate and full competitor inventory before investment.",22.96525052017492,54.30011938531607,1119.4,100.0,Al Dhafra Branch,94.939,0,0,72.63,70,MEDIUM,GROW,,,"Search area near 22.9653, 54.3001",NO_LOCAL_COMPETITOR_OBSERVATIONS;NO_NAMED_MARKET_ANCHOR,REVIEW_DATA_GAP,8,64.63,H3 SEARCH AREA — NOT A FINAL STORE SITE,"Verify suitable retail unit, rent, footfall, income/spend, female target demand, full competitor inventory, live travel times and cannibalization before investment."
123,129,GROW-050,2,2180.16,72.6,72.44,24.80284,54.646641,,,8743a1ce9ffffff,8743a1ce9ffffff,"Strongest signals: coverage gap and population; main constraint: market activity. Internal income, rent, footfall and customer-origin data are unavailable.",WorldPop Global2 R2025A v1; UAE constrained population count; 2025; approximately 100m; people per pixel,Observed Google Places competitors from the defined adaptive search; not an exhaustive UAE business census,Modelled 10-minute destination drive-time catchments using OpenRouteService and OpenStreetMap roads; not live traffic or observed customer origins,GROW,72.55,EMERGING,"Population and accessibility opportunity signal only. Validate income, rent, footfall, suitable real estate and full competitor inventory before investment.",24.81267258952617,54.64475983463509,1117.1,100.0,Shahama,32.174,0,0,72.6,70,MEDIUM,GROW,,,"Search area near 24.8127, 54.6448",NO_LOCAL_COMPETITOR_OBSERVATIONS;NO_NAMED_MARKET_ANCHOR,REVIEW_DATA_GAP,8,64.55,H3 SEARCH AREA — NOT A FINAL STORE SITE,"Verify suitable retail unit, rent, footfall, income/spend, female target demand, full competitor inventory, live travel times and cannibalization before investment."
124,130,GROW-046,2,2003.78,72.8,71.81,24.560482,55.355957,,,8743a16c2ffffff,8743a16c2ffffff,"Strongest signals: coverage gap and population; main constraint: market activity. Internal income, rent, footfall and customer-origin data are unavailable.",WorldPop Global2 R2025A v1; UAE constrained population count; 2025; approximately 100m; people per pixel,Observed Google Places competitors from the defined adaptive search; not an exhaustive UAE business census,Modelled 10-minute destination drive-time catchments using OpenRouteService and OpenStreetMap roads; not live traffic or observed customer origins,GROW,72.5,EMERGING,"Population and accessibility opportunity signal only. Validate income, rent, footfall, suitable real estate and full competitor inventory before investment.",24.565326529376023,55.36375379975461,1151.58,100.0,Al Ain,48.143,0,0,72.8,70,MEDIUM,GROW,,,"Search area near 24.5653, 55.3638",NO_LOCAL_COMPETITOR_OBSERVATIONS;NO_NAMED_MARKET_ANCHOR,REVIEW_DATA_GAP,8,64.5,H3 SEARCH AREA — NOT A FINAL STORE SITE,"Verify suitable retail unit, rent, footfall, income/spend, female target demand, full competitor inventory, live travel times and cannibalization before investment."
125,131,GROW-119,1,1095.07,72.5,72.5,25.58158,55.655542,,,8743ac12bffffff,8743ac12bffffff,"Strongest signals: coverage gap and population; main constraint: market activity. Internal income, rent, footfall and customer-origin data are unavailable.",WorldPop Global2 R2025A v1; UAE constrained population count; 2025; approximately 100m; people per pixel,Observed Google Places competitors from the defined adaptive search; not an exhaustive UAE business census,Modelled 10-minute destination drive-time catchments using OpenRouteService and OpenStreetMap roads; not live traffic or observed customer origins,GROW,72.5,EMERGING,"Population and accessibility opportunity signal only. Validate income, rent, footfall, suitable real estate and full competitor inventory before investment.",25.581580350765723,55.655542382312426,1095.07,100.0,Ras Al Khaimah,32.542,0,0,72.5,70,MEDIUM,GROW,,,"Search area near 25.5816, 55.6555",NO_LOCAL_COMPETITOR_OBSERVATIONS;NO_NAMED_MARKET_ANCHOR,REVIEW_DATA_GAP,8,64.5,H3 SEARCH AREA — NOT A FINAL STORE SITE,"Verify suitable retail unit, rent, footfall, income/spend, female target demand, full competitor inventory, live travel times and cannibalization before investment."
126,132,GROW-002,2,1976.0,72.63,71.77,24.254684,54.176977,,,8743a00d8ffffff,8743a00d8ffffff,"Strongest signals: coverage gap and population; main constraint: market activity. Internal income, rent, footfall and customer-origin data are unavailable.",WorldPop Global2 R2025A v1; UAE constrained population count; 2025; approximately 100m; people per pixel,Observed Google Places competitors from the defined adaptive search; not an exhaustive UAE business census,Modelled 10-minute destination drive-time catchments using OpenRouteService and OpenStreetMap roads; not live traffic or observed customer origins,GROW,72.37,EMERGING,"Population and accessibility opportunity signal only. Validate income, rent, footfall, suitable real estate and full competitor inventory before investment.",24.25097492053359,54.18645297775968,1119.01,100.0,Khaleej Al Arabi,28.665,0,0,72.63,70,MEDIUM,GROW,,,"Search area near 24.2510, 54.1865",NO_LOCAL_COMPETITOR_OBSERVATIONS;NO_NAMED_MARKET_ANCHOR,REVIEW_DATA_GAP,8,64.37,H3 SEARCH AREA — NOT A FINAL STORE SITE,"Verify suitable retail unit, rent, footfall, income/spend, female target demand, full competitor inventory, live travel times and cannibalization before investment."
127,133,GROW-157,2,1985.16,72.53,71.84,24.9036,56.094473,,,8743aea70ffffff,8743aea70ffffff,"Strongest signals: coverage gap and population; main constraint: market activity. Internal income, rent, footfall and customer-origin data are unavailable.",WorldPop Global2 R2025A v1; UAE constrained population count; 2025; approximately 100m; people per pixel,Observed Google Places competitors from the defined adaptive search; not an exhaustive UAE business census,Modelled 10-minute destination drive-time catchments using OpenRouteService and OpenStreetMap roads; not live traffic or observed customer origins,GROW,72.32,EMERGING,"Population and accessibility opportunity signal only. Validate income, rent, footfall, suitable real estate and full competitor inventory before investment.",24.90869611172978,56.102805846278194,1098.18,100.0,Al Taif Mall,32.501,0,0,72.53,70,MEDIUM,GROW,,,"Search area near 24.9087, 56.1028",NO_LOCAL_COMPETITOR_OBSERVATIONS;NO_NAMED_MARKET_ANCHOR,REVIEW_DATA_GAP,8,64.32,H3 SEARCH AREA — NOT A FINAL STORE SITE,"Verify suitable retail unit, rent, footfall, income/spend, female target demand, full competitor inventory, live travel times and cannibalization before investment."
128,134,GROW-015,4,3793.93,72.66,71.49,24.235801,54.491223,,,8743a3936ffffff,8743a3936ffffff,"Strongest signals: coverage gap and population; main constraint: market activity. Internal income, rent, footfall and customer-origin data are unavailable.",WorldPop Global2 R2025A v1; UAE constrained population count; 2025; approximately 100m; people per pixel,Observed Google Places competitors from the defined adaptive search; not an exhaustive UAE business census,Modelled 10-minute destination drive-time catchments using OpenRouteService and OpenStreetMap roads; not live traffic or observed customer origins,GROW,72.31,EMERGING,"Population and accessibility opportunity signal only. Validate income, rent, footfall, suitable real estate and full competitor inventory before investment.",24.22216967521777,54.49462505880392,1124.7,100.0,Baniyas,16.352,0,0,72.66,70,MEDIUM,GROW,,,"Search area near 24.2222, 54.4946",NO_LOCAL_COMPETITOR_OBSERVATIONS;NO_NAMED_MARKET_ANCHOR,REVIEW_DATA_GAP,8,64.31,H3 SEARCH AREA — NOT A FINAL STORE SITE,"Verify suitable retail unit, rent, footfall, income/spend, female target demand, full competitor inventory, live travel times and cannibalization before investment."
129,135,GROW-042,1,1050.31,72.21,72.21,24.76992,55.367665,,,8743a166bffffff,8743a166bffffff,"Strongest signals: coverage gap and population; main constraint: market activity. Internal income, rent, footfall and customer-origin data are unavailable.",WorldPop Global2 R2025A v1; UAE constrained population count; 2025; approximately 100m; people per pixel,Observed Google Places competitors from the defined adaptive search; not an exhaustive UAE business census,Modelled 10-minute destination drive-time catchments using OpenRouteService and OpenStreetMap roads; not live traffic or observed customer origins,GROW,72.21,EMERGING,"Population and accessibility opportunity signal only. Validate income, rent, footfall, suitable real estate and full competitor inventory before investment.",24.76991962043104,55.36766465278846,1050.31,100.0,Jumeirah Park,36.194,0,0,72.21,70,MEDIUM,GROW,,,"Search area near 24.7699, 55.3677",NO_LOCAL_COMPETITOR_OBSERVATIONS;NO_NAMED_MARKET_ANCHOR,REVIEW_DATA_GAP,8,64.21,H3 SEARCH AREA — NOT A FINAL STORE SITE,"Verify suitable retail unit, rent, footfall, income/spend, female target demand, full competitor inventory, live travel times and cannibalization before investment."
130,136,GROW-009,1,1042.47,72.17,72.17,24.048427,53.764969,,,8743a0500ffffff,8743a0500ffffff,"Strongest signals: coverage gap and population; main constraint: market activity. Internal income, rent, footfall and customer-origin data are unavailable.",WorldPop Global2 R2025A v1; UAE constrained population count; 2025; approximately 100m; people per pixel,Observed Google Places competitors from the defined adaptive search; not an exhaustive UAE business census,Modelled 10-minute destination drive-time catchments using OpenRouteService and OpenStreetMap roads; not live traffic or observed customer origins,GROW,72.17,EMERGING,"Population and accessibility opportunity signal only. Validate income, rent, footfall, suitable real estate and full competitor inventory before investment.",24.048426545613594,53.764968831975885,1042.47,100.0,Al Dhafra Branch,47.029,0,0,72.17,70,MEDIUM,GROW,,,"Search area near 24.0484, 53.7650",NO_LOCAL_COMPETITOR_OBSERVATIONS;NO_NAMED_MARKET_ANCHOR,REVIEW_DATA_GAP,8,64.17,H3 SEARCH AREA — NOT A FINAL STORE SITE,"Verify suitable retail unit, rent, footfall, income/spend, female target demand, full competitor inventory, live travel times and cannibalization before investment."
131,137,GROW-025,1,1021.19,72.05,72.05,24.7979,54.871995,,,8743a10a3ffffff,8743a10a3ffffff,"Strongest signals: coverage gap and population; main constraint: market activity. Internal income, rent, footfall and customer-origin data are unavailable.",WorldPop Global2 R2025A v1; UAE constrained population count; 2025; approximately 100m; people per pixel,Observed Google Places competitors from the defined adaptive search; not an exhaustive UAE business census,Modelled 10-minute destination drive-time catchments using OpenRouteService and OpenStreetMap roads; not live traffic or observed customer origins,GROW,72.05,EMERGING,"Population and accessibility opportunity signal only. Validate income, rent, footfall, suitable real estate and full competitor inventory before investment.",24.797899828374373,54.87199519670378,1021.19,100.0,Shahama,36.523,0,0,72.05,70,MEDIUM,GROW,,,"Search area near 24.7979, 54.8720",NO_LOCAL_COMPETITOR_OBSERVATIONS;NO_NAMED_MARKET_ANCHOR,REVIEW_DATA_GAP,8,64.05,H3 SEARCH AREA — NOT A FINAL STORE SITE,"Verify suitable retail unit, rent, footfall, income/spend, female target demand, full competitor inventory, live travel times and cannibalization before investment."
132,138,GROW-073,6,5576.83,72.28,71.39,23.846211,55.519903,,,8743a366dffffff,8743a366dffffff,"Strongest signals: coverage gap and population; main constraint: market activity. Internal income, rent, footfall and customer-origin data are unavailable.",WorldPop Global2 R2025A v1; UAE constrained population count; 2025; approximately 100m; people per pixel,Observed Google Places competitors from the defined adaptive search; not an exhaustive UAE business census,Modelled 10-minute destination drive-time catchments using OpenRouteService and OpenStreetMap roads; not live traffic or observed customer origins,GROW,72.01,EMERGING,"Population and accessibility opportunity signal only. Validate income, rent, footfall, suitable real estate and full competitor inventory before investment.",23.81406992073307,55.51878022732025,1062.78,100.0,Al Ain,48.07,0,0,72.28,70,MEDIUM,GROW,,,"Search area near 23.8141, 55.5188",NO_LOCAL_COMPETITOR_OBSERVATIONS;NO_NAMED_MARKET_ANCHOR,REVIEW_DATA_GAP,8,64.01,H3 SEARCH AREA — NOT A FINAL STORE SITE,"Verify suitable retail unit, rent, footfall, income/spend, female target demand, full competitor inventory, live travel times and cannibalization before investment."
133,111,GROW-033,1,2877.11,73.42,73.42,25.201832,55.227621,Four Seasons Resort Dubai at Jumeirah Beach,Jumeira St - Jumeira Second - Jumeirah 2 - Dubai,8743a1361ffffff,8743a1361ffffff,"Strongest signals: market activity and coverage gap; main constraint: competition headroom. Internal income, rent, footfall and customer-origin data are unavailable.",WorldPop Global2 R2025A v1; UAE constrained population count; 2025; approximately 100m; people per pixel,Observed Google Places competitors from the defined adaptive search; not an exhaustive UAE business census,Modelled 10-minute destination drive-time catchments using OpenRouteService and OpenStreetMap roads; not live traffic or observed customer origins,GROW,73.42,EMERGING,"Population and accessibility opportunity signal only. Validate income, rent, footfall, suitable real estate and full competitor inventory before investment.",25.20183188196174,55.22762140513314,2877.11,83.13,City Walk,3.641,15,11,73.42,70,MEDIUM,GROW,Four Seasons Resort Dubai at Jumeirah Beach,Jumeira St - Jumeira Second - Jumeirah 2 - Dubai,Search area near Four Seasons Resort Dubai at Jumeirah Beach,NEAR_EXISTING_BRANCH,EXCLUDE_FROM_SHORTLIST,10,63.42,H3 SEARCH AREA — NOT A FINAL STORE SITE,"Verify suitable retail unit, rent, footfall, income/spend, female target demand, full competitor inventory, live travel times and cannibalization before investment."
134,118,GROW-003,1,1192.67,73.09,73.09,24.471009,54.426143,The Nail Spa - Eastern Mangroves Promenade,"Ground Floor, Eastern Mangroves - Promenade - Sheikh Zayed St - الخيران - Zone 1 - أبو ظبي",8743a020cffffff,8743a020cffffff,"Strongest signals: coverage gap and market activity; main constraint: competition headroom. Internal income, rent, footfall and customer-origin data are unavailable.",WorldPop Global2 R2025A v1; UAE constrained population count; 2025; approximately 100m; people per pixel,Observed Google Places competitors from the defined adaptive search; not an exhaustive UAE business census,Modelled 10-minute destination drive-time catchments using OpenRouteService and OpenStreetMap roads; not live traffic or observed customer origins,GROW,73.09,EMERGING,"Population and accessibility opportunity signal only. Validate income, rent, footfall, suitable real estate and full competitor inventory before investment.",24.471009258645285,54.42614253010073,1192.67,99.49,Delma,4.2,2,2,73.09,70,MEDIUM,GROW,The Nail Spa - Eastern Mangroves Promenade,"Ground Floor, Eastern Mangroves - Promenade - Sheikh Zayed St - الخيران - Zone 1 - أبو ظبي",Search area near The Nail Spa - Eastern Mangroves Promenade,NEAR_EXISTING_BRANCH,EXCLUDE_FROM_SHORTLIST,10,63.09,H3 SEARCH AREA — NOT A FINAL STORE SITE,"Verify suitable retail unit, rent, footfall, income/spend, female target demand, full competitor inventory, live travel times and cannibalization before investment."
135,124,GROW-087,1,6855.18,72.92,72.92,24.270472,54.606506,Golden Braids Ladies Saloon,Al Nahyan Tanker Mai - Tea Break Same Building - opposite Parco Hypermarket - جرن يافور - M-03 - أبو ظبي,8743a390cffffff,8743a390cffffff,"Strongest signals: coverage gap and population; main constraint: competition headroom. Internal income, rent, footfall and customer-origin data are unavailable.",WorldPop Global2 R2025A v1; UAE constrained population count; 2025; approximately 100m; people per pixel,Observed Google Places competitors from the defined adaptive search; not an exhaustive UAE business census,Modelled 10-minute destination drive-time catchments using OpenRouteService and OpenStreetMap roads; not live traffic or observed customer origins,GROW,72.92,EMERGING,"Population and accessibility opportunity signal only. Validate income, rent, footfall, suitable real estate and full competitor inventory before investment.",24.270471890500733,54.60650624895497,6855.18,94.41,Baniyas,4.036,2,2,72.92,70,MEDIUM,GROW,Golden Braids Ladies Saloon,Al Nahyan Tanker Mai - Tea Break Same Building - opposite Parco Hypermarket - جرن يافور - M-03 - أبو ظبي,Search area near Golden Braids Ladies Saloon,NEAR_EXISTING_BRANCH,EXCLUDE_FROM_SHORTLIST,10,62.92,H3 SEARCH AREA — NOT A FINAL STORE SITE,"Verify suitable retail unit, rent, footfall, income/spend, female target demand, full competitor inventory, live travel times and cannibalization before investment."
136,53,GROW-032,1,20639.34,76.71,76.71,25.074443,55.16871,Naumi Hotel Dubai,Al Khareef 1st Street - شارع الشيخ زايد - الثنيه الأولى - Barsha Heights - دبي,8743a130effffff,8743a130effffff,"Strongest signals: market activity and population; main constraint: competition headroom. Internal income, rent, footfall and customer-origin data are unavailable.",WorldPop Global2 R2025A v1; UAE constrained population count; 2025; approximately 100m; people per pixel,Observed Google Places competitors from the defined adaptive search; not an exhaustive UAE business census,Modelled 10-minute destination drive-time catchments using OpenRouteService and OpenStreetMap roads; not live traffic or observed customer origins,GROW,76.71,MEDIUM,"Population and accessibility opportunity signal only. Validate income, rent, footfall, suitable real estate and full competitor inventory before investment.",25.07444345874121,55.16870980474462,20639.34,74.16,Jumeirah Park,3.934,70,48,76.71,70,MEDIUM,GROW,Naumi Hotel Dubai,Al Khareef 1st Street - شارع الشيخ زايد - الثنيه الأولى - Barsha Heights - دبي,Search area near Naumi Hotel Dubai,NEAR_EXISTING_BRANCH;LIMITED_COVERAGE_GAP,EXCLUDE_FROM_SHORTLIST,18,58.71,H3 SEARCH AREA — NOT A FINAL STORE SITE,"Verify suitable retail unit, rent, footfall, income/spend, female target demand, full competitor inventory, live travel times and cannibalization before investment."
137,57,GROW-039,4,11887.45,77.26,75.18,24.439699,54.663981,Chiang Mai Traditional Thai Massage,Al Matar - Zayed International Airport - Abu Dhabi,8743a1590ffffff,8743a1590ffffff,"Strongest signals: market activity and population; main constraint: competition headroom. Internal income, rent, footfall and customer-origin data are unavailable.",WorldPop Global2 R2025A v1; UAE constrained population count; 2025; approximately 100m; people per pixel,Observed Google Places competitors from the defined adaptive search; not an exhaustive UAE business census,Modelled 10-minute destination drive-time catchments using OpenRouteService and OpenStreetMap roads; not live traffic or observed customer origins,GROW,76.64,MEDIUM,"Population and accessibility opportunity signal only. Validate income, rent, footfall, suitable real estate and full competitor inventory before investment.",24.416248391948127,54.65955988968472,3117.41,72.84,Zayed International Airport,4.469,4,0,77.26,70,MEDIUM,GROW,Chiang Mai Traditional Thai Massage,Al Matar - Zayed International Airport - Abu Dhabi,Search area near Chiang Mai Traditional Thai Massage,NEAR_EXISTING_BRANCH;LIMITED_COVERAGE_GAP;NO_DIRECT_COMPETITOR_OBSERVATIONS,EXCLUDE_FROM_SHORTLIST,18,58.64,H3 SEARCH AREA — NOT A FINAL STORE SITE,"Verify suitable retail unit, rent, footfall, income/spend, female target demand, full competitor inventory, live travel times and cannibalization before investment."
138,81,GROW-008,1,4983.63,74.88,74.88,24.462445,54.306336,InterContinental Abu Dhabi by IHG,King Abdullah Bin Abdulaziz Al Saud St - Al Bateen - W33 - Abu Dhabi,8743a031bffffff,8743a031bffffff,"Strongest signals: market activity and population; main constraint: competition headroom. Internal income, rent, footfall and customer-origin data are unavailable.",WorldPop Global2 R2025A v1; UAE constrained population count; 2025; approximately 100m; people per pixel,Observed Google Places competitors from the defined adaptive search; not an exhaustive UAE business census,Modelled 10-minute destination drive-time catchments using OpenRouteService and OpenStreetMap roads; not live traffic or observed customer origins,GROW,74.88,EMERGING,"Population and accessibility opportunity signal only. Validate income, rent, footfall, suitable real estate and full competitor inventory before investment.",24.46244548229931,54.30633635453811,4983.63,79.96,Khaleej Al Arabi,4.818,25,17,74.88,70,MEDIUM,GROW,InterContinental Abu Dhabi by IHG,King Abdullah Bin Abdulaziz Al Saud St - Al Bateen - W33 - Abu Dhabi,Search area near InterContinental Abu Dhabi by IHG,NEAR_EXISTING_BRANCH;LIMITED_COVERAGE_GAP,EXCLUDE_FROM_SHORTLIST,18,56.88,H3 SEARCH AREA — NOT A FINAL STORE SITE,"Verify suitable retail unit, rent, footfall, income/spend, female target demand, full competitor inventory, live travel times and cannibalization before investment."
139,139,GROW-107,1,998.47,71.91,71.91,24.055337,53.323286,,,8743a6ad5ffffff,8743a6ad5ffffff,"Strongest signals: coverage gap and population; main constraint: market activity. Internal income, rent, footfall and customer-origin data are unavailable.",WorldPop Global2 R2025A v1; UAE constrained population count; 2025; approximately 100m; people per pixel,Observed Google Places competitors from the defined adaptive search; not an exhaustive UAE business census,Modelled 10-minute destination drive-time catchments using OpenRouteService and OpenStreetMap roads; not live traffic or observed customer origins,GROW,71.91,EMERGING,"Population and accessibility opportunity signal only. Validate income, rent, footfall, suitable real estate and full competitor inventory before investment.",24.05533738950419,53.32328617118096,998.47,100.0,Al Dhafra Branch,61.947,0,0,71.91,70,MEDIUM,GROW,,,"Search area near 24.0553, 53.3233",LOW_CELL_POPULATION;NO_LOCAL_COMPETITOR_OBSERVATIONS;NO_NAMED_MARKET_ANCHOR,EXCLUDE_FROM_SHORTLIST,16,55.91,H3 SEARCH AREA — NOT A FINAL STORE SITE,"Verify suitable retail unit, rent, footfall, income/spend, female target demand, full competitor inventory, live travel times and cannibalization before investment."
140,140,GROW-102,1,996.37,71.88,71.88,23.952747,52.787174,,,8743a68a1ffffff,8743a68a1ffffff,"Strongest signals: coverage gap and population; main constraint: market activity. Internal income, rent, footfall and customer-origin data are unavailable.",WorldPop Global2 R2025A v1; UAE constrained population count; 2025; approximately 100m; people per pixel,Observed Google Places competitors from the defined adaptive search; not an exhaustive UAE business census,Modelled 10-minute destination drive-time catchments using OpenRouteService and OpenStreetMap roads; not live traffic or observed customer origins,GROW,71.88,EMERGING,"Population and accessibility opportunity signal only. Validate income, rent, footfall, suitable real estate and full competitor inventory before investment.",23.952746504062794,52.78717366659885,996.37,100.0,Al Dhafra Branch,100.987,0,0,71.88,70,MEDIUM,GROW,,,"Search area near 23.9527, 52.7872",LOW_CELL_POPULATION;NO_LOCAL_COMPETITOR_OBSERVATIONS;NO_NAMED_MARKET_ANCHOR,EXCLUDE_FROM_SHORTLIST,16,55.88,H3 SEARCH AREA — NOT A FINAL STORE SITE,"Verify suitable retail unit, rent, footfall, income/spend, female target demand, full competitor inventory, live travel times and cannibalization before investment."
141,141,GROW-106,1,982.53,71.8,71.8,24.101064,53.393658,,,8743a6ac8ffffff,8743a6ac8ffffff,"Strongest signals: coverage gap and population; main constraint: market activity. Internal income, rent, footfall and customer-origin data are unavailable.",WorldPop Global2 R2025A v1; UAE constrained population count; 2025; approximately 100m; people per pixel,Observed Google Places competitors from the defined adaptive search; not an exhaustive UAE business census,Modelled 10-minute destination drive-time catchments using OpenRouteService and OpenStreetMap roads; not live traffic or observed customer origins,GROW,71.8,EMERGING,"Population and accessibility opportunity signal only. Validate income, rent, footfall, suitable real estate and full competitor inventory before investment.",24.10106379833748,53.39365796391509,982.53,100.0,Al Dhafra Branch,61.873,0,0,71.8,70,MEDIUM,GROW,,,"Search area near 24.1011, 53.3937",LOW_CELL_POPULATION;NO_LOCAL_COMPETITOR_OBSERVATIONS;NO_NAMED_MARKET_ANCHOR,EXCLUDE_FROM_SHORTLIST,16,55.8,H3 SEARCH AREA — NOT A FINAL STORE SITE,"Verify suitable retail unit, rent, footfall, income/spend, female target demand, full competitor inventory, live travel times and cannibalization before investment."
142,142,GROW-109,1,970.49,71.7,71.7,23.719351,52.877756,,,8743a6c5effffff,8743a6c5effffff,"Strongest signals: coverage gap and population; main constraint: market activity. Internal income, rent, footfall and customer-origin data are unavailable.",WorldPop Global2 R2025A v1; UAE constrained population count; 2025; approximately 100m; people per pixel,Observed Google Places competitors from the defined adaptive search; not an exhaustive UAE business census,Modelled 10-minute destination drive-time catchments using OpenRouteService and OpenStreetMap roads; not live traffic or observed customer origins,GROW,71.7,EMERGING,"Population and accessibility opportunity signal only. Validate income, rent, footfall, suitable real estate and full competitor inventory before investment.",23.719350841513112,52.87775631363674,970.49,100.0,Al Dhafra Branch,85.776,0,0,71.7,70,MEDIUM,GROW,,,"Search area near 23.7194, 52.8778",LOW_CELL_POPULATION;NO_LOCAL_COMPETITOR_OBSERVATIONS;NO_NAMED_MARKET_ANCHOR,EXCLUDE_FROM_SHORTLIST,16,55.7,H3 SEARCH AREA — NOT A FINAL STORE SITE,"Verify suitable retail unit, rent, footfall, income/spend, female target demand, full competitor inventory, live travel times and cannibalization before investment."
143,143,GROW-092,1,964.51,71.63,71.63,24.432088,55.042093,,,8743a3b75ffffff,8743a3b75ffffff,"Strongest signals: coverage gap and population; main constraint: market activity. Internal income, rent, footfall and customer-origin data are unavailable.",WorldPop Global2 R2025A v1; UAE constrained population count; 2025; approximately 100m; people per pixel,Observed Google Places competitors from the defined adaptive search; not an exhaustive UAE business census,Modelled 10-minute destination drive-time catchments using OpenRouteService and OpenStreetMap roads; not live traffic or observed customer origins,GROW,71.63,EMERGING,"Population and accessibility opportunity signal only. Validate income, rent, footfall, suitable real estate and full competitor inventory before investment.",24.432088325828698,55.04209340032983,964.51,100.0,Al Falah,30.636,0,0,71.63,70,MEDIUM,GROW,,,"Search area near 24.4321, 55.0421",LOW_CELL_POPULATION;NO_LOCAL_COMPETITOR_OBSERVATIONS;NO_NAMED_MARKET_ANCHOR,EXCLUDE_FROM_SHORTLIST,16,55.63,H3 SEARCH AREA — NOT A FINAL STORE SITE,"Verify suitable retail unit, rent, footfall, income/spend, female target demand, full competitor inventory, live travel times and cannibalization before investment."
144,144,GROW-052,1,960.81,71.6,71.6,22.965922,54.161744,,,8743a241affffff,8743a241affffff,"Strongest signals: coverage gap and population; main constraint: market activity. Internal income, rent, footfall and customer-origin data are unavailable.",WorldPop Global2 R2025A v1; UAE constrained population count; 2025; approximately 100m; people per pixel,Observed Google Places competitors from the defined adaptive search; not an exhaustive UAE business census,Modelled 10-minute destination drive-time catchments using OpenRouteService and OpenStreetMap roads; not live traffic or observed customer origins,GROW,71.6,EMERGING,"Population and accessibility opportunity signal only. Validate income, rent, footfall, suitable real estate and full competitor inventory before investment.",22.965921821842063,54.16174365949482,960.81,100.0,Al Dhafra Branch,86.664,0,0,71.6,70,MEDIUM,GROW,,,"Search area near 22.9659, 54.1617",LOW_CELL_POPULATION;NO_LOCAL_COMPETITOR_OBSERVATIONS;NO_NAMED_MARKET_ANCHOR,EXCLUDE_FROM_SHORTLIST,16,55.6,H3 SEARCH AREA — NOT A FINAL STORE SITE,"Verify suitable retail unit, rent, footfall, income/spend, female target demand, full competitor inventory, live travel times and cannibalization before investment."
145,145,GROW-108,1,947.95,71.55,71.55,24.049964,53.384379,,,8743a6ad8ffffff,8743a6ad8ffffff,"Strongest signals: coverage gap and population; main constraint: market activity. Internal income, rent, footfall and customer-origin data are unavailable.",WorldPop Global2 R2025A v1; UAE constrained population count; 2025; approximately 100m; people per pixel,Observed Google Places competitors from the defined adaptive search; not an exhaustive UAE business census,Modelled 10-minute destination drive-time catchments using OpenRouteService and OpenStreetMap roads; not live traffic or observed customer origins,GROW,71.55,EMERGING,"Population and accessibility opportunity signal only. Validate income, rent, footfall, suitable real estate and full competitor inventory before investment.",24.049964477947857,53.384379007123705,947.95,100.0,Al Dhafra Branch,57.669,0,0,71.55,70,MEDIUM,GROW,,,"Search area near 24.0500, 53.3844",LOW_CELL_POPULATION;NO_LOCAL_COMPETITOR_OBSERVATIONS;NO_NAMED_MARKET_ANCHOR,EXCLUDE_FROM_SHORTLIST,16,55.55,H3 SEARCH AREA — NOT A FINAL STORE SITE,"Verify suitable retail unit, rent, footfall, income/spend, female target demand, full competitor inventory, live travel times and cannibalization before investment."
146,146,GROW-041,1,928.46,71.39,71.39,24.641471,55.125535,,,8743a1634ffffff,8743a1634ffffff,"Strongest signals: coverage gap and population; main constraint: market activity. Internal income, rent, footfall and customer-origin data are unavailable.",WorldPop Global2 R2025A v1; UAE constrained population count; 2025; approximately 100m; people per pixel,Observed Google Places competitors from the defined adaptive search; not an exhaustive UAE business census,Modelled 10-minute destination drive-time catchments using OpenRouteService and OpenStreetMap roads; not live traffic or observed customer origins,GROW,71.39,EMERGING,"Population and accessibility opportunity signal only. Validate income, rent, footfall, suitable real estate and full competitor inventory before investment.",24.64147075535156,55.12553483365859,928.46,100.0,Jumeirah Park,44.408,0,0,71.39,70,MEDIUM,GROW,,,"Search area near 24.6415, 55.1255",LOW_CELL_POPULATION;NO_LOCAL_COMPETITOR_OBSERVATIONS;NO_NAMED_MARKET_ANCHOR,EXCLUDE_FROM_SHORTLIST,16,55.39,H3 SEARCH AREA — NOT A FINAL STORE SITE,"Verify suitable retail unit, rent, footfall, income/spend, female target demand, full competitor inventory, live travel times and cannibalization before investment."
147,147,GROW-023,1,916.1,71.35,71.35,24.763073,54.960172,,,8743a108affffff,8743a108affffff,"Strongest signals: coverage gap and population; main constraint: market activity. Internal income, rent, footfall and customer-origin data are unavailable.",WorldPop Global2 R2025A v1; UAE constrained population count; 2025; approximately 100m; people per pixel,Observed Google Places competitors from the defined adaptive search; not an exhaustive UAE business census,Modelled 10-minute destination drive-time catchments using OpenRouteService and OpenStreetMap roads; not live traffic or observed customer origins,GROW,71.35,EMERGING,"Population and accessibility opportunity signal only. Validate income, rent, footfall, suitable real estate and full competitor inventory before investment.",24.76307292267688,54.96017187156291,916.1,100.0,Jumeirah Park,37.058,0,0,71.35,70,MEDIUM,GROW,,,"Search area near 24.7631, 54.9602",LOW_CELL_POPULATION;NO_LOCAL_COMPETITOR_OBSERVATIONS;NO_NAMED_MARKET_ANCHOR,EXCLUDE_FROM_SHORTLIST,16,55.35,H3 SEARCH AREA — NOT A FINAL STORE SITE,"Verify suitable retail unit, rent, footfall, income/spend, female target demand, full competitor inventory, live travel times and cannibalization before investment."
148,148,GROW-074,1,913.26,71.33,71.33,23.840333,55.453574,,,8743a3294ffffff,8743a3294ffffff,"Strongest signals: coverage gap and population; main constraint: market activity. Internal income, rent, footfall and customer-origin data are unavailable.",WorldPop Global2 R2025A v1; UAE constrained population count; 2025; approximately 100m; people per pixel,Observed Google Places competitors from the defined adaptive search; not an exhaustive UAE business census,Modelled 10-minute destination drive-time catchments using OpenRouteService and OpenStreetMap roads; not live traffic or observed customer origins,GROW,71.33,EMERGING,"Population and accessibility opportunity signal only. Validate income, rent, footfall, suitable real estate and full competitor inventory before investment.",23.840333092857733,55.45357367183974,913.26,100.0,Al Ain,47.801,0,0,71.33,70,MEDIUM,GROW,,,"Search area near 23.8403, 55.4536",LOW_CELL_POPULATION;NO_LOCAL_COMPETITOR_OBSERVATIONS;NO_NAMED_MARKET_ANCHOR,EXCLUDE_FROM_SHORTLIST,16,55.33,H3 SEARCH AREA — NOT A FINAL STORE SITE,"Verify suitable retail unit, rent, footfall, income/spend, female target demand, full competitor inventory, live travel times and cannibalization before investment."
149,149,GROW-067,1,900.28,71.28,71.28,24.042799,55.457722,,,8743a3205ffffff,8743a3205ffffff,"Strongest signals: coverage gap and population; main constraint: market activity. Internal income, rent, footfall and customer-origin data are unavailable.",WorldPop Global2 R2025A v1; UAE constrained population count; 2025; approximately 100m; people per pixel,Observed Google Places competitors from the defined adaptive search; not an exhaustive UAE business census,Modelled 10-minute destination drive-time catchments using OpenRouteService and OpenStreetMap roads; not live traffic or observed customer origins,GROW,71.28,EMERGING,"Population and accessibility opportunity signal only. Validate income, rent, footfall, suitable real estate and full competitor inventory before investment.",24.042798679514487,55.45772151065367,900.28,100.0,Al Ain,28.971,0,0,71.28,70,MEDIUM,GROW,,,"Search area near 24.0428, 55.4577",LOW_CELL_POPULATION;NO_LOCAL_COMPETITOR_OBSERVATIONS;NO_NAMED_MARKET_ANCHOR,EXCLUDE_FROM_SHORTLIST,16,55.28,H3 SEARCH AREA — NOT A FINAL STORE SITE,"Verify suitable retail unit, rent, footfall, income/spend, female target demand, full competitor inventory, live travel times and cannibalization before investment."
150,150,GROW-086,1,886.14,71.15,71.15,24.166705,54.868729,,,8743a38eeffffff,8743a38eeffffff,"Strongest signals: coverage gap and population; main constraint: market activity. Internal income, rent, footfall and customer-origin data are unavailable.",WorldPop Global2 R2025A v1; UAE constrained population count; 2025; approximately 100m; people per pixel,Observed Google Places competitors from the defined adaptive search; not an exhaustive UAE business census,Modelled 10-minute destination drive-time catchments using OpenRouteService and OpenStreetMap roads; not live traffic or observed customer origins,GROW,71.15,EMERGING,"Population and accessibility opportunity signal only. Validate income, rent, footfall, suitable real estate and full competitor inventory before investment.",24.166704557802184,54.86872893506735,886.14,100.0,Baniyas,27.95,0,0,71.15,70,MEDIUM,GROW,,,"Search area near 24.1667, 54.8687",LOW_CELL_POPULATION;NO_LOCAL_COMPETITOR_OBSERVATIONS;NO_NAMED_MARKET_ANCHOR,EXCLUDE_FROM_SHORTLIST,16,55.15,H3 SEARCH AREA — NOT A FINAL STORE SITE,"Verify suitable retail unit, rent, footfall, income/spend, female target demand, full competitor inventory, live travel times and cannibalization before investment."
151,151,GROW-161,1,876.76,71.07,71.07,24.301167,55.695996,,,8743aecc2ffffff,8743aecc2ffffff,"Strongest signals: coverage gap and population; main constraint: market activity. Internal income, rent, footfall and customer-origin data are unavailable.",WorldPop Global2 R2025A v1; UAE constrained population count; 2025; approximately 100m; people per pixel,Observed Google Places competitors from the defined adaptive search; not an exhaustive UAE business census,Modelled 10-minute destination drive-time catchments using OpenRouteService and OpenStreetMap roads; not live traffic or observed customer origins,GROW,71.07,EMERGING,"Population and accessibility opportunity signal only. Validate income, rent, footfall, suitable real estate and full competitor inventory before investment.",24.30116666059116,55.69599639866812,876.76,100.0,Al Ain,9.051,0,0,71.07,70,MEDIUM,GROW,,,"Search area near 24.3012, 55.6960",LOW_CELL_POPULATION;NO_LOCAL_COMPETITOR_OBSERVATIONS;NO_NAMED_MARKET_ANCHOR,EXCLUDE_FROM_SHORTLIST,16,55.07,H3 SEARCH AREA — NOT A FINAL STORE SITE,"Verify suitable retail unit, rent, footfall, income/spend, female target demand, full competitor inventory, live travel times and cannibalization before investment."
152,152,GROW-089,1,868.62,71.03,71.03,24.119884,55.079591,,,8743a3ab6ffffff,8743a3ab6ffffff,"Strongest signals: coverage gap and population; main constraint: market activity. Internal income, rent, footfall and customer-origin data are unavailable.",WorldPop Global2 R2025A v1; UAE constrained population count; 2025; approximately 100m; people per pixel,Observed Google Places competitors from the defined adaptive search; not an exhaustive UAE business census,Modelled 10-minute destination drive-time catchments using OpenRouteService and OpenStreetMap roads; not live traffic or observed customer origins,GROW,71.03,EMERGING,"Population and accessibility opportunity signal only. Validate income, rent, footfall, suitable real estate and full competitor inventory before investment.",24.11988408327717,55.07959145252643,868.62,100.0,Baniyas,49.381,0,0,71.03,70,MEDIUM,GROW,,,"Search area near 24.1199, 55.0796",LOW_CELL_POPULATION;NO_LOCAL_COMPETITOR_OBSERVATIONS;NO_NAMED_MARKET_ANCHOR,EXCLUDE_FROM_SHORTLIST,16,55.03,H3 SEARCH AREA — NOT A FINAL STORE SITE,"Verify suitable retail unit, rent, footfall, income/spend, female target demand, full competitor inventory, live travel times and cannibalization before investment."
153,153,GROW-072,1,866.9,71.03,71.03,24.096644,55.508846,,,8743a3274ffffff,8743a3274ffffff,"Strongest signals: coverage gap and population; main constraint: market activity. Internal income, rent, footfall and customer-origin data are unavailable.",WorldPop Global2 R2025A v1; UAE constrained population count; 2025; approximately 100m; people per pixel,Observed Google Places competitors from the defined adaptive search; not an exhaustive UAE business census,Modelled 10-minute destination drive-time catchments using OpenRouteService and OpenStreetMap roads; not live traffic or observed customer origins,GROW,71.03,EMERGING,"Population and accessibility opportunity signal only. Validate income, rent, footfall, suitable real estate and full competitor inventory before investment.",24.09664422110261,55.508845889694086,866.9,100.0,Al Ain,21.076,0,0,71.03,70,MEDIUM,GROW,,,"Search area near 24.0966, 55.5088",LOW_CELL_POPULATION;NO_LOCAL_COMPETITOR_OBSERVATIONS;NO_NAMED_MARKET_ANCHOR,EXCLUDE_FROM_SHORTLIST,16,55.03,H3 SEARCH AREA — NOT A FINAL STORE SITE,"Verify suitable retail unit, rent, footfall, income/spend, female target demand, full competitor inventory, live travel times and cannibalization before investment."
154,154,GROW-061,1,860.33,70.95,70.95,23.671923,53.841628,,,8743a282effffff,8743a282effffff,"Strongest signals: coverage gap and population; main constraint: market activity. Internal income, rent, footfall and customer-origin data are unavailable.",WorldPop Global2 R2025A v1; UAE constrained population count; 2025; approximately 100m; people per pixel,Observed Google Places competitors from the defined adaptive search; not an exhaustive UAE business census,Modelled 10-minute destination drive-time catchments using OpenRouteService and OpenStreetMap roads; not live traffic or observed customer origins,GROW,70.95,EMERGING,"Population and accessibility opportunity signal only. Validate income, rent, footfall, suitable real estate and full competitor inventory before investment.",23.67192310911609,53.84162799117362,860.33,100.0,Al Dhafra Branch,13.874,0,0,70.95,70,MEDIUM,GROW,,,"Search area near 23.6719, 53.8416",LOW_CELL_POPULATION;NO_LOCAL_COMPETITOR_OBSERVATIONS;NO_NAMED_MARKET_ANCHOR,EXCLUDE_FROM_SHORTLIST,16,54.95,H3 SEARCH AREA — NOT A FINAL STORE SITE,"Verify suitable retail unit, rent, footfall, income/spend, female target demand, full competitor inventory, live travel times and cannibalization before investment."
155,155,GROW-043,4,3239.3,71.12,70.48,24.539394,55.230182,,,8743a16a1ffffff,8743a16a1ffffff,"Strongest signals: coverage gap and population; main constraint: market activity. Internal income, rent, footfall and customer-origin data are unavailable.",WorldPop Global2 R2025A v1; UAE constrained population count; 2025; approximately 100m; people per pixel,Observed Google Places competitors from the defined adaptive search; not an exhaustive UAE business census,Modelled 10-minute destination drive-time catchments using OpenRouteService and OpenStreetMap roads; not live traffic or observed customer origins,GROW,70.93,EMERGING,"Population and accessibility opportunity signal only. Validate income, rent, footfall, suitable real estate and full competitor inventory before investment.",24.554774683376937,55.20259780215076,882.28,100.0,Al Falah,48.462,0,0,71.12,70,MEDIUM,GROW,,,"Search area near 24.5548, 55.2026",LOW_CELL_POPULATION;NO_LOCAL_COMPETITOR_OBSERVATIONS;NO_NAMED_MARKET_ANCHOR,EXCLUDE_FROM_SHORTLIST,16,54.93,H3 SEARCH AREA — NOT A FINAL STORE SITE,"Verify suitable retail unit, rent, footfall, income/spend, female target demand, full competitor inventory, live travel times and cannibalization before investment."
156,156,GROW-156,1,856.73,70.88,70.88,24.88437,56.209868,,,8743aea58ffffff,8743aea58ffffff,"Strongest signals: coverage gap and population; main constraint: market activity. Internal income, rent, footfall and customer-origin data are unavailable.",WorldPop Global2 R2025A v1; UAE constrained population count; 2025; approximately 100m; people per pixel,Observed Google Places competitors from the defined adaptive search; not an exhaustive UAE business census,Modelled 10-minute destination drive-time catchments using OpenRouteService and OpenStreetMap roads; not live traffic or observed customer origins,GROW,70.88,EMERGING,"Population and accessibility opportunity signal only. Validate income, rent, footfall, suitable real estate and full competitor inventory before investment.",24.88436972874028,56.20986764547362,856.73,100.0,Al Taif Mall,28.696,0,0,70.88,70,MEDIUM,GROW,,,"Search area near 24.8844, 56.2099",LOW_CELL_POPULATION;NO_LOCAL_COMPETITOR_OBSERVATIONS;NO_NAMED_MARKET_ANCHOR,EXCLUDE_FROM_SHORTLIST,16,54.88,H3 SEARCH AREA — NOT A FINAL STORE SITE,"Verify suitable retail unit, rent, footfall, income/spend, female target demand, full competitor inventory, live travel times and cannibalization before investment."
157,157,GROW-160,1,831.58,70.64,70.64,24.299926,55.513183,,,8743aeca5ffffff,8743aeca5ffffff,"Strongest signals: coverage gap and population; main constraint: market activity. Internal income, rent, footfall and customer-origin data are unavailable.",WorldPop Global2 R2025A v1; UAE constrained population count; 2025; approximately 100m; people per pixel,Observed Google Places competitors from the defined adaptive search; not an exhaustive UAE business census,Modelled 10-minute destination drive-time catchments using OpenRouteService and OpenStreetMap roads; not live traffic or observed customer origins,GROW,70.64,EMERGING,"Population and accessibility opportunity signal only. Validate income, rent, footfall, suitable real estate and full competitor inventory before investment.",24.299925763225723,55.51318314728395,831.58,100.0,Al Ain,16.964,0,0,70.64,70,MEDIUM,GROW,,,"Search area near 24.2999, 55.5132",LOW_CELL_POPULATION;NO_LOCAL_COMPETITOR_OBSERVATIONS;NO_NAMED_MARKET_ANCHOR,EXCLUDE_FROM_SHORTLIST,16,54.64,H3 SEARCH AREA — NOT A FINAL STORE SITE,"Verify suitable retail unit, rent, footfall, income/spend, female target demand, full competitor inventory, live travel times and cannibalization before investment."
158,158,GROW-134,1,826.9,70.62,70.62,24.97076,55.618888,,,8743ac59affffff,8743ac59affffff,"Strongest signals: coverage gap and population; main constraint: market activity. Internal income, rent, footfall and customer-origin data are unavailable.",WorldPop Global2 R2025A v1; UAE constrained population count; 2025; approximately 100m; people per pixel,Observed Google Places competitors from the defined adaptive search; not an exhaustive UAE business census,Modelled 10-minute destination drive-time catchments using OpenRouteService and OpenStreetMap roads; not live traffic or observed customer origins,GROW,70.62,EMERGING,"Population and accessibility opportunity signal only. Validate income, rent, footfall, suitable real estate and full competitor inventory before investment.",24.970759766298364,55.6188882089314,826.9,100.0,Nad Al Sheba,32.723,0,0,70.62,70,MEDIUM,GROW,,,"Search area near 24.9708, 55.6189",LOW_CELL_POPULATION;NO_LOCAL_COMPETITOR_OBSERVATIONS;NO_NAMED_MARKET_ANCHOR,EXCLUDE_FROM_SHORTLIST,16,54.62,H3 SEARCH AREA — NOT A FINAL STORE SITE,"Verify suitable retail unit, rent, footfall, income/spend, female target demand, full competitor inventory, live travel times and cannibalization before investment."
159,159,GROW-045,1,826.73,70.6,70.6,24.539915,55.286811,,,8743a168dffffff,8743a168dffffff,"Strongest signals: coverage gap and population; main constraint: market activity. Internal income, rent, footfall and customer-origin data are unavailable.",WorldPop Global2 R2025A v1; UAE constrained population count; 2025; approximately 100m; people per pixel,Observed Google Places competitors from the defined adaptive search; not an exhaustive UAE business census,Modelled 10-minute destination drive-time catchments using OpenRouteService and OpenStreetMap roads; not live traffic or observed customer origins,GROW,70.6,EMERGING,"Population and accessibility opportunity signal only. Validate income, rent, footfall, suitable real estate and full competitor inventory before investment.",24.53991507637197,55.28681052185626,826.73,100.0,Al Ain,51.395,0,0,70.6,70,MEDIUM,GROW,,,"Search area near 24.5399, 55.2868",LOW_CELL_POPULATION;NO_LOCAL_COMPETITOR_OBSERVATIONS;NO_NAMED_MARKET_ANCHOR,EXCLUDE_FROM_SHORTLIST,16,54.6,H3 SEARCH AREA — NOT A FINAL STORE SITE,"Verify suitable retail unit, rent, footfall, income/spend, female target demand, full competitor inventory, live travel times and cannibalization before investment."
160,161,GROW-090,1,814.59,70.45,70.45,24.238227,55.341502,,,8743a3ac8ffffff,8743a3ac8ffffff,"Strongest signals: coverage gap and population; main constraint: market activity. Internal income, rent, footfall and customer-origin data are unavailable.",WorldPop Global2 R2025A v1; UAE constrained population count; 2025; approximately 100m; people per pixel,Observed Google Places competitors from the defined adaptive search; not an exhaustive UAE business census,Modelled 10-minute destination drive-time catchments using OpenRouteService and OpenStreetMap roads; not live traffic or observed customer origins,GROW,70.45,EMERGING,"Population and accessibility opportunity signal only. Validate income, rent, footfall, suitable real estate and full competitor inventory before investment.",24.238226845291003,55.34150198358376,814.59,100.0,Al Ain,32.318,0,0,70.45,70,MEDIUM,GROW,,,"Search area near 24.2382, 55.3415",LOW_CELL_POPULATION;NO_LOCAL_COMPETITOR_OBSERVATIONS;NO_NAMED_MARKET_ANCHOR,EXCLUDE_FROM_SHORTLIST,16,54.45,H3 SEARCH AREA — NOT A FINAL STORE SITE,"Verify suitable retail unit, rent, footfall, income/spend, female target demand, full competitor inventory, live travel times and cannibalization before investment."
161,162,GROW-026,1,805.98,70.4,70.4,24.82958,54.886464,,,8743a10acffffff,8743a10acffffff,"Strongest signals: coverage gap and population; main constraint: market activity. Internal income, rent, footfall and customer-origin data are unavailable.",WorldPop Global2 R2025A v1; UAE constrained population count; 2025; approximately 100m; people per pixel,Observed Google Places competitors from the defined adaptive search; not an exhaustive UAE business census,Modelled 10-minute destination drive-time catchments using OpenRouteService and OpenStreetMap roads; not live traffic or observed customer origins,GROW,70.4,EMERGING,"Population and accessibility opportunity signal only. Validate income, rent, footfall, suitable real estate and full competitor inventory before investment.",24.829579713659182,54.88646401700958,805.98,100.0,Jumeirah Park,36.57,0,0,70.4,70,MEDIUM,GROW,,,"Search area near 24.8296, 54.8865",LOW_CELL_POPULATION;NO_LOCAL_COMPETITOR_OBSERVATIONS;NO_NAMED_MARKET_ANCHOR,EXCLUDE_FROM_SHORTLIST,16,54.4,H3 SEARCH AREA — NOT A FINAL STORE SITE,"Verify suitable retail unit, rent, footfall, income/spend, female target demand, full competitor inventory, live travel times and cannibalization before investment."
162,163,GROW-167,1,802.71,70.36,70.36,24.177928,51.998629,,,87534d1a8ffffff,87534d1a8ffffff,"Strongest signals: coverage gap and population; main constraint: market activity. Internal income, rent, footfall and customer-origin data are unavailable.",WorldPop Global2 R2025A v1; UAE constrained population count; 2025; approximately 100m; people per pixel,Observed Google Places competitors from the defined adaptive search; not an exhaustive UAE business census,Modelled 10-minute destination drive-time catchments using OpenRouteService and OpenStreetMap roads; not live traffic or observed customer origins,GROW,70.36,EMERGING,"Population and accessibility opportunity signal only. Validate income, rent, footfall, suitable real estate and full competitor inventory before investment.",24.17792837773252,51.998628792661975,802.71,100.0,Al Dhafra Branch,184.799,0,0,70.36,70,MEDIUM,GROW,,,"Search area near 24.1779, 51.9986",LOW_CELL_POPULATION;NO_LOCAL_COMPETITOR_OBSERVATIONS;NO_NAMED_MARKET_ANCHOR,EXCLUDE_FROM_SHORTLIST,16,54.36,H3 SEARCH AREA — NOT A FINAL STORE SITE,"Verify suitable retail unit, rent, footfall, income/spend, female target demand, full competitor inventory, live travel times and cannibalization before investment."
163,164,GROW-136,1,795.31,70.31,70.31,25.224353,56.21466,,,8743ac656ffffff,8743ac656ffffff,"Strongest signals: coverage gap and population; main constraint: market activity. Internal income, rent, footfall and customer-origin data are unavailable.",WorldPop Global2 R2025A v1; UAE constrained population count; 2025; approximately 100m; people per pixel,Observed Google Places competitors from the defined adaptive search; not an exhaustive UAE business census,Modelled 10-minute destination drive-time catchments using OpenRouteService and OpenStreetMap roads; not live traffic or observed customer origins,GROW,70.31,EMERGING,"Population and accessibility opportunity signal only. Validate income, rent, footfall, suitable real estate and full competitor inventory before investment.",25.224353330756983,56.2146601066972,795.31,100.0,Al Taif Mall,16.064,0,0,70.31,70,MEDIUM,GROW,,,"Search area near 25.2244, 56.2147",LOW_CELL_POPULATION;NO_LOCAL_COMPETITOR_OBSERVATIONS;NO_NAMED_MARKET_ANCHOR,EXCLUDE_FROM_SHORTLIST,16,54.31,H3 SEARCH AREA — NOT A FINAL STORE SITE,"Verify suitable retail unit, rent, footfall, income/spend, female target demand, full competitor inventory, live travel times and cannibalization before investment."
164,165,GROW-028,1,785.34,70.26,70.26,24.823984,54.805837,,,8743a118affffff,8743a118affffff,"Strongest signals: coverage gap and population; main constraint: market activity. Internal income, rent, footfall and customer-origin data are unavailable.",WorldPop Global2 R2025A v1; UAE constrained population count; 2025; approximately 100m; people per pixel,Observed Google Places competitors from the defined adaptive search; not an exhaustive UAE business census,Modelled 10-minute destination drive-time catchments using OpenRouteService and OpenStreetMap roads; not live traffic or observed customer origins,GROW,70.26,EMERGING,"Population and accessibility opportunity signal only. Validate income, rent, footfall, suitable real estate and full competitor inventory before investment.",24.82398355113697,54.80583664446366,785.34,100.0,Shahama,35.959,0,0,70.26,70,MEDIUM,GROW,,,"Search area near 24.8240, 54.8058",LOW_CELL_POPULATION;NO_LOCAL_COMPETITOR_OBSERVATIONS;NO_NAMED_MARKET_ANCHOR,EXCLUDE_FROM_SHORTLIST,16,54.26,H3 SEARCH AREA — NOT A FINAL STORE SITE,"Verify suitable retail unit, rent, footfall, income/spend, female target demand, full competitor inventory, live travel times and cannibalization before investment."
165,166,GROW-137,1,782.46,70.23,70.23,25.270227,56.289834,,,8743ac65dffffff,8743ac65dffffff,"Strongest signals: coverage gap and population; main constraint: market activity. Internal income, rent, footfall and customer-origin data are unavailable.",WorldPop Global2 R2025A v1; UAE constrained population count; 2025; approximately 100m; people per pixel,Observed Google Places competitors from the defined adaptive search; not an exhaustive UAE business census,Modelled 10-minute destination drive-time catchments using OpenRouteService and OpenStreetMap roads; not live traffic or observed customer origins,GROW,70.23,EMERGING,"Population and accessibility opportunity signal only. Validate income, rent, footfall, suitable real estate and full competitor inventory before investment.",25.27022724375619,56.28983409351834,782.46,100.0,Al Taif Mall,17.054,0,0,70.23,70,MEDIUM,GROW,,,"Search area near 25.2702, 56.2898",LOW_CELL_POPULATION;NO_LOCAL_COMPETITOR_OBSERVATIONS;NO_NAMED_MARKET_ANCHOR,EXCLUDE_FROM_SHORTLIST,16,54.23,H3 SEARCH AREA — NOT A FINAL STORE SITE,"Verify suitable retail unit, rent, footfall, income/spend, female target demand, full competitor inventory, live travel times and cannibalization before investment."
166,167,GROW-054,1,781.85,70.23,70.23,22.971153,54.239695,,,8743a24c4ffffff,8743a24c4ffffff,"Strongest signals: coverage gap and population; main constraint: market activity. Internal income, rent, footfall and customer-origin data are unavailable.",WorldPop Global2 R2025A v1; UAE constrained population count; 2025; approximately 100m; people per pixel,Observed Google Places competitors from the defined adaptive search; not an exhaustive UAE business census,Modelled 10-minute destination drive-time catchments using OpenRouteService and OpenStreetMap roads; not live traffic or observed customer origins,GROW,70.23,EMERGING,"Population and accessibility opportunity signal only. Validate income, rent, footfall, suitable real estate and full competitor inventory before investment.",22.97115286646705,54.23969505550825,781.85,100.0,Al Dhafra Branch,90.645,0,0,70.23,70,MEDIUM,GROW,,,"Search area near 22.9712, 54.2397",LOW_CELL_POPULATION;NO_LOCAL_COMPETITOR_OBSERVATIONS;NO_NAMED_MARKET_ANCHOR,EXCLUDE_FROM_SHORTLIST,16,54.23,H3 SEARCH AREA — NOT A FINAL STORE SITE,"Verify suitable retail unit, rent, footfall, income/spend, female target demand, full competitor inventory, live travel times and cannibalization before investment."
167,168,GROW-075,1,780.8,70.21,70.21,23.920251,55.43925,,,8743a32a0ffffff,8743a32a0ffffff,"Strongest signals: coverage gap and population; main constraint: market activity. Internal income, rent, footfall and customer-origin data are unavailable.",WorldPop Global2 R2025A v1; UAE constrained population count; 2025; approximately 100m; people per pixel,Observed Google Places competitors from the defined adaptive search; not an exhaustive UAE business census,Modelled 10-minute destination drive-time catchments using OpenRouteService and OpenStreetMap roads; not live traffic or observed customer origins,GROW,70.21,EMERGING,"Population and accessibility opportunity signal only. Validate income, rent, footfall, suitable real estate and full competitor inventory before investment.",23.92025095496154,55.43925009330529,780.8,100.0,Al Ain,40.782,0,0,70.21,70,MEDIUM,GROW,,,"Search area near 23.9203, 55.4393",LOW_CELL_POPULATION;NO_LOCAL_COMPETITOR_OBSERVATIONS;NO_NAMED_MARKET_ANCHOR,EXCLUDE_FROM_SHORTLIST,16,54.21,H3 SEARCH AREA — NOT A FINAL STORE SITE,"Verify suitable retail unit, rent, footfall, income/spend, female target demand, full competitor inventory, live travel times and cannibalization before investment."
168,169,GROW-027,1,772.69,70.15,70.15,24.841355,54.761719,,,8743a1181ffffff,8743a1181ffffff,"Strongest signals: coverage gap and population; main constraint: market activity. Internal income, rent, footfall and customer-origin data are unavailable.",WorldPop Global2 R2025A v1; UAE constrained population count; 2025; approximately 100m; people per pixel,Observed Google Places competitors from the defined adaptive search; not an exhaustive UAE business census,Modelled 10-minute destination drive-time catchments using OpenRouteService and OpenStreetMap roads; not live traffic or observed customer origins,GROW,70.15,EMERGING,"Population and accessibility opportunity signal only. Validate income, rent, footfall, suitable real estate and full competitor inventory before investment.",24.84135527968008,54.76171863182363,772.69,100.0,Shahama,36.396,0,0,70.15,70,MEDIUM,GROW,,,"Search area near 24.8414, 54.7617",LOW_CELL_POPULATION;NO_LOCAL_COMPETITOR_OBSERVATIONS;NO_NAMED_MARKET_ANCHOR,EXCLUDE_FROM_SHORTLIST,16,54.15,H3 SEARCH AREA — NOT A FINAL STORE SITE,"Verify suitable retail unit, rent, footfall, income/spend, female target demand, full competitor inventory, live travel times and cannibalization before investment."
169,170,GROW-091,1,759.38,70.05,70.05,24.417317,55.126092,,,8743a3b43ffffff,8743a3b43ffffff,"Strongest signals: coverage gap and population; main constraint: market activity. Internal income, rent, footfall and customer-origin data are unavailable.",WorldPop Global2 R2025A v1; UAE constrained population count; 2025; approximately 100m; people per pixel,Observed Google Places competitors from the defined adaptive search; not an exhaustive UAE business census,Modelled 10-minute destination drive-time catchments using OpenRouteService and OpenStreetMap roads; not live traffic or observed customer origins,GROW,70.05,EMERGING,"Population and accessibility opportunity signal only. Validate income, rent, footfall, suitable real estate and full competitor inventory before investment.",24.41731697744293,55.12609221704986,759.38,100.0,Al Falah,39.222,0,0,70.05,70,MEDIUM,GROW,,,"Search area near 24.4173, 55.1261",LOW_CELL_POPULATION;NO_LOCAL_COMPETITOR_OBSERVATIONS;NO_NAMED_MARKET_ANCHOR,EXCLUDE_FROM_SHORTLIST,16,54.05,H3 SEARCH AREA — NOT A FINAL STORE SITE,"Verify suitable retail unit, rent, footfall, income/spend, female target demand, full competitor inventory, live travel times and cannibalization before investment."
170,171,GROW-078,1,755.83,70.0,70.0,23.496844,55.434674,,,8743a369cffffff,8743a369cffffff,"Strongest signals: coverage gap and population; main constraint: market activity. Internal income, rent, footfall and customer-origin data are unavailable.",WorldPop Global2 R2025A v1; UAE constrained population count; 2025; approximately 100m; people per pixel,Observed Google Places competitors from the defined adaptive search; not an exhaustive UAE business census,Modelled 10-minute destination drive-time catchments using OpenRouteService and OpenStreetMap roads; not live traffic or observed customer origins,GROW,70.0,EMERGING,"Population and accessibility opportunity signal only. Validate income, rent, footfall, suitable real estate and full competitor inventory before investment.",23.496844382594247,55.43467399998784,755.83,100.0,Al Ain,84.327,0,0,70.0,70,MEDIUM,GROW,,,"Search area near 23.4968, 55.4347",LOW_CELL_POPULATION;NO_LOCAL_COMPETITOR_OBSERVATIONS;NO_NAMED_MARKET_ANCHOR,EXCLUDE_FROM_SHORTLIST,16,54.0,H3 SEARCH AREA — NOT A FINAL STORE SITE,"Verify suitable retail unit, rent, footfall, income/spend, female target demand, full competitor inventory, live travel times and cannibalization before investment."
171,160,GROW-004,1,3977.5,70.54,70.54,24.485354,54.342334,Tryp by Wyndham Abu Dhabi,Khalifa Bin Zayed The First St - Al Danah - Zone 1 - Abu Dhabi,8743a0220ffffff,8743a0220ffffff,"Strongest signals: market activity and population; main constraint: competition headroom. Internal income, rent, footfall and customer-origin data are unavailable.",WorldPop Global2 R2025A v1; UAE constrained population count; 2025; approximately 100m; people per pixel,Observed Google Places competitors from the defined adaptive search; not an exhaustive UAE business census,Modelled 10-minute destination drive-time catchments using OpenRouteService and OpenStreetMap roads; not live traffic or observed customer origins,GROW,70.54,EMERGING,"Population and accessibility opportunity signal only. Validate income, rent, footfall, suitable real estate and full competitor inventory before investment.",24.485354087921788,54.34233384687639,3977.5,70.25,Khaleej Al Arabi,3.164,46,35,70.54,70,MEDIUM,GROW,Tryp by Wyndham Abu Dhabi,Khalifa Bin Zayed The First St - Al Danah - Zone 1 - Abu Dhabi,Search area near Tryp by Wyndham Abu Dhabi,NEAR_EXISTING_BRANCH;LIMITED_COVERAGE_GAP,EXCLUDE_FROM_SHORTLIST,18,52.54,H3 SEARCH AREA — NOT A FINAL STORE SITE,"Verify suitable retail unit, rent, footfall, income/spend, female target demand, full competitor inventory, live travel times and cannibalization before investment."
