growth_rank,cluster_id,grow_cell_count,estimated_population_2025,max_opportunity_score,mean_opportunity_score,centroid_latitude,centroid_longitude,market_anchor_name,market_anchor_address,best_h3_cell,h3_cell,nearest_branch_name,nearest_branch_distance_km,coverage_gap_pct,observed_direct_competitors_within_3km,confidence_score,confidence_level,recommendation_explanation,population_data_scope,competitor_data_scope,catchment_data_scope,recommendation,cluster_priority_score,priority_tier,decision_limitations
1,GROW-022,395,2951089.92,92.48,79.15,25.208354,55.386252,DoubleTree by Hilton Dubai M Square Hotel & Residences,Sheikh Khalifa Bin Zayed St - Mankhool - Dubai,8743acd99ffffff,8743acd99ffffff,City Walk,8.14,100.0,0,70,MEDIUM,"Strongest signals: coverage gap and population; main constraint: competition headroom. Internal income, rent, footfall and customer-origin data are unavailable.",WorldPop Global2 R2025A v1; UAE constrained population count; 2025; approximately 100m; people per pixel,Observed Google Places competitors from the defined adaptive search; not an exhaustive UAE business census,Modelled 10-minute destination drive-time catchments using OpenRouteService and OpenStreetMap roads; not live traffic or observed customer origins,GROW,88.48,HIGH,"Population and accessibility opportunity signal only. Validate income, rent, footfall, suitable real estate and full competitor inventory before investment."
2,GROW-005,10,32637.84,86.87,77.54,24.532656,54.414883,BE RELAX SPA - L.L.C,250 Al Meena St - Al Zahiyah - E14 - Abu Dhabi,8743a0353ffffff,8743a0353ffffff,Delma,6.794,92.9,0,70,MEDIUM,"Strongest signals: coverage gap and population; main constraint: competition headroom. Internal income, rent, footfall and customer-origin data are unavailable.",WorldPop Global2 R2025A v1; UAE constrained population count; 2025; approximately 100m; people per pixel,Observed Google Places competitors from the defined adaptive search; not an exhaustive UAE business census,Modelled 10-minute destination drive-time catchments using OpenRouteService and OpenStreetMap roads; not live traffic or observed customer origins,GROW,84.07,HIGH,"Population and accessibility opportunity signal only. Validate income, rent, footfall, suitable real estate and full competitor inventory before investment."
3,GROW-116,108,334488.45,86.51,76.69,25.767257,55.972257,purple crystal massage,Ras Al-Khaimah - Al Nakheel - Ras Al Khaimah,8743acae0ffffff,8743acae0ffffff,Ras Al Khaimah,8.998,100.0,0,70,MEDIUM,"Strongest signals: coverage gap and market activity; main constraint: competition headroom. Internal income, rent, footfall and customer-origin data are unavailable.",WorldPop Global2 R2025A v1; UAE constrained population count; 2025; approximately 100m; people per pixel,Observed Google Places competitors from the defined adaptive search; not an exhaustive UAE business census,Modelled 10-minute destination drive-time catchments using OpenRouteService and OpenStreetMap roads; not live traffic or observed customer origins,GROW,83.56,HIGH,"Population and accessibility opportunity signal only. Validate income, rent, footfall, suitable real estate and full competitor inventory before investment."
4,GROW-112,24,177869.13,84.93,78.03,25.04605,56.340164,,,8743a8d0dffffff,8743a8d0dffffff,Al Taif Mall,9.606,100.0,0,70,MEDIUM,"Strongest signals: coverage gap and population; main constraint: market activity. Internal income, rent, footfall and customer-origin data are unavailable.",WorldPop Global2 R2025A v1; UAE constrained population count; 2025; approximately 100m; people per pixel,Observed Google Places competitors from the defined adaptive search; not an exhaustive UAE business census,Modelled 10-minute destination drive-time catchments using OpenRouteService and OpenStreetMap roads; not live traffic or observed customer origins,GROW,82.86,HIGH,"Population and accessibility opportunity signal only. Validate income, rent, footfall, suitable real estate and full competitor inventory before investment."
5,GROW-111,35,194173.55,84.83,78.2,25.327955,56.348834,,,8743a8923ffffff,8743a8923ffffff,Al Taif Mall,30.997,100.0,0,70,MEDIUM,"Strongest signals: coverage gap and population; main constraint: market activity. Internal income, rent, footfall and customer-origin data are unavailable.",WorldPop Global2 R2025A v1; UAE constrained population count; 2025; approximately 100m; people per pixel,Observed Google Places competitors from the defined adaptive search; not an exhaustive UAE business census,Modelled 10-minute destination drive-time catchments using OpenRouteService and OpenStreetMap roads; not live traffic or observed customer origins,GROW,82.84,HIGH,"Population and accessibility opportunity signal only. Validate income, rent, footfall, suitable real estate and full competitor inventory before investment."
6,GROW-153,20,114041.32,83.69,79.67,24.821377,56.085995,,,8743aeae6ffffff,8743aeae6ffffff,Al Taif Mall,40.507,100.0,0,70,MEDIUM,"Strongest signals: coverage gap and population; main constraint: market activity. Internal income, rent, footfall and customer-origin data are unavailable.",WorldPop Global2 R2025A v1; UAE constrained population count; 2025; approximately 100m; people per pixel,Observed Google Places competitors from the defined adaptive search; not an exhaustive UAE business census,Modelled 10-minute destination drive-time catchments using OpenRouteService and OpenStreetMap roads; not live traffic or observed customer origins,GROW,82.48,HIGH,"Population and accessibility opportunity signal only. Validate income, rent, footfall, suitable real estate and full competitor inventory before investment."
7,GROW-006,4,12708.2,83.88,79.2,24.442521,54.512338,Massage Relax Olivia Lounge,CGCH+J94 - Khalifa City - SW17 - Abu Dhabi,8743a02ecffffff,8743a02ecffffff,Al Maqta,5.535,100.0,0,70,MEDIUM,"Strongest signals: coverage gap and market activity; main constraint: competition headroom. Internal income, rent, footfall and customer-origin data are unavailable.",WorldPop Global2 R2025A v1; UAE constrained population count; 2025; approximately 100m; people per pixel,Observed Google Places competitors from the defined adaptive search; not an exhaustive UAE business census,Modelled 10-minute destination drive-time catchments using OpenRouteService and OpenStreetMap roads; not live traffic or observed customer origins,GROW,82.48,HIGH,"Population and accessibility opportunity signal only. Validate income, rent, footfall, suitable real estate and full competitor inventory before investment."
8,GROW-122,12,61302.8,83.7,78.4,25.602038,56.274887,,,8743ac272ffffff,8743ac272ffffff,Ras Al Khaimah,38.217,100.0,0,70,MEDIUM,"Strongest signals: coverage gap and population; main constraint: market activity. Internal income, rent, footfall and customer-origin data are unavailable.",WorldPop Global2 R2025A v1; UAE constrained population count; 2025; approximately 100m; people per pixel,Observed Google Places competitors from the defined adaptive search; not an exhaustive UAE business census,Modelled 10-minute destination drive-time catchments using OpenRouteService and OpenStreetMap roads; not live traffic or observed customer origins,GROW,82.11,HIGH,"Population and accessibility opportunity signal only. Validate income, rent, footfall, suitable real estate and full competitor inventory before investment."
9,GROW-117,127,422940.58,84.38,76.41,25.30099,55.948844,,,8743ac09bffffff,8743ac09bffffff,Al Jada,39.702,100.0,0,70,MEDIUM,"Strongest signals: coverage gap and population; main constraint: market activity. Internal income, rent, footfall and customer-origin data are unavailable.",WorldPop Global2 R2025A v1; UAE constrained population count; 2025; approximately 100m; people per pixel,Observed Google Places competitors from the defined adaptive search; not an exhaustive UAE business census,Modelled 10-minute destination drive-time catchments using OpenRouteService and OpenStreetMap roads; not live traffic or observed customer origins,GROW,81.99,MEDIUM,"Population and accessibility opportunity signal only. Validate income, rent, footfall, suitable real estate and full competitor inventory before investment."
10,GROW-099,35,131081.82,82.99,77.73,24.0991,52.704303,,,8743a691cffffff,8743a691cffffff,Al Dhafra Branch,117.961,100.0,0,70,MEDIUM,"Strongest signals: coverage gap and population; main constraint: market activity. Internal income, rent, footfall and customer-origin data are unavailable.",WorldPop Global2 R2025A v1; UAE constrained population count; 2025; approximately 100m; people per pixel,Observed Google Places competitors from the defined adaptive search; not an exhaustive UAE business census,Modelled 10-minute destination drive-time catchments using OpenRouteService and OpenStreetMap roads; not live traffic or observed customer origins,GROW,81.41,MEDIUM,"Population and accessibility opportunity signal only. Validate income, rent, footfall, suitable real estate and full competitor inventory before investment."
11,GROW-069,205,711083.29,83.35,76.58,24.178191,55.716445,,,8743ae50cffffff,8743ae50cffffff,Al Ain,9.874,100.0,0,70,MEDIUM,"Strongest signals: coverage gap and population; main constraint: market activity. Internal income, rent, footfall and customer-origin data are unavailable.",WorldPop Global2 R2025A v1; UAE constrained population count; 2025; approximately 100m; people per pixel,Observed Google Places competitors from the defined adaptive search; not an exhaustive UAE business census,Modelled 10-minute destination drive-time catchments using OpenRouteService and OpenStreetMap roads; not live traffic or observed customer origins,GROW,81.32,MEDIUM,"Population and accessibility opportunity signal only. Validate income, rent, footfall, suitable real estate and full competitor inventory before investment."
12,GROW-035,28,112130.41,83.46,76.26,24.374512,54.725866,OMBRÉ SALON صالون أومبري,9PVH+FP5 - Al Shamkhah - SH7 - Abu Dhabi,8743a3968ffffff,8743a3968ffffff,Al Falah,7.84,100.0,3,70,MEDIUM,"Strongest signals: coverage gap and population; main constraint: competition headroom. Internal income, rent, footfall and customer-origin data are unavailable.",WorldPop Global2 R2025A v1; UAE constrained population count; 2025; approximately 100m; people per pixel,Observed Google Places competitors from the defined adaptive search; not an exhaustive UAE business census,Modelled 10-minute destination drive-time catchments using OpenRouteService and OpenStreetMap roads; not live traffic or observed customer origins,GROW,81.3,MEDIUM,"Population and accessibility opportunity signal only. Validate income, rent, footfall, suitable real estate and full competitor inventory before investment."
13,GROW-007,16,69206.92,82.58,77.83,24.323038,54.476941,,,8743a0288ffffff,8743a0288ffffff,Mohammed Bin Zayed City,8.25,100.0,0,70,MEDIUM,"Strongest signals: coverage gap and population; main constraint: market activity. Internal income, rent, footfall and customer-origin data are unavailable.",WorldPop Global2 R2025A v1; UAE constrained population count; 2025; approximately 100m; people per pixel,Observed Google Places competitors from the defined adaptive search; not an exhaustive UAE business census,Modelled 10-minute destination drive-time catchments using OpenRouteService and OpenStreetMap roads; not live traffic or observed customer origins,GROW,81.16,MEDIUM,"Population and accessibility opportunity signal only. Validate income, rent, footfall, suitable real estate and full competitor inventory before investment."
14,GROW-128,11,30869.39,83.2,75.96,25.136099,55.877552,,,8743ac45affffff,8743ac45affffff,Al Taif Mall,44.939,100.0,0,70,MEDIUM,"Strongest signals: coverage gap and population; main constraint: market activity. Internal income, rent, footfall and customer-origin data are unavailable.",WorldPop Global2 R2025A v1; UAE constrained population count; 2025; approximately 100m; people per pixel,Observed Google Places competitors from the defined adaptive search; not an exhaustive UAE business census,Modelled 10-minute destination drive-time catchments using OpenRouteService and OpenStreetMap roads; not live traffic or observed customer origins,GROW,81.03,MEDIUM,"Population and accessibility opportunity signal only. Validate income, rent, footfall, suitable real estate and full competitor inventory before investment."
15,GROW-130,38,111277.7,82.82,76.69,24.979731,55.813057,,,8743ac488ffffff,8743ac488ffffff,Mirdif 35,44.856,100.0,0,70,MEDIUM,"Strongest signals: coverage gap and population; main constraint: market activity. Internal income, rent, footfall and customer-origin data are unavailable.",WorldPop Global2 R2025A v1; UAE constrained population count; 2025; approximately 100m; people per pixel,Observed Google Places competitors from the defined adaptive search; not an exhaustive UAE business census,Modelled 10-minute destination drive-time catchments using OpenRouteService and OpenStreetMap roads; not live traffic or observed customer origins,GROW,80.98,MEDIUM,"Population and accessibility opportunity signal only. Validate income, rent, footfall, suitable real estate and full competitor inventory before investment."
16,GROW-097,6,19499.19,82.17,77.18,23.841973,53.636321,,,8743a62c4ffffff,8743a62c4ffffff,Al Dhafra Branch,24.342,100.0,0,70,MEDIUM,"Strongest signals: coverage gap and population; main constraint: market activity. Internal income, rent, footfall and customer-origin data are unavailable.",WorldPop Global2 R2025A v1; UAE constrained population count; 2025; approximately 100m; people per pixel,Observed Google Places competitors from the defined adaptive search; not an exhaustive UAE business census,Modelled 10-minute destination drive-time catchments using OpenRouteService and OpenStreetMap roads; not live traffic or observed customer origins,GROW,80.67,MEDIUM,"Population and accessibility opportunity signal only. Validate income, rent, footfall, suitable real estate and full competitor inventory before investment."
17,GROW-030,50,135898.04,82.49,76.05,24.946241,55.440771,,,8743a12c8ffffff,8743a12c8ffffff,Nad Al Sheba,25.356,100.0,0,70,MEDIUM,"Strongest signals: coverage gap and population; main constraint: market activity. Internal income, rent, footfall and customer-origin data are unavailable.",WorldPop Global2 R2025A v1; UAE constrained population count; 2025; approximately 100m; people per pixel,Observed Google Places competitors from the defined adaptive search; not an exhaustive UAE business census,Modelled 10-minute destination drive-time catchments using OpenRouteService and OpenStreetMap roads; not live traffic or observed customer origins,GROW,80.56,MEDIUM,"Population and accessibility opportunity signal only. Validate income, rent, footfall, suitable real estate and full competitor inventory before investment."
18,GROW-031,8,36645.22,81.78,77.6,25.11765,55.139578,,,8743a1328ffffff,8743a1328ffffff,Al Barsha,7.794,100.0,0,70,MEDIUM,"Strongest signals: coverage gap and population; main constraint: market activity. Internal income, rent, footfall and customer-origin data are unavailable.",WorldPop Global2 R2025A v1; UAE constrained population count; 2025; approximately 100m; people per pixel,Observed Google Places competitors from the defined adaptive search; not an exhaustive UAE business census,Modelled 10-minute destination drive-time catchments using OpenRouteService and OpenStreetMap roads; not live traffic or observed customer origins,GROW,80.53,MEDIUM,"Population and accessibility opportunity signal only. Validate income, rent, footfall, suitable real estate and full competitor inventory before investment."
19,GROW-101,7,22769.53,81.64,77.42,23.862777,52.80606,,,8743a6892ffffff,8743a6892ffffff,Al Dhafra Branch,94.551,100.0,0,70,MEDIUM,"Strongest signals: coverage gap and population; main constraint: market activity. Internal income, rent, footfall and customer-origin data are unavailable.",WorldPop Global2 R2025A v1; UAE constrained population count; 2025; approximately 100m; people per pixel,Observed Google Places competitors from the defined adaptive search; not an exhaustive UAE business census,Modelled 10-minute destination drive-time catchments using OpenRouteService and OpenStreetMap roads; not live traffic or observed customer origins,GROW,80.37,MEDIUM,"Population and accessibility opportunity signal only. Validate income, rent, footfall, suitable real estate and full competitor inventory before investment."
20,GROW-093,4,13338.2,81.22,77.7,24.881114,53.073325,,,8743a406bffffff,8743a406bffffff,Khaleej Al Arabi,138.502,100.0,0,70,MEDIUM,"Strongest signals: coverage gap and population; main constraint: market activity. Internal income, rent, footfall and customer-origin data are unavailable.",WorldPop Global2 R2025A v1; UAE constrained population count; 2025; approximately 100m; people per pixel,Observed Google Places competitors from the defined adaptive search; not an exhaustive UAE business census,Modelled 10-minute destination drive-time catchments using OpenRouteService and OpenStreetMap roads; not live traffic or observed customer origins,GROW,80.16,MEDIUM,"Population and accessibility opportunity signal only. Validate income, rent, footfall, suitable real estate and full competitor inventory before investment."
21,GROW-029,100,245795.37,82.07,75.58,24.623123,54.775254,,,8743a1546ffffff,8743a1546ffffff,Shahama,18.831,100.0,0,70,MEDIUM,"Strongest signals: coverage gap and population; main constraint: market activity. Internal income, rent, footfall and customer-origin data are unavailable.",WorldPop Global2 R2025A v1; UAE constrained population count; 2025; approximately 100m; people per pixel,Observed Google Places competitors from the defined adaptive search; not an exhaustive UAE business census,Modelled 10-minute destination drive-time catchments using OpenRouteService and OpenStreetMap roads; not live traffic or observed customer origins,GROW,80.12,MEDIUM,"Population and accessibility opportunity signal only. Validate income, rent, footfall, suitable real estate and full competitor inventory before investment."
22,GROW-125,8,21823.05,81.07,76.94,25.522636,56.349574,,,8743ac2c5ffffff,8743ac2c5ffffff,Al Taif Mall,45.912,100.0,0,70,MEDIUM,"Strongest signals: coverage gap and population; main constraint: market activity. Internal income, rent, footfall and customer-origin data are unavailable.",WorldPop Global2 R2025A v1; UAE constrained population count; 2025; approximately 100m; people per pixel,Observed Google Places competitors from the defined adaptive search; not an exhaustive UAE business census,Modelled 10-minute destination drive-time catchments using OpenRouteService and OpenStreetMap roads; not live traffic or observed customer origins,GROW,79.83,MEDIUM,"Population and accessibility opportunity signal only. Validate income, rent, footfall, suitable real estate and full competitor inventory before investment."
23,GROW-170,10,20203.86,81.46,74.68,24.064084,51.759629,,,87534d50dffffff,87534d50dffffff,Al Dhafra Branch,205.012,100.0,0,70,MEDIUM,"Strongest signals: coverage gap and population; main constraint: market activity. Internal income, rent, footfall and customer-origin data are unavailable.",WorldPop Global2 R2025A v1; UAE constrained population count; 2025; approximately 100m; people per pixel,Observed Google Places competitors from the defined adaptive search; not an exhaustive UAE business census,Modelled 10-minute destination drive-time catchments using OpenRouteService and OpenStreetMap roads; not live traffic or observed customer origins,GROW,79.43,MEDIUM,"Population and accessibility opportunity signal only. Validate income, rent, footfall, suitable real estate and full competitor inventory before investment."
24,GROW-081,27,55020.11,81.36,74.45,24.223111,54.628347,,,8743a3919ffffff,8743a3919ffffff,Baniyas,8.404,100.0,0,70,MEDIUM,"Strongest signals: coverage gap and population; main constraint: market activity. Internal income, rent, footfall and customer-origin data are unavailable.",WorldPop Global2 R2025A v1; UAE constrained population count; 2025; approximately 100m; people per pixel,Observed Google Places competitors from the defined adaptive search; not an exhaustive UAE business census,Modelled 10-minute destination drive-time catchments using OpenRouteService and OpenStreetMap roads; not live traffic or observed customer origins,GROW,79.29,MEDIUM,"Population and accessibility opportunity signal only. Validate income, rent, footfall, suitable real estate and full competitor inventory before investment."
25,GROW-044,13,24782.07,81.08,74.65,24.474978,55.331426,,,8743aed22ffffff,8743aed22ffffff,Al Ain,41.524,100.0,0,70,MEDIUM,"Strongest signals: coverage gap and population; main constraint: market activity. Internal income, rent, footfall and customer-origin data are unavailable.",WorldPop Global2 R2025A v1; UAE constrained population count; 2025; approximately 100m; people per pixel,Observed Google Places competitors from the defined adaptive search; not an exhaustive UAE business census,Modelled 10-minute destination drive-time catchments using OpenRouteService and OpenStreetMap roads; not live traffic or observed customer origins,GROW,79.15,MEDIUM,"Population and accessibility opportunity signal only. Validate income, rent, footfall, suitable real estate and full competitor inventory before investment."
26,GROW-144,12,24295.08,80.9,74.9,24.58502,55.749466,,,8743ae125ffffff,8743ae125ffffff,Al Ain,42.392,100.0,0,70,MEDIUM,"Strongest signals: coverage gap and population; main constraint: market activity. Internal income, rent, footfall and customer-origin data are unavailable.",WorldPop Global2 R2025A v1; UAE constrained population count; 2025; approximately 100m; people per pixel,Observed Google Places competitors from the defined adaptive search; not an exhaustive UAE business census,Modelled 10-minute destination drive-time catchments using OpenRouteService and OpenStreetMap roads; not live traffic or observed customer origins,GROW,79.1,MEDIUM,"Population and accessibility opportunity signal only. Validate income, rent, footfall, suitable real estate and full competitor inventory before investment."
27,GROW-171,6,15493.03,80.12,76.0,24.486347,52.316143,,,87534d86affffff,87534d86affffff,Al Dhafra Branch,171.552,100.0,0,70,MEDIUM,"Strongest signals: coverage gap and population; main constraint: market activity. Internal income, rent, footfall and customer-origin data are unavailable.",WorldPop Global2 R2025A v1; UAE constrained population count; 2025; approximately 100m; people per pixel,Observed Google Places competitors from the defined adaptive search; not an exhaustive UAE business census,Modelled 10-minute destination drive-time catchments using OpenRouteService and OpenStreetMap roads; not live traffic or observed customer origins,GROW,78.88,MEDIUM,"Population and accessibility opportunity signal only. Validate income, rent, footfall, suitable real estate and full competitor inventory before investment."
28,GROW-124,5,11440.71,80.18,75.82,25.399116,56.162957,,,8743ac2b2ffffff,8743ac2b2ffffff,Al Taif Mall,34.738,100.0,0,70,MEDIUM,"Strongest signals: coverage gap and population; main constraint: market activity. Internal income, rent, footfall and customer-origin data are unavailable.",WorldPop Global2 R2025A v1; UAE constrained population count; 2025; approximately 100m; people per pixel,Observed Google Places competitors from the defined adaptive search; not an exhaustive UAE business census,Modelled 10-minute destination drive-time catchments using OpenRouteService and OpenStreetMap roads; not live traffic or observed customer origins,GROW,78.87,MEDIUM,"Population and accessibility opportunity signal only. Validate income, rent, footfall, suitable real estate and full competitor inventory before investment."
29,GROW-016,10,22317.87,80.13,75.5,24.078417,53.478575,,,8743a636dffffff,8743a636dffffff,Al Dhafra Branch,56.908,100.0,0,70,MEDIUM,"Strongest signals: coverage gap and population; main constraint: market activity. Internal income, rent, footfall and customer-origin data are unavailable.",WorldPop Global2 R2025A v1; UAE constrained population count; 2025; approximately 100m; people per pixel,Observed Google Places competitors from the defined adaptive search; not an exhaustive UAE business census,Modelled 10-minute destination drive-time catchments using OpenRouteService and OpenStreetMap roads; not live traffic or observed customer origins,GROW,78.74,MEDIUM,"Population and accessibility opportunity signal only. Validate income, rent, footfall, suitable real estate and full competitor inventory before investment."
30,GROW-114,6,12607.41,79.94,75.69,24.959266,56.20753,,,8743aea4cffffff,8743aea4cffffff,Al Taif Mall,23.208,100.0,0,70,MEDIUM,"Strongest signals: coverage gap and population; main constraint: market activity. Internal income, rent, footfall and customer-origin data are unavailable.",WorldPop Global2 R2025A v1; UAE constrained population count; 2025; approximately 100m; people per pixel,Observed Google Places competitors from the defined adaptive search; not an exhaustive UAE business census,Modelled 10-minute destination drive-time catchments using OpenRouteService and OpenStreetMap roads; not live traffic or observed customer origins,GROW,78.66,MEDIUM,"Population and accessibility opportunity signal only. Validate income, rent, footfall, suitable real estate and full competitor inventory before investment."
31,GROW-082,14,23785.89,80.49,73.98,24.20124,54.862007,,,8743a38edffffff,8743a38edffffff,Baniyas,27.629,100.0,0,70,MEDIUM,"Strongest signals: coverage gap and population; main constraint: market activity. Internal income, rent, footfall and customer-origin data are unavailable.",WorldPop Global2 R2025A v1; UAE constrained population count; 2025; approximately 100m; people per pixel,Observed Google Places competitors from the defined adaptive search; not an exhaustive UAE business census,Modelled 10-minute destination drive-time catchments using OpenRouteService and OpenStreetMap roads; not live traffic or observed customer origins,GROW,78.54,MEDIUM,"Population and accessibility opportunity signal only. Validate income, rent, footfall, suitable real estate and full competitor inventory before investment."
32,GROW-088,20,41183.92,79.87,75.22,24.184137,55.050806,,,8743a3b82ffffff,8743a3b82ffffff,Al Falah,39.341,100.0,0,70,MEDIUM,"Strongest signals: coverage gap and population; main constraint: market activity. Internal income, rent, footfall and customer-origin data are unavailable.",WorldPop Global2 R2025A v1; UAE constrained population count; 2025; approximately 100m; people per pixel,Observed Google Places competitors from the defined adaptive search; not an exhaustive UAE business census,Modelled 10-minute destination drive-time catchments using OpenRouteService and OpenStreetMap roads; not live traffic or observed customer origins,GROW,78.47,MEDIUM,"Population and accessibility opportunity signal only. Validate income, rent, footfall, suitable real estate and full competitor inventory before investment."
33,GROW-012,4,10042.44,78.77,77.07,23.914231,53.712246,,,8743a625bffffff,8743a625bffffff,Al Dhafra Branch,32.856,100.0,0,70,MEDIUM,"Strongest signals: coverage gap and population; main constraint: market activity. Internal income, rent, footfall and customer-origin data are unavailable.",WorldPop Global2 R2025A v1; UAE constrained population count; 2025; approximately 100m; people per pixel,Observed Google Places competitors from the defined adaptive search; not an exhaustive UAE business census,Modelled 10-minute destination drive-time catchments using OpenRouteService and OpenStreetMap roads; not live traffic or observed customer origins,GROW,78.26,MEDIUM,"Population and accessibility opportunity signal only. Validate income, rent, footfall, suitable real estate and full competitor inventory before investment."
34,GROW-146,6,13617.26,79.49,75.27,24.707858,55.620292,,,8743ae802ffffff,8743ae802ffffff,Nad Al Sheba,54.584,100.0,0,70,MEDIUM,"Strongest signals: coverage gap and population; main constraint: market activity. Internal income, rent, footfall and customer-origin data are unavailable.",WorldPop Global2 R2025A v1; UAE constrained population count; 2025; approximately 100m; people per pixel,Observed Google Places competitors from the defined adaptive search; not an exhaustive UAE business census,Modelled 10-minute destination drive-time catchments using OpenRouteService and OpenStreetMap roads; not live traffic or observed customer origins,GROW,78.22,MEDIUM,"Population and accessibility opportunity signal only. Validate income, rent, footfall, suitable real estate and full competitor inventory before investment."
35,GROW-018,3,7470.58,78.81,76.56,24.112645,53.440626,,,8743a0d90ffffff,8743a0d90ffffff,Al Dhafra Branch,60.462,100.0,0,70,MEDIUM,"Strongest signals: coverage gap and population; main constraint: market activity. Internal income, rent, footfall and customer-origin data are unavailable.",WorldPop Global2 R2025A v1; UAE constrained population count; 2025; approximately 100m; people per pixel,Observed Google Places competitors from the defined adaptive search; not an exhaustive UAE business census,Modelled 10-minute destination drive-time catchments using OpenRouteService and OpenStreetMap roads; not live traffic or observed customer origins,GROW,78.14,MEDIUM,"Population and accessibility opportunity signal only. Validate income, rent, footfall, suitable real estate and full competitor inventory before investment."
36,GROW-096,5,9233.59,79.7,74.33,23.736572,53.515193,,,8743a6286ffffff,8743a6286ffffff,Al Dhafra Branch,22.541,100.0,0,70,MEDIUM,"Strongest signals: coverage gap and population; main constraint: market activity. Internal income, rent, footfall and customer-origin data are unavailable.",WorldPop Global2 R2025A v1; UAE constrained population count; 2025; approximately 100m; people per pixel,Observed Google Places competitors from the defined adaptive search; not an exhaustive UAE business census,Modelled 10-minute destination drive-time catchments using OpenRouteService and OpenStreetMap roads; not live traffic or observed customer origins,GROW,78.09,MEDIUM,"Population and accessibility opportunity signal only. Validate income, rent, footfall, suitable real estate and full competitor inventory before investment."
37,GROW-149,20,32979.69,79.69,74.12,24.527561,55.574172,,,8743aed46ffffff,8743aed46ffffff,Al Ain,35.891,100.0,0,70,MEDIUM,"Strongest signals: coverage gap and population; main constraint: market activity. Internal income, rent, footfall and customer-origin data are unavailable.",WorldPop Global2 R2025A v1; UAE constrained population count; 2025; approximately 100m; people per pixel,Observed Google Places competitors from the defined adaptive search; not an exhaustive UAE business census,Modelled 10-minute destination drive-time catchments using OpenRouteService and OpenStreetMap roads; not live traffic or observed customer origins,GROW,78.02,MEDIUM,"Population and accessibility opportunity signal only. Validate income, rent, footfall, suitable real estate and full competitor inventory before investment."
38,GROW-010,1,2968.65,78.01,78.01,24.005785,53.733628,,,8743a0514ffffff,8743a0514ffffff,Al Dhafra Branch,42.049,100.0,0,70,MEDIUM,"Strongest signals: coverage gap and population; main constraint: market activity. Internal income, rent, footfall and customer-origin data are unavailable.",WorldPop Global2 R2025A v1; UAE constrained population count; 2025; approximately 100m; people per pixel,Observed Google Places competitors from the defined adaptive search; not an exhaustive UAE business census,Modelled 10-minute destination drive-time catchments using OpenRouteService and OpenStreetMap roads; not live traffic or observed customer origins,GROW,78.01,MEDIUM,"Population and accessibility opportunity signal only. Validate income, rent, footfall, suitable real estate and full competitor inventory before investment."
39,GROW-151,8,16021.09,79.08,75.38,24.846521,55.568355,,,8743ae973ffffff,8743ae973ffffff,Nad Al Sheba,37.824,100.0,0,70,MEDIUM,"Strongest signals: coverage gap and population; main constraint: market activity. Internal income, rent, footfall and customer-origin data are unavailable.",WorldPop Global2 R2025A v1; UAE constrained population count; 2025; approximately 100m; people per pixel,Observed Google Places competitors from the defined adaptive search; not an exhaustive UAE business census,Modelled 10-minute destination drive-time catchments using OpenRouteService and OpenStreetMap roads; not live traffic or observed customer origins,GROW,77.97,MEDIUM,"Population and accessibility opportunity signal only. Validate income, rent, footfall, suitable real estate and full competitor inventory before investment."
40,GROW-115,7,13169.66,79.27,74.85,25.546891,55.691535,,,8743ac108ffffff,8743ac108ffffff,Ras Al Khaimah,32.591,100.0,0,70,MEDIUM,"Strongest signals: coverage gap and population; main constraint: market activity. Internal income, rent, footfall and customer-origin data are unavailable.",WorldPop Global2 R2025A v1; UAE constrained population count; 2025; approximately 100m; people per pixel,Observed Google Places competitors from the defined adaptive search; not an exhaustive UAE business census,Modelled 10-minute destination drive-time catchments using OpenRouteService and OpenStreetMap roads; not live traffic or observed customer origins,GROW,77.94,MEDIUM,"Population and accessibility opportunity signal only. Validate income, rent, footfall, suitable real estate and full competitor inventory before investment."
41,GROW-118,12,21079.17,79.38,74.53,25.298362,55.755205,,,8743ac090ffffff,8743ac090ffffff,Al Jada,31.599,100.0,0,70,MEDIUM,"Strongest signals: coverage gap and population; main constraint: market activity. Internal income, rent, footfall and customer-origin data are unavailable.",WorldPop Global2 R2025A v1; UAE constrained population count; 2025; approximately 100m; people per pixel,Observed Google Places competitors from the defined adaptive search; not an exhaustive UAE business census,Modelled 10-minute destination drive-time catchments using OpenRouteService and OpenStreetMap roads; not live traffic or observed customer origins,GROW,77.92,MEDIUM,"Population and accessibility opportunity signal only. Validate income, rent, footfall, suitable real estate and full competitor inventory before investment."
42,GROW-147,11,17727.84,79.79,73.5,24.769525,55.786656,,,8743ae8e8ffffff,8743ae8e8ffffff,Al Ain,57.904,100.0,0,70,MEDIUM,"Strongest signals: coverage gap and population; main constraint: market activity. Internal income, rent, footfall and customer-origin data are unavailable.",WorldPop Global2 R2025A v1; UAE constrained population count; 2025; approximately 100m; people per pixel,Observed Google Places competitors from the defined adaptive search; not an exhaustive UAE business census,Modelled 10-minute destination drive-time catchments using OpenRouteService and OpenStreetMap roads; not live traffic or observed customer origins,GROW,77.9,MEDIUM,"Population and accessibility opportunity signal only. Validate income, rent, footfall, suitable real estate and full competitor inventory before investment."
43,GROW-063,5,10825.3,79.63,73.76,23.65564,53.634728,,,8743a664dffffff,8743a664dffffff,Al Dhafra Branch,9.018,100.0,0,70,MEDIUM,"Strongest signals: coverage gap and population; main constraint: market activity. Internal income, rent, footfall and customer-origin data are unavailable.",WorldPop Global2 R2025A v1; UAE constrained population count; 2025; approximately 100m; people per pixel,Observed Google Places competitors from the defined adaptive search; not an exhaustive UAE business census,Modelled 10-minute destination drive-time catchments using OpenRouteService and OpenStreetMap roads; not live traffic or observed customer origins,GROW,77.87,MEDIUM,"Population and accessibility opportunity signal only. Validate income, rent, footfall, suitable real estate and full competitor inventory before investment."
44,GROW-001,7,15948.39,78.7,75.87,23.415657,55.418994,,,874384a6effffff,874384a6effffff,Al Ain,92.109,100.0,0,70,MEDIUM,"Strongest signals: coverage gap and population; main constraint: market activity. Internal income, rent, footfall and customer-origin data are unavailable.",WorldPop Global2 R2025A v1; UAE constrained population count; 2025; approximately 100m; people per pixel,Observed Google Places competitors from the defined adaptive search; not an exhaustive UAE business census,Modelled 10-minute destination drive-time catchments using OpenRouteService and OpenStreetMap roads; not live traffic or observed customer origins,GROW,77.85,MEDIUM,"Population and accessibility opportunity signal only. Validate income, rent, footfall, suitable real estate and full competitor inventory before investment."
45,GROW-048,3,6322.42,78.57,75.87,24.81789,55.237103,,,8743a174dffffff,8743a174dffffff,Jumeirah Park,25.078,100.0,0,70,MEDIUM,"Strongest signals: coverage gap and population; main constraint: market activity. Internal income, rent, footfall and customer-origin data are unavailable.",WorldPop Global2 R2025A v1; UAE constrained population count; 2025; approximately 100m; people per pixel,Observed Google Places competitors from the defined adaptive search; not an exhaustive UAE business census,Modelled 10-minute destination drive-time catchments using OpenRouteService and OpenStreetMap roads; not live traffic or observed customer origins,GROW,77.76,MEDIUM,"Population and accessibility opportunity signal only. Validate income, rent, footfall, suitable real estate and full competitor inventory before investment."
46,GROW-138,1,3635.5,77.68,77.68,25.154136,56.247141,,,8743ac6c4ffffff,8743ac6c4ffffff,Al Taif Mall,8.728,95.64,0,70,MEDIUM,"Strongest signals: coverage gap and population; main constraint: market activity. Internal income, rent, footfall and customer-origin data are unavailable.",WorldPop Global2 R2025A v1; UAE constrained population count; 2025; approximately 100m; people per pixel,Observed Google Places competitors from the defined adaptive search; not an exhaustive UAE business census,Modelled 10-minute destination drive-time catchments using OpenRouteService and OpenStreetMap roads; not live traffic or observed customer origins,GROW,77.68,MEDIUM,"Population and accessibility opportunity signal only. Validate income, rent, footfall, suitable real estate and full competitor inventory before investment."
47,GROW-103,4,9768.03,77.76,77.12,24.167183,52.582448,,,87534da5bffffff,87534da5bffffff,Al Dhafra Branch,128.208,100.0,0,70,MEDIUM,"Strongest signals: coverage gap and population; main constraint: market activity. Internal income, rent, footfall and customer-origin data are unavailable.",WorldPop Global2 R2025A v1; UAE constrained population count; 2025; approximately 100m; people per pixel,Observed Google Places competitors from the defined adaptive search; not an exhaustive UAE business census,Modelled 10-minute destination drive-time catchments using OpenRouteService and OpenStreetMap roads; not live traffic or observed customer origins,GROW,77.57,MEDIUM,"Population and accessibility opportunity signal only. Validate income, rent, footfall, suitable real estate and full competitor inventory before investment."
48,GROW-037,3,6569.37,78.03,76.45,24.456963,54.840293,,,8743a14a8ffffff,8743a14a8ffffff,Al Falah,9.711,100.0,0,70,MEDIUM,"Strongest signals: coverage gap and population; main constraint: market activity. Internal income, rent, footfall and customer-origin data are unavailable.",WorldPop Global2 R2025A v1; UAE constrained population count; 2025; approximately 100m; people per pixel,Observed Google Places competitors from the defined adaptive search; not an exhaustive UAE business census,Modelled 10-minute destination drive-time catchments using OpenRouteService and OpenStreetMap roads; not live traffic or observed customer origins,GROW,77.56,MEDIUM,"Population and accessibility opportunity signal only. Validate income, rent, footfall, suitable real estate and full competitor inventory before investment."
49,GROW-058,40,58735.95,78.78,73.98,23.145769,53.8051,,,8743a2c86ffffff,8743a2c86ffffff,Al Dhafra Branch,56.045,100.0,0,70,MEDIUM,"Strongest signals: coverage gap and population; main constraint: market activity. Internal income, rent, footfall and customer-origin data are unavailable.",WorldPop Global2 R2025A v1; UAE constrained population count; 2025; approximately 100m; people per pixel,Observed Google Places competitors from the defined adaptive search; not an exhaustive UAE business census,Modelled 10-minute destination drive-time catchments using OpenRouteService and OpenStreetMap roads; not live traffic or observed customer origins,GROW,77.34,MEDIUM,"Population and accessibility opportunity signal only. Validate income, rent, footfall, suitable real estate and full competitor inventory before investment."
50,GROW-034,2,18818.78,78.06,75.55,25.166809,55.207829,Yinyang Connection Spa,Shop No 8 & 9 Al Ferdous 4 - Al Wasl Rd - Al Safa First - Dubai,8743a1362ffffff,8743a1362ffffff,City Walk,6.242,80.72,29,70,MEDIUM,"Strongest signals: market activity and population; main constraint: competition headroom. Internal income, rent, footfall and customer-origin data are unavailable.",WorldPop Global2 R2025A v1; UAE constrained population count; 2025; approximately 100m; people per pixel,Observed Google Places competitors from the defined adaptive search; not an exhaustive UAE business census,Modelled 10-minute destination drive-time catchments using OpenRouteService and OpenStreetMap roads; not live traffic or observed customer origins,GROW,77.31,MEDIUM,"Population and accessibility opportunity signal only. Validate income, rent, footfall, suitable real estate and full competitor inventory before investment."
51,GROW-132,3,5665.17,78.22,74.89,25.210831,55.735334,,,8743ac55bffffff,8743ac55bffffff,Al Jada,29.297,100.0,0,70,MEDIUM,"Strongest signals: coverage gap and population; main constraint: market activity. Internal income, rent, footfall and customer-origin data are unavailable.",WorldPop Global2 R2025A v1; UAE constrained population count; 2025; approximately 100m; people per pixel,Observed Google Places competitors from the defined adaptive search; not an exhaustive UAE business census,Modelled 10-minute destination drive-time catchments using OpenRouteService and OpenStreetMap roads; not live traffic or observed customer origins,GROW,77.22,MEDIUM,"Population and accessibility opportunity signal only. Validate income, rent, footfall, suitable real estate and full competitor inventory before investment."
52,GROW-071,1,2292.3,76.93,76.93,24.112893,55.607304,,,8743a3241ffffff,8743a3241ffffff,Al Ain,13.735,100.0,0,70,MEDIUM,"Strongest signals: coverage gap and population; main constraint: market activity. Internal income, rent, footfall and customer-origin data are unavailable.",WorldPop Global2 R2025A v1; UAE constrained population count; 2025; approximately 100m; people per pixel,Observed Google Places competitors from the defined adaptive search; not an exhaustive UAE business census,Modelled 10-minute destination drive-time catchments using OpenRouteService and OpenStreetMap roads; not live traffic or observed customer origins,GROW,76.93,MEDIUM,"Population and accessibility opportunity signal only. Validate income, rent, footfall, suitable real estate and full competitor inventory before investment."
53,GROW-032,1,20639.34,76.71,76.71,25.074443,55.16871,Naumi Hotel Dubai,Al Khareef 1st Street - شارع الشيخ زايد - الثنيه الأولى - Barsha Heights - دبي,8743a130effffff,8743a130effffff,Jumeirah Park,3.934,74.16,48,70,MEDIUM,"Strongest signals: market activity and population; main constraint: competition headroom. Internal income, rent, footfall and customer-origin data are unavailable.",WorldPop Global2 R2025A v1; UAE constrained population count; 2025; approximately 100m; people per pixel,Observed Google Places competitors from the defined adaptive search; not an exhaustive UAE business census,Modelled 10-minute destination drive-time catchments using OpenRouteService and OpenStreetMap roads; not live traffic or observed customer origins,GROW,76.71,MEDIUM,"Population and accessibility opportunity signal only. Validate income, rent, footfall, suitable real estate and full competitor inventory before investment."
54,GROW-014,1,2194.75,76.69,76.69,24.156686,54.426651,,,8743a0646ffffff,8743a0646ffffff,Mohammed Bin Zayed City,26.05,100.0,0,70,MEDIUM,"Strongest signals: coverage gap and population; main constraint: market activity. Internal income, rent, footfall and customer-origin data are unavailable.",WorldPop Global2 R2025A v1; UAE constrained population count; 2025; approximately 100m; people per pixel,Observed Google Places competitors from the defined adaptive search; not an exhaustive UAE business census,Modelled 10-minute destination drive-time catchments using OpenRouteService and OpenStreetMap roads; not live traffic or observed customer origins,GROW,76.69,MEDIUM,"Population and accessibility opportunity signal only. Validate income, rent, footfall, suitable real estate and full competitor inventory before investment."
55,GROW-154,3,5393.53,77.23,75.41,24.942412,56.15889,,,8743aea45ffffff,8743aea45ffffff,Al Taif Mall,25.892,100.0,0,70,MEDIUM,"Strongest signals: coverage gap and population; main constraint: market activity. Internal income, rent, footfall and customer-origin data are unavailable.",WorldPop Global2 R2025A v1; UAE constrained population count; 2025; approximately 100m; people per pixel,Observed Google Places competitors from the defined adaptive search; not an exhaustive UAE business census,Modelled 10-minute destination drive-time catchments using OpenRouteService and OpenStreetMap roads; not live traffic or observed customer origins,GROW,76.68,MEDIUM,"Population and accessibility opportunity signal only. Validate income, rent, footfall, suitable real estate and full competitor inventory before investment."
56,GROW-104,1,2192.7,76.68,76.68,24.172032,52.639428,,,8743a692dffffff,8743a692dffffff,Al Dhafra Branch,124.879,100.0,0,70,MEDIUM,"Strongest signals: coverage gap and population; main constraint: market activity. Internal income, rent, footfall and customer-origin data are unavailable.",WorldPop Global2 R2025A v1; UAE constrained population count; 2025; approximately 100m; people per pixel,Observed Google Places competitors from the defined adaptive search; not an exhaustive UAE business census,Modelled 10-minute destination drive-time catchments using OpenRouteService and OpenStreetMap roads; not live traffic or observed customer origins,GROW,76.68,MEDIUM,"Population and accessibility opportunity signal only. Validate income, rent, footfall, suitable real estate and full competitor inventory before investment."
57,GROW-039,4,11887.45,77.26,75.18,24.439699,54.663981,Chiang Mai Traditional Thai Massage,Al Matar - Zayed International Airport - Abu Dhabi,8743a1590ffffff,8743a1590ffffff,Zayed International Airport,4.469,72.84,0,70,MEDIUM,"Strongest signals: market activity and population; main constraint: competition headroom. Internal income, rent, footfall and customer-origin data are unavailable.",WorldPop Global2 R2025A v1; UAE constrained population count; 2025; approximately 100m; people per pixel,Observed Google Places competitors from the defined adaptive search; not an exhaustive UAE business census,Modelled 10-minute destination drive-time catchments using OpenRouteService and OpenStreetMap roads; not live traffic or observed customer origins,GROW,76.64,MEDIUM,"Population and accessibility opportunity signal only. Validate income, rent, footfall, suitable real estate and full competitor inventory before investment."
58,GROW-098,2,3890.88,76.89,76.0,23.547919,53.302596,,,8743a6711ffffff,8743a6711ffffff,Al Dhafra Branch,42.04,100.0,0,70,MEDIUM,"Strongest signals: coverage gap and population; main constraint: market activity. Internal income, rent, footfall and customer-origin data are unavailable.",WorldPop Global2 R2025A v1; UAE constrained population count; 2025; approximately 100m; people per pixel,Observed Google Places competitors from the defined adaptive search; not an exhaustive UAE business census,Modelled 10-minute destination drive-time catchments using OpenRouteService and OpenStreetMap roads; not live traffic or observed customer origins,GROW,76.62,MEDIUM,"Population and accessibility opportunity signal only. Validate income, rent, footfall, suitable real estate and full competitor inventory before investment."
59,GROW-140,1,2152.3,76.61,76.61,25.116096,55.964318,,,8743ac786ffffff,8743ac786ffffff,Al Taif Mall,36.352,100.0,0,70,MEDIUM,"Strongest signals: coverage gap and population; main constraint: market activity. Internal income, rent, footfall and customer-origin data are unavailable.",WorldPop Global2 R2025A v1; UAE constrained population count; 2025; approximately 100m; people per pixel,Observed Google Places competitors from the defined adaptive search; not an exhaustive UAE business census,Modelled 10-minute destination drive-time catchments using OpenRouteService and OpenStreetMap roads; not live traffic or observed customer origins,GROW,76.61,MEDIUM,"Population and accessibility opportunity signal only. Validate income, rent, footfall, suitable real estate and full competitor inventory before investment."
60,GROW-121,3,5067.76,77.37,74.77,25.55709,56.20549,,,8743ac202ffffff,8743ac202ffffff,Ras Al Khaimah,35.67,100.0,0,70,MEDIUM,"Strongest signals: coverage gap and population; main constraint: market activity. Internal income, rent, footfall and customer-origin data are unavailable.",WorldPop Global2 R2025A v1; UAE constrained population count; 2025; approximately 100m; people per pixel,Observed Google Places competitors from the defined adaptive search; not an exhaustive UAE business census,Modelled 10-minute destination drive-time catchments using OpenRouteService and OpenStreetMap roads; not live traffic or observed customer origins,GROW,76.59,MEDIUM,"Population and accessibility opportunity signal only. Validate income, rent, footfall, suitable real estate and full competitor inventory before investment."
61,GROW-079,7,9709.08,78.06,72.93,23.631344,55.552954,,,8743a36eaffffff,8743a36eaffffff,Al Ain,66.768,100.0,0,70,MEDIUM,"Strongest signals: coverage gap and population; main constraint: market activity. Internal income, rent, footfall and customer-origin data are unavailable.",WorldPop Global2 R2025A v1; UAE constrained population count; 2025; approximately 100m; people per pixel,Observed Google Places competitors from the defined adaptive search; not an exhaustive UAE business census,Modelled 10-minute destination drive-time catchments using OpenRouteService and OpenStreetMap roads; not live traffic or observed customer origins,GROW,76.52,MEDIUM,"Population and accessibility opportunity signal only. Validate income, rent, footfall, suitable real estate and full competitor inventory before investment."
62,GROW-123,3,5613.02,76.82,75.69,25.472331,56.186181,,,8743ac2a1ffffff,8743ac2a1ffffff,Ras Al Khaimah,40.591,100.0,0,70,MEDIUM,"Strongest signals: coverage gap and population; main constraint: market activity. Internal income, rent, footfall and customer-origin data are unavailable.",WorldPop Global2 R2025A v1; UAE constrained population count; 2025; approximately 100m; people per pixel,Observed Google Places competitors from the defined adaptive search; not an exhaustive UAE business census,Modelled 10-minute destination drive-time catchments using OpenRouteService and OpenStreetMap roads; not live traffic or observed customer origins,GROW,76.48,MEDIUM,"Population and accessibility opportunity signal only. Validate income, rent, footfall, suitable real estate and full competitor inventory before investment."
63,GROW-021,2,3430.4,77.17,74.56,24.864646,54.906307,,,8743a101effffff,8743a101effffff,Jumeirah Park,33.244,100.0,0,70,MEDIUM,"Strongest signals: coverage gap and population; main constraint: market activity. Internal income, rent, footfall and customer-origin data are unavailable.",WorldPop Global2 R2025A v1; UAE constrained population count; 2025; approximately 100m; people per pixel,Observed Google Places competitors from the defined adaptive search; not an exhaustive UAE business census,Modelled 10-minute destination drive-time catchments using OpenRouteService and OpenStreetMap roads; not live traffic or observed customer origins,GROW,76.39,MEDIUM,"Population and accessibility opportunity signal only. Validate income, rent, footfall, suitable real estate and full competitor inventory before investment."
64,GROW-141,1,2029.63,76.33,76.33,25.084264,55.949156,,,8743ac794ffffff,8743ac794ffffff,Al Taif Mall,38.091,100.0,0,70,MEDIUM,"Strongest signals: coverage gap and population; main constraint: market activity. Internal income, rent, footfall and customer-origin data are unavailable.",WorldPop Global2 R2025A v1; UAE constrained population count; 2025; approximately 100m; people per pixel,Observed Google Places competitors from the defined adaptive search; not an exhaustive UAE business census,Modelled 10-minute destination drive-time catchments using OpenRouteService and OpenStreetMap roads; not live traffic or observed customer origins,GROW,76.33,MEDIUM,"Population and accessibility opportunity signal only. Validate income, rent, footfall, suitable real estate and full competitor inventory before investment."
65,GROW-166,1,1976.05,76.17,76.17,24.134432,51.621471,,,87534c269ffffff,87534c269ffffff,Al Dhafra Branch,220.092,100.0,0,70,MEDIUM,"Strongest signals: coverage gap and population; main constraint: market activity. Internal income, rent, footfall and customer-origin data are unavailable.",WorldPop Global2 R2025A v1; UAE constrained population count; 2025; approximately 100m; people per pixel,Observed Google Places competitors from the defined adaptive search; not an exhaustive UAE business census,Modelled 10-minute destination drive-time catchments using OpenRouteService and OpenStreetMap roads; not live traffic or observed customer origins,GROW,76.17,MEDIUM,"Population and accessibility opportunity signal only. Validate income, rent, footfall, suitable real estate and full competitor inventory before investment."
66,GROW-169,3,5358.97,76.12,75.64,23.969773,52.241654,,,87534d3a2ffffff,87534d3a2ffffff,Al Dhafra Branch,153.192,100.0,0,70,MEDIUM,"Strongest signals: coverage gap and population; main constraint: market activity. Internal income, rent, footfall and customer-origin data are unavailable.",WorldPop Global2 R2025A v1; UAE constrained population count; 2025; approximately 100m; people per pixel,Observed Google Places competitors from the defined adaptive search; not an exhaustive UAE business census,Modelled 10-minute destination drive-time catchments using OpenRouteService and OpenStreetMap roads; not live traffic or observed customer origins,GROW,75.98,MEDIUM,"Population and accessibility opportunity signal only. Validate income, rent, footfall, suitable real estate and full competitor inventory before investment."
67,GROW-013,1,1897.13,75.97,75.97,24.068546,54.323054,,,8743a0602ffffff,8743a0602ffffff,Mohammed Bin Zayed City,39.816,100.0,0,70,MEDIUM,"Strongest signals: coverage gap and population; main constraint: market activity. Internal income, rent, footfall and customer-origin data are unavailable.",WorldPop Global2 R2025A v1; UAE constrained population count; 2025; approximately 100m; people per pixel,Observed Google Places competitors from the defined adaptive search; not an exhaustive UAE business census,Modelled 10-minute destination drive-time catchments using OpenRouteService and OpenStreetMap roads; not live traffic or observed customer origins,GROW,75.97,MEDIUM,"Population and accessibility opportunity signal only. Validate income, rent, footfall, suitable real estate and full competitor inventory before investment."
68,GROW-100,1,1877.6,75.93,75.93,24.087022,52.957127,,,8743a6858ffffff,8743a6858ffffff,Al Dhafra Branch,92.361,100.0,0,70,MEDIUM,"Strongest signals: coverage gap and population; main constraint: market activity. Internal income, rent, footfall and customer-origin data are unavailable.",WorldPop Global2 R2025A v1; UAE constrained population count; 2025; approximately 100m; people per pixel,Observed Google Places competitors from the defined adaptive search; not an exhaustive UAE business census,Modelled 10-minute destination drive-time catchments using OpenRouteService and OpenStreetMap roads; not live traffic or observed customer origins,GROW,75.93,MEDIUM,"Population and accessibility opportunity signal only. Validate income, rent, footfall, suitable real estate and full competitor inventory before investment."
69,GROW-110,2,2993.55,76.77,73.39,23.788034,52.574743,,,8743a6d2cffffff,8743a6d2cffffff,Al Dhafra Branch,117.689,100.0,0,70,MEDIUM,"Strongest signals: coverage gap and population; main constraint: market activity. Internal income, rent, footfall and customer-origin data are unavailable.",WorldPop Global2 R2025A v1; UAE constrained population count; 2025; approximately 100m; people per pixel,Observed Google Places competitors from the defined adaptive search; not an exhaustive UAE business census,Modelled 10-minute destination drive-time catchments using OpenRouteService and OpenStreetMap roads; not live traffic or observed customer origins,GROW,75.76,MEDIUM,"Population and accessibility opportunity signal only. Validate income, rent, footfall, suitable real estate and full competitor inventory before investment."
70,GROW-155,1,1819.63,75.76,75.76,24.881913,56.169102,,,8743aea51ffffff,8743aea51ffffff,Al Taif Mall,30.828,100.0,0,70,MEDIUM,"Strongest signals: coverage gap and population; main constraint: market activity. Internal income, rent, footfall and customer-origin data are unavailable.",WorldPop Global2 R2025A v1; UAE constrained population count; 2025; approximately 100m; people per pixel,Observed Google Places competitors from the defined adaptive search; not an exhaustive UAE business census,Modelled 10-minute destination drive-time catchments using OpenRouteService and OpenStreetMap roads; not live traffic or observed customer origins,GROW,75.76,MEDIUM,"Population and accessibility opportunity signal only. Validate income, rent, footfall, suitable real estate and full competitor inventory before investment."
71,GROW-060,2,3006.43,76.66,73.61,23.647005,53.812315,,,8743a2822ffffff,8743a2822ffffff,Al Dhafra Branch,9.692,100.0,0,70,MEDIUM,"Strongest signals: coverage gap and population; main constraint: market activity. Internal income, rent, footfall and customer-origin data are unavailable.",WorldPop Global2 R2025A v1; UAE constrained population count; 2025; approximately 100m; people per pixel,Observed Google Places competitors from the defined adaptive search; not an exhaustive UAE business census,Modelled 10-minute destination drive-time catchments using OpenRouteService and OpenStreetMap roads; not live traffic or observed customer origins,GROW,75.74,MEDIUM,"Population and accessibility opportunity signal only. Validate income, rent, footfall, suitable real estate and full competitor inventory before investment."
72,GROW-017,1,1790.16,75.69,75.69,24.190571,53.776074,,,8743a0cceffffff,8743a0cceffffff,Al Dhafra Branch,62.866,100.0,0,70,MEDIUM,"Strongest signals: coverage gap and population; main constraint: market activity. Internal income, rent, footfall and customer-origin data are unavailable.",WorldPop Global2 R2025A v1; UAE constrained population count; 2025; approximately 100m; people per pixel,Observed Google Places competitors from the defined adaptive search; not an exhaustive UAE business census,Modelled 10-minute destination drive-time catchments using OpenRouteService and OpenStreetMap roads; not live traffic or observed customer origins,GROW,75.69,MEDIUM,"Population and accessibility opportunity signal only. Validate income, rent, footfall, suitable real estate and full competitor inventory before investment."
73,GROW-085,5,6365.2,76.51,73.05,24.313386,54.877463,,,8743a386bffffff,8743a386bffffff,Al Falah,20.701,100.0,0,70,MEDIUM,"Strongest signals: coverage gap and population; main constraint: market activity. Internal income, rent, footfall and customer-origin data are unavailable.",WorldPop Global2 R2025A v1; UAE constrained population count; 2025; approximately 100m; people per pixel,Observed Google Places competitors from the defined adaptive search; not an exhaustive UAE business census,Modelled 10-minute destination drive-time catchments using OpenRouteService and OpenStreetMap roads; not live traffic or observed customer origins,GROW,75.47,MEDIUM,"Population and accessibility opportunity signal only. Validate income, rent, footfall, suitable real estate and full competitor inventory before investment."
74,GROW-133,1,1710.06,75.4,75.4,25.283927,55.687295,,,8743ac56affffff,8743ac56affffff,Al Jada,21.214,100.0,0,70,MEDIUM,"Strongest signals: coverage gap and population; main constraint: market activity. Internal income, rent, footfall and customer-origin data are unavailable.",WorldPop Global2 R2025A v1; UAE constrained population count; 2025; approximately 100m; people per pixel,Observed Google Places competitors from the defined adaptive search; not an exhaustive UAE business census,Modelled 10-minute destination drive-time catchments using OpenRouteService and OpenStreetMap roads; not live traffic or observed customer origins,GROW,75.4,MEDIUM,"Population and accessibility opportunity signal only. Validate income, rent, footfall, suitable real estate and full competitor inventory before investment."
75,GROW-159,2,3340.22,76.17,73.58,24.278338,55.6134,,,8743aec8dffffff,8743aec8dffffff,Al Ain,6.881,96.37,0,70,MEDIUM,"Strongest signals: coverage gap and population; main constraint: market activity. Internal income, rent, footfall and customer-origin data are unavailable.",WorldPop Global2 R2025A v1; UAE constrained population count; 2025; approximately 100m; people per pixel,Observed Google Places competitors from the defined adaptive search; not an exhaustive UAE business census,Modelled 10-minute destination drive-time catchments using OpenRouteService and OpenStreetMap roads; not live traffic or observed customer origins,GROW,75.39,MEDIUM,"Population and accessibility opportunity signal only. Validate income, rent, footfall, suitable real estate and full competitor inventory before investment."
76,GROW-120,2,2812.79,76.07,73.57,25.612752,55.705871,,,8743ac171ffffff,8743ac171ffffff,Ras Al Khaimah,25.71,100.0,0,70,MEDIUM,"Strongest signals: coverage gap and population; main constraint: market activity. Internal income, rent, footfall and customer-origin data are unavailable.",WorldPop Global2 R2025A v1; UAE constrained population count; 2025; approximately 100m; people per pixel,Observed Google Places competitors from the defined adaptive search; not an exhaustive UAE business census,Modelled 10-minute destination drive-time catchments using OpenRouteService and OpenStreetMap roads; not live traffic or observed customer origins,GROW,75.32,MEDIUM,"Population and accessibility opportunity signal only. Validate income, rent, footfall, suitable real estate and full competitor inventory before investment."
77,GROW-056,1,1638.51,75.21,75.21,22.999251,54.214398,,,8743a24e0ffffff,8743a24e0ffffff,Al Dhafra Branch,86.594,100.0,0,70,MEDIUM,"Strongest signals: coverage gap and population; main constraint: market activity. Internal income, rent, footfall and customer-origin data are unavailable.",WorldPop Global2 R2025A v1; UAE constrained population count; 2025; approximately 100m; people per pixel,Observed Google Places competitors from the defined adaptive search; not an exhaustive UAE business census,Modelled 10-minute destination drive-time catchments using OpenRouteService and OpenStreetMap roads; not live traffic or observed customer origins,GROW,75.21,MEDIUM,"Population and accessibility opportunity signal only. Validate income, rent, footfall, suitable real estate and full competitor inventory before investment."
78,GROW-040,2,2908.22,75.49,74.23,24.679303,55.171531,,,8743a1623ffffff,8743a1623ffffff,Jumeirah Park,40.434,100.0,0,70,MEDIUM,"Strongest signals: coverage gap and population; main constraint: market activity. Internal income, rent, footfall and customer-origin data are unavailable.",WorldPop Global2 R2025A v1; UAE constrained population count; 2025; approximately 100m; people per pixel,Observed Google Places competitors from the defined adaptive search; not an exhaustive UAE business census,Modelled 10-minute destination drive-time catchments using OpenRouteService and OpenStreetMap roads; not live traffic or observed customer origins,GROW,75.11,MEDIUM,"Population and accessibility opportunity signal only. Validate income, rent, footfall, suitable real estate and full competitor inventory before investment."
79,GROW-163,2,2818.67,75.55,73.93,24.287786,55.421426,,,8743aed82ffffff,8743aed82ffffff,Al Ain,25.673,100.0,0,70,MEDIUM,"Strongest signals: coverage gap and population; main constraint: market activity. Internal income, rent, footfall and customer-origin data are unavailable.",WorldPop Global2 R2025A v1; UAE constrained population count; 2025; approximately 100m; people per pixel,Observed Google Places competitors from the defined adaptive search; not an exhaustive UAE business census,Modelled 10-minute destination drive-time catchments using OpenRouteService and OpenStreetMap roads; not live traffic or observed customer origins,GROW,75.06,MEDIUM,"Population and accessibility opportunity signal only. Validate income, rent, footfall, suitable real estate and full competitor inventory before investment."
80,GROW-076,5,5698.12,76.02,72.31,23.897948,55.393703,,,8743a32b4ffffff,8743a32b4ffffff,Al Ain,46.556,100.0,0,70,MEDIUM,"Strongest signals: coverage gap and population; main constraint: market activity. Internal income, rent, footfall and customer-origin data are unavailable.",WorldPop Global2 R2025A v1; UAE constrained population count; 2025; approximately 100m; people per pixel,Observed Google Places competitors from the defined adaptive search; not an exhaustive UAE business census,Modelled 10-minute destination drive-time catchments using OpenRouteService and OpenStreetMap roads; not live traffic or observed customer origins,GROW,74.91,EMERGING,"Population and accessibility opportunity signal only. Validate income, rent, footfall, suitable real estate and full competitor inventory before investment."
81,GROW-008,1,4983.63,74.88,74.88,24.462445,54.306336,InterContinental Abu Dhabi by IHG,King Abdullah Bin Abdulaziz Al Saud St - Al Bateen - W33 - Abu Dhabi,8743a031bffffff,8743a031bffffff,Khaleej Al Arabi,4.818,79.96,17,70,MEDIUM,"Strongest signals: market activity and population; main constraint: competition headroom. Internal income, rent, footfall and customer-origin data are unavailable.",WorldPop Global2 R2025A v1; UAE constrained population count; 2025; approximately 100m; people per pixel,Observed Google Places competitors from the defined adaptive search; not an exhaustive UAE business census,Modelled 10-minute destination drive-time catchments using OpenRouteService and OpenStreetMap roads; not live traffic or observed customer origins,GROW,74.88,EMERGING,"Population and accessibility opportunity signal only. Validate income, rent, footfall, suitable real estate and full competitor inventory before investment."
82,GROW-158,1,1537.39,74.81,74.81,24.81202,56.201453,,,8743aeaeaffffff,8743aeaeaffffff,Al Taif Mall,36.479,100.0,0,70,MEDIUM,"Strongest signals: coverage gap and population; main constraint: market activity. Internal income, rent, footfall and customer-origin data are unavailable.",WorldPop Global2 R2025A v1; UAE constrained population count; 2025; approximately 100m; people per pixel,Observed Google Places competitors from the defined adaptive search; not an exhaustive UAE business census,Modelled 10-minute destination drive-time catchments using OpenRouteService and OpenStreetMap roads; not live traffic or observed customer origins,GROW,74.81,EMERGING,"Population and accessibility opportunity signal only. Validate income, rent, footfall, suitable real estate and full competitor inventory before investment."
83,GROW-142,3,3805.57,75.36,73.28,25.097304,56.023428,,,8743ac798ffffff,8743ac798ffffff,Al Taif Mall,29.855,100.0,0,70,MEDIUM,"Strongest signals: coverage gap and population; main constraint: market activity. Internal income, rent, footfall and customer-origin data are unavailable.",WorldPop Global2 R2025A v1; UAE constrained population count; 2025; approximately 100m; people per pixel,Observed Google Places competitors from the defined adaptive search; not an exhaustive UAE business census,Modelled 10-minute destination drive-time catchments using OpenRouteService and OpenStreetMap roads; not live traffic or observed customer origins,GROW,74.74,EMERGING,"Population and accessibility opportunity signal only. Validate income, rent, footfall, suitable real estate and full competitor inventory before investment."
84,GROW-135,3,3502.38,75.74,72.42,25.169031,56.105114,,,8743ac615ffffff,8743ac615ffffff,Al Taif Mall,23.64,100.0,0,70,MEDIUM,"Strongest signals: coverage gap and population; main constraint: market activity. Internal income, rent, footfall and customer-origin data are unavailable.",WorldPop Global2 R2025A v1; UAE constrained population count; 2025; approximately 100m; people per pixel,Observed Google Places competitors from the defined adaptive search; not an exhaustive UAE business census,Modelled 10-minute destination drive-time catchments using OpenRouteService and OpenStreetMap roads; not live traffic or observed customer origins,GROW,74.74,EMERGING,"Population and accessibility opportunity signal only. Validate income, rent, footfall, suitable real estate and full competitor inventory before investment."
85,GROW-062,1,1505.79,74.7,74.7,23.711339,53.69412,,,8743a2905ffffff,8743a2905ffffff,Al Dhafra Branch,9.482,100.0,0,70,MEDIUM,"Strongest signals: coverage gap and population; main constraint: market activity. Internal income, rent, footfall and customer-origin data are unavailable.",WorldPop Global2 R2025A v1; UAE constrained population count; 2025; approximately 100m; people per pixel,Observed Google Places competitors from the defined adaptive search; not an exhaustive UAE business census,Modelled 10-minute destination drive-time catchments using OpenRouteService and OpenStreetMap roads; not live traffic or observed customer origins,GROW,74.7,EMERGING,"Population and accessibility opportunity signal only. Validate income, rent, footfall, suitable real estate and full competitor inventory before investment."
86,GROW-131,1,1501.32,74.66,74.66,25.05362,55.789541,,,8743ac4f5ffffff,8743ac4f5ffffff,Mirdif 35,41.025,100.0,0,70,MEDIUM,"Strongest signals: coverage gap and population; main constraint: market activity. Internal income, rent, footfall and customer-origin data are unavailable.",WorldPop Global2 R2025A v1; UAE constrained population count; 2025; approximately 100m; people per pixel,Observed Google Places competitors from the defined adaptive search; not an exhaustive UAE business census,Modelled 10-minute destination drive-time catchments using OpenRouteService and OpenStreetMap roads; not live traffic or observed customer origins,GROW,74.66,EMERGING,"Population and accessibility opportunity signal only. Validate income, rent, footfall, suitable real estate and full competitor inventory before investment."
87,GROW-148,6,7633.09,75.09,73.47,24.643329,55.682887,,,8743ae88dffffff,8743ae88dffffff,Al Ain,45.871,100.0,0,70,MEDIUM,"Strongest signals: coverage gap and population; main constraint: market activity. Internal income, rent, footfall and customer-origin data are unavailable.",WorldPop Global2 R2025A v1; UAE constrained population count; 2025; approximately 100m; people per pixel,Observed Google Places competitors from the defined adaptive search; not an exhaustive UAE business census,Modelled 10-minute destination drive-time catchments using OpenRouteService and OpenStreetMap roads; not live traffic or observed customer origins,GROW,74.6,EMERGING,"Population and accessibility opportunity signal only. Validate income, rent, footfall, suitable real estate and full competitor inventory before investment."
88,GROW-011,1,1487.56,74.59,74.59,23.872723,53.840776,,,8743a0598ffffff,8743a0598ffffff,Al Dhafra Branch,30.106,100.0,0,70,MEDIUM,"Strongest signals: coverage gap and population; main constraint: market activity. Internal income, rent, footfall and customer-origin data are unavailable.",WorldPop Global2 R2025A v1; UAE constrained population count; 2025; approximately 100m; people per pixel,Observed Google Places competitors from the defined adaptive search; not an exhaustive UAE business census,Modelled 10-minute destination drive-time catchments using OpenRouteService and OpenStreetMap roads; not live traffic or observed customer origins,GROW,74.59,EMERGING,"Population and accessibility opportunity signal only. Validate income, rent, footfall, suitable real estate and full competitor inventory before investment."
89,GROW-168,3,3391.5,75.5,72.23,24.049245,52.438304,,,87534d376ffffff,87534d376ffffff,Al Dhafra Branch,136.412,100.0,0,70,MEDIUM,"Strongest signals: coverage gap and population; main constraint: market activity. Internal income, rent, footfall and customer-origin data are unavailable.",WorldPop Global2 R2025A v1; UAE constrained population count; 2025; approximately 100m; people per pixel,Observed Google Places competitors from the defined adaptive search; not an exhaustive UAE business census,Modelled 10-minute destination drive-time catchments using OpenRouteService and OpenStreetMap roads; not live traffic or observed customer origins,GROW,74.52,EMERGING,"Population and accessibility opportunity signal only. Validate income, rent, footfall, suitable real estate and full competitor inventory before investment."
90,GROW-150,3,3708.09,74.94,73.18,24.899536,55.612942,,,8743ae941ffffff,8743ae941ffffff,Nad Al Sheba,37.881,100.0,0,70,MEDIUM,"Strongest signals: coverage gap and population; main constraint: market activity. Internal income, rent, footfall and customer-origin data are unavailable.",WorldPop Global2 R2025A v1; UAE constrained population count; 2025; approximately 100m; people per pixel,Observed Google Places competitors from the defined adaptive search; not an exhaustive UAE business census,Modelled 10-minute destination drive-time catchments using OpenRouteService and OpenStreetMap roads; not live traffic or observed customer origins,GROW,74.41,EMERGING,"Population and accessibility opportunity signal only. Validate income, rent, footfall, suitable real estate and full competitor inventory before investment."
91,GROW-164,1,1440.14,74.41,74.41,23.087359,53.762346,,,8743b5349ffffff,8743b5349ffffff,Al Dhafra Branch,60.324,100.0,0,70,MEDIUM,"Strongest signals: coverage gap and population; main constraint: market activity. Internal income, rent, footfall and customer-origin data are unavailable.",WorldPop Global2 R2025A v1; UAE constrained population count; 2025; approximately 100m; people per pixel,Observed Google Places competitors from the defined adaptive search; not an exhaustive UAE business census,Modelled 10-minute destination drive-time catchments using OpenRouteService and OpenStreetMap roads; not live traffic or observed customer origins,GROW,74.41,EMERGING,"Population and accessibility opportunity signal only. Validate income, rent, footfall, suitable real estate and full competitor inventory before investment."
92,GROW-053,4,4518.1,75.18,72.51,23.060082,54.089837,,,8743a2420ffffff,8743a2420ffffff,Al Dhafra Branch,72.713,100.0,0,70,MEDIUM,"Strongest signals: coverage gap and population; main constraint: market activity. Internal income, rent, footfall and customer-origin data are unavailable.",WorldPop Global2 R2025A v1; UAE constrained population count; 2025; approximately 100m; people per pixel,Observed Google Places competitors from the defined adaptive search; not an exhaustive UAE business census,Modelled 10-minute destination drive-time catchments using OpenRouteService and OpenStreetMap roads; not live traffic or observed customer origins,GROW,74.38,EMERGING,"Population and accessibility opportunity signal only. Validate income, rent, footfall, suitable real estate and full competitor inventory before investment."
93,GROW-036,2,2387.41,75.15,72.59,24.413528,54.869293,,,8743a148effffff,8743a148effffff,Al Falah,13.062,100.0,0,70,MEDIUM,"Strongest signals: coverage gap and population; main constraint: market activity. Internal income, rent, footfall and customer-origin data are unavailable.",WorldPop Global2 R2025A v1; UAE constrained population count; 2025; approximately 100m; people per pixel,Observed Google Places competitors from the defined adaptive search; not an exhaustive UAE business census,Modelled 10-minute destination drive-time catchments using OpenRouteService and OpenStreetMap roads; not live traffic or observed customer origins,GROW,74.38,EMERGING,"Population and accessibility opportunity signal only. Validate income, rent, footfall, suitable real estate and full competitor inventory before investment."
94,GROW-143,1,1416.26,74.33,74.33,25.191285,56.013395,,,8743ac7a9ffffff,8743ac7a9ffffff,Al Taif Mall,32.376,100.0,0,70,MEDIUM,"Strongest signals: coverage gap and population; main constraint: market activity. Internal income, rent, footfall and customer-origin data are unavailable.",WorldPop Global2 R2025A v1; UAE constrained population count; 2025; approximately 100m; people per pixel,Observed Google Places competitors from the defined adaptive search; not an exhaustive UAE business census,Modelled 10-minute destination drive-time catchments using OpenRouteService and OpenStreetMap roads; not live traffic or observed customer origins,GROW,74.33,EMERGING,"Population and accessibility opportunity signal only. Validate income, rent, footfall, suitable real estate and full competitor inventory before investment."
95,GROW-095,3,3919.9,74.47,73.73,23.771908,53.555727,,,8743a62aaffffff,8743a62aaffffff,Al Dhafra Branch,23.192,100.0,0,70,MEDIUM,"Strongest signals: coverage gap and population; main constraint: market activity. Internal income, rent, footfall and customer-origin data are unavailable.",WorldPop Global2 R2025A v1; UAE constrained population count; 2025; approximately 100m; people per pixel,Observed Google Places competitors from the defined adaptive search; not an exhaustive UAE business census,Modelled 10-minute destination drive-time catchments using OpenRouteService and OpenStreetMap roads; not live traffic or observed customer origins,GROW,74.25,EMERGING,"Population and accessibility opportunity signal only. Validate income, rent, footfall, suitable real estate and full competitor inventory before investment."
96,GROW-020,2,2391.31,74.9,72.73,24.910213,54.919248,,,8743a100effffff,8743a100effffff,Jumeirah Park,29.21,100.0,0,70,MEDIUM,"Strongest signals: coverage gap and population; main constraint: market activity. Internal income, rent, footfall and customer-origin data are unavailable.",WorldPop Global2 R2025A v1; UAE constrained population count; 2025; approximately 100m; people per pixel,Observed Google Places competitors from the defined adaptive search; not an exhaustive UAE business census,Modelled 10-minute destination drive-time catchments using OpenRouteService and OpenStreetMap roads; not live traffic or observed customer origins,GROW,74.25,EMERGING,"Population and accessibility opportunity signal only. Validate income, rent, footfall, suitable real estate and full competitor inventory before investment."
97,GROW-139,1,1401.44,74.24,74.24,25.194968,56.240295,,,8743ac6e1ffffff,8743ac6e1ffffff,Al Taif Mall,11.929,100.0,0,70,MEDIUM,"Strongest signals: coverage gap and population; main constraint: market activity. Internal income, rent, footfall and customer-origin data are unavailable.",WorldPop Global2 R2025A v1; UAE constrained population count; 2025; approximately 100m; people per pixel,Observed Google Places competitors from the defined adaptive search; not an exhaustive UAE business census,Modelled 10-minute destination drive-time catchments using OpenRouteService and OpenStreetMap roads; not live traffic or observed customer origins,GROW,74.24,EMERGING,"Population and accessibility opportunity signal only. Validate income, rent, footfall, suitable real estate and full competitor inventory before investment."
98,GROW-059,3,3342.89,75.02,72.38,22.920538,53.969381,,,8743a25b3ffffff,8743a25b3ffffff,Al Dhafra Branch,82.23,100.0,0,70,MEDIUM,"Strongest signals: coverage gap and population; main constraint: market activity. Internal income, rent, footfall and customer-origin data are unavailable.",WorldPop Global2 R2025A v1; UAE constrained population count; 2025; approximately 100m; people per pixel,Observed Google Places competitors from the defined adaptive search; not an exhaustive UAE business census,Modelled 10-minute destination drive-time catchments using OpenRouteService and OpenStreetMap roads; not live traffic or observed customer origins,GROW,74.23,EMERGING,"Population and accessibility opportunity signal only. Validate income, rent, footfall, suitable real estate and full competitor inventory before investment."
99,GROW-152,1,1376.14,74.13,74.13,24.91609,55.566949,,,8743ae963ffffff,8743ae963ffffff,Nad Al Sheba,33.584,100.0,0,70,MEDIUM,"Strongest signals: coverage gap and population; main constraint: market activity. Internal income, rent, footfall and customer-origin data are unavailable.",WorldPop Global2 R2025A v1; UAE constrained population count; 2025; approximately 100m; people per pixel,Observed Google Places competitors from the defined adaptive search; not an exhaustive UAE business census,Modelled 10-minute destination drive-time catchments using OpenRouteService and OpenStreetMap roads; not live traffic or observed customer origins,GROW,74.13,EMERGING,"Population and accessibility opportunity signal only. Validate income, rent, footfall, suitable real estate and full competitor inventory before investment."
100,GROW-083,2,4635.91,74.21,73.73,24.264634,54.715001,,,8743a3953ffffff,8743a3953ffffff,Baniyas,8.298,86.19,0,70,MEDIUM,"Strongest signals: coverage gap and population; main constraint: market activity. Internal income, rent, footfall and customer-origin data are unavailable.",WorldPop Global2 R2025A v1; UAE constrained population count; 2025; approximately 100m; people per pixel,Observed Google Places competitors from the defined adaptive search; not an exhaustive UAE business census,Modelled 10-minute destination drive-time catchments using OpenRouteService and OpenStreetMap roads; not live traffic or observed customer origins,GROW,74.07,EMERGING,"Population and accessibility opportunity signal only. Validate income, rent, footfall, suitable real estate and full competitor inventory before investment."
101,GROW-127,2,2316.76,74.4,72.75,25.13954,55.746085,,,8743ac40dffffff,8743ac40dffffff,Mirdif 35,33.685,100.0,0,70,MEDIUM,"Strongest signals: coverage gap and population; main constraint: market activity. Internal income, rent, footfall and customer-origin data are unavailable.",WorldPop Global2 R2025A v1; UAE constrained population count; 2025; approximately 100m; people per pixel,Observed Google Places competitors from the defined adaptive search; not an exhaustive UAE business census,Modelled 10-minute destination drive-time catchments using OpenRouteService and OpenStreetMap roads; not live traffic or observed customer origins,GROW,73.9,EMERGING,"Population and accessibility opportunity signal only. Validate income, rent, footfall, suitable real estate and full competitor inventory before investment."
102,GROW-145,1,1331.1,73.89,73.89,24.21524,55.955096,,,8743ae462ffffff,8743ae462ffffff,Al Ain,29.954,100.0,0,70,MEDIUM,"Strongest signals: coverage gap and population; main constraint: market activity. Internal income, rent, footfall and customer-origin data are unavailable.",WorldPop Global2 R2025A v1; UAE constrained population count; 2025; approximately 100m; people per pixel,Observed Google Places competitors from the defined adaptive search; not an exhaustive UAE business census,Modelled 10-minute destination drive-time catchments using OpenRouteService and OpenStreetMap roads; not live traffic or observed customer origins,GROW,73.89,EMERGING,"Population and accessibility opportunity signal only. Validate income, rent, footfall, suitable real estate and full competitor inventory before investment."
103,GROW-051,1,1328.81,73.88,73.88,23.279614,54.238312,,,8743a20abffffff,8743a20abffffff,Al Dhafra Branch,66.034,100.0,0,70,MEDIUM,"Strongest signals: coverage gap and population; main constraint: market activity. Internal income, rent, footfall and customer-origin data are unavailable.",WorldPop Global2 R2025A v1; UAE constrained population count; 2025; approximately 100m; people per pixel,Observed Google Places competitors from the defined adaptive search; not an exhaustive UAE business census,Modelled 10-minute destination drive-time catchments using OpenRouteService and OpenStreetMap roads; not live traffic or observed customer origins,GROW,73.88,EMERGING,"Population and accessibility opportunity signal only. Validate income, rent, footfall, suitable real estate and full competitor inventory before investment."
104,GROW-165,4,4446.94,74.43,72.33,23.106906,53.597601,,,8743b5acaffffff,8743b5acaffffff,Al Dhafra Branch,58.199,100.0,0,70,MEDIUM,"Strongest signals: coverage gap and population; main constraint: market activity. Internal income, rent, footfall and customer-origin data are unavailable.",WorldPop Global2 R2025A v1; UAE constrained population count; 2025; approximately 100m; people per pixel,Observed Google Places competitors from the defined adaptive search; not an exhaustive UAE business census,Modelled 10-minute destination drive-time catchments using OpenRouteService and OpenStreetMap roads; not live traffic or observed customer origins,GROW,73.8,EMERGING,"Population and accessibility opportunity signal only. Validate income, rent, footfall, suitable real estate and full competitor inventory before investment."
105,GROW-065,3,4929.56,73.99,73.33,23.547984,53.762276,,,8743a299dffffff,8743a299dffffff,Al Dhafra Branch,11.647,100.0,0,70,MEDIUM,"Strongest signals: coverage gap and population; main constraint: market activity. Internal income, rent, footfall and customer-origin data are unavailable.",WorldPop Global2 R2025A v1; UAE constrained population count; 2025; approximately 100m; people per pixel,Observed Google Places competitors from the defined adaptive search; not an exhaustive UAE business census,Modelled 10-minute destination drive-time catchments using OpenRouteService and OpenStreetMap roads; not live traffic or observed customer origins,GROW,73.79,EMERGING,"Population and accessibility opportunity signal only. Validate income, rent, footfall, suitable real estate and full competitor inventory before investment."
106,GROW-047,3,3144.65,74.52,71.96,24.586533,55.417128,,,8743a16ceffffff,8743a16ceffffff,Al Ain,48.019,100.0,0,70,MEDIUM,"Strongest signals: coverage gap and population; main constraint: market activity. Internal income, rent, footfall and customer-origin data are unavailable.",WorldPop Global2 R2025A v1; UAE constrained population count; 2025; approximately 100m; people per pixel,Observed Google Places competitors from the defined adaptive search; not an exhaustive UAE business census,Modelled 10-minute destination drive-time catchments using OpenRouteService and OpenStreetMap roads; not live traffic or observed customer origins,GROW,73.75,EMERGING,"Population and accessibility opportunity signal only. Validate income, rent, footfall, suitable real estate and full competitor inventory before investment."
107,GROW-129,1,1307.6,73.74,73.74,24.955674,55.703779,,,8743ac486ffffff,8743ac486ffffff,Nad Al Sheba,40.577,100.0,0,70,MEDIUM,"Strongest signals: coverage gap and population; main constraint: market activity. Internal income, rent, footfall and customer-origin data are unavailable.",WorldPop Global2 R2025A v1; UAE constrained population count; 2025; approximately 100m; people per pixel,Observed Google Places competitors from the defined adaptive search; not an exhaustive UAE business census,Modelled 10-minute destination drive-time catchments using OpenRouteService and OpenStreetMap roads; not live traffic or observed customer origins,GROW,73.74,EMERGING,"Population and accessibility opportunity signal only. Validate income, rent, footfall, suitable real estate and full competitor inventory before investment."
108,GROW-038,2,3433.81,73.7,73.56,24.474417,54.700293,Nailbox Beauty Salon,Abu Dhabi - Al Reef - Abu Dhabi,8743a1581ffffff,8743a1581ffffff,Shahama,5.281,96.3,3,70,MEDIUM,"Strongest signals: coverage gap and market activity; main constraint: competition headroom. Internal income, rent, footfall and customer-origin data are unavailable.",WorldPop Global2 R2025A v1; UAE constrained population count; 2025; approximately 100m; people per pixel,Observed Google Places competitors from the defined adaptive search; not an exhaustive UAE business census,Modelled 10-minute destination drive-time catchments using OpenRouteService and OpenStreetMap roads; not live traffic or observed customer origins,GROW,73.66,EMERGING,"Population and accessibility opportunity signal only. Validate income, rent, footfall, suitable real estate and full competitor inventory before investment."
109,GROW-094,1,1291.57,73.66,73.66,25.145044,52.868317,,,8743a4b18ffffff,8743a4b18ffffff,Khaleej Al Arabi,168.235,100.0,0,70,MEDIUM,"Strongest signals: coverage gap and population; main constraint: market activity. Internal income, rent, footfall and customer-origin data are unavailable.",WorldPop Global2 R2025A v1; UAE constrained population count; 2025; approximately 100m; people per pixel,Observed Google Places competitors from the defined adaptive search; not an exhaustive UAE business census,Modelled 10-minute destination drive-time catchments using OpenRouteService and OpenStreetMap roads; not live traffic or observed customer origins,GROW,73.66,EMERGING,"Population and accessibility opportunity signal only. Validate income, rent, footfall, suitable real estate and full competitor inventory before investment."
110,GROW-057,2,2487.67,73.53,73.38,23.090858,54.028437,,,8743a250bffffff,8743a250bffffff,Al Dhafra Branch,68.722,100.0,0,70,MEDIUM,"Strongest signals: coverage gap and population; main constraint: market activity. Internal income, rent, footfall and customer-origin data are unavailable.",WorldPop Global2 R2025A v1; UAE constrained population count; 2025; approximately 100m; people per pixel,Observed Google Places competitors from the defined adaptive search; not an exhaustive UAE business census,Modelled 10-minute destination drive-time catchments using OpenRouteService and OpenStreetMap roads; not live traffic or observed customer origins,GROW,73.48,EMERGING,"Population and accessibility opportunity signal only. Validate income, rent, footfall, suitable real estate and full competitor inventory before investment."
111,GROW-033,1,2877.11,73.42,73.42,25.201832,55.227621,Four Seasons Resort Dubai at Jumeirah Beach,Jumeira St - Jumeira Second - Jumeirah 2 - Dubai,8743a1361ffffff,8743a1361ffffff,City Walk,3.641,83.13,11,70,MEDIUM,"Strongest signals: market activity and coverage gap; main constraint: competition headroom. Internal income, rent, footfall and customer-origin data are unavailable.",WorldPop Global2 R2025A v1; UAE constrained population count; 2025; approximately 100m; people per pixel,Observed Google Places competitors from the defined adaptive search; not an exhaustive UAE business census,Modelled 10-minute destination drive-time catchments using OpenRouteService and OpenStreetMap roads; not live traffic or observed customer origins,GROW,73.42,EMERGING,"Population and accessibility opportunity signal only. Validate income, rent, footfall, suitable real estate and full competitor inventory before investment."
112,GROW-068,2,2350.49,73.61,72.94,24.005343,55.433117,,,8743a3233ffffff,8743a3233ffffff,Al Ain,34.687,100.0,0,70,MEDIUM,"Strongest signals: coverage gap and population; main constraint: market activity. Internal income, rent, footfall and customer-origin data are unavailable.",WorldPop Global2 R2025A v1; UAE constrained population count; 2025; approximately 100m; people per pixel,Observed Google Places competitors from the defined adaptive search; not an exhaustive UAE business census,Modelled 10-minute destination drive-time catchments using OpenRouteService and OpenStreetMap roads; not live traffic or observed customer origins,GROW,73.41,EMERGING,"Population and accessibility opportunity signal only. Validate income, rent, footfall, suitable real estate and full competitor inventory before investment."
113,GROW-077,5,4931.93,74.06,71.69,24.103606,55.390281,,,8743a3309ffffff,8743a3309ffffff,Al Ain,30.8,100.0,0,70,MEDIUM,"Strongest signals: coverage gap and population; main constraint: market activity. Internal income, rent, footfall and customer-origin data are unavailable.",WorldPop Global2 R2025A v1; UAE constrained population count; 2025; approximately 100m; people per pixel,Observed Google Places competitors from the defined adaptive search; not an exhaustive UAE business census,Modelled 10-minute destination drive-time catchments using OpenRouteService and OpenStreetMap roads; not live traffic or observed customer origins,GROW,73.35,EMERGING,"Population and accessibility opportunity signal only. Validate income, rent, footfall, suitable real estate and full competitor inventory before investment."
114,GROW-113,1,1226.19,73.3,73.3,24.970659,56.277847,,,8743a8d15ffffff,8743a8d15ffffff,Al Taif Mall,17.31,100.0,0,70,MEDIUM,"Strongest signals: coverage gap and population; main constraint: market activity. Internal income, rent, footfall and customer-origin data are unavailable.",WorldPop Global2 R2025A v1; UAE constrained population count; 2025; approximately 100m; people per pixel,Observed Google Places competitors from the defined adaptive search; not an exhaustive UAE business census,Modelled 10-minute destination drive-time catchments using OpenRouteService and OpenStreetMap roads; not live traffic or observed customer origins,GROW,73.3,EMERGING,"Population and accessibility opportunity signal only. Validate income, rent, footfall, suitable real estate and full competitor inventory before investment."
115,GROW-066,1,1217.24,73.23,73.23,23.561848,53.704885,,,8743a2984ffffff,8743a2984ffffff,Al Dhafra Branch,7.421,100.0,0,70,MEDIUM,"Strongest signals: coverage gap and population; main constraint: market activity. Internal income, rent, footfall and customer-origin data are unavailable.",WorldPop Global2 R2025A v1; UAE constrained population count; 2025; approximately 100m; people per pixel,Observed Google Places competitors from the defined adaptive search; not an exhaustive UAE business census,Modelled 10-minute destination drive-time catchments using OpenRouteService and OpenStreetMap roads; not live traffic or observed customer origins,GROW,73.23,EMERGING,"Population and accessibility opportunity signal only. Validate income, rent, footfall, suitable real estate and full competitor inventory before investment."
116,GROW-019,1,1210.78,73.2,73.2,24.890191,54.875079,,,8743a1002ffffff,8743a1002ffffff,Jumeirah Park,33.679,100.0,0,70,MEDIUM,"Strongest signals: coverage gap and population; main constraint: market activity. Internal income, rent, footfall and customer-origin data are unavailable.",WorldPop Global2 R2025A v1; UAE constrained population count; 2025; approximately 100m; people per pixel,Observed Google Places competitors from the defined adaptive search; not an exhaustive UAE business census,Modelled 10-minute destination drive-time catchments using OpenRouteService and OpenStreetMap roads; not live traffic or observed customer origins,GROW,73.2,EMERGING,"Population and accessibility opportunity signal only. Validate income, rent, footfall, suitable real estate and full competitor inventory before investment."
117,GROW-105,2,2204.32,73.46,72.49,24.102828,53.341856,,,8743a6ac5ffffff,8743a6ac5ffffff,Al Dhafra Branch,65.843,100.0,0,70,MEDIUM,"Strongest signals: coverage gap and population; main constraint: market activity. Internal income, rent, footfall and customer-origin data are unavailable.",WorldPop Global2 R2025A v1; UAE constrained population count; 2025; approximately 100m; people per pixel,Observed Google Places competitors from the defined adaptive search; not an exhaustive UAE business census,Modelled 10-minute destination drive-time catchments using OpenRouteService and OpenStreetMap roads; not live traffic or observed customer origins,GROW,73.17,EMERGING,"Population and accessibility opportunity signal only. Validate income, rent, footfall, suitable real estate and full competitor inventory before investment."
118,GROW-003,1,1192.67,73.09,73.09,24.471009,54.426143,The Nail Spa - Eastern Mangroves Promenade,"Ground Floor, Eastern Mangroves - Promenade - Sheikh Zayed St - الخيران - Zone 1 - أبو ظبي",8743a020cffffff,8743a020cffffff,Delma,4.2,99.49,2,70,MEDIUM,"Strongest signals: coverage gap and market activity; main constraint: competition headroom. Internal income, rent, footfall and customer-origin data are unavailable.",WorldPop Global2 R2025A v1; UAE constrained population count; 2025; approximately 100m; people per pixel,Observed Google Places competitors from the defined adaptive search; not an exhaustive UAE business census,Modelled 10-minute destination drive-time catchments using OpenRouteService and OpenStreetMap roads; not live traffic or observed customer origins,GROW,73.09,EMERGING,"Population and accessibility opportunity signal only. Validate income, rent, footfall, suitable real estate and full competitor inventory before investment."
119,GROW-049,2,2198.34,73.3,72.52,24.609339,55.018214,,,8743a17a4ffffff,8743a17a4ffffff,Al Falah,33.135,100.0,0,70,MEDIUM,"Strongest signals: coverage gap and population; main constraint: market activity. Internal income, rent, footfall and customer-origin data are unavailable.",WorldPop Global2 R2025A v1; UAE constrained population count; 2025; approximately 100m; people per pixel,Observed Google Places competitors from the defined adaptive search; not an exhaustive UAE business census,Modelled 10-minute destination drive-time catchments using OpenRouteService and OpenStreetMap roads; not live traffic or observed customer origins,GROW,73.07,EMERGING,"Population and accessibility opportunity signal only. Validate income, rent, footfall, suitable real estate and full competitor inventory before investment."
120,GROW-024,1,1190.35,73.07,73.07,24.725896,54.86513,,,8743a1094ffffff,8743a1094ffffff,Shahama,29.726,100.0,0,70,MEDIUM,"Strongest signals: coverage gap and population; main constraint: market activity. Internal income, rent, footfall and customer-origin data are unavailable.",WorldPop Global2 R2025A v1; UAE constrained population count; 2025; approximately 100m; people per pixel,Observed Google Places competitors from the defined adaptive search; not an exhaustive UAE business census,Modelled 10-minute destination drive-time catchments using OpenRouteService and OpenStreetMap roads; not live traffic or observed customer origins,GROW,73.07,EMERGING,"Population and accessibility opportunity signal only. Validate income, rent, footfall, suitable real estate and full competitor inventory before investment."
121,GROW-064,1,1185.9,73.04,73.04,23.767956,53.782214,,,8743a2971ffffff,8743a2971ffffff,Al Dhafra Branch,17.032,100.0,0,70,MEDIUM,"Strongest signals: coverage gap and population; main constraint: market activity. Internal income, rent, footfall and customer-origin data are unavailable.",WorldPop Global2 R2025A v1; UAE constrained population count; 2025; approximately 100m; people per pixel,Observed Google Places competitors from the defined adaptive search; not an exhaustive UAE business census,Modelled 10-minute destination drive-time catchments using OpenRouteService and OpenStreetMap roads; not live traffic or observed customer origins,GROW,73.04,EMERGING,"Population and accessibility opportunity signal only. Validate income, rent, footfall, suitable real estate and full competitor inventory before investment."
122,GROW-126,1,1178.54,73.01,73.01,25.44681,56.135653,,,8743ac39bffffff,8743ac39bffffff,Ras Al Khaimah,40.204,100.0,0,70,MEDIUM,"Strongest signals: coverage gap and population; main constraint: market activity. Internal income, rent, footfall and customer-origin data are unavailable.",WorldPop Global2 R2025A v1; UAE constrained population count; 2025; approximately 100m; people per pixel,Observed Google Places competitors from the defined adaptive search; not an exhaustive UAE business census,Modelled 10-minute destination drive-time catchments using OpenRouteService and OpenStreetMap roads; not live traffic or observed customer origins,GROW,73.01,EMERGING,"Population and accessibility opportunity signal only. Validate income, rent, footfall, suitable real estate and full competitor inventory before investment."
123,GROW-080,1,1176.92,72.99,72.99,23.572458,55.521548,,,8743a36d5ffffff,8743a36d5ffffff,Al Ain,74.095,100.0,0,70,MEDIUM,"Strongest signals: coverage gap and population; main constraint: market activity. Internal income, rent, footfall and customer-origin data are unavailable.",WorldPop Global2 R2025A v1; UAE constrained population count; 2025; approximately 100m; people per pixel,Observed Google Places competitors from the defined adaptive search; not an exhaustive UAE business census,Modelled 10-minute destination drive-time catchments using OpenRouteService and OpenStreetMap roads; not live traffic or observed customer origins,GROW,72.99,EMERGING,"Population and accessibility opportunity signal only. Validate income, rent, footfall, suitable real estate and full competitor inventory before investment."
124,GROW-087,1,6855.18,72.92,72.92,24.270472,54.606506,Golden Braids Ladies Saloon,Al Nahyan Tanker Mai - Tea Break Same Building - opposite Parco Hypermarket - جرن يافور - M-03 - أبو ظبي,8743a390cffffff,8743a390cffffff,Baniyas,4.036,94.41,2,70,MEDIUM,"Strongest signals: coverage gap and population; main constraint: competition headroom. Internal income, rent, footfall and customer-origin data are unavailable.",WorldPop Global2 R2025A v1; UAE constrained population count; 2025; approximately 100m; people per pixel,Observed Google Places competitors from the defined adaptive search; not an exhaustive UAE business census,Modelled 10-minute destination drive-time catchments using OpenRouteService and OpenStreetMap roads; not live traffic or observed customer origins,GROW,72.92,EMERGING,"Population and accessibility opportunity signal only. Validate income, rent, footfall, suitable real estate and full competitor inventory before investment."
125,GROW-162,1,1167.14,72.92,72.92,24.318795,55.652199,,,8743aecf1ffffff,8743aecf1ffffff,Al Ain,10.273,100.0,0,70,MEDIUM,"Strongest signals: coverage gap and population; main constraint: market activity. Internal income, rent, footfall and customer-origin data are unavailable.",WorldPop Global2 R2025A v1; UAE constrained population count; 2025; approximately 100m; people per pixel,Observed Google Places competitors from the defined adaptive search; not an exhaustive UAE business census,Modelled 10-minute destination drive-time catchments using OpenRouteService and OpenStreetMap roads; not live traffic or observed customer origins,GROW,72.92,EMERGING,"Population and accessibility opportunity signal only. Validate income, rent, footfall, suitable real estate and full competitor inventory before investment."
126,GROW-084,1,1158.61,72.86,72.86,24.275478,54.828037,,,8743a3844ffffff,8743a3844ffffff,Baniyas,19.892,100.0,0,70,MEDIUM,"Strongest signals: coverage gap and population; main constraint: market activity. Internal income, rent, footfall and customer-origin data are unavailable.",WorldPop Global2 R2025A v1; UAE constrained population count; 2025; approximately 100m; people per pixel,Observed Google Places competitors from the defined adaptive search; not an exhaustive UAE business census,Modelled 10-minute destination drive-time catchments using OpenRouteService and OpenStreetMap roads; not live traffic or observed customer origins,GROW,72.86,EMERGING,"Population and accessibility opportunity signal only. Validate income, rent, footfall, suitable real estate and full competitor inventory before investment."
127,GROW-070,1,1138.97,72.71,72.71,24.016498,55.52313,,,8743a320affffff,8743a320affffff,Al Ain,27.187,100.0,0,70,MEDIUM,"Strongest signals: coverage gap and population; main constraint: market activity. Internal income, rent, footfall and customer-origin data are unavailable.",WorldPop Global2 R2025A v1; UAE constrained population count; 2025; approximately 100m; people per pixel,Observed Google Places competitors from the defined adaptive search; not an exhaustive UAE business census,Modelled 10-minute destination drive-time catchments using OpenRouteService and OpenStreetMap roads; not live traffic or observed customer origins,GROW,72.71,EMERGING,"Population and accessibility opportunity signal only. Validate income, rent, footfall, suitable real estate and full competitor inventory before investment."
128,GROW-055,1,1119.4,72.63,72.63,22.965251,54.300119,,,8743a24ceffffff,8743a24ceffffff,Al Dhafra Branch,94.939,100.0,0,70,MEDIUM,"Strongest signals: coverage gap and population; main constraint: market activity. Internal income, rent, footfall and customer-origin data are unavailable.",WorldPop Global2 R2025A v1; UAE constrained population count; 2025; approximately 100m; people per pixel,Observed Google Places competitors from the defined adaptive search; not an exhaustive UAE business census,Modelled 10-minute destination drive-time catchments using OpenRouteService and OpenStreetMap roads; not live traffic or observed customer origins,GROW,72.63,EMERGING,"Population and accessibility opportunity signal only. Validate income, rent, footfall, suitable real estate and full competitor inventory before investment."
129,GROW-050,2,2180.16,72.6,72.44,24.80284,54.646641,,,8743a1ce9ffffff,8743a1ce9ffffff,Shahama,32.174,100.0,0,70,MEDIUM,"Strongest signals: coverage gap and population; main constraint: market activity. Internal income, rent, footfall and customer-origin data are unavailable.",WorldPop Global2 R2025A v1; UAE constrained population count; 2025; approximately 100m; people per pixel,Observed Google Places competitors from the defined adaptive search; not an exhaustive UAE business census,Modelled 10-minute destination drive-time catchments using OpenRouteService and OpenStreetMap roads; not live traffic or observed customer origins,GROW,72.55,EMERGING,"Population and accessibility opportunity signal only. Validate income, rent, footfall, suitable real estate and full competitor inventory before investment."
130,GROW-046,2,2003.78,72.8,71.81,24.560482,55.355957,,,8743a16c2ffffff,8743a16c2ffffff,Al Ain,48.143,100.0,0,70,MEDIUM,"Strongest signals: coverage gap and population; main constraint: market activity. Internal income, rent, footfall and customer-origin data are unavailable.",WorldPop Global2 R2025A v1; UAE constrained population count; 2025; approximately 100m; people per pixel,Observed Google Places competitors from the defined adaptive search; not an exhaustive UAE business census,Modelled 10-minute destination drive-time catchments using OpenRouteService and OpenStreetMap roads; not live traffic or observed customer origins,GROW,72.5,EMERGING,"Population and accessibility opportunity signal only. Validate income, rent, footfall, suitable real estate and full competitor inventory before investment."
131,GROW-119,1,1095.07,72.5,72.5,25.58158,55.655542,,,8743ac12bffffff,8743ac12bffffff,Ras Al Khaimah,32.542,100.0,0,70,MEDIUM,"Strongest signals: coverage gap and population; main constraint: market activity. Internal income, rent, footfall and customer-origin data are unavailable.",WorldPop Global2 R2025A v1; UAE constrained population count; 2025; approximately 100m; people per pixel,Observed Google Places competitors from the defined adaptive search; not an exhaustive UAE business census,Modelled 10-minute destination drive-time catchments using OpenRouteService and OpenStreetMap roads; not live traffic or observed customer origins,GROW,72.5,EMERGING,"Population and accessibility opportunity signal only. Validate income, rent, footfall, suitable real estate and full competitor inventory before investment."
132,GROW-002,2,1976.0,72.63,71.77,24.254684,54.176977,,,8743a00d8ffffff,8743a00d8ffffff,Khaleej Al Arabi,28.665,100.0,0,70,MEDIUM,"Strongest signals: coverage gap and population; main constraint: market activity. Internal income, rent, footfall and customer-origin data are unavailable.",WorldPop Global2 R2025A v1; UAE constrained population count; 2025; approximately 100m; people per pixel,Observed Google Places competitors from the defined adaptive search; not an exhaustive UAE business census,Modelled 10-minute destination drive-time catchments using OpenRouteService and OpenStreetMap roads; not live traffic or observed customer origins,GROW,72.37,EMERGING,"Population and accessibility opportunity signal only. Validate income, rent, footfall, suitable real estate and full competitor inventory before investment."
133,GROW-157,2,1985.16,72.53,71.84,24.9036,56.094473,,,8743aea70ffffff,8743aea70ffffff,Al Taif Mall,32.501,100.0,0,70,MEDIUM,"Strongest signals: coverage gap and population; main constraint: market activity. Internal income, rent, footfall and customer-origin data are unavailable.",WorldPop Global2 R2025A v1; UAE constrained population count; 2025; approximately 100m; people per pixel,Observed Google Places competitors from the defined adaptive search; not an exhaustive UAE business census,Modelled 10-minute destination drive-time catchments using OpenRouteService and OpenStreetMap roads; not live traffic or observed customer origins,GROW,72.32,EMERGING,"Population and accessibility opportunity signal only. Validate income, rent, footfall, suitable real estate and full competitor inventory before investment."
134,GROW-015,4,3793.93,72.66,71.49,24.235801,54.491223,,,8743a3936ffffff,8743a3936ffffff,Baniyas,16.352,100.0,0,70,MEDIUM,"Strongest signals: coverage gap and population; main constraint: market activity. Internal income, rent, footfall and customer-origin data are unavailable.",WorldPop Global2 R2025A v1; UAE constrained population count; 2025; approximately 100m; people per pixel,Observed Google Places competitors from the defined adaptive search; not an exhaustive UAE business census,Modelled 10-minute destination drive-time catchments using OpenRouteService and OpenStreetMap roads; not live traffic or observed customer origins,GROW,72.31,EMERGING,"Population and accessibility opportunity signal only. Validate income, rent, footfall, suitable real estate and full competitor inventory before investment."
135,GROW-042,1,1050.31,72.21,72.21,24.76992,55.367665,,,8743a166bffffff,8743a166bffffff,Jumeirah Park,36.194,100.0,0,70,MEDIUM,"Strongest signals: coverage gap and population; main constraint: market activity. Internal income, rent, footfall and customer-origin data are unavailable.",WorldPop Global2 R2025A v1; UAE constrained population count; 2025; approximately 100m; people per pixel,Observed Google Places competitors from the defined adaptive search; not an exhaustive UAE business census,Modelled 10-minute destination drive-time catchments using OpenRouteService and OpenStreetMap roads; not live traffic or observed customer origins,GROW,72.21,EMERGING,"Population and accessibility opportunity signal only. Validate income, rent, footfall, suitable real estate and full competitor inventory before investment."
136,GROW-009,1,1042.47,72.17,72.17,24.048427,53.764969,,,8743a0500ffffff,8743a0500ffffff,Al Dhafra Branch,47.029,100.0,0,70,MEDIUM,"Strongest signals: coverage gap and population; main constraint: market activity. Internal income, rent, footfall and customer-origin data are unavailable.",WorldPop Global2 R2025A v1; UAE constrained population count; 2025; approximately 100m; people per pixel,Observed Google Places competitors from the defined adaptive search; not an exhaustive UAE business census,Modelled 10-minute destination drive-time catchments using OpenRouteService and OpenStreetMap roads; not live traffic or observed customer origins,GROW,72.17,EMERGING,"Population and accessibility opportunity signal only. Validate income, rent, footfall, suitable real estate and full competitor inventory before investment."
137,GROW-025,1,1021.19,72.05,72.05,24.7979,54.871995,,,8743a10a3ffffff,8743a10a3ffffff,Shahama,36.523,100.0,0,70,MEDIUM,"Strongest signals: coverage gap and population; main constraint: market activity. Internal income, rent, footfall and customer-origin data are unavailable.",WorldPop Global2 R2025A v1; UAE constrained population count; 2025; approximately 100m; people per pixel,Observed Google Places competitors from the defined adaptive search; not an exhaustive UAE business census,Modelled 10-minute destination drive-time catchments using OpenRouteService and OpenStreetMap roads; not live traffic or observed customer origins,GROW,72.05,EMERGING,"Population and accessibility opportunity signal only. Validate income, rent, footfall, suitable real estate and full competitor inventory before investment."
138,GROW-073,6,5576.83,72.28,71.39,23.846211,55.519903,,,8743a366dffffff,8743a366dffffff,Al Ain,48.07,100.0,0,70,MEDIUM,"Strongest signals: coverage gap and population; main constraint: market activity. Internal income, rent, footfall and customer-origin data are unavailable.",WorldPop Global2 R2025A v1; UAE constrained population count; 2025; approximately 100m; people per pixel,Observed Google Places competitors from the defined adaptive search; not an exhaustive UAE business census,Modelled 10-minute destination drive-time catchments using OpenRouteService and OpenStreetMap roads; not live traffic or observed customer origins,GROW,72.01,EMERGING,"Population and accessibility opportunity signal only. Validate income, rent, footfall, suitable real estate and full competitor inventory before investment."
139,GROW-107,1,998.47,71.91,71.91,24.055337,53.323286,,,8743a6ad5ffffff,8743a6ad5ffffff,Al Dhafra Branch,61.947,100.0,0,70,MEDIUM,"Strongest signals: coverage gap and population; main constraint: market activity. Internal income, rent, footfall and customer-origin data are unavailable.",WorldPop Global2 R2025A v1; UAE constrained population count; 2025; approximately 100m; people per pixel,Observed Google Places competitors from the defined adaptive search; not an exhaustive UAE business census,Modelled 10-minute destination drive-time catchments using OpenRouteService and OpenStreetMap roads; not live traffic or observed customer origins,GROW,71.91,EMERGING,"Population and accessibility opportunity signal only. Validate income, rent, footfall, suitable real estate and full competitor inventory before investment."
140,GROW-102,1,996.37,71.88,71.88,23.952747,52.787174,,,8743a68a1ffffff,8743a68a1ffffff,Al Dhafra Branch,100.987,100.0,0,70,MEDIUM,"Strongest signals: coverage gap and population; main constraint: market activity. Internal income, rent, footfall and customer-origin data are unavailable.",WorldPop Global2 R2025A v1; UAE constrained population count; 2025; approximately 100m; people per pixel,Observed Google Places competitors from the defined adaptive search; not an exhaustive UAE business census,Modelled 10-minute destination drive-time catchments using OpenRouteService and OpenStreetMap roads; not live traffic or observed customer origins,GROW,71.88,EMERGING,"Population and accessibility opportunity signal only. Validate income, rent, footfall, suitable real estate and full competitor inventory before investment."
141,GROW-106,1,982.53,71.8,71.8,24.101064,53.393658,,,8743a6ac8ffffff,8743a6ac8ffffff,Al Dhafra Branch,61.873,100.0,0,70,MEDIUM,"Strongest signals: coverage gap and population; main constraint: market activity. Internal income, rent, footfall and customer-origin data are unavailable.",WorldPop Global2 R2025A v1; UAE constrained population count; 2025; approximately 100m; people per pixel,Observed Google Places competitors from the defined adaptive search; not an exhaustive UAE business census,Modelled 10-minute destination drive-time catchments using OpenRouteService and OpenStreetMap roads; not live traffic or observed customer origins,GROW,71.8,EMERGING,"Population and accessibility opportunity signal only. Validate income, rent, footfall, suitable real estate and full competitor inventory before investment."
142,GROW-109,1,970.49,71.7,71.7,23.719351,52.877756,,,8743a6c5effffff,8743a6c5effffff,Al Dhafra Branch,85.776,100.0,0,70,MEDIUM,"Strongest signals: coverage gap and population; main constraint: market activity. Internal income, rent, footfall and customer-origin data are unavailable.",WorldPop Global2 R2025A v1; UAE constrained population count; 2025; approximately 100m; people per pixel,Observed Google Places competitors from the defined adaptive search; not an exhaustive UAE business census,Modelled 10-minute destination drive-time catchments using OpenRouteService and OpenStreetMap roads; not live traffic or observed customer origins,GROW,71.7,EMERGING,"Population and accessibility opportunity signal only. Validate income, rent, footfall, suitable real estate and full competitor inventory before investment."
143,GROW-092,1,964.51,71.63,71.63,24.432088,55.042093,,,8743a3b75ffffff,8743a3b75ffffff,Al Falah,30.636,100.0,0,70,MEDIUM,"Strongest signals: coverage gap and population; main constraint: market activity. Internal income, rent, footfall and customer-origin data are unavailable.",WorldPop Global2 R2025A v1; UAE constrained population count; 2025; approximately 100m; people per pixel,Observed Google Places competitors from the defined adaptive search; not an exhaustive UAE business census,Modelled 10-minute destination drive-time catchments using OpenRouteService and OpenStreetMap roads; not live traffic or observed customer origins,GROW,71.63,EMERGING,"Population and accessibility opportunity signal only. Validate income, rent, footfall, suitable real estate and full competitor inventory before investment."
144,GROW-052,1,960.81,71.6,71.6,22.965922,54.161744,,,8743a241affffff,8743a241affffff,Al Dhafra Branch,86.664,100.0,0,70,MEDIUM,"Strongest signals: coverage gap and population; main constraint: market activity. Internal income, rent, footfall and customer-origin data are unavailable.",WorldPop Global2 R2025A v1; UAE constrained population count; 2025; approximately 100m; people per pixel,Observed Google Places competitors from the defined adaptive search; not an exhaustive UAE business census,Modelled 10-minute destination drive-time catchments using OpenRouteService and OpenStreetMap roads; not live traffic or observed customer origins,GROW,71.6,EMERGING,"Population and accessibility opportunity signal only. Validate income, rent, footfall, suitable real estate and full competitor inventory before investment."
145,GROW-108,1,947.95,71.55,71.55,24.049964,53.384379,,,8743a6ad8ffffff,8743a6ad8ffffff,Al Dhafra Branch,57.669,100.0,0,70,MEDIUM,"Strongest signals: coverage gap and population; main constraint: market activity. Internal income, rent, footfall and customer-origin data are unavailable.",WorldPop Global2 R2025A v1; UAE constrained population count; 2025; approximately 100m; people per pixel,Observed Google Places competitors from the defined adaptive search; not an exhaustive UAE business census,Modelled 10-minute destination drive-time catchments using OpenRouteService and OpenStreetMap roads; not live traffic or observed customer origins,GROW,71.55,EMERGING,"Population and accessibility opportunity signal only. Validate income, rent, footfall, suitable real estate and full competitor inventory before investment."
146,GROW-041,1,928.46,71.39,71.39,24.641471,55.125535,,,8743a1634ffffff,8743a1634ffffff,Jumeirah Park,44.408,100.0,0,70,MEDIUM,"Strongest signals: coverage gap and population; main constraint: market activity. Internal income, rent, footfall and customer-origin data are unavailable.",WorldPop Global2 R2025A v1; UAE constrained population count; 2025; approximately 100m; people per pixel,Observed Google Places competitors from the defined adaptive search; not an exhaustive UAE business census,Modelled 10-minute destination drive-time catchments using OpenRouteService and OpenStreetMap roads; not live traffic or observed customer origins,GROW,71.39,EMERGING,"Population and accessibility opportunity signal only. Validate income, rent, footfall, suitable real estate and full competitor inventory before investment."
147,GROW-023,1,916.1,71.35,71.35,24.763073,54.960172,,,8743a108affffff,8743a108affffff,Jumeirah Park,37.058,100.0,0,70,MEDIUM,"Strongest signals: coverage gap and population; main constraint: market activity. Internal income, rent, footfall and customer-origin data are unavailable.",WorldPop Global2 R2025A v1; UAE constrained population count; 2025; approximately 100m; people per pixel,Observed Google Places competitors from the defined adaptive search; not an exhaustive UAE business census,Modelled 10-minute destination drive-time catchments using OpenRouteService and OpenStreetMap roads; not live traffic or observed customer origins,GROW,71.35,EMERGING,"Population and accessibility opportunity signal only. Validate income, rent, footfall, suitable real estate and full competitor inventory before investment."
148,GROW-074,1,913.26,71.33,71.33,23.840333,55.453574,,,8743a3294ffffff,8743a3294ffffff,Al Ain,47.801,100.0,0,70,MEDIUM,"Strongest signals: coverage gap and population; main constraint: market activity. Internal income, rent, footfall and customer-origin data are unavailable.",WorldPop Global2 R2025A v1; UAE constrained population count; 2025; approximately 100m; people per pixel,Observed Google Places competitors from the defined adaptive search; not an exhaustive UAE business census,Modelled 10-minute destination drive-time catchments using OpenRouteService and OpenStreetMap roads; not live traffic or observed customer origins,GROW,71.33,EMERGING,"Population and accessibility opportunity signal only. Validate income, rent, footfall, suitable real estate and full competitor inventory before investment."
149,GROW-067,1,900.28,71.28,71.28,24.042799,55.457722,,,8743a3205ffffff,8743a3205ffffff,Al Ain,28.971,100.0,0,70,MEDIUM,"Strongest signals: coverage gap and population; main constraint: market activity. Internal income, rent, footfall and customer-origin data are unavailable.",WorldPop Global2 R2025A v1; UAE constrained population count; 2025; approximately 100m; people per pixel,Observed Google Places competitors from the defined adaptive search; not an exhaustive UAE business census,Modelled 10-minute destination drive-time catchments using OpenRouteService and OpenStreetMap roads; not live traffic or observed customer origins,GROW,71.28,EMERGING,"Population and accessibility opportunity signal only. Validate income, rent, footfall, suitable real estate and full competitor inventory before investment."
150,GROW-086,1,886.14,71.15,71.15,24.166705,54.868729,,,8743a38eeffffff,8743a38eeffffff,Baniyas,27.95,100.0,0,70,MEDIUM,"Strongest signals: coverage gap and population; main constraint: market activity. Internal income, rent, footfall and customer-origin data are unavailable.",WorldPop Global2 R2025A v1; UAE constrained population count; 2025; approximately 100m; people per pixel,Observed Google Places competitors from the defined adaptive search; not an exhaustive UAE business census,Modelled 10-minute destination drive-time catchments using OpenRouteService and OpenStreetMap roads; not live traffic or observed customer origins,GROW,71.15,EMERGING,"Population and accessibility opportunity signal only. Validate income, rent, footfall, suitable real estate and full competitor inventory before investment."
151,GROW-161,1,876.76,71.07,71.07,24.301167,55.695996,,,8743aecc2ffffff,8743aecc2ffffff,Al Ain,9.051,100.0,0,70,MEDIUM,"Strongest signals: coverage gap and population; main constraint: market activity. Internal income, rent, footfall and customer-origin data are unavailable.",WorldPop Global2 R2025A v1; UAE constrained population count; 2025; approximately 100m; people per pixel,Observed Google Places competitors from the defined adaptive search; not an exhaustive UAE business census,Modelled 10-minute destination drive-time catchments using OpenRouteService and OpenStreetMap roads; not live traffic or observed customer origins,GROW,71.07,EMERGING,"Population and accessibility opportunity signal only. Validate income, rent, footfall, suitable real estate and full competitor inventory before investment."
152,GROW-089,1,868.62,71.03,71.03,24.119884,55.079591,,,8743a3ab6ffffff,8743a3ab6ffffff,Baniyas,49.381,100.0,0,70,MEDIUM,"Strongest signals: coverage gap and population; main constraint: market activity. Internal income, rent, footfall and customer-origin data are unavailable.",WorldPop Global2 R2025A v1; UAE constrained population count; 2025; approximately 100m; people per pixel,Observed Google Places competitors from the defined adaptive search; not an exhaustive UAE business census,Modelled 10-minute destination drive-time catchments using OpenRouteService and OpenStreetMap roads; not live traffic or observed customer origins,GROW,71.03,EMERGING,"Population and accessibility opportunity signal only. Validate income, rent, footfall, suitable real estate and full competitor inventory before investment."
153,GROW-072,1,866.9,71.03,71.03,24.096644,55.508846,,,8743a3274ffffff,8743a3274ffffff,Al Ain,21.076,100.0,0,70,MEDIUM,"Strongest signals: coverage gap and population; main constraint: market activity. Internal income, rent, footfall and customer-origin data are unavailable.",WorldPop Global2 R2025A v1; UAE constrained population count; 2025; approximately 100m; people per pixel,Observed Google Places competitors from the defined adaptive search; not an exhaustive UAE business census,Modelled 10-minute destination drive-time catchments using OpenRouteService and OpenStreetMap roads; not live traffic or observed customer origins,GROW,71.03,EMERGING,"Population and accessibility opportunity signal only. Validate income, rent, footfall, suitable real estate and full competitor inventory before investment."
154,GROW-061,1,860.33,70.95,70.95,23.671923,53.841628,,,8743a282effffff,8743a282effffff,Al Dhafra Branch,13.874,100.0,0,70,MEDIUM,"Strongest signals: coverage gap and population; main constraint: market activity. Internal income, rent, footfall and customer-origin data are unavailable.",WorldPop Global2 R2025A v1; UAE constrained population count; 2025; approximately 100m; people per pixel,Observed Google Places competitors from the defined adaptive search; not an exhaustive UAE business census,Modelled 10-minute destination drive-time catchments using OpenRouteService and OpenStreetMap roads; not live traffic or observed customer origins,GROW,70.95,EMERGING,"Population and accessibility opportunity signal only. Validate income, rent, footfall, suitable real estate and full competitor inventory before investment."
155,GROW-043,4,3239.3,71.12,70.48,24.539394,55.230182,,,8743a16a1ffffff,8743a16a1ffffff,Al Falah,48.462,100.0,0,70,MEDIUM,"Strongest signals: coverage gap and population; main constraint: market activity. Internal income, rent, footfall and customer-origin data are unavailable.",WorldPop Global2 R2025A v1; UAE constrained population count; 2025; approximately 100m; people per pixel,Observed Google Places competitors from the defined adaptive search; not an exhaustive UAE business census,Modelled 10-minute destination drive-time catchments using OpenRouteService and OpenStreetMap roads; not live traffic or observed customer origins,GROW,70.93,EMERGING,"Population and accessibility opportunity signal only. Validate income, rent, footfall, suitable real estate and full competitor inventory before investment."
156,GROW-156,1,856.73,70.88,70.88,24.88437,56.209868,,,8743aea58ffffff,8743aea58ffffff,Al Taif Mall,28.696,100.0,0,70,MEDIUM,"Strongest signals: coverage gap and population; main constraint: market activity. Internal income, rent, footfall and customer-origin data are unavailable.",WorldPop Global2 R2025A v1; UAE constrained population count; 2025; approximately 100m; people per pixel,Observed Google Places competitors from the defined adaptive search; not an exhaustive UAE business census,Modelled 10-minute destination drive-time catchments using OpenRouteService and OpenStreetMap roads; not live traffic or observed customer origins,GROW,70.88,EMERGING,"Population and accessibility opportunity signal only. Validate income, rent, footfall, suitable real estate and full competitor inventory before investment."
157,GROW-160,1,831.58,70.64,70.64,24.299926,55.513183,,,8743aeca5ffffff,8743aeca5ffffff,Al Ain,16.964,100.0,0,70,MEDIUM,"Strongest signals: coverage gap and population; main constraint: market activity. Internal income, rent, footfall and customer-origin data are unavailable.",WorldPop Global2 R2025A v1; UAE constrained population count; 2025; approximately 100m; people per pixel,Observed Google Places competitors from the defined adaptive search; not an exhaustive UAE business census,Modelled 10-minute destination drive-time catchments using OpenRouteService and OpenStreetMap roads; not live traffic or observed customer origins,GROW,70.64,EMERGING,"Population and accessibility opportunity signal only. Validate income, rent, footfall, suitable real estate and full competitor inventory before investment."
158,GROW-134,1,826.9,70.62,70.62,24.97076,55.618888,,,8743ac59affffff,8743ac59affffff,Nad Al Sheba,32.723,100.0,0,70,MEDIUM,"Strongest signals: coverage gap and population; main constraint: market activity. Internal income, rent, footfall and customer-origin data are unavailable.",WorldPop Global2 R2025A v1; UAE constrained population count; 2025; approximately 100m; people per pixel,Observed Google Places competitors from the defined adaptive search; not an exhaustive UAE business census,Modelled 10-minute destination drive-time catchments using OpenRouteService and OpenStreetMap roads; not live traffic or observed customer origins,GROW,70.62,EMERGING,"Population and accessibility opportunity signal only. Validate income, rent, footfall, suitable real estate and full competitor inventory before investment."
159,GROW-045,1,826.73,70.6,70.6,24.539915,55.286811,,,8743a168dffffff,8743a168dffffff,Al Ain,51.395,100.0,0,70,MEDIUM,"Strongest signals: coverage gap and population; main constraint: market activity. Internal income, rent, footfall and customer-origin data are unavailable.",WorldPop Global2 R2025A v1; UAE constrained population count; 2025; approximately 100m; people per pixel,Observed Google Places competitors from the defined adaptive search; not an exhaustive UAE business census,Modelled 10-minute destination drive-time catchments using OpenRouteService and OpenStreetMap roads; not live traffic or observed customer origins,GROW,70.6,EMERGING,"Population and accessibility opportunity signal only. Validate income, rent, footfall, suitable real estate and full competitor inventory before investment."
160,GROW-004,1,3977.5,70.54,70.54,24.485354,54.342334,Tryp by Wyndham Abu Dhabi,Khalifa Bin Zayed The First St - Al Danah - Zone 1 - Abu Dhabi,8743a0220ffffff,8743a0220ffffff,Khaleej Al Arabi,3.164,70.25,35,70,MEDIUM,"Strongest signals: market activity and population; main constraint: competition headroom. Internal income, rent, footfall and customer-origin data are unavailable.",WorldPop Global2 R2025A v1; UAE constrained population count; 2025; approximately 100m; people per pixel,Observed Google Places competitors from the defined adaptive search; not an exhaustive UAE business census,Modelled 10-minute destination drive-time catchments using OpenRouteService and OpenStreetMap roads; not live traffic or observed customer origins,GROW,70.54,EMERGING,"Population and accessibility opportunity signal only. Validate income, rent, footfall, suitable real estate and full competitor inventory before investment."
161,GROW-090,1,814.59,70.45,70.45,24.238227,55.341502,,,8743a3ac8ffffff,8743a3ac8ffffff,Al Ain,32.318,100.0,0,70,MEDIUM,"Strongest signals: coverage gap and population; main constraint: market activity. Internal income, rent, footfall and customer-origin data are unavailable.",WorldPop Global2 R2025A v1; UAE constrained population count; 2025; approximately 100m; people per pixel,Observed Google Places competitors from the defined adaptive search; not an exhaustive UAE business census,Modelled 10-minute destination drive-time catchments using OpenRouteService and OpenStreetMap roads; not live traffic or observed customer origins,GROW,70.45,EMERGING,"Population and accessibility opportunity signal only. Validate income, rent, footfall, suitable real estate and full competitor inventory before investment."
162,GROW-026,1,805.98,70.4,70.4,24.82958,54.886464,,,8743a10acffffff,8743a10acffffff,Jumeirah Park,36.57,100.0,0,70,MEDIUM,"Strongest signals: coverage gap and population; main constraint: market activity. Internal income, rent, footfall and customer-origin data are unavailable.",WorldPop Global2 R2025A v1; UAE constrained population count; 2025; approximately 100m; people per pixel,Observed Google Places competitors from the defined adaptive search; not an exhaustive UAE business census,Modelled 10-minute destination drive-time catchments using OpenRouteService and OpenStreetMap roads; not live traffic or observed customer origins,GROW,70.4,EMERGING,"Population and accessibility opportunity signal only. Validate income, rent, footfall, suitable real estate and full competitor inventory before investment."
163,GROW-167,1,802.71,70.36,70.36,24.177928,51.998629,,,87534d1a8ffffff,87534d1a8ffffff,Al Dhafra Branch,184.799,100.0,0,70,MEDIUM,"Strongest signals: coverage gap and population; main constraint: market activity. Internal income, rent, footfall and customer-origin data are unavailable.",WorldPop Global2 R2025A v1; UAE constrained population count; 2025; approximately 100m; people per pixel,Observed Google Places competitors from the defined adaptive search; not an exhaustive UAE business census,Modelled 10-minute destination drive-time catchments using OpenRouteService and OpenStreetMap roads; not live traffic or observed customer origins,GROW,70.36,EMERGING,"Population and accessibility opportunity signal only. Validate income, rent, footfall, suitable real estate and full competitor inventory before investment."
164,GROW-136,1,795.31,70.31,70.31,25.224353,56.21466,,,8743ac656ffffff,8743ac656ffffff,Al Taif Mall,16.064,100.0,0,70,MEDIUM,"Strongest signals: coverage gap and population; main constraint: market activity. Internal income, rent, footfall and customer-origin data are unavailable.",WorldPop Global2 R2025A v1; UAE constrained population count; 2025; approximately 100m; people per pixel,Observed Google Places competitors from the defined adaptive search; not an exhaustive UAE business census,Modelled 10-minute destination drive-time catchments using OpenRouteService and OpenStreetMap roads; not live traffic or observed customer origins,GROW,70.31,EMERGING,"Population and accessibility opportunity signal only. Validate income, rent, footfall, suitable real estate and full competitor inventory before investment."
165,GROW-028,1,785.34,70.26,70.26,24.823984,54.805837,,,8743a118affffff,8743a118affffff,Shahama,35.959,100.0,0,70,MEDIUM,"Strongest signals: coverage gap and population; main constraint: market activity. Internal income, rent, footfall and customer-origin data are unavailable.",WorldPop Global2 R2025A v1; UAE constrained population count; 2025; approximately 100m; people per pixel,Observed Google Places competitors from the defined adaptive search; not an exhaustive UAE business census,Modelled 10-minute destination drive-time catchments using OpenRouteService and OpenStreetMap roads; not live traffic or observed customer origins,GROW,70.26,EMERGING,"Population and accessibility opportunity signal only. Validate income, rent, footfall, suitable real estate and full competitor inventory before investment."
166,GROW-137,1,782.46,70.23,70.23,25.270227,56.289834,,,8743ac65dffffff,8743ac65dffffff,Al Taif Mall,17.054,100.0,0,70,MEDIUM,"Strongest signals: coverage gap and population; main constraint: market activity. Internal income, rent, footfall and customer-origin data are unavailable.",WorldPop Global2 R2025A v1; UAE constrained population count; 2025; approximately 100m; people per pixel,Observed Google Places competitors from the defined adaptive search; not an exhaustive UAE business census,Modelled 10-minute destination drive-time catchments using OpenRouteService and OpenStreetMap roads; not live traffic or observed customer origins,GROW,70.23,EMERGING,"Population and accessibility opportunity signal only. Validate income, rent, footfall, suitable real estate and full competitor inventory before investment."
167,GROW-054,1,781.85,70.23,70.23,22.971153,54.239695,,,8743a24c4ffffff,8743a24c4ffffff,Al Dhafra Branch,90.645,100.0,0,70,MEDIUM,"Strongest signals: coverage gap and population; main constraint: market activity. Internal income, rent, footfall and customer-origin data are unavailable.",WorldPop Global2 R2025A v1; UAE constrained population count; 2025; approximately 100m; people per pixel,Observed Google Places competitors from the defined adaptive search; not an exhaustive UAE business census,Modelled 10-minute destination drive-time catchments using OpenRouteService and OpenStreetMap roads; not live traffic or observed customer origins,GROW,70.23,EMERGING,"Population and accessibility opportunity signal only. Validate income, rent, footfall, suitable real estate and full competitor inventory before investment."
168,GROW-075,1,780.8,70.21,70.21,23.920251,55.43925,,,8743a32a0ffffff,8743a32a0ffffff,Al Ain,40.782,100.0,0,70,MEDIUM,"Strongest signals: coverage gap and population; main constraint: market activity. Internal income, rent, footfall and customer-origin data are unavailable.",WorldPop Global2 R2025A v1; UAE constrained population count; 2025; approximately 100m; people per pixel,Observed Google Places competitors from the defined adaptive search; not an exhaustive UAE business census,Modelled 10-minute destination drive-time catchments using OpenRouteService and OpenStreetMap roads; not live traffic or observed customer origins,GROW,70.21,EMERGING,"Population and accessibility opportunity signal only. Validate income, rent, footfall, suitable real estate and full competitor inventory before investment."
169,GROW-027,1,772.69,70.15,70.15,24.841355,54.761719,,,8743a1181ffffff,8743a1181ffffff,Shahama,36.396,100.0,0,70,MEDIUM,"Strongest signals: coverage gap and population; main constraint: market activity. Internal income, rent, footfall and customer-origin data are unavailable.",WorldPop Global2 R2025A v1; UAE constrained population count; 2025; approximately 100m; people per pixel,Observed Google Places competitors from the defined adaptive search; not an exhaustive UAE business census,Modelled 10-minute destination drive-time catchments using OpenRouteService and OpenStreetMap roads; not live traffic or observed customer origins,GROW,70.15,EMERGING,"Population and accessibility opportunity signal only. Validate income, rent, footfall, suitable real estate and full competitor inventory before investment."
170,GROW-091,1,759.38,70.05,70.05,24.417317,55.126092,,,8743a3b43ffffff,8743a3b43ffffff,Al Falah,39.222,100.0,0,70,MEDIUM,"Strongest signals: coverage gap and population; main constraint: market activity. Internal income, rent, footfall and customer-origin data are unavailable.",WorldPop Global2 R2025A v1; UAE constrained population count; 2025; approximately 100m; people per pixel,Observed Google Places competitors from the defined adaptive search; not an exhaustive UAE business census,Modelled 10-minute destination drive-time catchments using OpenRouteService and OpenStreetMap roads; not live traffic or observed customer origins,GROW,70.05,EMERGING,"Population and accessibility opportunity signal only. Validate income, rent, footfall, suitable real estate and full competitor inventory before investment."
171,GROW-078,1,755.83,70.0,70.0,23.496844,55.434674,,,8743a369cffffff,8743a369cffffff,Al Ain,84.327,100.0,0,70,MEDIUM,"Strongest signals: coverage gap and population; main constraint: market activity. Internal income, rent, footfall and customer-origin data are unavailable.",WorldPop Global2 R2025A v1; UAE constrained population count; 2025; approximately 100m; people per pixel,Observed Google Places competitors from the defined adaptive search; not an exhaustive UAE business census,Modelled 10-minute destination drive-time catchments using OpenRouteService and OpenStreetMap roads; not live traffic or observed customer origins,GROW,70.0,EMERGING,"Population and accessibility opportunity signal only. Validate income, rent, footfall, suitable real estate and full competitor inventory before investment."
