travel_minutes,branch_a_id,branch_a_name,branch_b_id,branch_b_name,branch_a_area_km2,branch_b_area_km2,intersection_area_km2,overlap_pct_of_branch_a,overlap_pct_of_branch_b,jaccard_overlap_pct,catchment_data_scope
5,37,Al Ain,46,Al Dhafra Branch,19.189,21.3044,0.0,0.0,0.0,0.0,Modelled destination drive-time isochrone from OpenStreetMap road-network data; not an observed customer-origin catchment and not live-traffic based
5,37,Al Ain,39,Al Falah,19.189,8.6416,0.0,0.0,0.0,0.0,Modelled destination drive-time isochrone from OpenStreetMap road-network data; not an observed customer-origin catchment and not live-traffic based
5,37,Al Ain,50,Al Jada,19.189,7.3439,0.0,0.0,0.0,0.0,Modelled destination drive-time isochrone from OpenStreetMap road-network data; not an observed customer-origin catchment and not live-traffic based
5,37,Al Ain,45,Al Maqta,19.189,13.2935,0.0,0.0,0.0,0.0,Modelled destination drive-time isochrone from OpenStreetMap road-network data; not an observed customer-origin catchment and not live-traffic based
5,37,Al Ain,51,Al Taif Mall,19.189,14.8058,0.0,0.0,0.0,0.0,Modelled destination drive-time isochrone from OpenStreetMap road-network data; not an observed customer-origin catchment and not live-traffic based
5,37,Al Ain,38,Delma,19.189,28.8073,0.0,0.0,0.0,0.0,Modelled destination drive-time isochrone from OpenStreetMap road-network data; not an observed customer-origin catchment and not live-traffic based
5,37,Al Ain,40,Khaleej Al Arabi,19.189,29.4027,0.0,0.0,0.0,0.0,Modelled destination drive-time isochrone from OpenStreetMap road-network data; not an observed customer-origin catchment and not live-traffic based
5,37,Al Ain,41,Khalifa City A,19.189,9.1716,0.0,0.0,0.0,0.0,Modelled destination drive-time isochrone from OpenStreetMap road-network data; not an observed customer-origin catchment and not live-traffic based
5,37,Al Ain,43,Ministries Complex,19.189,8.3253,0.0,0.0,0.0,0.0,Modelled destination drive-time isochrone from OpenStreetMap road-network data; not an observed customer-origin catchment and not live-traffic based
5,37,Al Ain,44,Mohammed Bin Zayed City,19.189,16.2684,0.0,0.0,0.0,0.0,Modelled destination drive-time isochrone from OpenStreetMap road-network data; not an observed customer-origin catchment and not live-traffic based
5,37,Al Ain,52,Noya Plaza,19.189,4.2488,0.0,0.0,0.0,0.0,Modelled destination drive-time isochrone from OpenStreetMap road-network data; not an observed customer-origin catchment and not live-traffic based
5,37,Al Ain,48,Ras Al Khaimah,19.189,16.9396,0.0,0.0,0.0,0.0,Modelled destination drive-time isochrone from OpenStreetMap road-network data; not an observed customer-origin catchment and not live-traffic based
5,37,Al Ain,42,Shakhbout City,19.189,30.6618,0.0,0.0,0.0,0.0,Modelled destination drive-time isochrone from OpenStreetMap road-network data; not an observed customer-origin catchment and not live-traffic based
5,37,Al Ain,49,Zawaya Walk,19.189,21.0575,0.0,0.0,0.0,0.0,Modelled destination drive-time isochrone from OpenStreetMap road-network data; not an observed customer-origin catchment and not live-traffic based
5,37,Al Ain,47,Zayed International Airport,19.189,2.8633,0.0,0.0,0.0,0.0,Modelled destination drive-time isochrone from OpenStreetMap road-network data; not an observed customer-origin catchment and not live-traffic based
5,30,Al Barsha,37,Al Ain,15.3575,19.189,0.0,0.0,0.0,0.0,Modelled destination drive-time isochrone from OpenStreetMap road-network data; not an observed customer-origin catchment and not live-traffic based
5,30,Al Barsha,46,Al Dhafra Branch,15.3575,21.3044,0.0,0.0,0.0,0.0,Modelled destination drive-time isochrone from OpenStreetMap road-network data; not an observed customer-origin catchment and not live-traffic based
5,30,Al Barsha,39,Al Falah,15.3575,8.6416,0.0,0.0,0.0,0.0,Modelled destination drive-time isochrone from OpenStreetMap road-network data; not an observed customer-origin catchment and not live-traffic based
5,30,Al Barsha,50,Al Jada,15.3575,7.3439,0.0,0.0,0.0,0.0,Modelled destination drive-time isochrone from OpenStreetMap road-network data; not an observed customer-origin catchment and not live-traffic based
5,30,Al Barsha,45,Al Maqta,15.3575,13.2935,0.0,0.0,0.0,0.0,Modelled destination drive-time isochrone from OpenStreetMap road-network data; not an observed customer-origin catchment and not live-traffic based
5,30,Al Barsha,51,Al Taif Mall,15.3575,14.8058,0.0,0.0,0.0,0.0,Modelled destination drive-time isochrone from OpenStreetMap road-network data; not an observed customer-origin catchment and not live-traffic based
5,30,Al Barsha,36,Baniyas,15.3575,11.8167,0.0,0.0,0.0,0.0,Modelled destination drive-time isochrone from OpenStreetMap road-network data; not an observed customer-origin catchment and not live-traffic based
5,30,Al Barsha,38,Delma,15.3575,28.8073,0.0,0.0,0.0,0.0,Modelled destination drive-time isochrone from OpenStreetMap road-network data; not an observed customer-origin catchment and not live-traffic based
5,30,Al Barsha,32,Jumeirah Park,15.3575,9.9646,0.0,0.0,0.0,0.0,Modelled destination drive-time isochrone from OpenStreetMap road-network data; not an observed customer-origin catchment and not live-traffic based
5,30,Al Barsha,40,Khaleej Al Arabi,15.3575,29.4027,0.0,0.0,0.0,0.0,Modelled destination drive-time isochrone from OpenStreetMap road-network data; not an observed customer-origin catchment and not live-traffic based
5,30,Al Barsha,41,Khalifa City A,15.3575,9.1716,0.0,0.0,0.0,0.0,Modelled destination drive-time isochrone from OpenStreetMap road-network data; not an observed customer-origin catchment and not live-traffic based
5,30,Al Barsha,43,Ministries Complex,15.3575,8.3253,0.0,0.0,0.0,0.0,Modelled destination drive-time isochrone from OpenStreetMap road-network data; not an observed customer-origin catchment and not live-traffic based
5,30,Al Barsha,44,Mohammed Bin Zayed City,15.3575,16.2684,0.0,0.0,0.0,0.0,Modelled destination drive-time isochrone from OpenStreetMap road-network data; not an observed customer-origin catchment and not live-traffic based
5,30,Al Barsha,31,Nad Al Sheba,15.3575,14.124,0.0,0.0,0.0,0.0,Modelled destination drive-time isochrone from OpenStreetMap road-network data; not an observed customer-origin catchment and not live-traffic based
5,30,Al Barsha,52,Noya Plaza,15.3575,4.2488,0.0,0.0,0.0,0.0,Modelled destination drive-time isochrone from OpenStreetMap road-network data; not an observed customer-origin catchment and not live-traffic based
5,30,Al Barsha,48,Ras Al Khaimah,15.3575,16.9396,0.0,0.0,0.0,0.0,Modelled destination drive-time isochrone from OpenStreetMap road-network data; not an observed customer-origin catchment and not live-traffic based
5,30,Al Barsha,35,Shahama,15.3575,11.986,0.0,0.0,0.0,0.0,Modelled destination drive-time isochrone from OpenStreetMap road-network data; not an observed customer-origin catchment and not live-traffic based
5,30,Al Barsha,42,Shakhbout City,15.3575,30.6618,0.0,0.0,0.0,0.0,Modelled destination drive-time isochrone from OpenStreetMap road-network data; not an observed customer-origin catchment and not live-traffic based
5,30,Al Barsha,34,Westyas Branch,15.3575,8.7625,0.0,0.0,0.0,0.0,Modelled destination drive-time isochrone from OpenStreetMap road-network data; not an observed customer-origin catchment and not live-traffic based
5,30,Al Barsha,49,Zawaya Walk,15.3575,21.0575,0.0,0.0,0.0,0.0,Modelled destination drive-time isochrone from OpenStreetMap road-network data; not an observed customer-origin catchment and not live-traffic based
5,30,Al Barsha,47,Zayed International Airport,15.3575,2.8633,0.0,0.0,0.0,0.0,Modelled destination drive-time isochrone from OpenStreetMap road-network data; not an observed customer-origin catchment and not live-traffic based
5,46,Al Dhafra Branch,50,Al Jada,21.3044,7.3439,0.0,0.0,0.0,0.0,Modelled destination drive-time isochrone from OpenStreetMap road-network data; not an observed customer-origin catchment and not live-traffic based
5,46,Al Dhafra Branch,51,Al Taif Mall,21.3044,14.8058,0.0,0.0,0.0,0.0,Modelled destination drive-time isochrone from OpenStreetMap road-network data; not an observed customer-origin catchment and not live-traffic based
5,46,Al Dhafra Branch,52,Noya Plaza,21.3044,4.2488,0.0,0.0,0.0,0.0,Modelled destination drive-time isochrone from OpenStreetMap road-network data; not an observed customer-origin catchment and not live-traffic based
5,46,Al Dhafra Branch,48,Ras Al Khaimah,21.3044,16.9396,0.0,0.0,0.0,0.0,Modelled destination drive-time isochrone from OpenStreetMap road-network data; not an observed customer-origin catchment and not live-traffic based
5,46,Al Dhafra Branch,49,Zawaya Walk,21.3044,21.0575,0.0,0.0,0.0,0.0,Modelled destination drive-time isochrone from OpenStreetMap road-network data; not an observed customer-origin catchment and not live-traffic based
5,46,Al Dhafra Branch,47,Zayed International Airport,21.3044,2.8633,0.0,0.0,0.0,0.0,Modelled destination drive-time isochrone from OpenStreetMap road-network data; not an observed customer-origin catchment and not live-traffic based
5,39,Al Falah,46,Al Dhafra Branch,8.6416,21.3044,0.0,0.0,0.0,0.0,Modelled destination drive-time isochrone from OpenStreetMap road-network data; not an observed customer-origin catchment and not live-traffic based
5,39,Al Falah,50,Al Jada,8.6416,7.3439,0.0,0.0,0.0,0.0,Modelled destination drive-time isochrone from OpenStreetMap road-network data; not an observed customer-origin catchment and not live-traffic based
5,39,Al Falah,45,Al Maqta,8.6416,13.2935,0.0,0.0,0.0,0.0,Modelled destination drive-time isochrone from OpenStreetMap road-network data; not an observed customer-origin catchment and not live-traffic based
5,39,Al Falah,51,Al Taif Mall,8.6416,14.8058,0.0,0.0,0.0,0.0,Modelled destination drive-time isochrone from OpenStreetMap road-network data; not an observed customer-origin catchment and not live-traffic based
5,39,Al Falah,40,Khaleej Al Arabi,8.6416,29.4027,0.0,0.0,0.0,0.0,Modelled destination drive-time isochrone from OpenStreetMap road-network data; not an observed customer-origin catchment and not live-traffic based
5,39,Al Falah,41,Khalifa City A,8.6416,9.1716,0.0,0.0,0.0,0.0,Modelled destination drive-time isochrone from OpenStreetMap road-network data; not an observed customer-origin catchment and not live-traffic based
5,39,Al Falah,43,Ministries Complex,8.6416,8.3253,0.0,0.0,0.0,0.0,Modelled destination drive-time isochrone from OpenStreetMap road-network data; not an observed customer-origin catchment and not live-traffic based
5,39,Al Falah,44,Mohammed Bin Zayed City,8.6416,16.2684,0.0,0.0,0.0,0.0,Modelled destination drive-time isochrone from OpenStreetMap road-network data; not an observed customer-origin catchment and not live-traffic based
5,39,Al Falah,52,Noya Plaza,8.6416,4.2488,0.0,0.0,0.0,0.0,Modelled destination drive-time isochrone from OpenStreetMap road-network data; not an observed customer-origin catchment and not live-traffic based
5,39,Al Falah,48,Ras Al Khaimah,8.6416,16.9396,0.0,0.0,0.0,0.0,Modelled destination drive-time isochrone from OpenStreetMap road-network data; not an observed customer-origin catchment and not live-traffic based
5,39,Al Falah,42,Shakhbout City,8.6416,30.6618,0.0,0.0,0.0,0.0,Modelled destination drive-time isochrone from OpenStreetMap road-network data; not an observed customer-origin catchment and not live-traffic based
5,39,Al Falah,49,Zawaya Walk,8.6416,21.0575,0.0,0.0,0.0,0.0,Modelled destination drive-time isochrone from OpenStreetMap road-network data; not an observed customer-origin catchment and not live-traffic based
5,39,Al Falah,47,Zayed International Airport,8.6416,2.8633,0.0,0.0,0.0,0.0,Modelled destination drive-time isochrone from OpenStreetMap road-network data; not an observed customer-origin catchment and not live-traffic based
5,50,Al Jada,51,Al Taif Mall,7.3439,14.8058,0.0,0.0,0.0,0.0,Modelled destination drive-time isochrone from OpenStreetMap road-network data; not an observed customer-origin catchment and not live-traffic based
5,50,Al Jada,52,Noya Plaza,7.3439,4.2488,0.0,0.0,0.0,0.0,Modelled destination drive-time isochrone from OpenStreetMap road-network data; not an observed customer-origin catchment and not live-traffic based
5,45,Al Maqta,46,Al Dhafra Branch,13.2935,21.3044,0.0,0.0,0.0,0.0,Modelled destination drive-time isochrone from OpenStreetMap road-network data; not an observed customer-origin catchment and not live-traffic based
5,45,Al Maqta,50,Al Jada,13.2935,7.3439,0.0,0.0,0.0,0.0,Modelled destination drive-time isochrone from OpenStreetMap road-network data; not an observed customer-origin catchment and not live-traffic based
5,45,Al Maqta,51,Al Taif Mall,13.2935,14.8058,0.0,0.0,0.0,0.0,Modelled destination drive-time isochrone from OpenStreetMap road-network data; not an observed customer-origin catchment and not live-traffic based
5,45,Al Maqta,52,Noya Plaza,13.2935,4.2488,0.0,0.0,0.0,0.0,Modelled destination drive-time isochrone from OpenStreetMap road-network data; not an observed customer-origin catchment and not live-traffic based
5,45,Al Maqta,48,Ras Al Khaimah,13.2935,16.9396,0.0,0.0,0.0,0.0,Modelled destination drive-time isochrone from OpenStreetMap road-network data; not an observed customer-origin catchment and not live-traffic based
5,45,Al Maqta,49,Zawaya Walk,13.2935,21.0575,0.0,0.0,0.0,0.0,Modelled destination drive-time isochrone from OpenStreetMap road-network data; not an observed customer-origin catchment and not live-traffic based
5,45,Al Maqta,47,Zayed International Airport,13.2935,2.8633,0.0,0.0,0.0,0.0,Modelled destination drive-time isochrone from OpenStreetMap road-network data; not an observed customer-origin catchment and not live-traffic based
5,51,Al Taif Mall,52,Noya Plaza,14.8058,4.2488,0.0,0.0,0.0,0.0,Modelled destination drive-time isochrone from OpenStreetMap road-network data; not an observed customer-origin catchment and not live-traffic based
5,36,Baniyas,37,Al Ain,11.8167,19.189,0.0,0.0,0.0,0.0,Modelled destination drive-time isochrone from OpenStreetMap road-network data; not an observed customer-origin catchment and not live-traffic based
5,36,Baniyas,46,Al Dhafra Branch,11.8167,21.3044,0.0,0.0,0.0,0.0,Modelled destination drive-time isochrone from OpenStreetMap road-network data; not an observed customer-origin catchment and not live-traffic based
5,36,Baniyas,39,Al Falah,11.8167,8.6416,0.0,0.0,0.0,0.0,Modelled destination drive-time isochrone from OpenStreetMap road-network data; not an observed customer-origin catchment and not live-traffic based
5,36,Baniyas,50,Al Jada,11.8167,7.3439,0.0,0.0,0.0,0.0,Modelled destination drive-time isochrone from OpenStreetMap road-network data; not an observed customer-origin catchment and not live-traffic based
5,36,Baniyas,45,Al Maqta,11.8167,13.2935,0.0,0.0,0.0,0.0,Modelled destination drive-time isochrone from OpenStreetMap road-network data; not an observed customer-origin catchment and not live-traffic based
5,36,Baniyas,51,Al Taif Mall,11.8167,14.8058,0.0,0.0,0.0,0.0,Modelled destination drive-time isochrone from OpenStreetMap road-network data; not an observed customer-origin catchment and not live-traffic based
5,36,Baniyas,38,Delma,11.8167,28.8073,0.0,0.0,0.0,0.0,Modelled destination drive-time isochrone from OpenStreetMap road-network data; not an observed customer-origin catchment and not live-traffic based
5,36,Baniyas,40,Khaleej Al Arabi,11.8167,29.4027,0.0,0.0,0.0,0.0,Modelled destination drive-time isochrone from OpenStreetMap road-network data; not an observed customer-origin catchment and not live-traffic based
5,36,Baniyas,41,Khalifa City A,11.8167,9.1716,0.0,0.0,0.0,0.0,Modelled destination drive-time isochrone from OpenStreetMap road-network data; not an observed customer-origin catchment and not live-traffic based
5,36,Baniyas,43,Ministries Complex,11.8167,8.3253,0.0,0.0,0.0,0.0,Modelled destination drive-time isochrone from OpenStreetMap road-network data; not an observed customer-origin catchment and not live-traffic based
5,36,Baniyas,44,Mohammed Bin Zayed City,11.8167,16.2684,0.0,0.0,0.0,0.0,Modelled destination drive-time isochrone from OpenStreetMap road-network data; not an observed customer-origin catchment and not live-traffic based
5,36,Baniyas,52,Noya Plaza,11.8167,4.2488,0.0,0.0,0.0,0.0,Modelled destination drive-time isochrone from OpenStreetMap road-network data; not an observed customer-origin catchment and not live-traffic based
5,36,Baniyas,48,Ras Al Khaimah,11.8167,16.9396,0.0,0.0,0.0,0.0,Modelled destination drive-time isochrone from OpenStreetMap road-network data; not an observed customer-origin catchment and not live-traffic based
5,36,Baniyas,42,Shakhbout City,11.8167,30.6618,0.0,0.0,0.0,0.0,Modelled destination drive-time isochrone from OpenStreetMap road-network data; not an observed customer-origin catchment and not live-traffic based
5,36,Baniyas,49,Zawaya Walk,11.8167,21.0575,0.0,0.0,0.0,0.0,Modelled destination drive-time isochrone from OpenStreetMap road-network data; not an observed customer-origin catchment and not live-traffic based
5,36,Baniyas,47,Zayed International Airport,11.8167,2.8633,0.0,0.0,0.0,0.0,Modelled destination drive-time isochrone from OpenStreetMap road-network data; not an observed customer-origin catchment and not live-traffic based
5,28,City Walk,37,Al Ain,8.1436,19.189,0.0,0.0,0.0,0.0,Modelled destination drive-time isochrone from OpenStreetMap road-network data; not an observed customer-origin catchment and not live-traffic based
5,28,City Walk,30,Al Barsha,8.1436,15.3575,0.0,0.0,0.0,0.0,Modelled destination drive-time isochrone from OpenStreetMap road-network data; not an observed customer-origin catchment and not live-traffic based
5,28,City Walk,46,Al Dhafra Branch,8.1436,21.3044,0.0,0.0,0.0,0.0,Modelled destination drive-time isochrone from OpenStreetMap road-network data; not an observed customer-origin catchment and not live-traffic based
5,28,City Walk,39,Al Falah,8.1436,8.6416,0.0,0.0,0.0,0.0,Modelled destination drive-time isochrone from OpenStreetMap road-network data; not an observed customer-origin catchment and not live-traffic based
5,28,City Walk,50,Al Jada,8.1436,7.3439,0.0,0.0,0.0,0.0,Modelled destination drive-time isochrone from OpenStreetMap road-network data; not an observed customer-origin catchment and not live-traffic based
5,28,City Walk,45,Al Maqta,8.1436,13.2935,0.0,0.0,0.0,0.0,Modelled destination drive-time isochrone from OpenStreetMap road-network data; not an observed customer-origin catchment and not live-traffic based
5,28,City Walk,51,Al Taif Mall,8.1436,14.8058,0.0,0.0,0.0,0.0,Modelled destination drive-time isochrone from OpenStreetMap road-network data; not an observed customer-origin catchment and not live-traffic based
5,28,City Walk,36,Baniyas,8.1436,11.8167,0.0,0.0,0.0,0.0,Modelled destination drive-time isochrone from OpenStreetMap road-network data; not an observed customer-origin catchment and not live-traffic based
5,28,City Walk,38,Delma,8.1436,28.8073,0.0,0.0,0.0,0.0,Modelled destination drive-time isochrone from OpenStreetMap road-network data; not an observed customer-origin catchment and not live-traffic based
5,28,City Walk,32,Jumeirah Park,8.1436,9.9646,0.0,0.0,0.0,0.0,Modelled destination drive-time isochrone from OpenStreetMap road-network data; not an observed customer-origin catchment and not live-traffic based
5,28,City Walk,40,Khaleej Al Arabi,8.1436,29.4027,0.0,0.0,0.0,0.0,Modelled destination drive-time isochrone from OpenStreetMap road-network data; not an observed customer-origin catchment and not live-traffic based
5,28,City Walk,41,Khalifa City A,8.1436,9.1716,0.0,0.0,0.0,0.0,Modelled destination drive-time isochrone from OpenStreetMap road-network data; not an observed customer-origin catchment and not live-traffic based
5,28,City Walk,43,Ministries Complex,8.1436,8.3253,0.0,0.0,0.0,0.0,Modelled destination drive-time isochrone from OpenStreetMap road-network data; not an observed customer-origin catchment and not live-traffic based
5,28,City Walk,29,Mirdif 35,8.1436,8.411,0.0,0.0,0.0,0.0,Modelled destination drive-time isochrone from OpenStreetMap road-network data; not an observed customer-origin catchment and not live-traffic based
5,28,City Walk,44,Mohammed Bin Zayed City,8.1436,16.2684,0.0,0.0,0.0,0.0,Modelled destination drive-time isochrone from OpenStreetMap road-network data; not an observed customer-origin catchment and not live-traffic based
5,28,City Walk,31,Nad Al Sheba,8.1436,14.124,0.0,0.0,0.0,0.0,Modelled destination drive-time isochrone from OpenStreetMap road-network data; not an observed customer-origin catchment and not live-traffic based
5,28,City Walk,52,Noya Plaza,8.1436,4.2488,0.0,0.0,0.0,0.0,Modelled destination drive-time isochrone from OpenStreetMap road-network data; not an observed customer-origin catchment and not live-traffic based
5,28,City Walk,48,Ras Al Khaimah,8.1436,16.9396,0.0,0.0,0.0,0.0,Modelled destination drive-time isochrone from OpenStreetMap road-network data; not an observed customer-origin catchment and not live-traffic based
5,28,City Walk,35,Shahama,8.1436,11.986,0.0,0.0,0.0,0.0,Modelled destination drive-time isochrone from OpenStreetMap road-network data; not an observed customer-origin catchment and not live-traffic based
5,28,City Walk,42,Shakhbout City,8.1436,30.6618,0.0,0.0,0.0,0.0,Modelled destination drive-time isochrone from OpenStreetMap road-network data; not an observed customer-origin catchment and not live-traffic based
5,28,City Walk,34,Westyas Branch,8.1436,8.7625,0.0,0.0,0.0,0.0,Modelled destination drive-time isochrone from OpenStreetMap road-network data; not an observed customer-origin catchment and not live-traffic based
5,28,City Walk,49,Zawaya Walk,8.1436,21.0575,0.0,0.0,0.0,0.0,Modelled destination drive-time isochrone from OpenStreetMap road-network data; not an observed customer-origin catchment and not live-traffic based
5,28,City Walk,47,Zayed International Airport,8.1436,2.8633,0.0,0.0,0.0,0.0,Modelled destination drive-time isochrone from OpenStreetMap road-network data; not an observed customer-origin catchment and not live-traffic based
5,38,Delma,46,Al Dhafra Branch,28.8073,21.3044,0.0,0.0,0.0,0.0,Modelled destination drive-time isochrone from OpenStreetMap road-network data; not an observed customer-origin catchment and not live-traffic based
5,38,Delma,39,Al Falah,28.8073,8.6416,0.0,0.0,0.0,0.0,Modelled destination drive-time isochrone from OpenStreetMap road-network data; not an observed customer-origin catchment and not live-traffic based
5,38,Delma,50,Al Jada,28.8073,7.3439,0.0,0.0,0.0,0.0,Modelled destination drive-time isochrone from OpenStreetMap road-network data; not an observed customer-origin catchment and not live-traffic based
5,38,Delma,45,Al Maqta,28.8073,13.2935,0.0,0.0,0.0,0.0,Modelled destination drive-time isochrone from OpenStreetMap road-network data; not an observed customer-origin catchment and not live-traffic based
5,38,Delma,51,Al Taif Mall,28.8073,14.8058,0.0,0.0,0.0,0.0,Modelled destination drive-time isochrone from OpenStreetMap road-network data; not an observed customer-origin catchment and not live-traffic based
5,38,Delma,40,Khaleej Al Arabi,28.8073,29.4027,13.2371,45.9503,45.0199,29.4334,Modelled destination drive-time isochrone from OpenStreetMap road-network data; not an observed customer-origin catchment and not live-traffic based
5,38,Delma,41,Khalifa City A,28.8073,9.1716,0.0,0.0,0.0,0.0,Modelled destination drive-time isochrone from OpenStreetMap road-network data; not an observed customer-origin catchment and not live-traffic based
5,38,Delma,43,Ministries Complex,28.8073,8.3253,0.0,0.0,0.0,0.0,Modelled destination drive-time isochrone from OpenStreetMap road-network data; not an observed customer-origin catchment and not live-traffic based
5,38,Delma,44,Mohammed Bin Zayed City,28.8073,16.2684,0.0,0.0,0.0,0.0,Modelled destination drive-time isochrone from OpenStreetMap road-network data; not an observed customer-origin catchment and not live-traffic based
5,38,Delma,52,Noya Plaza,28.8073,4.2488,0.0,0.0,0.0,0.0,Modelled destination drive-time isochrone from OpenStreetMap road-network data; not an observed customer-origin catchment and not live-traffic based
5,38,Delma,48,Ras Al Khaimah,28.8073,16.9396,0.0,0.0,0.0,0.0,Modelled destination drive-time isochrone from OpenStreetMap road-network data; not an observed customer-origin catchment and not live-traffic based
5,38,Delma,42,Shakhbout City,28.8073,30.6618,0.0,0.0,0.0,0.0,Modelled destination drive-time isochrone from OpenStreetMap road-network data; not an observed customer-origin catchment and not live-traffic based
5,38,Delma,49,Zawaya Walk,28.8073,21.0575,0.0,0.0,0.0,0.0,Modelled destination drive-time isochrone from OpenStreetMap road-network data; not an observed customer-origin catchment and not live-traffic based
5,38,Delma,47,Zayed International Airport,28.8073,2.8633,0.0,0.0,0.0,0.0,Modelled destination drive-time isochrone from OpenStreetMap road-network data; not an observed customer-origin catchment and not live-traffic based
5,32,Jumeirah Park,37,Al Ain,9.9646,19.189,0.0,0.0,0.0,0.0,Modelled destination drive-time isochrone from OpenStreetMap road-network data; not an observed customer-origin catchment and not live-traffic based
5,32,Jumeirah Park,46,Al Dhafra Branch,9.9646,21.3044,0.0,0.0,0.0,0.0,Modelled destination drive-time isochrone from OpenStreetMap road-network data; not an observed customer-origin catchment and not live-traffic based
5,32,Jumeirah Park,39,Al Falah,9.9646,8.6416,0.0,0.0,0.0,0.0,Modelled destination drive-time isochrone from OpenStreetMap road-network data; not an observed customer-origin catchment and not live-traffic based
5,32,Jumeirah Park,50,Al Jada,9.9646,7.3439,0.0,0.0,0.0,0.0,Modelled destination drive-time isochrone from OpenStreetMap road-network data; not an observed customer-origin catchment and not live-traffic based
5,32,Jumeirah Park,45,Al Maqta,9.9646,13.2935,0.0,0.0,0.0,0.0,Modelled destination drive-time isochrone from OpenStreetMap road-network data; not an observed customer-origin catchment and not live-traffic based
5,32,Jumeirah Park,51,Al Taif Mall,9.9646,14.8058,0.0,0.0,0.0,0.0,Modelled destination drive-time isochrone from OpenStreetMap road-network data; not an observed customer-origin catchment and not live-traffic based
5,32,Jumeirah Park,36,Baniyas,9.9646,11.8167,0.0,0.0,0.0,0.0,Modelled destination drive-time isochrone from OpenStreetMap road-network data; not an observed customer-origin catchment and not live-traffic based
5,32,Jumeirah Park,38,Delma,9.9646,28.8073,0.0,0.0,0.0,0.0,Modelled destination drive-time isochrone from OpenStreetMap road-network data; not an observed customer-origin catchment and not live-traffic based
5,32,Jumeirah Park,40,Khaleej Al Arabi,9.9646,29.4027,0.0,0.0,0.0,0.0,Modelled destination drive-time isochrone from OpenStreetMap road-network data; not an observed customer-origin catchment and not live-traffic based
5,32,Jumeirah Park,41,Khalifa City A,9.9646,9.1716,0.0,0.0,0.0,0.0,Modelled destination drive-time isochrone from OpenStreetMap road-network data; not an observed customer-origin catchment and not live-traffic based
5,32,Jumeirah Park,43,Ministries Complex,9.9646,8.3253,0.0,0.0,0.0,0.0,Modelled destination drive-time isochrone from OpenStreetMap road-network data; not an observed customer-origin catchment and not live-traffic based
5,32,Jumeirah Park,44,Mohammed Bin Zayed City,9.9646,16.2684,0.0,0.0,0.0,0.0,Modelled destination drive-time isochrone from OpenStreetMap road-network data; not an observed customer-origin catchment and not live-traffic based
5,32,Jumeirah Park,52,Noya Plaza,9.9646,4.2488,0.0,0.0,0.0,0.0,Modelled destination drive-time isochrone from OpenStreetMap road-network data; not an observed customer-origin catchment and not live-traffic based
5,32,Jumeirah Park,48,Ras Al Khaimah,9.9646,16.9396,0.0,0.0,0.0,0.0,Modelled destination drive-time isochrone from OpenStreetMap road-network data; not an observed customer-origin catchment and not live-traffic based
5,32,Jumeirah Park,35,Shahama,9.9646,11.986,0.0,0.0,0.0,0.0,Modelled destination drive-time isochrone from OpenStreetMap road-network data; not an observed customer-origin catchment and not live-traffic based
5,32,Jumeirah Park,42,Shakhbout City,9.9646,30.6618,0.0,0.0,0.0,0.0,Modelled destination drive-time isochrone from OpenStreetMap road-network data; not an observed customer-origin catchment and not live-traffic based
5,32,Jumeirah Park,34,Westyas Branch,9.9646,8.7625,0.0,0.0,0.0,0.0,Modelled destination drive-time isochrone from OpenStreetMap road-network data; not an observed customer-origin catchment and not live-traffic based
5,32,Jumeirah Park,49,Zawaya Walk,9.9646,21.0575,0.0,0.0,0.0,0.0,Modelled destination drive-time isochrone from OpenStreetMap road-network data; not an observed customer-origin catchment and not live-traffic based
5,32,Jumeirah Park,47,Zayed International Airport,9.9646,2.8633,0.0,0.0,0.0,0.0,Modelled destination drive-time isochrone from OpenStreetMap road-network data; not an observed customer-origin catchment and not live-traffic based
5,40,Khaleej Al Arabi,46,Al Dhafra Branch,29.4027,21.3044,0.0,0.0,0.0,0.0,Modelled destination drive-time isochrone from OpenStreetMap road-network data; not an observed customer-origin catchment and not live-traffic based
5,40,Khaleej Al Arabi,50,Al Jada,29.4027,7.3439,0.0,0.0,0.0,0.0,Modelled destination drive-time isochrone from OpenStreetMap road-network data; not an observed customer-origin catchment and not live-traffic based
5,40,Khaleej Al Arabi,45,Al Maqta,29.4027,13.2935,0.0,0.0,0.0,0.0,Modelled destination drive-time isochrone from OpenStreetMap road-network data; not an observed customer-origin catchment and not live-traffic based
5,40,Khaleej Al Arabi,51,Al Taif Mall,29.4027,14.8058,0.0,0.0,0.0,0.0,Modelled destination drive-time isochrone from OpenStreetMap road-network data; not an observed customer-origin catchment and not live-traffic based
5,40,Khaleej Al Arabi,41,Khalifa City A,29.4027,9.1716,0.0,0.0,0.0,0.0,Modelled destination drive-time isochrone from OpenStreetMap road-network data; not an observed customer-origin catchment and not live-traffic based
5,40,Khaleej Al Arabi,43,Ministries Complex,29.4027,8.3253,0.0,0.0,0.0,0.0,Modelled destination drive-time isochrone from OpenStreetMap road-network data; not an observed customer-origin catchment and not live-traffic based
5,40,Khaleej Al Arabi,44,Mohammed Bin Zayed City,29.4027,16.2684,0.0,0.0,0.0,0.0,Modelled destination drive-time isochrone from OpenStreetMap road-network data; not an observed customer-origin catchment and not live-traffic based
5,40,Khaleej Al Arabi,52,Noya Plaza,29.4027,4.2488,0.0,0.0,0.0,0.0,Modelled destination drive-time isochrone from OpenStreetMap road-network data; not an observed customer-origin catchment and not live-traffic based
5,40,Khaleej Al Arabi,48,Ras Al Khaimah,29.4027,16.9396,0.0,0.0,0.0,0.0,Modelled destination drive-time isochrone from OpenStreetMap road-network data; not an observed customer-origin catchment and not live-traffic based
5,40,Khaleej Al Arabi,42,Shakhbout City,29.4027,30.6618,0.0,0.0,0.0,0.0,Modelled destination drive-time isochrone from OpenStreetMap road-network data; not an observed customer-origin catchment and not live-traffic based
5,40,Khaleej Al Arabi,49,Zawaya Walk,29.4027,21.0575,0.0,0.0,0.0,0.0,Modelled destination drive-time isochrone from OpenStreetMap road-network data; not an observed customer-origin catchment and not live-traffic based
5,40,Khaleej Al Arabi,47,Zayed International Airport,29.4027,2.8633,0.0,0.0,0.0,0.0,Modelled destination drive-time isochrone from OpenStreetMap road-network data; not an observed customer-origin catchment and not live-traffic based
5,41,Khalifa City A,46,Al Dhafra Branch,9.1716,21.3044,0.0,0.0,0.0,0.0,Modelled destination drive-time isochrone from OpenStreetMap road-network data; not an observed customer-origin catchment and not live-traffic based
5,41,Khalifa City A,50,Al Jada,9.1716,7.3439,0.0,0.0,0.0,0.0,Modelled destination drive-time isochrone from OpenStreetMap road-network data; not an observed customer-origin catchment and not live-traffic based
5,41,Khalifa City A,45,Al Maqta,9.1716,13.2935,0.0,0.0,0.0,0.0,Modelled destination drive-time isochrone from OpenStreetMap road-network data; not an observed customer-origin catchment and not live-traffic based
5,41,Khalifa City A,51,Al Taif Mall,9.1716,14.8058,0.0,0.0,0.0,0.0,Modelled destination drive-time isochrone from OpenStreetMap road-network data; not an observed customer-origin catchment and not live-traffic based
5,41,Khalifa City A,43,Ministries Complex,9.1716,8.3253,0.0,0.0,0.0,0.0,Modelled destination drive-time isochrone from OpenStreetMap road-network data; not an observed customer-origin catchment and not live-traffic based
5,41,Khalifa City A,44,Mohammed Bin Zayed City,9.1716,16.2684,0.0,0.0,0.0,0.0,Modelled destination drive-time isochrone from OpenStreetMap road-network data; not an observed customer-origin catchment and not live-traffic based
5,41,Khalifa City A,52,Noya Plaza,9.1716,4.2488,0.0,0.0,0.0,0.0,Modelled destination drive-time isochrone from OpenStreetMap road-network data; not an observed customer-origin catchment and not live-traffic based
5,41,Khalifa City A,48,Ras Al Khaimah,9.1716,16.9396,0.0,0.0,0.0,0.0,Modelled destination drive-time isochrone from OpenStreetMap road-network data; not an observed customer-origin catchment and not live-traffic based
5,41,Khalifa City A,42,Shakhbout City,9.1716,30.6618,0.0,0.0,0.0,0.0,Modelled destination drive-time isochrone from OpenStreetMap road-network data; not an observed customer-origin catchment and not live-traffic based
5,41,Khalifa City A,49,Zawaya Walk,9.1716,21.0575,0.0,0.0,0.0,0.0,Modelled destination drive-time isochrone from OpenStreetMap road-network data; not an observed customer-origin catchment and not live-traffic based
5,41,Khalifa City A,47,Zayed International Airport,9.1716,2.8633,0.0,0.0,0.0,0.0,Modelled destination drive-time isochrone from OpenStreetMap road-network data; not an observed customer-origin catchment and not live-traffic based
5,43,Ministries Complex,46,Al Dhafra Branch,8.3253,21.3044,0.0,0.0,0.0,0.0,Modelled destination drive-time isochrone from OpenStreetMap road-network data; not an observed customer-origin catchment and not live-traffic based
5,43,Ministries Complex,50,Al Jada,8.3253,7.3439,0.0,0.0,0.0,0.0,Modelled destination drive-time isochrone from OpenStreetMap road-network data; not an observed customer-origin catchment and not live-traffic based
5,43,Ministries Complex,45,Al Maqta,8.3253,13.2935,2.4687,29.6526,18.5706,12.8912,Modelled destination drive-time isochrone from OpenStreetMap road-network data; not an observed customer-origin catchment and not live-traffic based
5,43,Ministries Complex,51,Al Taif Mall,8.3253,14.8058,0.0,0.0,0.0,0.0,Modelled destination drive-time isochrone from OpenStreetMap road-network data; not an observed customer-origin catchment and not live-traffic based
5,43,Ministries Complex,44,Mohammed Bin Zayed City,8.3253,16.2684,0.0,0.0,0.0,0.0,Modelled destination drive-time isochrone from OpenStreetMap road-network data; not an observed customer-origin catchment and not live-traffic based
5,43,Ministries Complex,52,Noya Plaza,8.3253,4.2488,0.0,0.0,0.0,0.0,Modelled destination drive-time isochrone from OpenStreetMap road-network data; not an observed customer-origin catchment and not live-traffic based
5,43,Ministries Complex,48,Ras Al Khaimah,8.3253,16.9396,0.0,0.0,0.0,0.0,Modelled destination drive-time isochrone from OpenStreetMap road-network data; not an observed customer-origin catchment and not live-traffic based
5,43,Ministries Complex,49,Zawaya Walk,8.3253,21.0575,0.0,0.0,0.0,0.0,Modelled destination drive-time isochrone from OpenStreetMap road-network data; not an observed customer-origin catchment and not live-traffic based
5,43,Ministries Complex,47,Zayed International Airport,8.3253,2.8633,0.0,0.0,0.0,0.0,Modelled destination drive-time isochrone from OpenStreetMap road-network data; not an observed customer-origin catchment and not live-traffic based
5,29,Mirdif 35,37,Al Ain,8.411,19.189,0.0,0.0,0.0,0.0,Modelled destination drive-time isochrone from OpenStreetMap road-network data; not an observed customer-origin catchment and not live-traffic based
5,29,Mirdif 35,30,Al Barsha,8.411,15.3575,0.0,0.0,0.0,0.0,Modelled destination drive-time isochrone from OpenStreetMap road-network data; not an observed customer-origin catchment and not live-traffic based
5,29,Mirdif 35,46,Al Dhafra Branch,8.411,21.3044,0.0,0.0,0.0,0.0,Modelled destination drive-time isochrone from OpenStreetMap road-network data; not an observed customer-origin catchment and not live-traffic based
5,29,Mirdif 35,39,Al Falah,8.411,8.6416,0.0,0.0,0.0,0.0,Modelled destination drive-time isochrone from OpenStreetMap road-network data; not an observed customer-origin catchment and not live-traffic based
5,29,Mirdif 35,50,Al Jada,8.411,7.3439,0.0,0.0,0.0,0.0,Modelled destination drive-time isochrone from OpenStreetMap road-network data; not an observed customer-origin catchment and not live-traffic based
5,29,Mirdif 35,45,Al Maqta,8.411,13.2935,0.0,0.0,0.0,0.0,Modelled destination drive-time isochrone from OpenStreetMap road-network data; not an observed customer-origin catchment and not live-traffic based
5,29,Mirdif 35,51,Al Taif Mall,8.411,14.8058,0.0,0.0,0.0,0.0,Modelled destination drive-time isochrone from OpenStreetMap road-network data; not an observed customer-origin catchment and not live-traffic based
5,29,Mirdif 35,36,Baniyas,8.411,11.8167,0.0,0.0,0.0,0.0,Modelled destination drive-time isochrone from OpenStreetMap road-network data; not an observed customer-origin catchment and not live-traffic based
5,29,Mirdif 35,38,Delma,8.411,28.8073,0.0,0.0,0.0,0.0,Modelled destination drive-time isochrone from OpenStreetMap road-network data; not an observed customer-origin catchment and not live-traffic based
5,29,Mirdif 35,32,Jumeirah Park,8.411,9.9646,0.0,0.0,0.0,0.0,Modelled destination drive-time isochrone from OpenStreetMap road-network data; not an observed customer-origin catchment and not live-traffic based
5,29,Mirdif 35,40,Khaleej Al Arabi,8.411,29.4027,0.0,0.0,0.0,0.0,Modelled destination drive-time isochrone from OpenStreetMap road-network data; not an observed customer-origin catchment and not live-traffic based
5,29,Mirdif 35,41,Khalifa City A,8.411,9.1716,0.0,0.0,0.0,0.0,Modelled destination drive-time isochrone from OpenStreetMap road-network data; not an observed customer-origin catchment and not live-traffic based
5,29,Mirdif 35,43,Ministries Complex,8.411,8.3253,0.0,0.0,0.0,0.0,Modelled destination drive-time isochrone from OpenStreetMap road-network data; not an observed customer-origin catchment and not live-traffic based
5,29,Mirdif 35,44,Mohammed Bin Zayed City,8.411,16.2684,0.0,0.0,0.0,0.0,Modelled destination drive-time isochrone from OpenStreetMap road-network data; not an observed customer-origin catchment and not live-traffic based
5,29,Mirdif 35,31,Nad Al Sheba,8.411,14.124,0.0,0.0,0.0,0.0,Modelled destination drive-time isochrone from OpenStreetMap road-network data; not an observed customer-origin catchment and not live-traffic based
5,29,Mirdif 35,52,Noya Plaza,8.411,4.2488,0.0,0.0,0.0,0.0,Modelled destination drive-time isochrone from OpenStreetMap road-network data; not an observed customer-origin catchment and not live-traffic based
5,29,Mirdif 35,48,Ras Al Khaimah,8.411,16.9396,0.0,0.0,0.0,0.0,Modelled destination drive-time isochrone from OpenStreetMap road-network data; not an observed customer-origin catchment and not live-traffic based
5,29,Mirdif 35,35,Shahama,8.411,11.986,0.0,0.0,0.0,0.0,Modelled destination drive-time isochrone from OpenStreetMap road-network data; not an observed customer-origin catchment and not live-traffic based
5,29,Mirdif 35,42,Shakhbout City,8.411,30.6618,0.0,0.0,0.0,0.0,Modelled destination drive-time isochrone from OpenStreetMap road-network data; not an observed customer-origin catchment and not live-traffic based
5,29,Mirdif 35,34,Westyas Branch,8.411,8.7625,0.0,0.0,0.0,0.0,Modelled destination drive-time isochrone from OpenStreetMap road-network data; not an observed customer-origin catchment and not live-traffic based
5,29,Mirdif 35,49,Zawaya Walk,8.411,21.0575,0.0,0.0,0.0,0.0,Modelled destination drive-time isochrone from OpenStreetMap road-network data; not an observed customer-origin catchment and not live-traffic based
5,29,Mirdif 35,47,Zayed International Airport,8.411,2.8633,0.0,0.0,0.0,0.0,Modelled destination drive-time isochrone from OpenStreetMap road-network data; not an observed customer-origin catchment and not live-traffic based
5,44,Mohammed Bin Zayed City,46,Al Dhafra Branch,16.2684,21.3044,0.0,0.0,0.0,0.0,Modelled destination drive-time isochrone from OpenStreetMap road-network data; not an observed customer-origin catchment and not live-traffic based
5,44,Mohammed Bin Zayed City,50,Al Jada,16.2684,7.3439,0.0,0.0,0.0,0.0,Modelled destination drive-time isochrone from OpenStreetMap road-network data; not an observed customer-origin catchment and not live-traffic based
5,44,Mohammed Bin Zayed City,45,Al Maqta,16.2684,13.2935,0.0,0.0,0.0,0.0,Modelled destination drive-time isochrone from OpenStreetMap road-network data; not an observed customer-origin catchment and not live-traffic based
5,44,Mohammed Bin Zayed City,51,Al Taif Mall,16.2684,14.8058,0.0,0.0,0.0,0.0,Modelled destination drive-time isochrone from OpenStreetMap road-network data; not an observed customer-origin catchment and not live-traffic based
5,44,Mohammed Bin Zayed City,52,Noya Plaza,16.2684,4.2488,0.0,0.0,0.0,0.0,Modelled destination drive-time isochrone from OpenStreetMap road-network data; not an observed customer-origin catchment and not live-traffic based
5,44,Mohammed Bin Zayed City,48,Ras Al Khaimah,16.2684,16.9396,0.0,0.0,0.0,0.0,Modelled destination drive-time isochrone from OpenStreetMap road-network data; not an observed customer-origin catchment and not live-traffic based
5,44,Mohammed Bin Zayed City,49,Zawaya Walk,16.2684,21.0575,0.0,0.0,0.0,0.0,Modelled destination drive-time isochrone from OpenStreetMap road-network data; not an observed customer-origin catchment and not live-traffic based
5,44,Mohammed Bin Zayed City,47,Zayed International Airport,16.2684,2.8633,0.0,0.0,0.0,0.0,Modelled destination drive-time isochrone from OpenStreetMap road-network data; not an observed customer-origin catchment and not live-traffic based
5,31,Nad Al Sheba,37,Al Ain,14.124,19.189,0.0,0.0,0.0,0.0,Modelled destination drive-time isochrone from OpenStreetMap road-network data; not an observed customer-origin catchment and not live-traffic based
5,31,Nad Al Sheba,46,Al Dhafra Branch,14.124,21.3044,0.0,0.0,0.0,0.0,Modelled destination drive-time isochrone from OpenStreetMap road-network data; not an observed customer-origin catchment and not live-traffic based
5,31,Nad Al Sheba,39,Al Falah,14.124,8.6416,0.0,0.0,0.0,0.0,Modelled destination drive-time isochrone from OpenStreetMap road-network data; not an observed customer-origin catchment and not live-traffic based
5,31,Nad Al Sheba,50,Al Jada,14.124,7.3439,0.0,0.0,0.0,0.0,Modelled destination drive-time isochrone from OpenStreetMap road-network data; not an observed customer-origin catchment and not live-traffic based
5,31,Nad Al Sheba,45,Al Maqta,14.124,13.2935,0.0,0.0,0.0,0.0,Modelled destination drive-time isochrone from OpenStreetMap road-network data; not an observed customer-origin catchment and not live-traffic based
5,31,Nad Al Sheba,51,Al Taif Mall,14.124,14.8058,0.0,0.0,0.0,0.0,Modelled destination drive-time isochrone from OpenStreetMap road-network data; not an observed customer-origin catchment and not live-traffic based
5,31,Nad Al Sheba,36,Baniyas,14.124,11.8167,0.0,0.0,0.0,0.0,Modelled destination drive-time isochrone from OpenStreetMap road-network data; not an observed customer-origin catchment and not live-traffic based
5,31,Nad Al Sheba,38,Delma,14.124,28.8073,0.0,0.0,0.0,0.0,Modelled destination drive-time isochrone from OpenStreetMap road-network data; not an observed customer-origin catchment and not live-traffic based
5,31,Nad Al Sheba,32,Jumeirah Park,14.124,9.9646,0.0,0.0,0.0,0.0,Modelled destination drive-time isochrone from OpenStreetMap road-network data; not an observed customer-origin catchment and not live-traffic based
5,31,Nad Al Sheba,40,Khaleej Al Arabi,14.124,29.4027,0.0,0.0,0.0,0.0,Modelled destination drive-time isochrone from OpenStreetMap road-network data; not an observed customer-origin catchment and not live-traffic based
5,31,Nad Al Sheba,41,Khalifa City A,14.124,9.1716,0.0,0.0,0.0,0.0,Modelled destination drive-time isochrone from OpenStreetMap road-network data; not an observed customer-origin catchment and not live-traffic based
5,31,Nad Al Sheba,43,Ministries Complex,14.124,8.3253,0.0,0.0,0.0,0.0,Modelled destination drive-time isochrone from OpenStreetMap road-network data; not an observed customer-origin catchment and not live-traffic based
5,31,Nad Al Sheba,44,Mohammed Bin Zayed City,14.124,16.2684,0.0,0.0,0.0,0.0,Modelled destination drive-time isochrone from OpenStreetMap road-network data; not an observed customer-origin catchment and not live-traffic based
5,31,Nad Al Sheba,52,Noya Plaza,14.124,4.2488,0.0,0.0,0.0,0.0,Modelled destination drive-time isochrone from OpenStreetMap road-network data; not an observed customer-origin catchment and not live-traffic based
5,31,Nad Al Sheba,48,Ras Al Khaimah,14.124,16.9396,0.0,0.0,0.0,0.0,Modelled destination drive-time isochrone from OpenStreetMap road-network data; not an observed customer-origin catchment and not live-traffic based
5,31,Nad Al Sheba,35,Shahama,14.124,11.986,0.0,0.0,0.0,0.0,Modelled destination drive-time isochrone from OpenStreetMap road-network data; not an observed customer-origin catchment and not live-traffic based
5,31,Nad Al Sheba,42,Shakhbout City,14.124,30.6618,0.0,0.0,0.0,0.0,Modelled destination drive-time isochrone from OpenStreetMap road-network data; not an observed customer-origin catchment and not live-traffic based
5,31,Nad Al Sheba,34,Westyas Branch,14.124,8.7625,0.0,0.0,0.0,0.0,Modelled destination drive-time isochrone from OpenStreetMap road-network data; not an observed customer-origin catchment and not live-traffic based
5,31,Nad Al Sheba,49,Zawaya Walk,14.124,21.0575,0.0,0.0,0.0,0.0,Modelled destination drive-time isochrone from OpenStreetMap road-network data; not an observed customer-origin catchment and not live-traffic based
5,31,Nad Al Sheba,47,Zayed International Airport,14.124,2.8633,0.0,0.0,0.0,0.0,Modelled destination drive-time isochrone from OpenStreetMap road-network data; not an observed customer-origin catchment and not live-traffic based
5,48,Ras Al Khaimah,50,Al Jada,16.9396,7.3439,0.0,0.0,0.0,0.0,Modelled destination drive-time isochrone from OpenStreetMap road-network data; not an observed customer-origin catchment and not live-traffic based
5,48,Ras Al Khaimah,51,Al Taif Mall,16.9396,14.8058,0.0,0.0,0.0,0.0,Modelled destination drive-time isochrone from OpenStreetMap road-network data; not an observed customer-origin catchment and not live-traffic based
5,48,Ras Al Khaimah,52,Noya Plaza,16.9396,4.2488,0.0,0.0,0.0,0.0,Modelled destination drive-time isochrone from OpenStreetMap road-network data; not an observed customer-origin catchment and not live-traffic based
5,48,Ras Al Khaimah,49,Zawaya Walk,16.9396,21.0575,0.0,0.0,0.0,0.0,Modelled destination drive-time isochrone from OpenStreetMap road-network data; not an observed customer-origin catchment and not live-traffic based
5,35,Shahama,37,Al Ain,11.986,19.189,0.0,0.0,0.0,0.0,Modelled destination drive-time isochrone from OpenStreetMap road-network data; not an observed customer-origin catchment and not live-traffic based
5,35,Shahama,46,Al Dhafra Branch,11.986,21.3044,0.0,0.0,0.0,0.0,Modelled destination drive-time isochrone from OpenStreetMap road-network data; not an observed customer-origin catchment and not live-traffic based
5,35,Shahama,39,Al Falah,11.986,8.6416,0.0,0.0,0.0,0.0,Modelled destination drive-time isochrone from OpenStreetMap road-network data; not an observed customer-origin catchment and not live-traffic based
5,35,Shahama,50,Al Jada,11.986,7.3439,0.0,0.0,0.0,0.0,Modelled destination drive-time isochrone from OpenStreetMap road-network data; not an observed customer-origin catchment and not live-traffic based
5,35,Shahama,45,Al Maqta,11.986,13.2935,0.0,0.0,0.0,0.0,Modelled destination drive-time isochrone from OpenStreetMap road-network data; not an observed customer-origin catchment and not live-traffic based
5,35,Shahama,51,Al Taif Mall,11.986,14.8058,0.0,0.0,0.0,0.0,Modelled destination drive-time isochrone from OpenStreetMap road-network data; not an observed customer-origin catchment and not live-traffic based
5,35,Shahama,36,Baniyas,11.986,11.8167,0.0,0.0,0.0,0.0,Modelled destination drive-time isochrone from OpenStreetMap road-network data; not an observed customer-origin catchment and not live-traffic based
5,35,Shahama,38,Delma,11.986,28.8073,0.0,0.0,0.0,0.0,Modelled destination drive-time isochrone from OpenStreetMap road-network data; not an observed customer-origin catchment and not live-traffic based
5,35,Shahama,40,Khaleej Al Arabi,11.986,29.4027,0.0,0.0,0.0,0.0,Modelled destination drive-time isochrone from OpenStreetMap road-network data; not an observed customer-origin catchment and not live-traffic based
5,35,Shahama,41,Khalifa City A,11.986,9.1716,0.0,0.0,0.0,0.0,Modelled destination drive-time isochrone from OpenStreetMap road-network data; not an observed customer-origin catchment and not live-traffic based
5,35,Shahama,43,Ministries Complex,11.986,8.3253,0.0,0.0,0.0,0.0,Modelled destination drive-time isochrone from OpenStreetMap road-network data; not an observed customer-origin catchment and not live-traffic based
5,35,Shahama,44,Mohammed Bin Zayed City,11.986,16.2684,0.0,0.0,0.0,0.0,Modelled destination drive-time isochrone from OpenStreetMap road-network data; not an observed customer-origin catchment and not live-traffic based
5,35,Shahama,52,Noya Plaza,11.986,4.2488,0.0,0.0,0.0,0.0,Modelled destination drive-time isochrone from OpenStreetMap road-network data; not an observed customer-origin catchment and not live-traffic based
5,35,Shahama,48,Ras Al Khaimah,11.986,16.9396,0.0,0.0,0.0,0.0,Modelled destination drive-time isochrone from OpenStreetMap road-network data; not an observed customer-origin catchment and not live-traffic based
5,35,Shahama,42,Shakhbout City,11.986,30.6618,0.0,0.0,0.0,0.0,Modelled destination drive-time isochrone from OpenStreetMap road-network data; not an observed customer-origin catchment and not live-traffic based
5,35,Shahama,49,Zawaya Walk,11.986,21.0575,0.0,0.0,0.0,0.0,Modelled destination drive-time isochrone from OpenStreetMap road-network data; not an observed customer-origin catchment and not live-traffic based
5,35,Shahama,47,Zayed International Airport,11.986,2.8633,0.0,0.0,0.0,0.0,Modelled destination drive-time isochrone from OpenStreetMap road-network data; not an observed customer-origin catchment and not live-traffic based
5,42,Shakhbout City,46,Al Dhafra Branch,30.6618,21.3044,0.0,0.0,0.0,0.0,Modelled destination drive-time isochrone from OpenStreetMap road-network data; not an observed customer-origin catchment and not live-traffic based
5,42,Shakhbout City,50,Al Jada,30.6618,7.3439,0.0,0.0,0.0,0.0,Modelled destination drive-time isochrone from OpenStreetMap road-network data; not an observed customer-origin catchment and not live-traffic based
5,42,Shakhbout City,45,Al Maqta,30.6618,13.2935,0.0,0.0,0.0,0.0,Modelled destination drive-time isochrone from OpenStreetMap road-network data; not an observed customer-origin catchment and not live-traffic based
5,42,Shakhbout City,51,Al Taif Mall,30.6618,14.8058,0.0,0.0,0.0,0.0,Modelled destination drive-time isochrone from OpenStreetMap road-network data; not an observed customer-origin catchment and not live-traffic based
5,42,Shakhbout City,43,Ministries Complex,30.6618,8.3253,0.0,0.0,0.0,0.0,Modelled destination drive-time isochrone from OpenStreetMap road-network data; not an observed customer-origin catchment and not live-traffic based
5,42,Shakhbout City,44,Mohammed Bin Zayed City,30.6618,16.2684,0.0,0.0,0.0,0.0,Modelled destination drive-time isochrone from OpenStreetMap road-network data; not an observed customer-origin catchment and not live-traffic based
5,42,Shakhbout City,52,Noya Plaza,30.6618,4.2488,0.0,0.0,0.0,0.0,Modelled destination drive-time isochrone from OpenStreetMap road-network data; not an observed customer-origin catchment and not live-traffic based
5,42,Shakhbout City,48,Ras Al Khaimah,30.6618,16.9396,0.0,0.0,0.0,0.0,Modelled destination drive-time isochrone from OpenStreetMap road-network data; not an observed customer-origin catchment and not live-traffic based
5,42,Shakhbout City,49,Zawaya Walk,30.6618,21.0575,0.0,0.0,0.0,0.0,Modelled destination drive-time isochrone from OpenStreetMap road-network data; not an observed customer-origin catchment and not live-traffic based
5,42,Shakhbout City,47,Zayed International Airport,30.6618,2.8633,0.0,0.0,0.0,0.0,Modelled destination drive-time isochrone from OpenStreetMap road-network data; not an observed customer-origin catchment and not live-traffic based
5,34,Westyas Branch,37,Al Ain,8.7625,19.189,0.0,0.0,0.0,0.0,Modelled destination drive-time isochrone from OpenStreetMap road-network data; not an observed customer-origin catchment and not live-traffic based
5,34,Westyas Branch,46,Al Dhafra Branch,8.7625,21.3044,0.0,0.0,0.0,0.0,Modelled destination drive-time isochrone from OpenStreetMap road-network data; not an observed customer-origin catchment and not live-traffic based
5,34,Westyas Branch,39,Al Falah,8.7625,8.6416,0.0,0.0,0.0,0.0,Modelled destination drive-time isochrone from OpenStreetMap road-network data; not an observed customer-origin catchment and not live-traffic based
5,34,Westyas Branch,50,Al Jada,8.7625,7.3439,0.0,0.0,0.0,0.0,Modelled destination drive-time isochrone from OpenStreetMap road-network data; not an observed customer-origin catchment and not live-traffic based
5,34,Westyas Branch,45,Al Maqta,8.7625,13.2935,0.0,0.0,0.0,0.0,Modelled destination drive-time isochrone from OpenStreetMap road-network data; not an observed customer-origin catchment and not live-traffic based
5,34,Westyas Branch,51,Al Taif Mall,8.7625,14.8058,0.0,0.0,0.0,0.0,Modelled destination drive-time isochrone from OpenStreetMap road-network data; not an observed customer-origin catchment and not live-traffic based
5,34,Westyas Branch,36,Baniyas,8.7625,11.8167,0.0,0.0,0.0,0.0,Modelled destination drive-time isochrone from OpenStreetMap road-network data; not an observed customer-origin catchment and not live-traffic based
5,34,Westyas Branch,38,Delma,8.7625,28.8073,0.0,0.0,0.0,0.0,Modelled destination drive-time isochrone from OpenStreetMap road-network data; not an observed customer-origin catchment and not live-traffic based
5,34,Westyas Branch,40,Khaleej Al Arabi,8.7625,29.4027,0.0,0.0,0.0,0.0,Modelled destination drive-time isochrone from OpenStreetMap road-network data; not an observed customer-origin catchment and not live-traffic based
5,34,Westyas Branch,41,Khalifa City A,8.7625,9.1716,0.0,0.0,0.0,0.0,Modelled destination drive-time isochrone from OpenStreetMap road-network data; not an observed customer-origin catchment and not live-traffic based
5,34,Westyas Branch,43,Ministries Complex,8.7625,8.3253,0.0,0.0,0.0,0.0,Modelled destination drive-time isochrone from OpenStreetMap road-network data; not an observed customer-origin catchment and not live-traffic based
5,34,Westyas Branch,44,Mohammed Bin Zayed City,8.7625,16.2684,0.0,0.0,0.0,0.0,Modelled destination drive-time isochrone from OpenStreetMap road-network data; not an observed customer-origin catchment and not live-traffic based
5,34,Westyas Branch,52,Noya Plaza,8.7625,4.2488,0.0,0.0,0.0,0.0,Modelled destination drive-time isochrone from OpenStreetMap road-network data; not an observed customer-origin catchment and not live-traffic based
5,34,Westyas Branch,48,Ras Al Khaimah,8.7625,16.9396,0.0,0.0,0.0,0.0,Modelled destination drive-time isochrone from OpenStreetMap road-network data; not an observed customer-origin catchment and not live-traffic based
5,34,Westyas Branch,35,Shahama,8.7625,11.986,0.0,0.0,0.0,0.0,Modelled destination drive-time isochrone from OpenStreetMap road-network data; not an observed customer-origin catchment and not live-traffic based
5,34,Westyas Branch,42,Shakhbout City,8.7625,30.6618,0.0,0.0,0.0,0.0,Modelled destination drive-time isochrone from OpenStreetMap road-network data; not an observed customer-origin catchment and not live-traffic based
5,34,Westyas Branch,49,Zawaya Walk,8.7625,21.0575,0.0,0.0,0.0,0.0,Modelled destination drive-time isochrone from OpenStreetMap road-network data; not an observed customer-origin catchment and not live-traffic based
5,34,Westyas Branch,47,Zayed International Airport,8.7625,2.8633,0.0,0.0,0.0,0.0,Modelled destination drive-time isochrone from OpenStreetMap road-network data; not an observed customer-origin catchment and not live-traffic based
5,49,Zawaya Walk,50,Al Jada,21.0575,7.3439,0.0,0.0,0.0,0.0,Modelled destination drive-time isochrone from OpenStreetMap road-network data; not an observed customer-origin catchment and not live-traffic based
5,49,Zawaya Walk,51,Al Taif Mall,21.0575,14.8058,0.0,0.0,0.0,0.0,Modelled destination drive-time isochrone from OpenStreetMap road-network data; not an observed customer-origin catchment and not live-traffic based
5,49,Zawaya Walk,52,Noya Plaza,21.0575,4.2488,0.0,0.0,0.0,0.0,Modelled destination drive-time isochrone from OpenStreetMap road-network data; not an observed customer-origin catchment and not live-traffic based
5,47,Zayed International Airport,50,Al Jada,2.8633,7.3439,0.0,0.0,0.0,0.0,Modelled destination drive-time isochrone from OpenStreetMap road-network data; not an observed customer-origin catchment and not live-traffic based
5,47,Zayed International Airport,51,Al Taif Mall,2.8633,14.8058,0.0,0.0,0.0,0.0,Modelled destination drive-time isochrone from OpenStreetMap road-network data; not an observed customer-origin catchment and not live-traffic based
5,47,Zayed International Airport,52,Noya Plaza,2.8633,4.2488,0.0,0.0,0.0,0.0,Modelled destination drive-time isochrone from OpenStreetMap road-network data; not an observed customer-origin catchment and not live-traffic based
5,47,Zayed International Airport,48,Ras Al Khaimah,2.8633,16.9396,0.0,0.0,0.0,0.0,Modelled destination drive-time isochrone from OpenStreetMap road-network data; not an observed customer-origin catchment and not live-traffic based
5,47,Zayed International Airport,49,Zawaya Walk,2.8633,21.0575,0.0,0.0,0.0,0.0,Modelled destination drive-time isochrone from OpenStreetMap road-network data; not an observed customer-origin catchment and not live-traffic based
10,37,Al Ain,46,Al Dhafra Branch,108.6525,69.9281,0.0,0.0,0.0,0.0,Modelled destination drive-time isochrone from OpenStreetMap road-network data; not an observed customer-origin catchment and not live-traffic based
10,37,Al Ain,39,Al Falah,108.6525,34.8696,0.0,0.0,0.0,0.0,Modelled destination drive-time isochrone from OpenStreetMap road-network data; not an observed customer-origin catchment and not live-traffic based
10,37,Al Ain,50,Al Jada,108.6525,65.9891,0.0,0.0,0.0,0.0,Modelled destination drive-time isochrone from OpenStreetMap road-network data; not an observed customer-origin catchment and not live-traffic based
10,37,Al Ain,45,Al Maqta,108.6525,67.0417,0.0,0.0,0.0,0.0,Modelled destination drive-time isochrone from OpenStreetMap road-network data; not an observed customer-origin catchment and not live-traffic based
10,37,Al Ain,51,Al Taif Mall,108.6525,59.8072,0.0,0.0,0.0,0.0,Modelled destination drive-time isochrone from OpenStreetMap road-network data; not an observed customer-origin catchment and not live-traffic based
10,37,Al Ain,38,Delma,108.6525,92.5493,0.0,0.0,0.0,0.0,Modelled destination drive-time isochrone from OpenStreetMap road-network data; not an observed customer-origin catchment and not live-traffic based
10,37,Al Ain,40,Khaleej Al Arabi,108.6525,81.6967,0.0,0.0,0.0,0.0,Modelled destination drive-time isochrone from OpenStreetMap road-network data; not an observed customer-origin catchment and not live-traffic based
10,37,Al Ain,41,Khalifa City A,108.6525,56.4222,0.0,0.0,0.0,0.0,Modelled destination drive-time isochrone from OpenStreetMap road-network data; not an observed customer-origin catchment and not live-traffic based
10,37,Al Ain,43,Ministries Complex,108.6525,70.6779,0.0,0.0,0.0,0.0,Modelled destination drive-time isochrone from OpenStreetMap road-network data; not an observed customer-origin catchment and not live-traffic based
10,37,Al Ain,44,Mohammed Bin Zayed City,108.6525,84.3407,0.0,0.0,0.0,0.0,Modelled destination drive-time isochrone from OpenStreetMap road-network data; not an observed customer-origin catchment and not live-traffic based
10,37,Al Ain,52,Noya Plaza,108.6525,27.6288,0.0,0.0,0.0,0.0,Modelled destination drive-time isochrone from OpenStreetMap road-network data; not an observed customer-origin catchment and not live-traffic based
10,37,Al Ain,48,Ras Al Khaimah,108.6525,82.1295,0.0,0.0,0.0,0.0,Modelled destination drive-time isochrone from OpenStreetMap road-network data; not an observed customer-origin catchment and not live-traffic based
10,37,Al Ain,42,Shakhbout City,108.6525,129.9432,0.0,0.0,0.0,0.0,Modelled destination drive-time isochrone from OpenStreetMap road-network data; not an observed customer-origin catchment and not live-traffic based
10,37,Al Ain,49,Zawaya Walk,108.6525,114.6085,0.0,0.0,0.0,0.0,Modelled destination drive-time isochrone from OpenStreetMap road-network data; not an observed customer-origin catchment and not live-traffic based
10,37,Al Ain,47,Zayed International Airport,108.6525,26.9405,0.0,0.0,0.0,0.0,Modelled destination drive-time isochrone from OpenStreetMap road-network data; not an observed customer-origin catchment and not live-traffic based
10,30,Al Barsha,37,Al Ain,93.2974,108.6525,0.0,0.0,0.0,0.0,Modelled destination drive-time isochrone from OpenStreetMap road-network data; not an observed customer-origin catchment and not live-traffic based
10,30,Al Barsha,46,Al Dhafra Branch,93.2974,69.9281,0.0,0.0,0.0,0.0,Modelled destination drive-time isochrone from OpenStreetMap road-network data; not an observed customer-origin catchment and not live-traffic based
10,30,Al Barsha,39,Al Falah,93.2974,34.8696,0.0,0.0,0.0,0.0,Modelled destination drive-time isochrone from OpenStreetMap road-network data; not an observed customer-origin catchment and not live-traffic based
10,30,Al Barsha,50,Al Jada,93.2974,65.9891,0.0,0.0,0.0,0.0,Modelled destination drive-time isochrone from OpenStreetMap road-network data; not an observed customer-origin catchment and not live-traffic based
10,30,Al Barsha,45,Al Maqta,93.2974,67.0417,0.0,0.0,0.0,0.0,Modelled destination drive-time isochrone from OpenStreetMap road-network data; not an observed customer-origin catchment and not live-traffic based
10,30,Al Barsha,51,Al Taif Mall,93.2974,59.8072,0.0,0.0,0.0,0.0,Modelled destination drive-time isochrone from OpenStreetMap road-network data; not an observed customer-origin catchment and not live-traffic based
10,30,Al Barsha,36,Baniyas,93.2974,102.2855,0.0,0.0,0.0,0.0,Modelled destination drive-time isochrone from OpenStreetMap road-network data; not an observed customer-origin catchment and not live-traffic based
10,30,Al Barsha,38,Delma,93.2974,92.5493,0.0,0.0,0.0,0.0,Modelled destination drive-time isochrone from OpenStreetMap road-network data; not an observed customer-origin catchment and not live-traffic based
10,30,Al Barsha,32,Jumeirah Park,93.2974,56.2511,9.6612,10.3553,17.1751,6.9064,Modelled destination drive-time isochrone from OpenStreetMap road-network data; not an observed customer-origin catchment and not live-traffic based
10,30,Al Barsha,40,Khaleej Al Arabi,93.2974,81.6967,0.0,0.0,0.0,0.0,Modelled destination drive-time isochrone from OpenStreetMap road-network data; not an observed customer-origin catchment and not live-traffic based
10,30,Al Barsha,41,Khalifa City A,93.2974,56.4222,0.0,0.0,0.0,0.0,Modelled destination drive-time isochrone from OpenStreetMap road-network data; not an observed customer-origin catchment and not live-traffic based
10,30,Al Barsha,43,Ministries Complex,93.2974,70.6779,0.0,0.0,0.0,0.0,Modelled destination drive-time isochrone from OpenStreetMap road-network data; not an observed customer-origin catchment and not live-traffic based
10,30,Al Barsha,44,Mohammed Bin Zayed City,93.2974,84.3407,0.0,0.0,0.0,0.0,Modelled destination drive-time isochrone from OpenStreetMap road-network data; not an observed customer-origin catchment and not live-traffic based
10,30,Al Barsha,31,Nad Al Sheba,93.2974,69.8739,0.0,0.0,0.0,0.0,Modelled destination drive-time isochrone from OpenStreetMap road-network data; not an observed customer-origin catchment and not live-traffic based
10,30,Al Barsha,52,Noya Plaza,93.2974,27.6288,0.0,0.0,0.0,0.0,Modelled destination drive-time isochrone from OpenStreetMap road-network data; not an observed customer-origin catchment and not live-traffic based
10,30,Al Barsha,48,Ras Al Khaimah,93.2974,82.1295,0.0,0.0,0.0,0.0,Modelled destination drive-time isochrone from OpenStreetMap road-network data; not an observed customer-origin catchment and not live-traffic based
10,30,Al Barsha,35,Shahama,93.2974,61.6852,0.0,0.0,0.0,0.0,Modelled destination drive-time isochrone from OpenStreetMap road-network data; not an observed customer-origin catchment and not live-traffic based
10,30,Al Barsha,42,Shakhbout City,93.2974,129.9432,0.0,0.0,0.0,0.0,Modelled destination drive-time isochrone from OpenStreetMap road-network data; not an observed customer-origin catchment and not live-traffic based
10,30,Al Barsha,34,Westyas Branch,93.2974,40.4379,0.0,0.0,0.0,0.0,Modelled destination drive-time isochrone from OpenStreetMap road-network data; not an observed customer-origin catchment and not live-traffic based
10,30,Al Barsha,49,Zawaya Walk,93.2974,114.6085,0.0,0.0,0.0,0.0,Modelled destination drive-time isochrone from OpenStreetMap road-network data; not an observed customer-origin catchment and not live-traffic based
10,30,Al Barsha,47,Zayed International Airport,93.2974,26.9405,0.0,0.0,0.0,0.0,Modelled destination drive-time isochrone from OpenStreetMap road-network data; not an observed customer-origin catchment and not live-traffic based
10,46,Al Dhafra Branch,50,Al Jada,69.9281,65.9891,0.0,0.0,0.0,0.0,Modelled destination drive-time isochrone from OpenStreetMap road-network data; not an observed customer-origin catchment and not live-traffic based
10,46,Al Dhafra Branch,51,Al Taif Mall,69.9281,59.8072,0.0,0.0,0.0,0.0,Modelled destination drive-time isochrone from OpenStreetMap road-network data; not an observed customer-origin catchment and not live-traffic based
10,46,Al Dhafra Branch,52,Noya Plaza,69.9281,27.6288,0.0,0.0,0.0,0.0,Modelled destination drive-time isochrone from OpenStreetMap road-network data; not an observed customer-origin catchment and not live-traffic based
10,46,Al Dhafra Branch,48,Ras Al Khaimah,69.9281,82.1295,0.0,0.0,0.0,0.0,Modelled destination drive-time isochrone from OpenStreetMap road-network data; not an observed customer-origin catchment and not live-traffic based
10,46,Al Dhafra Branch,49,Zawaya Walk,69.9281,114.6085,0.0,0.0,0.0,0.0,Modelled destination drive-time isochrone from OpenStreetMap road-network data; not an observed customer-origin catchment and not live-traffic based
10,46,Al Dhafra Branch,47,Zayed International Airport,69.9281,26.9405,0.0,0.0,0.0,0.0,Modelled destination drive-time isochrone from OpenStreetMap road-network data; not an observed customer-origin catchment and not live-traffic based
10,39,Al Falah,46,Al Dhafra Branch,34.8696,69.9281,0.0,0.0,0.0,0.0,Modelled destination drive-time isochrone from OpenStreetMap road-network data; not an observed customer-origin catchment and not live-traffic based
10,39,Al Falah,50,Al Jada,34.8696,65.9891,0.0,0.0,0.0,0.0,Modelled destination drive-time isochrone from OpenStreetMap road-network data; not an observed customer-origin catchment and not live-traffic based
10,39,Al Falah,45,Al Maqta,34.8696,67.0417,0.0,0.0,0.0,0.0,Modelled destination drive-time isochrone from OpenStreetMap road-network data; not an observed customer-origin catchment and not live-traffic based
10,39,Al Falah,51,Al Taif Mall,34.8696,59.8072,0.0,0.0,0.0,0.0,Modelled destination drive-time isochrone from OpenStreetMap road-network data; not an observed customer-origin catchment and not live-traffic based
10,39,Al Falah,40,Khaleej Al Arabi,34.8696,81.6967,0.0,0.0,0.0,0.0,Modelled destination drive-time isochrone from OpenStreetMap road-network data; not an observed customer-origin catchment and not live-traffic based
10,39,Al Falah,41,Khalifa City A,34.8696,56.4222,0.0,0.0,0.0,0.0,Modelled destination drive-time isochrone from OpenStreetMap road-network data; not an observed customer-origin catchment and not live-traffic based
10,39,Al Falah,43,Ministries Complex,34.8696,70.6779,0.0,0.0,0.0,0.0,Modelled destination drive-time isochrone from OpenStreetMap road-network data; not an observed customer-origin catchment and not live-traffic based
10,39,Al Falah,44,Mohammed Bin Zayed City,34.8696,84.3407,0.0,0.0,0.0,0.0,Modelled destination drive-time isochrone from OpenStreetMap road-network data; not an observed customer-origin catchment and not live-traffic based
10,39,Al Falah,52,Noya Plaza,34.8696,27.6288,0.0,0.0,0.0,0.0,Modelled destination drive-time isochrone from OpenStreetMap road-network data; not an observed customer-origin catchment and not live-traffic based
10,39,Al Falah,48,Ras Al Khaimah,34.8696,82.1295,0.0,0.0,0.0,0.0,Modelled destination drive-time isochrone from OpenStreetMap road-network data; not an observed customer-origin catchment and not live-traffic based
10,39,Al Falah,42,Shakhbout City,34.8696,129.9432,0.0,0.0,0.0,0.0,Modelled destination drive-time isochrone from OpenStreetMap road-network data; not an observed customer-origin catchment and not live-traffic based
10,39,Al Falah,49,Zawaya Walk,34.8696,114.6085,0.0,0.0,0.0,0.0,Modelled destination drive-time isochrone from OpenStreetMap road-network data; not an observed customer-origin catchment and not live-traffic based
10,39,Al Falah,47,Zayed International Airport,34.8696,26.9405,0.0,0.0,0.0,0.0,Modelled destination drive-time isochrone from OpenStreetMap road-network data; not an observed customer-origin catchment and not live-traffic based
10,50,Al Jada,51,Al Taif Mall,65.9891,59.8072,0.0,0.0,0.0,0.0,Modelled destination drive-time isochrone from OpenStreetMap road-network data; not an observed customer-origin catchment and not live-traffic based
10,50,Al Jada,52,Noya Plaza,65.9891,27.6288,0.0,0.0,0.0,0.0,Modelled destination drive-time isochrone from OpenStreetMap road-network data; not an observed customer-origin catchment and not live-traffic based
10,45,Al Maqta,46,Al Dhafra Branch,67.0417,69.9281,0.0,0.0,0.0,0.0,Modelled destination drive-time isochrone from OpenStreetMap road-network data; not an observed customer-origin catchment and not live-traffic based
10,45,Al Maqta,50,Al Jada,67.0417,65.9891,0.0,0.0,0.0,0.0,Modelled destination drive-time isochrone from OpenStreetMap road-network data; not an observed customer-origin catchment and not live-traffic based
10,45,Al Maqta,51,Al Taif Mall,67.0417,59.8072,0.0,0.0,0.0,0.0,Modelled destination drive-time isochrone from OpenStreetMap road-network data; not an observed customer-origin catchment and not live-traffic based
10,45,Al Maqta,52,Noya Plaza,67.0417,27.6288,0.0,0.0,0.0,0.0,Modelled destination drive-time isochrone from OpenStreetMap road-network data; not an observed customer-origin catchment and not live-traffic based
10,45,Al Maqta,48,Ras Al Khaimah,67.0417,82.1295,0.0,0.0,0.0,0.0,Modelled destination drive-time isochrone from OpenStreetMap road-network data; not an observed customer-origin catchment and not live-traffic based
10,45,Al Maqta,49,Zawaya Walk,67.0417,114.6085,0.0,0.0,0.0,0.0,Modelled destination drive-time isochrone from OpenStreetMap road-network data; not an observed customer-origin catchment and not live-traffic based
10,45,Al Maqta,47,Zayed International Airport,67.0417,26.9405,2.0734,3.0928,7.6964,2.256,Modelled destination drive-time isochrone from OpenStreetMap road-network data; not an observed customer-origin catchment and not live-traffic based
10,51,Al Taif Mall,52,Noya Plaza,59.8072,27.6288,0.0,0.0,0.0,0.0,Modelled destination drive-time isochrone from OpenStreetMap road-network data; not an observed customer-origin catchment and not live-traffic based
10,36,Baniyas,37,Al Ain,102.2855,108.6525,0.0,0.0,0.0,0.0,Modelled destination drive-time isochrone from OpenStreetMap road-network data; not an observed customer-origin catchment and not live-traffic based
10,36,Baniyas,46,Al Dhafra Branch,102.2855,69.9281,0.0,0.0,0.0,0.0,Modelled destination drive-time isochrone from OpenStreetMap road-network data; not an observed customer-origin catchment and not live-traffic based
10,36,Baniyas,39,Al Falah,102.2855,34.8696,0.0,0.0,0.0,0.0,Modelled destination drive-time isochrone from OpenStreetMap road-network data; not an observed customer-origin catchment and not live-traffic based
10,36,Baniyas,50,Al Jada,102.2855,65.9891,0.0,0.0,0.0,0.0,Modelled destination drive-time isochrone from OpenStreetMap road-network data; not an observed customer-origin catchment and not live-traffic based
10,36,Baniyas,45,Al Maqta,102.2855,67.0417,1.2864,1.2577,1.9188,0.7655,Modelled destination drive-time isochrone from OpenStreetMap road-network data; not an observed customer-origin catchment and not live-traffic based
10,36,Baniyas,51,Al Taif Mall,102.2855,59.8072,0.0,0.0,0.0,0.0,Modelled destination drive-time isochrone from OpenStreetMap road-network data; not an observed customer-origin catchment and not live-traffic based
10,36,Baniyas,38,Delma,102.2855,92.5493,0.0,0.0,0.0,0.0,Modelled destination drive-time isochrone from OpenStreetMap road-network data; not an observed customer-origin catchment and not live-traffic based
10,36,Baniyas,40,Khaleej Al Arabi,102.2855,81.6967,0.0,0.0,0.0,0.0,Modelled destination drive-time isochrone from OpenStreetMap road-network data; not an observed customer-origin catchment and not live-traffic based
10,36,Baniyas,41,Khalifa City A,102.2855,56.4222,0.0,0.0,0.0,0.0,Modelled destination drive-time isochrone from OpenStreetMap road-network data; not an observed customer-origin catchment and not live-traffic based
10,36,Baniyas,43,Ministries Complex,102.2855,70.6779,0.6629,0.6481,0.9379,0.3847,Modelled destination drive-time isochrone from OpenStreetMap road-network data; not an observed customer-origin catchment and not live-traffic based
10,36,Baniyas,44,Mohammed Bin Zayed City,102.2855,84.3407,16.3419,15.9768,19.3761,9.5968,Modelled destination drive-time isochrone from OpenStreetMap road-network data; not an observed customer-origin catchment and not live-traffic based
10,36,Baniyas,52,Noya Plaza,102.2855,27.6288,0.0,0.0,0.0,0.0,Modelled destination drive-time isochrone from OpenStreetMap road-network data; not an observed customer-origin catchment and not live-traffic based
10,36,Baniyas,48,Ras Al Khaimah,102.2855,82.1295,0.0,0.0,0.0,0.0,Modelled destination drive-time isochrone from OpenStreetMap road-network data; not an observed customer-origin catchment and not live-traffic based
10,36,Baniyas,42,Shakhbout City,102.2855,129.9432,49.421,48.3167,38.0328,27.0344,Modelled destination drive-time isochrone from OpenStreetMap road-network data; not an observed customer-origin catchment and not live-traffic based
10,36,Baniyas,49,Zawaya Walk,102.2855,114.6085,0.0,0.0,0.0,0.0,Modelled destination drive-time isochrone from OpenStreetMap road-network data; not an observed customer-origin catchment and not live-traffic based
10,36,Baniyas,47,Zayed International Airport,102.2855,26.9405,0.0,0.0,0.0,0.0,Modelled destination drive-time isochrone from OpenStreetMap road-network data; not an observed customer-origin catchment and not live-traffic based
10,28,City Walk,37,Al Ain,63.3815,108.6525,0.0,0.0,0.0,0.0,Modelled destination drive-time isochrone from OpenStreetMap road-network data; not an observed customer-origin catchment and not live-traffic based
10,28,City Walk,30,Al Barsha,63.3815,93.2974,4.3565,6.8734,4.6694,2.86,Modelled destination drive-time isochrone from OpenStreetMap road-network data; not an observed customer-origin catchment and not live-traffic based
10,28,City Walk,46,Al Dhafra Branch,63.3815,69.9281,0.0,0.0,0.0,0.0,Modelled destination drive-time isochrone from OpenStreetMap road-network data; not an observed customer-origin catchment and not live-traffic based
10,28,City Walk,39,Al Falah,63.3815,34.8696,0.0,0.0,0.0,0.0,Modelled destination drive-time isochrone from OpenStreetMap road-network data; not an observed customer-origin catchment and not live-traffic based
10,28,City Walk,50,Al Jada,63.3815,65.9891,0.0,0.0,0.0,0.0,Modelled destination drive-time isochrone from OpenStreetMap road-network data; not an observed customer-origin catchment and not live-traffic based
10,28,City Walk,45,Al Maqta,63.3815,67.0417,0.0,0.0,0.0,0.0,Modelled destination drive-time isochrone from OpenStreetMap road-network data; not an observed customer-origin catchment and not live-traffic based
10,28,City Walk,51,Al Taif Mall,63.3815,59.8072,0.0,0.0,0.0,0.0,Modelled destination drive-time isochrone from OpenStreetMap road-network data; not an observed customer-origin catchment and not live-traffic based
10,28,City Walk,36,Baniyas,63.3815,102.2855,0.0,0.0,0.0,0.0,Modelled destination drive-time isochrone from OpenStreetMap road-network data; not an observed customer-origin catchment and not live-traffic based
10,28,City Walk,38,Delma,63.3815,92.5493,0.0,0.0,0.0,0.0,Modelled destination drive-time isochrone from OpenStreetMap road-network data; not an observed customer-origin catchment and not live-traffic based
10,28,City Walk,32,Jumeirah Park,63.3815,56.2511,0.0,0.0,0.0,0.0,Modelled destination drive-time isochrone from OpenStreetMap road-network data; not an observed customer-origin catchment and not live-traffic based
10,28,City Walk,40,Khaleej Al Arabi,63.3815,81.6967,0.0,0.0,0.0,0.0,Modelled destination drive-time isochrone from OpenStreetMap road-network data; not an observed customer-origin catchment and not live-traffic based
10,28,City Walk,41,Khalifa City A,63.3815,56.4222,0.0,0.0,0.0,0.0,Modelled destination drive-time isochrone from OpenStreetMap road-network data; not an observed customer-origin catchment and not live-traffic based
10,28,City Walk,43,Ministries Complex,63.3815,70.6779,0.0,0.0,0.0,0.0,Modelled destination drive-time isochrone from OpenStreetMap road-network data; not an observed customer-origin catchment and not live-traffic based
10,28,City Walk,29,Mirdif 35,63.3815,81.3171,0.0,0.0,0.0,0.0,Modelled destination drive-time isochrone from OpenStreetMap road-network data; not an observed customer-origin catchment and not live-traffic based
10,28,City Walk,44,Mohammed Bin Zayed City,63.3815,84.3407,0.0,0.0,0.0,0.0,Modelled destination drive-time isochrone from OpenStreetMap road-network data; not an observed customer-origin catchment and not live-traffic based
10,28,City Walk,31,Nad Al Sheba,63.3815,69.8739,0.0983,0.1551,0.1406,0.0738,Modelled destination drive-time isochrone from OpenStreetMap road-network data; not an observed customer-origin catchment and not live-traffic based
10,28,City Walk,52,Noya Plaza,63.3815,27.6288,0.0,0.0,0.0,0.0,Modelled destination drive-time isochrone from OpenStreetMap road-network data; not an observed customer-origin catchment and not live-traffic based
10,28,City Walk,48,Ras Al Khaimah,63.3815,82.1295,0.0,0.0,0.0,0.0,Modelled destination drive-time isochrone from OpenStreetMap road-network data; not an observed customer-origin catchment and not live-traffic based
10,28,City Walk,35,Shahama,63.3815,61.6852,0.0,0.0,0.0,0.0,Modelled destination drive-time isochrone from OpenStreetMap road-network data; not an observed customer-origin catchment and not live-traffic based
10,28,City Walk,42,Shakhbout City,63.3815,129.9432,0.0,0.0,0.0,0.0,Modelled destination drive-time isochrone from OpenStreetMap road-network data; not an observed customer-origin catchment and not live-traffic based
10,28,City Walk,34,Westyas Branch,63.3815,40.4379,0.0,0.0,0.0,0.0,Modelled destination drive-time isochrone from OpenStreetMap road-network data; not an observed customer-origin catchment and not live-traffic based
10,28,City Walk,49,Zawaya Walk,63.3815,114.6085,0.0,0.0,0.0,0.0,Modelled destination drive-time isochrone from OpenStreetMap road-network data; not an observed customer-origin catchment and not live-traffic based
10,28,City Walk,47,Zayed International Airport,63.3815,26.9405,0.0,0.0,0.0,0.0,Modelled destination drive-time isochrone from OpenStreetMap road-network data; not an observed customer-origin catchment and not live-traffic based
10,38,Delma,46,Al Dhafra Branch,92.5493,69.9281,0.0,0.0,0.0,0.0,Modelled destination drive-time isochrone from OpenStreetMap road-network data; not an observed customer-origin catchment and not live-traffic based
10,38,Delma,39,Al Falah,92.5493,34.8696,0.0,0.0,0.0,0.0,Modelled destination drive-time isochrone from OpenStreetMap road-network data; not an observed customer-origin catchment and not live-traffic based
10,38,Delma,50,Al Jada,92.5493,65.9891,0.0,0.0,0.0,0.0,Modelled destination drive-time isochrone from OpenStreetMap road-network data; not an observed customer-origin catchment and not live-traffic based
10,38,Delma,45,Al Maqta,92.5493,67.0417,31.1807,33.6909,46.5094,24.2821,Modelled destination drive-time isochrone from OpenStreetMap road-network data; not an observed customer-origin catchment and not live-traffic based
10,38,Delma,51,Al Taif Mall,92.5493,59.8072,0.0,0.0,0.0,0.0,Modelled destination drive-time isochrone from OpenStreetMap road-network data; not an observed customer-origin catchment and not live-traffic based
10,38,Delma,40,Khaleej Al Arabi,92.5493,81.6967,72.9554,78.8287,89.3003,72.0259,Modelled destination drive-time isochrone from OpenStreetMap road-network data; not an observed customer-origin catchment and not live-traffic based
10,38,Delma,41,Khalifa City A,92.5493,56.4222,0.1456,0.1573,0.2581,0.0978,Modelled destination drive-time isochrone from OpenStreetMap road-network data; not an observed customer-origin catchment and not live-traffic based
10,38,Delma,43,Ministries Complex,92.5493,70.6779,42.4953,45.9164,60.1253,35.1981,Modelled destination drive-time isochrone from OpenStreetMap road-network data; not an observed customer-origin catchment and not live-traffic based
10,38,Delma,44,Mohammed Bin Zayed City,92.5493,84.3407,0.2287,0.2471,0.2712,0.1295,Modelled destination drive-time isochrone from OpenStreetMap road-network data; not an observed customer-origin catchment and not live-traffic based
10,38,Delma,52,Noya Plaza,92.5493,27.6288,0.0,0.0,0.0,0.0,Modelled destination drive-time isochrone from OpenStreetMap road-network data; not an observed customer-origin catchment and not live-traffic based
10,38,Delma,48,Ras Al Khaimah,92.5493,82.1295,0.0,0.0,0.0,0.0,Modelled destination drive-time isochrone from OpenStreetMap road-network data; not an observed customer-origin catchment and not live-traffic based
10,38,Delma,42,Shakhbout City,92.5493,129.9432,0.0,0.0,0.0,0.0,Modelled destination drive-time isochrone from OpenStreetMap road-network data; not an observed customer-origin catchment and not live-traffic based
10,38,Delma,49,Zawaya Walk,92.5493,114.6085,0.0,0.0,0.0,0.0,Modelled destination drive-time isochrone from OpenStreetMap road-network data; not an observed customer-origin catchment and not live-traffic based
10,38,Delma,47,Zayed International Airport,92.5493,26.9405,0.0,0.0,0.0,0.0,Modelled destination drive-time isochrone from OpenStreetMap road-network data; not an observed customer-origin catchment and not live-traffic based
10,32,Jumeirah Park,37,Al Ain,56.2511,108.6525,0.0,0.0,0.0,0.0,Modelled destination drive-time isochrone from OpenStreetMap road-network data; not an observed customer-origin catchment and not live-traffic based
10,32,Jumeirah Park,46,Al Dhafra Branch,56.2511,69.9281,0.0,0.0,0.0,0.0,Modelled destination drive-time isochrone from OpenStreetMap road-network data; not an observed customer-origin catchment and not live-traffic based
10,32,Jumeirah Park,39,Al Falah,56.2511,34.8696,0.0,0.0,0.0,0.0,Modelled destination drive-time isochrone from OpenStreetMap road-network data; not an observed customer-origin catchment and not live-traffic based
10,32,Jumeirah Park,50,Al Jada,56.2511,65.9891,0.0,0.0,0.0,0.0,Modelled destination drive-time isochrone from OpenStreetMap road-network data; not an observed customer-origin catchment and not live-traffic based
10,32,Jumeirah Park,45,Al Maqta,56.2511,67.0417,0.0,0.0,0.0,0.0,Modelled destination drive-time isochrone from OpenStreetMap road-network data; not an observed customer-origin catchment and not live-traffic based
10,32,Jumeirah Park,51,Al Taif Mall,56.2511,59.8072,0.0,0.0,0.0,0.0,Modelled destination drive-time isochrone from OpenStreetMap road-network data; not an observed customer-origin catchment and not live-traffic based
10,32,Jumeirah Park,36,Baniyas,56.2511,102.2855,0.0,0.0,0.0,0.0,Modelled destination drive-time isochrone from OpenStreetMap road-network data; not an observed customer-origin catchment and not live-traffic based
10,32,Jumeirah Park,38,Delma,56.2511,92.5493,0.0,0.0,0.0,0.0,Modelled destination drive-time isochrone from OpenStreetMap road-network data; not an observed customer-origin catchment and not live-traffic based
10,32,Jumeirah Park,40,Khaleej Al Arabi,56.2511,81.6967,0.0,0.0,0.0,0.0,Modelled destination drive-time isochrone from OpenStreetMap road-network data; not an observed customer-origin catchment and not live-traffic based
10,32,Jumeirah Park,41,Khalifa City A,56.2511,56.4222,0.0,0.0,0.0,0.0,Modelled destination drive-time isochrone from OpenStreetMap road-network data; not an observed customer-origin catchment and not live-traffic based
10,32,Jumeirah Park,43,Ministries Complex,56.2511,70.6779,0.0,0.0,0.0,0.0,Modelled destination drive-time isochrone from OpenStreetMap road-network data; not an observed customer-origin catchment and not live-traffic based
10,32,Jumeirah Park,44,Mohammed Bin Zayed City,56.2511,84.3407,0.0,0.0,0.0,0.0,Modelled destination drive-time isochrone from OpenStreetMap road-network data; not an observed customer-origin catchment and not live-traffic based
10,32,Jumeirah Park,52,Noya Plaza,56.2511,27.6288,0.0,0.0,0.0,0.0,Modelled destination drive-time isochrone from OpenStreetMap road-network data; not an observed customer-origin catchment and not live-traffic based
10,32,Jumeirah Park,48,Ras Al Khaimah,56.2511,82.1295,0.0,0.0,0.0,0.0,Modelled destination drive-time isochrone from OpenStreetMap road-network data; not an observed customer-origin catchment and not live-traffic based
10,32,Jumeirah Park,35,Shahama,56.2511,61.6852,0.0,0.0,0.0,0.0,Modelled destination drive-time isochrone from OpenStreetMap road-network data; not an observed customer-origin catchment and not live-traffic based
10,32,Jumeirah Park,42,Shakhbout City,56.2511,129.9432,0.0,0.0,0.0,0.0,Modelled destination drive-time isochrone from OpenStreetMap road-network data; not an observed customer-origin catchment and not live-traffic based
10,32,Jumeirah Park,34,Westyas Branch,56.2511,40.4379,0.0,0.0,0.0,0.0,Modelled destination drive-time isochrone from OpenStreetMap road-network data; not an observed customer-origin catchment and not live-traffic based
10,32,Jumeirah Park,49,Zawaya Walk,56.2511,114.6085,0.0,0.0,0.0,0.0,Modelled destination drive-time isochrone from OpenStreetMap road-network data; not an observed customer-origin catchment and not live-traffic based
10,32,Jumeirah Park,47,Zayed International Airport,56.2511,26.9405,0.0,0.0,0.0,0.0,Modelled destination drive-time isochrone from OpenStreetMap road-network data; not an observed customer-origin catchment and not live-traffic based
10,40,Khaleej Al Arabi,46,Al Dhafra Branch,81.6967,69.9281,0.0,0.0,0.0,0.0,Modelled destination drive-time isochrone from OpenStreetMap road-network data; not an observed customer-origin catchment and not live-traffic based
10,40,Khaleej Al Arabi,50,Al Jada,81.6967,65.9891,0.0,0.0,0.0,0.0,Modelled destination drive-time isochrone from OpenStreetMap road-network data; not an observed customer-origin catchment and not live-traffic based
10,40,Khaleej Al Arabi,45,Al Maqta,81.6967,67.0417,25.1083,30.7336,37.4518,20.3092,Modelled destination drive-time isochrone from OpenStreetMap road-network data; not an observed customer-origin catchment and not live-traffic based
10,40,Khaleej Al Arabi,51,Al Taif Mall,81.6967,59.8072,0.0,0.0,0.0,0.0,Modelled destination drive-time isochrone from OpenStreetMap road-network data; not an observed customer-origin catchment and not live-traffic based
10,40,Khaleej Al Arabi,41,Khalifa City A,81.6967,56.4222,0.0,0.0,0.0,0.0,Modelled destination drive-time isochrone from OpenStreetMap road-network data; not an observed customer-origin catchment and not live-traffic based
10,40,Khaleej Al Arabi,43,Ministries Complex,81.6967,70.6779,35.856,43.8892,50.7316,30.7728,Modelled destination drive-time isochrone from OpenStreetMap road-network data; not an observed customer-origin catchment and not live-traffic based
10,40,Khaleej Al Arabi,44,Mohammed Bin Zayed City,81.6967,84.3407,0.8825,1.0802,1.0463,0.5343,Modelled destination drive-time isochrone from OpenStreetMap road-network data; not an observed customer-origin catchment and not live-traffic based
10,40,Khaleej Al Arabi,52,Noya Plaza,81.6967,27.6288,0.0,0.0,0.0,0.0,Modelled destination drive-time isochrone from OpenStreetMap road-network data; not an observed customer-origin catchment and not live-traffic based
10,40,Khaleej Al Arabi,48,Ras Al Khaimah,81.6967,82.1295,0.0,0.0,0.0,0.0,Modelled destination drive-time isochrone from OpenStreetMap road-network data; not an observed customer-origin catchment and not live-traffic based
10,40,Khaleej Al Arabi,42,Shakhbout City,81.6967,129.9432,0.0,0.0,0.0,0.0,Modelled destination drive-time isochrone from OpenStreetMap road-network data; not an observed customer-origin catchment and not live-traffic based
10,40,Khaleej Al Arabi,49,Zawaya Walk,81.6967,114.6085,0.0,0.0,0.0,0.0,Modelled destination drive-time isochrone from OpenStreetMap road-network data; not an observed customer-origin catchment and not live-traffic based
10,40,Khaleej Al Arabi,47,Zayed International Airport,81.6967,26.9405,0.0,0.0,0.0,0.0,Modelled destination drive-time isochrone from OpenStreetMap road-network data; not an observed customer-origin catchment and not live-traffic based
10,41,Khalifa City A,46,Al Dhafra Branch,56.4222,69.9281,0.0,0.0,0.0,0.0,Modelled destination drive-time isochrone from OpenStreetMap road-network data; not an observed customer-origin catchment and not live-traffic based
10,41,Khalifa City A,50,Al Jada,56.4222,65.9891,0.0,0.0,0.0,0.0,Modelled destination drive-time isochrone from OpenStreetMap road-network data; not an observed customer-origin catchment and not live-traffic based
10,41,Khalifa City A,45,Al Maqta,56.4222,67.0417,6.0957,10.8038,9.0925,5.1937,Modelled destination drive-time isochrone from OpenStreetMap road-network data; not an observed customer-origin catchment and not live-traffic based
10,41,Khalifa City A,51,Al Taif Mall,56.4222,59.8072,0.0,0.0,0.0,0.0,Modelled destination drive-time isochrone from OpenStreetMap road-network data; not an observed customer-origin catchment and not live-traffic based
10,41,Khalifa City A,43,Ministries Complex,56.4222,70.6779,5.24,9.2871,7.4139,4.3,Modelled destination drive-time isochrone from OpenStreetMap road-network data; not an observed customer-origin catchment and not live-traffic based
10,41,Khalifa City A,44,Mohammed Bin Zayed City,56.4222,84.3407,0.2363,0.4187,0.2801,0.1681,Modelled destination drive-time isochrone from OpenStreetMap road-network data; not an observed customer-origin catchment and not live-traffic based
10,41,Khalifa City A,52,Noya Plaza,56.4222,27.6288,6.2775,11.126,22.7209,8.0715,Modelled destination drive-time isochrone from OpenStreetMap road-network data; not an observed customer-origin catchment and not live-traffic based
10,41,Khalifa City A,48,Ras Al Khaimah,56.4222,82.1295,0.0,0.0,0.0,0.0,Modelled destination drive-time isochrone from OpenStreetMap road-network data; not an observed customer-origin catchment and not live-traffic based
10,41,Khalifa City A,42,Shakhbout City,56.4222,129.9432,1.0808,1.9155,0.8317,0.5833,Modelled destination drive-time isochrone from OpenStreetMap road-network data; not an observed customer-origin catchment and not live-traffic based
10,41,Khalifa City A,49,Zawaya Walk,56.4222,114.6085,0.0,0.0,0.0,0.0,Modelled destination drive-time isochrone from OpenStreetMap road-network data; not an observed customer-origin catchment and not live-traffic based
10,41,Khalifa City A,47,Zayed International Airport,56.4222,26.9405,24.0976,42.7094,89.4474,40.6606,Modelled destination drive-time isochrone from OpenStreetMap road-network data; not an observed customer-origin catchment and not live-traffic based
10,43,Ministries Complex,46,Al Dhafra Branch,70.6779,69.9281,0.0,0.0,0.0,0.0,Modelled destination drive-time isochrone from OpenStreetMap road-network data; not an observed customer-origin catchment and not live-traffic based
10,43,Ministries Complex,50,Al Jada,70.6779,65.9891,0.0,0.0,0.0,0.0,Modelled destination drive-time isochrone from OpenStreetMap road-network data; not an observed customer-origin catchment and not live-traffic based
10,43,Ministries Complex,45,Al Maqta,70.6779,67.0417,54.669,77.3495,81.5448,65.8262,Modelled destination drive-time isochrone from OpenStreetMap road-network data; not an observed customer-origin catchment and not live-traffic based
10,43,Ministries Complex,51,Al Taif Mall,70.6779,59.8072,0.0,0.0,0.0,0.0,Modelled destination drive-time isochrone from OpenStreetMap road-network data; not an observed customer-origin catchment and not live-traffic based
10,43,Ministries Complex,44,Mohammed Bin Zayed City,70.6779,84.3407,12.0554,17.0569,14.2937,8.4326,Modelled destination drive-time isochrone from OpenStreetMap road-network data; not an observed customer-origin catchment and not live-traffic based
10,43,Ministries Complex,52,Noya Plaza,70.6779,27.6288,0.0,0.0,0.0,0.0,Modelled destination drive-time isochrone from OpenStreetMap road-network data; not an observed customer-origin catchment and not live-traffic based
10,43,Ministries Complex,48,Ras Al Khaimah,70.6779,82.1295,0.0,0.0,0.0,0.0,Modelled destination drive-time isochrone from OpenStreetMap road-network data; not an observed customer-origin catchment and not live-traffic based
10,43,Ministries Complex,49,Zawaya Walk,70.6779,114.6085,0.0,0.0,0.0,0.0,Modelled destination drive-time isochrone from OpenStreetMap road-network data; not an observed customer-origin catchment and not live-traffic based
10,43,Ministries Complex,47,Zayed International Airport,70.6779,26.9405,2.6116,3.6951,9.6939,2.7488,Modelled destination drive-time isochrone from OpenStreetMap road-network data; not an observed customer-origin catchment and not live-traffic based
10,29,Mirdif 35,37,Al Ain,81.3171,108.6525,0.0,0.0,0.0,0.0,Modelled destination drive-time isochrone from OpenStreetMap road-network data; not an observed customer-origin catchment and not live-traffic based
10,29,Mirdif 35,30,Al Barsha,81.3171,93.2974,0.0,0.0,0.0,0.0,Modelled destination drive-time isochrone from OpenStreetMap road-network data; not an observed customer-origin catchment and not live-traffic based
10,29,Mirdif 35,46,Al Dhafra Branch,81.3171,69.9281,0.0,0.0,0.0,0.0,Modelled destination drive-time isochrone from OpenStreetMap road-network data; not an observed customer-origin catchment and not live-traffic based
10,29,Mirdif 35,39,Al Falah,81.3171,34.8696,0.0,0.0,0.0,0.0,Modelled destination drive-time isochrone from OpenStreetMap road-network data; not an observed customer-origin catchment and not live-traffic based
10,29,Mirdif 35,50,Al Jada,81.3171,65.9891,0.191,0.2349,0.2894,0.1298,Modelled destination drive-time isochrone from OpenStreetMap road-network data; not an observed customer-origin catchment and not live-traffic based
10,29,Mirdif 35,45,Al Maqta,81.3171,67.0417,0.0,0.0,0.0,0.0,Modelled destination drive-time isochrone from OpenStreetMap road-network data; not an observed customer-origin catchment and not live-traffic based
10,29,Mirdif 35,51,Al Taif Mall,81.3171,59.8072,0.0,0.0,0.0,0.0,Modelled destination drive-time isochrone from OpenStreetMap road-network data; not an observed customer-origin catchment and not live-traffic based
10,29,Mirdif 35,36,Baniyas,81.3171,102.2855,0.0,0.0,0.0,0.0,Modelled destination drive-time isochrone from OpenStreetMap road-network data; not an observed customer-origin catchment and not live-traffic based
10,29,Mirdif 35,38,Delma,81.3171,92.5493,0.0,0.0,0.0,0.0,Modelled destination drive-time isochrone from OpenStreetMap road-network data; not an observed customer-origin catchment and not live-traffic based
10,29,Mirdif 35,32,Jumeirah Park,81.3171,56.2511,0.0,0.0,0.0,0.0,Modelled destination drive-time isochrone from OpenStreetMap road-network data; not an observed customer-origin catchment and not live-traffic based
10,29,Mirdif 35,40,Khaleej Al Arabi,81.3171,81.6967,0.0,0.0,0.0,0.0,Modelled destination drive-time isochrone from OpenStreetMap road-network data; not an observed customer-origin catchment and not live-traffic based
10,29,Mirdif 35,41,Khalifa City A,81.3171,56.4222,0.0,0.0,0.0,0.0,Modelled destination drive-time isochrone from OpenStreetMap road-network data; not an observed customer-origin catchment and not live-traffic based
10,29,Mirdif 35,43,Ministries Complex,81.3171,70.6779,0.0,0.0,0.0,0.0,Modelled destination drive-time isochrone from OpenStreetMap road-network data; not an observed customer-origin catchment and not live-traffic based
10,29,Mirdif 35,44,Mohammed Bin Zayed City,81.3171,84.3407,0.0,0.0,0.0,0.0,Modelled destination drive-time isochrone from OpenStreetMap road-network data; not an observed customer-origin catchment and not live-traffic based
10,29,Mirdif 35,31,Nad Al Sheba,81.3171,69.8739,4.9935,6.1407,7.1464,3.4156,Modelled destination drive-time isochrone from OpenStreetMap road-network data; not an observed customer-origin catchment and not live-traffic based
10,29,Mirdif 35,52,Noya Plaza,81.3171,27.6288,0.0,0.0,0.0,0.0,Modelled destination drive-time isochrone from OpenStreetMap road-network data; not an observed customer-origin catchment and not live-traffic based
10,29,Mirdif 35,48,Ras Al Khaimah,81.3171,82.1295,0.0,0.0,0.0,0.0,Modelled destination drive-time isochrone from OpenStreetMap road-network data; not an observed customer-origin catchment and not live-traffic based
10,29,Mirdif 35,35,Shahama,81.3171,61.6852,0.0,0.0,0.0,0.0,Modelled destination drive-time isochrone from OpenStreetMap road-network data; not an observed customer-origin catchment and not live-traffic based
10,29,Mirdif 35,42,Shakhbout City,81.3171,129.9432,0.0,0.0,0.0,0.0,Modelled destination drive-time isochrone from OpenStreetMap road-network data; not an observed customer-origin catchment and not live-traffic based
10,29,Mirdif 35,34,Westyas Branch,81.3171,40.4379,0.0,0.0,0.0,0.0,Modelled destination drive-time isochrone from OpenStreetMap road-network data; not an observed customer-origin catchment and not live-traffic based
10,29,Mirdif 35,49,Zawaya Walk,81.3171,114.6085,1.8426,2.266,1.6077,0.9494,Modelled destination drive-time isochrone from OpenStreetMap road-network data; not an observed customer-origin catchment and not live-traffic based
10,29,Mirdif 35,47,Zayed International Airport,81.3171,26.9405,0.0,0.0,0.0,0.0,Modelled destination drive-time isochrone from OpenStreetMap road-network data; not an observed customer-origin catchment and not live-traffic based
10,44,Mohammed Bin Zayed City,46,Al Dhafra Branch,84.3407,69.9281,0.0,0.0,0.0,0.0,Modelled destination drive-time isochrone from OpenStreetMap road-network data; not an observed customer-origin catchment and not live-traffic based
10,44,Mohammed Bin Zayed City,50,Al Jada,84.3407,65.9891,0.0,0.0,0.0,0.0,Modelled destination drive-time isochrone from OpenStreetMap road-network data; not an observed customer-origin catchment and not live-traffic based
10,44,Mohammed Bin Zayed City,45,Al Maqta,84.3407,67.0417,18.036,21.3846,26.9026,13.5256,Modelled destination drive-time isochrone from OpenStreetMap road-network data; not an observed customer-origin catchment and not live-traffic based
10,44,Mohammed Bin Zayed City,51,Al Taif Mall,84.3407,59.8072,0.0,0.0,0.0,0.0,Modelled destination drive-time isochrone from OpenStreetMap road-network data; not an observed customer-origin catchment and not live-traffic based
10,44,Mohammed Bin Zayed City,52,Noya Plaza,84.3407,27.6288,0.0,0.0,0.0,0.0,Modelled destination drive-time isochrone from OpenStreetMap road-network data; not an observed customer-origin catchment and not live-traffic based
10,44,Mohammed Bin Zayed City,48,Ras Al Khaimah,84.3407,82.1295,0.0,0.0,0.0,0.0,Modelled destination drive-time isochrone from OpenStreetMap road-network data; not an observed customer-origin catchment and not live-traffic based
10,44,Mohammed Bin Zayed City,49,Zawaya Walk,84.3407,114.6085,0.0,0.0,0.0,0.0,Modelled destination drive-time isochrone from OpenStreetMap road-network data; not an observed customer-origin catchment and not live-traffic based
10,44,Mohammed Bin Zayed City,47,Zayed International Airport,84.3407,26.9405,0.0,0.0,0.0,0.0,Modelled destination drive-time isochrone from OpenStreetMap road-network data; not an observed customer-origin catchment and not live-traffic based
10,31,Nad Al Sheba,37,Al Ain,69.8739,108.6525,0.0,0.0,0.0,0.0,Modelled destination drive-time isochrone from OpenStreetMap road-network data; not an observed customer-origin catchment and not live-traffic based
10,31,Nad Al Sheba,46,Al Dhafra Branch,69.8739,69.9281,0.0,0.0,0.0,0.0,Modelled destination drive-time isochrone from OpenStreetMap road-network data; not an observed customer-origin catchment and not live-traffic based
10,31,Nad Al Sheba,39,Al Falah,69.8739,34.8696,0.0,0.0,0.0,0.0,Modelled destination drive-time isochrone from OpenStreetMap road-network data; not an observed customer-origin catchment and not live-traffic based
10,31,Nad Al Sheba,50,Al Jada,69.8739,65.9891,0.0,0.0,0.0,0.0,Modelled destination drive-time isochrone from OpenStreetMap road-network data; not an observed customer-origin catchment and not live-traffic based
10,31,Nad Al Sheba,45,Al Maqta,69.8739,67.0417,0.0,0.0,0.0,0.0,Modelled destination drive-time isochrone from OpenStreetMap road-network data; not an observed customer-origin catchment and not live-traffic based
10,31,Nad Al Sheba,51,Al Taif Mall,69.8739,59.8072,0.0,0.0,0.0,0.0,Modelled destination drive-time isochrone from OpenStreetMap road-network data; not an observed customer-origin catchment and not live-traffic based
10,31,Nad Al Sheba,36,Baniyas,69.8739,102.2855,0.0,0.0,0.0,0.0,Modelled destination drive-time isochrone from OpenStreetMap road-network data; not an observed customer-origin catchment and not live-traffic based
10,31,Nad Al Sheba,38,Delma,69.8739,92.5493,0.0,0.0,0.0,0.0,Modelled destination drive-time isochrone from OpenStreetMap road-network data; not an observed customer-origin catchment and not live-traffic based
10,31,Nad Al Sheba,32,Jumeirah Park,69.8739,56.2511,0.0,0.0,0.0,0.0,Modelled destination drive-time isochrone from OpenStreetMap road-network data; not an observed customer-origin catchment and not live-traffic based
10,31,Nad Al Sheba,40,Khaleej Al Arabi,69.8739,81.6967,0.0,0.0,0.0,0.0,Modelled destination drive-time isochrone from OpenStreetMap road-network data; not an observed customer-origin catchment and not live-traffic based
10,31,Nad Al Sheba,41,Khalifa City A,69.8739,56.4222,0.0,0.0,0.0,0.0,Modelled destination drive-time isochrone from OpenStreetMap road-network data; not an observed customer-origin catchment and not live-traffic based
10,31,Nad Al Sheba,43,Ministries Complex,69.8739,70.6779,0.0,0.0,0.0,0.0,Modelled destination drive-time isochrone from OpenStreetMap road-network data; not an observed customer-origin catchment and not live-traffic based
10,31,Nad Al Sheba,44,Mohammed Bin Zayed City,69.8739,84.3407,0.0,0.0,0.0,0.0,Modelled destination drive-time isochrone from OpenStreetMap road-network data; not an observed customer-origin catchment and not live-traffic based
10,31,Nad Al Sheba,52,Noya Plaza,69.8739,27.6288,0.0,0.0,0.0,0.0,Modelled destination drive-time isochrone from OpenStreetMap road-network data; not an observed customer-origin catchment and not live-traffic based
10,31,Nad Al Sheba,48,Ras Al Khaimah,69.8739,82.1295,0.0,0.0,0.0,0.0,Modelled destination drive-time isochrone from OpenStreetMap road-network data; not an observed customer-origin catchment and not live-traffic based
10,31,Nad Al Sheba,35,Shahama,69.8739,61.6852,0.0,0.0,0.0,0.0,Modelled destination drive-time isochrone from OpenStreetMap road-network data; not an observed customer-origin catchment and not live-traffic based
10,31,Nad Al Sheba,42,Shakhbout City,69.8739,129.9432,0.0,0.0,0.0,0.0,Modelled destination drive-time isochrone from OpenStreetMap road-network data; not an observed customer-origin catchment and not live-traffic based
10,31,Nad Al Sheba,34,Westyas Branch,69.8739,40.4379,0.0,0.0,0.0,0.0,Modelled destination drive-time isochrone from OpenStreetMap road-network data; not an observed customer-origin catchment and not live-traffic based
10,31,Nad Al Sheba,49,Zawaya Walk,69.8739,114.6085,0.0,0.0,0.0,0.0,Modelled destination drive-time isochrone from OpenStreetMap road-network data; not an observed customer-origin catchment and not live-traffic based
10,31,Nad Al Sheba,47,Zayed International Airport,69.8739,26.9405,0.0,0.0,0.0,0.0,Modelled destination drive-time isochrone from OpenStreetMap road-network data; not an observed customer-origin catchment and not live-traffic based
10,48,Ras Al Khaimah,50,Al Jada,82.1295,65.9891,0.0,0.0,0.0,0.0,Modelled destination drive-time isochrone from OpenStreetMap road-network data; not an observed customer-origin catchment and not live-traffic based
10,48,Ras Al Khaimah,51,Al Taif Mall,82.1295,59.8072,0.0,0.0,0.0,0.0,Modelled destination drive-time isochrone from OpenStreetMap road-network data; not an observed customer-origin catchment and not live-traffic based
10,48,Ras Al Khaimah,52,Noya Plaza,82.1295,27.6288,0.0,0.0,0.0,0.0,Modelled destination drive-time isochrone from OpenStreetMap road-network data; not an observed customer-origin catchment and not live-traffic based
10,48,Ras Al Khaimah,49,Zawaya Walk,82.1295,114.6085,0.0,0.0,0.0,0.0,Modelled destination drive-time isochrone from OpenStreetMap road-network data; not an observed customer-origin catchment and not live-traffic based
10,35,Shahama,37,Al Ain,61.6852,108.6525,0.0,0.0,0.0,0.0,Modelled destination drive-time isochrone from OpenStreetMap road-network data; not an observed customer-origin catchment and not live-traffic based
10,35,Shahama,46,Al Dhafra Branch,61.6852,69.9281,0.0,0.0,0.0,0.0,Modelled destination drive-time isochrone from OpenStreetMap road-network data; not an observed customer-origin catchment and not live-traffic based
10,35,Shahama,39,Al Falah,61.6852,34.8696,0.0,0.0,0.0,0.0,Modelled destination drive-time isochrone from OpenStreetMap road-network data; not an observed customer-origin catchment and not live-traffic based
10,35,Shahama,50,Al Jada,61.6852,65.9891,0.0,0.0,0.0,0.0,Modelled destination drive-time isochrone from OpenStreetMap road-network data; not an observed customer-origin catchment and not live-traffic based
10,35,Shahama,45,Al Maqta,61.6852,67.0417,0.0,0.0,0.0,0.0,Modelled destination drive-time isochrone from OpenStreetMap road-network data; not an observed customer-origin catchment and not live-traffic based
10,35,Shahama,51,Al Taif Mall,61.6852,59.8072,0.0,0.0,0.0,0.0,Modelled destination drive-time isochrone from OpenStreetMap road-network data; not an observed customer-origin catchment and not live-traffic based
10,35,Shahama,36,Baniyas,61.6852,102.2855,0.0,0.0,0.0,0.0,Modelled destination drive-time isochrone from OpenStreetMap road-network data; not an observed customer-origin catchment and not live-traffic based
10,35,Shahama,38,Delma,61.6852,92.5493,0.0,0.0,0.0,0.0,Modelled destination drive-time isochrone from OpenStreetMap road-network data; not an observed customer-origin catchment and not live-traffic based
10,35,Shahama,40,Khaleej Al Arabi,61.6852,81.6967,0.0,0.0,0.0,0.0,Modelled destination drive-time isochrone from OpenStreetMap road-network data; not an observed customer-origin catchment and not live-traffic based
10,35,Shahama,41,Khalifa City A,61.6852,56.4222,4.5926,7.4452,8.1397,4.0458,Modelled destination drive-time isochrone from OpenStreetMap road-network data; not an observed customer-origin catchment and not live-traffic based
10,35,Shahama,43,Ministries Complex,61.6852,70.6779,0.0,0.0,0.0,0.0,Modelled destination drive-time isochrone from OpenStreetMap road-network data; not an observed customer-origin catchment and not live-traffic based
10,35,Shahama,44,Mohammed Bin Zayed City,61.6852,84.3407,0.0,0.0,0.0,0.0,Modelled destination drive-time isochrone from OpenStreetMap road-network data; not an observed customer-origin catchment and not live-traffic based
10,35,Shahama,52,Noya Plaza,61.6852,27.6288,4.8103,7.7982,17.4105,5.6924,Modelled destination drive-time isochrone from OpenStreetMap road-network data; not an observed customer-origin catchment and not live-traffic based
10,35,Shahama,48,Ras Al Khaimah,61.6852,82.1295,0.0,0.0,0.0,0.0,Modelled destination drive-time isochrone from OpenStreetMap road-network data; not an observed customer-origin catchment and not live-traffic based
10,35,Shahama,42,Shakhbout City,61.6852,129.9432,0.4086,0.6623,0.3144,0.2137,Modelled destination drive-time isochrone from OpenStreetMap road-network data; not an observed customer-origin catchment and not live-traffic based
10,35,Shahama,49,Zawaya Walk,61.6852,114.6085,0.0,0.0,0.0,0.0,Modelled destination drive-time isochrone from OpenStreetMap road-network data; not an observed customer-origin catchment and not live-traffic based
10,35,Shahama,47,Zayed International Airport,61.6852,26.9405,4.3676,7.0805,16.2121,5.1836,Modelled destination drive-time isochrone from OpenStreetMap road-network data; not an observed customer-origin catchment and not live-traffic based
10,42,Shakhbout City,46,Al Dhafra Branch,129.9432,69.9281,0.0,0.0,0.0,0.0,Modelled destination drive-time isochrone from OpenStreetMap road-network data; not an observed customer-origin catchment and not live-traffic based
10,42,Shakhbout City,50,Al Jada,129.9432,65.9891,0.0,0.0,0.0,0.0,Modelled destination drive-time isochrone from OpenStreetMap road-network data; not an observed customer-origin catchment and not live-traffic based
10,42,Shakhbout City,45,Al Maqta,129.9432,67.0417,2.3544,1.8119,3.5118,1.2097,Modelled destination drive-time isochrone from OpenStreetMap road-network data; not an observed customer-origin catchment and not live-traffic based
10,42,Shakhbout City,51,Al Taif Mall,129.9432,59.8072,0.0,0.0,0.0,0.0,Modelled destination drive-time isochrone from OpenStreetMap road-network data; not an observed customer-origin catchment and not live-traffic based
10,42,Shakhbout City,43,Ministries Complex,129.9432,70.6779,0.4922,0.3788,0.6963,0.2459,Modelled destination drive-time isochrone from OpenStreetMap road-network data; not an observed customer-origin catchment and not live-traffic based
10,42,Shakhbout City,44,Mohammed Bin Zayed City,129.9432,84.3407,13.268,10.2106,15.7315,6.6005,Modelled destination drive-time isochrone from OpenStreetMap road-network data; not an observed customer-origin catchment and not live-traffic based
10,42,Shakhbout City,52,Noya Plaza,129.9432,27.6288,0.0,0.0,0.0,0.0,Modelled destination drive-time isochrone from OpenStreetMap road-network data; not an observed customer-origin catchment and not live-traffic based
10,42,Shakhbout City,48,Ras Al Khaimah,129.9432,82.1295,0.0,0.0,0.0,0.0,Modelled destination drive-time isochrone from OpenStreetMap road-network data; not an observed customer-origin catchment and not live-traffic based
10,42,Shakhbout City,49,Zawaya Walk,129.9432,114.6085,0.0,0.0,0.0,0.0,Modelled destination drive-time isochrone from OpenStreetMap road-network data; not an observed customer-origin catchment and not live-traffic based
10,42,Shakhbout City,47,Zayed International Airport,129.9432,26.9405,0.0,0.0,0.0,0.0,Modelled destination drive-time isochrone from OpenStreetMap road-network data; not an observed customer-origin catchment and not live-traffic based
10,34,Westyas Branch,37,Al Ain,40.4379,108.6525,0.0,0.0,0.0,0.0,Modelled destination drive-time isochrone from OpenStreetMap road-network data; not an observed customer-origin catchment and not live-traffic based
10,34,Westyas Branch,46,Al Dhafra Branch,40.4379,69.9281,0.0,0.0,0.0,0.0,Modelled destination drive-time isochrone from OpenStreetMap road-network data; not an observed customer-origin catchment and not live-traffic based
10,34,Westyas Branch,39,Al Falah,40.4379,34.8696,0.0,0.0,0.0,0.0,Modelled destination drive-time isochrone from OpenStreetMap road-network data; not an observed customer-origin catchment and not live-traffic based
10,34,Westyas Branch,50,Al Jada,40.4379,65.9891,0.0,0.0,0.0,0.0,Modelled destination drive-time isochrone from OpenStreetMap road-network data; not an observed customer-origin catchment and not live-traffic based
10,34,Westyas Branch,45,Al Maqta,40.4379,67.0417,0.0,0.0,0.0,0.0,Modelled destination drive-time isochrone from OpenStreetMap road-network data; not an observed customer-origin catchment and not live-traffic based
10,34,Westyas Branch,51,Al Taif Mall,40.4379,59.8072,0.0,0.0,0.0,0.0,Modelled destination drive-time isochrone from OpenStreetMap road-network data; not an observed customer-origin catchment and not live-traffic based
10,34,Westyas Branch,36,Baniyas,40.4379,102.2855,0.0,0.0,0.0,0.0,Modelled destination drive-time isochrone from OpenStreetMap road-network data; not an observed customer-origin catchment and not live-traffic based
10,34,Westyas Branch,38,Delma,40.4379,92.5493,0.0,0.0,0.0,0.0,Modelled destination drive-time isochrone from OpenStreetMap road-network data; not an observed customer-origin catchment and not live-traffic based
10,34,Westyas Branch,40,Khaleej Al Arabi,40.4379,81.6967,0.0,0.0,0.0,0.0,Modelled destination drive-time isochrone from OpenStreetMap road-network data; not an observed customer-origin catchment and not live-traffic based
10,34,Westyas Branch,41,Khalifa City A,40.4379,56.4222,6.4986,16.0707,11.5179,7.1918,Modelled destination drive-time isochrone from OpenStreetMap road-network data; not an observed customer-origin catchment and not live-traffic based
10,34,Westyas Branch,43,Ministries Complex,40.4379,70.6779,0.0,0.0,0.0,0.0,Modelled destination drive-time isochrone from OpenStreetMap road-network data; not an observed customer-origin catchment and not live-traffic based
10,34,Westyas Branch,44,Mohammed Bin Zayed City,40.4379,84.3407,0.0,0.0,0.0,0.0,Modelled destination drive-time isochrone from OpenStreetMap road-network data; not an observed customer-origin catchment and not live-traffic based
10,34,Westyas Branch,52,Noya Plaza,40.4379,27.6288,24.3551,60.2284,88.1511,55.7177,Modelled destination drive-time isochrone from OpenStreetMap road-network data; not an observed customer-origin catchment and not live-traffic based
10,34,Westyas Branch,48,Ras Al Khaimah,40.4379,82.1295,0.0,0.0,0.0,0.0,Modelled destination drive-time isochrone from OpenStreetMap road-network data; not an observed customer-origin catchment and not live-traffic based
10,34,Westyas Branch,35,Shahama,40.4379,61.6852,6.4313,15.904,10.4259,6.7208,Modelled destination drive-time isochrone from OpenStreetMap road-network data; not an observed customer-origin catchment and not live-traffic based
10,34,Westyas Branch,42,Shakhbout City,40.4379,129.9432,0.2217,0.5483,0.1706,0.1303,Modelled destination drive-time isochrone from OpenStreetMap road-network data; not an observed customer-origin catchment and not live-traffic based
10,34,Westyas Branch,49,Zawaya Walk,40.4379,114.6085,0.0,0.0,0.0,0.0,Modelled destination drive-time isochrone from OpenStreetMap road-network data; not an observed customer-origin catchment and not live-traffic based
10,34,Westyas Branch,47,Zayed International Airport,40.4379,26.9405,8.1033,20.0388,30.0783,13.6706,Modelled destination drive-time isochrone from OpenStreetMap road-network data; not an observed customer-origin catchment and not live-traffic based
10,49,Zawaya Walk,50,Al Jada,114.6085,65.9891,53.6827,46.84,81.3508,42.2981,Modelled destination drive-time isochrone from OpenStreetMap road-network data; not an observed customer-origin catchment and not live-traffic based
10,49,Zawaya Walk,51,Al Taif Mall,114.6085,59.8072,0.0,0.0,0.0,0.0,Modelled destination drive-time isochrone from OpenStreetMap road-network data; not an observed customer-origin catchment and not live-traffic based
10,49,Zawaya Walk,52,Noya Plaza,114.6085,27.6288,0.0,0.0,0.0,0.0,Modelled destination drive-time isochrone from OpenStreetMap road-network data; not an observed customer-origin catchment and not live-traffic based
10,47,Zayed International Airport,50,Al Jada,26.9405,65.9891,0.0,0.0,0.0,0.0,Modelled destination drive-time isochrone from OpenStreetMap road-network data; not an observed customer-origin catchment and not live-traffic based
10,47,Zayed International Airport,51,Al Taif Mall,26.9405,59.8072,0.0,0.0,0.0,0.0,Modelled destination drive-time isochrone from OpenStreetMap road-network data; not an observed customer-origin catchment and not live-traffic based
10,47,Zayed International Airport,52,Noya Plaza,26.9405,27.6288,7.8155,29.0102,28.2875,16.7163,Modelled destination drive-time isochrone from OpenStreetMap road-network data; not an observed customer-origin catchment and not live-traffic based
10,47,Zayed International Airport,48,Ras Al Khaimah,26.9405,82.1295,0.0,0.0,0.0,0.0,Modelled destination drive-time isochrone from OpenStreetMap road-network data; not an observed customer-origin catchment and not live-traffic based
10,47,Zayed International Airport,49,Zawaya Walk,26.9405,114.6085,0.0,0.0,0.0,0.0,Modelled destination drive-time isochrone from OpenStreetMap road-network data; not an observed customer-origin catchment and not live-traffic based
15,37,Al Ain,46,Al Dhafra Branch,261.882,145.9349,0.0,0.0,0.0,0.0,Modelled destination drive-time isochrone from OpenStreetMap road-network data; not an observed customer-origin catchment and not live-traffic based
15,37,Al Ain,39,Al Falah,261.882,108.097,0.0,0.0,0.0,0.0,Modelled destination drive-time isochrone from OpenStreetMap road-network data; not an observed customer-origin catchment and not live-traffic based
15,37,Al Ain,50,Al Jada,261.882,217.9479,0.0,0.0,0.0,0.0,Modelled destination drive-time isochrone from OpenStreetMap road-network data; not an observed customer-origin catchment and not live-traffic based
15,37,Al Ain,45,Al Maqta,261.882,222.8768,0.0,0.0,0.0,0.0,Modelled destination drive-time isochrone from OpenStreetMap road-network data; not an observed customer-origin catchment and not live-traffic based
15,37,Al Ain,51,Al Taif Mall,261.882,139.6888,0.0,0.0,0.0,0.0,Modelled destination drive-time isochrone from OpenStreetMap road-network data; not an observed customer-origin catchment and not live-traffic based
15,37,Al Ain,38,Delma,261.882,171.8725,0.0,0.0,0.0,0.0,Modelled destination drive-time isochrone from OpenStreetMap road-network data; not an observed customer-origin catchment and not live-traffic based
15,37,Al Ain,40,Khaleej Al Arabi,261.882,162.5598,0.0,0.0,0.0,0.0,Modelled destination drive-time isochrone from OpenStreetMap road-network data; not an observed customer-origin catchment and not live-traffic based
15,37,Al Ain,41,Khalifa City A,261.882,203.6301,0.0,0.0,0.0,0.0,Modelled destination drive-time isochrone from OpenStreetMap road-network data; not an observed customer-origin catchment and not live-traffic based
15,37,Al Ain,43,Ministries Complex,261.882,210.5325,0.0,0.0,0.0,0.0,Modelled destination drive-time isochrone from OpenStreetMap road-network data; not an observed customer-origin catchment and not live-traffic based
15,37,Al Ain,44,Mohammed Bin Zayed City,261.882,222.5525,0.0,0.0,0.0,0.0,Modelled destination drive-time isochrone from OpenStreetMap road-network data; not an observed customer-origin catchment and not live-traffic based
15,37,Al Ain,52,Noya Plaza,261.882,102.1934,0.0,0.0,0.0,0.0,Modelled destination drive-time isochrone from OpenStreetMap road-network data; not an observed customer-origin catchment and not live-traffic based
15,37,Al Ain,48,Ras Al Khaimah,261.882,212.073,0.0,0.0,0.0,0.0,Modelled destination drive-time isochrone from OpenStreetMap road-network data; not an observed customer-origin catchment and not live-traffic based
15,37,Al Ain,42,Shakhbout City,261.882,344.9102,0.0,0.0,0.0,0.0,Modelled destination drive-time isochrone from OpenStreetMap road-network data; not an observed customer-origin catchment and not live-traffic based
15,37,Al Ain,49,Zawaya Walk,261.882,294.4264,0.0,0.0,0.0,0.0,Modelled destination drive-time isochrone from OpenStreetMap road-network data; not an observed customer-origin catchment and not live-traffic based
15,37,Al Ain,47,Zayed International Airport,261.882,142.2965,0.0,0.0,0.0,0.0,Modelled destination drive-time isochrone from OpenStreetMap road-network data; not an observed customer-origin catchment and not live-traffic based
15,30,Al Barsha,37,Al Ain,233.8045,261.882,0.0,0.0,0.0,0.0,Modelled destination drive-time isochrone from OpenStreetMap road-network data; not an observed customer-origin catchment and not live-traffic based
15,30,Al Barsha,46,Al Dhafra Branch,233.8045,145.9349,0.0,0.0,0.0,0.0,Modelled destination drive-time isochrone from OpenStreetMap road-network data; not an observed customer-origin catchment and not live-traffic based
15,30,Al Barsha,39,Al Falah,233.8045,108.097,0.0,0.0,0.0,0.0,Modelled destination drive-time isochrone from OpenStreetMap road-network data; not an observed customer-origin catchment and not live-traffic based
15,30,Al Barsha,50,Al Jada,233.8045,217.9479,0.0,0.0,0.0,0.0,Modelled destination drive-time isochrone from OpenStreetMap road-network data; not an observed customer-origin catchment and not live-traffic based
15,30,Al Barsha,45,Al Maqta,233.8045,222.8768,0.0,0.0,0.0,0.0,Modelled destination drive-time isochrone from OpenStreetMap road-network data; not an observed customer-origin catchment and not live-traffic based
15,30,Al Barsha,51,Al Taif Mall,233.8045,139.6888,0.0,0.0,0.0,0.0,Modelled destination drive-time isochrone from OpenStreetMap road-network data; not an observed customer-origin catchment and not live-traffic based
15,30,Al Barsha,36,Baniyas,233.8045,339.7174,0.0,0.0,0.0,0.0,Modelled destination drive-time isochrone from OpenStreetMap road-network data; not an observed customer-origin catchment and not live-traffic based
15,30,Al Barsha,38,Delma,233.8045,171.8725,0.0,0.0,0.0,0.0,Modelled destination drive-time isochrone from OpenStreetMap road-network data; not an observed customer-origin catchment and not live-traffic based
15,30,Al Barsha,32,Jumeirah Park,233.8045,187.3013,137.2875,58.7189,73.2977,48.3716,Modelled destination drive-time isochrone from OpenStreetMap road-network data; not an observed customer-origin catchment and not live-traffic based
15,30,Al Barsha,40,Khaleej Al Arabi,233.8045,162.5598,0.0,0.0,0.0,0.0,Modelled destination drive-time isochrone from OpenStreetMap road-network data; not an observed customer-origin catchment and not live-traffic based
15,30,Al Barsha,41,Khalifa City A,233.8045,203.6301,0.0,0.0,0.0,0.0,Modelled destination drive-time isochrone from OpenStreetMap road-network data; not an observed customer-origin catchment and not live-traffic based
15,30,Al Barsha,43,Ministries Complex,233.8045,210.5325,0.0,0.0,0.0,0.0,Modelled destination drive-time isochrone from OpenStreetMap road-network data; not an observed customer-origin catchment and not live-traffic based
15,30,Al Barsha,44,Mohammed Bin Zayed City,233.8045,222.5525,0.0,0.0,0.0,0.0,Modelled destination drive-time isochrone from OpenStreetMap road-network data; not an observed customer-origin catchment and not live-traffic based
15,30,Al Barsha,31,Nad Al Sheba,233.8045,250.0147,11.102,4.7484,4.4406,2.3486,Modelled destination drive-time isochrone from OpenStreetMap road-network data; not an observed customer-origin catchment and not live-traffic based
15,30,Al Barsha,52,Noya Plaza,233.8045,102.1934,0.0,0.0,0.0,0.0,Modelled destination drive-time isochrone from OpenStreetMap road-network data; not an observed customer-origin catchment and not live-traffic based
15,30,Al Barsha,48,Ras Al Khaimah,233.8045,212.073,0.0,0.0,0.0,0.0,Modelled destination drive-time isochrone from OpenStreetMap road-network data; not an observed customer-origin catchment and not live-traffic based
15,30,Al Barsha,35,Shahama,233.8045,219.1695,0.0,0.0,0.0,0.0,Modelled destination drive-time isochrone from OpenStreetMap road-network data; not an observed customer-origin catchment and not live-traffic based
15,30,Al Barsha,42,Shakhbout City,233.8045,344.9102,0.0,0.0,0.0,0.0,Modelled destination drive-time isochrone from OpenStreetMap road-network data; not an observed customer-origin catchment and not live-traffic based
15,30,Al Barsha,34,Westyas Branch,233.8045,143.3483,0.0,0.0,0.0,0.0,Modelled destination drive-time isochrone from OpenStreetMap road-network data; not an observed customer-origin catchment and not live-traffic based
15,30,Al Barsha,49,Zawaya Walk,233.8045,294.4264,0.0,0.0,0.0,0.0,Modelled destination drive-time isochrone from OpenStreetMap road-network data; not an observed customer-origin catchment and not live-traffic based
15,30,Al Barsha,47,Zayed International Airport,233.8045,142.2965,0.0,0.0,0.0,0.0,Modelled destination drive-time isochrone from OpenStreetMap road-network data; not an observed customer-origin catchment and not live-traffic based
15,46,Al Dhafra Branch,50,Al Jada,145.9349,217.9479,0.0,0.0,0.0,0.0,Modelled destination drive-time isochrone from OpenStreetMap road-network data; not an observed customer-origin catchment and not live-traffic based
15,46,Al Dhafra Branch,51,Al Taif Mall,145.9349,139.6888,0.0,0.0,0.0,0.0,Modelled destination drive-time isochrone from OpenStreetMap road-network data; not an observed customer-origin catchment and not live-traffic based
15,46,Al Dhafra Branch,52,Noya Plaza,145.9349,102.1934,0.0,0.0,0.0,0.0,Modelled destination drive-time isochrone from OpenStreetMap road-network data; not an observed customer-origin catchment and not live-traffic based
15,46,Al Dhafra Branch,48,Ras Al Khaimah,145.9349,212.073,0.0,0.0,0.0,0.0,Modelled destination drive-time isochrone from OpenStreetMap road-network data; not an observed customer-origin catchment and not live-traffic based
15,46,Al Dhafra Branch,49,Zawaya Walk,145.9349,294.4264,0.0,0.0,0.0,0.0,Modelled destination drive-time isochrone from OpenStreetMap road-network data; not an observed customer-origin catchment and not live-traffic based
15,46,Al Dhafra Branch,47,Zayed International Airport,145.9349,142.2965,0.0,0.0,0.0,0.0,Modelled destination drive-time isochrone from OpenStreetMap road-network data; not an observed customer-origin catchment and not live-traffic based
15,39,Al Falah,46,Al Dhafra Branch,108.097,145.9349,0.0,0.0,0.0,0.0,Modelled destination drive-time isochrone from OpenStreetMap road-network data; not an observed customer-origin catchment and not live-traffic based
15,39,Al Falah,50,Al Jada,108.097,217.9479,0.0,0.0,0.0,0.0,Modelled destination drive-time isochrone from OpenStreetMap road-network data; not an observed customer-origin catchment and not live-traffic based
15,39,Al Falah,45,Al Maqta,108.097,222.8768,3.0025,2.7776,1.3471,0.9155,Modelled destination drive-time isochrone from OpenStreetMap road-network data; not an observed customer-origin catchment and not live-traffic based
15,39,Al Falah,51,Al Taif Mall,108.097,139.6888,0.0,0.0,0.0,0.0,Modelled destination drive-time isochrone from OpenStreetMap road-network data; not an observed customer-origin catchment and not live-traffic based
15,39,Al Falah,40,Khaleej Al Arabi,108.097,162.5598,0.0,0.0,0.0,0.0,Modelled destination drive-time isochrone from OpenStreetMap road-network data; not an observed customer-origin catchment and not live-traffic based
15,39,Al Falah,41,Khalifa City A,108.097,203.6301,10.7495,9.9443,5.2789,3.5715,Modelled destination drive-time isochrone from OpenStreetMap road-network data; not an observed customer-origin catchment and not live-traffic based
15,39,Al Falah,43,Ministries Complex,108.097,210.5325,0.6657,0.6159,0.3162,0.2094,Modelled destination drive-time isochrone from OpenStreetMap road-network data; not an observed customer-origin catchment and not live-traffic based
15,39,Al Falah,44,Mohammed Bin Zayed City,108.097,222.5525,0.7142,0.6607,0.3209,0.2165,Modelled destination drive-time isochrone from OpenStreetMap road-network data; not an observed customer-origin catchment and not live-traffic based
15,39,Al Falah,52,Noya Plaza,108.097,102.1934,8.3385,7.7139,8.1595,4.1289,Modelled destination drive-time isochrone from OpenStreetMap road-network data; not an observed customer-origin catchment and not live-traffic based
15,39,Al Falah,48,Ras Al Khaimah,108.097,212.073,0.0,0.0,0.0,0.0,Modelled destination drive-time isochrone from OpenStreetMap road-network data; not an observed customer-origin catchment and not live-traffic based
15,39,Al Falah,42,Shakhbout City,108.097,344.9102,38.3351,35.4636,11.1145,9.2447,Modelled destination drive-time isochrone from OpenStreetMap road-network data; not an observed customer-origin catchment and not live-traffic based
15,39,Al Falah,49,Zawaya Walk,108.097,294.4264,0.0,0.0,0.0,0.0,Modelled destination drive-time isochrone from OpenStreetMap road-network data; not an observed customer-origin catchment and not live-traffic based
15,39,Al Falah,47,Zayed International Airport,108.097,142.2965,8.8023,8.143,6.1859,3.6435,Modelled destination drive-time isochrone from OpenStreetMap road-network data; not an observed customer-origin catchment and not live-traffic based
15,50,Al Jada,51,Al Taif Mall,217.9479,139.6888,0.0,0.0,0.0,0.0,Modelled destination drive-time isochrone from OpenStreetMap road-network data; not an observed customer-origin catchment and not live-traffic based
15,50,Al Jada,52,Noya Plaza,217.9479,102.1934,0.0,0.0,0.0,0.0,Modelled destination drive-time isochrone from OpenStreetMap road-network data; not an observed customer-origin catchment and not live-traffic based
15,45,Al Maqta,46,Al Dhafra Branch,222.8768,145.9349,0.0,0.0,0.0,0.0,Modelled destination drive-time isochrone from OpenStreetMap road-network data; not an observed customer-origin catchment and not live-traffic based
15,45,Al Maqta,50,Al Jada,222.8768,217.9479,0.0,0.0,0.0,0.0,Modelled destination drive-time isochrone from OpenStreetMap road-network data; not an observed customer-origin catchment and not live-traffic based
15,45,Al Maqta,51,Al Taif Mall,222.8768,139.6888,0.0,0.0,0.0,0.0,Modelled destination drive-time isochrone from OpenStreetMap road-network data; not an observed customer-origin catchment and not live-traffic based
15,45,Al Maqta,52,Noya Plaza,222.8768,102.1934,9.5453,4.2828,9.3404,3.0252,Modelled destination drive-time isochrone from OpenStreetMap road-network data; not an observed customer-origin catchment and not live-traffic based
15,45,Al Maqta,48,Ras Al Khaimah,222.8768,212.073,0.0,0.0,0.0,0.0,Modelled destination drive-time isochrone from OpenStreetMap road-network data; not an observed customer-origin catchment and not live-traffic based
15,45,Al Maqta,49,Zawaya Walk,222.8768,294.4264,0.0,0.0,0.0,0.0,Modelled destination drive-time isochrone from OpenStreetMap road-network data; not an observed customer-origin catchment and not live-traffic based
15,45,Al Maqta,47,Zayed International Airport,222.8768,142.2965,57.7058,25.8913,40.5532,18.7681,Modelled destination drive-time isochrone from OpenStreetMap road-network data; not an observed customer-origin catchment and not live-traffic based
15,51,Al Taif Mall,52,Noya Plaza,139.6888,102.1934,0.0,0.0,0.0,0.0,Modelled destination drive-time isochrone from OpenStreetMap road-network data; not an observed customer-origin catchment and not live-traffic based
15,36,Baniyas,37,Al Ain,339.7174,261.882,0.0,0.0,0.0,0.0,Modelled destination drive-time isochrone from OpenStreetMap road-network data; not an observed customer-origin catchment and not live-traffic based
15,36,Baniyas,46,Al Dhafra Branch,339.7174,145.9349,0.0,0.0,0.0,0.0,Modelled destination drive-time isochrone from OpenStreetMap road-network data; not an observed customer-origin catchment and not live-traffic based
15,36,Baniyas,39,Al Falah,339.7174,108.097,5.0766,1.4944,4.6963,1.1466,Modelled destination drive-time isochrone from OpenStreetMap road-network data; not an observed customer-origin catchment and not live-traffic based
15,36,Baniyas,50,Al Jada,339.7174,217.9479,0.0,0.0,0.0,0.0,Modelled destination drive-time isochrone from OpenStreetMap road-network data; not an observed customer-origin catchment and not live-traffic based
15,36,Baniyas,45,Al Maqta,339.7174,222.8768,70.1661,20.6543,31.482,14.249,Modelled destination drive-time isochrone from OpenStreetMap road-network data; not an observed customer-origin catchment and not live-traffic based
15,36,Baniyas,51,Al Taif Mall,339.7174,139.6888,0.0,0.0,0.0,0.0,Modelled destination drive-time isochrone from OpenStreetMap road-network data; not an observed customer-origin catchment and not live-traffic based
15,36,Baniyas,38,Delma,339.7174,171.8725,18.0187,5.304,10.4838,3.6507,Modelled destination drive-time isochrone from OpenStreetMap road-network data; not an observed customer-origin catchment and not live-traffic based
15,36,Baniyas,40,Khaleej Al Arabi,339.7174,162.5598,21.8438,6.43,13.4374,4.5467,Modelled destination drive-time isochrone from OpenStreetMap road-network data; not an observed customer-origin catchment and not live-traffic based
15,36,Baniyas,41,Khalifa City A,339.7174,203.6301,22.0679,6.496,10.8373,4.2334,Modelled destination drive-time isochrone from OpenStreetMap road-network data; not an observed customer-origin catchment and not live-traffic based
15,36,Baniyas,43,Ministries Complex,339.7174,210.5325,47.0766,13.8576,22.3607,9.3559,Modelled destination drive-time isochrone from OpenStreetMap road-network data; not an observed customer-origin catchment and not live-traffic based
15,36,Baniyas,44,Mohammed Bin Zayed City,339.7174,222.5525,127.6168,37.5656,57.3423,29.3606,Modelled destination drive-time isochrone from OpenStreetMap road-network data; not an observed customer-origin catchment and not live-traffic based
15,36,Baniyas,52,Noya Plaza,339.7174,102.1934,1.2412,0.3654,1.2145,0.2817,Modelled destination drive-time isochrone from OpenStreetMap road-network data; not an observed customer-origin catchment and not live-traffic based
15,36,Baniyas,48,Ras Al Khaimah,339.7174,212.073,0.0,0.0,0.0,0.0,Modelled destination drive-time isochrone from OpenStreetMap road-network data; not an observed customer-origin catchment and not live-traffic based
15,36,Baniyas,42,Shakhbout City,339.7174,344.9102,244.0969,71.8529,70.7711,55.4097,Modelled destination drive-time isochrone from OpenStreetMap road-network data; not an observed customer-origin catchment and not live-traffic based
15,36,Baniyas,49,Zawaya Walk,339.7174,294.4264,0.0,0.0,0.0,0.0,Modelled destination drive-time isochrone from OpenStreetMap road-network data; not an observed customer-origin catchment and not live-traffic based
15,36,Baniyas,47,Zayed International Airport,339.7174,142.2965,8.9093,2.6225,6.2611,1.8831,Modelled destination drive-time isochrone from OpenStreetMap road-network data; not an observed customer-origin catchment and not live-traffic based
15,28,City Walk,37,Al Ain,152.5416,261.882,0.0,0.0,0.0,0.0,Modelled destination drive-time isochrone from OpenStreetMap road-network data; not an observed customer-origin catchment and not live-traffic based
15,28,City Walk,30,Al Barsha,152.5416,233.8045,71.4873,46.8641,30.5757,22.7046,Modelled destination drive-time isochrone from OpenStreetMap road-network data; not an observed customer-origin catchment and not live-traffic based
15,28,City Walk,46,Al Dhafra Branch,152.5416,145.9349,0.0,0.0,0.0,0.0,Modelled destination drive-time isochrone from OpenStreetMap road-network data; not an observed customer-origin catchment and not live-traffic based
15,28,City Walk,39,Al Falah,152.5416,108.097,0.0,0.0,0.0,0.0,Modelled destination drive-time isochrone from OpenStreetMap road-network data; not an observed customer-origin catchment and not live-traffic based
15,28,City Walk,50,Al Jada,152.5416,217.9479,0.0,0.0,0.0,0.0,Modelled destination drive-time isochrone from OpenStreetMap road-network data; not an observed customer-origin catchment and not live-traffic based
15,28,City Walk,45,Al Maqta,152.5416,222.8768,0.0,0.0,0.0,0.0,Modelled destination drive-time isochrone from OpenStreetMap road-network data; not an observed customer-origin catchment and not live-traffic based
15,28,City Walk,51,Al Taif Mall,152.5416,139.6888,0.0,0.0,0.0,0.0,Modelled destination drive-time isochrone from OpenStreetMap road-network data; not an observed customer-origin catchment and not live-traffic based
15,28,City Walk,36,Baniyas,152.5416,339.7174,0.0,0.0,0.0,0.0,Modelled destination drive-time isochrone from OpenStreetMap road-network data; not an observed customer-origin catchment and not live-traffic based
15,28,City Walk,38,Delma,152.5416,171.8725,0.0,0.0,0.0,0.0,Modelled destination drive-time isochrone from OpenStreetMap road-network data; not an observed customer-origin catchment and not live-traffic based
15,28,City Walk,32,Jumeirah Park,152.5416,187.3013,8.4644,5.5489,4.5191,2.5543,Modelled destination drive-time isochrone from OpenStreetMap road-network data; not an observed customer-origin catchment and not live-traffic based
15,28,City Walk,40,Khaleej Al Arabi,152.5416,162.5598,0.0,0.0,0.0,0.0,Modelled destination drive-time isochrone from OpenStreetMap road-network data; not an observed customer-origin catchment and not live-traffic based
15,28,City Walk,41,Khalifa City A,152.5416,203.6301,0.0,0.0,0.0,0.0,Modelled destination drive-time isochrone from OpenStreetMap road-network data; not an observed customer-origin catchment and not live-traffic based
15,28,City Walk,43,Ministries Complex,152.5416,210.5325,0.0,0.0,0.0,0.0,Modelled destination drive-time isochrone from OpenStreetMap road-network data; not an observed customer-origin catchment and not live-traffic based
15,28,City Walk,29,Mirdif 35,152.5416,275.7556,22.7735,14.9294,8.2586,5.6158,Modelled destination drive-time isochrone from OpenStreetMap road-network data; not an observed customer-origin catchment and not live-traffic based
15,28,City Walk,44,Mohammed Bin Zayed City,152.5416,222.5525,0.0,0.0,0.0,0.0,Modelled destination drive-time isochrone from OpenStreetMap road-network data; not an observed customer-origin catchment and not live-traffic based
15,28,City Walk,31,Nad Al Sheba,152.5416,250.0147,36.4517,23.8962,14.5798,9.9566,Modelled destination drive-time isochrone from OpenStreetMap road-network data; not an observed customer-origin catchment and not live-traffic based
15,28,City Walk,52,Noya Plaza,152.5416,102.1934,0.0,0.0,0.0,0.0,Modelled destination drive-time isochrone from OpenStreetMap road-network data; not an observed customer-origin catchment and not live-traffic based
15,28,City Walk,48,Ras Al Khaimah,152.5416,212.073,0.0,0.0,0.0,0.0,Modelled destination drive-time isochrone from OpenStreetMap road-network data; not an observed customer-origin catchment and not live-traffic based
15,28,City Walk,35,Shahama,152.5416,219.1695,0.0,0.0,0.0,0.0,Modelled destination drive-time isochrone from OpenStreetMap road-network data; not an observed customer-origin catchment and not live-traffic based
15,28,City Walk,42,Shakhbout City,152.5416,344.9102,0.0,0.0,0.0,0.0,Modelled destination drive-time isochrone from OpenStreetMap road-network data; not an observed customer-origin catchment and not live-traffic based
15,28,City Walk,34,Westyas Branch,152.5416,143.3483,0.0,0.0,0.0,0.0,Modelled destination drive-time isochrone from OpenStreetMap road-network data; not an observed customer-origin catchment and not live-traffic based
15,28,City Walk,49,Zawaya Walk,152.5416,294.4264,0.02,0.0131,0.0068,0.0045,Modelled destination drive-time isochrone from OpenStreetMap road-network data; not an observed customer-origin catchment and not live-traffic based
15,28,City Walk,47,Zayed International Airport,152.5416,142.2965,0.0,0.0,0.0,0.0,Modelled destination drive-time isochrone from OpenStreetMap road-network data; not an observed customer-origin catchment and not live-traffic based
15,38,Delma,46,Al Dhafra Branch,171.8725,145.9349,0.0,0.0,0.0,0.0,Modelled destination drive-time isochrone from OpenStreetMap road-network data; not an observed customer-origin catchment and not live-traffic based
15,38,Delma,39,Al Falah,171.8725,108.097,0.0,0.0,0.0,0.0,Modelled destination drive-time isochrone from OpenStreetMap road-network data; not an observed customer-origin catchment and not live-traffic based
15,38,Delma,50,Al Jada,171.8725,217.9479,0.0,0.0,0.0,0.0,Modelled destination drive-time isochrone from OpenStreetMap road-network data; not an observed customer-origin catchment and not live-traffic based
15,38,Delma,45,Al Maqta,171.8725,222.8768,98.7625,57.4626,44.3126,33.3672,Modelled destination drive-time isochrone from OpenStreetMap road-network data; not an observed customer-origin catchment and not live-traffic based
15,38,Delma,51,Al Taif Mall,171.8725,139.6888,0.0,0.0,0.0,0.0,Modelled destination drive-time isochrone from OpenStreetMap road-network data; not an observed customer-origin catchment and not live-traffic based
15,38,Delma,40,Khaleej Al Arabi,171.8725,162.5598,154.2659,89.756,94.8979,85.6241,Modelled destination drive-time isochrone from OpenStreetMap road-network data; not an observed customer-origin catchment and not live-traffic based
15,38,Delma,41,Khalifa City A,171.8725,203.6301,35.4058,20.6,17.3873,10.4105,Modelled destination drive-time isochrone from OpenStreetMap road-network data; not an observed customer-origin catchment and not live-traffic based
15,38,Delma,43,Ministries Complex,171.8725,210.5325,133.4904,77.6683,63.4061,53.629,Modelled destination drive-time isochrone from OpenStreetMap road-network data; not an observed customer-origin catchment and not live-traffic based
15,38,Delma,44,Mohammed Bin Zayed City,171.8725,222.5525,45.8363,26.6688,20.5957,13.1491,Modelled destination drive-time isochrone from OpenStreetMap road-network data; not an observed customer-origin catchment and not live-traffic based
15,38,Delma,52,Noya Plaza,171.8725,102.1934,2.0685,1.2035,2.0241,0.7605,Modelled destination drive-time isochrone from OpenStreetMap road-network data; not an observed customer-origin catchment and not live-traffic based
15,38,Delma,48,Ras Al Khaimah,171.8725,212.073,0.0,0.0,0.0,0.0,Modelled destination drive-time isochrone from OpenStreetMap road-network data; not an observed customer-origin catchment and not live-traffic based
15,38,Delma,42,Shakhbout City,171.8725,344.9102,13.6804,7.9596,3.9664,2.7192,Modelled destination drive-time isochrone from OpenStreetMap road-network data; not an observed customer-origin catchment and not live-traffic based
15,38,Delma,49,Zawaya Walk,171.8725,294.4264,0.0,0.0,0.0,0.0,Modelled destination drive-time isochrone from OpenStreetMap road-network data; not an observed customer-origin catchment and not live-traffic based
15,38,Delma,47,Zayed International Airport,171.8725,142.2965,17.0752,9.9348,11.9998,5.7474,Modelled destination drive-time isochrone from OpenStreetMap road-network data; not an observed customer-origin catchment and not live-traffic based
15,32,Jumeirah Park,37,Al Ain,187.3013,261.882,0.0,0.0,0.0,0.0,Modelled destination drive-time isochrone from OpenStreetMap road-network data; not an observed customer-origin catchment and not live-traffic based
15,32,Jumeirah Park,46,Al Dhafra Branch,187.3013,145.9349,0.0,0.0,0.0,0.0,Modelled destination drive-time isochrone from OpenStreetMap road-network data; not an observed customer-origin catchment and not live-traffic based
15,32,Jumeirah Park,39,Al Falah,187.3013,108.097,0.0,0.0,0.0,0.0,Modelled destination drive-time isochrone from OpenStreetMap road-network data; not an observed customer-origin catchment and not live-traffic based
15,32,Jumeirah Park,50,Al Jada,187.3013,217.9479,0.0,0.0,0.0,0.0,Modelled destination drive-time isochrone from OpenStreetMap road-network data; not an observed customer-origin catchment and not live-traffic based
15,32,Jumeirah Park,45,Al Maqta,187.3013,222.8768,0.0,0.0,0.0,0.0,Modelled destination drive-time isochrone from OpenStreetMap road-network data; not an observed customer-origin catchment and not live-traffic based
15,32,Jumeirah Park,51,Al Taif Mall,187.3013,139.6888,0.0,0.0,0.0,0.0,Modelled destination drive-time isochrone from OpenStreetMap road-network data; not an observed customer-origin catchment and not live-traffic based
15,32,Jumeirah Park,36,Baniyas,187.3013,339.7174,0.0,0.0,0.0,0.0,Modelled destination drive-time isochrone from OpenStreetMap road-network data; not an observed customer-origin catchment and not live-traffic based
15,32,Jumeirah Park,38,Delma,187.3013,171.8725,0.0,0.0,0.0,0.0,Modelled destination drive-time isochrone from OpenStreetMap road-network data; not an observed customer-origin catchment and not live-traffic based
15,32,Jumeirah Park,40,Khaleej Al Arabi,187.3013,162.5598,0.0,0.0,0.0,0.0,Modelled destination drive-time isochrone from OpenStreetMap road-network data; not an observed customer-origin catchment and not live-traffic based
15,32,Jumeirah Park,41,Khalifa City A,187.3013,203.6301,0.0,0.0,0.0,0.0,Modelled destination drive-time isochrone from OpenStreetMap road-network data; not an observed customer-origin catchment and not live-traffic based
15,32,Jumeirah Park,43,Ministries Complex,187.3013,210.5325,0.0,0.0,0.0,0.0,Modelled destination drive-time isochrone from OpenStreetMap road-network data; not an observed customer-origin catchment and not live-traffic based
15,32,Jumeirah Park,44,Mohammed Bin Zayed City,187.3013,222.5525,0.0,0.0,0.0,0.0,Modelled destination drive-time isochrone from OpenStreetMap road-network data; not an observed customer-origin catchment and not live-traffic based
15,32,Jumeirah Park,52,Noya Plaza,187.3013,102.1934,0.0,0.0,0.0,0.0,Modelled destination drive-time isochrone from OpenStreetMap road-network data; not an observed customer-origin catchment and not live-traffic based
15,32,Jumeirah Park,48,Ras Al Khaimah,187.3013,212.073,0.0,0.0,0.0,0.0,Modelled destination drive-time isochrone from OpenStreetMap road-network data; not an observed customer-origin catchment and not live-traffic based
15,32,Jumeirah Park,35,Shahama,187.3013,219.1695,0.0,0.0,0.0,0.0,Modelled destination drive-time isochrone from OpenStreetMap road-network data; not an observed customer-origin catchment and not live-traffic based
15,32,Jumeirah Park,42,Shakhbout City,187.3013,344.9102,0.0,0.0,0.0,0.0,Modelled destination drive-time isochrone from OpenStreetMap road-network data; not an observed customer-origin catchment and not live-traffic based
15,32,Jumeirah Park,34,Westyas Branch,187.3013,143.3483,0.0,0.0,0.0,0.0,Modelled destination drive-time isochrone from OpenStreetMap road-network data; not an observed customer-origin catchment and not live-traffic based
15,32,Jumeirah Park,49,Zawaya Walk,187.3013,294.4264,0.0,0.0,0.0,0.0,Modelled destination drive-time isochrone from OpenStreetMap road-network data; not an observed customer-origin catchment and not live-traffic based
15,32,Jumeirah Park,47,Zayed International Airport,187.3013,142.2965,0.0,0.0,0.0,0.0,Modelled destination drive-time isochrone from OpenStreetMap road-network data; not an observed customer-origin catchment and not live-traffic based
15,40,Khaleej Al Arabi,46,Al Dhafra Branch,162.5598,145.9349,0.0,0.0,0.0,0.0,Modelled destination drive-time isochrone from OpenStreetMap road-network data; not an observed customer-origin catchment and not live-traffic based
15,40,Khaleej Al Arabi,50,Al Jada,162.5598,217.9479,0.0,0.0,0.0,0.0,Modelled destination drive-time isochrone from OpenStreetMap road-network data; not an observed customer-origin catchment and not live-traffic based
15,40,Khaleej Al Arabi,45,Al Maqta,162.5598,222.8768,99.7554,61.3654,44.7581,34.9184,Modelled destination drive-time isochrone from OpenStreetMap road-network data; not an observed customer-origin catchment and not live-traffic based
15,40,Khaleej Al Arabi,51,Al Taif Mall,162.5598,139.6888,0.0,0.0,0.0,0.0,Modelled destination drive-time isochrone from OpenStreetMap road-network data; not an observed customer-origin catchment and not live-traffic based
15,40,Khaleej Al Arabi,41,Khalifa City A,162.5598,203.6301,35.8568,22.0576,17.6088,10.8547,Modelled destination drive-time isochrone from OpenStreetMap road-network data; not an observed customer-origin catchment and not live-traffic based
15,40,Khaleej Al Arabi,43,Ministries Complex,162.5598,210.5325,134.4439,82.7043,63.859,56.3356,Modelled destination drive-time isochrone from OpenStreetMap road-network data; not an observed customer-origin catchment and not live-traffic based
15,40,Khaleej Al Arabi,44,Mohammed Bin Zayed City,162.5598,222.5525,48.6746,29.9426,21.8711,14.4676,Modelled destination drive-time isochrone from OpenStreetMap road-network data; not an observed customer-origin catchment and not live-traffic based
15,40,Khaleej Al Arabi,52,Noya Plaza,162.5598,102.1934,0.0,0.0,0.0,0.0,Modelled destination drive-time isochrone from OpenStreetMap road-network data; not an observed customer-origin catchment and not live-traffic based
15,40,Khaleej Al Arabi,48,Ras Al Khaimah,162.5598,212.073,0.0,0.0,0.0,0.0,Modelled destination drive-time isochrone from OpenStreetMap road-network data; not an observed customer-origin catchment and not live-traffic based
15,40,Khaleej Al Arabi,42,Shakhbout City,162.5598,344.9102,18.319,11.2691,5.3112,3.7451,Modelled destination drive-time isochrone from OpenStreetMap road-network data; not an observed customer-origin catchment and not live-traffic based
15,40,Khaleej Al Arabi,49,Zawaya Walk,162.5598,294.4264,0.0,0.0,0.0,0.0,Modelled destination drive-time isochrone from OpenStreetMap road-network data; not an observed customer-origin catchment and not live-traffic based
15,40,Khaleej Al Arabi,47,Zayed International Airport,162.5598,142.2965,14.9476,9.1951,10.5045,5.156,Modelled destination drive-time isochrone from OpenStreetMap road-network data; not an observed customer-origin catchment and not live-traffic based
15,41,Khalifa City A,46,Al Dhafra Branch,203.6301,145.9349,0.0,0.0,0.0,0.0,Modelled destination drive-time isochrone from OpenStreetMap road-network data; not an observed customer-origin catchment and not live-traffic based
15,41,Khalifa City A,50,Al Jada,203.6301,217.9479,0.0,0.0,0.0,0.0,Modelled destination drive-time isochrone from OpenStreetMap road-network data; not an observed customer-origin catchment and not live-traffic based
15,41,Khalifa City A,45,Al Maqta,203.6301,222.8768,92.9999,45.671,41.727,27.8854,Modelled destination drive-time isochrone from OpenStreetMap road-network data; not an observed customer-origin catchment and not live-traffic based
15,41,Khalifa City A,51,Al Taif Mall,203.6301,139.6888,0.0,0.0,0.0,0.0,Modelled destination drive-time isochrone from OpenStreetMap road-network data; not an observed customer-origin catchment and not live-traffic based
15,41,Khalifa City A,43,Ministries Complex,203.6301,210.5325,79.3281,38.957,37.6797,23.6917,Modelled destination drive-time isochrone from OpenStreetMap road-network data; not an observed customer-origin catchment and not live-traffic based
15,41,Khalifa City A,44,Mohammed Bin Zayed City,203.6301,222.5525,58.8697,28.9101,26.4521,16.0271,Modelled destination drive-time isochrone from OpenStreetMap road-network data; not an observed customer-origin catchment and not live-traffic based
15,41,Khalifa City A,52,Noya Plaza,203.6301,102.1934,85.9923,42.2297,84.1467,39.1174,Modelled destination drive-time isochrone from OpenStreetMap road-network data; not an observed customer-origin catchment and not live-traffic based
15,41,Khalifa City A,48,Ras Al Khaimah,203.6301,212.073,0.0,0.0,0.0,0.0,Modelled destination drive-time isochrone from OpenStreetMap road-network data; not an observed customer-origin catchment and not live-traffic based
15,41,Khalifa City A,42,Shakhbout City,203.6301,344.9102,65.8389,32.3326,19.0887,13.6397,Modelled destination drive-time isochrone from OpenStreetMap road-network data; not an observed customer-origin catchment and not live-traffic based
15,41,Khalifa City A,49,Zawaya Walk,203.6301,294.4264,0.0,0.0,0.0,0.0,Modelled destination drive-time isochrone from OpenStreetMap road-network data; not an observed customer-origin catchment and not live-traffic based
15,41,Khalifa City A,47,Zayed International Airport,203.6301,142.2965,141.243,69.3626,99.2597,69.0056,Modelled destination drive-time isochrone from OpenStreetMap road-network data; not an observed customer-origin catchment and not live-traffic based
15,43,Ministries Complex,46,Al Dhafra Branch,210.5325,145.9349,0.0,0.0,0.0,0.0,Modelled destination drive-time isochrone from OpenStreetMap road-network data; not an observed customer-origin catchment and not live-traffic based
15,43,Ministries Complex,50,Al Jada,210.5325,217.9479,0.0,0.0,0.0,0.0,Modelled destination drive-time isochrone from OpenStreetMap road-network data; not an observed customer-origin catchment and not live-traffic based
15,43,Ministries Complex,45,Al Maqta,210.5325,222.8768,168.9164,80.2329,75.7891,63.8642,Modelled destination drive-time isochrone from OpenStreetMap road-network data; not an observed customer-origin catchment and not live-traffic based
15,43,Ministries Complex,51,Al Taif Mall,210.5325,139.6888,0.0,0.0,0.0,0.0,Modelled destination drive-time isochrone from OpenStreetMap road-network data; not an observed customer-origin catchment and not live-traffic based
15,43,Ministries Complex,44,Mohammed Bin Zayed City,210.5325,222.5525,103.6023,49.2097,46.5519,31.4439,Modelled destination drive-time isochrone from OpenStreetMap road-network data; not an observed customer-origin catchment and not live-traffic based
15,43,Ministries Complex,52,Noya Plaza,210.5325,102.1934,12.2614,5.824,11.9982,4.0808,Modelled destination drive-time isochrone from OpenStreetMap road-network data; not an observed customer-origin catchment and not live-traffic based
15,43,Ministries Complex,48,Ras Al Khaimah,210.5325,212.073,0.0,0.0,0.0,0.0,Modelled destination drive-time isochrone from OpenStreetMap road-network data; not an observed customer-origin catchment and not live-traffic based
15,43,Ministries Complex,49,Zawaya Walk,210.5325,294.4264,0.0,0.0,0.0,0.0,Modelled destination drive-time isochrone from OpenStreetMap road-network data; not an observed customer-origin catchment and not live-traffic based
15,43,Ministries Complex,47,Zayed International Airport,210.5325,142.2965,48.875,23.2149,34.3473,16.0797,Modelled destination drive-time isochrone from OpenStreetMap road-network data; not an observed customer-origin catchment and not live-traffic based
15,29,Mirdif 35,37,Al Ain,275.7556,261.882,0.0,0.0,0.0,0.0,Modelled destination drive-time isochrone from OpenStreetMap road-network data; not an observed customer-origin catchment and not live-traffic based
15,29,Mirdif 35,30,Al Barsha,275.7556,233.8045,0.9044,0.328,0.3868,0.1778,Modelled destination drive-time isochrone from OpenStreetMap road-network data; not an observed customer-origin catchment and not live-traffic based
15,29,Mirdif 35,46,Al Dhafra Branch,275.7556,145.9349,0.0,0.0,0.0,0.0,Modelled destination drive-time isochrone from OpenStreetMap road-network data; not an observed customer-origin catchment and not live-traffic based
15,29,Mirdif 35,39,Al Falah,275.7556,108.097,0.0,0.0,0.0,0.0,Modelled destination drive-time isochrone from OpenStreetMap road-network data; not an observed customer-origin catchment and not live-traffic based
15,29,Mirdif 35,50,Al Jada,275.7556,217.9479,51.1934,18.5648,23.4888,11.5689,Modelled destination drive-time isochrone from OpenStreetMap road-network data; not an observed customer-origin catchment and not live-traffic based
15,29,Mirdif 35,45,Al Maqta,275.7556,222.8768,0.0,0.0,0.0,0.0,Modelled destination drive-time isochrone from OpenStreetMap road-network data; not an observed customer-origin catchment and not live-traffic based
15,29,Mirdif 35,51,Al Taif Mall,275.7556,139.6888,0.0,0.0,0.0,0.0,Modelled destination drive-time isochrone from OpenStreetMap road-network data; not an observed customer-origin catchment and not live-traffic based
15,29,Mirdif 35,36,Baniyas,275.7556,339.7174,0.0,0.0,0.0,0.0,Modelled destination drive-time isochrone from OpenStreetMap road-network data; not an observed customer-origin catchment and not live-traffic based
15,29,Mirdif 35,38,Delma,275.7556,171.8725,0.0,0.0,0.0,0.0,Modelled destination drive-time isochrone from OpenStreetMap road-network data; not an observed customer-origin catchment and not live-traffic based
15,29,Mirdif 35,32,Jumeirah Park,275.7556,187.3013,0.0,0.0,0.0,0.0,Modelled destination drive-time isochrone from OpenStreetMap road-network data; not an observed customer-origin catchment and not live-traffic based
15,29,Mirdif 35,40,Khaleej Al Arabi,275.7556,162.5598,0.0,0.0,0.0,0.0,Modelled destination drive-time isochrone from OpenStreetMap road-network data; not an observed customer-origin catchment and not live-traffic based
15,29,Mirdif 35,41,Khalifa City A,275.7556,203.6301,0.0,0.0,0.0,0.0,Modelled destination drive-time isochrone from OpenStreetMap road-network data; not an observed customer-origin catchment and not live-traffic based
15,29,Mirdif 35,43,Ministries Complex,275.7556,210.5325,0.0,0.0,0.0,0.0,Modelled destination drive-time isochrone from OpenStreetMap road-network data; not an observed customer-origin catchment and not live-traffic based
15,29,Mirdif 35,44,Mohammed Bin Zayed City,275.7556,222.5525,0.0,0.0,0.0,0.0,Modelled destination drive-time isochrone from OpenStreetMap road-network data; not an observed customer-origin catchment and not live-traffic based
15,29,Mirdif 35,31,Nad Al Sheba,275.7556,250.0147,112.3568,40.7451,44.9401,27.1778,Modelled destination drive-time isochrone from OpenStreetMap road-network data; not an observed customer-origin catchment and not live-traffic based
15,29,Mirdif 35,52,Noya Plaza,275.7556,102.1934,0.0,0.0,0.0,0.0,Modelled destination drive-time isochrone from OpenStreetMap road-network data; not an observed customer-origin catchment and not live-traffic based
15,29,Mirdif 35,48,Ras Al Khaimah,275.7556,212.073,0.0,0.0,0.0,0.0,Modelled destination drive-time isochrone from OpenStreetMap road-network data; not an observed customer-origin catchment and not live-traffic based
15,29,Mirdif 35,35,Shahama,275.7556,219.1695,0.0,0.0,0.0,0.0,Modelled destination drive-time isochrone from OpenStreetMap road-network data; not an observed customer-origin catchment and not live-traffic based
15,29,Mirdif 35,42,Shakhbout City,275.7556,344.9102,0.0,0.0,0.0,0.0,Modelled destination drive-time isochrone from OpenStreetMap road-network data; not an observed customer-origin catchment and not live-traffic based
15,29,Mirdif 35,34,Westyas Branch,275.7556,143.3483,0.0,0.0,0.0,0.0,Modelled destination drive-time isochrone from OpenStreetMap road-network data; not an observed customer-origin catchment and not live-traffic based
15,29,Mirdif 35,49,Zawaya Walk,275.7556,294.4264,81.9238,29.7088,27.8249,16.7788,Modelled destination drive-time isochrone from OpenStreetMap road-network data; not an observed customer-origin catchment and not live-traffic based
15,29,Mirdif 35,47,Zayed International Airport,275.7556,142.2965,0.0,0.0,0.0,0.0,Modelled destination drive-time isochrone from OpenStreetMap road-network data; not an observed customer-origin catchment and not live-traffic based
15,44,Mohammed Bin Zayed City,46,Al Dhafra Branch,222.5525,145.9349,0.0,0.0,0.0,0.0,Modelled destination drive-time isochrone from OpenStreetMap road-network data; not an observed customer-origin catchment and not live-traffic based
15,44,Mohammed Bin Zayed City,50,Al Jada,222.5525,217.9479,0.0,0.0,0.0,0.0,Modelled destination drive-time isochrone from OpenStreetMap road-network data; not an observed customer-origin catchment and not live-traffic based
15,44,Mohammed Bin Zayed City,45,Al Maqta,222.5525,222.8768,137.679,61.8636,61.7736,44.7373,Modelled destination drive-time isochrone from OpenStreetMap road-network data; not an observed customer-origin catchment and not live-traffic based
15,44,Mohammed Bin Zayed City,51,Al Taif Mall,222.5525,139.6888,0.0,0.0,0.0,0.0,Modelled destination drive-time isochrone from OpenStreetMap road-network data; not an observed customer-origin catchment and not live-traffic based
15,44,Mohammed Bin Zayed City,52,Noya Plaza,222.5525,102.1934,0.3243,0.1457,0.3173,0.1,Modelled destination drive-time isochrone from OpenStreetMap road-network data; not an observed customer-origin catchment and not live-traffic based
15,44,Mohammed Bin Zayed City,48,Ras Al Khaimah,222.5525,212.073,0.0,0.0,0.0,0.0,Modelled destination drive-time isochrone from OpenStreetMap road-network data; not an observed customer-origin catchment and not live-traffic based
15,44,Mohammed Bin Zayed City,49,Zawaya Walk,222.5525,294.4264,0.0,0.0,0.0,0.0,Modelled destination drive-time isochrone from OpenStreetMap road-network data; not an observed customer-origin catchment and not live-traffic based
15,44,Mohammed Bin Zayed City,47,Zayed International Airport,222.5525,142.2965,30.1747,13.5585,21.2055,9.0161,Modelled destination drive-time isochrone from OpenStreetMap road-network data; not an observed customer-origin catchment and not live-traffic based
15,31,Nad Al Sheba,37,Al Ain,250.0147,261.882,0.0,0.0,0.0,0.0,Modelled destination drive-time isochrone from OpenStreetMap road-network data; not an observed customer-origin catchment and not live-traffic based
15,31,Nad Al Sheba,46,Al Dhafra Branch,250.0147,145.9349,0.0,0.0,0.0,0.0,Modelled destination drive-time isochrone from OpenStreetMap road-network data; not an observed customer-origin catchment and not live-traffic based
15,31,Nad Al Sheba,39,Al Falah,250.0147,108.097,0.0,0.0,0.0,0.0,Modelled destination drive-time isochrone from OpenStreetMap road-network data; not an observed customer-origin catchment and not live-traffic based
15,31,Nad Al Sheba,50,Al Jada,250.0147,217.9479,11.1108,4.4441,5.0979,2.432,Modelled destination drive-time isochrone from OpenStreetMap road-network data; not an observed customer-origin catchment and not live-traffic based
15,31,Nad Al Sheba,45,Al Maqta,250.0147,222.8768,0.0,0.0,0.0,0.0,Modelled destination drive-time isochrone from OpenStreetMap road-network data; not an observed customer-origin catchment and not live-traffic based
15,31,Nad Al Sheba,51,Al Taif Mall,250.0147,139.6888,0.0,0.0,0.0,0.0,Modelled destination drive-time isochrone from OpenStreetMap road-network data; not an observed customer-origin catchment and not live-traffic based
15,31,Nad Al Sheba,36,Baniyas,250.0147,339.7174,0.0,0.0,0.0,0.0,Modelled destination drive-time isochrone from OpenStreetMap road-network data; not an observed customer-origin catchment and not live-traffic based
15,31,Nad Al Sheba,38,Delma,250.0147,171.8725,0.0,0.0,0.0,0.0,Modelled destination drive-time isochrone from OpenStreetMap road-network data; not an observed customer-origin catchment and not live-traffic based
15,31,Nad Al Sheba,32,Jumeirah Park,250.0147,187.3013,2.9125,1.1649,1.555,0.6705,Modelled destination drive-time isochrone from OpenStreetMap road-network data; not an observed customer-origin catchment and not live-traffic based
15,31,Nad Al Sheba,40,Khaleej Al Arabi,250.0147,162.5598,0.0,0.0,0.0,0.0,Modelled destination drive-time isochrone from OpenStreetMap road-network data; not an observed customer-origin catchment and not live-traffic based
15,31,Nad Al Sheba,41,Khalifa City A,250.0147,203.6301,0.0,0.0,0.0,0.0,Modelled destination drive-time isochrone from OpenStreetMap road-network data; not an observed customer-origin catchment and not live-traffic based
15,31,Nad Al Sheba,43,Ministries Complex,250.0147,210.5325,0.0,0.0,0.0,0.0,Modelled destination drive-time isochrone from OpenStreetMap road-network data; not an observed customer-origin catchment and not live-traffic based
15,31,Nad Al Sheba,44,Mohammed Bin Zayed City,250.0147,222.5525,0.0,0.0,0.0,0.0,Modelled destination drive-time isochrone from OpenStreetMap road-network data; not an observed customer-origin catchment and not live-traffic based
15,31,Nad Al Sheba,52,Noya Plaza,250.0147,102.1934,0.0,0.0,0.0,0.0,Modelled destination drive-time isochrone from OpenStreetMap road-network data; not an observed customer-origin catchment and not live-traffic based
15,31,Nad Al Sheba,48,Ras Al Khaimah,250.0147,212.073,0.0,0.0,0.0,0.0,Modelled destination drive-time isochrone from OpenStreetMap road-network data; not an observed customer-origin catchment and not live-traffic based
15,31,Nad Al Sheba,35,Shahama,250.0147,219.1695,0.0,0.0,0.0,0.0,Modelled destination drive-time isochrone from OpenStreetMap road-network data; not an observed customer-origin catchment and not live-traffic based
15,31,Nad Al Sheba,42,Shakhbout City,250.0147,344.9102,0.0,0.0,0.0,0.0,Modelled destination drive-time isochrone from OpenStreetMap road-network data; not an observed customer-origin catchment and not live-traffic based
15,31,Nad Al Sheba,34,Westyas Branch,250.0147,143.3483,0.0,0.0,0.0,0.0,Modelled destination drive-time isochrone from OpenStreetMap road-network data; not an observed customer-origin catchment and not live-traffic based
15,31,Nad Al Sheba,49,Zawaya Walk,250.0147,294.4264,23.1089,9.243,7.8488,4.4327,Modelled destination drive-time isochrone from OpenStreetMap road-network data; not an observed customer-origin catchment and not live-traffic based
15,31,Nad Al Sheba,47,Zayed International Airport,250.0147,142.2965,0.0,0.0,0.0,0.0,Modelled destination drive-time isochrone from OpenStreetMap road-network data; not an observed customer-origin catchment and not live-traffic based
15,48,Ras Al Khaimah,50,Al Jada,212.073,217.9479,0.0,0.0,0.0,0.0,Modelled destination drive-time isochrone from OpenStreetMap road-network data; not an observed customer-origin catchment and not live-traffic based
15,48,Ras Al Khaimah,51,Al Taif Mall,212.073,139.6888,0.0,0.0,0.0,0.0,Modelled destination drive-time isochrone from OpenStreetMap road-network data; not an observed customer-origin catchment and not live-traffic based
15,48,Ras Al Khaimah,52,Noya Plaza,212.073,102.1934,0.0,0.0,0.0,0.0,Modelled destination drive-time isochrone from OpenStreetMap road-network data; not an observed customer-origin catchment and not live-traffic based
15,48,Ras Al Khaimah,49,Zawaya Walk,212.073,294.4264,0.0,0.0,0.0,0.0,Modelled destination drive-time isochrone from OpenStreetMap road-network data; not an observed customer-origin catchment and not live-traffic based
15,35,Shahama,37,Al Ain,219.1695,261.882,0.0,0.0,0.0,0.0,Modelled destination drive-time isochrone from OpenStreetMap road-network data; not an observed customer-origin catchment and not live-traffic based
15,35,Shahama,46,Al Dhafra Branch,219.1695,145.9349,0.0,0.0,0.0,0.0,Modelled destination drive-time isochrone from OpenStreetMap road-network data; not an observed customer-origin catchment and not live-traffic based
15,35,Shahama,39,Al Falah,219.1695,108.097,15.1985,6.9346,14.0601,4.8703,Modelled destination drive-time isochrone from OpenStreetMap road-network data; not an observed customer-origin catchment and not live-traffic based
15,35,Shahama,50,Al Jada,219.1695,217.9479,0.0,0.0,0.0,0.0,Modelled destination drive-time isochrone from OpenStreetMap road-network data; not an observed customer-origin catchment and not live-traffic based
15,35,Shahama,45,Al Maqta,219.1695,222.8768,13.2688,6.0541,5.9534,3.0946,Modelled destination drive-time isochrone from OpenStreetMap road-network data; not an observed customer-origin catchment and not live-traffic based
15,35,Shahama,51,Al Taif Mall,219.1695,139.6888,0.0,0.0,0.0,0.0,Modelled destination drive-time isochrone from OpenStreetMap road-network data; not an observed customer-origin catchment and not live-traffic based
15,35,Shahama,36,Baniyas,219.1695,339.7174,3.2361,1.4765,0.9526,0.5824,Modelled destination drive-time isochrone from OpenStreetMap road-network data; not an observed customer-origin catchment and not live-traffic based
15,35,Shahama,38,Delma,219.1695,171.8725,2.3804,1.0861,1.385,0.6125,Modelled destination drive-time isochrone from OpenStreetMap road-network data; not an observed customer-origin catchment and not live-traffic based
15,35,Shahama,40,Khaleej Al Arabi,219.1695,162.5598,0.2325,0.1061,0.143,0.0609,Modelled destination drive-time isochrone from OpenStreetMap road-network data; not an observed customer-origin catchment and not live-traffic based
15,35,Shahama,41,Khalifa City A,219.1695,203.6301,77.1687,35.2096,37.8965,22.3269,Modelled destination drive-time isochrone from OpenStreetMap road-network data; not an observed customer-origin catchment and not live-traffic based
15,35,Shahama,43,Ministries Complex,219.1695,210.5325,16.5876,7.5684,7.8789,4.0153,Modelled destination drive-time isochrone from OpenStreetMap road-network data; not an observed customer-origin catchment and not live-traffic based
15,35,Shahama,44,Mohammed Bin Zayed City,219.1695,222.5525,1.6641,0.7593,0.7477,0.3781,Modelled destination drive-time isochrone from OpenStreetMap road-network data; not an observed customer-origin catchment and not live-traffic based
15,35,Shahama,52,Noya Plaza,219.1695,102.1934,76.2941,34.8106,74.6566,31.1317,Modelled destination drive-time isochrone from OpenStreetMap road-network data; not an observed customer-origin catchment and not live-traffic based
15,35,Shahama,48,Ras Al Khaimah,219.1695,212.073,0.0,0.0,0.0,0.0,Modelled destination drive-time isochrone from OpenStreetMap road-network data; not an observed customer-origin catchment and not live-traffic based
15,35,Shahama,42,Shakhbout City,219.1695,344.9102,20.364,9.2914,5.9041,3.7453,Modelled destination drive-time isochrone from OpenStreetMap road-network data; not an observed customer-origin catchment and not live-traffic based
15,35,Shahama,49,Zawaya Walk,219.1695,294.4264,0.0,0.0,0.0,0.0,Modelled destination drive-time isochrone from OpenStreetMap road-network data; not an observed customer-origin catchment and not live-traffic based
15,35,Shahama,47,Zayed International Airport,219.1695,142.2965,73.9993,33.7635,52.0036,25.7419,Modelled destination drive-time isochrone from OpenStreetMap road-network data; not an observed customer-origin catchment and not live-traffic based
15,42,Shakhbout City,46,Al Dhafra Branch,344.9102,145.9349,0.0,0.0,0.0,0.0,Modelled destination drive-time isochrone from OpenStreetMap road-network data; not an observed customer-origin catchment and not live-traffic based
15,42,Shakhbout City,50,Al Jada,344.9102,217.9479,0.0,0.0,0.0,0.0,Modelled destination drive-time isochrone from OpenStreetMap road-network data; not an observed customer-origin catchment and not live-traffic based
15,42,Shakhbout City,45,Al Maqta,344.9102,222.8768,92.2864,26.7567,41.4069,19.4083,Modelled destination drive-time isochrone from OpenStreetMap road-network data; not an observed customer-origin catchment and not live-traffic based
15,42,Shakhbout City,51,Al Taif Mall,344.9102,139.6888,0.0,0.0,0.0,0.0,Modelled destination drive-time isochrone from OpenStreetMap road-network data; not an observed customer-origin catchment and not live-traffic based
15,42,Shakhbout City,43,Ministries Complex,344.9102,210.5325,58.8803,17.0712,27.9673,11.8576,Modelled destination drive-time isochrone from OpenStreetMap road-network data; not an observed customer-origin catchment and not live-traffic based
15,42,Shakhbout City,44,Mohammed Bin Zayed City,344.9102,222.5525,135.7292,39.352,60.9875,31.4382,Modelled destination drive-time isochrone from OpenStreetMap road-network data; not an observed customer-origin catchment and not live-traffic based
15,42,Shakhbout City,52,Noya Plaza,344.9102,102.1934,17.5345,5.0838,17.1582,4.0819,Modelled destination drive-time isochrone from OpenStreetMap road-network data; not an observed customer-origin catchment and not live-traffic based
15,42,Shakhbout City,48,Ras Al Khaimah,344.9102,212.073,0.0,0.0,0.0,0.0,Modelled destination drive-time isochrone from OpenStreetMap road-network data; not an observed customer-origin catchment and not live-traffic based
15,42,Shakhbout City,49,Zawaya Walk,344.9102,294.4264,0.0,0.0,0.0,0.0,Modelled destination drive-time isochrone from OpenStreetMap road-network data; not an observed customer-origin catchment and not live-traffic based
15,42,Shakhbout City,47,Zayed International Airport,344.9102,142.2965,40.903,11.859,28.7449,9.1648,Modelled destination drive-time isochrone from OpenStreetMap road-network data; not an observed customer-origin catchment and not live-traffic based
15,34,Westyas Branch,37,Al Ain,143.3483,261.882,0.0,0.0,0.0,0.0,Modelled destination drive-time isochrone from OpenStreetMap road-network data; not an observed customer-origin catchment and not live-traffic based
15,34,Westyas Branch,46,Al Dhafra Branch,143.3483,145.9349,0.0,0.0,0.0,0.0,Modelled destination drive-time isochrone from OpenStreetMap road-network data; not an observed customer-origin catchment and not live-traffic based
15,34,Westyas Branch,39,Al Falah,143.3483,108.097,10.6808,7.451,9.8808,4.4362,Modelled destination drive-time isochrone from OpenStreetMap road-network data; not an observed customer-origin catchment and not live-traffic based
15,34,Westyas Branch,50,Al Jada,143.3483,217.9479,0.0,0.0,0.0,0.0,Modelled destination drive-time isochrone from OpenStreetMap road-network data; not an observed customer-origin catchment and not live-traffic based
15,34,Westyas Branch,45,Al Maqta,143.3483,222.8768,12.821,8.9439,5.7525,3.6278,Modelled destination drive-time isochrone from OpenStreetMap road-network data; not an observed customer-origin catchment and not live-traffic based
15,34,Westyas Branch,51,Al Taif Mall,143.3483,139.6888,0.0,0.0,0.0,0.0,Modelled destination drive-time isochrone from OpenStreetMap road-network data; not an observed customer-origin catchment and not live-traffic based
15,34,Westyas Branch,36,Baniyas,143.3483,339.7174,1.9816,1.3824,0.5833,0.4119,Modelled destination drive-time isochrone from OpenStreetMap road-network data; not an observed customer-origin catchment and not live-traffic based
15,34,Westyas Branch,38,Delma,143.3483,171.8725,14.914,10.404,8.6774,4.9663,Modelled destination drive-time isochrone from OpenStreetMap road-network data; not an observed customer-origin catchment and not live-traffic based
15,34,Westyas Branch,40,Khaleej Al Arabi,143.3483,162.5598,5.1737,3.6091,3.1826,1.7203,Modelled destination drive-time isochrone from OpenStreetMap road-network data; not an observed customer-origin catchment and not live-traffic based
15,34,Westyas Branch,41,Khalifa City A,143.3483,203.6301,90.1155,62.8647,44.2545,35.0831,Modelled destination drive-time isochrone from OpenStreetMap road-network data; not an observed customer-origin catchment and not live-traffic based
15,34,Westyas Branch,43,Ministries Complex,143.3483,210.5325,17.2724,12.0493,8.2042,5.1313,Modelled destination drive-time isochrone from OpenStreetMap road-network data; not an observed customer-origin catchment and not live-traffic based
15,34,Westyas Branch,44,Mohammed Bin Zayed City,143.3483,222.5525,1.633,1.1392,0.7338,0.4483,Modelled destination drive-time isochrone from OpenStreetMap road-network data; not an observed customer-origin catchment and not live-traffic based
15,34,Westyas Branch,52,Noya Plaza,143.3483,102.1934,100.7367,70.2741,98.5746,69.5672,Modelled destination drive-time isochrone from OpenStreetMap road-network data; not an observed customer-origin catchment and not live-traffic based
15,34,Westyas Branch,48,Ras Al Khaimah,143.3483,212.073,0.0,0.0,0.0,0.0,Modelled destination drive-time isochrone from OpenStreetMap road-network data; not an observed customer-origin catchment and not live-traffic based
15,34,Westyas Branch,35,Shahama,143.3483,219.1695,88.0382,61.4156,40.169,32.0746,Modelled destination drive-time isochrone from OpenStreetMap road-network data; not an observed customer-origin catchment and not live-traffic based
15,34,Westyas Branch,42,Shakhbout City,143.3483,344.9102,18.3552,12.8046,5.3217,3.9062,Modelled destination drive-time isochrone from OpenStreetMap road-network data; not an observed customer-origin catchment and not live-traffic based
15,34,Westyas Branch,49,Zawaya Walk,143.3483,294.4264,0.0,0.0,0.0,0.0,Modelled destination drive-time isochrone from OpenStreetMap road-network data; not an observed customer-origin catchment and not live-traffic based
15,34,Westyas Branch,47,Zayed International Airport,143.3483,142.2965,87.8362,61.2747,61.7276,44.4047,Modelled destination drive-time isochrone from OpenStreetMap road-network data; not an observed customer-origin catchment and not live-traffic based
15,49,Zawaya Walk,50,Al Jada,294.4264,217.9479,213.205,72.4137,97.8238,71.2656,Modelled destination drive-time isochrone from OpenStreetMap road-network data; not an observed customer-origin catchment and not live-traffic based
15,49,Zawaya Walk,51,Al Taif Mall,294.4264,139.6888,0.0,0.0,0.0,0.0,Modelled destination drive-time isochrone from OpenStreetMap road-network data; not an observed customer-origin catchment and not live-traffic based
15,49,Zawaya Walk,52,Noya Plaza,294.4264,102.1934,0.0,0.0,0.0,0.0,Modelled destination drive-time isochrone from OpenStreetMap road-network data; not an observed customer-origin catchment and not live-traffic based
15,47,Zayed International Airport,50,Al Jada,142.2965,217.9479,0.0,0.0,0.0,0.0,Modelled destination drive-time isochrone from OpenStreetMap road-network data; not an observed customer-origin catchment and not live-traffic based
15,47,Zayed International Airport,51,Al Taif Mall,142.2965,139.6888,0.0,0.0,0.0,0.0,Modelled destination drive-time isochrone from OpenStreetMap road-network data; not an observed customer-origin catchment and not live-traffic based
15,47,Zayed International Airport,52,Noya Plaza,142.2965,102.1934,83.4617,58.6534,81.6704,51.8305,Modelled destination drive-time isochrone from OpenStreetMap road-network data; not an observed customer-origin catchment and not live-traffic based
15,47,Zayed International Airport,48,Ras Al Khaimah,142.2965,212.073,0.0,0.0,0.0,0.0,Modelled destination drive-time isochrone from OpenStreetMap road-network data; not an observed customer-origin catchment and not live-traffic based
15,47,Zayed International Airport,49,Zawaya Walk,142.2965,294.4264,0.0,0.0,0.0,0.0,Modelled destination drive-time isochrone from OpenStreetMap road-network data; not an observed customer-origin catchment and not live-traffic based
